regime,n,nb,ratio,skew,pc,kp,kvs,kv_big,kv_mean,t_mean_us,t_max_us,t_skew_us,alpha
pure,2,1,0.5,4.0,0,0,128,512,320,58.688,60.641,59.649,0.4921
pure,2,1,0.5,4.0,0,0,256,1024,640,60.671,63.232,62.08,0.5502
pure,2,1,0.5,4.0,0,0,512,2048,1280,65.026,71.009,68.355,0.5564
pure,2,1,0.5,4.0,0,0,1024,4096,2560,74.368,87.617,80.543,0.4661
pure,2,1,0.5,4.0,0,0,2048,8192,5120,97.312,130.625,109.024,0.3516
pure,2,1,0.5,4.0,0,0,4096,16384,10240,147.423,175.008,140.608,-0.2471
mixed,2,1,0.5,4.0,16,0,128,512,320,56.928,76.032,75.553,0.9749
mixed,2,1,0.5,4.0,16,0,256,1024,640,86.56,119.328,118.721,0.9815
mixed,2,1,0.5,4.0,16,0,512,2048,1280,140.703,205.216,205.185,0.9995
mixed,2,1,0.5,4.0,16,0,1024,4096,2560,248.482,378.72,378.593,0.999
mixed,2,1,0.5,4.0,16,0,2048,8192,5120,464.738,725.572,722.275,0.9874
mixed,2,1,0.5,4.0,16,0,4096,16384,10240,898.754,1422.661,1414.917,0.9852
mixed,2,1,0.5,4.0,16,512,128,512,320,77.088,79.232,76.768,-0.1493
mixed,2,1,0.5,4.0,16,512,256,1024,640,87.359,118.914,118.88,0.9989
mixed,2,1,0.5,4.0,16,512,512,2048,1280,141.024,205.728,205.666,0.999
mixed,2,1,0.5,4.0,16,512,1024,4096,2560,249.378,379.009,378.658,0.9973
mixed,2,1,0.5,4.0,16,512,2048,8192,5120,464.418,725.828,722.243,0.9863
mixed,2,1,0.5,4.0,16,512,4096,16384,10240,898.374,1422.469,1414.886,0.9855
mixed,2,1,0.5,4.0,16,1024,128,512,320,119.777,120.0,119.841,0.287
mixed,2,1,0.5,4.0,16,1024,256,1024,640,119.938,122.113,119.84,-0.0451
mixed,2,1,0.5,4.0,16,1024,512,2048,1280,140.577,205.601,205.504,0.9985
mixed,2,1,0.5,4.0,16,1024,1024,4096,2560,248.8,378.818,377.921,0.9931
mixed,2,1,0.5,4.0,16,1024,2048,8192,5120,464.771,725.893,722.787,0.9881
mixed,2,1,0.5,4.0,16,1024,4096,16384,10240,898.532,1422.374,1414.919,0.9858
mixed,2,1,0.5,4.0,16,2048,128,512,320,205.537,206.21,205.601,0.0951
mixed,2,1,0.5,4.0,16,2048,256,1024,640,206.113,206.081,206.145,
mixed,2,1,0.5,4.0,16,2048,512,2048,1280,206.145,208.641,206.145,0.0
mixed,2,1,0.5,4.0,16,2048,1024,4096,2560,248.801,378.72,378.593,0.999
mixed,2,1,0.5,4.0,16,2048,2048,8192,5120,464.707,726.179,722.53,0.986
mixed,2,1,0.5,4.0,16,2048,4096,16384,10240,898.436,1422.694,1415.079,0.9855
mixed,2,1,0.5,4.0,16,4096,128,512,320,378.144,378.402,378.146,0.0078
mixed,2,1,0.5,4.0,16,4096,256,1024,640,378.434,378.274,378.274,
mixed,2,1,0.5,4.0,16,4096,512,2048,1280,378.144,378.467,378.465,0.9938
mixed,2,1,0.5,4.0,16,4096,1024,4096,2560,378.56,380.227,379.106,0.3275
mixed,2,1,0.5,4.0,16,4096,2048,8192,5120,464.929,723.875,722.532,0.9948
mixed,2,1,0.5,4.0,16,4096,4096,16384,10240,897.283,1422.567,1415.337,0.9862
mixed,2,1,0.5,4.0,16,8192,128,512,320,725.794,725.955,725.761,-0.205
mixed,2,1,0.5,4.0,16,8192,256,1024,640,726.022,726.372,726.308,0.8171
mixed,2,1,0.5,4.0,16,8192,512,2048,1280,726.82,726.723,726.307,
mixed,2,1,0.5,4.0,16,8192,1024,4096,2560,726.404,726.561,726.275,-0.8217
mixed,2,1,0.5,4.0,16,8192,2048,8192,5120,726.53,726.564,726.211,-9.3824
mixed,2,1,0.5,4.0,16,8192,4096,16384,10240,897.092,1422.438,1415.302,0.9864
mixed,2,1,0.5,4.0,32,0,128,512,320,56.863,75.905,75.426,0.9748
mixed,2,1,0.5,4.0,32,0,256,1024,640,86.914,119.296,118.529,0.9763
mixed,2,1,0.5,4.0,32,0,512,2048,1280,141.056,205.664,205.506,0.9976
mixed,2,1,0.5,4.0,32,0,1024,4096,2560,248.512,378.336,377.793,0.9958
mixed,2,1,0.5,4.0,32,0,2048,8192,5120,464.195,725.442,721.731,0.9858
mixed,2,1,0.5,4.0,32,0,4096,16384,10240,898.374,1422.312,1414.436,0.985
mixed,2,1,0.5,4.0,32,512,128,512,320,77.184,78.976,77.633,0.2506
mixed,2,1,0.5,4.0,32,512,256,1024,640,87.105,119.104,118.817,0.991
mixed,2,1,0.5,4.0,32,512,512,2048,1280,140.801,205.344,205.378,1.0005
mixed,2,1,0.5,4.0,32,512,1024,4096,2560,248.961,378.53,378.209,0.9975
mixed,2,1,0.5,4.0,32,512,2048,8192,5120,464.706,725.732,722.016,0.9858
mixed,2,1,0.5,4.0,32,512,4096,16384,10240,897.924,1422.947,1414.599,0.9841
mixed,2,1,0.5,4.0,32,1024,128,512,320,120.256,121.089,120.0,-0.3073
mixed,2,1,0.5,4.0,32,1024,256,1024,640,120.64,121.985,120.512,-0.0952
mixed,2,1,0.5,4.0,32,1024,512,2048,1280,140.833,205.922,205.282,0.9902
mixed,2,1,0.5,4.0,32,1024,1024,4096,2560,248.833,378.533,378.465,0.9995
mixed,2,1,0.5,4.0,32,1024,2048,8192,5120,464.769,725.699,722.211,0.9866
mixed,2,1,0.5,4.0,32,1024,4096,16384,10240,898.115,1422.567,1414.217,0.9841
mixed,2,1,0.5,4.0,32,2048,128,512,320,206.434,206.531,206.753,3.2887
mixed,2,1,0.5,4.0,32,2048,256,1024,640,206.593,207.264,206.848,0.38
mixed,2,1,0.5,4.0,32,2048,512,2048,1280,207.105,208.161,206.849,-0.2424
mixed,2,1,0.5,4.0,32,2048,1024,4096,2560,248.738,378.657,378.24,0.9968
mixed,2,1,0.5,4.0,32,2048,2048,8192,5120,464.194,725.635,721.925,0.9858
mixed,2,1,0.5,4.0,32,2048,4096,16384,10240,898.214,1423.685,1414.247,0.982
mixed,2,1,0.5,4.0,32,4096,128,512,320,378.657,379.33,378.914,0.3819
mixed,2,1,0.5,4.0,32,4096,256,1024,640,379.105,379.202,379.235,1.3402
mixed,2,1,0.5,4.0,32,4096,512,2048,1280,379.302,379.264,379.713,
mixed,2,1,0.5,4.0,32,4096,1024,4096,2560,379.458,380.226,380.065,0.7904
mixed,2,1,0.5,4.0,32,4096,2048,8192,5120,464.771,724.004,721.732,0.9912
mixed,2,1,0.5,4.0,32,4096,4096,16384,10240,898.211,1423.237,1414.441,0.9832
mixed,2,1,0.5,4.0,32,8192,128,512,320,725.924,726.597,726.466,0.8053
mixed,2,1,0.5,4.0,32,8192,256,1024,640,726.693,726.211,726.212,
mixed,2,1,0.5,4.0,32,8192,512,2048,1280,726.178,726.369,726.084,-0.4921
mixed,2,1,0.5,4.0,32,8192,1024,4096,2560,726.627,726.566,726.244,
mixed,2,1,0.5,4.0,32,8192,2048,8192,5120,726.98,726.723,726.116,
mixed,2,1,0.5,4.0,32,8192,4096,16384,10240,897.701,1422.28,1413.799,0.9838
mixed,2,1,0.5,4.0,64,0,128,512,320,57.12,76.193,75.839,0.9814
mixed,2,1,0.5,4.0,64,0,256,1024,640,86.881,119.36,118.816,0.9833
mixed,2,1,0.5,4.0,64,0,512,2048,1280,140.768,206.113,205.344,0.9882
mixed,2,1,0.5,4.0,64,0,1024,4096,2560,249.056,378.498,378.626,1.001
mixed,2,1,0.5,4.0,64,0,2048,8192,5120,464.739,725.957,722.497,0.9868
mixed,2,1,0.5,4.0,64,0,4096,16384,10240,898.661,1422.085,1415.175,0.9868
mixed,2,1,0.5,4.0,64,512,128,512,320,78.562,79.808,78.689,0.1019
mixed,2,1,0.5,4.0,64,512,256,1024,640,87.073,119.36,118.945,0.9871
mixed,2,1,0.5,4.0,64,512,512,2048,1280,140.77,206.114,205.665,0.9931
mixed,2,1,0.5,4.0,64,512,1024,4096,2560,249.057,378.85,378.69,0.9988
mixed,2,1,0.5,4.0,64,512,2048,8192,5120,464.482,725.926,722.5,0.9869
mixed,2,1,0.5,4.0,64,512,4096,16384,10240,897.989,1422.759,1414.378,0.984
mixed,2,1,0.5,4.0,64,1024,128,512,320,121.664,121.824,121.695,0.1938
mixed,2,1,0.5,4.0,64,1024,256,1024,640,121.76,122.944,121.76,0.0
mixed,2,1,0.5,4.0,64,1024,512,2048,1280,141.089,205.504,205.728,1.0035
mixed,2,1,0.5,4.0,64,1024,1024,4096,2560,249.283,378.753,378.498,0.998
mixed,2,1,0.5,4.0,64,1024,2048,8192,5120,464.929,726.115,722.565,0.9864
mixed,2,1,0.5,4.0,64,1024,4096,16384,10240,898.532,1422.727,1415.271,0.9858
mixed,2,1,0.5,4.0,64,2048,128,512,320,207.745,207.968,207.683,-0.278
mixed,2,1,0.5,4.0,64,2048,256,1024,640,207.908,208.064,207.874,-0.2179
mixed,2,1,0.5,4.0,64,2048,512,2048,1280,208.226,208.865,208.609,0.5994
mixed,2,1,0.5,4.0,64,2048,1024,4096,2560,248.643,378.721,378.307,0.9968
mixed,2,1,0.5,4.0,64,2048,2048,8192,5120,464.481,726.021,722.66,0.9871
mixed,2,1,0.5,4.0,64,2048,4096,16384,10240,898.692,1423.558,1414.79,0.9833
mixed,2,1,0.5,4.0,64,4096,128,512,320,379.842,379.97,379.873,0.2422
mixed,2,1,0.5,4.0,64,4096,256,1024,640,379.904,379.938,379.97,1.9412
mixed,2,1,0.5,4.0,64,4096,512,2048,1280,380.449,380.227,380.642,
mixed,2,1,0.5,4.0,64,4096,1024,4096,2560,380.226,381.121,381.217,1.1073
mixed,2,1,0.5,4.0,64,4096,2048,8192,5120,464.61,724.259,722.568,0.9935
mixed,2,1,0.5,4.0,64,4096,4096,16384,10240,897.988,1423.208,1415.494,0.9853
mixed,2,1,0.5,4.0,64,8192,128,512,320,727.426,727.268,727.395,
mixed,2,1,0.5,4.0,64,8192,256,1024,640,727.779,727.491,727.459,
mixed,2,1,0.5,4.0,64,8192,512,2048,1280,727.492,727.651,727.621,0.8113
mixed,2,1,0.5,4.0,64,8192,1024,4096,2560,727.619,727.011,727.588,
mixed,2,1,0.5,4.0,64,8192,2048,8192,5120,727.713,728.068,727.619,-0.2648
mixed,2,1,0.5,4.0,64,8192,4096,16384,10240,898.085,1423.176,1415.113,0.9846
mixed,2,1,0.5,4.0,128,0,128,512,320,57.023,76.0,75.808,0.9899
mixed,2,1,0.5,4.0,128,0,256,1024,640,86.689,118.976,119.008,1.001
mixed,2,1,0.5,4.0,128,0,512,2048,1280,140.769,206.016,205.727,0.9956
mixed,2,1,0.5,4.0,128,0,1024,4096,2560,249.247,378.755,378.498,0.998
mixed,2,1,0.5,4.0,128,0,2048,8192,5120,464.707,725.285,722.181,0.9881
mixed,2,1,0.5,4.0,128,0,4096,16384,10240,898.404,1420.998,1414.825,0.9882
mixed,2,1,0.5,4.0,128,512,128,512,320,79.105,80.097,79.137,0.0323
mixed,2,1,0.5,4.0,128,512,256,1024,640,86.943,119.169,119.295,1.0039
mixed,2,1,0.5,4.0,128,512,512,2048,1280,141.249,206.464,206.017,0.9931
mixed,2,1,0.5,4.0,128,512,1024,4096,2560,249.217,378.691,378.338,0.9973
mixed,2,1,0.5,4.0,128,512,2048,8192,5120,465.443,725.607,722.308,0.9873
mixed,2,1,0.5,4.0,128,512,4096,16384,10240,898.054,1421.225,1414.533,0.9872
mixed,2,1,0.5,4.0,128,1024,128,512,320,122.017,122.179,122.208,1.179
mixed,2,1,0.5,4.0,128,1024,256,1024,640,122.37,122.849,122.081,-0.6033
mixed,2,1,0.5,4.0,128,1024,512,2048,1280,140.8,206.273,205.601,0.9897
mixed,2,1,0.5,4.0,128,1024,1024,4096,2560,249.377,379.041,378.881,0.9988
mixed,2,1,0.5,4.0,128,1024,2048,8192,5120,465.377,725.412,722.946,0.9905
mixed,2,1,0.5,4.0,128,1024,4096,16384,10240,898.15,1421.389,1415.11,0.988
mixed,2,1,0.5,4.0,128,2048,128,512,320,208.225,208.096,208.128,
mixed,2,1,0.5,4.0,128,2048,256,1024,640,208.063,208.194,208.289,1.7252
mixed,2,1,0.5,4.0,128,2048,512,2048,1280,208.289,208.704,208.643,0.853
mixed,2,1,0.5,4.0,128,2048,1024,4096,2560,249.792,378.88,378.466,0.9968
mixed,2,1,0.5,4.0,128,2048,2048,8192,5120,465.249,725.573,722.243,0.9872
mixed,2,1,0.5,4.0,128,2048,4096,16384,10240,898.054,1421.003,1414.407,0.9874
mixed,2,1,0.5,4.0,128,4096,128,512,320,379.939,380.353,380.065,0.3043
mixed,2,1,0.5,4.0,128,4096,256,1024,640,380.323,380.163,380.161,
mixed,2,1,0.5,4.0,128,4096,512,2048,1280,380.258,380.545,380.1,-0.5505
mixed,2,1,0.5,4.0,128,4096,1024,4096,2560,380.77,381.185,381.153,0.9229
mixed,2,1,0.5,4.0,128,4096,2048,8192,5120,465.027,723.331,722.403,0.9964
mixed,2,1,0.5,4.0,128,4096,4096,16384,10240,897.859,1420.261,1415.181,0.9903
mixed,2,1,0.5,4.0,128,8192,128,512,320,727.363,727.237,727.59,
mixed,2,1,0.5,4.0,128,8192,256,1024,640,727.331,727.267,727.428,
mixed,2,1,0.5,4.0,128,8192,512,2048,1280,727.044,726.979,727.269,
mixed,2,1,0.5,4.0,128,8192,1024,4096,2560,727.492,727.205,727.428,
mixed,2,1,0.5,4.0,128,8192,2048,8192,5120,727.363,727.59,727.014,-1.5374
mixed,2,1,0.5,4.0,128,8192,4096,16384,10240,897.347,1421.671,1414.983,0.9872
mixed,2,1,0.5,4.0,256,0,128,512,320,58.24,76.641,76.736,1.0052
mixed,2,1,0.5,4.0,256,0,256,1024,640,87.65,119.937,120.097,1.005
mixed,2,1,0.5,4.0,256,0,512,2048,1280,141.664,206.208,206.369,1.0025
mixed,2,1,0.5,4.0,256,0,1024,4096,2560,249.568,378.881,378.786,0.9993
mixed,2,1,0.5,4.0,256,0,2048,8192,5120,464.641,723.811,721.699,0.9919
mixed,2,1,0.5,4.0,256,0,4096,16384,10240,897.251,1422.15,1413.957,0.9844
mixed,2,1,0.5,4.0,256,512,128,512,320,89.407,89.472,89.472,1.0
mixed,2,1,0.5,4.0,256,512,256,1024,640,89.761,120.321,120.257,0.9979
mixed,2,1,0.5,4.0,256,512,512,2048,1280,141.952,206.496,206.561,1.001
mixed,2,1,0.5,4.0,256,512,1024,4096,2560,249.889,379.393,379.328,0.9995
mixed,2,1,0.5,4.0,256,512,2048,8192,5120,464.962,724.164,722.276,0.9927
mixed,2,1,0.5,4.0,256,512,4096,16384,10240,897.252,1423.141,1413.735,0.9821
mixed,2,1,0.5,4.0,256,1024,128,512,320,130.72,130.879,130.785,0.4088
mixed,2,1,0.5,4.0,256,1024,256,1024,640,130.849,130.847,130.88,
mixed,2,1,0.5,4.0,256,1024,512,2048,1280,141.697,206.912,206.497,0.9936
mixed,2,1,0.5,4.0,256,1024,1024,4096,2560,249.955,380.161,379.267,0.9931
mixed,2,1,0.5,4.0,256,1024,2048,8192,5120,465.442,724.261,722.916,0.9948
mixed,2,1,0.5,4.0,256,1024,4096,16384,10240,898.278,1422.31,1413.863,0.9839
mixed,2,1,0.5,4.0,256,2048,128,512,320,214.655,214.306,214.146,
mixed,2,1,0.5,4.0,256,2048,256,1024,640,214.242,214.528,214.177,-0.2273
mixed,2,1,0.5,4.0,256,2048,512,2048,1280,214.432,214.209,214.242,
mixed,2,1,0.5,4.0,256,2048,1024,4096,2560,249.796,379.364,379.074,0.9978
mixed,2,1,0.5,4.0,256,2048,2048,8192,5120,465.761,724.196,723.137,0.9959
mixed,2,1,0.5,4.0,256,2048,4096,16384,10240,898.149,1422.535,1413.575,0.9829
mixed,2,1,0.5,4.0,256,4096,128,512,320,380.961,381.09,380.866,-0.7364
mixed,2,1,0.5,4.0,256,4096,256,1024,640,380.899,381.538,380.834,-0.1017
mixed,2,1,0.5,4.0,256,4096,512,2048,1280,381.25,381.058,381.154,
mixed,2,1,0.5,4.0,256,4096,1024,4096,2560,381.41,382.18,381.378,-0.0416
mixed,2,1,0.5,4.0,256,4096,2048,8192,5120,465.538,724.739,722.82,0.9926
mixed,2,1,0.5,4.0,256,4096,4096,16384,10240,898.085,1422.988,1414.438,0.9837
mixed,2,1,0.5,4.0,256,8192,128,512,320,727.842,727.843,728.484,642.0
mixed,2,1,0.5,4.0,256,8192,256,1024,640,727.779,728.453,727.811,0.0475
mixed,2,1,0.5,4.0,256,8192,512,2048,1280,728.291,728.033,728.005,
mixed,2,1,0.5,4.0,256,8192,1024,4096,2560,728.259,728.131,727.939,
mixed,2,1,0.5,4.0,256,8192,2048,8192,5120,728.13,729.123,728.676,0.5498
mixed,2,1,0.5,4.0,256,8192,4096,16384,10240,898.662,1424.582,1415.304,0.9824
mixed,2,1,0.5,4.0,512,0,128,512,320,69.248,78.562,77.57,0.8935
mixed,2,1,0.5,4.0,512,0,256,1024,640,88.737,120.96,120.449,0.9841
mixed,2,1,0.5,4.0,512,0,512,2048,1280,142.336,207.073,206.818,0.9961
mixed,2,1,0.5,4.0,512,0,1024,4096,2560,249.729,379.588,379.169,0.9968
mixed,2,1,0.5,4.0,512,0,2048,8192,5120,465.283,724.003,722.598,0.9946
mixed,2,1,0.5,4.0,512,0,4096,16384,10240,897.091,1421.478,1412.871,0.9836
mixed,2,1,0.5,4.0,512,512,128,512,320,111.489,112.001,111.616,0.248
mixed,2,1,0.5,4.0,512,512,256,1024,640,112.225,121.376,120.992,0.958
mixed,2,1,0.5,4.0,512,512,512,2048,1280,142.784,207.937,206.784,0.9823
mixed,2,1,0.5,4.0,512,512,1024,4096,2560,250.305,380.353,380.032,0.9975
mixed,2,1,0.5,4.0,512,512,2048,8192,5120,466.051,724.611,723.171,0.9944
mixed,2,1,0.5,4.0,512,512,4096,16384,10240,897.445,1421.863,1413.572,0.9842
mixed,2,1,0.5,4.0,512,1024,128,512,320,153.6,153.92,153.825,0.7031
mixed,2,1,0.5,4.0,512,1024,256,1024,640,154.146,154.081,153.953,
mixed,2,1,0.5,4.0,512,1024,512,2048,1280,154.241,207.489,207.393,0.9982
mixed,2,1,0.5,4.0,512,1024,1024,4096,2560,250.529,380.609,380.194,0.9968
mixed,2,1,0.5,4.0,512,1024,2048,8192,5120,465.759,725.029,722.947,0.992
mixed,2,1,0.5,4.0,512,1024,4096,16384,10240,898.212,1422.504,1413.765,0.9833
mixed,2,1,0.5,4.0,512,2048,128,512,320,237.985,237.409,237.793,
mixed,2,1,0.5,4.0,512,2048,256,1024,640,237.73,238.178,237.6,-0.2902
mixed,2,1,0.5,4.0,512,2048,512,2048,1280,237.824,238.112,237.697,-0.441
mixed,2,1,0.5,4.0,512,2048,1024,4096,2560,251.298,380.834,380.066,0.9941
mixed,2,1,0.5,4.0,512,2048,2048,8192,5120,465.955,725.348,723.365,0.9924
mixed,2,1,0.5,4.0,512,2048,4096,16384,10240,898.34,1422.312,1414.147,0.9844
mixed,2,1,0.5,4.0,512,4096,128,512,320,403.937,404.067,403.522,-3.1923
mixed,2,1,0.5,4.0,512,4096,256,1024,640,404.449,404.258,404.45,
mixed,2,1,0.5,4.0,512,4096,512,2048,1280,403.683,403.62,404.162,
mixed,2,1,0.5,4.0,512,4096,1024,4096,2560,403.618,404.065,404.546,2.0761
mixed,2,1,0.5,4.0,512,4096,2048,8192,5120,465.954,724.963,724.771,0.9993
mixed,2,1,0.5,4.0,512,4096,4096,16384,10240,899.076,1423.111,1414.599,0.9838
mixed,2,1,0.5,4.0,512,8192,128,512,320,737.601,737.86,738.052,1.7413
mixed,2,1,0.5,4.0,512,8192,256,1024,640,738.179,737.315,738.243,
mixed,2,1,0.5,4.0,512,8192,512,2048,1280,737.604,737.731,738.083,3.7717
mixed,2,1,0.5,4.0,512,8192,1024,4096,2560,738.434,737.763,737.251,
mixed,2,1,0.5,4.0,512,8192,2048,8192,5120,737.54,737.699,737.763,1.4025
mixed,2,1,0.5,4.0,512,8192,4096,16384,10240,900.74,1424.807,1415.207,0.9817
mixed,2,1,0.5,4.0,1024,0,128,512,320,123.105,123.904,123.361,0.3204
mixed,2,1,0.5,4.0,1024,0,256,1024,640,122.656,131.009,129.186,0.7818
mixed,2,1,0.5,4.0,1024,0,512,2048,1280,151.168,214.112,213.28,0.9868
mixed,2,1,0.5,4.0,1024,0,1024,4096,2560,256.289,386.209,385.763,0.9966
mixed,2,1,0.5,4.0,1024,0,2048,8192,5120,471.971,730.788,728.74,0.9921
mixed,2,1,0.5,4.0,1024,0,4096,16384,10240,902.884,1425.615,1420.488,0.9902
mixed,2,1,0.5,4.0,1024,512,128,512,320,163.968,164.928,165.985,2.101
mixed,2,1,0.5,4.0,1024,512,256,1024,640,165.825,164.768,165.824,
mixed,2,1,0.5,4.0,1024,512,512,2048,1280,164.482,216.098,215.97,0.9975
mixed,2,1,0.5,4.0,1024,512,1024,4096,2560,258.273,387.394,387.265,0.999
mixed,2,1,0.5,4.0,1024,512,2048,8192,5120,474.082,731.526,730.821,0.9973
mixed,2,1,0.5,4.0,1024,512,4096,16384,10240,904.165,1428.134,1420.968,0.9863
mixed,2,1,0.5,4.0,1024,1024,128,512,320,208.032,207.074,209.09,
mixed,2,1,0.5,4.0,1024,1024,256,1024,640,206.56,209.505,209.281,0.9239
mixed,2,1,0.5,4.0,1024,1024,512,2048,1280,208.578,218.015,215.715,0.7563
mixed,2,1,0.5,4.0,1024,1024,1024,4096,2560,258.785,387.937,387.65,0.9978
mixed,2,1,0.5,4.0,1024,1024,2048,8192,5120,474.69,733.348,732.131,0.9953
mixed,2,1,0.5,4.0,1024,1024,4096,16384,10240,904.803,1428.39,1422.377,0.9885
mixed,2,1,0.5,4.0,1024,2048,128,512,320,292.515,289.986,290.656,
mixed,2,1,0.5,4.0,1024,2048,256,1024,640,292.576,292.642,294.435,28.1667
mixed,2,1,0.5,4.0,1024,2048,512,2048,1280,293.121,292.483,293.507,
mixed,2,1,0.5,4.0,1024,2048,1024,4096,2560,292.867,389.439,388.321,0.9884
mixed,2,1,0.5,4.0,1024,2048,2048,8192,5120,475.042,732.802,732.546,0.999
mixed,2,1,0.5,4.0,1024,2048,4096,16384,10240,905.35,1429.222,1423.686,0.9894
mixed,2,1,0.5,4.0,1024,4096,128,512,320,462.179,462.819,461.059,-1.75
mixed,2,1,0.5,4.0,1024,4096,256,1024,640,462.915,466.051,462.179,-0.2347
mixed,2,1,0.5,4.0,1024,4096,512,2048,1280,461.569,462.884,462.946,1.0471
mixed,2,1,0.5,4.0,1024,4096,1024,4096,2560,461.856,462.915,461.985,0.1218
mixed,2,1,0.5,4.0,1024,4096,2048,8192,5120,477.377,735.076,733.539,0.994
mixed,2,1,0.5,4.0,1024,4096,4096,16384,10240,909.575,1431.111,1425.255,0.9888
mixed,2,1,0.5,4.0,1024,8192,128,512,320,804.679,803.685,803.428,
mixed,2,1,0.5,4.0,1024,8192,256,1024,640,803.687,804.324,800.355,-5.2308
mixed,2,1,0.5,4.0,1024,8192,512,2048,1280,801.476,800.099,805.028,
mixed,2,1,0.5,4.0,1024,8192,1024,4096,2560,804.58,804.419,805.06,
mixed,2,1,0.5,4.0,1024,8192,2048,8192,5120,805.221,807.458,804.518,-0.3143
mixed,2,1,0.5,4.0,1024,8192,4096,16384,10240,913.858,1438.471,1432.009,0.9877
mixed,2,1,0.5,4.0,2048,0,128,512,320,299.972,302.69,300.802,0.3054
mixed,2,1,0.5,4.0,2048,0,256,1024,640,302.244,306.786,303.137,0.1966
mixed,2,1,0.5,4.0,2048,0,512,2048,1280,306.018,329.09,314.593,0.3717
mixed,2,1,0.5,4.0,2048,0,1024,4096,2560,371.331,493.315,485.344,0.9347
mixed,2,1,0.5,4.0,2048,0,2048,8192,5120,576.035,826.05,815.556,0.958
mixed,2,1,0.5,4.0,2048,0,4096,16384,10240,988.455,1485.799,1473.126,0.9745
mixed,2,1,0.5,4.0,2048,512,128,512,320,386.594,389.346,387.875,0.4655
mixed,2,1,0.5,4.0,2048,512,256,1024,640,389.826,390.018,387.362,-12.8333
mixed,2,1,0.5,4.0,2048,512,512,2048,1280,389.923,396.483,396.288,0.9703
mixed,2,1,0.5,4.0,2048,512,1024,4096,2560,426.274,550.787,531.745,0.8471
mixed,2,1,0.5,4.0,2048,512,2048,8192,5120,634.594,882.021,864.9,0.9308
mixed,2,1,0.5,4.0,2048,512,4096,16384,10240,1046.627,1542.118,1527.142,0.9698
mixed,2,1,0.5,4.0,2048,1024,128,512,320,472.483,475.587,471.427,-0.3402
mixed,2,1,0.5,4.0,2048,1024,256,1024,640,474.467,472.96,471.683,
mixed,2,1,0.5,4.0,2048,1024,512,2048,1280,475.266,479.459,480.802,1.3203
mixed,2,1,0.5,4.0,2048,1024,1024,4096,2560,480.451,593.252,573.891,0.8284
mixed,2,1,0.5,4.0,2048,1024,2048,8192,5120,678.116,926.692,909.893,0.9324
mixed,2,1,0.5,4.0,2048,1024,4096,16384,10240,1088.547,1587.079,1567.365,0.9605
mixed,2,1,0.5,4.0,2048,2048,128,512,320,637.315,640.131,637.539,0.0795
mixed,2,1,0.5,4.0,2048,2048,256,1024,640,640.196,640.834,638.659,-2.4091
mixed,2,1,0.5,4.0,2048,2048,512,2048,1280,637.89,639.746,640.162,1.2241
mixed,2,1,0.5,4.0,2048,2048,1024,4096,2560,639.362,680.932,661.827,0.5404
mixed,2,1,0.5,4.0,2048,2048,2048,8192,5120,763.846,1014.308,989.923,0.9026
mixed,2,1,0.5,4.0,2048,2048,4096,16384,10240,1177.03,1672.584,1655.049,0.9646
mixed,2,1,0.5,4.0,2048,4096,128,512,320,969.478,969.732,971.237,6.9252
mixed,2,1,0.5,4.0,2048,4096,256,1024,640,973.413,969.379,970.531,
mixed,2,1,0.5,4.0,2048,4096,512,2048,1280,971.493,972.292,970.531,-1.204
mixed,2,1,0.5,4.0,2048,4096,1024,4096,2560,972.099,973.314,973.317,1.0025
mixed,2,1,0.5,4.0,2048,4096,2048,8192,5120,977.157,1182.275,1164.677,0.9142
mixed,2,1,0.5,4.0,2048,4096,4096,16384,10240,1353.48,1853.961,1825.261,0.9427
mixed,2,1,0.5,4.0,2048,8192,128,512,320,1639.722,1638.921,1638.952,
mixed,2,1,0.5,4.0,2048,8192,256,1024,640,1639.175,1639.047,1637.641,
mixed,2,1,0.5,4.0,2048,8192,512,2048,1280,1640.073,1643.207,1641.062,0.3156
mixed,2,1,0.5,4.0,2048,8192,1024,4096,2560,1637.896,1641.193,1637.065,-0.252
mixed,2,1,0.5,4.0,2048,8192,2048,8192,5120,1640.361,1642.152,1641.224,0.4819
mixed,2,1,0.5,4.0,2048,8192,4096,16384,10240,1704.395,2208.14,2183.116,0.9503
pure,4,1,0.25,4.0,0,0,128,512,224,58.208,60.929,60.225,0.7413
pure,4,1,0.25,4.0,0,0,256,1024,448,59.552,66.016,62.943,0.5246
pure,4,1,0.25,4.0,0,0,512,2048,896,65.696,80.414,71.424,0.3892
pure,4,1,0.25,4.0,0,0,1024,4096,1792,76.994,114.113,86.401,0.2534
pure,4,1,0.25,4.0,0,0,2048,8192,3584,108.895,158.019,114.528,0.1147
pure,4,1,0.25,4.0,0,0,4096,16384,7168,150.367,257.567,161.89,0.1075
mixed,4,1,0.25,4.0,16,0,128,512,224,46.783,76.162,75.296,0.9705
mixed,4,1,0.25,4.0,16,0,256,1024,448,67.328,119.489,117.984,0.9711
mixed,4,1,0.25,4.0,16,0,512,2048,896,108.447,207.042,205.249,0.9818
mixed,4,1,0.25,4.0,16,0,1024,4096,1792,185.6,381.121,377.601,0.982
mixed,4,1,0.25,4.0,16,0,2048,8192,3584,337.313,731.811,721.316,0.9734
mixed,4,1,0.25,4.0,16,0,4096,16384,7168,644.099,1423.047,1412.774,0.9868
mixed,4,1,0.25,4.0,16,512,128,512,224,75.935,78.881,75.616,-0.1083
mixed,4,1,0.25,4.0,16,512,256,1024,448,75.905,119.65,118.592,0.9758
mixed,4,1,0.25,4.0,16,512,512,2048,896,108.768,207.201,205.122,0.9789
mixed,4,1,0.25,4.0,16,512,1024,4096,1792,184.898,381.601,377.409,0.9787
mixed,4,1,0.25,4.0,16,512,2048,8192,3584,337.569,732.132,721.187,0.9723
mixed,4,1,0.25,4.0,16,512,4096,16384,7168,644.995,1423.273,1412.807,0.9866
mixed,4,1,0.25,4.0,16,1024,128,512,224,118.88,118.785,118.753,
mixed,4,1,0.25,4.0,16,1024,256,1024,448,119.073,121.824,118.911,-0.0589
mixed,4,1,0.25,4.0,16,1024,512,2048,896,119.137,207.04,204.897,0.9756
mixed,4,1,0.25,4.0,16,1024,1024,4096,1792,185.663,381.155,377.54,0.9815
mixed,4,1,0.25,4.0,16,1024,2048,8192,3584,337.473,732.1,720.931,0.9717
mixed,4,1,0.25,4.0,16,1024,4096,16384,7168,644.835,1422.953,1412.709,0.9868
mixed,4,1,0.25,4.0,16,2048,128,512,224,204.992,205.347,204.576,-1.1718
mixed,4,1,0.25,4.0,16,2048,256,1024,448,205.027,205.183,204.768,-1.6603
mixed,4,1,0.25,4.0,16,2048,512,2048,896,205.153,207.394,205.154,0.0004
mixed,4,1,0.25,4.0,16,2048,1024,4096,1792,205.537,381.186,377.859,0.9811
mixed,4,1,0.25,4.0,16,2048,2048,8192,3584,338.08,732.356,721.795,0.9732
mixed,4,1,0.25,4.0,16,2048,4096,16384,7168,644.997,1423.687,1413.415,0.9868
mixed,4,1,0.25,4.0,16,4096,128,512,224,377.187,377.634,377.154,-0.0738
mixed,4,1,0.25,4.0,16,4096,256,1024,448,377.12,377.828,376.897,-0.315
mixed,4,1,0.25,4.0,16,4096,512,2048,896,377.282,377.605,377.281,-0.0031
mixed,4,1,0.25,4.0,16,4096,1024,4096,1792,377.793,381.73,378.273,0.1219
mixed,4,1,0.25,4.0,16,4096,2048,8192,3584,378.178,732.258,721.763,0.9704
mixed,4,1,0.25,4.0,16,4096,4096,16384,7168,644.931,1424.067,1413.417,0.9863
mixed,4,1,0.25,4.0,16,8192,128,512,224,724.579,724.708,724.227,-2.7287
mixed,4,1,0.25,4.0,16,8192,256,1024,448,724.868,725.797,724.995,0.1367
mixed,4,1,0.25,4.0,16,8192,512,2048,896,725.507,725.251,725.763,
mixed,4,1,0.25,4.0,16,8192,1024,4096,1792,725.059,725.125,725.411,5.3333
mixed,4,1,0.25,4.0,16,8192,2048,8192,3584,725.091,732.29,726.371,0.1778
mixed,4,1,0.25,4.0,16,8192,4096,16384,7168,725.731,1424.486,1413.06,0.9836
mixed,4,1,0.25,4.0,32,0,128,512,224,47.072,76.702,75.775,0.9687
mixed,4,1,0.25,4.0,32,0,256,1024,448,68.0,120.607,118.912,0.9678
mixed,4,1,0.25,4.0,32,0,512,2048,896,109.376,207.681,205.345,0.9762
mixed,4,1,0.25,4.0,32,0,1024,4096,1792,186.147,381.794,377.761,0.9794
mixed,4,1,0.25,4.0,32,0,2048,8192,3584,338.37,732.068,721.411,0.9729
mixed,4,1,0.25,4.0,32,0,4096,16384,7168,645.219,1423.269,1413.061,0.9869
mixed,4,1,0.25,4.0,32,512,128,512,224,76.8,79.392,77.443,0.2481
mixed,4,1,0.25,4.0,32,512,256,1024,448,77.091,120.194,118.848,0.9688
mixed,4,1,0.25,4.0,32,512,512,2048,896,109.505,207.458,205.57,0.9807
mixed,4,1,0.25,4.0,32,512,1024,4096,1792,185.921,381.571,377.955,0.9815
mixed,4,1,0.25,4.0,32,512,2048,8192,3584,338.497,732.387,721.282,0.9718
mixed,4,1,0.25,4.0,32,512,4096,16384,7168,645.186,1423.432,1412.838,0.9864
mixed,4,1,0.25,4.0,32,1024,128,512,224,120.127,121.377,120.8,0.5384
mixed,4,1,0.25,4.0,32,1024,256,1024,448,120.064,122.592,120.833,0.3042
mixed,4,1,0.25,4.0,32,1024,512,2048,896,120.897,207.68,205.729,0.9775
mixed,4,1,0.25,4.0,32,1024,1024,4096,1792,185.824,381.923,377.859,0.9793
mixed,4,1,0.25,4.0,32,1024,2048,8192,3584,338.273,732.482,721.601,0.9724
mixed,4,1,0.25,4.0,32,1024,4096,16384,7168,644.963,1423.495,1412.517,0.9859
mixed,4,1,0.25,4.0,32,2048,128,512,224,206.049,207.329,206.657,0.475
mixed,4,1,0.25,4.0,32,2048,256,1024,448,206.368,207.683,207.168,0.6084
mixed,4,1,0.25,4.0,32,2048,512,2048,896,207.456,208.194,207.2,-0.3469
mixed,4,1,0.25,4.0,32,2048,1024,4096,1792,207.682,382.08,377.955,0.9763
mixed,4,1,0.25,4.0,32,2048,2048,8192,3584,338.178,732.611,721.827,0.9727
mixed,4,1,0.25,4.0,32,2048,4096,16384,7168,645.029,1422.825,1412.615,0.9869
mixed,4,1,0.25,4.0,32,4096,128,512,224,378.435,379.362,378.593,0.1704
mixed,4,1,0.25,4.0,32,4096,256,1024,448,378.21,379.394,379.68,1.2416
mixed,4,1,0.25,4.0,32,4096,512,2048,896,379.747,380.16,379.682,-0.1574
mixed,4,1,0.25,4.0,32,4096,1024,4096,1792,379.619,382.114,379.778,0.0637
mixed,4,1,0.25,4.0,32,4096,2048,8192,3584,379.748,732.038,721.317,0.9696
mixed,4,1,0.25,4.0,32,4096,4096,16384,7168,645.026,1423.494,1412.841,0.9863
mixed,4,1,0.25,4.0,32,8192,128,512,224,726.147,727.332,726.115,-0.027
mixed,4,1,0.25,4.0,32,8192,256,1024,448,726.661,727.142,726.691,0.0624
mixed,4,1,0.25,4.0,32,8192,512,2048,896,726.628,727.044,727.298,1.6106
mixed,4,1,0.25,4.0,32,8192,1024,4096,1792,727.3,727.717,726.278,-2.4508
mixed,4,1,0.25,4.0,32,8192,2048,8192,3584,727.49,732.101,727.332,-0.0343
mixed,4,1,0.25,4.0,32,8192,4096,16384,7168,727.652,1423.91,1412.839,0.9841
mixed,4,1,0.25,4.0,64,0,128,512,224,46.561,76.095,75.264,0.9719
mixed,4,1,0.25,4.0,64,0,256,1024,448,67.392,119.84,118.656,0.9774
mixed,4,1,0.25,4.0,64,0,512,2048,896,108.769,207.713,204.992,0.9725
mixed,4,1,0.25,4.0,64,0,1024,4096,1792,185.568,381.632,377.856,0.9807
mixed,4,1,0.25,4.0,64,0,2048,8192,3584,337.824,732.292,721.027,0.9714
mixed,4,1,0.25,4.0,64,0,4096,16384,7168,645.059,1423.11,1411.686,0.9853
mixed,4,1,0.25,4.0,64,512,128,512,224,77.696,79.713,77.921,0.1116
mixed,4,1,0.25,4.0,64,512,256,1024,448,78.049,119.778,118.529,0.9701
mixed,4,1,0.25,4.0,64,512,512,2048,896,108.929,207.329,205.12,0.9776
mixed,4,1,0.25,4.0,64,512,1024,4096,1792,186.209,381.953,377.794,0.9788
mixed,4,1,0.25,4.0,64,512,2048,8192,3584,338.145,732.806,721.282,0.9708
mixed,4,1,0.25,4.0,64,512,4096,16384,7168,645.22,1423.431,1412.838,0.9864
mixed,4,1,0.25,4.0,64,1024,128,512,224,120.896,121.698,120.993,0.1209
mixed,4,1,0.25,4.0,64,1024,256,1024,448,120.897,122.784,121.121,0.1187
mixed,4,1,0.25,4.0,64,1024,512,2048,896,121.665,207.202,205.248,0.9772
mixed,4,1,0.25,4.0,64,1024,1024,4096,1792,185.633,381.985,377.536,0.9773
mixed,4,1,0.25,4.0,64,1024,2048,8192,3584,337.763,732.835,721.155,0.9704
mixed,4,1,0.25,4.0,64,1024,4096,16384,7168,645.377,1424.648,1413.544,0.9858
mixed,4,1,0.25,4.0,64,2048,128,512,224,206.881,207.458,206.943,0.1075
mixed,4,1,0.25,4.0,64,2048,256,1024,448,207.329,207.584,207.392,0.2471
mixed,4,1,0.25,4.0,64,2048,512,2048,896,207.717,208.673,207.298,-0.4383
mixed,4,1,0.25,4.0,64,2048,1024,4096,1792,208.129,381.475,377.666,0.978
mixed,4,1,0.25,4.0,64,2048,2048,8192,3584,338.241,732.611,721.603,0.9721
mixed,4,1,0.25,4.0,64,2048,4096,16384,7168,645.539,1423.782,1413.705,0.9871
mixed,4,1,0.25,4.0,64,4096,128,512,224,378.913,379.938,379.011,0.0956
mixed,4,1,0.25,4.0,64,4096,256,1024,448,379.458,379.907,379.33,-0.2851
mixed,4,1,0.25,4.0,64,4096,512,2048,896,379.906,380.099,379.81,-0.4974
mixed,4,1,0.25,4.0,64,4096,1024,4096,1792,379.649,381.633,380.13,0.2424
mixed,4,1,0.25,4.0,64,4096,2048,8192,3584,380.418,732.675,721.475,0.9682
mixed,4,1,0.25,4.0,64,4096,4096,16384,7168,645.157,1423.719,1413.19,0.9865
mixed,4,1,0.25,4.0,64,8192,128,512,224,727.044,727.363,727.075,0.0972
mixed,4,1,0.25,4.0,64,8192,256,1024,448,726.819,727.459,726.819,0.0
mixed,4,1,0.25,4.0,64,8192,512,2048,896,727.204,727.811,727.459,0.4201
mixed,4,1,0.25,4.0,64,8192,1024,4096,1792,727.203,727.746,727.203,0.0
mixed,4,1,0.25,4.0,64,8192,2048,8192,3584,728.134,732.516,727.076,-0.2414
mixed,4,1,0.25,4.0,64,8192,4096,16384,7168,727.779,1423.655,1412.515,0.984
mixed,4,1,0.25,4.0,128,0,128,512,224,47.455,76.96,76.097,0.9708
mixed,4,1,0.25,4.0,128,0,256,1024,448,68.256,120.256,119.617,0.9877
mixed,4,1,0.25,4.0,128,0,512,2048,896,109.376,207.36,205.792,0.984
mixed,4,1,0.25,4.0,128,0,1024,4096,1792,185.954,383.041,378.753,0.9782
mixed,4,1,0.25,4.0,128,0,2048,8192,3584,340.099,732.898,722.275,0.973
mixed,4,1,0.25,4.0,128,0,4096,16384,7168,645.091,1423.814,1414.054,0.9875
mixed,4,1,0.25,4.0,128,512,128,512,224,78.655,80.16,78.881,0.1502
mixed,4,1,0.25,4.0,128,512,256,1024,448,79.008,120.544,119.362,0.9715
mixed,4,1,0.25,4.0,128,512,512,2048,896,109.568,207.904,206.177,0.9824
mixed,4,1,0.25,4.0,128,512,1024,4096,1792,186.016,383.65,378.849,0.9757
mixed,4,1,0.25,4.0,128,512,2048,8192,3584,340.384,733.027,722.403,0.9729
mixed,4,1,0.25,4.0,128,512,4096,16384,7168,645.219,1425.062,1414.982,0.9871
mixed,4,1,0.25,4.0,128,1024,128,512,224,121.857,122.24,121.887,0.0783
mixed,4,1,0.25,4.0,128,1024,256,1024,448,121.857,123.425,121.986,0.0823
mixed,4,1,0.25,4.0,128,1024,512,2048,896,122.114,208.033,205.922,0.9754
mixed,4,1,0.25,4.0,128,1024,1024,4096,1792,186.113,383.522,378.818,0.9762
mixed,4,1,0.25,4.0,128,1024,2048,8192,3584,338.85,733.156,722.081,0.9719
mixed,4,1,0.25,4.0,128,1024,4096,16384,7168,645.187,1425.768,1414.437,0.9855
mixed,4,1,0.25,4.0,128,2048,128,512,224,207.842,208.289,207.617,-0.5034
mixed,4,1,0.25,4.0,128,2048,256,1024,448,208.065,208.224,208.0,-0.4088
mixed,4,1,0.25,4.0,128,2048,512,2048,896,208.132,209.344,208.353,0.1823
mixed,4,1,0.25,4.0,128,2048,1024,4096,1792,208.641,381.987,378.722,0.9812
mixed,4,1,0.25,4.0,128,2048,2048,8192,3584,338.116,733.123,722.497,0.9731
mixed,4,1,0.25,4.0,128,2048,4096,16384,7168,646.019,1424.997,1415.525,0.9878
mixed,4,1,0.25,4.0,128,4096,128,512,224,380.0,380.13,379.681,-2.4538
mixed,4,1,0.25,4.0,128,4096,256,1024,448,380.035,380.032,379.874,
mixed,4,1,0.25,4.0,128,4096,512,2048,896,380.162,380.612,380.033,-0.2867
mixed,4,1,0.25,4.0,128,4096,1024,4096,1792,380.644,382.659,381.026,0.1896
mixed,4,1,0.25,4.0,128,4096,2048,8192,3584,380.545,733.699,722.085,0.9671
mixed,4,1,0.25,4.0,128,4096,4096,16384,7168,646.115,1425.094,1414.918,0.9869
mixed,4,1,0.25,4.0,128,8192,128,512,224,727.428,727.172,726.82,
mixed,4,1,0.25,4.0,128,8192,256,1024,448,727.682,727.555,727.01,
mixed,4,1,0.25,4.0,128,8192,512,2048,896,727.427,727.427,727.396,-272678883688.0
mixed,4,1,0.25,4.0,128,8192,1024,4096,1792,727.971,728.29,727.362,-1.9091
mixed,4,1,0.25,4.0,128,8192,2048,8192,3584,728.097,733.54,727.3,-0.1464
mixed,4,1,0.25,4.0,128,8192,4096,16384,7168,727.621,1426.055,1414.887,0.984
mixed,4,1,0.25,4.0,256,0,128,512,224,48.992,77.568,77.824,1.009
mixed,4,1,0.25,4.0,256,0,256,1024,448,69.057,121.344,120.961,0.9927
mixed,4,1,0.25,4.0,256,0,512,2048,896,110.689,208.736,208.322,0.9958
mixed,4,1,0.25,4.0,256,0,1024,4096,1792,186.977,383.073,381.187,0.9904
mixed,4,1,0.25,4.0,256,0,2048,8192,3584,339.264,734.052,726.275,0.9803
mixed,4,1,0.25,4.0,256,0,4096,16384,7168,646.308,1428.424,1418.245,0.987
mixed,4,1,0.25,4.0,256,512,128,512,224,90.016,90.561,90.337,0.589
mixed,4,1,0.25,4.0,256,512,256,1024,448,90.56,122.049,121.248,0.9746
mixed,4,1,0.25,4.0,256,512,512,2048,896,111.554,209.121,208.096,0.9895
mixed,4,1,0.25,4.0,256,512,1024,4096,1792,187.551,383.65,381.026,0.9866
mixed,4,1,0.25,4.0,256,512,2048,8192,3584,339.424,734.439,725.538,0.9775
mixed,4,1,0.25,4.0,256,512,4096,16384,7168,646.691,1428.486,1419.559,0.9886
mixed,4,1,0.25,4.0,256,1024,128,512,224,130.975,132.225,131.234,0.2072
mixed,4,1,0.25,4.0,256,1024,256,1024,448,131.105,132.801,131.553,0.2642
mixed,4,1,0.25,4.0,256,1024,512,2048,896,132.802,208.768,208.0,0.9899
mixed,4,1,0.25,4.0,256,1024,1024,4096,1792,186.977,383.426,381.635,0.9909
mixed,4,1,0.25,4.0,256,1024,2048,8192,3584,339.33,734.276,725.764,0.9784
mixed,4,1,0.25,4.0,256,1024,4096,16384,7168,646.819,1428.2,1419.623,0.989
mixed,4,1,0.25,4.0,256,2048,128,512,224,215.009,215.584,215.073,0.1113
mixed,4,1,0.25,4.0,256,2048,256,1024,448,214.722,216.801,216.001,0.6152
mixed,4,1,0.25,4.0,256,2048,512,2048,896,216.03,216.096,215.425,-9.1667
mixed,4,1,0.25,4.0,256,2048,1024,4096,1792,215.809,383.042,381.602,0.9914
mixed,4,1,0.25,4.0,256,2048,2048,8192,3584,339.873,734.659,725.732,0.9774
mixed,4,1,0.25,4.0,256,2048,4096,16384,7168,646.63,1427.782,1419.72,0.9897
mixed,4,1,0.25,4.0,256,4096,128,512,224,382.049,382.914,382.177,0.148
mixed,4,1,0.25,4.0,256,4096,256,1024,448,381.888,383.171,382.049,0.1255
mixed,4,1,0.25,4.0,256,4096,512,2048,896,383.489,383.137,382.658,
mixed,4,1,0.25,4.0,256,4096,1024,4096,1792,382.883,384.962,383.235,0.1693
mixed,4,1,0.25,4.0,256,4096,2048,8192,3584,383.394,735.716,725.598,0.9713
mixed,4,1,0.25,4.0,256,4096,4096,16384,7168,647.042,1429.126,1420.585,0.9891
mixed,4,1,0.25,4.0,256,8192,128,512,224,729.091,729.476,729.284,0.5013
mixed,4,1,0.25,4.0,256,8192,256,1024,448,729.573,729.602,729.763,6.5517
mixed,4,1,0.25,4.0,256,8192,512,2048,896,729.667,729.282,729.955,
mixed,4,1,0.25,4.0,256,8192,1024,4096,1792,729.956,729.988,729.827,-4.0312
mixed,4,1,0.25,4.0,256,8192,2048,8192,3584,730.435,736.771,729.924,-0.0807
mixed,4,1,0.25,4.0,256,8192,4096,16384,7168,730.307,1430.853,1420.902,0.9858
mixed,4,1,0.25,4.0,512,0,128,512,224,72.161,81.279,78.848,0.7334
mixed,4,1,0.25,4.0,512,0,256,1024,448,73.056,124.034,122.274,0.9655
mixed,4,1,0.25,4.0,512,0,512,2048,896,112.832,211.231,208.128,0.9685
mixed,4,1,0.25,4.0,512,0,1024,4096,1792,188.705,385.571,381.282,0.9782
mixed,4,1,0.25,4.0,512,0,2048,8192,3584,341.54,735.364,723.971,0.9711
mixed,4,1,0.25,4.0,512,0,4096,16384,7168,648.608,1428.743,1416.999,0.9849
mixed,4,1,0.25,4.0,512,512,128,512,224,114.144,115.009,114.53,0.4462
mixed,4,1,0.25,4.0,512,512,256,1024,448,114.816,124.032,122.398,0.8227
mixed,4,1,0.25,4.0,512,512,512,2048,896,114.592,211.331,208.482,0.9705
mixed,4,1,0.25,4.0,512,512,1024,4096,1792,190.016,385.888,380.931,0.9747
mixed,4,1,0.25,4.0,512,512,2048,8192,3584,342.659,736.771,724.901,0.9699
mixed,4,1,0.25,4.0,512,512,4096,16384,7168,649.155,1427.782,1417.152,0.9863
mixed,4,1,0.25,4.0,512,1024,128,512,224,156.769,157.377,155.904,-1.4227
mixed,4,1,0.25,4.0,512,1024,256,1024,448,155.618,157.057,155.553,-0.0452
mixed,4,1,0.25,4.0,512,1024,512,2048,896,156.512,211.905,208.609,0.9405
mixed,4,1,0.25,4.0,512,1024,1024,4096,1792,189.248,385.602,381.986,0.9816
mixed,4,1,0.25,4.0,512,1024,2048,8192,3584,341.793,737.219,725.475,0.9703
mixed,4,1,0.25,4.0,512,1024,4096,16384,7168,649.445,1428.486,1417.38,0.9857
mixed,4,1,0.25,4.0,512,2048,128,512,224,239.394,239.266,238.848,
mixed,4,1,0.25,4.0,512,2048,256,1024,448,239.617,240.0,240.225,1.5875
mixed,4,1,0.25,4.0,512,2048,512,2048,896,239.265,239.234,240.129,
mixed,4,1,0.25,4.0,512,2048,1024,4096,1792,240.513,386.049,382.565,0.9761
mixed,4,1,0.25,4.0,512,2048,2048,8192,3584,342.944,736.996,725.318,0.9704
mixed,4,1,0.25,4.0,512,2048,4096,16384,7168,650.05,1428.198,1416.583,0.9851
mixed,4,1,0.25,4.0,512,4096,128,512,224,404.833,407.266,405.603,0.3165
mixed,4,1,0.25,4.0,512,4096,256,1024,448,406.049,408.225,406.85,0.3681
mixed,4,1,0.25,4.0,512,4096,512,2048,896,406.594,409.185,406.627,0.0127
mixed,4,1,0.25,4.0,512,4096,1024,4096,1792,407.17,410.084,408.899,0.5933
mixed,4,1,0.25,4.0,512,4096,2048,8192,3584,410.306,738.563,726.117,0.9621
mixed,4,1,0.25,4.0,512,4096,4096,16384,7168,650.723,1427.494,1418.79,0.9888
mixed,4,1,0.25,4.0,512,8192,128,512,224,740.643,743.844,739.617,-0.3205
mixed,4,1,0.25,4.0,512,8192,256,1024,448,741.986,742.116,742.567,4.4692
mixed,4,1,0.25,4.0,512,8192,512,2048,896,743.492,742.244,741.987,
mixed,4,1,0.25,4.0,512,8192,1024,4096,1792,741.476,743.171,743.427,1.151
mixed,4,1,0.25,4.0,512,8192,2048,8192,3584,741.828,746.437,743.813,0.4307
mixed,4,1,0.25,4.0,512,8192,4096,16384,7168,744.034,1432.969,1420.069,0.9813
mixed,4,1,0.25,4.0,1024,0,128,512,224,124.833,125.185,124.898,0.1847
mixed,4,1,0.25,4.0,1024,0,256,1024,448,124.161,142.433,132.064,0.4325
mixed,4,1,0.25,4.0,1024,0,512,2048,896,132.511,225.729,215.49,0.8902
mixed,4,1,0.25,4.0,1024,0,1024,4096,1792,205.311,392.609,386.849,0.9692
mixed,4,1,0.25,4.0,1024,0,2048,8192,3584,350.784,743.621,730.916,0.9677
mixed,4,1,0.25,4.0,1024,0,4096,16384,7168,657.41,1435.91,1422.341,0.9826
mixed,4,1,0.25,4.0,1024,512,128,512,224,168.768,167.552,167.648,
mixed,4,1,0.25,4.0,1024,512,256,1024,448,167.332,169.41,167.968,0.3061
mixed,4,1,0.25,4.0,1024,512,512,2048,896,167.492,226.945,216.833,0.8299
mixed,4,1,0.25,4.0,1024,512,1024,4096,1792,207.041,393.698,388.546,0.9724
mixed,4,1,0.25,4.0,1024,512,2048,8192,3584,351.842,744.386,732.196,0.9689
mixed,4,1,0.25,4.0,1024,512,4096,16384,7168,656.388,1439.784,1422.95,0.9785
mixed,4,1,0.25,4.0,1024,1024,128,512,224,211.712,210.912,211.104,
mixed,4,1,0.25,4.0,1024,1024,256,1024,448,210.722,212.736,211.231,0.2527
mixed,4,1,0.25,4.0,1024,1024,512,2048,896,211.777,228.16,217.153,0.3281
mixed,4,1,0.25,4.0,1024,1024,1024,4096,1792,212.257,394.945,388.704,0.9658
mixed,4,1,0.25,4.0,1024,1024,2048,8192,3584,352.097,744.035,732.9,0.9716
mixed,4,1,0.25,4.0,1024,1024,4096,16384,7168,659.11,1437.189,1422.855,0.9816
mixed,4,1,0.25,4.0,1024,2048,128,512,224,295.329,294.722,295.681,
mixed,4,1,0.25,4.0,1024,2048,256,1024,448,294.113,295.167,294.532,0.3975
mixed,4,1,0.25,4.0,1024,2048,512,2048,896,296.063,297.729,293.763,-1.3806
mixed,4,1,0.25,4.0,1024,2048,1024,4096,1792,298.243,398.306,389.027,0.9073
mixed,4,1,0.25,4.0,1024,2048,2048,8192,3584,358.337,748.035,734.051,0.9641
mixed,4,1,0.25,4.0,1024,2048,4096,16384,7168,658.756,1439.974,1423.877,0.9794
mixed,4,1,0.25,4.0,1024,4096,128,512,224,462.627,461.664,464.227,
mixed,4,1,0.25,4.0,1024,4096,256,1024,448,465.667,463.488,463.745,
mixed,4,1,0.25,4.0,1024,4096,512,2048,896,463.94,464.386,464.387,1.0022
mixed,4,1,0.25,4.0,1024,4096,1024,4096,1792,465.155,469.442,462.818,-0.5451
mixed,4,1,0.25,4.0,1024,4096,2048,8192,3584,463.553,748.483,734.687,0.9516
mixed,4,1,0.25,4.0,1024,4096,4096,16384,7168,661.635,1442.119,1425.799,0.9791
mixed,4,1,0.25,4.0,1024,8192,128,512,224,800.13,801.156,799.683,-0.4357
mixed,4,1,0.25,4.0,1024,8192,256,1024,448,805.445,801.765,799.487,
mixed,4,1,0.25,4.0,1024,8192,512,2048,896,805.64,803.554,799.907,
mixed,4,1,0.25,4.0,1024,8192,1024,4096,1792,803.075,805.057,802.404,-0.3385
mixed,4,1,0.25,4.0,1024,8192,2048,8192,3584,804.516,814.115,806.627,0.2199
mixed,4,1,0.25,4.0,1024,8192,4096,16384,7168,810.148,1449.32,1430.408,0.9704
mixed,4,1,0.25,4.0,2048,0,128,512,224,303.68,310.946,305.823,0.2949
mixed,4,1,0.25,4.0,2048,0,256,1024,448,311.971,317.666,312.514,0.0953
mixed,4,1,0.25,4.0,2048,0,512,2048,896,312.578,355.554,326.177,0.3164
mixed,4,1,0.25,4.0,2048,0,1024,4096,1792,335.713,521.955,493.763,0.8486
mixed,4,1,0.25,4.0,2048,0,2048,8192,3584,480.993,852.708,832.325,0.9452
mixed,4,1,0.25,4.0,2048,0,4096,16384,7168,769.439,1516.678,1494.696,0.9706
mixed,4,1,0.25,4.0,2048,512,128,512,224,389.986,398.884,395.651,0.6367
mixed,4,1,0.25,4.0,2048,512,256,1024,448,399.266,397.312,396.803,
mixed,4,1,0.25,4.0,2048,512,512,2048,896,399.039,421.856,407.586,0.3746
mixed,4,1,0.25,4.0,2048,512,1024,4096,1792,422.019,586.434,544.388,0.7443
mixed,4,1,0.25,4.0,2048,512,2048,8192,3584,543.808,915.875,897.511,0.9506
mixed,4,1,0.25,4.0,2048,512,4096,16384,7168,833.989,1578.438,1559.207,0.9742
mixed,4,1,0.25,4.0,2048,1024,128,512,224,474.977,483.075,479.969,0.6164
mixed,4,1,0.25,4.0,2048,1024,256,1024,448,485.379,485.794,479.809,-13.4217
mixed,4,1,0.25,4.0,2048,1024,512,2048,896,484.866,496.802,488.739,0.3245
mixed,4,1,0.25,4.0,2048,1024,1024,4096,1792,486.274,637.634,589.859,0.6844
mixed,4,1,0.25,4.0,2048,1024,2048,8192,3584,593.827,965.986,919.971,0.8764
mixed,4,1,0.25,4.0,2048,1024,4096,16384,7168,886.405,1628.648,1604.588,0.9676
mixed,4,1,0.25,4.0,2048,2048,128,512,224,640.803,648.164,642.882,0.2824
mixed,4,1,0.25,4.0,2048,2048,256,1024,448,646.722,649.956,645.314,-0.4354
mixed,4,1,0.25,4.0,2048,2048,512,2048,896,651.298,649.155,648.931,
mixed,4,1,0.25,4.0,2048,2048,1024,4096,1792,650.851,723.875,675.395,0.3361
mixed,4,1,0.25,4.0,2048,2048,2048,8192,3584,675.936,1054.502,1004.513,0.868
mixed,4,1,0.25,4.0,2048,2048,4096,16384,7168,968.773,1714.947,1688.65,0.9648
mixed,4,1,0.25,4.0,2048,4096,128,512,224,974.213,981.35,977.893,0.5156
mixed,4,1,0.25,4.0,2048,4096,256,1024,448,980.517,983.109,974.02,-2.5066
mixed,4,1,0.25,4.0,2048,4096,512,2048,896,983.268,982.695,979.971,
mixed,4,1,0.25,4.0,2048,4096,1024,4096,1792,984.133,986.275,986.918,1.3002
mixed,4,1,0.25,4.0,2048,4096,2048,8192,3584,984.261,1230.438,1183.205,0.8081
mixed,4,1,0.25,4.0,2048,4096,4096,16384,7168,1142.755,1895.145,1842.562,0.9301
mixed,4,1,0.25,4.0,2048,8192,128,512,224,1633.637,1652.072,1638.34,0.2551
mixed,4,1,0.25,4.0,2048,8192,256,1024,448,1646.087,1649.48,1641.895,-1.2355
mixed,4,1,0.25,4.0,2048,8192,512,2048,896,1653.634,1652.583,1649.16,
mixed,4,1,0.25,4.0,2048,8192,1024,4096,1792,1652.518,1650.12,1649.381,
mixed,4,1,0.25,4.0,2048,8192,2048,8192,3584,1645.928,1654.828,1649.757,0.4302
mixed,4,1,0.25,4.0,2048,8192,4096,16384,7168,1654.921,2253.449,2201.865,0.9138
pure,4,2,0.5,4.0,0,0,128,512,320,58.979,60.961,60.673,0.8547
pure,4,2,0.5,4.0,0,0,256,1024,640,61.825,66.015,64.352,0.6031
pure,4,2,0.5,4.0,0,0,512,2048,1280,69.439,80.418,72.961,0.3208
pure,4,2,0.5,4.0,0,0,1024,4096,2560,88.288,114.688,94.849,0.2485
pure,4,2,0.5,4.0,0,0,2048,8192,5120,127.041,158.527,131.167,0.131
pure,4,2,0.5,4.0,0,0,4096,16384,10240,202.947,258.369,194.753,-0.1478
mixed,4,2,0.5,4.0,16,0,128,512,320,56.64,76.064,75.201,0.9556
mixed,4,2,0.5,4.0,16,0,256,1024,640,86.976,119.328,118.529,0.9753
mixed,4,2,0.5,4.0,16,0,512,2048,1280,141.121,207.104,204.961,0.9675
mixed,4,2,0.5,4.0,16,0,1024,4096,2560,250.498,381.091,377.89,0.9755
mixed,4,2,0.5,4.0,16,0,2048,8192,5120,468.898,731.555,722.084,0.9639
mixed,4,2,0.5,4.0,16,0,4096,16384,10240,905.668,1423.624,1419.237,0.9915
mixed,4,2,0.5,4.0,16,512,128,512,320,76.033,78.912,76.066,0.0115
mixed,4,2,0.5,4.0,16,512,256,1024,640,87.232,119.777,118.273,0.9538
mixed,4,2,0.5,4.0,16,512,512,2048,1280,141.408,206.913,205.441,0.9775
mixed,4,2,0.5,4.0,16,512,1024,4096,2560,250.689,380.993,378.049,0.9774
mixed,4,2,0.5,4.0,16,512,2048,8192,5120,469.346,732.579,721.859,0.9593
mixed,4,2,0.5,4.0,16,512,4096,16384,10240,905.956,1422.663,1419.846,0.9945
mixed,4,2,0.5,4.0,16,1024,128,512,320,118.623,118.976,118.945,0.9122
mixed,4,2,0.5,4.0,16,1024,256,1024,640,119.136,121.792,118.784,-0.1325
mixed,4,2,0.5,4.0,16,1024,512,2048,1280,141.57,207.456,205.344,0.9679
mixed,4,2,0.5,4.0,16,1024,1024,4096,2560,250.945,381.248,377.795,0.9735
mixed,4,2,0.5,4.0,16,1024,2048,8192,5120,468.961,732.229,721.73,0.9601
mixed,4,2,0.5,4.0,16,1024,4096,16384,10240,906.403,1423.206,1419.754,0.9933
mixed,4,2,0.5,4.0,16,2048,128,512,320,205.25,205.024,204.929,
mixed,4,2,0.5,4.0,16,2048,256,1024,640,204.832,205.376,204.577,-0.4688
mixed,4,2,0.5,4.0,16,2048,512,2048,1280,205.603,207.554,205.472,-0.0671
mixed,4,2,0.5,4.0,16,2048,1024,4096,2560,251.041,381.444,377.954,0.9732
mixed,4,2,0.5,4.0,16,2048,2048,8192,5120,469.249,732.516,722.116,0.9605
mixed,4,2,0.5,4.0,16,2048,4096,16384,10240,906.789,1423.625,1419.622,0.9923
mixed,4,2,0.5,4.0,16,4096,128,512,320,377.026,377.378,377.762,2.0909
mixed,4,2,0.5,4.0,16,4096,256,1024,640,377.697,377.539,377.474,
mixed,4,2,0.5,4.0,16,4096,512,2048,1280,378.114,378.208,377.281,-8.8617
mixed,4,2,0.5,4.0,16,4096,1024,4096,2560,378.083,381.122,378.627,0.179
mixed,4,2,0.5,4.0,16,4096,2048,8192,5120,469.154,732.229,721.923,0.9608
mixed,4,2,0.5,4.0,16,4096,4096,16384,10240,906.658,1423.846,1419.433,0.9915
mixed,4,2,0.5,4.0,16,8192,128,512,320,724.263,725.157,724.835,0.6398
mixed,4,2,0.5,4.0,16,8192,256,1024,640,725.06,724.739,724.805,
mixed,4,2,0.5,4.0,16,8192,512,2048,1280,724.899,724.901,725.571,336.0
mixed,4,2,0.5,4.0,16,8192,1024,4096,2560,725.283,725.571,725.571,1.0
mixed,4,2,0.5,4.0,16,8192,2048,8192,5120,725.923,732.258,725.027,-0.1414
mixed,4,2,0.5,4.0,16,8192,4096,16384,10240,905.89,1423.846,1419.784,0.9922
mixed,4,2,0.5,4.0,32,0,128,512,320,57.728,76.8,75.616,0.9379
mixed,4,2,0.5,4.0,32,0,256,1024,640,87.679,119.874,119.009,0.9731
mixed,4,2,0.5,4.0,32,0,512,2048,1280,142.082,207.52,205.825,0.9741
mixed,4,2,0.5,4.0,32,0,1024,4096,2560,251.553,381.568,378.209,0.9742
mixed,4,2,0.5,4.0,32,0,2048,8192,5120,469.282,732.9,722.341,0.9599
mixed,4,2,0.5,4.0,32,0,4096,16384,10240,906.341,1423.334,1420.197,0.9939
mixed,4,2,0.5,4.0,32,512,128,512,320,77.217,79.298,77.666,0.2158
mixed,4,2,0.5,4.0,32,512,256,1024,640,87.361,120.417,118.914,0.9545
mixed,4,2,0.5,4.0,32,512,512,2048,1280,142.561,207.811,205.891,0.9706
mixed,4,2,0.5,4.0,32,512,1024,4096,2560,251.105,382.051,378.305,0.9714
mixed,4,2,0.5,4.0,32,512,2048,8192,5120,469.569,732.453,722.659,0.9627
mixed,4,2,0.5,4.0,32,512,4096,16384,10240,906.437,1423.366,1420.418,0.9943
mixed,4,2,0.5,4.0,32,1024,128,512,320,119.905,121.312,120.416,0.3632
mixed,4,2,0.5,4.0,32,1024,256,1024,640,121.311,122.528,120.801,-0.4191
mixed,4,2,0.5,4.0,32,1024,512,2048,1280,141.728,207.617,205.537,0.9684
mixed,4,2,0.5,4.0,32,1024,1024,4096,2560,251.585,382.081,378.626,0.9735
mixed,4,2,0.5,4.0,32,1024,2048,8192,5120,469.411,732.866,722.466,0.9605
mixed,4,2,0.5,4.0,32,1024,4096,16384,10240,905.956,1423.269,1420.745,0.9951
mixed,4,2,0.5,4.0,32,2048,128,512,320,206.082,207.105,206.912,0.8113
mixed,4,2,0.5,4.0,32,2048,256,1024,640,207.68,207.712,206.913,-23.9688
mixed,4,2,0.5,4.0,32,2048,512,2048,1280,207.68,207.84,207.2,-3.0
mixed,4,2,0.5,4.0,32,2048,1024,4096,2560,251.168,382.081,378.624,0.9736
mixed,4,2,0.5,4.0,32,2048,2048,8192,5120,469.443,732.068,722.372,0.9631
mixed,4,2,0.5,4.0,32,2048,4096,16384,10240,906.659,1423.271,1420.071,0.9938
mixed,4,2,0.5,4.0,32,4096,128,512,320,378.466,379.682,379.01,0.4474
mixed,4,2,0.5,4.0,32,4096,256,1024,640,379.169,379.873,378.946,-0.3168
mixed,4,2,0.5,4.0,32,4096,512,2048,1280,379.777,379.969,379.394,-1.9948
mixed,4,2,0.5,4.0,32,4096,1024,4096,2560,379.617,382.177,380.068,0.1762
mixed,4,2,0.5,4.0,32,4096,2048,8192,5120,469.762,733.507,722.69,0.959
mixed,4,2,0.5,4.0,32,4096,4096,16384,10240,906.437,1422.95,1420.998,0.9962
mixed,4,2,0.5,4.0,32,8192,128,512,320,725.766,726.884,726.018,0.2254
mixed,4,2,0.5,4.0,32,8192,256,1024,640,727.013,726.851,726.979,
mixed,4,2,0.5,4.0,32,8192,512,2048,1280,726.947,726.98,726.531,-12.6061
mixed,4,2,0.5,4.0,32,8192,1024,4096,2560,727.169,727.075,726.882,
mixed,4,2,0.5,4.0,32,8192,2048,8192,5120,726.723,732.451,727.203,0.0838
mixed,4,2,0.5,4.0,32,8192,4096,16384,10240,906.02,1423.908,1420.358,0.9931
mixed,4,2,0.5,4.0,64,0,128,512,320,57.057,76.288,75.328,0.9501
mixed,4,2,0.5,4.0,64,0,256,1024,640,87.102,119.81,118.496,0.9598
mixed,4,2,0.5,4.0,64,0,512,2048,1280,141.632,207.393,205.312,0.9684
mixed,4,2,0.5,4.0,64,0,1024,4096,2560,250.913,381.666,378.242,0.9738
mixed,4,2,0.5,4.0,64,0,2048,8192,5120,469.122,732.58,722.499,0.9617
mixed,4,2,0.5,4.0,64,0,4096,16384,10240,905.99,1423.08,1420.038,0.9941
mixed,4,2,0.5,4.0,64,512,128,512,320,77.888,79.84,78.273,0.1972
mixed,4,2,0.5,4.0,64,512,256,1024,640,87.2,119.776,118.69,0.9667
mixed,4,2,0.5,4.0,64,512,512,2048,1280,142.144,207.424,205.345,0.9682
mixed,4,2,0.5,4.0,64,512,1024,4096,2560,251.041,381.761,377.891,0.9704
mixed,4,2,0.5,4.0,64,512,2048,8192,5120,469.794,732.259,722.947,0.9645
mixed,4,2,0.5,4.0,64,512,4096,16384,10240,905.89,1423.205,1420.359,0.9945
mixed,4,2,0.5,4.0,64,1024,128,512,320,120.864,121.537,120.897,0.049
mixed,4,2,0.5,4.0,64,1024,256,1024,640,121.376,122.69,121.121,-0.1941
mixed,4,2,0.5,4.0,64,1024,512,2048,1280,141.921,207.617,205.153,0.9625
mixed,4,2,0.5,4.0,64,1024,1024,4096,2560,251.108,381.764,378.178,0.9726
mixed,4,2,0.5,4.0,64,1024,2048,8192,5120,469.058,732.611,723.108,0.9639
mixed,4,2,0.5,4.0,64,1024,4096,16384,10240,906.5,1424.423,1420.806,0.993
mixed,4,2,0.5,4.0,64,2048,128,512,320,206.976,207.456,207.168,0.4
mixed,4,2,0.5,4.0,64,2048,256,1024,640,207.552,207.841,207.169,-1.3253
mixed,4,2,0.5,4.0,64,2048,512,2048,1280,207.968,208.737,207.522,-0.58
mixed,4,2,0.5,4.0,64,2048,1024,4096,2560,251.266,381.728,378.274,0.9735
mixed,4,2,0.5,4.0,64,2048,2048,8192,5120,469.442,732.45,722.436,0.9619
mixed,4,2,0.5,4.0,64,2048,4096,16384,10240,905.827,1424.103,1420.166,0.9924
mixed,4,2,0.5,4.0,64,4096,128,512,320,379.171,379.554,379.329,0.4125
mixed,4,2,0.5,4.0,64,4096,256,1024,640,379.491,379.489,379.266,
mixed,4,2,0.5,4.0,64,4096,512,2048,1280,380.001,379.97,379.523,
mixed,4,2,0.5,4.0,64,4096,1024,4096,2560,380.578,381.603,380.386,-0.1873
mixed,4,2,0.5,4.0,64,4096,2048,8192,5120,469.664,732.835,722.917,0.9623
mixed,4,2,0.5,4.0,64,4096,4096,16384,10240,906.659,1423.752,1420.748,0.9942
mixed,4,2,0.5,4.0,64,8192,128,512,320,726.886,726.98,726.851,-0.3723
mixed,4,2,0.5,4.0,64,8192,256,1024,640,726.947,727.266,726.883,-0.2006
mixed,4,2,0.5,4.0,64,8192,512,2048,1280,727.299,727.201,726.819,
mixed,4,2,0.5,4.0,64,8192,1024,4096,2560,727.94,727.461,727.012,
mixed,4,2,0.5,4.0,64,8192,2048,8192,5120,727.33,732.643,728.099,0.1447
mixed,4,2,0.5,4.0,64,8192,4096,16384,10240,906.852,1424.137,1420.134,0.9923
mixed,4,2,0.5,4.0,128,0,128,512,320,57.536,76.928,76.032,0.9538
mixed,4,2,0.5,4.0,128,0,256,1024,640,87.776,120.129,119.455,0.9792
mixed,4,2,0.5,4.0,128,0,512,2048,1280,142.241,207.201,206.081,0.9828
mixed,4,2,0.5,4.0,128,0,1024,4096,2560,251.584,383.553,379.105,0.9663
mixed,4,2,0.5,4.0,128,0,2048,8192,5120,469.187,732.647,724.067,0.9674
mixed,4,2,0.5,4.0,128,0,4096,16384,10240,905.924,1424.132,1423.301,0.9984
mixed,4,2,0.5,4.0,128,512,128,512,320,78.88,80.417,79.008,0.0833
mixed,4,2,0.5,4.0,128,512,256,1024,640,87.777,120.512,119.586,0.9717
mixed,4,2,0.5,4.0,128,512,512,2048,1280,142.273,208.16,206.051,0.968
mixed,4,2,0.5,4.0,128,512,1024,4096,2560,251.649,383.361,379.458,0.9704
mixed,4,2,0.5,4.0,128,512,2048,8192,5120,469.604,733.219,724.004,0.965
mixed,4,2,0.5,4.0,128,512,4096,16384,10240,906.245,1424.934,1423.527,0.9973
mixed,4,2,0.5,4.0,128,1024,128,512,320,121.857,122.016,121.921,0.4025
mixed,4,2,0.5,4.0,128,1024,256,1024,640,122.176,123.328,121.855,-0.2786
mixed,4,2,0.5,4.0,128,1024,512,2048,1280,142.337,208.0,206.016,0.9698
mixed,4,2,0.5,4.0,128,1024,1024,4096,2560,251.329,383.619,379.234,0.9669
mixed,4,2,0.5,4.0,128,1024,2048,8192,5120,469.537,732.614,724.066,0.9675
mixed,4,2,0.5,4.0,128,1024,4096,16384,10240,905.956,1424.871,1423.781,0.9979
mixed,4,2,0.5,4.0,128,2048,128,512,320,208.033,208.033,207.871,
mixed,4,2,0.5,4.0,128,2048,256,1024,640,208.225,208.16,207.716,
mixed,4,2,0.5,4.0,128,2048,512,2048,1280,208.353,209.281,208.257,-0.1034
mixed,4,2,0.5,4.0,128,2048,1024,4096,2560,251.203,381.92,379.652,0.9826
mixed,4,2,0.5,4.0,128,2048,2048,8192,5120,469.346,733.092,723.715,0.9644
mixed,4,2,0.5,4.0,128,2048,4096,16384,10240,906.853,1424.167,1424.006,0.9997
mixed,4,2,0.5,4.0,128,4096,128,512,320,379.712,380.002,379.874,0.5586
mixed,4,2,0.5,4.0,128,4096,256,1024,640,380.129,380.29,380.002,-0.7888
mixed,4,2,0.5,4.0,128,4096,512,2048,1280,380.034,380.675,380.035,0.0016
mixed,4,2,0.5,4.0,128,4096,1024,4096,2560,380.547,382.721,381.729,0.5437
mixed,4,2,0.5,4.0,128,4096,2048,8192,5120,469.954,733.347,724.131,0.965
mixed,4,2,0.5,4.0,128,4096,4096,16384,10240,906.44,1425.319,1424.712,0.9988
mixed,4,2,0.5,4.0,128,8192,128,512,320,727.139,727.106,726.851,
mixed,4,2,0.5,4.0,128,8192,256,1024,640,727.331,727.267,727.395,
mixed,4,2,0.5,4.0,128,8192,512,2048,1280,727.145,727.525,726.884,-0.6868
mixed,4,2,0.5,4.0,128,8192,1024,4096,2560,728.263,728.419,727.811,-2.8974
mixed,4,2,0.5,4.0,128,8192,2048,8192,5120,727.938,733.061,727.746,-0.0375
mixed,4,2,0.5,4.0,128,8192,4096,16384,10240,907.14,1426.244,1423.945,0.9956
mixed,4,2,0.5,4.0,256,0,128,512,320,59.041,78.081,77.697,0.9798
mixed,4,2,0.5,4.0,256,0,256,1024,640,88.61,121.184,121.249,1.002
mixed,4,2,0.5,4.0,256,0,512,2048,1280,144.16,208.928,208.704,0.9965
mixed,4,2,0.5,4.0,256,0,1024,4096,2560,252.034,382.849,381.121,0.9868
mixed,4,2,0.5,4.0,256,0,2048,8192,5120,470.947,733.638,727.366,0.9761
mixed,4,2,0.5,4.0,256,0,4096,16384,10240,907.814,1428.582,1427.013,0.997
mixed,4,2,0.5,4.0,256,512,128,512,320,89.92,90.592,90.561,0.9539
mixed,4,2,0.5,4.0,256,512,256,1024,640,91.328,121.569,121.186,0.9873
mixed,4,2,0.5,4.0,256,512,512,2048,1280,143.392,209.312,208.833,0.9927
mixed,4,2,0.5,4.0,256,512,1024,4096,2560,252.513,383.97,382.722,0.9905
mixed,4,2,0.5,4.0,256,512,2048,8192,5120,471.235,734.535,727.522,0.9734
mixed,4,2,0.5,4.0,256,512,4096,16384,10240,907.682,1429.036,1427.146,0.9964
mixed,4,2,0.5,4.0,256,1024,128,512,320,130.976,132.13,131.521,0.4723
mixed,4,2,0.5,4.0,256,1024,256,1024,640,132.096,132.544,131.937,-0.3549
mixed,4,2,0.5,4.0,256,1024,512,2048,1280,143.169,208.865,208.354,0.9922
mixed,4,2,0.5,4.0,256,1024,1024,4096,2560,252.577,383.873,381.602,0.9827
mixed,4,2,0.5,4.0,256,1024,2048,8192,5120,471.329,734.403,727.042,0.972
mixed,4,2,0.5,4.0,256,1024,4096,16384,10240,907.845,1428.774,1427.911,0.9983
mixed,4,2,0.5,4.0,256,2048,128,512,320,215.009,215.04,215.392,12.3548
mixed,4,2,0.5,4.0,256,2048,256,1024,640,216.354,216.416,216.096,-4.1613
mixed,4,2,0.5,4.0,256,2048,512,2048,1280,215.233,215.97,215.586,0.479
mixed,4,2,0.5,4.0,256,2048,1024,4096,2560,252.419,383.746,382.34,0.9893
mixed,4,2,0.5,4.0,256,2048,2048,8192,5120,470.691,734.758,727.205,0.9714
mixed,4,2,0.5,4.0,256,2048,4096,16384,10240,907.556,1428.394,1427.815,0.9989
mixed,4,2,0.5,4.0,256,4096,128,512,320,382.371,382.818,382.145,-0.5056
mixed,4,2,0.5,4.0,256,4096,256,1024,640,382.401,382.883,382.209,-0.3983
mixed,4,2,0.5,4.0,256,4096,512,2048,1280,383.043,383.489,382.338,-1.5807
mixed,4,2,0.5,4.0,256,4096,1024,4096,2560,384.16,385.089,383.938,-0.239
mixed,4,2,0.5,4.0,256,4096,2048,8192,5120,471.492,734.563,727.108,0.9717
mixed,4,2,0.5,4.0,256,4096,4096,16384,10240,907.779,1429.866,1428.998,0.9983
mixed,4,2,0.5,4.0,256,8192,128,512,320,729.604,729.668,729.284,-5.0
mixed,4,2,0.5,4.0,256,8192,256,1024,640,729.635,729.507,729.41,
mixed,4,2,0.5,4.0,256,8192,512,2048,1280,729.604,730.211,729.7,0.1582
mixed,4,2,0.5,4.0,256,8192,1024,4096,2560,730.565,730.435,729.633,
mixed,4,2,0.5,4.0,256,8192,2048,8192,5120,729.763,736.451,730.435,0.1005
mixed,4,2,0.5,4.0,256,8192,4096,16384,10240,909.477,1431.236,1430.76,0.9991
mixed,4,2,0.5,4.0,512,0,128,512,320,72.448,80.417,80.129,0.9639
mixed,4,2,0.5,4.0,512,0,256,1024,640,92.384,123.938,122.208,0.9452
mixed,4,2,0.5,4.0,512,0,512,2048,1280,145.601,210.817,208.354,0.9622
mixed,4,2,0.5,4.0,512,0,1024,4096,2560,254.113,384.867,381.441,0.9738
mixed,4,2,0.5,4.0,512,0,2048,8192,5120,472.163,735.589,724.515,0.958
mixed,4,2,0.5,4.0,512,0,4096,16384,10240,909.958,1427.496,1422.12,0.9896
mixed,4,2,0.5,4.0,512,512,128,512,320,114.433,114.336,113.984,
mixed,4,2,0.5,4.0,512,512,256,1024,640,114.559,124.225,122.943,0.8674
mixed,4,2,0.5,4.0,512,512,512,2048,1280,145.889,211.2,208.93,0.9652
mixed,4,2,0.5,4.0,512,512,1024,4096,2560,254.882,385.666,381.6,0.9689
mixed,4,2,0.5,4.0,512,512,2048,8192,5120,473.73,736.483,725.892,0.9597
mixed,4,2,0.5,4.0,512,512,4096,16384,10240,910.596,1427.495,1421.415,0.9882
mixed,4,2,0.5,4.0,512,1024,128,512,320,157.376,156.129,156.097,
mixed,4,2,0.5,4.0,512,1024,256,1024,640,156.706,157.472,156.289,-0.5444
mixed,4,2,0.5,4.0,512,1024,512,2048,1280,156.577,211.969,209.023,0.9468
mixed,4,2,0.5,4.0,512,1024,1024,4096,2560,254.978,386.336,382.308,0.9693
mixed,4,2,0.5,4.0,512,1024,2048,8192,5120,473.539,736.806,725.793,0.9582
mixed,4,2,0.5,4.0,512,1024,4096,16384,10240,910.531,1426.886,1423.591,0.9936
mixed,4,2,0.5,4.0,512,2048,128,512,320,239.17,239.872,239.522,0.5014
mixed,4,2,0.5,4.0,512,2048,256,1024,640,240.13,240.321,239.457,-3.5236
mixed,4,2,0.5,4.0,512,2048,512,2048,1280,239.712,240.29,240.224,0.8858
mixed,4,2,0.5,4.0,512,2048,1024,4096,2560,256.224,386.37,382.243,0.9683
mixed,4,2,0.5,4.0,512,2048,2048,8192,5120,474.657,737.955,726.5,0.9565
mixed,4,2,0.5,4.0,512,2048,4096,16384,10240,911.844,1428.873,1423.045,0.9887
mixed,4,2,0.5,4.0,512,4096,128,512,320,406.913,407.044,407.043,0.9924
mixed,4,2,0.5,4.0,512,4096,256,1024,640,406.72,407.171,407.556,1.8537
mixed,4,2,0.5,4.0,512,4096,512,2048,1280,407.107,406.724,408.42,
mixed,4,2,0.5,4.0,512,4096,1024,4096,2560,406.881,407.746,409.154,2.6277
mixed,4,2,0.5,4.0,512,4096,2048,8192,5120,475.715,737.731,727.395,0.9606
mixed,4,2,0.5,4.0,512,4096,4096,16384,10240,912.068,1430.474,1424.393,0.9883
mixed,4,2,0.5,4.0,512,8192,128,512,320,743.075,742.339,740.259,
mixed,4,2,0.5,4.0,512,8192,256,1024,640,740.835,741.348,742.725,3.6842
mixed,4,2,0.5,4.0,512,8192,512,2048,1280,739.844,741.894,739.396,-0.2185
mixed,4,2,0.5,4.0,512,8192,1024,4096,2560,742.979,742.499,742.628,
mixed,4,2,0.5,4.0,512,8192,2048,8192,5120,742.212,746.499,743.172,0.2239
mixed,4,2,0.5,4.0,512,8192,4096,16384,10240,914.918,1430.184,1425.55,0.991
mixed,4,2,0.5,4.0,1024,0,128,512,320,124.993,125.024,125.184,6.1613
mixed,4,2,0.5,4.0,1024,0,256,1024,640,125.377,141.825,135.968,0.6439
mixed,4,2,0.5,4.0,1024,0,512,2048,1280,164.098,225.312,217.506,0.8725
mixed,4,2,0.5,4.0,1024,0,1024,4096,2560,266.85,392.484,387.843,0.9631
mixed,4,2,0.5,4.0,1024,0,2048,8192,5120,480.737,744.423,731.619,0.9514
mixed,4,2,0.5,4.0,1024,0,4096,16384,10240,917.925,1435.527,1429.063,0.9875
mixed,4,2,0.5,4.0,1024,512,128,512,320,167.52,168.098,169.409,3.2682
mixed,4,2,0.5,4.0,1024,512,256,1024,640,168.929,168.962,167.713,-36.8485
mixed,4,2,0.5,4.0,1024,512,512,2048,1280,168.066,227.456,220.511,0.8831
mixed,4,2,0.5,4.0,1024,512,1024,4096,2560,268.001,393.635,387.938,0.9547
mixed,4,2,0.5,4.0,1024,512,2048,8192,5120,482.018,745.475,733.155,0.9532
mixed,4,2,0.5,4.0,1024,512,4096,16384,10240,919.363,1436.807,1431.238,0.9892
mixed,4,2,0.5,4.0,1024,1024,128,512,320,211.585,209.859,208.739,
mixed,4,2,0.5,4.0,1024,1024,256,1024,640,208.799,212.608,210.88,0.5463
mixed,4,2,0.5,4.0,1024,1024,512,2048,1280,211.009,228.416,221.761,0.6177
mixed,4,2,0.5,4.0,1024,1024,1024,4096,2560,270.849,394.913,389.155,0.9536
mixed,4,2,0.5,4.0,1024,1024,2048,8192,5120,482.915,744.547,734.246,0.9606
mixed,4,2,0.5,4.0,1024,1024,4096,16384,10240,919.302,1436.615,1431.303,0.9897
mixed,4,2,0.5,4.0,1024,2048,128,512,320,296.385,296.13,293.696,
mixed,4,2,0.5,4.0,1024,2048,256,1024,640,297.218,296.034,295.52,
mixed,4,2,0.5,4.0,1024,2048,512,2048,1280,295.392,298.721,294.047,-0.404
mixed,4,2,0.5,4.0,1024,2048,1024,4096,2560,296.483,397.986,390.4,0.9253
mixed,4,2,0.5,4.0,1024,2048,2048,8192,5120,483.012,748.258,734.597,0.9485
mixed,4,2,0.5,4.0,1024,2048,4096,16384,10240,922.469,1439.108,1433.157,0.9885
mixed,4,2,0.5,4.0,1024,4096,128,512,320,460.45,462.784,464.131,1.5771
mixed,4,2,0.5,4.0,1024,4096,256,1024,640,463.331,463.554,462.114,-5.4574
mixed,4,2,0.5,4.0,1024,4096,512,2048,1280,465.281,467.106,462.18,-1.6992
mixed,4,2,0.5,4.0,1024,4096,1024,4096,2560,465.442,470.274,466.274,0.1722
mixed,4,2,0.5,4.0,1024,4096,2048,8192,5120,487.779,749.893,738.34,0.9559
mixed,4,2,0.5,4.0,1024,4096,4096,16384,10240,922.243,1439.08,1436.04,0.9941
mixed,4,2,0.5,4.0,1024,8192,128,512,320,800.966,802.692,802.819,1.0736
mixed,4,2,0.5,4.0,1024,8192,256,1024,640,799.075,802.596,801.731,0.7543
mixed,4,2,0.5,4.0,1024,8192,512,2048,1280,804.198,805.667,803.236,-0.6549
mixed,4,2,0.5,4.0,1024,8192,1024,4096,2560,803.46,806.564,804.067,0.1956
mixed,4,2,0.5,4.0,1024,8192,2048,8192,5120,809.668,814.147,805.253,-0.9857
mixed,4,2,0.5,4.0,1024,8192,4096,16384,10240,929.892,1448.681,1441.604,0.9864
mixed,4,2,0.5,4.0,2048,0,128,512,320,306.466,310.369,307.681,0.3113
mixed,4,2,0.5,4.0,2048,0,256,1024,640,311.521,317.537,317.376,0.9732
mixed,4,2,0.5,4.0,2048,0,512,2048,1280,321.922,356.192,340.45,0.5406
mixed,4,2,0.5,4.0,2048,0,1024,4096,2560,397.409,522.18,507.329,0.881
mixed,4,2,0.5,4.0,2048,0,2048,8192,5120,604.004,852.356,844.996,0.9704
mixed,4,2,0.5,4.0,2048,0,4096,16384,10240,1017.156,1515.749,1507.277,0.983
mixed,4,2,0.5,4.0,2048,512,128,512,320,394.562,399.459,397.378,0.575
mixed,4,2,0.5,4.0,2048,512,256,1024,640,399.203,399.905,397.632,-2.2379
mixed,4,2,0.5,4.0,2048,512,512,2048,1280,399.714,420.516,408.865,0.4399
mixed,4,2,0.5,4.0,2048,512,1024,4096,2560,461.089,585.122,567.106,0.8547
mixed,4,2,0.5,4.0,2048,512,2048,8192,5120,668.969,917.797,906.914,0.9563
mixed,4,2,0.5,4.0,2048,512,4096,16384,10240,1081.509,1580.039,1566.599,0.973
mixed,4,2,0.5,4.0,2048,1024,128,512,320,479.841,482.467,480.417,0.2193
mixed,4,2,0.5,4.0,2048,1024,256,1024,640,484.518,485.988,482.691,-1.2429
mixed,4,2,0.5,4.0,2048,1024,512,2048,1280,485.122,495.81,493.664,0.7992
mixed,4,2,0.5,4.0,2048,1024,1024,4096,2560,506.018,636.998,609.442,0.7896
mixed,4,2,0.5,4.0,2048,1024,2048,8192,5120,718.146,968.004,943.299,0.9011
mixed,4,2,0.5,4.0,2048,1024,4096,16384,10240,1130.405,1626.055,1610.537,0.9687
mixed,4,2,0.5,4.0,2048,2048,128,512,320,645.347,650.019,645.795,0.0959
mixed,4,2,0.5,4.0,2048,2048,256,1024,640,648.675,649.667,647.171,-1.5161
mixed,4,2,0.5,4.0,2048,2048,512,2048,1280,647.747,650.467,654.275,2.4
mixed,4,2,0.5,4.0,2048,2048,1024,4096,2560,653.796,720.772,696.995,0.645
mixed,4,2,0.5,4.0,2048,2048,2048,8192,5120,804.835,1053.699,1027.75,0.8957
mixed,4,2,0.5,4.0,2048,2048,4096,16384,10240,1219.815,1716.318,1702.791,0.9728
mixed,4,2,0.5,4.0,2048,4096,128,512,320,974.18,982.431,978.117,0.4772
mixed,4,2,0.5,4.0,2048,4096,256,1024,640,985.734,979.396,979.205,
mixed,4,2,0.5,4.0,2048,4096,512,2048,1280,982.086,982.66,982.149,0.1098
mixed,4,2,0.5,4.0,2048,4096,1024,4096,2560,984.102,983.075,983.394,
mixed,4,2,0.5,4.0,2048,4096,2048,8192,5120,1012.422,1229.414,1204.518,0.8853
mixed,4,2,0.5,4.0,2048,4096,4096,16384,10240,1405.384,1896.297,1863.622,0.9334
mixed,4,2,0.5,4.0,2048,8192,128,512,320,1642.567,1647.656,1647.368,0.9434
mixed,4,2,0.5,4.0,2048,8192,256,1024,640,1648.81,1649.386,1645.447,-5.8385
mixed,4,2,0.5,4.0,2048,8192,512,2048,1280,1651.206,1649.191,1647.081,
mixed,4,2,0.5,4.0,2048,8192,1024,4096,2560,1653.35,1654.567,1650.632,-2.2334
mixed,4,2,0.5,4.0,2048,8192,2048,8192,5120,1652.231,1650.279,1654.278,
mixed,4,2,0.5,4.0,2048,8192,4096,16384,10240,1754.915,2257.196,2218.401,0.9228
pure,4,3,0.75,4.0,0,0,128,512,416,59.872,60.734,60.576,0.8167
pure,4,3,0.75,4.0,0,0,256,1024,832,63.613,66.112,64.895,0.513
pure,4,3,0.75,4.0,0,0,512,2048,1664,75.49,80.768,77.375,0.3571
pure,4,3,0.75,4.0,0,0,1024,4096,3328,103.231,114.5,105.662,0.2157
pure,4,3,0.75,4.0,0,0,2048,8192,6656,144.898,158.655,145.344,0.0324
pure,4,3,0.75,4.0,0,0,4096,16384,13312,229.922,257.921,224.641,-0.1886
mixed,4,3,0.75,4.0,16,0,128,512,416,67.008,76.161,76.16,0.9999
mixed,4,3,0.75,4.0,16,0,256,1024,832,99.808,119.81,119.616,0.9903
mixed,4,3,0.75,4.0,16,0,512,2048,1664,174.369,207.425,206.784,0.9806
mixed,4,3,0.75,4.0,16,0,1024,4096,3328,315.776,381.218,380.77,0.9932
mixed,4,3,0.75,4.0,16,0,2048,8192,6656,600.61,732.035,732.067,1.0002
mixed,4,3,0.75,4.0,16,0,4096,16384,13312,1165.03,1423.527,1423.684,1.0006
mixed,4,3,0.75,4.0,16,512,128,512,416,75.776,78.656,76.288,0.1778
mixed,4,3,0.75,4.0,16,512,256,1024,832,99.841,119.553,119.808,1.0129
mixed,4,3,0.75,4.0,16,512,512,2048,1664,174.657,207.52,206.785,0.9776
mixed,4,3,0.75,4.0,16,512,1024,4096,3328,316.034,381.441,380.769,0.9897
mixed,4,3,0.75,4.0,16,512,2048,8192,6656,600.642,732.067,732.131,1.0005
mixed,4,3,0.75,4.0,16,512,4096,16384,13312,1165.8,1423.528,1422.726,0.9969
mixed,4,3,0.75,4.0,16,1024,128,512,416,118.463,119.138,119.104,0.9496
mixed,4,3,0.75,4.0,16,1024,256,1024,832,119.072,121.602,119.583,0.202
mixed,4,3,0.75,4.0,16,1024,512,2048,1664,174.595,207.363,206.466,0.9726
mixed,4,3,0.75,4.0,16,1024,1024,4096,3328,316.066,380.737,381.347,1.0094
mixed,4,3,0.75,4.0,16,1024,2048,8192,6656,600.995,732.419,732.164,0.9981
mixed,4,3,0.75,4.0,16,1024,4096,16384,13312,1165.701,1423.846,1423.178,0.9974
mixed,4,3,0.75,4.0,16,2048,128,512,416,204.834,205.057,204.801,-0.148
mixed,4,3,0.75,4.0,16,2048,256,1024,832,205.409,205.315,204.995,
mixed,4,3,0.75,4.0,16,2048,512,2048,1664,205.698,207.711,207.073,0.6831
mixed,4,3,0.75,4.0,16,2048,1024,4096,3328,315.938,381.345,380.962,0.9941
mixed,4,3,0.75,4.0,16,2048,2048,8192,6656,601.283,732.517,732.644,1.001
mixed,4,3,0.75,4.0,16,2048,4096,16384,13312,1165.733,1423.975,1423.206,0.997
mixed,4,3,0.75,4.0,16,4096,128,512,416,377.089,377.41,377.377,0.8972
mixed,4,3,0.75,4.0,16,4096,256,1024,832,377.793,377.314,377.888,
mixed,4,3,0.75,4.0,16,4096,512,2048,1664,377.379,377.473,377.505,1.3404
mixed,4,3,0.75,4.0,16,4096,1024,4096,3328,377.669,381.698,381.666,0.9921
mixed,4,3,0.75,4.0,16,4096,2048,8192,6656,600.995,732.675,732.386,0.9978
mixed,4,3,0.75,4.0,16,4096,4096,16384,13312,1165.381,1423.398,1423.176,0.9991
mixed,4,3,0.75,4.0,16,8192,128,512,416,724.834,725.413,725.186,0.6079
mixed,4,3,0.75,4.0,16,8192,256,1024,832,725.155,725.54,725.285,0.3377
mixed,4,3,0.75,4.0,16,8192,512,2048,1664,725.826,725.667,725.603,
mixed,4,3,0.75,4.0,16,8192,1024,4096,3328,725.57,725.603,726.244,20.4242
mixed,4,3,0.75,4.0,16,8192,2048,8192,6656,726.053,732.385,732.357,0.9956
mixed,4,3,0.75,4.0,16,8192,4096,16384,13312,1165.414,1423.909,1422.823,0.9958
mixed,4,3,0.75,4.0,32,0,128,512,416,67.488,76.608,76.606,0.9998
mixed,4,3,0.75,4.0,32,0,256,1024,832,100.544,120.0,120.033,1.0017
mixed,4,3,0.75,4.0,32,0,512,2048,1664,174.69,207.395,207.232,0.995
mixed,4,3,0.75,4.0,32,0,1024,4096,3328,316.673,381.698,381.027,0.9897
mixed,4,3,0.75,4.0,32,0,2048,8192,6656,600.741,732.291,732.162,0.999
mixed,4,3,0.75,4.0,32,0,4096,16384,13312,1165.286,1423.241,1423.174,0.9997
mixed,4,3,0.75,4.0,32,512,128,512,416,77.153,79.424,78.368,0.535
mixed,4,3,0.75,4.0,32,512,256,1024,832,100.512,120.001,120.0,0.9999
mixed,4,3,0.75,4.0,32,512,512,2048,1664,175.074,207.201,207.297,1.003
mixed,4,3,0.75,4.0,32,512,1024,4096,3328,316.322,381.667,381.568,0.9985
mixed,4,3,0.75,4.0,32,512,2048,8192,6656,600.961,732.804,731.873,0.9929
mixed,4,3,0.75,4.0,32,512,4096,16384,13312,1166.437,1423.751,1422.888,0.9966
mixed,4,3,0.75,4.0,32,1024,128,512,416,120.16,121.247,121.153,0.9135
mixed,4,3,0.75,4.0,32,1024,256,1024,832,120.257,122.561,121.059,0.3481
mixed,4,3,0.75,4.0,32,1024,512,2048,1664,174.944,207.842,207.041,0.9757
mixed,4,3,0.75,4.0,32,1024,1024,4096,3328,316.256,382.018,381.504,0.9922
mixed,4,3,0.75,4.0,32,1024,2048,8192,6656,601.187,732.483,732.484,1.0
mixed,4,3,0.75,4.0,32,1024,4096,16384,13312,1165.605,1423.944,1423.235,0.9973
mixed,4,3,0.75,4.0,32,2048,128,512,416,206.371,207.231,207.36,1.15
mixed,4,3,0.75,4.0,32,2048,256,1024,832,206.242,207.522,207.296,0.8234
mixed,4,3,0.75,4.0,32,2048,512,2048,1664,207.266,208.224,207.459,0.2015
mixed,4,3,0.75,4.0,32,2048,1024,4096,3328,316.64,382.083,382.017,0.999
mixed,4,3,0.75,4.0,32,2048,2048,8192,6656,601.346,732.675,732.901,1.0017
mixed,4,3,0.75,4.0,32,2048,4096,16384,13312,1165.379,1424.007,1423.046,0.9963
mixed,4,3,0.75,4.0,32,4096,128,512,416,378.082,379.585,378.948,0.5762
mixed,4,3,0.75,4.0,32,4096,256,1024,832,378.592,379.776,378.881,0.2441
mixed,4,3,0.75,4.0,32,4096,512,2048,1664,379.458,380.097,379.875,0.6526
mixed,4,3,0.75,4.0,32,4096,1024,4096,3328,380.161,382.018,381.441,0.6893
mixed,4,3,0.75,4.0,32,4096,2048,8192,6656,601.635,733.028,732.77,0.998
mixed,4,3,0.75,4.0,32,4096,4096,16384,13312,1165.668,1424.164,1422.694,0.9943
mixed,4,3,0.75,4.0,32,8192,128,512,416,726.211,726.948,726.755,0.7381
mixed,4,3,0.75,4.0,32,8192,256,1024,832,726.019,726.627,726.243,0.3684
mixed,4,3,0.75,4.0,32,8192,512,2048,1664,726.98,727.107,726.403,-4.5433
mixed,4,3,0.75,4.0,32,8192,1024,4096,3328,727.201,727.622,727.717,1.2257
mixed,4,3,0.75,4.0,32,8192,2048,8192,6656,727.427,732.516,732.738,1.0436
mixed,4,3,0.75,4.0,32,8192,4096,16384,13312,1166.244,1424.103,1423.75,0.9986
mixed,4,3,0.75,4.0,64,0,128,512,416,67.2,76.226,76.001,0.9751
mixed,4,3,0.75,4.0,64,0,256,1024,832,99.712,119.937,119.714,0.989
mixed,4,3,0.75,4.0,64,0,512,2048,1664,174.752,207.201,206.56,0.9802
mixed,4,3,0.75,4.0,64,0,1024,4096,3328,316.064,381.569,381.185,0.9941
mixed,4,3,0.75,4.0,64,0,2048,8192,6656,601.378,731.427,731.426,1.0
mixed,4,3,0.75,4.0,64,0,4096,16384,13312,1164.774,1422.756,1422.601,0.9994
mixed,4,3,0.75,4.0,64,512,128,512,416,77.952,79.841,78.241,0.153
mixed,4,3,0.75,4.0,64,512,256,1024,832,99.872,119.712,119.68,0.9984
mixed,4,3,0.75,4.0,64,512,512,2048,1664,174.784,207.168,207.04,0.996
mixed,4,3,0.75,4.0,64,512,1024,4096,3328,316.386,381.826,380.961,0.9868
mixed,4,3,0.75,4.0,64,512,2048,8192,6656,601.284,732.805,732.513,0.9978
mixed,4,3,0.75,4.0,64,512,4096,16384,13312,1165.477,1423.114,1423.524,1.0016
mixed,4,3,0.75,4.0,64,1024,128,512,416,120.928,121.504,121.375,0.776
mixed,4,3,0.75,4.0,64,1024,256,1024,832,121.249,122.785,121.633,0.25
mixed,4,3,0.75,4.0,64,1024,512,2048,1664,174.657,207.491,206.85,0.9805
mixed,4,3,0.75,4.0,64,1024,1024,4096,3328,317.025,381.475,381.346,0.998
mixed,4,3,0.75,4.0,64,1024,2048,8192,6656,601.444,732.708,732.51,0.9985
mixed,4,3,0.75,4.0,64,1024,4096,16384,13312,1165.189,1423.909,1423.401,0.998
mixed,4,3,0.75,4.0,64,2048,128,512,416,207.136,207.489,207.329,0.5467
mixed,4,3,0.75,4.0,64,2048,256,1024,832,207.104,207.52,207.521,1.0024
mixed,4,3,0.75,4.0,64,2048,512,2048,1664,207.873,208.481,207.905,0.0526
mixed,4,3,0.75,4.0,64,2048,1024,4096,3328,316.451,381.538,381.409,0.998
mixed,4,3,0.75,4.0,64,2048,2048,8192,6656,601.473,732.484,732.388,0.9993
mixed,4,3,0.75,4.0,64,2048,4096,16384,13312,1165.221,1423.588,1422.662,0.9964
mixed,4,3,0.75,4.0,64,4096,128,512,416,379.362,379.682,379.361,-0.0031
mixed,4,3,0.75,4.0,64,4096,256,1024,832,379.586,379.746,380.066,3.0
mixed,4,3,0.75,4.0,64,4096,512,2048,1664,380.065,380.321,380.194,0.5039
mixed,4,3,0.75,4.0,64,4096,1024,4096,3328,380.386,381.378,381.57,1.1935
mixed,4,3,0.75,4.0,64,4096,2048,8192,6656,601.315,732.708,732.482,0.9983
mixed,4,3,0.75,4.0,64,4096,4096,16384,13312,1165.639,1423.623,1423.655,1.0001
mixed,4,3,0.75,4.0,64,8192,128,512,416,727.107,727.138,727.011,-3.0968
mixed,4,3,0.75,4.0,64,8192,256,1024,832,726.947,727.267,727.426,1.4969
mixed,4,3,0.75,4.0,64,8192,512,2048,1664,726.98,727.523,727.299,0.5875
mixed,4,3,0.75,4.0,64,8192,1024,4096,3328,727.747,728.195,727.267,-1.0714
mixed,4,3,0.75,4.0,64,8192,2048,8192,6656,727.97,732.389,732.516,1.0287
mixed,4,3,0.75,4.0,64,8192,4096,16384,13312,1165.028,1423.784,1423.91,1.0005
mixed,4,3,0.75,4.0,128,0,128,512,416,67.872,77.056,77.056,1.0
mixed,4,3,0.75,4.0,128,0,256,1024,832,100.673,120.192,119.873,0.9837
mixed,4,3,0.75,4.0,128,0,512,2048,1664,174.911,207.519,207.617,1.003
mixed,4,3,0.75,4.0,128,0,1024,4096,3328,318.69,381.953,381.763,0.997
mixed,4,3,0.75,4.0,128,0,2048,8192,6656,600.9,732.866,732.292,0.9957
mixed,4,3,0.75,4.0,128,0,4096,16384,13312,1165.382,1424.266,1423.849,0.9984
mixed,4,3,0.75,4.0,128,512,128,512,416,78.88,80.353,79.071,0.1297
mixed,4,3,0.75,4.0,128,512,256,1024,832,100.736,120.256,120.609,1.0181
mixed,4,3,0.75,4.0,128,512,512,2048,1664,175.168,207.872,207.649,0.9932
mixed,4,3,0.75,4.0,128,512,1024,4096,3328,317.025,383.458,381.889,0.9764
mixed,4,3,0.75,4.0,128,512,2048,8192,6656,601.795,732.676,732.867,1.0015
mixed,4,3,0.75,4.0,128,512,4096,16384,13312,1165.733,1424.806,1424.583,0.9991
mixed,4,3,0.75,4.0,128,1024,128,512,416,121.889,122.016,121.92,0.2441
mixed,4,3,0.75,4.0,128,1024,256,1024,832,121.92,123.393,122.176,0.1738
mixed,4,3,0.75,4.0,128,1024,512,2048,1664,174.976,208.097,207.457,0.9807
mixed,4,3,0.75,4.0,128,1024,1024,4096,3328,316.129,383.139,382.176,0.9856
mixed,4,3,0.75,4.0,128,1024,2048,8192,6656,601.316,732.61,732.74,1.001
mixed,4,3,0.75,4.0,128,1024,4096,16384,13312,1165.223,1424.55,1424.423,0.9995
mixed,4,3,0.75,4.0,128,2048,128,512,416,208.13,207.905,208.0,
mixed,4,3,0.75,4.0,128,2048,256,1024,832,208.226,208.097,207.969,
mixed,4,3,0.75,4.0,128,2048,512,2048,1664,208.543,209.505,208.577,0.0353
mixed,4,3,0.75,4.0,128,2048,1024,4096,3328,316.771,382.018,381.761,0.9961
mixed,4,3,0.75,4.0,128,2048,2048,8192,6656,601.155,732.931,733.187,1.0019
mixed,4,3,0.75,4.0,128,2048,4096,16384,13312,1165.795,1425.255,1424.969,0.9989
mixed,4,3,0.75,4.0,128,4096,128,512,416,379.873,379.935,380.067,3.129
mixed,4,3,0.75,4.0,128,4096,256,1024,832,379.939,380.097,379.874,-0.4114
mixed,4,3,0.75,4.0,128,4096,512,2048,1664,380.706,380.993,380.419,-1.0
mixed,4,3,0.75,4.0,128,4096,1024,4096,3328,381.25,382.531,382.338,0.8493
mixed,4,3,0.75,4.0,128,4096,2048,8192,6656,602.274,733.316,732.933,0.9971
mixed,4,3,0.75,4.0,128,4096,4096,16384,13312,1166.629,1425.19,1424.071,0.9957
mixed,4,3,0.75,4.0,128,8192,128,512,416,727.363,727.14,727.203,
mixed,4,3,0.75,4.0,128,8192,256,1024,832,727.842,727.524,727.235,
mixed,4,3,0.75,4.0,128,8192,512,2048,1664,727.204,727.299,726.852,-3.7053
mixed,4,3,0.75,4.0,128,8192,1024,4096,3328,727.97,727.938,728.005,
mixed,4,3,0.75,4.0,128,8192,2048,8192,6656,727.588,733.378,733.123,0.956
mixed,4,3,0.75,4.0,128,8192,4096,16384,13312,1167.013,1425.351,1425.414,1.0002
mixed,4,3,0.75,4.0,256,0,128,512,416,69.28,77.76,77.922,1.0191
mixed,4,3,0.75,4.0,256,0,256,1024,832,101.44,121.219,121.217,0.9999
mixed,4,3,0.75,4.0,256,0,512,2048,1664,175.874,209.024,209.09,1.002
mixed,4,3,0.75,4.0,256,0,1024,4096,3328,317.026,383.041,383.009,0.9995
mixed,4,3,0.75,4.0,256,0,2048,8192,6656,601.764,734.275,733.764,0.9961
mixed,4,3,0.75,4.0,256,0,4096,16384,13312,1167.399,1428.389,1427.078,0.995
mixed,4,3,0.75,4.0,256,512,128,512,416,90.304,90.337,90.785,14.5758
mixed,4,3,0.75,4.0,256,512,256,1024,832,101.919,121.697,121.376,0.9838
mixed,4,3,0.75,4.0,256,512,512,2048,1664,176.641,208.993,208.576,0.9871
mixed,4,3,0.75,4.0,256,512,1024,4096,3328,317.442,383.457,383.234,0.9966
mixed,4,3,0.75,4.0,256,512,2048,8192,6656,602.212,734.242,734.595,1.0027
mixed,4,3,0.75,4.0,256,512,4096,16384,13312,1167.525,1428.231,1427.016,0.9953
mixed,4,3,0.75,4.0,256,1024,128,512,416,131.167,132.001,131.427,0.3118
mixed,4,3,0.75,4.0,256,1024,256,1024,832,131.104,132.961,131.873,0.4141
mixed,4,3,0.75,4.0,256,1024,512,2048,1664,176.482,208.994,208.831,0.995
mixed,4,3,0.75,4.0,256,1024,1024,4096,3328,317.346,383.844,383.105,0.9889
mixed,4,3,0.75,4.0,256,1024,2048,8192,6656,602.402,734.628,734.083,0.9959
mixed,4,3,0.75,4.0,256,1024,4096,16384,13312,1167.684,1428.582,1427.912,0.9974
mixed,4,3,0.75,4.0,256,2048,128,512,416,215.007,216.163,216.162,0.9991
mixed,4,3,0.75,4.0,256,2048,256,1024,832,215.298,216.482,215.295,-0.0025
mixed,4,3,0.75,4.0,256,2048,512,2048,1664,216.545,215.839,216.001,
mixed,4,3,0.75,4.0,256,2048,1024,4096,3328,317.731,383.265,383.968,1.0107
mixed,4,3,0.75,4.0,256,2048,2048,8192,6656,602.816,734.754,734.308,0.9966
mixed,4,3,0.75,4.0,256,2048,4096,16384,13312,1168.454,1427.463,1426.662,0.9969
mixed,4,3,0.75,4.0,256,4096,128,512,416,382.05,382.782,382.561,0.6981
mixed,4,3,0.75,4.0,256,4096,256,1024,832,382.243,382.593,382.753,1.4571
mixed,4,3,0.75,4.0,256,4096,512,2048,1664,383.268,383.681,383.138,-0.3148
mixed,4,3,0.75,4.0,256,4096,1024,4096,3328,384.162,384.961,384.928,0.9587
mixed,4,3,0.75,4.0,256,4096,2048,8192,6656,603.364,734.692,735.812,1.0085
mixed,4,3,0.75,4.0,256,4096,4096,16384,13312,1168.103,1429.0,1429.478,1.0018
mixed,4,3,0.75,4.0,256,8192,128,512,416,729.539,729.668,729.666,0.9845
mixed,4,3,0.75,4.0,256,8192,256,1024,832,729.795,729.763,729.986,
mixed,4,3,0.75,4.0,256,8192,512,2048,1664,730.242,729.732,729.602,
mixed,4,3,0.75,4.0,256,8192,1024,4096,3328,730.274,730.756,730.115,-0.3299
mixed,4,3,0.75,4.0,256,8192,2048,8192,6656,730.754,736.964,735.942,0.8354
mixed,4,3,0.75,4.0,256,8192,4096,16384,13312,1170.374,1431.365,1430.307,0.9959
mixed,4,3,0.75,4.0,512,0,128,512,416,72.13,80.864,81.088,1.0256
mixed,4,3,0.75,4.0,512,0,256,1024,832,103.745,123.68,123.521,0.992
mixed,4,3,0.75,4.0,512,0,512,2048,1664,177.73,211.072,211.039,0.999
mixed,4,3,0.75,4.0,512,0,1024,4096,3328,319.361,385.25,384.96,0.9956
mixed,4,3,0.75,4.0,512,0,2048,8192,6656,604.354,736.804,735.779,0.9923
mixed,4,3,0.75,4.0,512,0,4096,16384,13312,1169.285,1427.113,1428.365,1.0049
mixed,4,3,0.75,4.0,512,512,128,512,416,115.328,114.145,114.528,
mixed,4,3,0.75,4.0,512,512,256,1024,832,114.592,124.32,124.065,0.9738
mixed,4,3,0.75,4.0,512,512,512,2048,1664,179.04,211.554,211.169,0.9882
mixed,4,3,0.75,4.0,512,512,1024,4096,3328,320.481,386.115,385.698,0.9936
mixed,4,3,0.75,4.0,512,512,2048,8192,6656,605.09,737.252,737.059,0.9985
mixed,4,3,0.75,4.0,512,512,4096,16384,13312,1170.118,1428.13,1426.728,0.9946
mixed,4,3,0.75,4.0,512,1024,128,512,416,156.225,155.777,157.027,
mixed,4,3,0.75,4.0,512,1024,256,1024,832,157.024,157.377,156.416,-1.7224
mixed,4,3,0.75,4.0,512,1024,512,2048,1664,178.178,211.488,211.842,1.0106
mixed,4,3,0.75,4.0,512,1024,1024,4096,3328,320.641,386.947,385.953,0.985
mixed,4,3,0.75,4.0,512,1024,2048,8192,6656,606.243,737.444,736.162,0.9902
mixed,4,3,0.75,4.0,512,1024,4096,16384,13312,1169.638,1427.15,1427.11,0.9998
mixed,4,3,0.75,4.0,512,2048,128,512,416,238.978,239.233,239.905,3.6353
mixed,4,3,0.75,4.0,512,2048,256,1024,832,239.297,239.232,240.801,
mixed,4,3,0.75,4.0,512,2048,512,2048,1664,240.418,240.226,240.323,
mixed,4,3,0.75,4.0,512,2048,1024,4096,3328,320.483,386.242,385.986,0.9961
mixed,4,3,0.75,4.0,512,2048,2048,8192,6656,606.051,736.675,736.867,1.0015
mixed,4,3,0.75,4.0,512,2048,4096,16384,13312,1171.875,1428.423,1428.327,0.9996
mixed,4,3,0.75,4.0,512,4096,128,512,416,406.883,406.465,405.6,
mixed,4,3,0.75,4.0,512,4096,256,1024,832,407.393,406.467,406.338,
mixed,4,3,0.75,4.0,512,4096,512,2048,1664,407.01,407.073,406.178,-13.2063
mixed,4,3,0.75,4.0,512,4096,1024,4096,3328,407.776,409.219,408.289,0.3555
mixed,4,3,0.75,4.0,512,4096,2048,8192,6656,606.658,737.732,738.404,1.0051
mixed,4,3,0.75,4.0,512,4096,4096,16384,13312,1171.364,1429.701,1430.565,1.0033
mixed,4,3,0.75,4.0,512,8192,128,512,416,741.411,742.725,740.548,-0.6568
mixed,4,3,0.75,4.0,512,8192,256,1024,832,741.732,741.666,740.677,
mixed,4,3,0.75,4.0,512,8192,512,2048,1664,742.499,742.308,741.571,
mixed,4,3,0.75,4.0,512,8192,1024,4096,3328,743.332,744.131,743.491,0.199
mixed,4,3,0.75,4.0,512,8192,2048,8192,6656,744.068,746.051,745.059,0.4997
mixed,4,3,0.75,4.0,512,8192,4096,16384,13312,1173.444,1432.201,1434.055,1.0072
mixed,4,3,0.75,4.0,1024,0,128,512,416,125.825,124.96,124.864,
mixed,4,3,0.75,4.0,1024,0,256,1024,832,125.536,141.857,137.28,0.7196
mixed,4,3,0.75,4.0,1024,0,512,2048,1664,193.634,225.538,220.289,0.8355
mixed,4,3,0.75,4.0,1024,0,1024,4096,3328,330.657,392.579,391.619,0.9845
mixed,4,3,0.75,4.0,1024,0,2048,8192,6656,612.071,744.709,745.508,1.006
mixed,4,3,0.75,4.0,1024,0,4096,16384,13312,1177.734,1434.949,1435.015,1.0003
mixed,4,3,0.75,4.0,1024,512,128,512,416,168.259,169.057,167.712,-0.6855
mixed,4,3,0.75,4.0,1024,512,256,1024,832,170.433,168.928,167.297,
mixed,4,3,0.75,4.0,1024,512,512,2048,1664,196.835,227.65,222.657,0.838
mixed,4,3,0.75,4.0,1024,512,1024,4096,3328,332.194,394.241,393.058,0.9809
mixed,4,3,0.75,4.0,1024,512,2048,8192,6656,613.412,744.931,744.005,0.993
mixed,4,3,0.75,4.0,1024,512,4096,16384,13312,1178.949,1438.118,1435.849,0.9912
mixed,4,3,0.75,4.0,1024,1024,128,512,416,211.137,210.689,210.176,
mixed,4,3,0.75,4.0,1024,1024,256,1024,832,211.905,213.345,213.024,0.7771
mixed,4,3,0.75,4.0,1024,1024,512,2048,1664,212.992,227.169,222.915,0.6999
mixed,4,3,0.75,4.0,1024,1024,1024,4096,3328,331.329,394.402,393.314,0.9828
mixed,4,3,0.75,4.0,1024,1024,2048,8192,6656,613.569,744.931,746.464,1.0117
mixed,4,3,0.75,4.0,1024,1024,4096,16384,13312,1179.688,1435.366,1436.679,1.0051
mixed,4,3,0.75,4.0,1024,2048,128,512,416,296.322,294.434,295.105,
mixed,4,3,0.75,4.0,1024,2048,256,1024,832,294.083,293.954,296.835,
mixed,4,3,0.75,4.0,1024,2048,512,2048,1664,296.483,297.889,296.387,-0.0683
mixed,4,3,0.75,4.0,1024,2048,1024,4096,3328,335.616,397.376,394.851,0.9591
mixed,4,3,0.75,4.0,1024,2048,2048,8192,6656,613.892,745.987,746.822,1.0063
mixed,4,3,0.75,4.0,1024,2048,4096,16384,13312,1181.767,1439.427,1439.846,1.0016
mixed,4,3,0.75,4.0,1024,4096,128,512,416,461.891,462.241,463.875,5.6686
mixed,4,3,0.75,4.0,1024,4096,256,1024,832,465.412,465.059,465.188,
mixed,4,3,0.75,4.0,1024,4096,512,2048,1664,465.537,464.163,463.844,
mixed,4,3,0.75,4.0,1024,4096,1024,4096,3328,466.946,467.367,466.37,-1.3682
mixed,4,3,0.75,4.0,1024,4096,2048,8192,6656,619.235,749.924,749.059,0.9934
mixed,4,3,0.75,4.0,1024,4096,4096,16384,13312,1184.839,1441.51,1439.429,0.9919
mixed,4,3,0.75,4.0,1024,8192,128,512,416,803.781,797.763,800.033,
mixed,4,3,0.75,4.0,1024,8192,256,1024,832,804.1,801.827,801.477,
mixed,4,3,0.75,4.0,1024,8192,512,2048,1664,801.026,801.891,804.934,4.5179
mixed,4,3,0.75,4.0,1024,8192,1024,4096,3328,802.149,805.89,804.453,0.6159
mixed,4,3,0.75,4.0,1024,8192,2048,8192,6656,803.972,811.618,809.41,0.7112
mixed,4,3,0.75,4.0,1024,8192,4096,16384,13312,1188.261,1447.686,1447.078,0.9977
mixed,4,3,0.75,4.0,2048,0,128,512,416,312.419,310.367,312.002,
mixed,4,3,0.75,4.0,2048,0,256,1024,832,312.833,319.617,316.035,0.472
mixed,4,3,0.75,4.0,2048,0,512,2048,1664,324.739,355.072,347.905,0.7637
mixed,4,3,0.75,4.0,2048,0,1024,4096,3328,460.355,522.913,515.363,0.8793
mixed,4,3,0.75,4.0,2048,0,2048,8192,6656,728.708,853.411,850.853,0.9795
mixed,4,3,0.75,4.0,2048,0,4096,16384,13312,1267.333,1517.447,1510.727,0.9731
mixed,4,3,0.75,4.0,2048,512,128,512,416,398.754,398.847,396.93,-19.6129
mixed,4,3,0.75,4.0,2048,512,256,1024,832,400.482,397.889,397.027,
mixed,4,3,0.75,4.0,2048,512,512,2048,1664,415.073,420.323,418.242,0.6036
mixed,4,3,0.75,4.0,2048,512,1024,4096,3328,522.466,585.634,577.121,0.8652
mixed,4,3,0.75,4.0,2048,512,2048,8192,6656,794.982,917.315,912.066,0.9571
mixed,4,3,0.75,4.0,2048,512,4096,16384,13312,1330.535,1578.182,1573.736,0.982
mixed,4,3,0.75,4.0,2048,1024,128,512,416,485.122,483.522,481.184,
mixed,4,3,0.75,4.0,2048,1024,256,1024,832,484.003,485.091,482.112,-1.7381
mixed,4,3,0.75,4.0,2048,1024,512,2048,1664,484.544,494.625,494.37,0.9747
mixed,4,3,0.75,4.0,2048,1024,1024,4096,3328,573.347,636.195,628.61,0.8793
mixed,4,3,0.75,4.0,2048,1024,2048,8192,6656,840.195,966.532,954.598,0.9055
mixed,4,3,0.75,4.0,2048,1024,4096,16384,13312,1385.35,1629.126,1621.321,0.968
mixed,4,3,0.75,4.0,2048,2048,128,512,416,649.699,649.092,647.555,
mixed,4,3,0.75,4.0,2048,2048,256,1024,832,650.371,649.954,650.594,
mixed,4,3,0.75,4.0,2048,2048,512,2048,1664,650.5,651.14,649.859,-1.0016
mixed,4,3,0.75,4.0,2048,2048,1024,4096,3328,675.586,721.859,709.568,0.7344
mixed,4,3,0.75,4.0,2048,2048,2048,8192,6656,933.571,1053.605,1040.351,0.8896
mixed,4,3,0.75,4.0,2048,2048,4096,16384,13312,1466.086,1717.288,1711.239,0.9759
mixed,4,3,0.75,4.0,2048,4096,128,512,416,976.9,979.327,979.327,1.0
mixed,4,3,0.75,4.0,2048,4096,256,1024,832,983.811,980.485,978.887,
mixed,4,3,0.75,4.0,2048,4096,512,2048,1664,984.548,981.926,982.566,
mixed,4,3,0.75,4.0,2048,4096,1024,4096,3328,984.291,983.97,984.772,
mixed,4,3,0.75,4.0,2048,4096,2048,8192,6656,1102.725,1229.413,1218.022,0.9101
mixed,4,3,0.75,4.0,2048,4096,4096,16384,13312,1649.418,1898.727,1884.581,0.9433
mixed,4,3,0.75,4.0,2048,8192,128,512,416,1647.909,1648.806,1641.162,-7.5217
mixed,4,3,0.75,4.0,2048,8192,256,1024,832,1649.484,1648.424,1650.887,
mixed,4,3,0.75,4.0,2048,8192,512,2048,1664,1650.28,1650.439,1648.232,-12.8805
mixed,4,3,0.75,4.0,2048,8192,1024,4096,3328,1650.44,1654.855,1650.217,-0.0505
mixed,4,3,0.75,4.0,2048,8192,2048,8192,6656,1651.878,1651.241,1651.591,
mixed,4,3,0.75,4.0,2048,8192,4096,16384,13312,1997.361,2259.817,2234.157,0.9022
pure,8,1,0.125,4.0,0,0,128,512,176,59.264,64.707,60.8,0.2822
pure,8,1,0.125,4.0,0,0,256,1024,352,61.665,77.312,65.824,0.2658
pure,8,1,0.125,4.0,0,0,512,2048,704,69.12,107.872,76.033,0.1784
pure,8,1,0.125,4.0,0,0,1024,4096,1408,91.267,152.675,94.273,0.049
pure,8,1,0.125,4.0,0,0,2048,8192,2816,134.24,242.723,135.073,0.0077
pure,8,1,0.125,4.0,0,0,4096,16384,5632,188.417,410.627,211.364,0.1033
mixed,8,1,0.125,4.0,16,0,128,512,176,45.856,76.128,74.88,0.9588
mixed,8,1,0.125,4.0,16,0,256,1024,352,57.024,119.52,118.848,0.9892
mixed,8,1,0.125,4.0,16,0,512,2048,704,89.474,207.84,205.218,0.9778
mixed,8,1,0.125,4.0,16,0,1024,4096,1408,153.761,382.241,378.273,0.9826
mixed,8,1,0.125,4.0,16,0,2048,8192,2816,273.122,734.179,721.89,0.9733
mixed,8,1,0.125,4.0,16,0,4096,16384,5632,513.987,1429.544,1414.885,0.984
mixed,8,1,0.125,4.0,16,512,128,512,176,75.201,78.817,75.264,0.0174
mixed,8,1,0.125,4.0,16,512,256,1024,352,75.328,119.776,118.496,0.9712
mixed,8,1,0.125,4.0,16,512,512,2048,704,89.248,208.224,205.183,0.9744
mixed,8,1,0.125,4.0,16,512,1024,4096,1408,153.952,381.858,378.401,0.9848
mixed,8,1,0.125,4.0,16,512,2048,8192,2816,273.41,734.147,721.988,0.9736
mixed,8,1,0.125,4.0,16,512,4096,16384,5632,514.498,1429.698,1414.759,0.9837
mixed,8,1,0.125,4.0,16,1024,128,512,176,118.081,118.56,118.495,0.8643
mixed,8,1,0.125,4.0,16,1024,256,1024,352,118.495,121.92,118.752,0.075
mixed,8,1,0.125,4.0,16,1024,512,2048,704,118.465,208.386,205.057,0.963
mixed,8,1,0.125,4.0,16,1024,1024,4096,1408,153.505,382.561,377.954,0.9799
mixed,8,1,0.125,4.0,16,1024,2048,8192,2816,273.154,734.595,721.795,0.9723
mixed,8,1,0.125,4.0,16,1024,4096,16384,5632,513.602,1430.118,1415.464,0.984
mixed,8,1,0.125,4.0,16,2048,128,512,176,204.194,204.385,204.322,0.6702
mixed,8,1,0.125,4.0,16,2048,256,1024,352,204.257,204.801,204.608,0.6452
mixed,8,1,0.125,4.0,16,2048,512,2048,704,204.609,208.418,205.442,0.2187
mixed,8,1,0.125,4.0,16,2048,1024,4096,1408,204.321,382.339,377.986,0.9755
mixed,8,1,0.125,4.0,16,2048,2048,8192,2816,273.377,734.596,722.053,0.9728
mixed,8,1,0.125,4.0,16,2048,4096,16384,5632,514.626,1430.727,1415.687,0.9836
mixed,8,1,0.125,4.0,16,4096,128,512,176,376.099,376.353,376.129,0.1181
mixed,8,1,0.125,4.0,16,4096,256,1024,352,376.482,376.482,375.809,
mixed,8,1,0.125,4.0,16,4096,512,2048,704,376.291,377.029,376.289,-0.0027
mixed,8,1,0.125,4.0,16,4096,1024,4096,1408,376.674,382.849,378.563,0.3059
mixed,8,1,0.125,4.0,16,4096,2048,8192,2816,376.801,734.276,721.956,0.9655
mixed,8,1,0.125,4.0,16,4096,4096,16384,5632,514.051,1431.111,1415.684,0.9832
mixed,8,1,0.125,4.0,16,8192,128,512,176,723.875,724.675,723.427,-0.56
mixed,8,1,0.125,4.0,16,8192,256,1024,352,723.426,725.347,723.875,0.2337
mixed,8,1,0.125,4.0,16,8192,512,2048,704,724.386,725.665,724.035,-0.2744
mixed,8,1,0.125,4.0,16,8192,1024,4096,1408,725.634,726.595,726.148,0.5349
mixed,8,1,0.125,4.0,16,8192,2048,8192,2816,726.116,735.877,725.731,-0.0394
mixed,8,1,0.125,4.0,16,8192,4096,16384,5632,726.468,1432.326,1415.814,0.9766
mixed,8,1,0.125,4.0,32,0,128,512,176,47.009,77.184,76.289,0.9703
mixed,8,1,0.125,4.0,32,0,256,1024,352,58.208,120.896,119.649,0.9801
mixed,8,1,0.125,4.0,32,0,512,2048,704,89.984,209.122,205.952,0.9734
mixed,8,1,0.125,4.0,32,0,1024,4096,1408,154.432,383.009,379.298,0.9838
mixed,8,1,0.125,4.0,32,0,2048,8192,2816,274.594,734.916,722.788,0.9737
mixed,8,1,0.125,4.0,32,0,4096,16384,5632,515.363,1431.302,1415.906,0.9832
mixed,8,1,0.125,4.0,32,512,128,512,176,77.248,80.0,77.312,0.0233
mixed,8,1,0.125,4.0,32,512,256,1024,352,77.313,120.448,119.232,0.9718
mixed,8,1,0.125,4.0,32,512,512,2048,704,89.76,209.76,206.305,0.9712
mixed,8,1,0.125,4.0,32,512,1024,4096,1408,154.754,383.81,379.297,0.9803
mixed,8,1,0.125,4.0,32,512,2048,8192,2816,274.977,736.004,723.268,0.9724
mixed,8,1,0.125,4.0,32,512,4096,16384,5632,515.651,1432.646,1415.27,0.9811
mixed,8,1,0.125,4.0,32,1024,128,512,176,120.129,122.272,120.096,-0.0154
mixed,8,1,0.125,4.0,32,1024,256,1024,352,120.609,122.88,121.217,0.2677
mixed,8,1,0.125,4.0,32,1024,512,2048,704,120.833,209.346,206.338,0.966
mixed,8,1,0.125,4.0,32,1024,1024,4096,1408,155.009,383.395,378.56,0.9788
mixed,8,1,0.125,4.0,32,1024,2048,8192,2816,274.691,735.235,722.627,0.9726
mixed,8,1,0.125,4.0,32,1024,4096,16384,5632,515.81,1432.774,1416.43,0.9822
mixed,8,1,0.125,4.0,32,2048,128,512,176,205.856,207.586,205.89,0.0197
mixed,8,1,0.125,4.0,32,2048,256,1024,352,206.241,208.225,207.106,0.436
mixed,8,1,0.125,4.0,32,2048,512,2048,704,206.658,209.216,207.681,0.3999
mixed,8,1,0.125,4.0,32,2048,1024,4096,1408,208.544,383.457,379.329,0.9764
mixed,8,1,0.125,4.0,32,2048,2048,8192,2816,274.241,736.035,723.556,0.973
mixed,8,1,0.125,4.0,32,2048,4096,16384,5632,515.394,1432.743,1416.326,0.9821
mixed,8,1,0.125,4.0,32,4096,128,512,176,377.984,379.778,378.691,0.3941
mixed,8,1,0.125,4.0,32,4096,256,1024,352,377.857,380.193,379.201,0.5753
mixed,8,1,0.125,4.0,32,4096,512,2048,704,378.308,380.64,380.226,0.8225
mixed,8,1,0.125,4.0,32,4096,1024,4096,1408,380.577,383.939,380.289,-0.0857
mixed,8,1,0.125,4.0,32,4096,2048,8192,2816,380.898,735.906,723.045,0.9638
mixed,8,1,0.125,4.0,32,4096,4096,16384,5632,515.586,1432.841,1415.974,0.9816
mixed,8,1,0.125,4.0,32,8192,128,512,176,725.026,726.947,725.637,0.3181
mixed,8,1,0.125,4.0,32,8192,256,1024,352,725.187,726.882,726.435,0.7363
mixed,8,1,0.125,4.0,32,8192,512,2048,704,725.284,727.394,726.947,0.7882
mixed,8,1,0.125,4.0,32,8192,1024,4096,1408,727.268,727.042,727.011,
mixed,8,1,0.125,4.0,32,8192,2048,8192,2816,727.974,736.483,727.205,-0.0904
mixed,8,1,0.125,4.0,32,8192,4096,16384,5632,727.461,1432.326,1415.532,0.9762
mixed,8,1,0.125,4.0,64,0,128,512,176,46.688,76.639,75.552,0.9637
mixed,8,1,0.125,4.0,64,0,256,1024,352,57.632,120.416,118.945,0.9766
mixed,8,1,0.125,4.0,64,0,512,2048,704,89.408,208.641,206.05,0.9783
mixed,8,1,0.125,4.0,64,0,1024,4096,1408,154.113,382.786,378.498,0.9812
mixed,8,1,0.125,4.0,64,0,2048,8192,2816,274.178,734.918,722.149,0.9723
mixed,8,1,0.125,4.0,64,0,4096,16384,5632,514.915,1431.974,1415.334,0.9819
mixed,8,1,0.125,4.0,64,512,128,512,176,77.696,80.192,78.561,0.3466
mixed,8,1,0.125,4.0,64,512,256,1024,352,77.921,120.256,118.847,0.9667
mixed,8,1,0.125,4.0,64,512,512,2048,704,89.92,208.547,205.761,0.9765
mixed,8,1,0.125,4.0,64,512,1024,4096,1408,154.432,383.139,378.532,0.9799
mixed,8,1,0.125,4.0,64,512,2048,8192,2816,274.338,735.237,722.465,0.9723
mixed,8,1,0.125,4.0,64,512,4096,16384,5632,515.971,1431.782,1415.206,0.9819
mixed,8,1,0.125,4.0,64,1024,128,512,176,120.736,122.24,121.377,0.4262
mixed,8,1,0.125,4.0,64,1024,256,1024,352,120.864,123.392,121.76,0.3544
mixed,8,1,0.125,4.0,64,1024,512,2048,704,121.152,208.704,206.081,0.97
mixed,8,1,0.125,4.0,64,1024,1024,4096,1408,154.433,383.682,379.106,0.98
mixed,8,1,0.125,4.0,64,1024,2048,8192,2816,274.337,735.171,722.979,0.9735
mixed,8,1,0.125,4.0,64,1024,4096,16384,5632,515.652,1431.174,1416.295,0.9837
mixed,8,1,0.125,4.0,64,2048,128,512,176,206.753,208.258,207.458,0.4684
mixed,8,1,0.125,4.0,64,2048,256,1024,352,206.944,208.962,207.648,0.3489
mixed,8,1,0.125,4.0,64,2048,512,2048,704,206.849,209.602,208.544,0.6157
mixed,8,1,0.125,4.0,64,2048,1024,4096,1408,208.578,384.804,378.724,0.9655
mixed,8,1,0.125,4.0,64,2048,2048,8192,2816,274.337,735.654,722.566,0.9716
mixed,8,1,0.125,4.0,64,2048,4096,16384,5632,514.689,1431.431,1415.942,0.9831
mixed,8,1,0.125,4.0,64,4096,128,512,176,378.435,379.876,379.009,0.3983
mixed,8,1,0.125,4.0,64,4096,256,1024,352,378.628,380.676,379.746,0.5459
mixed,8,1,0.125,4.0,64,4096,512,2048,704,379.267,380.869,380.194,0.5787
mixed,8,1,0.125,4.0,64,4096,1024,4096,1408,380.672,384.293,380.642,-0.0083
mixed,8,1,0.125,4.0,64,4096,2048,8192,2816,381.059,735.749,722.212,0.9618
mixed,8,1,0.125,4.0,64,4096,4096,16384,5632,516.226,1432.743,1415.62,0.9813
mixed,8,1,0.125,4.0,64,8192,128,512,176,725.795,726.595,726.499,0.88
mixed,8,1,0.125,4.0,64,8192,256,1024,352,726.308,727.328,726.626,0.3118
mixed,8,1,0.125,4.0,64,8192,512,2048,704,726.306,727.683,726.726,0.305
mixed,8,1,0.125,4.0,64,8192,1024,4096,1408,727.619,727.908,726.691,-3.2111
mixed,8,1,0.125,4.0,64,8192,2048,8192,2816,729.091,736.005,728.644,-0.0647
mixed,8,1,0.125,4.0,64,8192,4096,16384,5632,727.876,1431.879,1416.071,0.9775
mixed,8,1,0.125,4.0,128,0,128,512,176,47.234,77.153,75.585,0.9476
mixed,8,1,0.125,4.0,128,0,256,1024,352,58.274,121.155,118.945,0.9649
mixed,8,1,0.125,4.0,128,0,512,2048,704,90.943,210.017,205.28,0.9602
mixed,8,1,0.125,4.0,128,0,1024,4096,1408,154.848,383.299,377.861,0.9762
mixed,8,1,0.125,4.0,128,0,2048,8192,2816,274.083,735.491,721.22,0.9691
mixed,8,1,0.125,4.0,128,0,4096,16384,5632,514.817,1429.766,1411.625,0.9802
mixed,8,1,0.125,4.0,128,512,128,512,176,78.943,80.704,79.008,0.0369
mixed,8,1,0.125,4.0,128,512,256,1024,352,79.009,121.696,118.975,0.9363
mixed,8,1,0.125,4.0,128,512,512,2048,704,91.648,209.473,205.568,0.9669
mixed,8,1,0.125,4.0,128,512,1024,4096,1408,154.625,384.065,377.985,0.9735
mixed,8,1,0.125,4.0,128,512,2048,8192,2816,274.402,735.491,721.347,0.9693
mixed,8,1,0.125,4.0,128,512,4096,16384,5632,515.427,1429.03,1412.741,0.9822
mixed,8,1,0.125,4.0,128,1024,128,512,176,121.729,122.785,122.21,0.4555
mixed,8,1,0.125,4.0,128,1024,256,1024,352,122.051,123.585,122.433,0.249
mixed,8,1,0.125,4.0,128,1024,512,2048,704,122.177,208.992,205.793,0.9632
mixed,8,1,0.125,4.0,128,1024,1024,4096,1408,154.209,383.266,377.826,0.9763
mixed,8,1,0.125,4.0,128,1024,2048,8192,2816,274.306,734.628,721.287,0.971
mixed,8,1,0.125,4.0,128,1024,4096,16384,5632,515.396,1430.184,1413.19,0.9814
mixed,8,1,0.125,4.0,128,2048,128,512,176,207.809,208.61,207.839,0.0375
mixed,8,1,0.125,4.0,128,2048,256,1024,352,208.128,209.28,208.45,0.2795
mixed,8,1,0.125,4.0,128,2048,512,2048,704,208.065,210.688,208.799,0.2798
mixed,8,1,0.125,4.0,128,2048,1024,4096,1408,210.113,384.162,378.144,0.9654
mixed,8,1,0.125,4.0,128,2048,2048,8192,2816,274.275,735.586,721.731,0.97
mixed,8,1,0.125,4.0,128,2048,4096,16384,5632,515.682,1429.125,1412.713,0.982
mixed,8,1,0.125,4.0,128,4096,128,512,176,379.972,380.387,379.874,-0.2361
mixed,8,1,0.125,4.0,128,4096,256,1024,352,380.129,381.153,380.322,0.1885
mixed,8,1,0.125,4.0,128,4096,512,2048,704,380.132,381.508,380.93,0.5799
mixed,8,1,0.125,4.0,128,4096,1024,4096,1408,381.667,383.843,381.313,-0.1627
mixed,8,1,0.125,4.0,128,4096,2048,8192,2816,382.561,736.549,721.572,0.9577
mixed,8,1,0.125,4.0,128,4096,4096,16384,5632,515.585,1430.312,1412.774,0.9808
mixed,8,1,0.125,4.0,128,8192,128,512,176,726.179,726.883,726.531,0.5
mixed,8,1,0.125,4.0,128,8192,256,1024,352,726.658,727.395,727.045,0.5251
mixed,8,1,0.125,4.0,128,8192,512,2048,704,726.821,727.427,727.107,0.4719
mixed,8,1,0.125,4.0,128,8192,1024,4096,1408,727.623,727.683,727.108,-8.5833
mixed,8,1,0.125,4.0,128,8192,2048,8192,2816,728.675,736.707,727.749,-0.1153
mixed,8,1,0.125,4.0,128,8192,4096,16384,5632,728.996,1430.568,1412.487,0.9742
mixed,8,1,0.125,4.0,256,0,128,512,176,50.08,80.48,77.28,0.8947
mixed,8,1,0.125,4.0,256,0,256,1024,352,61.248,124.001,120.737,0.948
mixed,8,1,0.125,4.0,256,0,512,2048,704,93.344,211.169,207.36,0.9677
mixed,8,1,0.125,4.0,256,0,1024,4096,1408,156.77,385.441,379.874,0.9757
mixed,8,1,0.125,4.0,256,0,2048,8192,2816,275.811,738.211,724.067,0.9694
mixed,8,1,0.125,4.0,256,0,4096,16384,5632,517.667,1430.789,1416.455,0.9843
mixed,8,1,0.125,4.0,256,512,128,512,176,90.527,91.776,90.751,0.1793
mixed,8,1,0.125,4.0,256,512,256,1024,352,90.945,124.001,120.577,0.8964
mixed,8,1,0.125,4.0,256,512,512,2048,704,93.889,211.201,207.392,0.9675
mixed,8,1,0.125,4.0,256,512,1024,4096,1408,156.353,386.305,380.259,0.9737
mixed,8,1,0.125,4.0,256,512,2048,8192,2816,276.737,738.338,724.068,0.9691
mixed,8,1,0.125,4.0,256,512,4096,16384,5632,517.409,1430.405,1416.52,0.9848
mixed,8,1,0.125,4.0,256,1024,128,512,176,132.288,133.569,133.569,1.0
mixed,8,1,0.125,4.0,256,1024,256,1024,352,133.28,133.952,132.768,-0.7619
mixed,8,1,0.125,4.0,256,1024,512,2048,704,134.241,211.201,207.329,0.9497
mixed,8,1,0.125,4.0,256,1024,1024,4096,1408,156.416,386.081,380.578,0.976
mixed,8,1,0.125,4.0,256,1024,2048,8192,2816,276.706,738.211,723.942,0.9691
mixed,8,1,0.125,4.0,256,1024,4096,16384,5632,519.714,1430.63,1417.383,0.9855
mixed,8,1,0.125,4.0,256,2048,128,512,176,215.17,216.961,215.873,0.3925
mixed,8,1,0.125,4.0,256,2048,256,1024,352,216.224,218.369,216.096,-0.0597
mixed,8,1,0.125,4.0,256,2048,512,2048,704,216.386,218.37,217.25,0.4355
mixed,8,1,0.125,4.0,256,2048,1024,4096,1408,217.696,387.491,380.451,0.9585
mixed,8,1,0.125,4.0,256,2048,2048,8192,2816,276.704,738.243,724.835,0.9709
mixed,8,1,0.125,4.0,256,2048,4096,16384,5632,519.201,1430.664,1417.127,0.9851
mixed,8,1,0.125,4.0,256,4096,128,512,176,382.915,382.69,382.82,
mixed,8,1,0.125,4.0,256,4096,256,1024,352,382.21,382.913,382.85,0.9104
mixed,8,1,0.125,4.0,256,4096,512,2048,704,383.489,384.163,383.236,-0.3754
mixed,8,1,0.125,4.0,256,4096,1024,4096,1408,383.331,388.225,383.748,0.0852
mixed,8,1,0.125,4.0,256,4096,2048,8192,2816,385.281,739.044,724.899,0.96
mixed,8,1,0.125,4.0,256,4096,4096,16384,5632,519.265,1434.407,1418.792,0.9829
mixed,8,1,0.125,4.0,256,8192,128,512,176,728.929,728.932,728.641,-96.0
mixed,8,1,0.125,4.0,256,8192,256,1024,352,729.024,729.507,728.771,-0.5238
mixed,8,1,0.125,4.0,256,8192,512,2048,704,728.935,729.156,729.538,2.7285
mixed,8,1,0.125,4.0,256,8192,1024,4096,1408,729.218,729.892,729.287,0.1024
mixed,8,1,0.125,4.0,256,8192,2048,8192,2816,730.179,740.388,730.083,-0.0094
mixed,8,1,0.125,4.0,256,8192,4096,16384,5632,730.629,1435.59,1419.496,0.9772
mixed,8,1,0.125,4.0,512,0,128,512,176,75.232,87.072,82.241,0.592
mixed,8,1,0.125,4.0,512,0,256,1024,352,75.105,128.32,123.104,0.902
mixed,8,1,0.125,4.0,512,0,512,2048,704,97.984,212.193,207.679,0.9605
mixed,8,1,0.125,4.0,512,0,1024,4096,1408,158.785,385.633,379.971,0.975
mixed,8,1,0.125,4.0,512,0,2048,8192,2816,277.473,736.739,724.77,0.9739
mixed,8,1,0.125,4.0,512,0,4096,16384,5632,519.077,1433.863,1414.95,0.9793
mixed,8,1,0.125,4.0,512,512,128,512,176,116.64,117.024,117.088,1.1667
mixed,8,1,0.125,4.0,512,512,256,1024,352,117.441,129.504,124.384,0.5756
mixed,8,1,0.125,4.0,512,512,512,2048,704,118.946,213.345,208.833,0.9522
mixed,8,1,0.125,4.0,512,512,1024,4096,1408,161.793,388.162,381.249,0.9695
mixed,8,1,0.125,4.0,512,512,2048,8192,2816,278.723,738.756,725.124,0.9704
mixed,8,1,0.125,4.0,512,512,4096,16384,5632,519.267,1434.855,1415.911,0.9793
mixed,8,1,0.125,4.0,512,1024,128,512,176,157.889,159.233,158.977,0.8095
mixed,8,1,0.125,4.0,512,1024,256,1024,352,158.881,160.384,159.01,0.0858
mixed,8,1,0.125,4.0,512,1024,512,2048,704,160.353,214.112,208.608,0.8976
mixed,8,1,0.125,4.0,512,1024,1024,4096,1408,162.113,387.491,381.666,0.9742
mixed,8,1,0.125,4.0,512,1024,2048,8192,2816,279.234,740.194,725.379,0.9679
mixed,8,1,0.125,4.0,512,1024,4096,16384,5632,520.77,1436.902,1415.207,0.9763
mixed,8,1,0.125,4.0,512,2048,128,512,176,242.496,241.602,241.345,
mixed,8,1,0.125,4.0,512,2048,256,1024,352,243.328,243.36,242.497,-25.9687
mixed,8,1,0.125,4.0,512,2048,512,2048,704,243.649,244.896,243.393,-0.2053
mixed,8,1,0.125,4.0,512,2048,1024,4096,1408,244.193,389.378,382.112,0.95
mixed,8,1,0.125,4.0,512,2048,2048,8192,2816,279.327,739.652,727.489,0.9736
mixed,8,1,0.125,4.0,512,2048,4096,16384,5632,519.969,1437.418,1416.039,0.9767
mixed,8,1,0.125,4.0,512,4096,128,512,176,410.594,408.931,407.971,
mixed,8,1,0.125,4.0,512,4096,256,1024,352,407.906,407.648,410.241,
mixed,8,1,0.125,4.0,512,4096,512,2048,704,410.211,411.233,408.481,-1.6928
mixed,8,1,0.125,4.0,512,4096,1024,4096,1408,410.72,416.194,411.779,0.1935
mixed,8,1,0.125,4.0,512,4096,2048,8192,2816,410.658,742.628,726.211,0.9505
mixed,8,1,0.125,4.0,512,4096,4096,16384,5632,523.905,1438.408,1419.302,0.9791
mixed,8,1,0.125,4.0,512,8192,128,512,176,741.795,743.683,741.987,0.1017
mixed,8,1,0.125,4.0,512,8192,256,1024,352,743.523,743.842,741.731,-5.6176
mixed,8,1,0.125,4.0,512,8192,512,2048,704,743.587,744.355,743.14,-0.582
mixed,8,1,0.125,4.0,512,8192,1024,4096,1408,742.787,746.691,743.17,0.0981
mixed,8,1,0.125,4.0,512,8192,2048,8192,2816,745.634,754.274,743.714,-0.2222
mixed,8,1,0.125,4.0,512,8192,4096,16384,5632,749.445,1441.734,1420.998,0.97
mixed,8,1,0.125,4.0,1024,0,128,512,176,142.85,143.875,143.457,0.5922
mixed,8,1,0.125,4.0,1024,0,256,1024,352,143.457,176.896,152.097,0.2584
mixed,8,1,0.125,4.0,1024,0,512,2048,704,147.008,260.388,235.266,0.7784
mixed,8,1,0.125,4.0,1024,0,1024,4096,1408,208.832,426.659,401.697,0.8854
mixed,8,1,0.125,4.0,1024,0,2048,8192,2816,321.697,758.149,731.491,0.9389
mixed,8,1,0.125,4.0,1024,0,4096,16384,5632,551.266,1439.781,1423.367,0.9815
mixed,8,1,0.125,4.0,1024,512,128,512,176,194.497,222.945,193.6,-0.0315
mixed,8,1,0.125,4.0,1024,512,256,1024,352,207.201,228.993,204.576,-0.1205
mixed,8,1,0.125,4.0,1024,512,512,2048,704,228.13,308.097,273.088,0.5622
mixed,8,1,0.125,4.0,1024,512,1024,4096,1408,253.121,476.8,446.114,0.8628
mixed,8,1,0.125,4.0,1024,512,2048,8192,2816,372.001,805.671,778.755,0.9379
mixed,8,1,0.125,4.0,1024,512,4096,16384,5632,601.603,1471.207,1443.524,0.9682
mixed,8,1,0.125,4.0,1024,1024,128,512,176,236.225,267.682,237.283,0.0336
mixed,8,1,0.125,4.0,1024,1024,256,1024,352,248.321,310.755,246.048,-0.0364
mixed,8,1,0.125,4.0,1024,1024,512,2048,704,279.937,356.93,276.002,-0.0511
mixed,8,1,0.125,4.0,1024,1024,1024,4096,1408,313.377,530.595,483.811,0.7846
mixed,8,1,0.125,4.0,1024,1024,2048,8192,2816,420.321,879.519,826.787,0.8852
mixed,8,1,0.125,4.0,1024,1024,4096,16384,5632,660.035,1584.169,1496.838,0.9055
mixed,8,1,0.125,4.0,1024,2048,128,512,176,320.769,349.474,319.715,-0.0367
mixed,8,1,0.125,4.0,1024,2048,256,1024,352,332.034,396.835,329.792,-0.0346
mixed,8,1,0.125,4.0,1024,2048,512,2048,704,364.641,481.635,353.345,-0.0966
mixed,8,1,0.125,4.0,1024,2048,1024,4096,1408,428.098,618.819,487.042,0.3091
mixed,8,1,0.125,4.0,1024,2048,2048,8192,2816,508.579,965.926,911.941,0.882
mixed,8,1,0.125,4.0,1024,2048,4096,16384,5632,748.643,1672.679,1591.371,0.912
mixed,8,1,0.125,4.0,1024,4096,128,512,176,487.97,516.836,488.163,0.0067
mixed,8,1,0.125,4.0,1024,4096,256,1024,352,501.571,563.395,501.505,-0.0011
mixed,8,1,0.125,4.0,1024,4096,512,2048,704,531.458,650.948,521.894,-0.08
mixed,8,1,0.125,4.0,1024,4096,1024,4096,1408,598.371,828.612,566.662,-0.1377
mixed,8,1,0.125,4.0,1024,4096,2048,8192,2816,720.225,1135.492,917.603,0.4753
mixed,8,1,0.125,4.0,1024,4096,4096,16384,5632,920.037,1844.232,1774.251,0.9243
mixed,8,1,0.125,4.0,1024,8192,128,512,176,823.173,858.148,825.987,0.0805
mixed,8,1,0.125,4.0,1024,8192,256,1024,352,837.768,900.74,839.396,0.0259
mixed,8,1,0.125,4.0,1024,8192,512,2048,704,869.475,991.3,857.251,-0.1003
mixed,8,1,0.125,4.0,1024,8192,1024,4096,1408,932.775,1180.772,902.373,-0.1226
mixed,8,1,0.125,4.0,1024,8192,2048,8192,2816,1061.763,1527.523,995.365,-0.1426
mixed,8,1,0.125,4.0,1024,8192,4096,16384,5632,1311.75,2191.759,1782.471,0.5349
mixed,8,1,0.125,4.0,2048,0,128,512,176,320.577,329.602,322.85,0.2519
mixed,8,1,0.125,4.0,2048,0,256,1024,352,325.252,338.083,325.859,0.0473
mixed,8,1,0.125,4.0,2048,0,512,2048,704,333.474,404.674,344.482,0.1546
mixed,8,1,0.125,4.0,2048,0,1024,4096,1408,352.032,576.674,517.699,0.7375
mixed,8,1,0.125,4.0,2048,0,2048,8192,2816,467.267,905.411,871.588,0.9228
mixed,8,1,0.125,4.0,2048,0,4096,16384,5632,697.604,1570.822,1540.521,0.9653
mixed,8,1,0.125,4.0,2048,512,128,512,176,405.795,420.545,405.763,-0.0022
mixed,8,1,0.125,4.0,2048,512,256,1024,352,411.106,427.842,416.003,0.2926
mixed,8,1,0.125,4.0,2048,512,512,2048,704,426.785,450.307,428.163,0.0586
mixed,8,1,0.125,4.0,2048,512,1024,4096,1408,429.538,648.291,565.316,0.6207
mixed,8,1,0.125,4.0,2048,512,2048,8192,2816,539.873,995.107,915.203,0.8245
mixed,8,1,0.125,4.0,2048,512,4096,16384,5632,775.971,1677.548,1604.358,0.9188
mixed,8,1,0.125,4.0,2048,1024,128,512,176,488.77,505.602,490.819,0.1217
mixed,8,1,0.125,4.0,2048,1024,256,1024,352,498.401,521.251,501.123,0.1191
mixed,8,1,0.125,4.0,2048,1024,512,2048,704,508.516,526.084,509.026,0.029
mixed,8,1,0.125,4.0,2048,1024,1024,4096,1408,525.155,725.219,629.252,0.5203
mixed,8,1,0.125,4.0,2048,1024,2048,8192,2816,571.139,1075.494,957.254,0.7656
mixed,8,1,0.125,4.0,2048,1024,4096,16384,5632,857.186,1781.032,1659.401,0.8683
mixed,8,1,0.125,4.0,2048,2048,128,512,176,654.659,671.875,653.571,-0.0632
mixed,8,1,0.125,4.0,2048,2048,256,1024,352,662.788,684.803,662.531,-0.0117
mixed,8,1,0.125,4.0,2048,2048,512,2048,704,675.746,687.33,672.452,-0.2844
mixed,8,1,0.125,4.0,2048,2048,1024,4096,1408,685.381,809.795,711.17,0.2073
mixed,8,1,0.125,4.0,2048,2048,2048,8192,2816,687.492,1243.591,1055.11,0.6611
mixed,8,1,0.125,4.0,2048,2048,4096,16384,5632,1024.482,1949.384,1771.369,0.8075
mixed,8,1,0.125,4.0,2048,4096,128,512,176,987.526,1004.196,987.078,-0.0269
mixed,8,1,0.125,4.0,2048,4096,256,1024,352,993.157,1018.469,997.796,0.1833
mixed,8,1,0.125,4.0,2048,4096,512,2048,704,1006.052,1019.397,1004.224,-0.137
mixed,8,1,0.125,4.0,2048,4096,1024,4096,1408,1019.75,1019.942,1017.159,-13.4948
mixed,8,1,0.125,4.0,2048,4096,2048,8192,2816,1020.736,1507.366,1233.127,0.4365
mixed,8,1,0.125,4.0,2048,4096,4096,16384,5632,1072.227,2277.417,1903.786,0.69
mixed,8,1,0.125,4.0,2048,8192,128,512,176,1649.896,1665.546,1654.411,0.2885
mixed,8,1,0.125,4.0,2048,8192,256,1024,352,1662.472,1683.814,1663.013,0.0253
mixed,8,1,0.125,4.0,2048,8192,512,2048,704,1673.477,1685.42,1672.231,-0.1043
mixed,8,1,0.125,4.0,2048,8192,1024,4096,1408,1687.209,1684.937,1680.806,
mixed,8,1,0.125,4.0,2048,8192,2048,8192,2816,1682.951,1688.81,1687.497,0.7759
mixed,8,1,0.125,4.0,2048,8192,4096,16384,5632,1687.559,2903.145,2257.932,0.4692
pure,8,2,0.25,4.0,0,0,128,512,224,59.294,65.376,61.152,0.3055
pure,8,2,0.25,4.0,0,0,256,1024,448,63.71,77.343,66.496,0.2044
pure,8,2,0.25,4.0,0,0,512,2048,896,74.112,108.544,79.424,0.1543
pure,8,2,0.25,4.0,0,0,1024,4096,1792,102.945,151.616,104.351,0.0289
pure,8,2,0.25,4.0,0,0,2048,8192,3584,143.905,244.482,151.809,0.0786
pure,8,2,0.25,4.0,0,0,4096,16384,7168,223.97,410.242,228.227,0.0229
mixed,8,2,0.25,4.0,16,0,128,512,224,46.656,75.936,74.815,0.9617
mixed,8,2,0.25,4.0,16,0,256,1024,448,67.04,120.641,118.529,0.9606
mixed,8,2,0.25,4.0,16,0,512,2048,896,109.121,208.324,205.122,0.9677
mixed,8,2,0.25,4.0,16,0,1024,4096,1792,186.464,382.146,378.462,0.9812
mixed,8,2,0.25,4.0,16,0,2048,8192,3584,338.467,734.723,723.171,0.9708
mixed,8,2,0.25,4.0,16,0,4096,16384,7168,646.723,1430.692,1422.153,0.9891
mixed,8,2,0.25,4.0,16,512,128,512,224,74.816,79.007,75.233,0.0995
mixed,8,2,0.25,4.0,16,512,256,1024,448,75.52,120.866,118.177,0.9407
mixed,8,2,0.25,4.0,16,512,512,2048,896,108.609,208.48,205.378,0.9689
mixed,8,2,0.25,4.0,16,512,1024,4096,1792,186.305,382.851,378.337,0.977
mixed,8,2,0.25,4.0,16,512,2048,8192,3584,338.884,734.179,723.109,0.972
mixed,8,2,0.25,4.0,16,512,4096,16384,7168,647.62,1428.807,1422.663,0.9921
mixed,8,2,0.25,4.0,16,1024,128,512,224,118.337,118.433,117.888,-4.6771
mixed,8,2,0.25,4.0,16,1024,256,1024,448,118.369,122.05,118.337,-0.0087
mixed,8,2,0.25,4.0,16,1024,512,2048,896,118.37,208.003,205.761,0.975
mixed,8,2,0.25,4.0,16,1024,1024,4096,1792,186.561,383.011,378.21,0.9756
mixed,8,2,0.25,4.0,16,1024,2048,8192,3584,338.85,735.395,722.95,0.9686
mixed,8,2,0.25,4.0,16,1024,4096,16384,7168,647.935,1429.161,1423.494,0.9927
mixed,8,2,0.25,4.0,16,2048,128,512,224,204.16,204.609,203.872,-0.6414
mixed,8,2,0.25,4.0,16,2048,256,1024,448,204.545,204.641,204.545,-0.0
mixed,8,2,0.25,4.0,16,2048,512,2048,896,204.705,208.483,205.154,0.1188
mixed,8,2,0.25,4.0,16,2048,1024,4096,1792,204.832,383.33,378.561,0.9733
mixed,8,2,0.25,4.0,16,2048,2048,8192,3584,339.169,735.332,723.238,0.9695
mixed,8,2,0.25,4.0,16,2048,4096,16384,7168,647.81,1431.234,1423.269,0.9898
mixed,8,2,0.25,4.0,16,4096,128,512,224,376.066,376.161,376.065,-0.0105
mixed,8,2,0.25,4.0,16,4096,256,1024,448,376.449,376.544,376.29,-1.6737
mixed,8,2,0.25,4.0,16,4096,512,2048,896,376.771,376.93,376.355,-2.6164
mixed,8,2,0.25,4.0,16,4096,1024,4096,1792,376.387,382.914,378.656,0.3476
mixed,8,2,0.25,4.0,16,4096,2048,8192,3584,376.834,735.011,723.397,0.9676
mixed,8,2,0.25,4.0,16,4096,4096,16384,7168,647.714,1429.99,1422.889,0.9909
mixed,8,2,0.25,4.0,16,8192,128,512,224,724.067,724.003,723.94,
mixed,8,2,0.25,4.0,16,8192,256,1024,448,723.651,725.443,724.45,0.4459
mixed,8,2,0.25,4.0,16,8192,512,2048,896,725.889,725.731,724.513,
mixed,8,2,0.25,4.0,16,8192,1024,4096,1792,725.766,726.182,725.38,-0.9279
mixed,8,2,0.25,4.0,16,8192,2048,8192,3584,725.795,735.331,726.499,0.0738
mixed,8,2,0.25,4.0,16,8192,4096,16384,7168,727.75,1430.374,1423.686,0.9905
mixed,8,2,0.25,4.0,32,0,128,512,224,47.583,77.185,75.968,0.9589
mixed,8,2,0.25,4.0,32,0,256,1024,448,68.32,121.247,119.489,0.9668
mixed,8,2,0.25,4.0,32,0,512,2048,896,110.304,209.6,206.081,0.9646
mixed,8,2,0.25,4.0,32,0,1024,4096,1792,187.36,383.105,379.584,0.982
mixed,8,2,0.25,4.0,32,0,2048,8192,3584,339.587,735.782,723.81,0.9698
mixed,8,2,0.25,4.0,32,0,4096,16384,7168,647.46,1431.047,1423.975,0.991
mixed,8,2,0.25,4.0,32,512,128,512,224,77.089,80.032,77.825,0.2501
mixed,8,2,0.25,4.0,32,512,256,1024,448,77.44,120.8,119.616,0.9727
mixed,8,2,0.25,4.0,32,512,512,2048,896,110.049,209.06,206.019,0.9693
mixed,8,2,0.25,4.0,32,512,1024,4096,1792,187.585,383.522,379.619,0.9801
mixed,8,2,0.25,4.0,32,512,2048,8192,3584,339.649,735.619,723.747,0.97
mixed,8,2,0.25,4.0,32,512,4096,16384,7168,647.907,1430.982,1424.297,0.9915
mixed,8,2,0.25,4.0,32,1024,128,512,224,120.128,122.337,120.738,0.2761
mixed,8,2,0.25,4.0,32,1024,256,1024,448,120.673,122.945,121.056,0.1686
mixed,8,2,0.25,4.0,32,1024,512,2048,896,122.465,208.768,206.176,0.97
mixed,8,2,0.25,4.0,32,1024,1024,4096,1792,187.649,383.394,379.683,0.981
mixed,8,2,0.25,4.0,32,1024,2048,8192,3584,339.747,735.527,724.355,0.9718
mixed,8,2,0.25,4.0,32,1024,4096,16384,7168,647.395,1431.689,1424.521,0.9909
mixed,8,2,0.25,4.0,32,2048,128,512,224,205.761,207.842,206.403,0.3085
mixed,8,2,0.25,4.0,32,2048,256,1024,448,206.275,208.608,207.106,0.3562
mixed,8,2,0.25,4.0,32,2048,512,2048,896,208.609,208.928,207.169,-4.5141
mixed,8,2,0.25,4.0,32,2048,1024,4096,1792,208.064,383.17,379.426,0.9786
mixed,8,2,0.25,4.0,32,2048,2048,8192,3584,339.939,735.139,724.292,0.9726
mixed,8,2,0.25,4.0,32,2048,4096,16384,7168,648.893,1431.142,1424.485,0.9915
mixed,8,2,0.25,4.0,32,4096,128,512,224,377.793,379.393,379.169,0.86
mixed,8,2,0.25,4.0,32,4096,256,1024,448,378.113,380.258,378.978,0.4033
mixed,8,2,0.25,4.0,32,4096,512,2048,896,380.003,380.353,379.841,-0.4629
mixed,8,2,0.25,4.0,32,4096,1024,4096,1792,380.514,383.554,380.482,-0.0105
mixed,8,2,0.25,4.0,32,4096,2048,8192,3584,380.768,736.708,724.036,0.9644
mixed,8,2,0.25,4.0,32,4096,4096,16384,7168,648.579,1432.522,1423.749,0.9888
mixed,8,2,0.25,4.0,32,8192,128,512,224,725.187,726.691,725.763,0.383
mixed,8,2,0.25,4.0,32,8192,256,1024,448,725.252,727.012,726.18,0.5273
mixed,8,2,0.25,4.0,32,8192,512,2048,896,726.691,727.17,726.757,0.1378
mixed,8,2,0.25,4.0,32,8192,1024,4096,1792,726.948,727.78,726.977,0.0349
mixed,8,2,0.25,4.0,32,8192,2048,8192,3584,727.234,736.546,727.139,-0.0102
mixed,8,2,0.25,4.0,32,8192,4096,16384,7168,728.739,1432.551,1424.964,0.9892
mixed,8,2,0.25,4.0,64,0,128,512,224,46.977,76.609,75.904,0.9762
mixed,8,2,0.25,4.0,64,0,256,1024,448,67.841,120.864,118.944,0.9638
mixed,8,2,0.25,4.0,64,0,512,2048,896,109.888,208.834,205.665,0.968
mixed,8,2,0.25,4.0,64,0,1024,4096,1792,187.008,383.17,379.233,0.9799
mixed,8,2,0.25,4.0,64,0,2048,8192,3584,339.395,734.919,723.907,0.9722
mixed,8,2,0.25,4.0,64,0,4096,16384,7168,647.652,1432.522,1423.909,0.989
mixed,8,2,0.25,4.0,64,512,128,512,224,77.663,80.224,78.561,0.3506
mixed,8,2,0.25,4.0,64,512,256,1024,448,78.047,120.322,118.785,0.9636
mixed,8,2,0.25,4.0,64,512,512,2048,896,109.762,209.184,205.504,0.963
mixed,8,2,0.25,4.0,64,512,1024,4096,1792,187.008,383.362,379.042,0.978
mixed,8,2,0.25,4.0,64,512,2048,8192,3584,339.811,734.788,724.26,0.9733
mixed,8,2,0.25,4.0,64,512,4096,16384,7168,647.586,1430.889,1423.975,0.9912
mixed,8,2,0.25,4.0,64,1024,128,512,224,120.672,122.339,121.376,0.4223
mixed,8,2,0.25,4.0,64,1024,256,1024,448,120.929,123.168,121.569,0.2858
mixed,8,2,0.25,4.0,64,1024,512,2048,896,122.753,208.961,205.634,0.9614
mixed,8,2,0.25,4.0,64,1024,1024,4096,1792,186.817,383.328,378.945,0.9777
mixed,8,2,0.25,4.0,64,1024,2048,8192,3584,339.488,735.267,723.428,0.9701
mixed,8,2,0.25,4.0,64,1024,4096,16384,7168,647.459,1430.566,1424.809,0.9926
mixed,8,2,0.25,4.0,64,2048,128,512,224,206.625,208.224,207.265,0.4003
mixed,8,2,0.25,4.0,64,2048,256,1024,448,206.849,208.577,207.778,0.5376
mixed,8,2,0.25,4.0,64,2048,512,2048,896,208.547,209.154,208.192,-0.5848
mixed,8,2,0.25,4.0,64,2048,1024,4096,1792,209.056,383.523,378.786,0.9728
mixed,8,2,0.25,4.0,64,2048,2048,8192,3584,339.554,735.682,724.163,0.9709
mixed,8,2,0.25,4.0,64,2048,4096,16384,7168,648.068,1431.206,1424.715,0.9917
mixed,8,2,0.25,4.0,64,4096,128,512,224,378.691,379.744,379.553,0.8186
mixed,8,2,0.25,4.0,64,4096,256,1024,448,378.851,380.067,379.712,0.7081
mixed,8,2,0.25,4.0,64,4096,512,2048,896,380.546,380.803,380.097,-1.7471
mixed,8,2,0.25,4.0,64,4096,1024,4096,1792,380.993,383.971,380.513,-0.1612
mixed,8,2,0.25,4.0,64,4096,2048,8192,3584,381.571,735.876,723.749,0.9658
mixed,8,2,0.25,4.0,64,4096,4096,16384,7168,648.42,1431.236,1423.849,0.9906
mixed,8,2,0.25,4.0,64,8192,128,512,224,725.634,727.013,726.211,0.4184
mixed,8,2,0.25,4.0,64,8192,256,1024,448,725.796,727.107,726.405,0.4645
mixed,8,2,0.25,4.0,64,8192,512,2048,896,726.627,726.944,726.563,-0.2019
mixed,8,2,0.25,4.0,64,8192,1024,4096,1792,727.522,727.267,727.459,
mixed,8,2,0.25,4.0,64,8192,2048,8192,3584,727.589,735.843,728.259,0.0812
mixed,8,2,0.25,4.0,64,8192,4096,16384,7168,728.484,1431.943,1424.393,0.9893
mixed,8,2,0.25,4.0,128,0,128,512,224,47.618,76.992,75.552,0.951
mixed,8,2,0.25,4.0,128,0,256,1024,448,68.416,121.022,118.977,0.9611
mixed,8,2,0.25,4.0,128,0,512,2048,896,110.339,209.473,205.569,0.9606
mixed,8,2,0.25,4.0,128,0,1024,4096,1792,187.713,382.978,378.21,0.9756
mixed,8,2,0.25,4.0,128,0,2048,8192,3584,339.394,735.843,723.076,0.9678
mixed,8,2,0.25,4.0,128,0,4096,16384,7168,647.204,1429.671,1422.599,0.991
mixed,8,2,0.25,4.0,128,512,128,512,224,78.913,80.578,78.977,0.0384
mixed,8,2,0.25,4.0,128,512,256,1024,448,79.202,121.344,118.979,0.9439
mixed,8,2,0.25,4.0,128,512,512,2048,896,110.176,210.017,205.889,0.9587
mixed,8,2,0.25,4.0,128,512,1024,4096,1792,187.298,384.769,378.56,0.9686
mixed,8,2,0.25,4.0,128,512,2048,8192,3584,339.873,735.046,722.051,0.9671
mixed,8,2,0.25,4.0,128,512,4096,16384,7168,648.544,1429.639,1421.799,0.99
mixed,8,2,0.25,4.0,128,1024,128,512,224,121.952,123.041,122.079,0.1166
mixed,8,2,0.25,4.0,128,1024,256,1024,448,122.401,123.585,122.368,-0.0279
mixed,8,2,0.25,4.0,128,1024,512,2048,896,123.233,209.345,205.696,0.9576
mixed,8,2,0.25,4.0,128,1024,1024,4096,1792,186.976,383.94,378.721,0.9735
mixed,8,2,0.25,4.0,128,1024,2048,8192,3584,339.81,736.292,722.018,0.964
mixed,8,2,0.25,4.0,128,1024,4096,16384,7168,647.267,1428.839,1421.736,0.9909
mixed,8,2,0.25,4.0,128,2048,128,512,224,207.81,208.832,208.001,0.1869
mixed,8,2,0.25,4.0,128,2048,256,1024,448,208.226,209.313,208.512,0.2631
mixed,8,2,0.25,4.0,128,2048,512,2048,896,209.057,210.208,208.8,-0.2233
mixed,8,2,0.25,4.0,128,2048,1024,4096,1792,210.145,383.778,378.433,0.9692
mixed,8,2,0.25,4.0,128,2048,2048,8192,3584,339.905,735.876,722.564,0.9664
mixed,8,2,0.25,4.0,128,2048,4096,16384,7168,648.482,1429.448,1421.063,0.9893
mixed,8,2,0.25,4.0,128,4096,128,512,224,379.491,380.384,379.681,0.2128
mixed,8,2,0.25,4.0,128,4096,256,1024,448,379.937,380.898,379.841,-0.0999
mixed,8,2,0.25,4.0,128,4096,512,2048,896,381.122,381.504,380.835,-0.7513
mixed,8,2,0.25,4.0,128,4096,1024,4096,1792,381.634,383.554,380.834,-0.4167
mixed,8,2,0.25,4.0,128,4096,2048,8192,3584,382.144,735.716,722.56,0.9628
mixed,8,2,0.25,4.0,128,4096,4096,16384,7168,648.707,1429.189,1421.574,0.9902
mixed,8,2,0.25,4.0,128,8192,128,512,224,726.276,726.947,726.051,-0.3353
mixed,8,2,0.25,4.0,128,8192,256,1024,448,727.523,727.46,726.401,
mixed,8,2,0.25,4.0,128,8192,512,2048,896,726.66,726.982,727.299,1.9845
mixed,8,2,0.25,4.0,128,8192,1024,4096,1792,727.716,728.708,726.883,-0.8397
mixed,8,2,0.25,4.0,128,8192,2048,8192,3584,727.843,736.899,729.22,0.1521
mixed,8,2,0.25,4.0,128,8192,4096,16384,7168,728.388,1430.215,1422.246,0.9886
mixed,8,2,0.25,4.0,256,0,128,512,224,50.336,80.577,78.015,0.9153
mixed,8,2,0.25,4.0,256,0,256,1024,448,71.552,123.648,120.544,0.9404
mixed,8,2,0.25,4.0,256,0,512,2048,896,113.217,211.169,207.136,0.9588
mixed,8,2,0.25,4.0,256,0,1024,4096,1792,188.449,386.785,380.034,0.966
mixed,8,2,0.25,4.0,256,0,2048,8192,3584,341.57,736.55,724.196,0.9687
mixed,8,2,0.25,4.0,256,0,4096,16384,7168,650.043,1431.239,1421.542,0.9876
mixed,8,2,0.25,4.0,256,512,128,512,224,91.584,92.449,90.784,-0.9249
mixed,8,2,0.25,4.0,256,512,256,1024,448,91.649,124.161,121.088,0.9055
mixed,8,2,0.25,4.0,256,512,512,2048,896,113.696,211.266,207.81,0.9646
mixed,8,2,0.25,4.0,256,512,1024,4096,1792,189.665,386.049,380.544,0.972
mixed,8,2,0.25,4.0,256,512,2048,8192,3584,341.188,738.975,723.749,0.9617
mixed,8,2,0.25,4.0,256,512,4096,16384,7168,650.497,1432.648,1421.928,0.9863
mixed,8,2,0.25,4.0,256,1024,128,512,224,133.058,133.121,132.8,-4.0952
mixed,8,2,0.25,4.0,256,1024,256,1024,448,133.793,133.889,133.026,-7.9896
mixed,8,2,0.25,4.0,256,1024,512,2048,896,133.888,211.457,207.618,0.9505
mixed,8,2,0.25,4.0,256,1024,1024,4096,1792,189.185,386.306,380.931,0.9727
mixed,8,2,0.25,4.0,256,1024,2048,8192,3584,342.307,740.835,724.772,0.9597
mixed,8,2,0.25,4.0,256,1024,4096,16384,7168,650.595,1430.024,1423.14,0.9912
mixed,8,2,0.25,4.0,256,2048,128,512,224,215.744,216.193,215.841,0.216
mixed,8,2,0.25,4.0,256,2048,256,1024,448,215.874,217.508,215.997,0.0753
mixed,8,2,0.25,4.0,256,2048,512,2048,896,217.634,217.984,217.217,-1.1914
mixed,8,2,0.25,4.0,256,2048,1024,4096,1792,217.667,386.72,380.579,0.9637
mixed,8,2,0.25,4.0,256,2048,2048,8192,3584,342.817,739.906,724.643,0.9616
mixed,8,2,0.25,4.0,256,2048,4096,16384,7168,650.274,1431.906,1422.816,0.9884
mixed,8,2,0.25,4.0,256,4096,128,512,224,382.691,383.203,382.466,-0.4395
mixed,8,2,0.25,4.0,256,4096,256,1024,448,383.139,383.872,382.528,-0.8336
mixed,8,2,0.25,4.0,256,4096,512,2048,896,383.557,384.705,382.721,-0.7282
mixed,8,2,0.25,4.0,256,4096,1024,4096,1792,383.933,387.715,385.409,0.3903
mixed,8,2,0.25,4.0,256,4096,2048,8192,3584,385.28,738.339,725.541,0.9638
mixed,8,2,0.25,4.0,256,4096,4096,16384,7168,651.651,1432.456,1423.206,0.9882
mixed,8,2,0.25,4.0,256,8192,128,512,224,728.034,729.283,728.387,0.2826
mixed,8,2,0.25,4.0,256,8192,256,1024,448,728.644,729.475,728.547,-0.1167
mixed,8,2,0.25,4.0,256,8192,512,2048,896,729.347,729.187,728.934,
mixed,8,2,0.25,4.0,256,8192,1024,4096,1792,729.764,729.702,729.507,
mixed,8,2,0.25,4.0,256,8192,2048,8192,3584,730.083,740.899,729.54,-0.0502
mixed,8,2,0.25,4.0,256,8192,4096,16384,7168,732.164,1434.374,1423.85,0.985
mixed,8,2,0.25,4.0,512,0,128,512,224,75.456,86.306,83.264,0.7196
mixed,8,2,0.25,4.0,512,0,256,1024,448,79.201,128.512,125.12,0.9312
mixed,8,2,0.25,4.0,512,0,512,2048,896,118.082,212.257,207.809,0.9528
mixed,8,2,0.25,4.0,512,0,1024,4096,1792,190.624,386.657,380.194,0.967
mixed,8,2,0.25,4.0,512,0,2048,8192,3584,343.01,739.107,725.666,0.9661
mixed,8,2,0.25,4.0,512,0,4096,16384,7168,650.754,1433.667,1422.662,0.9859
mixed,8,2,0.25,4.0,512,512,128,512,224,118.56,116.929,116.385,
mixed,8,2,0.25,4.0,512,512,256,1024,448,117.409,128.735,125.185,0.6866
mixed,8,2,0.25,4.0,512,512,512,2048,896,119.776,213.312,208.673,0.9504
mixed,8,2,0.25,4.0,512,512,1024,4096,1792,192.895,387.393,381.441,0.9694
mixed,8,2,0.25,4.0,512,512,2048,8192,3584,344.899,739.812,726.021,0.9651
mixed,8,2,0.25,4.0,512,512,4096,16384,7168,651.874,1436.041,1424.39,0.9851
mixed,8,2,0.25,4.0,512,1024,128,512,224,158.433,159.008,159.297,1.5026
mixed,8,2,0.25,4.0,512,1024,256,1024,448,158.881,159.84,159.361,0.5005
mixed,8,2,0.25,4.0,512,1024,512,2048,896,161.152,213.249,209.217,0.9226
mixed,8,2,0.25,4.0,512,1024,1024,4096,1792,192.674,387.809,382.114,0.9708
mixed,8,2,0.25,4.0,512,1024,2048,8192,3584,344.514,739.204,727.364,0.97
mixed,8,2,0.25,4.0,512,1024,4096,16384,7168,651.203,1435.335,1425.48,0.9874
mixed,8,2,0.25,4.0,512,2048,128,512,224,242.977,243.201,241.313,-7.4286
mixed,8,2,0.25,4.0,512,2048,256,1024,448,242.336,242.881,241.541,-1.4587
mixed,8,2,0.25,4.0,512,2048,512,2048,896,243.681,245.344,242.401,-0.7697
mixed,8,2,0.25,4.0,512,2048,1024,4096,1792,245.089,390.083,381.954,0.9439
mixed,8,2,0.25,4.0,512,2048,2048,8192,3584,344.803,741.892,728.355,0.9659
mixed,8,2,0.25,4.0,512,2048,4096,16384,7168,653.09,1436.359,1425.384,0.986
mixed,8,2,0.25,4.0,512,4096,128,512,224,409.186,409.537,408.836,-0.9972
mixed,8,2,0.25,4.0,512,4096,256,1024,448,409.473,409.632,409.763,1.8239
mixed,8,2,0.25,4.0,512,4096,512,2048,896,409.153,410.787,408.608,-0.3335
mixed,8,2,0.25,4.0,512,4096,1024,4096,1792,410.977,412.227,410.081,-0.7168
mixed,8,2,0.25,4.0,512,4096,2048,8192,3584,413.058,742.786,728.643,0.9571
mixed,8,2,0.25,4.0,512,4096,4096,16384,7168,655.617,1438.342,1429.412,0.9886
mixed,8,2,0.25,4.0,512,8192,128,512,224,741.573,743.875,740.771,-0.3484
mixed,8,2,0.25,4.0,512,8192,256,1024,448,743.526,743.81,741.091,-8.5739
mixed,8,2,0.25,4.0,512,8192,512,2048,896,743.492,743.747,744.292,3.1373
mixed,8,2,0.25,4.0,512,8192,1024,4096,1792,743.139,747.619,744.259,0.25
mixed,8,2,0.25,4.0,512,8192,2048,8192,3584,746.692,753.539,744.355,-0.3413
mixed,8,2,0.25,4.0,512,8192,4096,16384,7168,750.629,1444.295,1429.0,0.978
mixed,8,2,0.25,4.0,1024,0,128,512,224,142.688,143.777,143.523,0.7668
mixed,8,2,0.25,4.0,1024,0,256,1024,448,143.871,177.986,160.674,0.4925
mixed,8,2,0.25,4.0,1024,0,512,2048,896,167.107,260.194,245.345,0.8405
mixed,8,2,0.25,4.0,1024,0,1024,4096,1792,239.809,427.46,410.753,0.911
mixed,8,2,0.25,4.0,1024,0,2048,8192,3584,384.481,760.58,739.494,0.9439
mixed,8,2,0.25,4.0,1024,0,4096,16384,7168,675.554,1445.798,1430.881,0.9806
mixed,8,2,0.25,4.0,1024,512,128,512,224,193.602,223.938,195.232,0.0537
mixed,8,2,0.25,4.0,1024,512,256,1024,448,216.288,229.121,205.152,-0.8678
mixed,8,2,0.25,4.0,1024,512,512,2048,896,229.219,309.312,277.442,0.6021
mixed,8,2,0.25,4.0,1024,512,1024,4096,1792,285.344,476.29,452.706,0.8765
mixed,8,2,0.25,4.0,1024,512,2048,8192,3584,431.522,808.483,784.355,0.936
mixed,8,2,0.25,4.0,1024,512,4096,16384,7168,724.228,1476.583,1447.876,0.9618
mixed,8,2,0.25,4.0,1024,1024,128,512,224,235.809,265.504,237.153,0.0453
mixed,8,2,0.25,4.0,1024,1024,256,1024,448,258.88,309.986,249.25,-0.1884
mixed,8,2,0.25,4.0,1024,1024,512,2048,896,300.0,358.912,280.929,-0.3237
mixed,8,2,0.25,4.0,1024,1024,1024,4096,1792,334.081,529.185,489.795,0.7981
mixed,8,2,0.25,4.0,1024,1024,2048,8192,3584,486.4,879.332,838.853,0.897
mixed,8,2,0.25,4.0,1024,1024,4096,16384,7168,789.988,1580.969,1514.887,0.9165
mixed,8,2,0.25,4.0,1024,2048,128,512,224,320.195,350.69,319.81,-0.0126
mixed,8,2,0.25,4.0,1024,2048,256,1024,448,341.76,395.204,331.681,-0.1886
mixed,8,2,0.25,4.0,1024,2048,512,2048,896,384.227,481.028,352.13,-0.3316
mixed,8,2,0.25,4.0,1024,2048,1024,4096,1792,460.481,616.9,494.242,0.2158
mixed,8,2,0.25,4.0,1024,2048,2048,8192,3584,573.09,966.31,921.156,0.8852
mixed,8,2,0.25,4.0,1024,2048,4096,16384,7168,880.099,1666.984,1609.926,0.9275
mixed,8,2,0.25,4.0,1024,4096,128,512,224,486.85,517.826,490.562,0.1198
mixed,8,2,0.25,4.0,1024,4096,256,1024,448,508.578,561.891,500.355,-0.1542
mixed,8,2,0.25,4.0,1024,4096,512,2048,896,554.723,650.21,522.82,-0.3341
mixed,8,2,0.25,4.0,1024,4096,1024,4096,1792,630.721,829.701,569.251,-0.3089
mixed,8,2,0.25,4.0,1024,4096,2048,8192,3584,786.402,1138.947,929.828,0.4068
mixed,8,2,0.25,4.0,1024,4096,4096,16384,7168,1049.701,1841.736,1806.923,0.956
mixed,8,2,0.25,4.0,1024,8192,128,512,224,825.829,855.619,831.204,0.1804
mixed,8,2,0.25,4.0,1024,8192,256,1024,448,848.069,897.541,838.851,-0.1863
mixed,8,2,0.25,4.0,1024,8192,512,2048,896,889.763,989.669,860.388,-0.294
mixed,8,2,0.25,4.0,1024,8192,1024,4096,1792,965.157,1175.589,905.451,-0.2837
mixed,8,2,0.25,4.0,1024,8192,2048,8192,3584,1130.757,1527.014,998.275,-0.3343
mixed,8,2,0.25,4.0,1024,8192,4096,16384,7168,1442.631,2186.54,1813.674,0.4988
mixed,8,2,0.25,4.0,2048,0,128,512,224,320.035,329.315,322.848,0.3031
mixed,8,2,0.25,4.0,2048,0,256,1024,448,328.417,338.787,330.081,0.1605
mixed,8,2,0.25,4.0,2048,0,512,2048,896,337.41,404.993,359.488,0.3267
mixed,8,2,0.25,4.0,2048,0,1024,4096,1792,378.849,578.084,528.579,0.7515
mixed,8,2,0.25,4.0,2048,0,2048,8192,3584,538.916,909.252,878.947,0.9182
mixed,8,2,0.25,4.0,2048,0,4096,16384,7168,822.53,1571.142,1548.134,0.9693
mixed,8,2,0.25,4.0,2048,512,128,512,224,405.442,423.937,404.868,-0.031
mixed,8,2,0.25,4.0,2048,512,256,1024,448,417.504,426.433,415.619,-0.2111
mixed,8,2,0.25,4.0,2048,512,512,2048,896,425.921,451.491,431.106,0.2028
mixed,8,2,0.25,4.0,2048,512,1024,4096,1792,442.176,648.644,586.308,0.6981
mixed,8,2,0.25,4.0,2048,512,2048,8192,3584,606.656,993.925,929.668,0.8341
mixed,8,2,0.25,4.0,2048,512,4096,16384,7168,909.764,1671.847,1611.045,0.9202
mixed,8,2,0.25,4.0,2048,1024,128,512,224,489.856,503.296,490.914,0.0787
mixed,8,2,0.25,4.0,2048,1024,256,1024,448,504.227,522.563,500.642,-0.1955
mixed,8,2,0.25,4.0,2048,1024,512,2048,896,518.401,526.882,512.642,-0.679
mixed,8,2,0.25,4.0,2048,1024,1024,4096,1792,523.524,727.78,641.862,0.5794
mixed,8,2,0.25,4.0,2048,1024,2048,8192,3584,682.498,1078.885,971.461,0.729
mixed,8,2,0.25,4.0,2048,1024,4096,16384,7168,989.989,1783.046,1666.183,0.8526
mixed,8,2,0.25,4.0,2048,2048,128,512,224,654.911,670.98,654.947,0.0022
mixed,8,2,0.25,4.0,2048,2048,256,1024,448,668.324,684.901,662.148,-0.3726
mixed,8,2,0.25,4.0,2048,2048,512,2048,896,685.796,688.196,676.452,-3.8933
mixed,8,2,0.25,4.0,2048,2048,1024,4096,1792,686.148,811.874,731.042,0.3571
mixed,8,2,0.25,4.0,2048,2048,2048,8192,3584,723.109,1243.587,1075.782,0.6776
mixed,8,2,0.25,4.0,2048,2048,4096,16384,7168,1155.398,1949.895,1780.265,0.7865
mixed,8,2,0.25,4.0,2048,4096,128,512,224,985.861,1003.876,990.146,0.2379
mixed,8,2,0.25,4.0,2048,4096,256,1024,448,995.876,1019.844,996.004,0.0053
mixed,8,2,0.25,4.0,2048,4096,512,2048,896,1017.22,1014.79,1010.404,
mixed,8,2,0.25,4.0,2048,4096,1024,4096,1792,1018.82,1019.24,1017.189,-3.8833
mixed,8,2,0.25,4.0,2048,4096,2048,8192,3584,1023.622,1503.016,1254.981,0.4826
mixed,8,2,0.25,4.0,2048,4096,4096,16384,7168,1332.965,2275.308,1926.185,0.6295
mixed,8,2,0.25,4.0,2048,8192,128,512,224,1651.849,1672.038,1652.07,0.0109
mixed,8,2,0.25,4.0,2048,8192,256,1024,448,1666.855,1683.689,1663.177,-0.2185
mixed,8,2,0.25,4.0,2048,8192,512,2048,896,1683.56,1684.358,1674.886,-10.8697
mixed,8,2,0.25,4.0,2048,8192,1024,4096,1792,1683.4,1686.759,1684.713,0.3909
mixed,8,2,0.25,4.0,2048,8192,2048,8192,3584,1687.272,1687.623,1685.127,-6.1111
mixed,8,2,0.25,4.0,2048,8192,4096,16384,7168,1683.397,2908.429,2284.554,0.4907
pure,8,3,0.375,4.0,0,0,128,512,272,60.063,64.897,61.694,0.3374
pure,8,3,0.375,4.0,0,0,256,1024,544,65.795,77.346,68.0,0.1909
pure,8,3,0.375,4.0,0,0,512,2048,1088,78.848,108.835,84.832,0.1996
pure,8,3,0.375,4.0,0,0,1024,4096,2176,111.297,151.78,114.4,0.0766
pure,8,3,0.375,4.0,0,0,2048,8192,4352,160.671,243.489,165.952,0.0638
pure,8,3,0.375,4.0,0,0,4096,16384,8704,255.937,411.81,255.267,-0.0043
mixed,8,3,0.375,4.0,16,0,128,512,272,55.775,75.905,75.424,0.9761
mixed,8,3,0.375,4.0,16,0,256,1024,544,77.697,119.552,119.232,0.9924
mixed,8,3,0.375,4.0,16,0,512,2048,1088,122.464,208.32,206.912,0.9836
mixed,8,3,0.375,4.0,16,0,1024,4096,2176,218.88,381.891,380.864,0.9937
mixed,8,3,0.375,4.0,16,0,2048,8192,4352,404.547,735.236,732.579,0.992
mixed,8,3,0.375,4.0,16,0,4096,16384,8704,777.029,1428.519,1423.556,0.9924
mixed,8,3,0.375,4.0,16,512,128,512,272,75.552,78.689,75.201,-0.1119
mixed,8,3,0.375,4.0,16,512,256,1024,544,79.329,120.672,119.232,0.9652
mixed,8,3,0.375,4.0,16,512,512,2048,1088,122.561,208.032,206.977,0.9877
mixed,8,3,0.375,4.0,16,512,1024,4096,2176,219.169,382.401,381.699,0.9957
mixed,8,3,0.375,4.0,16,512,2048,8192,4352,404.611,734.084,732.964,0.9966
mixed,8,3,0.375,4.0,16,512,4096,16384,8704,777.476,1429.029,1423.591,0.9917
mixed,8,3,0.375,4.0,16,1024,128,512,272,118.368,118.562,118.113,-1.3144
mixed,8,3,0.375,4.0,16,1024,256,1024,544,118.369,122.048,119.391,0.2778
mixed,8,3,0.375,4.0,16,1024,512,2048,1088,123.04,208.128,206.754,0.9839
mixed,8,3,0.375,4.0,16,1024,1024,4096,2176,219.457,382.434,381.507,0.9943
mixed,8,3,0.375,4.0,16,1024,2048,8192,4352,404.928,734.435,732.614,0.9945
mixed,8,3,0.375,4.0,16,1024,4096,16384,8704,777.955,1431.339,1423.942,0.9887
mixed,8,3,0.375,4.0,16,2048,128,512,272,204.387,204.162,204.256,
mixed,8,3,0.375,4.0,16,2048,256,1024,544,204.353,204.416,204.385,0.5079
mixed,8,3,0.375,4.0,16,2048,512,2048,1088,204.704,208.608,207.586,0.7382
mixed,8,3,0.375,4.0,16,2048,1024,4096,2176,218.976,382.786,381.025,0.9892
mixed,8,3,0.375,4.0,16,2048,2048,8192,4352,404.547,734.69,733.762,0.9972
mixed,8,3,0.375,4.0,16,2048,4096,16384,8704,777.669,1430.313,1424.264,0.9907
mixed,8,3,0.375,4.0,16,4096,128,512,272,376.161,376.643,376.098,-0.1307
mixed,8,3,0.375,4.0,16,4096,256,1024,544,376.42,376.547,376.096,-2.5512
mixed,8,3,0.375,4.0,16,4096,512,2048,1088,376.417,376.419,376.483,33.0
mixed,8,3,0.375,4.0,16,4096,1024,4096,2176,376.707,383.01,381.473,0.7561
mixed,8,3,0.375,4.0,16,4096,2048,8192,4352,404.801,734.659,733.092,0.9952
mixed,8,3,0.375,4.0,16,4096,4096,16384,8704,778.148,1429.35,1424.513,0.9926
mixed,8,3,0.375,4.0,16,8192,128,512,272,724.035,724.741,724.069,0.0482
mixed,8,3,0.375,4.0,16,8192,256,1024,544,724.003,725.796,723.908,-0.053
mixed,8,3,0.375,4.0,16,8192,512,2048,1088,724.1,725.86,724.327,0.129
mixed,8,3,0.375,4.0,16,8192,1024,4096,2176,726.119,725.956,724.74,
mixed,8,3,0.375,4.0,16,8192,2048,8192,4352,725.924,735.268,733.764,0.839
mixed,8,3,0.375,4.0,16,8192,4096,16384,8704,778.244,1430.953,1425.382,0.9915
mixed,8,3,0.375,4.0,32,0,128,512,272,57.057,77.311,76.8,0.9748
mixed,8,3,0.375,4.0,32,0,256,1024,544,78.752,121.216,120.323,0.979
mixed,8,3,0.375,4.0,32,0,512,2048,1088,123.297,209.409,208.257,0.9866
mixed,8,3,0.375,4.0,32,0,1024,4096,2176,220.288,383.331,382.594,0.9955
mixed,8,3,0.375,4.0,32,0,2048,8192,4352,405.666,735.267,733.892,0.9958
mixed,8,3,0.375,4.0,32,0,4096,16384,8704,779.716,1431.206,1424.643,0.9899
mixed,8,3,0.375,4.0,32,512,128,512,272,77.28,79.968,77.825,0.2028
mixed,8,3,0.375,4.0,32,512,256,1024,544,81.025,121.088,120.481,0.9848
mixed,8,3,0.375,4.0,32,512,512,2048,1088,124.8,209.088,208.609,0.9943
mixed,8,3,0.375,4.0,32,512,1024,4096,2176,220.194,383.298,382.401,0.9945
mixed,8,3,0.375,4.0,32,512,2048,8192,4352,405.091,735.108,734.593,0.9984
mixed,8,3,0.375,4.0,32,512,4096,16384,8704,779.172,1432.966,1425.474,0.9885
mixed,8,3,0.375,4.0,32,1024,128,512,272,120.065,122.369,120.834,0.3338
mixed,8,3,0.375,4.0,32,1024,256,1024,544,120.256,122.592,121.698,0.6173
mixed,8,3,0.375,4.0,32,1024,512,2048,1088,124.223,208.641,208.225,0.9951
mixed,8,3,0.375,4.0,32,1024,1024,4096,2176,220.0,383.328,382.466,0.9947
mixed,8,3,0.375,4.0,32,1024,2048,8192,4352,405.441,735.553,734.18,0.9958
mixed,8,3,0.375,4.0,32,1024,4096,16384,8704,778.786,1432.616,1425.543,0.9892
mixed,8,3,0.375,4.0,32,2048,128,512,272,206.209,207.456,206.945,0.5902
mixed,8,3,0.375,4.0,32,2048,256,1024,544,206.529,208.128,207.33,0.5009
mixed,8,3,0.375,4.0,32,2048,512,2048,1088,206.848,209.217,208.48,0.6889
mixed,8,3,0.375,4.0,32,2048,1024,4096,2176,220.034,383.521,383.01,0.9969
mixed,8,3,0.375,4.0,32,2048,2048,8192,4352,406.274,735.843,734.275,0.9952
mixed,8,3,0.375,4.0,32,2048,4096,16384,8704,779.172,1431.463,1424.838,0.9898
mixed,8,3,0.375,4.0,32,4096,128,512,272,378.208,380.065,379.073,0.4658
mixed,8,3,0.375,4.0,32,4096,256,1024,544,378.113,380.736,379.555,0.5498
mixed,8,3,0.375,4.0,32,4096,512,2048,1088,378.529,380.705,379.969,0.6618
mixed,8,3,0.375,4.0,32,4096,1024,4096,2176,381.092,383.81,383.426,0.8587
mixed,8,3,0.375,4.0,32,4096,2048,8192,4352,405.856,735.811,733.701,0.9936
mixed,8,3,0.375,4.0,32,4096,4096,16384,8704,779.65,1430.341,1426.149,0.9936
mixed,8,3,0.375,4.0,32,8192,128,512,272,725.7,726.852,725.796,0.0833
mixed,8,3,0.375,4.0,32,8192,256,1024,544,725.444,726.946,726.882,0.9574
mixed,8,3,0.375,4.0,32,8192,512,2048,1088,725.316,727.047,726.755,0.8313
mixed,8,3,0.375,4.0,32,8192,1024,4096,2176,727.204,726.882,727.012,
mixed,8,3,0.375,4.0,32,8192,2048,8192,4352,727.653,736.164,734.886,0.8498
mixed,8,3,0.375,4.0,32,8192,4096,16384,8704,778.084,1432.71,1425.727,0.9893
mixed,8,3,0.375,4.0,64,0,128,512,272,56.512,76.992,76.353,0.9688
mixed,8,3,0.375,4.0,64,0,256,1024,544,78.272,120.64,119.872,0.9819
mixed,8,3,0.375,4.0,64,0,512,2048,1088,122.496,208.738,207.362,0.984
mixed,8,3,0.375,4.0,64,0,1024,4096,2176,219.712,383.234,382.016,0.9926
mixed,8,3,0.375,4.0,64,0,2048,8192,4352,405.313,734.592,733.699,0.9973
mixed,8,3,0.375,4.0,64,0,4096,16384,8704,778.854,1431.015,1425.031,0.9908
mixed,8,3,0.375,4.0,64,512,128,512,272,78.625,80.095,78.816,0.1299
mixed,8,3,0.375,4.0,64,512,256,1024,544,81.856,121.024,119.681,0.9657
mixed,8,3,0.375,4.0,64,512,512,2048,1088,122.721,208.8,207.552,0.9855
mixed,8,3,0.375,4.0,64,512,1024,4096,2176,219.712,383.361,382.179,0.9928
mixed,8,3,0.375,4.0,64,512,2048,8192,4352,405.569,735.429,734.243,0.9964
mixed,8,3,0.375,4.0,64,512,4096,16384,8704,778.692,1430.984,1424.645,0.9903
mixed,8,3,0.375,4.0,64,1024,128,512,272,120.834,122.272,121.375,0.3762
mixed,8,3,0.375,4.0,64,1024,256,1024,544,120.928,123.104,121.792,0.3971
mixed,8,3,0.375,4.0,64,1024,512,2048,1088,124.768,208.899,207.584,0.9844
mixed,8,3,0.375,4.0,64,1024,1024,4096,2176,219.68,383.202,382.402,0.9951
mixed,8,3,0.375,4.0,64,1024,2048,8192,4352,405.729,735.205,733.539,0.9949
mixed,8,3,0.375,4.0,64,1024,4096,16384,8704,778.916,1432.039,1425.286,0.9897
mixed,8,3,0.375,4.0,64,2048,128,512,272,206.689,208.162,207.169,0.3259
mixed,8,3,0.375,4.0,64,2048,256,1024,544,206.913,208.416,207.905,0.66
mixed,8,3,0.375,4.0,64,2048,512,2048,1088,207.264,209.44,208.832,0.7206
mixed,8,3,0.375,4.0,64,2048,1024,4096,2176,219.648,385.218,382.433,0.9832
mixed,8,3,0.375,4.0,64,2048,2048,8192,4352,405.793,735.939,734.179,0.9947
mixed,8,3,0.375,4.0,64,2048,4096,16384,8704,778.37,1430.438,1425.127,0.9919
mixed,8,3,0.375,4.0,64,4096,128,512,272,378.753,380.098,379.3,0.4067
mixed,8,3,0.375,4.0,64,4096,256,1024,544,379.268,380.193,379.712,0.48
mixed,8,3,0.375,4.0,64,4096,512,2048,1088,379.073,380.738,381.025,1.1724
mixed,8,3,0.375,4.0,64,4096,1024,4096,2176,380.77,383.714,383.01,0.7609
mixed,8,3,0.375,4.0,64,4096,2048,8192,4352,405.89,735.525,734.851,0.998
mixed,8,3,0.375,4.0,64,4096,4096,16384,8704,779.202,1432.743,1425.286,0.9886
mixed,8,3,0.375,4.0,64,8192,128,512,272,726.342,727.138,726.435,0.1168
mixed,8,3,0.375,4.0,64,8192,256,1024,544,726.435,727.139,726.946,0.7259
mixed,8,3,0.375,4.0,64,8192,512,2048,1088,726.151,727.975,727.072,0.5049
mixed,8,3,0.375,4.0,64,8192,1024,4096,2176,727.076,728.804,728.003,0.5365
mixed,8,3,0.375,4.0,64,8192,2048,8192,4352,728.42,735.655,734.883,0.8933
mixed,8,3,0.375,4.0,64,8192,4096,16384,8704,778.276,1431.333,1425.832,0.9916
mixed,8,3,0.375,4.0,128,0,128,512,272,56.769,76.962,76.354,0.9699
mixed,8,3,0.375,4.0,128,0,256,1024,544,80.321,121.09,119.936,0.9717
mixed,8,3,0.375,4.0,128,0,512,2048,1088,124.32,209.185,207.841,0.9842
mixed,8,3,0.375,4.0,128,0,1024,4096,2176,219.84,383.649,381.922,0.9895
mixed,8,3,0.375,4.0,128,0,2048,8192,4352,406.114,735.586,733.892,0.9949
mixed,8,3,0.375,4.0,128,0,4096,16384,8704,778.756,1429.894,1423.815,0.9907
mixed,8,3,0.375,4.0,128,512,128,512,272,79.36,80.48,79.072,-0.2571
mixed,8,3,0.375,4.0,128,512,256,1024,544,82.561,121.153,120.544,0.9842
mixed,8,3,0.375,4.0,128,512,512,2048,1088,124.288,209.603,207.552,0.976
mixed,8,3,0.375,4.0,128,512,1024,4096,2176,220.032,383.743,381.89,0.9887
mixed,8,3,0.375,4.0,128,512,2048,8192,4352,405.73,735.234,733.891,0.9959
mixed,8,3,0.375,4.0,128,512,4096,16384,8704,778.208,1429.797,1422.95,0.9895
mixed,8,3,0.375,4.0,128,1024,128,512,272,122.208,122.881,121.921,-0.4264
mixed,8,3,0.375,4.0,128,1024,256,1024,544,122.561,123.808,122.593,0.0257
mixed,8,3,0.375,4.0,128,1024,512,2048,1088,126.016,208.798,207.65,0.9861
mixed,8,3,0.375,4.0,128,1024,1024,4096,2176,220.258,383.554,382.466,0.9933
mixed,8,3,0.375,4.0,128,1024,2048,8192,4352,405.794,736.292,734.53,0.9947
mixed,8,3,0.375,4.0,128,1024,4096,16384,8704,777.731,1429.926,1423.304,0.9898
mixed,8,3,0.375,4.0,128,2048,128,512,272,208.45,208.705,208.098,-1.3804
mixed,8,3,0.375,4.0,128,2048,256,1024,544,208.322,209.25,208.353,0.0334
mixed,8,3,0.375,4.0,128,2048,512,2048,1088,208.129,210.592,209.314,0.4811
mixed,8,3,0.375,4.0,128,2048,1024,4096,2176,220.097,383.906,382.434,0.991
mixed,8,3,0.375,4.0,128,2048,2048,8192,4352,405.923,736.581,733.955,0.9921
mixed,8,3,0.375,4.0,128,2048,4096,16384,8704,778.979,1429.704,1424.326,0.9917
mixed,8,3,0.375,4.0,128,4096,128,512,272,380.001,380.544,379.617,-0.7072
mixed,8,3,0.375,4.0,128,4096,256,1024,544,379.84,381.024,380.13,0.2449
mixed,8,3,0.375,4.0,128,4096,512,2048,1088,379.874,381.824,380.8,0.4749
mixed,8,3,0.375,4.0,128,4096,1024,4096,2176,382.21,383.458,382.37,0.1282
mixed,8,3,0.375,4.0,128,4096,2048,8192,4352,405.729,735.875,733.957,0.9942
mixed,8,3,0.375,4.0,128,4096,4096,16384,8704,779.46,1429.735,1424.264,0.9916
mixed,8,3,0.375,4.0,128,8192,128,512,272,726.467,727.363,726.787,0.3571
mixed,8,3,0.375,4.0,128,8192,256,1024,544,726.66,727.299,726.787,0.1987
mixed,8,3,0.375,4.0,128,8192,512,2048,1088,727.777,727.655,727.266,
mixed,8,3,0.375,4.0,128,8192,1024,4096,2176,727.585,728.582,727.778,0.1936
mixed,8,3,0.375,4.0,128,8192,2048,8192,4352,728.005,736.836,734.339,0.7172
mixed,8,3,0.375,4.0,128,8192,4096,16384,8704,778.948,1431.532,1425.861,0.9913
mixed,8,3,0.375,4.0,256,0,128,512,272,59.329,80.512,78.367,0.8987
mixed,8,3,0.375,4.0,256,0,256,1024,544,81.344,124.096,123.104,0.9768
mixed,8,3,0.375,4.0,256,0,512,2048,1088,125.727,211.168,209.313,0.9783
mixed,8,3,0.375,4.0,256,0,1024,4096,2176,221.474,385.314,384.675,0.9961
mixed,8,3,0.375,4.0,256,0,2048,8192,4352,407.747,738.086,735.75,0.9929
mixed,8,3,0.375,4.0,256,0,4096,16384,8704,781.7,1430.055,1427.458,0.996
mixed,8,3,0.375,4.0,256,512,128,512,272,91.072,91.968,91.009,-0.0703
mixed,8,3,0.375,4.0,256,512,256,1024,544,92.033,124.001,122.751,0.9609
mixed,8,3,0.375,4.0,256,512,512,2048,1088,126.883,210.785,209.505,0.9847
mixed,8,3,0.375,4.0,256,512,1024,4096,2176,221.825,386.273,384.737,0.9907
mixed,8,3,0.375,4.0,256,512,2048,8192,4352,408.162,738.82,736.263,0.9923
mixed,8,3,0.375,4.0,256,512,4096,16384,8704,780.931,1430.119,1426.598,0.9946
mixed,8,3,0.375,4.0,256,1024,128,512,272,132.737,133.281,133.376,1.1746
mixed,8,3,0.375,4.0,256,1024,256,1024,544,134.369,135.04,133.792,-0.8599
mixed,8,3,0.375,4.0,256,1024,512,2048,1088,134.304,211.427,210.114,0.983
mixed,8,3,0.375,4.0,256,1024,1024,4096,2176,222.753,386.05,385.922,0.9992
mixed,8,3,0.375,4.0,256,1024,2048,8192,4352,407.522,738.595,737.349,0.9962
mixed,8,3,0.375,4.0,256,1024,4096,16384,8704,779.714,1432.967,1428.934,0.9938
mixed,8,3,0.375,4.0,256,2048,128,512,272,215.935,216.576,216.353,0.6521
mixed,8,3,0.375,4.0,256,2048,256,1024,544,215.715,217.312,216.418,0.4402
mixed,8,3,0.375,4.0,256,2048,512,2048,1088,217.025,219.393,217.567,0.2289
mixed,8,3,0.375,4.0,256,2048,1024,4096,2176,221.984,385.824,386.147,1.002
mixed,8,3,0.375,4.0,256,2048,2048,8192,4352,408.45,738.884,738.214,0.998
mixed,8,3,0.375,4.0,256,2048,4096,16384,8704,783.747,1431.622,1427.591,0.9938
mixed,8,3,0.375,4.0,256,4096,128,512,272,382.721,383.106,382.467,-0.6597
mixed,8,3,0.375,4.0,256,4096,256,1024,544,382.947,383.97,382.724,-0.218
mixed,8,3,0.375,4.0,256,4096,512,2048,1088,383.392,384.45,383.522,0.1229
mixed,8,3,0.375,4.0,256,4096,1024,4096,2176,383.969,387.586,385.921,0.5397
mixed,8,3,0.375,4.0,256,4096,2048,8192,4352,408.834,738.691,736.836,0.9944
mixed,8,3,0.375,4.0,256,4096,4096,16384,8704,781.444,1432.038,1427.75,0.9934
mixed,8,3,0.375,4.0,256,8192,128,512,272,729.091,729.091,729.091,
mixed,8,3,0.375,4.0,256,8192,256,1024,544,729.217,730.051,729.124,-0.1115
mixed,8,3,0.375,4.0,256,8192,512,2048,1088,728.739,729.442,729.159,0.5974
mixed,8,3,0.375,4.0,256,8192,1024,4096,2176,729.827,729.891,728.904,-14.4219
mixed,8,3,0.375,4.0,256,8192,2048,8192,4352,730.118,741.187,738.852,0.7891
mixed,8,3,0.375,4.0,256,8192,4096,16384,8704,784.676,1433.225,1428.713,0.993
mixed,8,3,0.375,4.0,512,0,128,512,272,74.785,86.337,83.328,0.7395
mixed,8,3,0.375,4.0,512,0,256,1024,544,88.672,128.8,124.93,0.9036
mixed,8,3,0.375,4.0,512,0,512,2048,1088,129.793,212.096,211.328,0.9907
mixed,8,3,0.375,4.0,512,0,1024,4096,2176,222.431,388.384,385.795,0.9844
mixed,8,3,0.375,4.0,512,0,2048,8192,4352,408.354,738.787,737.445,0.9959
mixed,8,3,0.375,4.0,512,0,4096,16384,8704,782.597,1434.182,1428.488,0.9913
mixed,8,3,0.375,4.0,512,512,128,512,272,116.0,118.687,116.831,0.3093
mixed,8,3,0.375,4.0,512,512,256,1024,544,116.928,130.689,125.631,0.6324
mixed,8,3,0.375,4.0,512,512,512,2048,1088,130.914,213.665,212.418,0.9849
mixed,8,3,0.375,4.0,512,512,1024,4096,2176,223.745,387.585,386.979,0.9963
mixed,8,3,0.375,4.0,512,512,2048,8192,4352,409.922,740.003,737.635,0.9928
mixed,8,3,0.375,4.0,512,512,4096,16384,8704,783.621,1437.158,1428.999,0.9875
mixed,8,3,0.375,4.0,512,1024,128,512,272,158.016,158.4,158.751,1.9141
mixed,8,3,0.375,4.0,512,1024,256,1024,544,158.56,158.529,158.657,
mixed,8,3,0.375,4.0,512,1024,512,2048,1088,161.217,213.89,212.578,0.9751
mixed,8,3,0.375,4.0,512,1024,1024,4096,2176,224.32,388.13,387.139,0.994
mixed,8,3,0.375,4.0,512,1024,2048,8192,4352,410.338,740.005,737.124,0.9913
mixed,8,3,0.375,4.0,512,1024,4096,16384,8704,784.067,1435.494,1431.462,0.9938
mixed,8,3,0.375,4.0,512,2048,128,512,272,240.673,241.154,242.018,2.7963
mixed,8,3,0.375,4.0,512,2048,256,1024,544,243.521,242.657,240.96,
mixed,8,3,0.375,4.0,512,2048,512,2048,1088,243.617,245.281,242.208,-0.8468
mixed,8,3,0.375,4.0,512,2048,1024,4096,2176,245.634,388.961,387.072,0.9868
mixed,8,3,0.375,4.0,512,2048,2048,8192,4352,412.034,739.779,737.667,0.9936
mixed,8,3,0.375,4.0,512,2048,4096,16384,8704,783.172,1436.902,1429.576,0.9888
mixed,8,3,0.375,4.0,512,4096,128,512,272,409.699,409.761,408.673,-16.5484
mixed,8,3,0.375,4.0,512,4096,256,1024,544,408.098,409.444,407.074,-0.7608
mixed,8,3,0.375,4.0,512,4096,512,2048,1088,408.482,410.914,410.275,0.7373
mixed,8,3,0.375,4.0,512,4096,1024,4096,2176,411.936,414.115,410.692,-0.5709
mixed,8,3,0.375,4.0,512,4096,2048,8192,4352,413.987,743.907,739.716,0.9873
mixed,8,3,0.375,4.0,512,4096,4096,16384,8704,786.181,1440.099,1432.52,0.9884
mixed,8,3,0.375,4.0,512,8192,128,512,272,742.947,743.17,743.044,0.435
mixed,8,3,0.375,4.0,512,8192,256,1024,544,743.748,744.162,742.5,-3.0145
mixed,8,3,0.375,4.0,512,8192,512,2048,1088,745.608,743.971,742.594,
mixed,8,3,0.375,4.0,512,8192,1024,4096,2176,744.772,748.036,742.178,-0.7947
mixed,8,3,0.375,4.0,512,8192,2048,8192,4352,748.837,756.419,745.507,-0.4392
mixed,8,3,0.375,4.0,512,8192,4096,16384,8704,788.868,1442.919,1434.313,0.9868
mixed,8,3,0.375,4.0,1024,0,128,512,272,144.416,143.392,143.2,
mixed,8,3,0.375,4.0,1024,0,256,1024,544,144.161,178.37,164.705,0.6005
mixed,8,3,0.375,4.0,1024,0,512,2048,1088,178.785,259.552,247.938,0.8562
mixed,8,3,0.375,4.0,1024,0,1024,4096,2176,272.193,427.937,414.082,0.911
mixed,8,3,0.375,4.0,1024,0,2048,8192,4352,446.242,761.06,746.692,0.9544
mixed,8,3,0.375,4.0,1024,0,4096,16384,8704,803.333,1442.089,1435.786,0.9901
mixed,8,3,0.375,4.0,1024,512,128,512,272,205.281,223.938,196.577,-0.4665
mixed,8,3,0.375,4.0,1024,512,256,1024,544,225.73,229.217,206.625,-5.4789
mixed,8,3,0.375,4.0,1024,512,512,2048,1088,230.178,308.161,279.234,0.6291
mixed,8,3,0.375,4.0,1024,512,1024,4096,2176,321.986,475.841,459.298,0.8925
mixed,8,3,0.375,4.0,1024,512,2048,8192,4352,496.899,809.093,791.271,0.9429
mixed,8,3,0.375,4.0,1024,512,4096,16384,8704,853.157,1473.673,1457.99,0.9747
mixed,8,3,0.375,4.0,1024,1024,128,512,272,249.027,267.137,238.178,-0.5991
mixed,8,3,0.375,4.0,1024,1024,256,1024,544,268.704,309.857,250.048,-0.4533
mixed,8,3,0.375,4.0,1024,1024,512,2048,1088,311.874,357.219,287.552,-0.5364
mixed,8,3,0.375,4.0,1024,1024,1024,4096,2176,366.944,529.443,495.939,0.7938
mixed,8,3,0.375,4.0,1024,1024,2048,8192,4352,551.747,877.639,845.731,0.9021
mixed,8,3,0.375,4.0,1024,1024,4096,16384,8704,921.445,1588.583,1512.997,0.8867
mixed,8,3,0.375,4.0,1024,2048,128,512,272,332.896,350.85,324.418,-0.4722
mixed,8,3,0.375,4.0,1024,2048,256,1024,544,353.412,395.682,333.087,-0.4808
mixed,8,3,0.375,4.0,1024,2048,512,2048,1088,398.05,481.474,353.599,-0.5328
mixed,8,3,0.375,4.0,1024,2048,1024,4096,2176,479.842,615.78,507.106,0.2006
mixed,8,3,0.375,4.0,1024,2048,2048,8192,4352,641.571,964.742,937.443,0.9155
mixed,8,3,0.375,4.0,1024,2048,4096,16384,8704,1010.404,1672.297,1634.47,0.9429
mixed,8,3,0.375,4.0,1024,4096,128,512,272,496.675,518.659,491.971,-0.214
mixed,8,3,0.375,4.0,1024,4096,256,1024,544,519.362,564.739,503.81,-0.3427
mixed,8,3,0.375,4.0,1024,4096,512,2048,1088,563.427,653.316,525.281,-0.4244
mixed,8,3,0.375,4.0,1024,4096,1024,4096,2176,664.132,827.974,571.298,-0.5666
mixed,8,3,0.375,4.0,1024,4096,2048,8192,4352,816.291,1135.88,945.443,0.4041
mixed,8,3,0.375,4.0,1024,4096,4096,16384,8704,1183.142,1842.345,1819.535,0.9654
mixed,8,3,0.375,4.0,1024,8192,128,512,272,833.634,860.867,830.051,-0.1316
mixed,8,3,0.375,4.0,1024,8192,256,1024,544,862.691,900.003,837.445,-0.6766
mixed,8,3,0.375,4.0,1024,8192,512,2048,1088,902.533,990.789,861.669,-0.463
mixed,8,3,0.375,4.0,1024,8192,1024,4096,2176,1005.029,1175.879,904.643,-0.5876
mixed,8,3,0.375,4.0,1024,8192,2048,8192,4352,1199.43,1528.811,1005.152,-0.5898
mixed,8,3,0.375,4.0,1024,8192,4096,16384,8704,1527.207,2192.639,1834.185,0.4613
mixed,8,3,0.375,4.0,2048,0,128,512,272,323.361,329.634,323.232,-0.0206
mixed,8,3,0.375,4.0,2048,0,256,1024,544,330.69,339.364,331.586,0.1033
mixed,8,3,0.375,4.0,2048,0,512,2048,1088,341.57,404.225,367.394,0.4122
mixed,8,3,0.375,4.0,2048,0,1024,4096,2176,416.643,576.708,536.867,0.7511
mixed,8,3,0.375,4.0,2048,0,2048,8192,4352,600.897,905.669,884.547,0.9307
mixed,8,3,0.375,4.0,2048,0,4096,16384,8704,948.677,1572.199,1553.032,0.9693
mixed,8,3,0.375,4.0,2048,512,128,512,272,411.937,420.033,407.97,-0.49
mixed,8,3,0.375,4.0,2048,512,256,1024,544,424.451,427.682,419.459,-1.545
mixed,8,3,0.375,4.0,2048,512,512,2048,1088,430.307,452.672,441.026,0.4793
mixed,8,3,0.375,4.0,2048,512,1024,4096,2176,462.177,649.827,598.627,0.7272
mixed,8,3,0.375,4.0,2048,512,2048,8192,4352,674.37,993.381,935.846,0.8196
mixed,8,3,0.375,4.0,2048,512,4096,16384,8704,1035.813,1664.135,1620.232,0.9301
mixed,8,3,0.375,4.0,2048,1024,128,512,272,494.179,506.721,491.425,-0.2196
mixed,8,3,0.375,4.0,2048,1024,256,1024,544,507.042,523.012,500.452,-0.4126
mixed,8,3,0.375,4.0,2048,1024,512,2048,1088,523.682,523.779,513.027,-109.8454
mixed,8,3,0.375,4.0,2048,1024,1024,4096,2176,525.7,728.292,651.97,0.6233
mixed,8,3,0.375,4.0,2048,1024,2048,8192,4352,749.058,1077.317,983.301,0.7136
mixed,8,3,0.375,4.0,2048,1024,4096,16384,8704,1121.957,1783.402,1676.264,0.838
mixed,8,3,0.375,4.0,2048,2048,128,512,272,661.25,672.897,656.515,-0.4065
mixed,8,3,0.375,4.0,2048,2048,256,1024,544,672.387,686.531,665.603,-0.4796
mixed,8,3,0.375,4.0,2048,2048,512,2048,1088,685.54,687.555,676.416,-4.528
mixed,8,3,0.375,4.0,2048,2048,1024,4096,2176,687.587,808.611,743.97,0.4659
mixed,8,3,0.375,4.0,2048,2048,2048,8192,4352,849.253,1240.901,1090.693,0.6165
mixed,8,3,0.375,4.0,2048,2048,4096,16384,8704,1287.685,1948.714,1796.36,0.7695
mixed,8,3,0.375,4.0,2048,4096,128,512,272,993.886,1004.836,991.877,-0.1835
mixed,8,3,0.375,4.0,2048,4096,256,1024,544,1002.596,1020.675,999.236,-0.1859
mixed,8,3,0.375,4.0,2048,4096,512,2048,1088,1018.148,1018.822,1007.46,-15.8576
mixed,8,3,0.375,4.0,2048,4096,1024,4096,2176,1018.18,1018.661,1017.795,-0.8004
mixed,8,3,0.375,4.0,2048,4096,2048,8192,4352,1021.605,1501.8,1271.558,0.5205
mixed,8,3,0.375,4.0,2048,4096,4096,16384,8704,1580.873,2277.48,1937.926,0.5126
mixed,8,3,0.375,4.0,2048,8192,128,512,272,1660.423,1670.247,1656.457,-0.4037
mixed,8,3,0.375,4.0,2048,8192,256,1024,544,1668.839,1685.675,1662.918,-0.3517
mixed,8,3,0.375,4.0,2048,8192,512,2048,1088,1688.262,1691.721,1675.718,-3.6265
mixed,8,3,0.375,4.0,2048,8192,1024,4096,2176,1688.045,1687.593,1685.93,
mixed,8,3,0.375,4.0,2048,8192,2048,8192,4352,1687.405,1687.59,1684.331,-16.6162
mixed,8,3,0.375,4.0,2048,8192,4096,16384,8704,1692.328,2903.823,2288.33,0.492
pure,8,4,0.5,4.0,0,0,128,512,320,61.504,64.862,62.304,0.2382
pure,8,4,0.5,4.0,0,0,256,1024,640,67.553,77.378,69.567,0.205
pure,8,4,0.5,4.0,0,0,512,2048,1280,88.703,108.033,92.45,0.1938
pure,8,4,0.5,4.0,0,0,1024,4096,2560,121.089,153.12,125.024,0.1228
pure,8,4,0.5,4.0,0,0,2048,8192,5120,187.202,243.65,180.896,-0.1117
pure,8,4,0.5,4.0,0,0,4096,16384,10240,290.689,409.411,286.206,-0.0378
mixed,8,4,0.5,4.0,16,0,128,512,320,56.576,76.096,75.616,0.9754
mixed,8,4,0.5,4.0,16,0,256,1024,640,86.881,119.553,119.456,0.997
mixed,8,4,0.5,4.0,16,0,512,2048,1280,141.857,208.096,206.977,0.9831
mixed,8,4,0.5,4.0,16,0,1024,4096,2560,251.265,382.241,381.281,0.9927
mixed,8,4,0.5,4.0,16,0,2048,8192,5120,470.405,734.051,732.579,0.9944
mixed,8,4,0.5,4.0,16,0,4096,16384,10240,907.81,1428.967,1424.582,0.9916
mixed,8,4,0.5,4.0,16,512,128,512,320,75.649,78.976,75.552,-0.0292
mixed,8,4,0.5,4.0,16,512,256,1024,640,86.783,119.521,119.297,0.9932
mixed,8,4,0.5,4.0,16,512,512,2048,1280,143.039,208.162,206.784,0.9788
mixed,8,4,0.5,4.0,16,512,1024,4096,2560,251.488,382.497,381.921,0.9956
mixed,8,4,0.5,4.0,16,512,2048,8192,5120,470.146,734.627,733.378,0.9953
mixed,8,4,0.5,4.0,16,512,4096,16384,10240,907.684,1429.127,1424.613,0.9913
mixed,8,4,0.5,4.0,16,1024,128,512,320,118.561,118.368,118.368,
mixed,8,4,0.5,4.0,16,1024,256,1024,640,118.625,122.05,119.553,0.2709
mixed,8,4,0.5,4.0,16,1024,512,2048,1280,142.977,208.193,207.233,0.9853
mixed,8,4,0.5,4.0,16,1024,1024,4096,2560,251.619,382.689,381.699,0.9924
mixed,8,4,0.5,4.0,16,1024,2048,8192,5120,470.242,734.306,733.635,0.9975
mixed,8,4,0.5,4.0,16,1024,4096,16384,10240,908.455,1430.723,1424.361,0.9878
mixed,8,4,0.5,4.0,16,2048,128,512,320,204.352,204.483,204.096,-1.9542
mixed,8,4,0.5,4.0,16,2048,256,1024,640,204.545,204.704,204.097,-2.8176
mixed,8,4,0.5,4.0,16,2048,512,2048,1280,204.643,208.32,207.553,0.7914
mixed,8,4,0.5,4.0,16,2048,1024,4096,2560,251.969,382.464,382.209,0.998
mixed,8,4,0.5,4.0,16,2048,2048,8192,5120,470.274,735.139,733.828,0.9951
mixed,8,4,0.5,4.0,16,2048,4096,16384,10240,908.132,1431.4,1424.906,0.9876
mixed,8,4,0.5,4.0,16,4096,128,512,320,376.194,376.32,376.514,2.5397
mixed,8,4,0.5,4.0,16,4096,256,1024,640,376.257,376.707,376.576,0.7089
mixed,8,4,0.5,4.0,16,4096,512,2048,1280,376.642,376.801,376.387,-1.6038
mixed,8,4,0.5,4.0,16,4096,1024,4096,2560,376.931,382.496,381.44,0.8102
mixed,8,4,0.5,4.0,16,4096,2048,8192,5120,471.522,734.565,733.697,0.9967
mixed,8,4,0.5,4.0,16,4096,4096,16384,10240,908.581,1430.632,1424.199,0.9877
mixed,8,4,0.5,4.0,16,8192,128,512,320,723.908,724.579,723.685,-0.3323
mixed,8,4,0.5,4.0,16,8192,256,1024,640,724.416,725.347,723.938,-0.5134
mixed,8,4,0.5,4.0,16,8192,512,2048,1280,725.604,725.988,725.09,-1.3385
mixed,8,4,0.5,4.0,16,8192,1024,4096,2560,726.404,726.212,725.952,
mixed,8,4,0.5,4.0,16,8192,2048,8192,5120,725.539,735.491,733.541,0.8041
mixed,8,4,0.5,4.0,16,8192,4096,16384,10240,908.708,1431.429,1425.702,0.989
mixed,8,4,0.5,4.0,32,0,128,512,320,57.824,77.024,76.705,0.9834
mixed,8,4,0.5,4.0,32,0,256,1024,640,87.872,120.769,120.448,0.9902
mixed,8,4,0.5,4.0,32,0,512,2048,1280,143.712,209.25,208.162,0.9834
mixed,8,4,0.5,4.0,32,0,1024,4096,2560,252.866,383.457,382.979,0.9963
mixed,8,4,0.5,4.0,32,0,2048,8192,5120,471.873,735.523,734.597,0.9965
mixed,8,4,0.5,4.0,32,0,4096,16384,10240,908.995,1431.047,1425.318,0.989
mixed,8,4,0.5,4.0,32,512,128,512,320,77.504,80.065,78.881,0.5377
mixed,8,4,0.5,4.0,32,512,256,1024,640,88.128,120.864,120.576,0.9912
mixed,8,4,0.5,4.0,32,512,512,2048,1280,143.265,208.993,208.451,0.9918
mixed,8,4,0.5,4.0,32,512,1024,4096,2560,252.962,383.681,382.786,0.9932
mixed,8,4,0.5,4.0,32,512,2048,8192,5120,472.004,736.165,735.525,0.9976
mixed,8,4,0.5,4.0,32,512,4096,16384,10240,909.54,1430.789,1425.571,0.99
mixed,8,4,0.5,4.0,32,1024,128,512,320,120.289,122.624,121.248,0.4107
mixed,8,4,0.5,4.0,32,1024,256,1024,640,121.985,123.17,121.665,-0.27
mixed,8,4,0.5,4.0,32,1024,512,2048,1280,144.256,209.57,208.577,0.9848
mixed,8,4,0.5,4.0,32,1024,1024,4096,2560,252.865,383.201,382.689,0.9961
mixed,8,4,0.5,4.0,32,1024,2048,8192,5120,471.169,735.493,734.34,0.9956
mixed,8,4,0.5,4.0,32,1024,4096,16384,10240,908.006,1430.984,1425.83,0.9901
mixed,8,4,0.5,4.0,32,2048,128,512,320,206.015,207.648,207.04,0.6277
mixed,8,4,0.5,4.0,32,2048,256,1024,640,207.552,208.641,207.744,0.1763
mixed,8,4,0.5,4.0,32,2048,512,2048,1280,208.417,209.696,208.289,-0.1001
mixed,8,4,0.5,4.0,32,2048,1024,4096,2560,252.93,383.553,382.977,0.9956
mixed,8,4,0.5,4.0,32,2048,2048,8192,5120,471.234,735.843,735.395,0.9983
mixed,8,4,0.5,4.0,32,2048,4096,16384,10240,909.06,1432.326,1425.446,0.9869
mixed,8,4,0.5,4.0,32,4096,128,512,320,378.275,379.842,379.041,0.4888
mixed,8,4,0.5,4.0,32,4096,256,1024,640,380.291,380.482,379.554,-3.8586
mixed,8,4,0.5,4.0,32,4096,512,2048,1280,380.512,380.609,380.194,-3.2784
mixed,8,4,0.5,4.0,32,4096,1024,4096,2560,380.962,383.972,382.691,0.5744
mixed,8,4,0.5,4.0,32,4096,2048,8192,5120,471.874,735.747,734.531,0.9954
mixed,8,4,0.5,4.0,32,4096,4096,16384,10240,908.642,1431.527,1425.255,0.988
mixed,8,4,0.5,4.0,32,8192,128,512,320,725.061,726.756,725.698,0.3758
mixed,8,4,0.5,4.0,32,8192,256,1024,640,727.043,726.917,726.563,
mixed,8,4,0.5,4.0,32,8192,512,2048,1280,726.788,727.075,726.531,-0.8955
mixed,8,4,0.5,4.0,32,8192,1024,4096,2560,727.906,727.235,727.715,
mixed,8,4,0.5,4.0,32,8192,2048,8192,5120,728.323,736.738,734.403,0.7225
mixed,8,4,0.5,4.0,32,8192,4096,16384,10240,908.678,1433.158,1426.788,0.9879
mixed,8,4,0.5,4.0,64,0,128,512,320,57.089,76.577,76.031,0.972
mixed,8,4,0.5,4.0,64,0,256,1024,640,87.584,121.633,119.711,0.9436
mixed,8,4,0.5,4.0,64,0,512,2048,1280,142.977,209.281,207.458,0.9725
mixed,8,4,0.5,4.0,64,0,1024,4096,2560,252.192,382.882,382.434,0.9966
mixed,8,4,0.5,4.0,64,0,2048,8192,5120,470.658,735.49,734.148,0.9949
mixed,8,4,0.5,4.0,64,0,4096,16384,10240,908.388,1430.793,1425.316,0.9895
mixed,8,4,0.5,4.0,64,512,128,512,320,77.921,80.128,78.528,0.275
mixed,8,4,0.5,4.0,64,512,256,1024,640,87.648,121.474,119.744,0.9489
mixed,8,4,0.5,4.0,64,512,512,2048,1280,143.394,208.866,207.747,0.9829
mixed,8,4,0.5,4.0,64,512,1024,4096,2560,252.64,383.232,382.464,0.9941
mixed,8,4,0.5,4.0,64,512,2048,8192,5120,471.106,735.365,734.467,0.9966
mixed,8,4,0.5,4.0,64,512,4096,16384,10240,909.027,1432.454,1425.767,0.9872
mixed,8,4,0.5,4.0,64,1024,128,512,320,120.768,122.561,121.407,0.3564
mixed,8,4,0.5,4.0,64,1024,256,1024,640,122.241,123.202,121.57,-0.6982
mixed,8,4,0.5,4.0,64,1024,512,2048,1280,143.392,209.473,207.971,0.9773
mixed,8,4,0.5,4.0,64,1024,1024,4096,2560,252.128,382.785,382.786,1.0
mixed,8,4,0.5,4.0,64,1024,2048,8192,5120,470.658,734.691,733.7,0.9962
mixed,8,4,0.5,4.0,64,1024,4096,16384,10240,908.352,1431.495,1424.839,0.9873
mixed,8,4,0.5,4.0,64,2048,128,512,320,207.008,208.481,207.487,0.3252
mixed,8,4,0.5,4.0,64,2048,256,1024,640,208.673,208.769,207.809,-9.0
mixed,8,4,0.5,4.0,64,2048,512,2048,1280,208.77,209.057,208.515,-0.8885
mixed,8,4,0.5,4.0,64,2048,1024,4096,2560,251.84,383.94,382.401,0.9883
mixed,8,4,0.5,4.0,64,2048,2048,8192,5120,471.364,735.075,733.826,0.9953
mixed,8,4,0.5,4.0,64,2048,4096,16384,10240,907.97,1430.726,1425.252,0.9895
mixed,8,4,0.5,4.0,64,4096,128,512,320,378.626,379.904,379.713,0.8505
mixed,8,4,0.5,4.0,64,4096,256,1024,640,380.033,380.45,380.032,-0.0024
mixed,8,4,0.5,4.0,64,4096,512,2048,1280,380.737,381.056,379.97,-2.4044
mixed,8,4,0.5,4.0,64,4096,1024,4096,2560,380.894,384.228,382.433,0.4616
mixed,8,4,0.5,4.0,64,4096,2048,8192,5120,471.97,735.844,734.468,0.9948
mixed,8,4,0.5,4.0,64,4096,4096,16384,10240,909.125,1431.335,1425.734,0.9893
mixed,8,4,0.5,4.0,64,8192,128,512,320,725.988,726.052,726.98,15.5
mixed,8,4,0.5,4.0,64,8192,256,1024,640,727.17,727.171,726.724,-446.0
mixed,8,4,0.5,4.0,64,8192,512,2048,1280,727.652,727.749,728.07,4.3093
mixed,8,4,0.5,4.0,64,8192,1024,4096,2560,728.195,729.22,728.099,-0.0937
mixed,8,4,0.5,4.0,64,8192,2048,8192,5120,728.068,735.745,734.788,0.8753
mixed,8,4,0.5,4.0,64,8192,4096,16384,10240,908.741,1432.839,1426.628,0.9881
mixed,8,4,0.5,4.0,128,0,128,512,320,57.6,77.088,76.256,0.9573
mixed,8,4,0.5,4.0,128,0,256,1024,640,87.746,120.672,120.384,0.9913
mixed,8,4,0.5,4.0,128,0,512,2048,1280,143.17,208.992,208.351,0.9903
mixed,8,4,0.5,4.0,128,0,1024,4096,2560,252.992,383.714,382.305,0.9892
mixed,8,4,0.5,4.0,128,0,2048,8192,5120,471.298,735.717,733.636,0.9921
mixed,8,4,0.5,4.0,128,0,4096,16384,10240,908.674,1430.246,1423.878,0.9878
mixed,8,4,0.5,4.0,128,512,128,512,320,79.167,80.608,79.423,0.1777
mixed,8,4,0.5,4.0,128,512,256,1024,640,88.673,121.344,120.288,0.9677
mixed,8,4,0.5,4.0,128,512,512,2048,1280,144.192,209.313,208.225,0.9833
mixed,8,4,0.5,4.0,128,512,1024,4096,2560,252.77,384.003,382.402,0.9878
mixed,8,4,0.5,4.0,128,512,2048,8192,5120,471.17,736.258,734.791,0.9945
mixed,8,4,0.5,4.0,128,512,4096,16384,10240,908.481,1429.0,1424.007,0.9904
mixed,8,4,0.5,4.0,128,1024,128,512,320,122.047,123.073,122.366,0.3109
mixed,8,4,0.5,4.0,128,1024,256,1024,640,123.072,123.616,122.686,-0.7096
mixed,8,4,0.5,4.0,128,1024,512,2048,1280,144.097,209.567,208.161,0.9785
mixed,8,4,0.5,4.0,128,1024,1024,4096,2560,252.289,383.298,382.847,0.9966
mixed,8,4,0.5,4.0,128,1024,2048,8192,5120,471.043,736.291,733.412,0.9891
mixed,8,4,0.5,4.0,128,1024,4096,16384,10240,908.293,1429.991,1424.42,0.9893
mixed,8,4,0.5,4.0,128,2048,128,512,320,207.968,208.736,208.545,0.7513
mixed,8,4,0.5,4.0,128,2048,256,1024,640,208.768,209.089,208.131,-1.9844
mixed,8,4,0.5,4.0,128,2048,512,2048,1280,209.57,210.497,208.867,-0.7584
mixed,8,4,0.5,4.0,128,2048,1024,4096,2560,252.227,384.227,382.466,0.9867
mixed,8,4,0.5,4.0,128,2048,2048,8192,5120,472.192,735.619,733.477,0.9919
mixed,8,4,0.5,4.0,128,2048,4096,16384,10240,908.966,1430.472,1424.165,0.9879
mixed,8,4,0.5,4.0,128,4096,128,512,320,379.617,380.769,379.522,-0.0825
mixed,8,4,0.5,4.0,128,4096,256,1024,640,380.739,380.738,380.289,
mixed,8,4,0.5,4.0,128,4096,512,2048,1280,381.697,381.794,380.77,-9.5567
mixed,8,4,0.5,4.0,128,4096,1024,4096,2560,381.44,383.874,382.627,0.4877
mixed,8,4,0.5,4.0,128,4096,2048,8192,5120,471.715,736.356,734.116,0.9915
mixed,8,4,0.5,4.0,128,4096,4096,16384,10240,908.616,1429.67,1424.87,0.9908
mixed,8,4,0.5,4.0,128,8192,128,512,320,726.274,727.139,726.661,0.4474
mixed,8,4,0.5,4.0,128,8192,256,1024,640,727.108,727.3,727.203,0.4948
mixed,8,4,0.5,4.0,128,8192,512,2048,1280,727.68,728.323,727.811,0.2037
mixed,8,4,0.5,4.0,128,8192,1024,4096,2560,728.163,728.131,728.195,
mixed,8,4,0.5,4.0,128,8192,2048,8192,5120,728.996,737.12,733.732,0.583
mixed,8,4,0.5,4.0,128,8192,4096,16384,10240,908.099,1431.815,1426.247,0.9894
mixed,8,4,0.5,4.0,256,0,128,512,320,60.609,80.672,78.56,0.8947
mixed,8,4,0.5,4.0,256,0,256,1024,640,91.328,123.745,123.616,0.996
mixed,8,4,0.5,4.0,256,0,512,2048,1280,145.504,211.267,210.177,0.9834
mixed,8,4,0.5,4.0,256,0,1024,4096,2560,254.433,385.347,384.291,0.9919
mixed,8,4,0.5,4.0,256,0,2048,8192,5120,472.804,737.475,737.155,0.9988
mixed,8,4,0.5,4.0,256,0,4096,16384,10240,912.389,1432.198,1426.149,0.9884
mixed,8,4,0.5,4.0,256,512,128,512,320,91.616,91.713,91.488,-1.3196
mixed,8,4,0.5,4.0,256,512,256,1024,640,92.224,124.577,122.944,0.9495
mixed,8,4,0.5,4.0,256,512,512,2048,1280,145.793,211.169,209.762,0.9785
mixed,8,4,0.5,4.0,256,512,1024,4096,2560,254.945,386.594,385.985,0.9954
mixed,8,4,0.5,4.0,256,512,2048,8192,5120,474.818,739.46,736.836,0.9901
mixed,8,4,0.5,4.0,256,512,4096,16384,10240,911.872,1432.68,1430.182,0.9952
mixed,8,4,0.5,4.0,256,1024,128,512,320,133.792,133.634,132.288,
mixed,8,4,0.5,4.0,256,1024,256,1024,640,133.537,133.664,133.377,-1.2598
mixed,8,4,0.5,4.0,256,1024,512,2048,1280,146.208,211.266,210.339,0.9858
mixed,8,4,0.5,4.0,256,1024,1024,4096,2560,255.012,386.016,385.665,0.9973
mixed,8,4,0.5,4.0,256,1024,2048,8192,5120,473.892,739.779,737.441,0.9912
mixed,8,4,0.5,4.0,256,1024,4096,16384,10240,912.229,1431.107,1427.11,0.9923
mixed,8,4,0.5,4.0,256,2048,128,512,320,215.968,216.674,216.641,0.9533
mixed,8,4,0.5,4.0,256,2048,256,1024,640,217.089,217.728,216.641,-0.7011
mixed,8,4,0.5,4.0,256,2048,512,2048,1280,217.473,218.209,216.706,-1.0421
mixed,8,4,0.5,4.0,256,2048,1024,4096,2560,254.976,386.309,385.537,0.9941
mixed,8,4,0.5,4.0,256,2048,2048,8192,5120,474.147,738.853,738.467,0.9985
mixed,8,4,0.5,4.0,256,2048,4096,16384,10240,912.164,1432.005,1428.07,0.9924
mixed,8,4,0.5,4.0,256,4096,128,512,320,382.788,382.688,382.882,
mixed,8,4,0.5,4.0,256,4096,256,1024,640,383.62,383.618,382.818,
mixed,8,4,0.5,4.0,256,4096,512,2048,1280,384.129,385.057,383.777,-0.3793
mixed,8,4,0.5,4.0,256,4096,1024,4096,2560,385.217,386.85,386.146,0.5689
mixed,8,4,0.5,4.0,256,4096,2048,8192,5120,476.001,740.866,738.82,0.9923
mixed,8,4,0.5,4.0,256,4096,4096,16384,10240,912.452,1431.908,1428.837,0.9941
mixed,8,4,0.5,4.0,256,8192,128,512,320,728.291,729.347,728.481,0.1799
mixed,8,4,0.5,4.0,256,8192,256,1024,640,729.412,729.381,728.932,
mixed,8,4,0.5,4.0,256,8192,512,2048,1280,729.602,729.569,729.702,
mixed,8,4,0.5,4.0,256,8192,1024,4096,2560,729.252,729.891,729.475,0.349
mixed,8,4,0.5,4.0,256,8192,2048,8192,5120,729.797,741.318,738.371,0.7442
mixed,8,4,0.5,4.0,256,8192,4096,16384,10240,914.981,1434.821,1430.053,0.9908
mixed,8,4,0.5,4.0,512,0,128,512,320,75.296,85.856,83.393,0.7668
mixed,8,4,0.5,4.0,512,0,256,1024,640,96.511,128.992,125.281,0.8857
mixed,8,4,0.5,4.0,512,0,512,2048,1280,148.737,212.386,211.553,0.9869
mixed,8,4,0.5,4.0,512,0,1024,4096,2560,256.771,386.242,386.144,0.9992
mixed,8,4,0.5,4.0,512,0,2048,8192,5120,475.393,737.732,736.135,0.9939
mixed,8,4,0.5,4.0,512,0,4096,16384,10240,913.507,1434.439,1428.836,0.9892
mixed,8,4,0.5,4.0,512,512,128,512,320,117.12,117.344,116.768,-1.5714
mixed,8,4,0.5,4.0,512,512,256,1024,640,118.082,130.177,126.015,0.6559
mixed,8,4,0.5,4.0,512,512,512,2048,1280,150.4,213.73,211.904,0.9712
mixed,8,4,0.5,4.0,512,512,1024,4096,2560,256.641,387.841,386.625,0.9907
mixed,8,4,0.5,4.0,512,512,2048,8192,5120,476.098,739.491,735.843,0.9861
mixed,8,4,0.5,4.0,512,512,4096,16384,10240,913.574,1436.07,1430.119,0.9886
mixed,8,4,0.5,4.0,512,1024,128,512,320,159.329,157.856,159.009,
mixed,8,4,0.5,4.0,512,1024,256,1024,640,160.192,160.768,158.753,-2.4983
mixed,8,4,0.5,4.0,512,1024,512,2048,1280,160.673,214.048,212.835,0.9773
mixed,8,4,0.5,4.0,512,1024,1024,4096,2560,257.12,388.866,387.331,0.9883
mixed,8,4,0.5,4.0,512,1024,2048,8192,5120,475.872,741.414,737.249,0.9843
mixed,8,4,0.5,4.0,512,1024,4096,16384,10240,914.468,1436.454,1430.379,0.9884
mixed,8,4,0.5,4.0,512,2048,128,512,320,242.369,241.92,242.563,
mixed,8,4,0.5,4.0,512,2048,256,1024,640,242.048,242.305,243.041,3.8638
mixed,8,4,0.5,4.0,512,2048,512,2048,1280,243.969,244.962,243.103,-0.8721
mixed,8,4,0.5,4.0,512,2048,1024,4096,2560,258.464,388.384,387.457,0.9929
mixed,8,4,0.5,4.0,512,2048,2048,8192,5120,478.242,740.388,738.915,0.9944
mixed,8,4,0.5,4.0,512,2048,4096,16384,10240,914.215,1437.639,1429.671,0.9848
mixed,8,4,0.5,4.0,512,4096,128,512,320,408.771,408.353,408.258,
mixed,8,4,0.5,4.0,512,4096,256,1024,640,409.188,407.586,409.697,
mixed,8,4,0.5,4.0,512,4096,512,2048,1280,412.739,411.938,410.178,
mixed,8,4,0.5,4.0,512,4096,1024,4096,2560,413.472,412.995,411.523,
mixed,8,4,0.5,4.0,512,4096,2048,8192,5120,479.907,742.464,741.09,0.9948
mixed,8,4,0.5,4.0,512,4096,4096,16384,10240,916.293,1439.206,1435.789,0.9935
mixed,8,4,0.5,4.0,512,8192,128,512,320,743.331,743.011,742.82,
mixed,8,4,0.5,4.0,512,8192,256,1024,640,742.21,743.429,742.947,0.6046
mixed,8,4,0.5,4.0,512,8192,512,2048,1280,745.125,745.062,742.98,
mixed,8,4,0.5,4.0,512,8192,1024,4096,2560,744.003,747.169,744.387,0.1213
mixed,8,4,0.5,4.0,512,8192,2048,8192,5120,748.388,755.81,750.275,0.2542
mixed,8,4,0.5,4.0,512,8192,4096,16384,10240,923.557,1443.27,1437.764,0.9894
mixed,8,4,0.5,4.0,1024,0,128,512,320,143.968,143.902,143.039,
mixed,8,4,0.5,4.0,1024,0,256,1024,640,146.783,177.057,167.649,0.6892
mixed,8,4,0.5,4.0,1024,0,512,2048,1280,198.688,260.416,251.264,0.8517
mixed,8,4,0.5,4.0,1024,0,1024,4096,2560,303.072,426.626,417.345,0.9249
mixed,8,4,0.5,4.0,1024,0,2048,8192,5120,510.916,758.947,747.94,0.9556
mixed,8,4,0.5,4.0,1024,0,4096,16384,10240,926.181,1441.99,1437.223,0.9908
mixed,8,4,0.5,4.0,1024,512,128,512,320,205.921,224.256,199.425,-0.3543
mixed,8,4,0.5,4.0,1024,512,256,1024,640,228.48,229.442,209.024,-20.2245
mixed,8,4,0.5,4.0,1024,512,512,2048,1280,244.289,306.112,284.448,0.6496
mixed,8,4,0.5,4.0,1024,512,1024,4096,2560,352.002,475.554,460.994,0.8822
mixed,8,4,0.5,4.0,1024,512,2048,8192,5120,557.22,812.739,794.66,0.9292
mixed,8,4,0.5,4.0,1024,512,4096,16384,10240,972.581,1478.342,1456.966,0.9577
mixed,8,4,0.5,4.0,1024,1024,128,512,320,248.259,267.266,238.72,-0.5019
mixed,8,4,0.5,4.0,1024,1024,256,1024,640,277.857,309.729,251.525,-0.8262
mixed,8,4,0.5,4.0,1024,1024,512,2048,1280,316.256,356.994,294.879,-0.5247
mixed,8,4,0.5,4.0,1024,1024,1024,4096,2560,399.777,529.827,496.129,0.7409
mixed,8,4,0.5,4.0,1024,1024,2048,8192,5120,615.871,879.652,849.892,0.8872
mixed,8,4,0.5,4.0,1024,1024,4096,16384,10240,1054.788,1581.254,1515.72,0.8755
mixed,8,4,0.5,4.0,1024,2048,128,512,320,333.41,350.786,321.377,-0.6925
mixed,8,4,0.5,4.0,1024,2048,256,1024,640,360.576,395.424,334.562,-0.7465
mixed,8,4,0.5,4.0,1024,2048,512,2048,1280,416.578,479.872,359.264,-0.9055
mixed,8,4,0.5,4.0,1024,2048,1024,4096,2560,486.915,617.187,513.507,0.2041
mixed,8,4,0.5,4.0,1024,2048,2048,8192,5120,704.1,964.452,946.563,0.9313
mixed,8,4,0.5,4.0,1024,2048,4096,16384,10240,1143.783,1668.583,1651.395,0.9672
mixed,8,4,0.5,4.0,1024,4096,128,512,320,500.516,518.017,494.114,-0.3658
mixed,8,4,0.5,4.0,1024,4096,256,1024,640,528.579,564.321,503.299,-0.7073
mixed,8,4,0.5,4.0,1024,4096,512,2048,1280,583.555,652.835,525.763,-0.8342
mixed,8,4,0.5,4.0,1024,4096,1024,4096,2560,698.341,827.141,574.179,-0.964
mixed,8,4,0.5,4.0,1024,4096,2048,8192,5120,876.644,1142.437,957.86,0.3056
mixed,8,4,0.5,4.0,1024,4096,4096,16384,10240,1312.742,1846.568,1819.498,0.9493
mixed,8,4,0.5,4.0,1024,8192,128,512,320,832.516,855.266,829.315,-0.1407
mixed,8,4,0.5,4.0,1024,8192,256,1024,640,866.245,897.957,838.979,-0.8598
mixed,8,4,0.5,4.0,1024,8192,512,2048,1280,917.54,991.972,861.795,-0.7489
mixed,8,4,0.5,4.0,1024,8192,1024,4096,2560,1038.469,1178.055,911.875,-0.9069
mixed,8,4,0.5,4.0,1024,8192,2048,8192,5120,1269.348,1526.888,1009.988,-1.0071
mixed,8,4,0.5,4.0,1024,8192,4096,16384,10240,1661.448,2191.368,1833.035,0.3238
mixed,8,4,0.5,4.0,2048,0,128,512,320,323.458,330.946,324.0,0.0724
mixed,8,4,0.5,4.0,2048,0,256,1024,640,331.524,339.202,330.976,-0.0714
mixed,8,4,0.5,4.0,2048,0,512,2048,1280,344.866,404.483,376.676,0.5336
mixed,8,4,0.5,4.0,2048,0,1024,4096,2560,447.203,576.194,544.034,0.7507
mixed,8,4,0.5,4.0,2048,0,2048,8192,5120,660.163,906.021,890.404,0.9365
mixed,8,4,0.5,4.0,2048,0,4096,16384,10240,1075.811,1571.974,1556.616,0.969
mixed,8,4,0.5,4.0,2048,512,128,512,320,411.457,420.45,415.298,0.4271
mixed,8,4,0.5,4.0,2048,512,256,1024,640,427.968,427.329,420.995,
mixed,8,4,0.5,4.0,2048,512,512,2048,1280,429.059,451.459,439.139,0.45
mixed,8,4,0.5,4.0,2048,512,1024,4096,2560,507.841,650.019,605.313,0.6856
mixed,8,4,0.5,4.0,2048,512,2048,8192,5120,736.416,992.643,945.922,0.8177
mixed,8,4,0.5,4.0,2048,512,4096,16384,10240,1172.355,1670.693,1629.416,0.9172
mixed,8,4,0.5,4.0,2048,1024,128,512,320,496.929,505.219,502.05,0.6177
mixed,8,4,0.5,4.0,2048,1024,256,1024,640,509.763,520.003,505.826,-0.3845
mixed,8,4,0.5,4.0,2048,1024,512,2048,1280,519.235,526.851,510.497,-1.1473
mixed,8,4,0.5,4.0,2048,1024,1024,4096,2560,541.538,728.802,663.074,0.649
mixed,8,4,0.5,4.0,2048,1024,2048,8192,5120,812.258,1072.932,993.509,0.6953
mixed,8,4,0.5,4.0,2048,1024,4096,16384,10240,1253.255,1784.936,1692.265,0.8257
mixed,8,4,0.5,4.0,2048,2048,128,512,320,661.733,670.947,663.36,0.1766
mixed,8,4,0.5,4.0,2048,2048,256,1024,640,678.244,685.348,670.083,-1.1488
mixed,8,4,0.5,4.0,2048,2048,512,2048,1280,686.34,688.934,675.365,-4.2309
mixed,8,4,0.5,4.0,2048,2048,1024,4096,2560,684.323,808.772,752.452,0.5474
mixed,8,4,0.5,4.0,2048,2048,2048,8192,5120,962.373,1246.309,1105.704,0.5048
mixed,8,4,0.5,4.0,2048,2048,4096,16384,10240,1419.397,1949.961,1820.2,0.7554
mixed,8,4,0.5,4.0,2048,4096,128,512,320,992.169,1001.35,997.443,0.5744
mixed,8,4,0.5,4.0,2048,4096,256,1024,640,1007.178,1015.269,1000.774,-0.7915
mixed,8,4,0.5,4.0,2048,4096,512,2048,1280,1019.333,1019.782,1006.215,-29.216
mixed,8,4,0.5,4.0,2048,4096,1024,4096,2560,1019.395,1020.868,1022.341,2.0
mixed,8,4,0.5,4.0,2048,4096,2048,8192,5120,1038.914,1504.999,1281.798,0.5211
mixed,8,4,0.5,4.0,2048,4096,4096,16384,10240,1745.191,2277.802,1947.617,0.3801
mixed,8,4,0.5,4.0,2048,8192,128,512,320,1662.311,1667.945,1658.343,-0.7043
mixed,8,4,0.5,4.0,2048,8192,256,1024,640,1675.463,1684.807,1670.576,-0.523
mixed,8,4,0.5,4.0,2048,8192,512,2048,1280,1685.254,1688.359,1673.383,-3.8232
mixed,8,4,0.5,4.0,2048,8192,1024,4096,2560,1686.857,1687.852,1686.79,-0.0673
mixed,8,4,0.5,4.0,2048,8192,2048,8192,5120,1689.514,1692.262,1688.07,-0.5255
mixed,8,4,0.5,4.0,2048,8192,4096,16384,10240,1866.858,2905.646,2311.596,0.4281
pure,8,6,0.75,4.0,0,0,128,512,416,62.659,64.544,64.193,0.8138
pure,8,6,0.75,4.0,0,0,256,1024,832,72.416,77.374,73.409,0.2003
pure,8,6,0.75,4.0,0,0,512,2048,1664,97.733,107.68,102.272,0.4563
pure,8,6,0.75,4.0,0,0,1024,4096,3328,140.609,153.121,138.241,-0.1893
pure,8,6,0.75,4.0,0,0,2048,8192,6656,213.89,243.233,219.23,0.182
pure,8,6,0.75,4.0,0,0,4096,16384,13312,348.771,410.851,380.511,0.5113
mixed,8,6,0.75,4.0,16,0,128,512,416,66.913,75.936,75.874,0.9931
mixed,8,6,0.75,4.0,16,0,256,1024,832,100.096,120.514,119.648,0.9576
mixed,8,6,0.75,4.0,16,0,512,2048,1664,175.169,208.064,207.969,0.9971
mixed,8,6,0.75,4.0,16,0,1024,4096,3328,316.737,382.402,382.305,0.9985
mixed,8,6,0.75,4.0,16,0,2048,8192,6656,602.945,735.427,734.5,0.993
mixed,8,6,0.75,4.0,16,0,4096,16384,13312,1169.061,1429.58,1427.652,0.9926
mixed,8,6,0.75,4.0,16,512,128,512,416,75.52,78.656,75.552,0.0102
mixed,8,6,0.75,4.0,16,512,256,1024,832,100.128,120.994,119.489,0.9279
mixed,8,6,0.75,4.0,16,512,512,2048,1664,175.776,208.738,207.232,0.9543
mixed,8,6,0.75,4.0,16,512,1024,4096,3328,316.963,382.498,382.914,1.0063
mixed,8,6,0.75,4.0,16,512,2048,8192,6656,603.235,734.658,733.795,0.9934
mixed,8,6,0.75,4.0,16,512,4096,16384,13312,1169.124,1429.707,1429.637,0.9997
mixed,8,6,0.75,4.0,16,1024,128,512,416,118.496,118.592,118.656,1.6667
mixed,8,6,0.75,4.0,16,1024,256,1024,832,118.977,122.08,119.776,0.2575
mixed,8,6,0.75,4.0,16,1024,512,2048,1664,175.201,208.448,207.585,0.974
mixed,8,6,0.75,4.0,16,1024,1024,4096,3328,317.188,383.137,382.626,0.9923
mixed,8,6,0.75,4.0,16,1024,2048,8192,6656,603.62,735.62,734.437,0.991
mixed,8,6,0.75,4.0,16,1024,4096,16384,13312,1169.222,1430.249,1428.838,0.9946
mixed,8,6,0.75,4.0,16,2048,128,512,416,204.226,204.865,204.544,0.4977
mixed,8,6,0.75,4.0,16,2048,256,1024,832,204.771,204.671,204.451,
mixed,8,6,0.75,4.0,16,2048,512,2048,1664,204.449,208.993,208.224,0.8308
mixed,8,6,0.75,4.0,16,2048,1024,4096,3328,316.897,383.042,382.914,0.9981
mixed,8,6,0.75,4.0,16,2048,2048,8192,6656,602.98,735.589,734.372,0.9908
mixed,8,6,0.75,4.0,16,2048,4096,16384,13312,1169.477,1430.601,1428.806,0.9931
mixed,8,6,0.75,4.0,16,4096,128,512,416,376.257,376.962,376.353,0.1362
mixed,8,6,0.75,4.0,16,4096,256,1024,832,376.515,376.739,376.706,0.8527
mixed,8,6,0.75,4.0,16,4096,512,2048,1664,376.865,376.579,376.578,
mixed,8,6,0.75,4.0,16,4096,1024,4096,3328,376.674,383.299,383.202,0.9854
mixed,8,6,0.75,4.0,16,4096,2048,8192,6656,603.744,735.682,734.755,0.993
mixed,8,6,0.75,4.0,16,4096,4096,16384,13312,1168.841,1430.503,1429.223,0.9951
mixed,8,6,0.75,4.0,16,8192,128,512,416,723.687,724.195,724.58,1.7579
mixed,8,6,0.75,4.0,16,8192,256,1024,832,723.906,725.541,724.517,0.3737
mixed,8,6,0.75,4.0,16,8192,512,2048,1664,725.636,725.923,725.38,-0.892
mixed,8,6,0.75,4.0,16,8192,1024,4096,3328,725.764,726.05,726.787,3.5769
mixed,8,6,0.75,4.0,16,8192,2048,8192,6656,727.104,735.91,735.011,0.8979
mixed,8,6,0.75,4.0,16,8192,4096,16384,13312,1169.927,1430.791,1429.734,0.9959
mixed,8,6,0.75,4.0,32,0,128,512,416,67.744,77.184,77.025,0.9832
mixed,8,6,0.75,4.0,32,0,256,1024,832,101.665,120.833,121.027,1.0101
mixed,8,6,0.75,4.0,32,0,512,2048,1664,176.577,209.185,208.609,0.9823
mixed,8,6,0.75,4.0,32,0,1024,4096,3328,318.05,383.457,382.626,0.9873
mixed,8,6,0.75,4.0,32,0,2048,8192,6656,604.386,734.435,734.69,1.002
mixed,8,6,0.75,4.0,32,0,4096,16384,13312,1168.709,1430.63,1430.221,0.9984
mixed,8,6,0.75,4.0,32,512,128,512,416,77.248,80.0,78.88,0.593
mixed,8,6,0.75,4.0,32,512,256,1024,832,101.41,121.28,120.993,0.9856
mixed,8,6,0.75,4.0,32,512,512,2048,1664,176.704,209.185,208.162,0.9685
mixed,8,6,0.75,4.0,32,512,1024,4096,3328,318.115,384.001,382.723,0.9806
mixed,8,6,0.75,4.0,32,512,2048,8192,6656,603.971,735.655,734.305,0.9897
mixed,8,6,0.75,4.0,32,512,4096,16384,13312,1168.741,1431.941,1430.151,0.9932
mixed,8,6,0.75,4.0,32,1024,128,512,416,120.544,122.208,121.888,0.8077
mixed,8,6,0.75,4.0,32,1024,256,1024,832,120.641,122.943,122.018,0.5982
mixed,8,6,0.75,4.0,32,1024,512,2048,1664,176.546,209.058,208.256,0.9753
mixed,8,6,0.75,4.0,32,1024,1024,4096,3328,317.826,383.78,384.13,1.0053
mixed,8,6,0.75,4.0,32,1024,2048,8192,6656,603.939,735.171,734.756,0.9968
mixed,8,6,0.75,4.0,32,1024,4096,16384,13312,1170.086,1430.695,1429.543,0.9956
mixed,8,6,0.75,4.0,32,2048,128,512,416,206.146,207.648,206.56,0.2756
mixed,8,6,0.75,4.0,32,2048,256,1024,832,206.21,208.384,208.16,0.897
mixed,8,6,0.75,4.0,32,2048,512,2048,1664,208.929,209.441,208.77,-0.3105
mixed,8,6,0.75,4.0,32,2048,1024,4096,3328,318.144,384.002,383.68,0.9951
mixed,8,6,0.75,4.0,32,2048,2048,8192,6656,603.14,736.161,734.851,0.9902
mixed,8,6,0.75,4.0,32,2048,4096,16384,13312,1169.827,1432.261,1430.598,0.9937
mixed,8,6,0.75,4.0,32,4096,128,512,416,378.017,379.874,379.009,0.5342
mixed,8,6,0.75,4.0,32,4096,256,1024,832,378.112,380.45,380.002,0.8084
mixed,8,6,0.75,4.0,32,4096,512,2048,1664,380.609,380.482,380.227,
mixed,8,6,0.75,4.0,32,4096,1024,4096,3328,381.251,384.098,383.843,0.9104
mixed,8,6,0.75,4.0,32,4096,2048,8192,6656,604.611,735.332,734.116,0.9907
mixed,8,6,0.75,4.0,32,4096,4096,16384,13312,1169.926,1432.615,1429.325,0.9875
mixed,8,6,0.75,4.0,32,8192,128,512,416,725.695,727.013,726.243,0.4158
mixed,8,6,0.75,4.0,32,8192,256,1024,832,725.473,726.563,726.372,0.8248
mixed,8,6,0.75,4.0,32,8192,512,2048,1664,726.947,726.754,727.076,
mixed,8,6,0.75,4.0,32,8192,1024,4096,3328,727.555,727.369,727.139,
mixed,8,6,0.75,4.0,32,8192,2048,8192,6656,728.003,736.164,735.682,0.9409
mixed,8,6,0.75,4.0,32,8192,4096,16384,13312,1169.541,1431.686,1430.727,0.9963
mixed,8,6,0.75,4.0,64,0,128,512,416,67.392,76.543,76.32,0.9756
mixed,8,6,0.75,4.0,64,0,256,1024,832,100.482,121.121,120.322,0.9613
mixed,8,6,0.75,4.0,64,0,512,2048,1664,176.162,208.703,208.192,0.9843
mixed,8,6,0.75,4.0,64,0,1024,4096,3328,317.41,383.011,382.627,0.9941
mixed,8,6,0.75,4.0,64,0,2048,8192,6656,603.813,734.981,734.659,0.9975
mixed,8,6,0.75,4.0,64,0,4096,16384,13312,1169.766,1430.281,1429.512,0.997
mixed,8,6,0.75,4.0,64,512,128,512,416,78.048,80.064,78.945,0.4449
mixed,8,6,0.75,4.0,64,512,256,1024,832,100.578,120.192,120.32,1.0065
mixed,8,6,0.75,4.0,64,512,512,2048,1664,176.352,208.768,208.417,0.9892
mixed,8,6,0.75,4.0,64,512,1024,4096,3328,317.792,383.393,382.785,0.9907
mixed,8,6,0.75,4.0,64,512,2048,8192,6656,603.555,735.876,733.956,0.9855
mixed,8,6,0.75,4.0,64,512,4096,16384,13312,1168.934,1432.004,1429.483,0.9904
mixed,8,6,0.75,4.0,64,1024,128,512,416,121.281,122.305,122.24,0.9365
mixed,8,6,0.75,4.0,64,1024,256,1024,832,120.896,123.17,122.208,0.577
mixed,8,6,0.75,4.0,64,1024,512,2048,1664,176.128,208.93,208.416,0.9843
mixed,8,6,0.75,4.0,64,1024,1024,4096,3328,317.665,383.106,383.457,1.0054
mixed,8,6,0.75,4.0,64,1024,2048,8192,6656,604.1,735.396,733.892,0.9885
mixed,8,6,0.75,4.0,64,1024,4096,16384,13312,1169.447,1431.943,1430.279,0.9937
mixed,8,6,0.75,4.0,64,2048,128,512,416,207.137,208.351,208.001,0.7117
mixed,8,6,0.75,4.0,64,2048,256,1024,832,207.008,208.547,208.417,0.9155
mixed,8,6,0.75,4.0,64,2048,512,2048,1664,209.217,209.89,208.866,-0.5215
mixed,8,6,0.75,4.0,64,2048,1024,4096,3328,317.41,383.455,383.137,0.9952
mixed,8,6,0.75,4.0,64,2048,2048,8192,6656,602.886,734.977,734.692,0.9978
mixed,8,6,0.75,4.0,64,2048,4096,16384,13312,1169.094,1431.786,1429.445,0.9911
mixed,8,6,0.75,4.0,64,4096,128,512,416,378.882,380.162,379.522,0.5
mixed,8,6,0.75,4.0,64,4096,256,1024,832,378.98,380.674,380.162,0.6978
mixed,8,6,0.75,4.0,64,4096,512,2048,1664,380.739,380.611,380.801,
mixed,8,6,0.75,4.0,64,4096,1024,4096,3328,380.866,383.299,383.203,0.9605
mixed,8,6,0.75,4.0,64,4096,2048,8192,6656,603.779,736.101,735.107,0.9925
mixed,8,6,0.75,4.0,64,4096,4096,16384,13312,1169.416,1431.365,1429.286,0.9921
mixed,8,6,0.75,4.0,64,8192,128,512,416,726.02,726.947,726.467,0.4822
mixed,8,6,0.75,4.0,64,8192,256,1024,832,726.309,727.075,726.5,0.2493
mixed,8,6,0.75,4.0,64,8192,512,2048,1664,727.525,727.619,727.301,-2.383
mixed,8,6,0.75,4.0,64,8192,1024,4096,3328,727.203,728.611,728.036,0.5916
mixed,8,6,0.75,4.0,64,8192,2048,8192,6656,728.449,736.131,735.267,0.8875
mixed,8,6,0.75,4.0,64,8192,4096,16384,13312,1170.89,1431.431,1430.47,0.9963
mixed,8,6,0.75,4.0,128,0,128,512,416,68.641,76.99,76.926,0.9923
mixed,8,6,0.75,4.0,128,0,256,1024,832,101.345,120.707,120.64,0.9965
mixed,8,6,0.75,4.0,128,0,512,2048,1664,176.128,208.961,208.449,0.9844
mixed,8,6,0.75,4.0,128,0,1024,4096,3328,318.37,383.295,383.137,0.9976
mixed,8,6,0.75,4.0,128,0,2048,8192,6656,603.812,735.044,734.498,0.9958
mixed,8,6,0.75,4.0,128,0,4096,16384,13312,1168.901,1429.035,1428.84,0.9993
mixed,8,6,0.75,4.0,128,512,128,512,416,79.168,80.609,79.84,0.4663
mixed,8,6,0.75,4.0,128,512,256,1024,832,102.528,121.697,120.928,0.9599
mixed,8,6,0.75,4.0,128,512,512,2048,1664,176.418,208.995,208.736,0.992
mixed,8,6,0.75,4.0,128,512,1024,4096,3328,318.051,384.26,382.69,0.9763
mixed,8,6,0.75,4.0,128,512,2048,8192,6656,604.003,735.394,735.363,0.9998
mixed,8,6,0.75,4.0,128,512,4096,16384,13312,1168.419,1430.121,1428.391,0.9934
mixed,8,6,0.75,4.0,128,1024,128,512,416,122.016,122.752,122.56,0.7391
mixed,8,6,0.75,4.0,128,1024,256,1024,832,122.274,123.649,122.656,0.2778
mixed,8,6,0.75,4.0,128,1024,512,2048,1664,176.129,209.505,208.161,0.9597
mixed,8,6,0.75,4.0,128,1024,1024,4096,3328,318.531,383.906,383.555,0.9946
mixed,8,6,0.75,4.0,128,1024,2048,8192,6656,603.075,735.621,734.787,0.9937
mixed,8,6,0.75,4.0,128,1024,4096,16384,13312,1167.94,1430.121,1429.381,0.9972
mixed,8,6,0.75,4.0,128,2048,128,512,416,207.936,208.641,208.322,0.5475
mixed,8,6,0.75,4.0,128,2048,256,1024,832,208.321,209.376,208.769,0.4246
mixed,8,6,0.75,4.0,128,2048,512,2048,1664,210.112,210.079,210.399,
mixed,8,6,0.75,4.0,128,2048,1024,4096,3328,318.275,383.522,383.428,0.9986
mixed,8,6,0.75,4.0,128,2048,2048,8192,6656,604.739,736.131,734.627,0.9886
mixed,8,6,0.75,4.0,128,2048,4096,16384,13312,1169.03,1431.241,1428.261,0.9886
mixed,8,6,0.75,4.0,128,4096,128,512,416,379.523,380.129,379.905,0.6304
mixed,8,6,0.75,4.0,128,4096,256,1024,832,379.972,380.738,380.322,0.4569
mixed,8,6,0.75,4.0,128,4096,512,2048,1664,381.249,381.892,380.836,-0.6423
mixed,8,6,0.75,4.0,128,4096,1024,4096,3328,382.339,383.778,383.682,0.9333
mixed,8,6,0.75,4.0,128,4096,2048,8192,6656,603.427,735.876,734.372,0.9886
mixed,8,6,0.75,4.0,128,4096,4096,16384,13312,1168.774,1430.535,1427.942,0.9901
mixed,8,6,0.75,4.0,128,8192,128,512,416,726.856,726.754,726.465,
mixed,8,6,0.75,4.0,128,8192,256,1024,832,726.629,727.075,726.659,0.0673
mixed,8,6,0.75,4.0,128,8192,512,2048,1664,727.778,727.62,727.714,
mixed,8,6,0.75,4.0,128,8192,1024,4096,3328,728.353,729.093,728.674,0.4338
mixed,8,6,0.75,4.0,128,8192,2048,8192,6656,729.923,736.836,735.588,0.8195
mixed,8,6,0.75,4.0,128,8192,4096,16384,13312,1169.51,1430.947,1428.876,0.9921
mixed,8,6,0.75,4.0,256,0,128,512,416,70.817,80.257,78.847,0.8506
mixed,8,6,0.75,4.0,256,0,256,1024,832,104.033,123.939,123.649,0.9854
mixed,8,6,0.75,4.0,256,0,512,2048,1664,178.208,211.2,209.951,0.9621
mixed,8,6,0.75,4.0,256,0,1024,4096,3328,320.386,385.409,385.602,1.003
mixed,8,6,0.75,4.0,256,0,2048,8192,6656,605.89,737.507,737.157,0.9973
mixed,8,6,0.75,4.0,256,0,4096,16384,13312,1172.613,1431.4,1428.198,0.9876
mixed,8,6,0.75,4.0,256,512,128,512,416,91.777,91.362,91.617,
mixed,8,6,0.75,4.0,256,512,256,1024,832,104.768,124.226,123.648,0.9703
mixed,8,6,0.75,4.0,256,512,512,2048,1664,178.145,210.592,210.466,0.9961
mixed,8,6,0.75,4.0,256,512,1024,4096,3328,320.673,385.761,385.826,1.001
mixed,8,6,0.75,4.0,256,512,2048,8192,6656,606.53,738.085,737.222,0.9934
mixed,8,6,0.75,4.0,256,512,4096,16384,13312,1170.438,1432.035,1430.248,0.9932
mixed,8,6,0.75,4.0,256,1024,128,512,416,132.61,132.928,133.248,2.0063
mixed,8,6,0.75,4.0,256,1024,256,1024,832,134.08,134.208,134.114,0.2656
mixed,8,6,0.75,4.0,256,1024,512,2048,1664,178.432,211.2,211.008,0.9941
mixed,8,6,0.75,4.0,256,1024,1024,4096,3328,321.824,386.466,386.466,1.0
mixed,8,6,0.75,4.0,256,1024,2048,8192,6656,606.852,738.886,737.955,0.9929
mixed,8,6,0.75,4.0,256,1024,4096,16384,13312,1170.886,1430.63,1428.871,0.9932
mixed,8,6,0.75,4.0,256,2048,128,512,416,216.131,216.865,216.448,0.4319
mixed,8,6,0.75,4.0,256,2048,256,1024,832,217.791,217.602,217.088,
mixed,8,6,0.75,4.0,256,2048,512,2048,1664,218.657,217.634,217.505,
mixed,8,6,0.75,4.0,256,2048,1024,4096,3328,320.673,386.433,385.892,0.9918
mixed,8,6,0.75,4.0,256,2048,2048,8192,6656,607.907,739.557,737.474,0.9842
mixed,8,6,0.75,4.0,256,2048,4096,16384,13312,1171.814,1430.855,1431.302,1.0017
mixed,8,6,0.75,4.0,256,4096,128,512,416,383.777,382.69,382.529,
mixed,8,6,0.75,4.0,256,4096,256,1024,832,383.106,383.297,383.234,0.6702
mixed,8,6,0.75,4.0,256,4096,512,2048,1664,384.479,385.057,385.025,0.9446
mixed,8,6,0.75,4.0,256,4096,1024,4096,3328,385.698,387.457,386.689,0.5634
mixed,8,6,0.75,4.0,256,4096,2048,8192,6656,606.722,739.873,737.124,0.9794
mixed,8,6,0.75,4.0,256,4096,4096,16384,13312,1173.382,1433.894,1430.888,0.9885
mixed,8,6,0.75,4.0,256,8192,128,512,416,728.93,729.602,728.868,-0.0923
mixed,8,6,0.75,4.0,256,8192,256,1024,832,728.613,729.25,728.671,0.0911
mixed,8,6,0.75,4.0,256,8192,512,2048,1664,729.218,729.411,729.348,0.6736
mixed,8,6,0.75,4.0,256,8192,1024,4096,3328,729.764,729.572,729.159,
mixed,8,6,0.75,4.0,256,8192,2048,8192,6656,731.171,740.515,739.495,0.8908
mixed,8,6,0.75,4.0,256,8192,4096,16384,13312,1174.917,1433.958,1431.783,0.9916
mixed,8,6,0.75,4.0,512,0,128,512,416,77.537,86.111,84.449,0.8062
mixed,8,6,0.75,4.0,512,0,256,1024,832,108.448,128.864,127.009,0.9091
mixed,8,6,0.75,4.0,512,0,512,2048,1664,179.617,212.128,211.584,0.9833
mixed,8,6,0.75,4.0,512,0,1024,4096,3328,320.578,388.513,386.531,0.9708
mixed,8,6,0.75,4.0,512,0,2048,8192,6656,606.019,738.563,738.372,0.9986
mixed,8,6,0.75,4.0,512,0,4096,16384,13312,1173.349,1435.398,1432.936,0.9906
mixed,8,6,0.75,4.0,512,512,128,512,416,116.929,118.081,116.767,-0.1406
mixed,8,6,0.75,4.0,512,512,256,1024,832,118.496,129.858,128.032,0.8393
mixed,8,6,0.75,4.0,512,512,512,2048,1664,181.666,213.697,212.929,0.976
mixed,8,6,0.75,4.0,512,512,1024,4096,3328,322.786,387.2,387.267,1.001
mixed,8,6,0.75,4.0,512,512,2048,8192,6656,607.716,739.523,739.203,0.9976
mixed,8,6,0.75,4.0,512,512,4096,16384,13312,1173.9,1435.395,1432.517,0.989
mixed,8,6,0.75,4.0,512,1024,128,512,416,158.913,158.978,159.681,11.8154
mixed,8,6,0.75,4.0,512,1024,256,1024,832,160.289,161.122,159.871,-0.5018
mixed,8,6,0.75,4.0,512,1024,512,2048,1664,182.497,213.601,212.897,0.9774
mixed,8,6,0.75,4.0,512,1024,1024,4096,3328,322.274,387.968,387.969,1.0
mixed,8,6,0.75,4.0,512,1024,2048,8192,6656,607.65,738.786,741.187,1.0183
mixed,8,6,0.75,4.0,512,1024,4096,16384,13312,1176.87,1436.516,1432.742,0.9855
mixed,8,6,0.75,4.0,512,2048,128,512,416,242.753,241.571,242.241,
mixed,8,6,0.75,4.0,512,2048,256,1024,832,243.393,243.584,242.753,-3.3508
mixed,8,6,0.75,4.0,512,2048,512,2048,1664,243.777,244.833,243.521,-0.2424
mixed,8,6,0.75,4.0,512,2048,1024,4096,3328,324.451,389.825,386.85,0.9545
mixed,8,6,0.75,4.0,512,2048,2048,8192,6656,609.155,741.667,740.518,0.9913
mixed,8,6,0.75,4.0,512,2048,4096,16384,13312,1176.263,1436.076,1434.888,0.9954
mixed,8,6,0.75,4.0,512,4096,128,512,416,408.641,409.41,410.754,2.7477
mixed,8,6,0.75,4.0,512,4096,256,1024,832,410.434,409.376,409.571,
mixed,8,6,0.75,4.0,512,4096,512,2048,1664,410.85,412.322,409.441,-0.9572
mixed,8,6,0.75,4.0,512,4096,1024,4096,3328,411.682,414.179,413.345,0.666
mixed,8,6,0.75,4.0,512,4096,2048,8192,6656,610.591,742.019,741.605,0.9968
mixed,8,6,0.75,4.0,512,4096,4096,16384,13312,1176.161,1436.934,1440.23,1.0126
mixed,8,6,0.75,4.0,512,8192,128,512,416,742.914,742.469,742.563,
mixed,8,6,0.75,4.0,512,8192,256,1024,832,743.174,743.939,741.218,-2.5569
mixed,8,6,0.75,4.0,512,8192,512,2048,1664,743.107,742.402,743.843,
mixed,8,6,0.75,4.0,512,8192,1024,4096,3328,746.915,748.069,744.323,-2.2461
mixed,8,6,0.75,4.0,512,8192,2048,8192,6656,748.933,754.115,750.531,0.3084
mixed,8,6,0.75,4.0,512,8192,4096,16384,13312,1182.502,1445.125,1440.968,0.9842
mixed,8,6,0.75,4.0,1024,0,128,512,416,143.938,144.48,143.906,-0.059
mixed,8,6,0.75,4.0,1024,0,256,1024,832,157.409,177.953,172.031,0.7117
mixed,8,6,0.75,4.0,1024,0,512,2048,1664,228.705,260.065,256.163,0.8756
mixed,8,6,0.75,4.0,1024,0,1024,4096,3328,364.61,425.922,420.834,0.917
mixed,8,6,0.75,4.0,1024,0,2048,8192,6656,637.699,758.978,755.044,0.9676
mixed,8,6,0.75,4.0,1024,0,4096,16384,13312,1179.623,1440.679,1439.012,0.9936
mixed,8,6,0.75,4.0,1024,512,128,512,416,215.328,224.129,204.705,-1.207
mixed,8,6,0.75,4.0,1024,512,256,1024,832,229.153,228.804,213.824,
mixed,8,6,0.75,4.0,1024,512,512,2048,1664,275.331,308.384,294.529,0.5808
mixed,8,6,0.75,4.0,1024,512,1024,4096,3328,413.379,477.732,466.499,0.8254
mixed,8,6,0.75,4.0,1024,512,2048,8192,6656,680.835,809.219,797.539,0.909
mixed,8,6,0.75,4.0,1024,512,4096,16384,13312,1227.269,1476.006,1470.341,0.9772
mixed,8,6,0.75,4.0,1024,1024,128,512,416,258.498,266.819,243.616,-1.7885
mixed,8,6,0.75,4.0,1024,1024,256,1024,832,291.935,309.764,254.688,-2.0891
mixed,8,6,0.75,4.0,1024,1024,512,2048,1664,325.314,356.833,337.313,0.3807
mixed,8,6,0.75,4.0,1024,1024,1024,4096,3328,464.898,528.003,515.01,0.7941
mixed,8,6,0.75,4.0,1024,1024,2048,8192,6656,749.187,877.349,868.998,0.9348
mixed,8,6,0.75,4.0,1024,1024,4096,16384,13312,1318.086,1581.222,1568.774,0.9527
mixed,8,6,0.75,4.0,1024,2048,128,512,416,342.177,349.953,330.657,-1.4815
mixed,8,6,0.75,4.0,1024,2048,256,1024,832,376.451,396.13,339.138,-1.8961
mixed,8,6,0.75,4.0,1024,2048,512,2048,1664,448.643,481.027,417.921,-0.9487
mixed,8,6,0.75,4.0,1024,2048,1024,4096,3328,552.417,616.962,602.531,0.7764
mixed,8,6,0.75,4.0,1024,2048,2048,8192,6656,834.083,966.149,955.586,0.92
mixed,8,6,0.75,4.0,1024,2048,4096,16384,13312,1406.15,1672.425,1668.972,0.987
mixed,8,6,0.75,4.0,1024,4096,128,512,416,509.283,519.396,496.002,-1.3133
mixed,8,6,0.75,4.0,1024,4096,256,1024,832,545.155,561.189,509.828,-2.2033
mixed,8,6,0.75,4.0,1024,4096,512,2048,1664,620.291,652.1,533.251,-2.7363
mixed,8,6,0.75,4.0,1024,4096,1024,4096,3328,763.234,828.644,766.435,0.0489
mixed,8,6,0.75,4.0,1024,4096,2048,8192,6656,1006.565,1139.11,1122.661,0.8759
mixed,8,6,0.75,4.0,1024,4096,4096,16384,13312,1578.696,1840.327,1833.452,0.9737
mixed,8,6,0.75,4.0,1024,8192,128,512,416,846.597,854.659,837.251,-1.1593
mixed,8,6,0.75,4.0,1024,8192,256,1024,832,883.396,903.398,846.116,-1.8638
mixed,8,6,0.75,4.0,1024,8192,512,2048,1664,954.565,992.199,869.572,-2.2584
mixed,8,6,0.75,4.0,1024,8192,1024,4096,3328,1107.622,1176.645,922.503,-2.682
mixed,8,6,0.75,4.0,1024,8192,2048,8192,6656,1398.021,1528.328,1467.079,0.53
mixed,8,6,0.75,4.0,1024,8192,4096,16384,13312,1923.913,2187.881,2176.522,0.957
mixed,8,6,0.75,4.0,2048,0,128,512,416,326.304,330.05,327.298,0.2653
mixed,8,6,0.75,4.0,2048,0,256,1024,832,331.073,339.392,337.057,0.7193
mixed,8,6,0.75,4.0,2048,0,512,2048,1664,364.802,403.81,390.146,0.6497
mixed,8,6,0.75,4.0,2048,0,1024,4096,3328,515.425,578.178,558.755,0.6905
mixed,8,6,0.75,4.0,2048,0,2048,8192,6656,781.349,906.213,894.435,0.9057
mixed,8,6,0.75,4.0,2048,0,4096,16384,13312,1330.504,1573.125,1563.463,0.9602
mixed,8,6,0.75,4.0,2048,512,128,512,416,418.05,420.899,415.681,-0.8315
mixed,8,6,0.75,4.0,2048,512,256,1024,832,427.556,429.347,430.144,1.445
mixed,8,6,0.75,4.0,2048,512,512,2048,1664,435.811,449.156,444.483,0.6498
mixed,8,6,0.75,4.0,2048,512,1024,4096,3328,583.813,648.067,624.452,0.6325
mixed,8,6,0.75,4.0,2048,512,2048,8192,6656,865.731,988.868,965.158,0.8075
mixed,8,6,0.75,4.0,2048,512,4096,16384,13312,1432.512,1668.553,1647.684,0.9116
mixed,8,6,0.75,4.0,2048,1024,128,512,416,502.56,503.49,502.242,-0.3419
mixed,8,6,0.75,4.0,2048,1024,256,1024,832,512.93,520.74,512.128,-0.1027
mixed,8,6,0.75,4.0,2048,1024,512,2048,1664,522.499,528.131,515.97,-1.1593
mixed,8,6,0.75,4.0,2048,1024,1024,4096,3328,648.45,723.747,683.779,0.4692
mixed,8,6,0.75,4.0,2048,1024,2048,8192,6656,945.285,1078.081,1026.66,0.6128
mixed,8,6,0.75,4.0,2048,1024,4096,16384,13312,1521.607,1781.513,1740.78,0.8433
mixed,8,6,0.75,4.0,2048,2048,128,512,416,665.506,671.587,667.716,0.3634
mixed,8,6,0.75,4.0,2048,2048,256,1024,832,677.063,685.795,677.669,0.0694
mixed,8,6,0.75,4.0,2048,2048,512,2048,1664,687.172,685.7,682.466,
mixed,8,6,0.75,4.0,2048,2048,1024,4096,3328,704.005,809.763,779.841,0.7171
mixed,8,6,0.75,4.0,2048,2048,2048,8192,6656,1111.302,1243.942,1188.039,0.5785
mixed,8,6,0.75,4.0,2048,2048,4096,16384,13312,1683.305,1951.463,1896.776,0.7961
mixed,8,6,0.75,4.0,2048,4096,128,512,416,999.878,1003.174,1000.87,0.301
mixed,8,6,0.75,4.0,2048,4096,256,1024,832,1013.125,1018.245,1008.933,-0.8187
mixed,8,6,0.75,4.0,2048,4096,512,2048,1664,1016.104,1017.412,1013.638,-1.8853
mixed,8,6,0.75,4.0,2048,4096,1024,4096,3328,1019.265,1023.049,1021.253,0.5254
mixed,8,6,0.75,4.0,2048,4096,2048,8192,6656,1248.23,1505.251,1395.91,0.5746
mixed,8,6,0.75,4.0,2048,4096,4096,16384,13312,2012.073,2275.021,2229.954,0.8286
mixed,8,6,0.75,4.0,2048,8192,128,512,416,1665.514,1668.39,1666.474,0.3338
mixed,8,6,0.75,4.0,2048,8192,256,1024,832,1680.074,1684.456,1674.219,-1.3361
mixed,8,6,0.75,4.0,2048,8192,512,2048,1664,1685.003,1684.424,1680.001,
mixed,8,6,0.75,4.0,2048,8192,1024,4096,3328,1683.05,1691.24,1689.89,0.8352
mixed,8,6,0.75,4.0,2048,8192,2048,8192,6656,1691.21,1689.798,1687.845,
mixed,8,6,0.75,4.0,2048,8192,4096,16384,13312,2393.614,2904.944,2631.695,0.4656
pure,8,7,0.875,4.0,0,0,128,512,464,63.713,64.864,65.12,1.2224
pure,8,7,0.875,4.0,0,0,256,1024,928,75.041,77.344,75.458,0.1811
pure,8,7,0.875,4.0,0,0,512,2048,1856,103.905,108.0,104.992,0.2654
pure,8,7,0.875,4.0,0,0,1024,4096,3712,144.003,152.163,145.056,0.129
pure,8,7,0.875,4.0,0,0,2048,8192,7424,232.835,243.553,231.81,-0.0956
pure,8,7,0.875,4.0,0,0,4096,16384,14848,380.384,408.738,389.248,0.3126
mixed,8,7,0.875,4.0,16,0,128,512,464,67.712,75.904,76.094,1.0232
mixed,8,7,0.875,4.0,16,0,256,1024,928,110.401,119.744,119.648,0.9897
mixed,8,7,0.875,4.0,16,0,512,2048,1856,188.704,208.096,207.681,0.9786
mixed,8,7,0.875,4.0,16,0,1024,4096,3712,349.792,382.113,381.634,0.9852
mixed,8,7,0.875,4.0,16,0,2048,8192,7424,668.546,735.171,733.796,0.9794
mixed,8,7,0.875,4.0,16,0,4096,16384,14848,1298.535,1429.004,1429.445,1.0034
mixed,8,7,0.875,4.0,16,512,128,512,464,75.458,78.72,75.871,0.1266
mixed,8,7,0.875,4.0,16,512,256,1024,928,111.905,120.512,119.938,0.9333
mixed,8,7,0.875,4.0,16,512,512,2048,1856,188.193,208.289,207.68,0.9697
mixed,8,7,0.875,4.0,16,512,1024,4096,3712,349.889,382.116,382.081,0.9989
mixed,8,7,0.875,4.0,16,512,2048,8192,7424,668.932,734.628,733.793,0.9873
mixed,8,7,0.875,4.0,16,512,4096,16384,14848,1298.502,1428.803,1429.159,1.0027
mixed,8,7,0.875,4.0,16,1024,128,512,464,118.624,118.688,118.464,-2.5
mixed,8,7,0.875,4.0,16,1024,256,1024,928,118.562,121.73,120.737,0.6866
mixed,8,7,0.875,4.0,16,1024,512,2048,1856,187.809,208.545,208.193,0.983
mixed,8,7,0.875,4.0,16,1024,1024,4096,3712,349.636,382.626,382.435,0.9942
mixed,8,7,0.875,4.0,16,1024,2048,8192,7424,668.739,735.366,734.019,0.9798
mixed,8,7,0.875,4.0,16,1024,4096,16384,14848,1299.141,1430.44,1429.863,0.9956
mixed,8,7,0.875,4.0,16,2048,128,512,464,204.479,204.544,204.736,3.9538
mixed,8,7,0.875,4.0,16,2048,256,1024,928,204.641,204.608,204.354,
mixed,8,7,0.875,4.0,16,2048,512,2048,1856,204.834,208.416,208.321,0.9735
mixed,8,7,0.875,4.0,16,2048,1024,4096,3712,350.306,382.561,382.497,0.998
mixed,8,7,0.875,4.0,16,2048,2048,8192,7424,669.571,734.788,735.107,1.0049
mixed,8,7,0.875,4.0,16,2048,4096,16384,14848,1298.982,1430.63,1428.582,0.9844
mixed,8,7,0.875,4.0,16,4096,128,512,464,376.512,376.291,376.098,
mixed,8,7,0.875,4.0,16,4096,256,1024,928,376.64,376.735,376.9,2.7368
mixed,8,7,0.875,4.0,16,4096,512,2048,1856,377.118,376.547,376.704,
mixed,8,7,0.875,4.0,16,4096,1024,4096,3712,377.729,383.139,383.041,0.9819
mixed,8,7,0.875,4.0,16,4096,2048,8192,7424,669.379,735.268,734.691,0.9912
mixed,8,7,0.875,4.0,16,4096,4096,16384,14848,1298.212,1431.622,1429.287,0.9825
mixed,8,7,0.875,4.0,16,8192,128,512,464,724.004,723.94,723.845,
mixed,8,7,0.875,4.0,16,8192,256,1024,928,724.386,725.475,724.963,0.5298
mixed,8,7,0.875,4.0,16,8192,512,2048,1856,724.231,725.506,725.507,1.0008
mixed,8,7,0.875,4.0,16,8192,1024,4096,3712,725.476,726.371,726.436,1.0726
mixed,8,7,0.875,4.0,16,8192,2048,8192,7424,726.883,735.203,735.205,1.0002
mixed,8,7,0.875,4.0,16,8192,4096,16384,14848,1299.529,1431.276,1429.065,0.9832
mixed,8,7,0.875,4.0,32,0,128,512,464,68.769,77.185,76.865,0.962
mixed,8,7,0.875,4.0,32,0,256,1024,928,111.969,120.417,120.672,1.0302
mixed,8,7,0.875,4.0,32,0,512,2048,1856,189.568,209.44,208.674,0.9615
mixed,8,7,0.875,4.0,32,0,1024,4096,3712,351.039,383.65,382.851,0.9755
mixed,8,7,0.875,4.0,32,0,2048,8192,7424,670.018,735.331,734.69,0.9902
mixed,8,7,0.875,4.0,32,0,4096,16384,14848,1299.11,1431.013,1431.654,1.0049
mixed,8,7,0.875,4.0,32,512,128,512,464,77.088,79.584,78.656,0.6282
mixed,8,7,0.875,4.0,32,512,256,1024,928,112.0,120.991,120.768,0.9752
mixed,8,7,0.875,4.0,32,512,512,2048,1856,189.315,209.315,208.769,0.9727
mixed,8,7,0.875,4.0,32,512,1024,4096,3712,350.529,383.331,384.195,1.0263
mixed,8,7,0.875,4.0,32,512,2048,8192,7424,670.274,735.459,734.821,0.9902
mixed,8,7,0.875,4.0,32,512,4096,16384,14848,1299.944,1431.302,1431.495,1.0015
mixed,8,7,0.875,4.0,32,1024,128,512,464,120.64,122.209,122.015,0.8764
mixed,8,7,0.875,4.0,32,1024,256,1024,928,120.417,122.977,122.305,0.7375
mixed,8,7,0.875,4.0,32,1024,512,2048,1856,189.6,209.473,208.961,0.9742
mixed,8,7,0.875,4.0,32,1024,1024,4096,3712,350.881,383.874,383.331,0.9835
mixed,8,7,0.875,4.0,32,1024,2048,8192,7424,669.284,735.334,734.851,0.9927
mixed,8,7,0.875,4.0,32,1024,4096,16384,14848,1300.519,1432.487,1431.206,0.9903
mixed,8,7,0.875,4.0,32,2048,128,512,464,206.369,207.842,207.652,0.871
mixed,8,7,0.875,4.0,32,2048,256,1024,928,206.497,208.514,208.032,0.761
mixed,8,7,0.875,4.0,32,2048,512,2048,1856,206.658,209.379,209.026,0.8703
mixed,8,7,0.875,4.0,32,2048,1024,4096,3712,351.201,383.52,383.232,0.9911
mixed,8,7,0.875,4.0,32,2048,2048,8192,7424,669.763,736.709,735.169,0.977
mixed,8,7,0.875,4.0,32,2048,4096,16384,14848,1299.526,1432.678,1430.535,0.9839
mixed,8,7,0.875,4.0,32,4096,128,512,464,378.243,380.097,379.968,0.9304
mixed,8,7,0.875,4.0,32,4096,256,1024,928,378.594,380.449,380.419,0.9838
mixed,8,7,0.875,4.0,32,4096,512,2048,1856,378.786,380.803,380.962,1.0788
mixed,8,7,0.875,4.0,32,4096,1024,4096,3712,380.897,383.906,383.521,0.8721
mixed,8,7,0.875,4.0,32,4096,2048,8192,7424,670.212,735.875,735.203,0.9898
mixed,8,7,0.875,4.0,32,4096,4096,16384,14848,1299.559,1431.523,1431.273,0.9981
mixed,8,7,0.875,4.0,32,8192,128,512,464,725.474,726.467,726.339,0.8711
mixed,8,7,0.875,4.0,32,8192,256,1024,928,725.06,726.818,726.66,0.9101
mixed,8,7,0.875,4.0,32,8192,512,2048,1856,725.572,726.978,727.364,1.2745
mixed,8,7,0.875,4.0,32,8192,1024,4096,3712,728.675,727.524,727.876,
mixed,8,7,0.875,4.0,32,8192,2048,8192,7424,728.674,736.58,735.714,0.8905
mixed,8,7,0.875,4.0,32,8192,4096,16384,14848,1300.647,1432.105,1432.072,0.9997
mixed,8,7,0.875,4.0,64,0,128,512,464,68.096,76.672,76.544,0.9851
mixed,8,7,0.875,4.0,64,0,256,1024,928,111.583,120.129,120.323,1.0227
mixed,8,7,0.875,4.0,64,0,512,2048,1856,189.122,208.898,208.609,0.9854
mixed,8,7,0.875,4.0,64,0,1024,4096,3712,350.402,383.298,382.881,0.9873
mixed,8,7,0.875,4.0,64,0,2048,8192,7424,669.186,735.042,735.107,1.001
mixed,8,7,0.875,4.0,64,0,4096,16384,14848,1299.399,1431.591,1430.534,0.992
mixed,8,7,0.875,4.0,64,512,128,512,464,77.954,79.937,78.944,0.4992
mixed,8,7,0.875,4.0,64,512,256,1024,928,111.392,120.513,120.129,0.9579
mixed,8,7,0.875,4.0,64,512,512,2048,1856,189.089,208.801,208.673,0.9935
mixed,8,7,0.875,4.0,64,512,1024,4096,3712,351.009,383.141,383.012,0.996
mixed,8,7,0.875,4.0,64,512,2048,8192,7424,669.697,734.437,734.627,1.0029
mixed,8,7,0.875,4.0,64,512,4096,16384,14848,1300.165,1431.27,1429.838,0.9891
mixed,8,7,0.875,4.0,64,1024,128,512,464,120.896,122.304,122.304,1.0
mixed,8,7,0.875,4.0,64,1024,256,1024,928,121.154,123.008,122.752,0.8619
mixed,8,7,0.875,4.0,64,1024,512,2048,1856,189.57,208.738,208.897,1.0083
mixed,8,7,0.875,4.0,64,1024,1024,4096,3712,350.562,383.17,383.489,1.0098
mixed,8,7,0.875,4.0,64,1024,2048,8192,7424,669.698,735.076,734.309,0.9883
mixed,8,7,0.875,4.0,64,1024,4096,16384,14848,1300.838,1431.11,1429.798,0.9899
mixed,8,7,0.875,4.0,64,2048,128,512,464,206.914,208.384,208.193,0.8701
mixed,8,7,0.875,4.0,64,2048,256,1024,928,207.328,208.545,208.449,0.9211
mixed,8,7,0.875,4.0,64,2048,512,2048,1856,207.296,209.344,208.898,0.7822
mixed,8,7,0.875,4.0,64,2048,1024,4096,3712,350.272,383.874,383.331,0.9838
mixed,8,7,0.875,4.0,64,2048,2048,8192,7424,669.666,735.649,735.17,0.9927
mixed,8,7,0.875,4.0,64,2048,4096,16384,14848,1299.243,1431.587,1430.183,0.9894
mixed,8,7,0.875,4.0,64,4096,128,512,464,378.721,379.939,379.65,0.7627
mixed,8,7,0.875,4.0,64,4096,256,1024,928,378.943,380.673,380.033,0.6301
mixed,8,7,0.875,4.0,64,4096,512,2048,1856,379.04,380.801,380.42,0.7836
mixed,8,7,0.875,4.0,64,4096,1024,4096,3712,381.283,383.426,383.008,0.8049
mixed,8,7,0.875,4.0,64,4096,2048,8192,7424,670.081,735.78,734.339,0.9781
mixed,8,7,0.875,4.0,64,4096,4096,16384,14848,1300.454,1430.31,1430.535,1.0017
mixed,8,7,0.875,4.0,64,8192,128,512,464,726.054,726.691,726.691,1.0
mixed,8,7,0.875,4.0,64,8192,256,1024,928,726.627,727.071,727.236,1.3716
mixed,8,7,0.875,4.0,64,8192,512,2048,1856,727.171,727.2,728.001,28.6207
mixed,8,7,0.875,4.0,64,8192,1024,4096,3712,727.267,727.651,728.74,3.8359
mixed,8,7,0.875,4.0,64,8192,2048,8192,7424,728.517,736.004,735.588,0.9444
mixed,8,7,0.875,4.0,64,8192,4096,16384,14848,1299.431,1432.776,1432.135,0.9952
mixed,8,7,0.875,4.0,128,0,128,512,464,68.672,76.897,76.958,1.0074
mixed,8,7,0.875,4.0,128,0,256,1024,928,112.192,120.961,121.058,1.0111
mixed,8,7,0.875,4.0,128,0,512,2048,1856,190.337,209.153,208.32,0.9557
mixed,8,7,0.875,4.0,128,0,1024,4096,3712,350.945,383.488,383.457,0.999
mixed,8,7,0.875,4.0,128,0,2048,8192,7424,669.443,735.012,734.883,0.998
mixed,8,7,0.875,4.0,128,0,4096,16384,14848,1299.751,1430.503,1429.286,0.9907
mixed,8,7,0.875,4.0,128,512,128,512,464,79.296,80.51,80.065,0.6334
mixed,8,7,0.875,4.0,128,512,256,1024,928,112.801,121.6,120.8,0.9091
mixed,8,7,0.875,4.0,128,512,512,2048,1856,189.442,209.441,209.152,0.9855
mixed,8,7,0.875,4.0,128,512,1024,4096,3712,350.563,383.907,383.042,0.9741
mixed,8,7,0.875,4.0,128,512,2048,8192,7424,669.474,736.421,734.438,0.9704
mixed,8,7,0.875,4.0,128,512,4096,16384,14848,1299.623,1428.68,1429.607,1.0072
mixed,8,7,0.875,4.0,128,1024,128,512,464,122.143,122.817,122.655,0.7596
mixed,8,7,0.875,4.0,128,1024,256,1024,928,122.433,123.489,122.976,0.5142
mixed,8,7,0.875,4.0,128,1024,512,2048,1856,190.273,209.507,208.831,0.9649
mixed,8,7,0.875,4.0,128,1024,1024,4096,3712,350.209,382.943,382.401,0.9834
mixed,8,7,0.875,4.0,128,1024,2048,8192,7424,669.283,735.045,734.659,0.9941
mixed,8,7,0.875,4.0,128,1024,4096,16384,14848,1298.949,1429.48,1428.265,0.9907
mixed,8,7,0.875,4.0,128,2048,128,512,464,207.936,208.769,208.481,0.6543
mixed,8,7,0.875,4.0,128,2048,256,1024,928,208.356,209.216,209.056,0.814
mixed,8,7,0.875,4.0,128,2048,512,2048,1856,208.672,210.336,209.729,0.6352
mixed,8,7,0.875,4.0,128,2048,1024,4096,3712,350.53,383.875,383.619,0.9923
mixed,8,7,0.875,4.0,128,2048,2048,8192,7424,669.763,735.458,734.338,0.983
mixed,8,7,0.875,4.0,128,2048,4096,16384,14848,1299.911,1429.382,1429.768,1.003
mixed,8,7,0.875,4.0,128,4096,128,512,464,380.066,380.737,380.099,0.0492
mixed,8,7,0.875,4.0,128,4096,256,1024,928,380.132,381.248,380.483,0.3145
mixed,8,7,0.875,4.0,128,4096,512,2048,1856,380.516,381.185,381.697,1.7653
mixed,8,7,0.875,4.0,128,4096,1024,4096,3712,382.114,383.587,383.65,1.0428
mixed,8,7,0.875,4.0,128,4096,2048,8192,7424,669.602,735.139,734.338,0.9878
mixed,8,7,0.875,4.0,128,4096,4096,16384,14848,1299.078,1430.216,1429.989,0.9983
mixed,8,7,0.875,4.0,128,8192,128,512,464,726.085,726.37,727.108,3.5895
mixed,8,7,0.875,4.0,128,8192,256,1024,928,727.206,727.043,726.594,
mixed,8,7,0.875,4.0,128,8192,512,2048,1856,727.555,727.329,727.112,
mixed,8,7,0.875,4.0,128,8192,1024,4096,3712,728.899,729.187,728.835,-0.2222
mixed,8,7,0.875,4.0,128,8192,2048,8192,7424,729.539,736.9,736.003,0.8781
mixed,8,7,0.875,4.0,128,8192,4096,16384,14848,1299.845,1431.172,1430.407,0.9942
mixed,8,7,0.875,4.0,256,0,128,512,464,71.426,80.162,79.777,0.9559
mixed,8,7,0.875,4.0,256,0,256,1024,928,114.497,123.841,123.617,0.976
mixed,8,7,0.875,4.0,256,0,512,2048,1856,191.682,211.168,211.362,1.01
mixed,8,7,0.875,4.0,256,0,1024,4096,3712,353.056,385.601,385.473,0.9961
mixed,8,7,0.875,4.0,256,0,2048,8192,7424,672.515,737.414,737.316,0.9985
mixed,8,7,0.875,4.0,256,0,4096,16384,14848,1300.581,1429.991,1429.699,0.9977
mixed,8,7,0.875,4.0,256,512,128,512,464,91.424,92.096,91.777,0.5253
mixed,8,7,0.875,4.0,256,512,256,1024,928,114.335,124.0,123.426,0.9406
mixed,8,7,0.875,4.0,256,512,512,2048,1856,191.521,211.296,210.816,0.9757
mixed,8,7,0.875,4.0,256,512,1024,4096,3712,353.474,385.826,386.179,1.0109
mixed,8,7,0.875,4.0,256,512,2048,8192,7424,671.237,737.924,738.659,1.011
mixed,8,7,0.875,4.0,256,512,4096,16384,14848,1300.87,1431.813,1429.799,0.9846
mixed,8,7,0.875,4.0,256,1024,128,512,464,133.985,133.409,133.311,
mixed,8,7,0.875,4.0,256,1024,256,1024,928,133.282,134.241,134.017,0.7664
mixed,8,7,0.875,4.0,256,1024,512,2048,1856,192.096,211.457,211.104,0.9818
mixed,8,7,0.875,4.0,256,1024,1024,4096,3712,352.801,386.242,386.019,0.9933
mixed,8,7,0.875,4.0,256,1024,2048,8192,7424,671.333,738.501,738.947,1.0066
mixed,8,7,0.875,4.0,256,1024,4096,16384,14848,1301.992,1431.27,1429.831,0.9889
mixed,8,7,0.875,4.0,256,2048,128,512,464,216.61,216.96,216.193,-1.1914
mixed,8,7,0.875,4.0,256,2048,256,1024,928,218.146,216.929,216.962,
mixed,8,7,0.875,4.0,256,2048,512,2048,1856,216.836,218.016,217.857,0.8653
mixed,8,7,0.875,4.0,256,2048,1024,4096,3712,352.321,386.242,385.697,0.9839
mixed,8,7,0.875,4.0,256,2048,2048,8192,7424,673.442,739.236,737.987,0.981
mixed,8,7,0.875,4.0,256,2048,4096,16384,14848,1301.927,1432.104,1430.882,0.9906
mixed,8,7,0.875,4.0,256,4096,128,512,464,383.205,382.276,383.266,
mixed,8,7,0.875,4.0,256,4096,256,1024,928,383.009,383.202,383.202,1.0
mixed,8,7,0.875,4.0,256,4096,512,2048,1856,384.098,384.034,384.289,
mixed,8,7,0.875,4.0,256,4096,1024,4096,3712,386.336,388.098,388.736,1.3621
mixed,8,7,0.875,4.0,256,4096,2048,8192,7424,673.026,739.908,737.956,0.9708
mixed,8,7,0.875,4.0,256,4096,4096,16384,14848,1302.951,1432.838,1429.991,0.9781
mixed,8,7,0.875,4.0,256,8192,128,512,464,728.546,728.58,728.866,9.4118
mixed,8,7,0.875,4.0,256,8192,256,1024,928,729.126,729.474,728.644,-1.3851
mixed,8,7,0.875,4.0,256,8192,512,2048,1856,728.707,728.675,728.963,
mixed,8,7,0.875,4.0,256,8192,1024,4096,3712,729.219,729.86,729.667,0.6989
mixed,8,7,0.875,4.0,256,8192,2048,8192,7424,732.679,740.899,740.675,0.9727
mixed,8,7,0.875,4.0,256,8192,4096,16384,14848,1304.007,1435.269,1434.185,0.9917
mixed,8,7,0.875,4.0,512,0,128,512,464,77.44,87.711,84.831,0.7196
mixed,8,7,0.875,4.0,512,0,256,1024,928,119.713,128.287,127.104,0.862
mixed,8,7,0.875,4.0,512,0,512,2048,1856,192.928,212.418,212.29,0.9934
mixed,8,7,0.875,4.0,512,0,1024,4096,3712,353.026,387.009,386.818,0.9944
mixed,8,7,0.875,4.0,512,0,2048,8192,7424,674.819,738.532,737.797,0.9885
mixed,8,7,0.875,4.0,512,0,4096,16384,14848,1302.63,1432.327,1433.927,1.0123
mixed,8,7,0.875,4.0,512,512,128,512,464,118.24,118.175,117.185,
mixed,8,7,0.875,4.0,512,512,256,1024,928,121.057,129.442,127.234,0.7367
mixed,8,7,0.875,4.0,512,512,512,2048,1856,193.123,213.219,212.896,0.9839
mixed,8,7,0.875,4.0,512,512,1024,4096,3712,354.977,388.066,388.514,1.0135
mixed,8,7,0.875,4.0,512,512,2048,8192,7424,673.122,739.941,739.331,0.9909
mixed,8,7,0.875,4.0,512,512,4096,16384,14848,1304.807,1437.224,1433.577,0.9725
mixed,8,7,0.875,4.0,512,1024,128,512,464,159.68,159.712,160.545,27.0313
mixed,8,7,0.875,4.0,512,1024,256,1024,928,159.84,160.226,160.193,0.9145
mixed,8,7,0.875,4.0,512,1024,512,2048,1856,194.882,213.794,213.441,0.9813
mixed,8,7,0.875,4.0,512,1024,1024,4096,3712,355.203,388.352,387.873,0.9856
mixed,8,7,0.875,4.0,512,1024,2048,8192,7424,674.659,739.747,738.851,0.9862
mixed,8,7,0.875,4.0,512,1024,4096,16384,14848,1304.326,1434.215,1434.827,1.0047
mixed,8,7,0.875,4.0,512,2048,128,512,464,242.24,242.497,242.114,-0.4903
mixed,8,7,0.875,4.0,512,2048,256,1024,928,243.009,242.017,243.074,
mixed,8,7,0.875,4.0,512,2048,512,2048,1856,244.034,244.066,244.386,11.0
mixed,8,7,0.875,4.0,512,2048,1024,4096,3712,355.97,387.331,388.323,1.0316
mixed,8,7,0.875,4.0,512,2048,2048,8192,7424,673.986,741.155,740.133,0.9848
mixed,8,7,0.875,4.0,512,2048,4096,16384,14848,1304.812,1434.752,1436.328,1.0121
mixed,8,7,0.875,4.0,512,4096,128,512,464,409.282,412.002,410.241,0.3526
mixed,8,7,0.875,4.0,512,4096,256,1024,928,409.476,410.786,408.099,-1.0511
mixed,8,7,0.875,4.0,512,4096,512,2048,1856,412.13,411.906,409.73,
mixed,8,7,0.875,4.0,512,4096,1024,4096,3712,414.498,414.978,413.986,-1.0667
mixed,8,7,0.875,4.0,512,4096,2048,8192,7424,677.251,744.196,743.619,0.9914
mixed,8,7,0.875,4.0,512,4096,4096,16384,14848,1308.711,1438.532,1439.877,1.0104
mixed,8,7,0.875,4.0,512,8192,128,512,464,742.151,742.018,740.931,
mixed,8,7,0.875,4.0,512,8192,256,1024,928,743.139,742.083,742.789,
mixed,8,7,0.875,4.0,512,8192,512,2048,1856,744.322,744.196,743.369,
mixed,8,7,0.875,4.0,512,8192,1024,4096,3712,746.371,747.683,743.139,-2.4634
mixed,8,7,0.875,4.0,512,8192,2048,8192,7424,755.844,752.196,751.525,
mixed,8,7,0.875,4.0,512,8192,4096,16384,14848,1311.718,1442.53,1443.56,1.0079
mixed,8,7,0.875,4.0,1024,0,128,512,464,143.776,143.394,143.84,
mixed,8,7,0.875,4.0,1024,0,256,1024,928,168.544,178.208,174.817,0.6491
mixed,8,7,0.875,4.0,1024,0,512,2048,1856,242.242,260.929,259.554,0.9264
mixed,8,7,0.875,4.0,1024,0,1024,4096,3712,396.449,426.147,424.162,0.9332
mixed,8,7,0.875,4.0,1024,0,2048,8192,7424,696.802,762.659,755.684,0.8941
mixed,8,7,0.875,4.0,1024,0,4096,16384,14848,1311.911,1441.895,1441.254,0.9951
mixed,8,7,0.875,4.0,1024,512,128,512,464,216.417,224.416,218.367,0.2438
mixed,8,7,0.875,4.0,1024,512,256,1024,928,230.016,228.289,222.114,
mixed,8,7,0.875,4.0,1024,512,512,2048,1856,286.528,306.496,301.728,0.7612
mixed,8,7,0.875,4.0,1024,512,1024,4096,3712,443.011,477.634,467.268,0.7006
mixed,8,7,0.875,4.0,1024,512,2048,8192,7424,748.066,806.211,807.427,1.0209
mixed,8,7,0.875,4.0,1024,512,4096,16384,14848,1353.031,1480.903,1471.753,0.9284
mixed,8,7,0.875,4.0,1024,1024,128,512,464,258.56,267.298,259.746,0.1357
mixed,8,7,0.875,4.0,1024,1024,256,1024,928,302.4,310.368,303.233,0.1045
mixed,8,7,0.875,4.0,1024,1024,512,2048,1856,336.832,357.953,346.914,0.4773
mixed,8,7,0.875,4.0,1024,1024,1024,4096,3712,495.682,531.33,523.234,0.7729
mixed,8,7,0.875,4.0,1024,1024,2048,8192,7424,814.115,879.587,873.67,0.9096
mixed,8,7,0.875,4.0,1024,1024,4096,16384,14848,1448.038,1581.411,1578.024,0.9746
mixed,8,7,0.875,4.0,1024,2048,128,512,464,340.994,351.361,343.905,0.2808
mixed,8,7,0.875,4.0,1024,2048,256,1024,928,388.641,394.274,387.204,-0.2551
mixed,8,7,0.875,4.0,1024,2048,512,2048,1856,462.242,481.987,476.546,0.7244
mixed,8,7,0.875,4.0,1024,2048,1024,4096,3712,585.155,618.211,610.211,0.758
mixed,8,7,0.875,4.0,1024,2048,2048,8192,7424,898.087,966.181,958.019,0.8801
mixed,8,7,0.875,4.0,1024,2048,4096,16384,14848,1537.859,1669.959,1669.002,0.9928
mixed,8,7,0.875,4.0,1024,4096,128,512,464,507.875,516.513,510.722,0.3296
mixed,8,7,0.875,4.0,1024,4096,256,1024,928,552.195,563.363,556.034,0.3438
mixed,8,7,0.875,4.0,1024,4096,512,2048,1856,634.66,651.875,644.451,0.5687
mixed,8,7,0.875,4.0,1024,4096,1024,4096,3712,796.836,828.101,835.234,1.2281
mixed,8,7,0.875,4.0,1024,4096,2048,8192,7424,1074.019,1136.867,1133.67,0.9491
mixed,8,7,0.875,4.0,1024,4096,4096,16384,14848,1709.095,1837.991,1838.952,1.0075
mixed,8,7,0.875,4.0,1024,8192,128,512,464,844.196,856.874,848.258,0.3204
mixed,8,7,0.875,4.0,1024,8192,256,1024,928,889.892,899.044,894.181,0.4686
mixed,8,7,0.875,4.0,1024,8192,512,2048,1856,972.934,992.229,979.333,0.3316
mixed,8,7,0.875,4.0,1024,8192,1024,4096,3712,1143.558,1178.242,1177.538,0.9797
mixed,8,7,0.875,4.0,1024,8192,2048,8192,7424,1463.686,1525.796,1536.774,1.1768
mixed,8,7,0.875,4.0,1024,8192,4096,16384,14848,2058.152,2188.041,2185.705,0.982
mixed,8,7,0.875,4.0,2048,0,128,512,464,328.737,330.596,328.481,-0.1377
mixed,8,7,0.875,4.0,2048,0,256,1024,928,334.979,339.905,336.513,0.3114
mixed,8,7,0.875,4.0,2048,0,512,2048,1856,382.467,403.49,397.792,0.729
mixed,8,7,0.875,4.0,2048,0,1024,4096,3712,543.65,576.833,564.676,0.6336
mixed,8,7,0.875,4.0,2048,0,2048,8192,7424,843.043,904.036,902.373,0.9727
mixed,8,7,0.875,4.0,2048,0,4096,16384,14848,1443.429,1575.62,1568.613,0.947
mixed,8,7,0.875,4.0,2048,512,128,512,464,417.919,421.986,418.786,0.2132
mixed,8,7,0.875,4.0,2048,512,256,1024,928,428.578,428.321,426.851,
mixed,8,7,0.875,4.0,2048,512,512,2048,1856,442.498,450.947,448.802,0.7461
mixed,8,7,0.875,4.0,2048,512,1024,4096,3712,616.193,648.003,632.165,0.5021
mixed,8,7,0.875,4.0,2048,512,2048,8192,7424,926.851,991.141,977.445,0.787
mixed,8,7,0.875,4.0,2048,512,4096,16384,14848,1545.16,1685.063,1655.591,0.7893
mixed,8,7,0.875,4.0,2048,1024,128,512,464,500.643,506.053,505.315,0.8636
mixed,8,7,0.875,4.0,2048,1024,256,1024,928,520.899,522.051,514.112,-5.8915
mixed,8,7,0.875,4.0,2048,1024,512,2048,1856,523.49,526.625,525.57,0.6635
mixed,8,7,0.875,4.0,2048,1024,1024,4096,3712,695.107,724.675,703.3,0.2771
mixed,8,7,0.875,4.0,2048,1024,2048,8192,7424,1012.645,1078.304,1043.268,0.4664
mixed,8,7,0.875,4.0,2048,1024,4096,16384,14848,1650.247,1783.463,1767.494,0.8801
mixed,8,7,0.875,4.0,2048,2048,128,512,464,668.355,671.171,668.192,-0.0579
mixed,8,7,0.875,4.0,2048,2048,256,1024,928,686.978,684.354,679.748,
mixed,8,7,0.875,4.0,2048,2048,512,2048,1856,686.244,685.059,683.363,
mixed,8,7,0.875,4.0,2048,2048,1024,4096,3712,743.491,808.227,788.838,0.7005
mixed,8,7,0.875,4.0,2048,2048,2048,8192,7424,1177.412,1242.695,1209.544,0.4922
mixed,8,7,0.875,4.0,2048,2048,4096,16384,14848,1817.838,1950.153,1921.544,0.7838
mixed,8,7,0.875,4.0,2048,4096,128,512,464,998.053,1001.607,1001.286,0.9097
mixed,8,7,0.875,4.0,2048,4096,256,1024,928,1016.644,1017.155,1010.853,-11.3327
mixed,8,7,0.875,4.0,2048,4096,512,2048,1856,1022.564,1018.629,1019.491,
mixed,8,7,0.875,4.0,2048,4096,1024,4096,3712,1020.195,1022.917,1020.518,0.1187
mixed,8,7,0.875,4.0,2048,4096,2048,8192,7424,1378.631,1508.006,1483.91,0.8138
mixed,8,7,0.875,4.0,2048,4096,4096,16384,14848,2142.347,2276.363,2251.307,0.813
mixed,8,7,0.875,4.0,2048,8192,128,512,464,1663.11,1673.226,1665.96,0.2817
mixed,8,7,0.875,4.0,2048,8192,256,1024,928,1685.641,1680.136,1678.823,
mixed,8,7,0.875,4.0,2048,8192,512,2048,1856,1684.647,1687.271,1685.351,0.2683
mixed,8,7,0.875,4.0,2048,8192,1024,4096,3712,1686.824,1686.311,1688.102,
mixed,8,7,0.875,4.0,2048,8192,2048,8192,7424,1687.754,1688.834,1686.695,-0.9806
mixed,8,7,0.875,4.0,2048,8192,4096,16384,14848,2652.748,2907.093,2885.872,0.9166
pure,16,1,0.0625,4.0,0,0,128,512,152,60.131,76.512,62.24,0.1287
pure,16,1,0.0625,4.0,0,0,256,1024,304,65.856,105.28,70.879,0.1274
pure,16,1,0.0625,4.0,0,0,512,2048,608,80.8,153.249,88.385,0.1047
pure,16,1,0.0625,4.0,0,0,1024,4096,1216,112.032,239.554,126.689,0.1149
pure,16,1,0.0625,4.0,0,0,2048,8192,2432,171.616,404.002,199.265,0.119
pure,16,1,0.0625,4.0,0,0,4096,16384,4864,273.731,736.419,326.014,0.113
mixed,16,1,0.0625,4.0,16,0,128,512,152,45.952,79.553,74.689,0.8552
mixed,16,1,0.0625,4.0,16,0,256,1024,304,58.945,123.744,118.464,0.9185
mixed,16,1,0.0625,4.0,16,0,512,2048,608,82.69,211.616,205.44,0.9521
mixed,16,1,0.0625,4.0,16,0,1024,4096,1216,137.248,388.771,378.079,0.9575
mixed,16,1,0.0625,4.0,16,0,2048,8192,2432,245.25,742.435,723.33,0.9616
mixed,16,1,0.0625,4.0,16,0,4096,16384,4864,454.819,1446.087,1416.328,0.97
mixed,16,1,0.0625,4.0,16,512,128,512,152,75.266,79.233,75.873,0.153
mixed,16,1,0.0625,4.0,16,512,256,1024,304,75.743,123.84,118.464,0.8882
mixed,16,1,0.0625,4.0,16,512,512,2048,608,81.825,211.36,207.073,0.9669
mixed,16,1,0.0625,4.0,16,512,1024,4096,1216,137.858,390.306,378.241,0.9522
mixed,16,1,0.0625,4.0,16,512,2048,8192,2432,245.345,742.788,723.62,0.9615
mixed,16,1,0.0625,4.0,16,512,4096,16384,4864,454.817,1447.111,1415.494,0.9681
mixed,16,1,0.0625,4.0,16,1024,128,512,152,118.304,120.992,119.008,0.2619
mixed,16,1,0.0625,4.0,16,1024,256,1024,304,119.264,123.872,119.68,0.0903
mixed,16,1,0.0625,4.0,16,1024,512,2048,608,120.642,211.81,205.025,0.9256
mixed,16,1,0.0625,4.0,16,1024,1024,4096,1216,137.249,387.266,378.563,0.9652
mixed,16,1,0.0625,4.0,16,1024,2048,8192,2432,245.473,742.468,724.29,0.9634
mixed,16,1,0.0625,4.0,16,1024,4096,16384,4864,456.515,1443.049,1416.262,0.9728
mixed,16,1,0.0625,4.0,16,2048,128,512,152,204.512,206.946,204.481,-0.0127
mixed,16,1,0.0625,4.0,16,2048,256,1024,304,205.154,207.17,205.28,0.0625
mixed,16,1,0.0625,4.0,16,2048,512,2048,608,206.754,211.809,205.792,-0.1903
mixed,16,1,0.0625,4.0,16,2048,1024,4096,1216,207.073,387.426,379.075,0.9537
mixed,16,1,0.0625,4.0,16,2048,2048,8192,2432,244.736,743.107,724.26,0.9622
mixed,16,1,0.0625,4.0,16,2048,4096,16384,4864,455.746,1443.974,1416.841,0.9725
mixed,16,1,0.0625,4.0,16,4096,128,512,152,376.579,378.369,376.128,-0.252
mixed,16,1,0.0625,4.0,16,4096,256,1024,304,377.025,379.139,377.506,0.2275
mixed,16,1,0.0625,4.0,16,4096,512,2048,608,379.33,380.865,378.531,-0.5205
mixed,16,1,0.0625,4.0,16,4096,1024,4096,1216,378.051,388.354,379.521,0.1427
mixed,16,1,0.0625,4.0,16,4096,2048,8192,2432,379.777,741.313,723.842,0.9517
mixed,16,1,0.0625,4.0,16,4096,4096,16384,4864,454.818,1445.03,1417.64,0.9723
mixed,16,1,0.0625,4.0,16,8192,128,512,152,723.524,726.822,723.587,0.0191
mixed,16,1,0.0625,4.0,16,8192,256,1024,304,724.42,727.011,724.545,0.0482
mixed,16,1,0.0625,4.0,16,8192,512,2048,608,725.347,727.524,726.689,0.6164
mixed,16,1,0.0625,4.0,16,8192,1024,4096,1216,725.19,729.539,726.818,0.3743
mixed,16,1,0.0625,4.0,16,8192,2048,8192,2432,728.197,742.723,727.972,-0.0155
mixed,16,1,0.0625,4.0,16,8192,4096,16384,4864,732.676,1443.525,1417.226,0.963
mixed,16,1,0.0625,4.0,32,0,128,512,152,46.176,80.256,75.359,0.8563
mixed,16,1,0.0625,4.0,32,0,256,1024,304,59.873,123.649,118.85,0.9248
mixed,16,1,0.0625,4.0,32,0,512,2048,608,82.431,211.712,205.251,0.95
mixed,16,1,0.0625,4.0,32,0,1024,4096,1216,138.304,387.746,378.561,0.9632
mixed,16,1,0.0625,4.0,32,0,2048,8192,2432,245.12,741.988,724.388,0.9646
mixed,16,1,0.0625,4.0,32,0,4096,16384,4864,454.051,1444.036,1416.134,0.9718
mixed,16,1,0.0625,4.0,32,512,128,512,152,76.257,79.713,77.024,0.2219
mixed,16,1,0.0625,4.0,32,512,256,1024,304,76.481,124.353,118.657,0.881
mixed,16,1,0.0625,4.0,32,512,512,2048,608,83.232,212.034,205.631,0.9503
mixed,16,1,0.0625,4.0,32,512,1024,4096,1216,138.016,390.24,378.05,0.9517
mixed,16,1,0.0625,4.0,32,512,2048,8192,2432,245.918,744.034,724.259,0.9603
mixed,16,1,0.0625,4.0,32,512,4096,16384,4864,454.08,1446.663,1415.495,0.9686
mixed,16,1,0.0625,4.0,32,1024,128,512,152,119.84,123.394,120.003,0.0459
mixed,16,1,0.0625,4.0,32,1024,256,1024,304,119.711,124.0,122.081,0.5526
mixed,16,1,0.0625,4.0,32,1024,512,2048,608,121.536,212.225,205.792,0.9291
mixed,16,1,0.0625,4.0,32,1024,1024,4096,1216,137.376,389.889,379.01,0.9569
mixed,16,1,0.0625,4.0,32,1024,2048,8192,2432,245.059,742.277,723.94,0.9631
mixed,16,1,0.0625,4.0,32,1024,4096,16384,4864,455.107,1445.895,1416.933,0.9708
mixed,16,1,0.0625,4.0,32,2048,128,512,152,205.441,208.641,206.464,0.3197
mixed,16,1,0.0625,4.0,32,2048,256,1024,304,205.632,209.505,207.329,0.4382
mixed,16,1,0.0625,4.0,32,2048,512,2048,608,206.528,212.289,209.09,0.4447
mixed,16,1,0.0625,4.0,32,2048,1024,4096,1216,207.969,389.471,378.979,0.9422
mixed,16,1,0.0625,4.0,32,2048,2048,8192,2432,246.402,742.243,724.742,0.9647
mixed,16,1,0.0625,4.0,32,2048,4096,16384,4864,454.562,1445.381,1416.965,0.9713
mixed,16,1,0.0625,4.0,32,4096,128,512,152,377.379,380.418,379.009,0.5364
mixed,16,1,0.0625,4.0,32,4096,256,1024,304,377.665,381.154,380.129,0.7062
mixed,16,1,0.0625,4.0,32,4096,512,2048,608,379.01,384.003,381.315,0.4616
mixed,16,1,0.0625,4.0,32,4096,1024,4096,1216,378.785,388.16,381.379,0.2767
mixed,16,1,0.0625,4.0,32,4096,2048,8192,2432,383.236,743.012,724.387,0.9482
mixed,16,1,0.0625,4.0,32,4096,4096,16384,4864,454.817,1446.278,1416.711,0.9702
mixed,16,1,0.0625,4.0,32,8192,128,512,152,724.484,727.843,726.244,0.524
mixed,16,1,0.0625,4.0,32,8192,256,1024,304,724.387,728.195,726.979,0.6807
mixed,16,1,0.0625,4.0,32,8192,512,2048,608,725.892,728.739,727.559,0.5855
mixed,16,1,0.0625,4.0,32,8192,1024,4096,1216,726.372,732.994,728.132,0.2658
mixed,16,1,0.0625,4.0,32,8192,2048,8192,2432,729.155,743.844,729.891,0.0501
mixed,16,1,0.0625,4.0,32,8192,4096,16384,4864,732.197,1446.246,1416.807,0.9588
mixed,16,1,0.0625,4.0,64,0,128,512,152,46.882,80.417,75.904,0.8654
mixed,16,1,0.0625,4.0,64,0,256,1024,304,59.04,124.513,119.33,0.9208
mixed,16,1,0.0625,4.0,64,0,512,2048,608,84.128,212.224,206.272,0.9535
mixed,16,1,0.0625,4.0,64,0,1024,4096,1216,138.369,388.609,379.745,0.9646
mixed,16,1,0.0625,4.0,64,0,2048,8192,2432,245.377,743.427,723.875,0.9607
mixed,16,1,0.0625,4.0,64,0,4096,16384,4864,454.403,1446.662,1417.284,0.9704
mixed,16,1,0.0625,4.0,64,512,128,512,152,78.144,81.44,80.543,0.7279
mixed,16,1,0.0625,4.0,64,512,256,1024,304,78.272,124.672,119.234,0.8828
mixed,16,1,0.0625,4.0,64,512,512,2048,608,83.936,213.697,206.432,0.944
mixed,16,1,0.0625,4.0,64,512,1024,4096,1216,138.241,391.555,379.329,0.9517
mixed,16,1,0.0625,4.0,64,512,2048,8192,2432,246.721,742.981,725.443,0.9647
mixed,16,1,0.0625,4.0,64,512,4096,16384,4864,455.041,1443.878,1418.055,0.9739
mixed,16,1,0.0625,4.0,64,1024,128,512,152,121.12,124.161,123.233,0.6948
mixed,16,1,0.0625,4.0,64,1024,256,1024,304,121.441,124.992,123.424,0.5584
mixed,16,1,0.0625,4.0,64,1024,512,2048,608,122.721,213.314,206.529,0.9251
mixed,16,1,0.0625,4.0,64,1024,1024,4096,1216,138.593,389.251,380.193,0.9639
mixed,16,1,0.0625,4.0,64,1024,2048,8192,2432,246.211,743.14,724.738,0.963
mixed,16,1,0.0625,4.0,64,1024,4096,16384,4864,455.874,1443.812,1417.575,0.9734
mixed,16,1,0.0625,4.0,64,2048,128,512,152,207.106,210.464,208.896,0.5331
mixed,16,1,0.0625,4.0,64,2048,256,1024,304,207.299,210.625,209.632,0.7014
mixed,16,1,0.0625,4.0,64,2048,512,2048,608,208.385,214.177,210.658,0.3924
mixed,16,1,0.0625,4.0,64,2048,1024,4096,1216,209.537,392.386,379.715,0.9307
mixed,16,1,0.0625,4.0,64,2048,2048,8192,2432,247.136,743.267,725.574,0.9643
mixed,16,1,0.0625,4.0,64,2048,4096,16384,4864,455.747,1447.211,1417.862,0.9704
mixed,16,1,0.0625,4.0,64,4096,128,512,152,379.075,381.923,381.154,0.73
mixed,16,1,0.0625,4.0,64,4096,256,1024,304,379.265,383.106,381.536,0.5913
mixed,16,1,0.0625,4.0,64,4096,512,2048,608,380.483,384.483,381.858,0.3438
mixed,16,1,0.0625,4.0,64,4096,1024,4096,1216,382.147,391.267,382.849,0.077
mixed,16,1,0.0625,4.0,64,4096,2048,8192,2432,385.987,742.72,725.86,0.9527
mixed,16,1,0.0625,4.0,64,4096,4096,16384,4864,455.81,1444.166,1418.919,0.9745
mixed,16,1,0.0625,4.0,64,8192,128,512,152,726.375,729.316,728.356,0.6736
mixed,16,1,0.0625,4.0,64,8192,256,1024,304,726.244,729.989,728.195,0.521
mixed,16,1,0.0625,4.0,64,8192,512,2048,608,727.236,731.268,729.157,0.4764
mixed,16,1,0.0625,4.0,64,8192,1024,4096,1216,728.361,735.683,729.348,0.1348
mixed,16,1,0.0625,4.0,64,8192,2048,8192,2432,732.515,745.443,732.132,-0.0296
mixed,16,1,0.0625,4.0,64,8192,4096,16384,4864,737.252,1445.576,1418.439,0.9617
mixed,16,1,0.0625,4.0,128,0,128,512,152,48.959,80.672,76.607,0.8718
mixed,16,1,0.0625,4.0,128,0,256,1024,304,61.12,125.377,119.842,0.9139
mixed,16,1,0.0625,4.0,128,0,512,2048,608,84.032,213.41,207.298,0.9528
mixed,16,1,0.0625,4.0,128,0,1024,4096,1216,139.135,389.41,380.035,0.9625
mixed,16,1,0.0625,4.0,128,0,2048,8192,2432,247.137,744.259,725.891,0.9631
mixed,16,1,0.0625,4.0,128,0,4096,16384,4864,457.667,1442.663,1419.879,0.9769
mixed,16,1,0.0625,4.0,128,512,128,512,152,80.417,83.105,81.118,0.2608
mixed,16,1,0.0625,4.0,128,512,256,1024,304,80.896,124.865,120.001,0.8894
mixed,16,1,0.0625,4.0,128,512,512,2048,608,85.154,213.089,207.424,0.9557
mixed,16,1,0.0625,4.0,128,512,1024,4096,1216,139.777,389.731,380.1,0.9615
mixed,16,1,0.0625,4.0,128,512,2048,8192,2432,247.552,745.604,726.98,0.9626
mixed,16,1,0.0625,4.0,128,512,4096,16384,4864,455.235,1447.973,1419.047,0.9709
mixed,16,1,0.0625,4.0,128,1024,128,512,152,122.722,125.728,124.609,0.6277
mixed,16,1,0.0625,4.0,128,1024,256,1024,304,122.977,127.168,124.801,0.4352
mixed,16,1,0.0625,4.0,128,1024,512,2048,608,124.448,213.888,207.425,0.9277
mixed,16,1,0.0625,4.0,128,1024,1024,4096,1216,139.776,389.216,380.93,0.9668
mixed,16,1,0.0625,4.0,128,1024,2048,8192,2432,245.505,745.443,725.699,0.9605
mixed,16,1,0.0625,4.0,128,1024,4096,16384,4864,455.458,1444.103,1421.673,0.9773
mixed,16,1,0.0625,4.0,128,2048,128,512,152,209.121,211.809,209.824,0.2615
mixed,16,1,0.0625,4.0,128,2048,256,1024,304,209.699,212.512,210.689,0.3519
mixed,16,1,0.0625,4.0,128,2048,512,2048,608,210.69,216.673,211.779,0.182
mixed,16,1,0.0625,4.0,128,2048,1024,4096,1216,211.393,389.635,380.993,0.9515
mixed,16,1,0.0625,4.0,128,2048,2048,8192,2432,246.594,743.586,726.5,0.9656
mixed,16,1,0.0625,4.0,128,2048,4096,16384,4864,455.681,1449.158,1419.335,0.97
mixed,16,1,0.0625,4.0,128,4096,128,512,152,381.377,384.418,381.408,0.0102
mixed,16,1,0.0625,4.0,128,4096,256,1024,304,381.601,385.251,383.395,0.4915
mixed,16,1,0.0625,4.0,128,4096,512,2048,608,382.755,387.807,383.489,0.1453
mixed,16,1,0.0625,4.0,128,4096,1024,4096,1216,384.482,392.162,384.514,0.0042
mixed,16,1,0.0625,4.0,128,4096,2048,8192,2432,387.619,746.532,728.388,0.9494
mixed,16,1,0.0625,4.0,128,4096,4096,16384,4864,458.146,1445.99,1421.541,0.9753
mixed,16,1,0.0625,4.0,128,8192,128,512,152,729.026,730.691,730.178,0.6919
mixed,16,1,0.0625,4.0,128,8192,256,1024,304,729.251,732.259,730.499,0.4149
mixed,16,1,0.0625,4.0,128,8192,512,2048,608,729.571,733.187,731.332,0.487
mixed,16,1,0.0625,4.0,128,8192,1024,4096,1216,731.269,738.821,732.992,0.2282
mixed,16,1,0.0625,4.0,128,8192,2048,8192,2432,735.812,747.682,735.172,-0.0539
mixed,16,1,0.0625,4.0,128,8192,4096,16384,4864,739.972,1450.504,1423.207,0.9616
mixed,16,1,0.0625,4.0,256,0,128,512,152,58.815,89.952,80.736,0.704
mixed,16,1,0.0625,4.0,256,0,256,1024,304,70.463,132.479,122.177,0.8339
mixed,16,1,0.0625,4.0,256,0,512,2048,608,92.673,217.408,208.035,0.9249
mixed,16,1,0.0625,4.0,256,0,1024,4096,1216,144.224,391.234,381.121,0.9591
mixed,16,1,0.0625,4.0,256,0,2048,8192,2432,248.193,744.643,727.171,0.9648
mixed,16,1,0.0625,4.0,256,0,4096,16384,4864,457.701,1445.383,1419.782,0.9741
mixed,16,1,0.0625,4.0,256,512,128,512,152,94.498,96.417,94.496,-0.001
mixed,16,1,0.0625,4.0,256,512,256,1024,304,95.84,133.794,122.848,0.7116
mixed,16,1,0.0625,4.0,256,512,512,2048,608,96.673,216.832,209.282,0.9372
mixed,16,1,0.0625,4.0,256,512,1024,4096,1216,144.864,393.441,381.762,0.953
mixed,16,1,0.0625,4.0,256,512,2048,8192,2432,249.411,746.755,727.653,0.9616
mixed,16,1,0.0625,4.0,256,512,4096,16384,4864,458.978,1448.359,1419.431,0.9708
mixed,16,1,0.0625,4.0,256,1024,128,512,152,135.555,137.794,136.064,0.2273
mixed,16,1,0.0625,4.0,256,1024,256,1024,304,137.026,137.666,137.312,0.4469
mixed,16,1,0.0625,4.0,256,1024,512,2048,608,138.272,219.776,208.864,0.8661
mixed,16,1,0.0625,4.0,256,1024,1024,4096,1216,145.696,392.099,382.242,0.96
mixed,16,1,0.0625,4.0,256,1024,2048,8192,2432,251.329,746.372,727.142,0.9612
mixed,16,1,0.0625,4.0,256,1024,4096,16384,4864,461.892,1451.176,1423.08,0.9716
mixed,16,1,0.0625,4.0,256,2048,128,512,152,218.977,222.339,219.489,0.1523
mixed,16,1,0.0625,4.0,256,2048,256,1024,304,219.681,221.665,220.227,0.2752
mixed,16,1,0.0625,4.0,256,2048,512,2048,608,221.729,225.121,222.241,0.1509
mixed,16,1,0.0625,4.0,256,2048,1024,4096,1216,221.697,394.113,383.713,0.9397
mixed,16,1,0.0625,4.0,256,2048,2048,8192,2432,252.802,747.812,729.794,0.9636
mixed,16,1,0.0625,4.0,256,2048,4096,16384,4864,461.346,1452.742,1422.822,0.9698
mixed,16,1,0.0625,4.0,256,4096,128,512,152,385.347,387.585,385.346,-0.0004
mixed,16,1,0.0625,4.0,256,4096,256,1024,304,387.712,388.962,387.678,-0.0272
mixed,16,1,0.0625,4.0,256,4096,512,2048,608,389.413,391.266,387.68,-0.9352
mixed,16,1,0.0625,4.0,256,4096,1024,4096,1216,390.787,399.074,389.282,-0.1816
mixed,16,1,0.0625,4.0,256,4096,2048,8192,2432,391.49,748.802,728.294,0.9426
mixed,16,1,0.0625,4.0,256,4096,4096,16384,4864,464.834,1453.412,1426.31,0.9726
mixed,16,1,0.0625,4.0,256,8192,128,512,152,729.891,733.062,730.787,0.2826
mixed,16,1,0.0625,4.0,256,8192,256,1024,304,731.747,735.843,732.193,0.1089
mixed,16,1,0.0625,4.0,256,8192,512,2048,608,732.899,737.731,733.026,0.0263
mixed,16,1,0.0625,4.0,256,8192,1024,4096,1216,736.034,743.78,735.524,-0.0658
mixed,16,1,0.0625,4.0,256,8192,2048,8192,2432,737.409,757.026,737.762,0.018
mixed,16,1,0.0625,4.0,256,8192,4096,16384,4864,745.734,1463.046,1427.495,0.9504
mixed,16,1,0.0625,4.0,512,0,128,512,152,88.768,125.407,94.945,0.1686
mixed,16,1,0.0625,4.0,512,0,256,1024,304,100.929,167.264,138.016,0.5591
mixed,16,1,0.0625,4.0,512,0,512,2048,608,127.458,251.938,220.415,0.7468
mixed,16,1,0.0625,4.0,512,0,1024,4096,1216,179.616,420.706,386.753,0.8592
mixed,16,1,0.0625,4.0,512,0,2048,8192,2432,283.938,759.491,728.836,0.9355
mixed,16,1,0.0625,4.0,512,0,4096,16384,4864,485.76,1452.775,1421.707,0.9679
mixed,16,1,0.0625,4.0,512,512,128,512,152,130.113,146.595,130.528,0.0252
mixed,16,1,0.0625,4.0,512,512,256,1024,304,130.688,214.72,137.952,0.0864
mixed,16,1,0.0625,4.0,512,512,512,2048,608,150.912,304.962,222.434,0.4643
mixed,16,1,0.0625,4.0,512,512,1024,4096,1216,228.194,485.538,388.354,0.6224
mixed,16,1,0.0625,4.0,512,512,2048,8192,2432,340.129,853.059,730.18,0.7604
mixed,16,1,0.0625,4.0,512,512,4096,16384,4864,556.77,1574.024,1429.896,0.8583
mixed,16,1,0.0625,4.0,512,1024,128,512,152,172.386,173.794,172.512,0.0895
mixed,16,1,0.0625,4.0,512,1024,256,1024,304,174.047,236.929,173.089,-0.0152
mixed,16,1,0.0625,4.0,512,1024,512,2048,608,175.072,349.124,222.496,0.2725
mixed,16,1,0.0625,4.0,512,1024,1024,4096,1216,261.088,533.445,389.764,0.4725
mixed,16,1,0.0625,4.0,512,1024,2048,8192,2432,381.792,901.028,732.45,0.6753
mixed,16,1,0.0625,4.0,512,1024,4096,16384,4864,601.188,1626.727,1429.414,0.8076
mixed,16,1,0.0625,4.0,512,2048,128,512,152,255.46,257.632,255.649,0.087
mixed,16,1,0.0625,4.0,512,2048,256,1024,304,255.905,259.17,255.584,-0.0983
mixed,16,1,0.0625,4.0,512,2048,512,2048,608,257.696,414.465,256.96,-0.0047
mixed,16,1,0.0625,4.0,512,2048,1024,4096,1216,266.337,614.083,390.401,0.3568
mixed,16,1,0.0625,4.0,512,2048,2048,8192,2432,467.202,981.22,732.772,0.5167
mixed,16,1,0.0625,4.0,512,2048,4096,16384,4864,682.276,1706.313,1428.775,0.729
mixed,16,1,0.0625,4.0,512,4096,128,512,152,421.924,422.818,422.753,0.9273
mixed,16,1,0.0625,4.0,512,4096,256,1024,304,422.241,423.616,422.722,0.3498
mixed,16,1,0.0625,4.0,512,4096,512,2048,608,422.818,427.011,422.626,-0.0458
mixed,16,1,0.0625,4.0,512,4096,1024,4096,1216,424.738,770.626,425.217,0.0014
mixed,16,1,0.0625,4.0,512,4096,2048,8192,2432,482.85,1143.589,732.515,0.3779
mixed,16,1,0.0625,4.0,512,4096,4096,16384,4864,851.974,1873.064,1428.839,0.565
mixed,16,1,0.0625,4.0,512,8192,128,512,152,753.377,756.709,755.235,0.5576
mixed,16,1,0.0625,4.0,512,8192,256,1024,304,755.267,756.582,755.588,0.2441
mixed,16,1,0.0625,4.0,512,8192,512,2048,608,754.883,760.163,755.778,0.1695
mixed,16,1,0.0625,4.0,512,8192,1024,4096,1216,759.268,777.411,757.635,-0.09
mixed,16,1,0.0625,4.0,512,8192,2048,8192,2432,763.876,1482.919,760.098,-0.0053
mixed,16,1,0.0625,4.0,512,8192,4096,16384,4864,907.781,2213.867,1429.957,0.3998
mixed,16,1,0.0625,4.0,1024,0,128,512,152,162.497,182.817,162.913,0.0205
mixed,16,1,0.0625,4.0,1024,0,256,1024,304,170.275,238.883,178.464,0.1194
mixed,16,1,0.0625,4.0,1024,0,512,2048,608,184.257,359.746,274.402,0.5137
mixed,16,1,0.0625,4.0,1024,0,1024,4096,1216,258.914,549.123,452.643,0.6675
mixed,16,1,0.0625,4.0,1024,0,2048,8192,2432,400.418,925.732,825.124,0.8085
mixed,16,1,0.0625,4.0,1024,0,4096,16384,4864,625.252,1643.976,1507.304,0.8658
mixed,16,1,0.0625,4.0,1024,512,128,512,152,212.16,240.832,213.248,0.0379
mixed,16,1,0.0625,4.0,1024,512,256,1024,304,222.975,270.146,223.457,0.0102
mixed,16,1,0.0625,4.0,1024,512,512,2048,608,241.6,395.458,290.084,0.3151
mixed,16,1,0.0625,4.0,1024,512,1024,4096,1216,274.371,600.194,490.852,0.6644
mixed,16,1,0.0625,4.0,1024,512,2048,8192,2432,436.001,974.789,853.955,0.7757
mixed,16,1,0.0625,4.0,1024,512,4096,16384,4864,673.219,1717.895,1569.736,0.8582
mixed,16,1,0.0625,4.0,1024,1024,128,512,152,254.817,285.698,256.387,0.0508
mixed,16,1,0.0625,4.0,1024,1024,256,1024,304,264.033,326.944,264.895,0.0137
mixed,16,1,0.0625,4.0,1024,1024,512,2048,608,287.936,412.93,294.498,0.0525
mixed,16,1,0.0625,4.0,1024,1024,1024,4096,1216,334.69,660.964,509.57,0.536
mixed,16,1,0.0625,4.0,1024,1024,2048,8192,2432,461.921,1016.933,887.203,0.7663
mixed,16,1,0.0625,4.0,1024,1024,4096,16384,4864,709.058,1757.896,1614.281,0.8631
mixed,16,1,0.0625,4.0,1024,2048,128,512,152,338.755,370.144,339.908,0.0367
mixed,16,1,0.0625,4.0,1024,2048,256,1024,304,352.545,414.115,350.208,-0.038
mixed,16,1,0.0625,4.0,1024,2048,512,2048,608,374.21,498.467,373.89,-0.0026
mixed,16,1,0.0625,4.0,1024,2048,1024,4096,1216,426.978,715.685,517.922,0.315
mixed,16,1,0.0625,4.0,1024,2048,2048,8192,2432,522.373,1101.509,936.355,0.7148
mixed,16,1,0.0625,4.0,1024,2048,4096,16384,4864,795.555,1836.712,1685.416,0.8547
mixed,16,1,0.0625,4.0,1024,4096,128,512,152,507.105,535.394,507.075,-0.0011
mixed,16,1,0.0625,4.0,1024,4096,256,1024,304,516.48,583.138,518.402,0.0288
mixed,16,1,0.0625,4.0,1024,4096,512,2048,608,543.91,674.436,539.908,-0.0307
mixed,16,1,0.0625,4.0,1024,4096,1024,4096,1216,597.091,841.317,588.933,-0.0334
mixed,16,1,0.0625,4.0,1024,4096,2048,8192,2432,703.106,1250.725,949.06,0.4491
mixed,16,1,0.0625,4.0,1024,4096,4096,16384,4864,900.039,1987.69,1796.038,0.8238
mixed,16,1,0.0625,4.0,1024,8192,128,512,152,846.499,875.844,852.708,0.2116
mixed,16,1,0.0625,4.0,1024,8192,256,1024,304,854.851,920.163,859.652,0.0735
mixed,16,1,0.0625,4.0,1024,8192,512,2048,608,877.571,1013.063,875.559,-0.0148
mixed,16,1,0.0625,4.0,1024,8192,1024,4096,1216,933.156,1189.032,927.748,-0.0211
mixed,16,1,0.0625,4.0,1024,8192,2048,8192,2432,1044.132,1530.246,1014.757,-0.0604
mixed,16,1,0.0625,4.0,1024,8192,4096,16384,4864,1253.414,2310.539,1822.217,0.5381
mixed,16,1,0.0625,4.0,2048,0,128,512,152,344.993,362.437,344.161,-0.0477
mixed,16,1,0.0625,4.0,2048,0,256,1024,304,351.268,378.145,353.057,0.0666
mixed,16,1,0.0625,4.0,2048,0,512,2048,608,363.107,494.21,377.635,0.1108
mixed,16,1,0.0625,4.0,2048,0,1024,4096,1216,386.147,821.092,562.753,0.406
mixed,16,1,0.0625,4.0,2048,0,2048,8192,2432,562.241,1395.557,952.261,0.468
mixed,16,1,0.0625,4.0,2048,0,4096,16384,4864,926.469,2495.111,1755.277,0.5284
mixed,16,1,0.0625,4.0,2048,512,128,512,152,428.482,450.914,428.323,-0.0071
mixed,16,1,0.0625,4.0,2048,512,256,1024,304,438.499,469.379,437.059,-0.0466
mixed,16,1,0.0625,4.0,2048,512,512,2048,608,449.921,563.651,459.043,0.0802
mixed,16,1,0.0625,4.0,2048,512,1024,4096,1216,479.49,888.58,612.996,0.3263
mixed,16,1,0.0625,4.0,2048,512,2048,8192,2432,616.005,1525.8,979.302,0.3993
mixed,16,1,0.0625,4.0,2048,512,4096,16384,4864,1011.493,2782.509,1835.881,0.4655
mixed,16,1,0.0625,4.0,2048,1024,128,512,152,513.633,536.194,514.979,0.0597
mixed,16,1,0.0625,4.0,2048,1024,256,1024,304,520.866,555.843,523.108,0.0641
mixed,16,1,0.0625,4.0,2048,1024,512,2048,608,532.611,625.668,542.146,0.1025
mixed,16,1,0.0625,4.0,2048,1024,1024,4096,1216,561.859,922.976,657.86,0.2658
mixed,16,1,0.0625,4.0,2048,1024,2048,8192,2432,678.883,1592.551,1064.483,0.422
mixed,16,1,0.0625,4.0,2048,1024,4096,16384,4864,1060.87,2833.038,1879.593,0.462
mixed,16,1,0.0625,4.0,2048,2048,128,512,152,679.49,701.317,678.594,-0.0411
mixed,16,1,0.0625,4.0,2048,2048,256,1024,304,686.822,720.932,693.315,0.1904
mixed,16,1,0.0625,4.0,2048,2048,512,2048,608,703.204,799.267,706.915,0.0386
mixed,16,1,0.0625,4.0,2048,2048,1024,4096,1216,721.028,1037.828,761.764,0.1286
mixed,16,1,0.0625,4.0,2048,2048,2048,8192,2432,837.283,1733.127,1161.51,0.3619
mixed,16,1,0.0625,4.0,2048,2048,4096,16384,4864,1140.901,2988.397,1925.959,0.4249
mixed,16,1,0.0625,4.0,2048,4096,128,512,152,1009.862,1033.542,1009.703,-0.0067
mixed,16,1,0.0625,4.0,2048,4096,256,1024,304,1016.612,1057.635,1021.445,0.1178
mixed,16,1,0.0625,4.0,2048,4096,512,2048,608,1033.892,1050.117,1037.799,0.2408
mixed,16,1,0.0625,4.0,2048,4096,1024,4096,1216,1047.109,1315.303,1052.261,0.0192
mixed,16,1,0.0625,4.0,2048,4096,2048,8192,2432,1053.287,1822.345,1281.351,0.2965
mixed,16,1,0.0625,4.0,2048,4096,4096,16384,4864,1377.001,3247.794,2199.37,0.4396
mixed,16,1,0.0625,4.0,2048,8192,128,512,152,1679.589,1700.136,1683.943,0.2119
mixed,16,1,0.0625,4.0,2048,8192,256,1024,304,1682.891,1718.601,1684.616,0.0483
mixed,16,1,0.0625,4.0,2048,8192,512,2048,608,1699.689,1722.249,1709.255,0.424
mixed,16,1,0.0625,4.0,2048,8192,1024,4096,1216,1713.678,1724.167,1718.92,0.4998
mixed,16,1,0.0625,4.0,2048,8192,2048,8192,2432,1722.606,2356.043,1718.857,-0.0059
mixed,16,1,0.0625,4.0,2048,8192,4096,16384,4864,1823.882,3452.942,2310.701,0.2988
pure,16,2,0.125,4.0,0,0,128,512,176,61.696,76.544,63.265,0.1057
pure,16,2,0.125,4.0,0,0,256,1024,352,68.066,106.303,75.266,0.1883
pure,16,2,0.125,4.0,0,0,512,2048,704,89.86,152.9,90.304,0.007
pure,16,2,0.125,4.0,0,0,1024,4096,1408,130.209,239.17,132.29,0.0191
pure,16,2,0.125,4.0,0,0,2048,8192,2816,187.198,405.731,206.465,0.0882
pure,16,2,0.125,4.0,0,0,4096,16384,5632,307.168,738.724,337.859,0.0711
mixed,16,2,0.125,4.0,16,0,128,512,176,47.234,79.872,75.104,0.8539
mixed,16,2,0.125,4.0,16,0,256,1024,352,60.832,123.553,118.434,0.9184
mixed,16,2,0.125,4.0,16,0,512,2048,704,92.993,211.49,205.601,0.9503
mixed,16,2,0.125,4.0,16,0,1024,4096,1408,157.151,390.371,378.051,0.9472
mixed,16,2,0.125,4.0,16,0,2048,8192,2816,278.338,742.31,724.197,0.961
mixed,16,2,0.125,4.0,16,0,4096,16384,5632,521.57,1443.525,1423.399,0.9782
mixed,16,2,0.125,4.0,16,512,128,512,176,75.649,79.361,75.36,-0.0779
mixed,16,2,0.125,4.0,16,512,256,1024,352,77.504,124.128,118.242,0.8738
mixed,16,2,0.125,4.0,16,512,512,2048,704,92.992,211.169,205.569,0.9526
mixed,16,2,0.125,4.0,16,512,1024,4096,1408,156.64,390.627,378.787,0.9494
mixed,16,2,0.125,4.0,16,512,2048,8192,2816,278.657,742.724,724.674,0.9611
mixed,16,2,0.125,4.0,16,512,4096,16384,5632,522.275,1444.231,1423.782,0.9778
mixed,16,2,0.125,4.0,16,1024,128,512,176,118.562,118.947,118.657,0.2468
mixed,16,2,0.125,4.0,16,1024,256,1024,352,119.84,123.841,119.458,-0.0955
mixed,16,2,0.125,4.0,16,1024,512,2048,704,120.32,212.514,205.473,0.9236
mixed,16,2,0.125,4.0,16,1024,1024,4096,1408,157.152,388.833,379.103,0.958
mixed,16,2,0.125,4.0,16,1024,2048,8192,2816,277.825,742.723,725.732,0.9635
mixed,16,2,0.125,4.0,16,1024,4096,16384,5632,520.546,1442.983,1423.878,0.9793
mixed,16,2,0.125,4.0,16,2048,128,512,176,205.025,206.786,204.608,-0.2368
mixed,16,2,0.125,4.0,16,2048,256,1024,352,206.179,205.984,205.025,
mixed,16,2,0.125,4.0,16,2048,512,2048,704,205.794,212.928,206.912,0.1567
mixed,16,2,0.125,4.0,16,2048,1024,4096,1408,205.984,390.465,379.135,0.9386
mixed,16,2,0.125,4.0,16,2048,2048,8192,2816,277.825,741.731,725.187,0.9643
mixed,16,2,0.125,4.0,16,2048,4096,16384,5632,521.667,1444.583,1426.179,0.9801
mixed,16,2,0.125,4.0,16,4096,128,512,176,376.609,379.395,376.481,-0.0459
mixed,16,2,0.125,4.0,16,4096,256,1024,352,377.634,377.603,377.443,
mixed,16,2,0.125,4.0,16,4096,512,2048,704,377.507,381.633,378.114,0.1471
mixed,16,2,0.125,4.0,16,4096,1024,4096,1408,380.034,390.562,380.13,0.0091
mixed,16,2,0.125,4.0,16,4096,2048,8192,2816,383.393,741.924,724.355,0.951
mixed,16,2,0.125,4.0,16,4096,4096,16384,5632,521.445,1443.944,1426.6,0.9812
mixed,16,2,0.125,4.0,16,8192,128,512,176,723.655,726.88,724.611,0.2964
mixed,16,2,0.125,4.0,16,8192,256,1024,352,724.864,726.532,724.708,-0.0935
mixed,16,2,0.125,4.0,16,8192,512,2048,704,725.092,727.393,726.246,0.5015
mixed,16,2,0.125,4.0,16,8192,1024,4096,1408,727.589,730.786,727.043,-0.1708
mixed,16,2,0.125,4.0,16,8192,2048,8192,2816,728.803,742.981,727.909,-0.0631
mixed,16,2,0.125,4.0,16,8192,4096,16384,5632,734.788,1443.942,1424.423,0.9725
mixed,16,2,0.125,4.0,32,0,128,512,176,47.68,80.384,75.424,0.8483
mixed,16,2,0.125,4.0,32,0,256,1024,352,60.417,123.712,118.753,0.9217
mixed,16,2,0.125,4.0,32,0,512,2048,704,93.216,213.28,205.572,0.9358
mixed,16,2,0.125,4.0,32,0,1024,4096,1408,157.439,388.45,379.041,0.9593
mixed,16,2,0.125,4.0,32,0,2048,8192,2816,279.236,741.571,724.708,0.9635
mixed,16,2,0.125,4.0,32,0,4096,16384,5632,519.811,1443.59,1426.087,0.9811
mixed,16,2,0.125,4.0,32,512,128,512,176,76.417,79.617,76.961,0.17
mixed,16,2,0.125,4.0,32,512,256,1024,352,77.857,123.873,119.072,0.8957
mixed,16,2,0.125,4.0,32,512,512,2048,704,94.241,212.322,205.665,0.9436
mixed,16,2,0.125,4.0,32,512,1024,4096,1408,156.704,388.866,378.882,0.957
mixed,16,2,0.125,4.0,32,512,2048,8192,2816,278.722,743.01,724.645,0.9604
mixed,16,2,0.125,4.0,32,512,4096,16384,5632,522.53,1445.347,1423.976,0.9768
mixed,16,2,0.125,4.0,32,1024,128,512,176,119.328,122.657,120.674,0.4043
mixed,16,2,0.125,4.0,32,1024,256,1024,352,120.032,124.096,121.729,0.4176
mixed,16,2,0.125,4.0,32,1024,512,2048,704,120.769,212.384,205.922,0.9295
mixed,16,2,0.125,4.0,32,1024,1024,4096,1408,156.736,388.45,378.978,0.9591
mixed,16,2,0.125,4.0,32,1024,2048,8192,2816,278.115,742.276,725.251,0.9633
mixed,16,2,0.125,4.0,32,1024,4096,16384,5632,521.796,1445.511,1426.819,0.9798
mixed,16,2,0.125,4.0,32,2048,128,512,176,205.376,208.416,206.336,0.3158
mixed,16,2,0.125,4.0,32,2048,256,1024,352,206.369,209.184,206.563,0.0689
mixed,16,2,0.125,4.0,32,2048,512,2048,704,206.531,212.866,209.12,0.4087
mixed,16,2,0.125,4.0,32,2048,1024,4096,1408,209.601,387.619,379.169,0.9525
mixed,16,2,0.125,4.0,32,2048,2048,8192,2816,277.538,742.757,725.507,0.9629
mixed,16,2,0.125,4.0,32,2048,4096,16384,5632,522.436,1445.704,1425.254,0.9779
mixed,16,2,0.125,4.0,32,4096,128,512,176,377.249,380.256,378.177,0.3086
mixed,16,2,0.125,4.0,32,4096,256,1024,352,378.562,381.793,380.449,0.584
mixed,16,2,0.125,4.0,32,4096,512,2048,704,378.625,383.361,380.611,0.4193
mixed,16,2,0.125,4.0,32,4096,1024,4096,1408,381.633,390.369,381.665,0.0037
mixed,16,2,0.125,4.0,32,4096,2048,8192,2816,384.706,744.643,725.346,0.9464
mixed,16,2,0.125,4.0,32,4096,4096,16384,5632,521.987,1444.488,1426.566,0.9806
mixed,16,2,0.125,4.0,32,8192,128,512,176,724.771,727.555,726.18,0.5061
mixed,16,2,0.125,4.0,32,8192,256,1024,352,725.123,728.549,727.14,0.5887
mixed,16,2,0.125,4.0,32,8192,512,2048,704,725.858,729.38,727.65,0.5088
mixed,16,2,0.125,4.0,32,8192,1024,4096,1408,727.557,732.324,728.548,0.2079
mixed,16,2,0.125,4.0,32,8192,2048,8192,2816,729.508,743.394,730.435,0.0668
mixed,16,2,0.125,4.0,32,8192,4096,16384,5632,736.067,1447.174,1426.022,0.9703
mixed,16,2,0.125,4.0,64,0,128,512,176,48.577,80.29,75.807,0.8586
mixed,16,2,0.125,4.0,64,0,256,1024,352,60.673,124.576,119.202,0.9159
mixed,16,2,0.125,4.0,64,0,512,2048,704,94.112,213.216,206.433,0.943
mixed,16,2,0.125,4.0,64,0,1024,4096,1408,157.696,388.067,379.682,0.9636
mixed,16,2,0.125,4.0,64,0,2048,8192,2816,279.586,741.346,725.443,0.9656
mixed,16,2,0.125,4.0,64,0,4096,16384,5632,522.497,1446.407,1426.919,0.9789
mixed,16,2,0.125,4.0,64,512,128,512,176,78.271,81.793,80.415,0.6087
mixed,16,2,0.125,4.0,64,512,256,1024,352,78.819,124.608,119.743,0.8938
mixed,16,2,0.125,4.0,64,512,512,2048,704,94.113,212.544,206.467,0.9487
mixed,16,2,0.125,4.0,64,512,1024,4096,1408,157.761,389.889,379.523,0.9553
mixed,16,2,0.125,4.0,64,512,2048,8192,2816,278.467,744.548,725.892,0.96
mixed,16,2,0.125,4.0,64,512,4096,16384,5632,524.129,1444.582,1427.622,0.9816
mixed,16,2,0.125,4.0,64,1024,128,512,176,121.152,124.098,122.753,0.5434
mixed,16,2,0.125,4.0,64,1024,256,1024,352,122.113,125.121,124.226,0.7025
mixed,16,2,0.125,4.0,64,1024,512,2048,704,122.305,213.696,206.721,0.9237
mixed,16,2,0.125,4.0,64,1024,1024,4096,1408,158.529,391.011,380.419,0.9544
mixed,16,2,0.125,4.0,64,1024,2048,8192,2816,280.066,742.885,726.627,0.9649
mixed,16,2,0.125,4.0,64,1024,4096,16384,5632,521.412,1444.584,1427.238,0.9812
mixed,16,2,0.125,4.0,64,2048,128,512,176,207.201,210.337,208.961,0.5612
mixed,16,2,0.125,4.0,64,2048,256,1024,352,207.872,210.754,209.6,0.5996
mixed,16,2,0.125,4.0,64,2048,512,2048,704,208.257,213.506,210.08,0.3473
mixed,16,2,0.125,4.0,64,2048,1024,4096,1408,211.649,389.857,380.323,0.9465
mixed,16,2,0.125,4.0,64,2048,2048,8192,2816,279.426,743.428,726.788,0.9641
mixed,16,2,0.125,4.0,64,2048,4096,16384,5632,523.778,1445.031,1425.896,0.9792
mixed,16,2,0.125,4.0,64,4096,128,512,176,378.85,382.242,381.154,0.6792
mixed,16,2,0.125,4.0,64,4096,256,1024,352,379.843,382.787,381.57,0.5866
mixed,16,2,0.125,4.0,64,4096,512,2048,704,380.225,385.025,382.243,0.4204
mixed,16,2,0.125,4.0,64,4096,1024,4096,1408,382.914,390.721,382.849,-0.0083
mixed,16,2,0.125,4.0,64,4096,2048,8192,2816,385.315,742.564,726.948,0.9563
mixed,16,2,0.125,4.0,64,4096,4096,16384,5632,522.979,1446.119,1425.894,0.9781
mixed,16,2,0.125,4.0,64,8192,128,512,176,726.595,728.994,728.612,0.8408
mixed,16,2,0.125,4.0,64,8192,256,1024,352,726.788,729.729,727.971,0.4022
mixed,16,2,0.125,4.0,64,8192,512,2048,704,727.299,730.115,728.578,0.4542
mixed,16,2,0.125,4.0,64,8192,1024,4096,1408,730.084,733.987,729.346,-0.1891
mixed,16,2,0.125,4.0,64,8192,2048,8192,2816,732.226,745.123,732.164,-0.0048
mixed,16,2,0.125,4.0,64,8192,4096,16384,5632,736.099,1445.351,1427.016,0.9741
mixed,16,2,0.125,4.0,128,0,128,512,176,49.792,80.864,76.736,0.8671
mixed,16,2,0.125,4.0,128,0,256,1024,352,61.278,125.953,120.352,0.9134
mixed,16,2,0.125,4.0,128,0,512,2048,704,95.585,212.577,207.585,0.9573
mixed,16,2,0.125,4.0,128,0,1024,4096,1408,159.776,389.379,380.195,0.96
mixed,16,2,0.125,4.0,128,0,2048,8192,2816,278.625,747.204,727.554,0.9581
mixed,16,2,0.125,4.0,128,0,4096,16384,5632,521.539,1445.958,1426.28,0.9787
mixed,16,2,0.125,4.0,128,512,128,512,176,80.479,83.488,80.8,0.1067
mixed,16,2,0.125,4.0,128,512,256,1024,352,81.343,124.705,120.736,0.9085
mixed,16,2,0.125,4.0,128,512,512,2048,704,95.968,213.603,208.036,0.9527
mixed,16,2,0.125,4.0,128,512,1024,4096,1408,158.784,388.769,381.057,0.9665
mixed,16,2,0.125,4.0,128,512,2048,8192,2816,280.13,747.202,726.82,0.9564
mixed,16,2,0.125,4.0,128,512,4096,16384,5632,524.578,1442.76,1423.844,0.9794
mixed,16,2,0.125,4.0,128,1024,128,512,176,122.657,124.961,124.001,0.5833
mixed,16,2,0.125,4.0,128,1024,256,1024,352,124.065,126.625,125.183,0.4367
mixed,16,2,0.125,4.0,128,1024,512,2048,704,124.864,213.248,207.424,0.9341
mixed,16,2,0.125,4.0,128,1024,1024,4096,1408,158.401,388.994,381.024,0.9654
mixed,16,2,0.125,4.0,128,1024,2048,8192,2816,280.001,744.994,726.245,0.9597
mixed,16,2,0.125,4.0,128,1024,4096,16384,5632,522.563,1446.182,1423.591,0.9755
mixed,16,2,0.125,4.0,128,2048,128,512,176,208.769,211.969,209.888,0.3497
mixed,16,2,0.125,4.0,128,2048,256,1024,352,209.857,213.344,210.624,0.22
mixed,16,2,0.125,4.0,128,2048,512,2048,704,211.073,215.424,210.979,-0.0216
mixed,16,2,0.125,4.0,128,2048,1024,4096,1408,214.211,390.179,380.865,0.9471
mixed,16,2,0.125,4.0,128,2048,2048,8192,2816,279.969,745.571,727.908,0.9621
mixed,16,2,0.125,4.0,128,2048,4096,16384,5632,522.755,1447.815,1425.319,0.9757
mixed,16,2,0.125,4.0,128,4096,128,512,176,380.544,383.745,382.465,0.6001
mixed,16,2,0.125,4.0,128,4096,256,1024,352,381.601,385.313,381.923,0.0867
mixed,16,2,0.125,4.0,128,4096,512,2048,704,383.266,386.787,383.491,0.0639
mixed,16,2,0.125,4.0,128,4096,1024,4096,1408,385.731,392.866,384.705,-0.1438
mixed,16,2,0.125,4.0,128,4096,2048,8192,2816,389.248,744.036,727.876,0.9545
mixed,16,2,0.125,4.0,128,4096,4096,16384,5632,523.647,1448.329,1427.97,0.978
mixed,16,2,0.125,4.0,128,8192,128,512,176,728.422,730.948,729.411,0.3915
mixed,16,2,0.125,4.0,128,8192,256,1024,352,729.827,732.419,730.372,0.2103
mixed,16,2,0.125,4.0,128,8192,512,2048,704,730.274,734.179,731.108,0.2136
mixed,16,2,0.125,4.0,128,8192,1024,4096,1408,734.244,738.883,732.997,-0.2688
mixed,16,2,0.125,4.0,128,8192,2048,8192,2816,734.563,747.873,735.523,0.0721
mixed,16,2,0.125,4.0,128,8192,4096,16384,5632,740.197,1448.616,1425.382,0.9672
mixed,16,2,0.125,4.0,256,0,128,512,176,59.489,91.008,81.121,0.6863
mixed,16,2,0.125,4.0,256,0,256,1024,352,70.72,134.209,122.913,0.8221
mixed,16,2,0.125,4.0,256,0,512,2048,704,102.176,216.607,207.904,0.9239
mixed,16,2,0.125,4.0,256,0,1024,4096,1408,163.361,390.722,381.923,0.9613
mixed,16,2,0.125,4.0,256,0,2048,8192,2816,284.064,745.635,726.914,0.9594
mixed,16,2,0.125,4.0,256,0,4096,16384,5632,524.675,1449.545,1428.262,0.977
mixed,16,2,0.125,4.0,256,512,128,512,176,95.232,95.423,95.137,-0.4974
mixed,16,2,0.125,4.0,256,512,256,1024,352,95.456,134.145,123.425,0.7229
mixed,16,2,0.125,4.0,256,512,512,2048,704,102.306,217.92,208.801,0.9211
mixed,16,2,0.125,4.0,256,512,1024,4096,1408,164.512,392.29,382.434,0.9567
mixed,16,2,0.125,4.0,256,512,2048,8192,2816,282.5,749.029,729.091,0.9573
mixed,16,2,0.125,4.0,256,512,4096,16384,5632,524.964,1450.344,1427.814,0.9757
mixed,16,2,0.125,4.0,256,1024,128,512,176,137.185,137.985,135.872,-1.6412
mixed,16,2,0.125,4.0,256,1024,256,1024,352,137.086,138.912,137.474,0.2125
mixed,16,2,0.125,4.0,256,1024,512,2048,704,138.176,218.113,209.539,0.8927
mixed,16,2,0.125,4.0,256,1024,1024,4096,1408,164.737,394.468,382.594,0.9483
mixed,16,2,0.125,4.0,256,1024,2048,8192,2816,283.2,745.734,728.611,0.963
mixed,16,2,0.125,4.0,256,1024,4096,16384,5632,527.17,1451.207,1429.062,0.976
mixed,16,2,0.125,4.0,256,2048,128,512,176,219.937,221.184,218.466,-1.1796
mixed,16,2,0.125,4.0,256,2048,256,1024,352,220.288,221.632,220.64,0.2619
mixed,16,2,0.125,4.0,256,2048,512,2048,704,221.795,223.073,219.808,-1.5548
mixed,16,2,0.125,4.0,256,2048,1024,4096,1408,223.809,396.032,384.033,0.9303
mixed,16,2,0.125,4.0,256,2048,2048,8192,2816,284.672,748.516,730.403,0.961
mixed,16,2,0.125,4.0,256,2048,4096,16384,5632,525.891,1453.323,1429.799,0.9746
mixed,16,2,0.125,4.0,256,4096,128,512,176,387.235,387.586,384.801,-6.9345
mixed,16,2,0.125,4.0,256,4096,256,1024,352,389.538,389.635,386.498,-31.3402
mixed,16,2,0.125,4.0,256,4096,512,2048,704,388.451,391.041,387.555,-0.3459
mixed,16,2,0.125,4.0,256,4096,1024,4096,1408,390.401,398.818,389.155,-0.148
mixed,16,2,0.125,4.0,256,4096,2048,8192,2816,393.762,752.578,730.596,0.9387
mixed,16,2,0.125,4.0,256,4096,4096,16384,5632,529.283,1454.726,1433.129,0.9767
mixed,16,2,0.125,4.0,256,8192,128,512,176,730.724,733.124,730.371,-0.1471
mixed,16,2,0.125,4.0,256,8192,256,1024,352,731.524,735.043,732.642,0.3177
mixed,16,2,0.125,4.0,256,8192,512,2048,704,733.924,736.389,732.739,-0.4807
mixed,16,2,0.125,4.0,256,8192,1024,4096,1408,735.65,743.686,733.955,-0.2109
mixed,16,2,0.125,4.0,256,8192,2048,8192,2816,738.403,757.861,737.699,-0.0362
mixed,16,2,0.125,4.0,256,8192,4096,16384,5632,748.708,1462.182,1433.669,0.96
mixed,16,2,0.125,4.0,512,0,128,512,176,89.281,125.536,97.92,0.2383
mixed,16,2,0.125,4.0,512,0,256,1024,352,101.088,167.52,141.089,0.6021
mixed,16,2,0.125,4.0,512,0,512,2048,704,137.185,252.451,223.425,0.7482
mixed,16,2,0.125,4.0,512,0,1024,4096,1408,199.201,424.61,389.25,0.8431
mixed,16,2,0.125,4.0,512,0,2048,8192,2816,314.657,760.801,729.667,0.9302
mixed,16,2,0.125,4.0,512,0,4096,16384,5632,549.859,1451.686,1427.463,0.9731
mixed,16,2,0.125,4.0,512,512,128,512,176,130.272,146.274,130.465,0.0121
mixed,16,2,0.125,4.0,512,512,256,1024,352,130.528,212.064,140.256,0.1193
mixed,16,2,0.125,4.0,512,512,512,2048,704,168.994,304.162,224.097,0.4077
mixed,16,2,0.125,4.0,512,512,1024,4096,1408,246.081,484.995,391.424,0.6083
mixed,16,2,0.125,4.0,512,512,2048,8192,2816,376.866,854.404,733.735,0.7473
mixed,16,2,0.125,4.0,512,512,4096,16384,5632,623.62,1572.648,1434.696,0.8546
mixed,16,2,0.125,4.0,512,1024,128,512,176,172.034,174.497,172.128,0.0382
mixed,16,2,0.125,4.0,512,1024,256,1024,352,172.639,237.12,173.89,0.0194
mixed,16,2,0.125,4.0,512,1024,512,2048,704,174.594,350.913,224.832,0.2849
mixed,16,2,0.125,4.0,512,1024,1024,4096,1408,292.386,531.363,390.946,0.4124
mixed,16,2,0.125,4.0,512,1024,2048,8192,2816,418.625,897.7,733.22,0.6567
mixed,16,2,0.125,4.0,512,1024,4096,16384,5632,670.02,1628.294,1434.887,0.7982
mixed,16,2,0.125,4.0,512,2048,128,512,176,255.553,258.144,255.393,-0.0618
mixed,16,2,0.125,4.0,512,2048,256,1024,352,255.905,260.416,256.193,0.0638
mixed,16,2,0.125,4.0,512,2048,512,2048,704,257.696,414.72,256.705,-0.0063
mixed,16,2,0.125,4.0,512,2048,1024,4096,1408,306.689,614.052,393.92,0.2838
mixed,16,2,0.125,4.0,512,2048,2048,8192,2816,502.143,981.317,731.845,0.4794
mixed,16,2,0.125,4.0,512,2048,4096,16384,5632,749.924,1708.298,1434.309,0.7141
mixed,16,2,0.125,4.0,512,4096,128,512,176,421.248,421.762,423.586,4.5486
mixed,16,2,0.125,4.0,512,4096,256,1024,352,422.049,424.833,421.665,-0.1379
mixed,16,2,0.125,4.0,512,4096,512,2048,704,422.595,427.811,423.169,0.11
mixed,16,2,0.125,4.0,512,4096,1024,4096,1408,424.032,771.043,427.875,0.0111
mixed,16,2,0.125,4.0,512,4096,2048,8192,2816,548.963,1146.182,733.41,0.3088
mixed,16,2,0.125,4.0,512,4096,4096,16384,5632,917.991,1871.69,1435.302,0.5424
mixed,16,2,0.125,4.0,512,8192,128,512,176,754.98,757.508,756.418,0.5688
mixed,16,2,0.125,4.0,512,8192,256,1024,352,753.477,757.731,754.082,0.1422
mixed,16,2,0.125,4.0,512,8192,512,2048,704,755.652,764.547,756.259,0.0682
mixed,16,2,0.125,4.0,512,8192,1024,4096,1408,760.675,775.716,757.796,-0.1914
mixed,16,2,0.125,4.0,512,8192,2048,8192,2816,762.276,1482.214,762.627,0.0005
mixed,16,2,0.125,4.0,512,8192,4096,16384,5632,1040.964,2216.039,1439.814,0.3394
mixed,16,2,0.125,4.0,1024,0,128,512,176,163.809,183.106,164.258,0.0233
mixed,16,2,0.125,4.0,1024,0,256,1024,352,171.297,237.921,180.64,0.1402
mixed,16,2,0.125,4.0,1024,0,512,2048,704,187.169,359.01,276.226,0.5183
mixed,16,2,0.125,4.0,1024,0,1024,4096,1408,292.448,550.338,456.674,0.6368
mixed,16,2,0.125,4.0,1024,0,2048,8192,2816,440.45,922.211,831.683,0.8121
mixed,16,2,0.125,4.0,1024,0,4096,16384,5632,695.716,1651.786,1521.862,0.8641
mixed,16,2,0.125,4.0,1024,512,128,512,176,212.544,240.32,215.075,0.0911
mixed,16,2,0.125,4.0,1024,512,256,1024,352,223.426,268.706,225.698,0.0502
mixed,16,2,0.125,4.0,1024,512,512,2048,704,249.536,393.187,293.76,0.3079
mixed,16,2,0.125,4.0,1024,512,1024,4096,1408,308.513,594.147,492.164,0.643
mixed,16,2,0.125,4.0,1024,512,2048,8192,2816,479.97,974.278,864.836,0.7786
mixed,16,2,0.125,4.0,1024,512,4096,16384,5632,741.539,1716.297,1585.382,0.8657
mixed,16,2,0.125,4.0,1024,1024,128,512,176,254.882,285.665,257.376,0.081
mixed,16,2,0.125,4.0,1024,1024,256,1024,352,266.336,326.146,267.393,0.0177
mixed,16,2,0.125,4.0,1024,1024,512,2048,704,298.466,413.346,325.953,0.2393
mixed,16,2,0.125,4.0,1024,1024,1024,4096,1408,348.513,649.253,511.97,0.5435
mixed,16,2,0.125,4.0,1024,1024,2048,8192,2816,511.235,1021.507,897.445,0.7569
mixed,16,2,0.125,4.0,1024,1024,4096,16384,5632,790.054,1767.368,1630.568,0.86
mixed,16,2,0.125,4.0,1024,2048,128,512,176,340.191,370.976,341.122,0.0302
mixed,16,2,0.125,4.0,1024,2048,256,1024,352,350.434,415.779,351.841,0.0215
mixed,16,2,0.125,4.0,1024,2048,512,2048,704,382.851,498.691,375.779,-0.061
mixed,16,2,0.125,4.0,1024,2048,1024,4096,1408,446.211,712.835,571.747,0.4708
mixed,16,2,0.125,4.0,1024,2048,2048,8192,2816,547.939,1094.499,940.899,0.719
mixed,16,2,0.125,4.0,1024,2048,4096,16384,5632,875.075,1839.624,1696.842,0.852
mixed,16,2,0.125,4.0,1024,4096,128,512,176,504.673,537.572,509.252,0.1392
mixed,16,2,0.125,4.0,1024,4096,256,1024,352,517.635,585.344,521.763,0.061
mixed,16,2,0.125,4.0,1024,4096,512,2048,704,550.434,673.955,541.473,-0.0725
mixed,16,2,0.125,4.0,1024,4096,1024,4096,1408,618.468,839.238,590.755,-0.1255
mixed,16,2,0.125,4.0,1024,4096,2048,8192,2816,737.252,1263.141,1006.888,0.5127
mixed,16,2,0.125,4.0,1024,4096,4096,16384,5632,992.325,1993.997,1824.074,0.8304
mixed,16,2,0.125,4.0,1024,8192,128,512,176,847.14,875.237,849.604,0.0877
mixed,16,2,0.125,4.0,1024,8192,256,1024,352,855.873,922.916,857.219,0.0201
mixed,16,2,0.125,4.0,1024,8192,512,2048,704,887.492,1010.117,881.51,-0.0488
mixed,16,2,0.125,4.0,1024,8192,1024,4096,1408,957.955,1186.816,929.253,-0.1254
mixed,16,2,0.125,4.0,1024,8192,2048,8192,2816,1080.069,1527.91,1021.605,-0.1305
mixed,16,2,0.125,4.0,1024,8192,4096,16384,5632,1317.123,2303.691,1885.032,0.5756
mixed,16,2,0.125,4.0,2048,0,128,512,176,342.721,361.856,345.25,0.1322
mixed,16,2,0.125,4.0,2048,0,256,1024,352,354.431,377.634,355.138,0.0305
mixed,16,2,0.125,4.0,2048,0,512,2048,704,367.041,496.452,392.385,0.1958
mixed,16,2,0.125,4.0,2048,0,1024,4096,1408,407.296,828.677,572.805,0.3928
mixed,16,2,0.125,4.0,2048,0,2048,8192,2816,631.459,1386.535,961.924,0.4377
mixed,16,2,0.125,4.0,2048,0,4096,16384,5632,1024.772,2511.18,1768.076,0.5001
mixed,16,2,0.125,4.0,2048,512,128,512,176,427.616,450.883,430.466,0.1225
mixed,16,2,0.125,4.0,2048,512,256,1024,352,437.282,465.411,439.679,0.0852
mixed,16,2,0.125,4.0,2048,512,512,2048,704,456.834,564.868,457.76,0.0086
mixed,16,2,0.125,4.0,2048,512,1024,4096,1408,487.746,887.496,626.467,0.347
mixed,16,2,0.125,4.0,2048,512,2048,8192,2816,673.696,1525.031,1021.7,0.4088
mixed,16,2,0.125,4.0,2048,512,4096,16384,5632,1129.091,2783.59,1853.357,0.4378
mixed,16,2,0.125,4.0,2048,1024,128,512,176,514.338,534.146,514.371,0.0017
mixed,16,2,0.125,4.0,2048,1024,256,1024,352,523.395,553.026,525.059,0.0562
mixed,16,2,0.125,4.0,2048,1024,512,2048,704,544.899,624.485,547.011,0.0265
mixed,16,2,0.125,4.0,2048,1024,1024,4096,1408,579.972,923.14,676.323,0.2808
mixed,16,2,0.125,4.0,2048,1024,2048,8192,2816,732.643,1582.6,1087.654,0.4177
mixed,16,2,0.125,4.0,2048,1024,4096,16384,5632,1187.527,2848.366,1890.925,0.4235
mixed,16,2,0.125,4.0,2048,2048,128,512,176,681.891,699.619,682.34,0.0253
mixed,16,2,0.125,4.0,2048,2048,256,1024,352,684.26,716.738,693.605,0.2877
mixed,16,2,0.125,4.0,2048,2048,512,2048,704,710.211,800.549,707.235,-0.0329
mixed,16,2,0.125,4.0,2048,2048,1024,4096,1408,716.452,1036.26,783.875,0.2108
mixed,16,2,0.125,4.0,2048,2048,2048,8192,2816,858.405,1740.873,1185.061,0.3702
mixed,16,2,0.125,4.0,2048,2048,4096,16384,5632,1263.558,2980.527,1970.696,0.4119
mixed,16,2,0.125,4.0,2048,4096,128,512,176,1009.862,1031.045,1011.364,0.0709
mixed,16,2,0.125,4.0,2048,4096,256,1024,352,1018.848,1045.796,1024.421,0.2068
mixed,16,2,0.125,4.0,2048,4096,512,2048,704,1037.285,1050.086,1047.91,0.83
mixed,16,2,0.125,4.0,2048,4096,1024,4096,1408,1051.076,1319.975,1056.295,0.0194
mixed,16,2,0.125,4.0,2048,4096,2048,8192,2816,1118.118,1826.761,1400.549,0.3986
mixed,16,2,0.125,4.0,2048,4096,4096,16384,5632,1489.062,3267.056,2250.058,0.428
mixed,16,2,0.125,4.0,2048,8192,128,512,176,1680.582,1693.769,1680.745,0.0124
mixed,16,2,0.125,4.0,2048,8192,256,1024,352,1683.846,1713.0,1689.129,0.1812
mixed,16,2,0.125,4.0,2048,8192,512,2048,704,1703.813,1719.143,1706.346,0.1652
mixed,16,2,0.125,4.0,2048,8192,1024,4096,1408,1718.504,1721.029,1718.346,-0.0626
mixed,16,2,0.125,4.0,2048,8192,2048,8192,2816,1722.471,2370.894,1721.224,-0.0019
mixed,16,2,0.125,4.0,2048,8192,4096,16384,5632,1951.369,3451.472,2637.579,0.4574
pure,16,3,0.1875,4.0,0,0,128,512,200,61.793,76.643,63.488,0.1141
pure,16,3,0.1875,4.0,0,0,256,1024,400,70.337,105.92,75.296,0.1394
pure,16,3,0.1875,4.0,0,0,512,2048,800,94.816,152.418,94.304,-0.0089
pure,16,3,0.1875,4.0,0,0,1024,4096,1600,134.594,239.874,138.594,0.038
pure,16,3,0.1875,4.0,0,0,2048,8192,3200,202.882,404.259,214.463,0.0575
pure,16,3,0.1875,4.0,0,0,4096,16384,6400,333.027,733.796,352.546,0.0487
mixed,16,3,0.1875,4.0,16,0,128,512,200,47.937,79.872,75.265,0.8557
mixed,16,3,0.1875,4.0,16,0,256,1024,400,68.384,123.425,119.52,0.9291
mixed,16,3,0.1875,4.0,16,0,512,2048,800,104.288,211.779,206.208,0.9482
mixed,16,3,0.1875,4.0,16,0,1024,4096,1600,170.401,388.418,382.21,0.9715
mixed,16,3,0.1875,4.0,16,0,2048,8192,3200,312.226,741.508,732.928,0.98
mixed,16,3,0.1875,4.0,16,0,4096,16384,6400,588.451,1444.969,1429.318,0.9817
mixed,16,3,0.1875,4.0,16,512,128,512,200,75.776,80.095,75.487,-0.0669
mixed,16,3,0.1875,4.0,16,512,256,1024,400,76.033,123.904,119.043,0.8985
mixed,16,3,0.1875,4.0,16,512,512,2048,800,103.681,211.872,206.914,0.9542
mixed,16,3,0.1875,4.0,16,512,1024,4096,1600,170.401,389.7,381.761,0.9638
mixed,16,3,0.1875,4.0,16,512,2048,8192,3200,310.88,742.627,734.02,0.9801
mixed,16,3,0.1875,4.0,16,512,4096,16384,6400,586.402,1444.069,1426.822,0.9799
mixed,16,3,0.1875,4.0,16,1024,128,512,200,118.56,119.745,119.553,0.838
mixed,16,3,0.1875,4.0,16,1024,256,1024,400,118.722,124.223,118.976,0.0462
mixed,16,3,0.1875,4.0,16,1024,512,2048,800,120.352,211.905,206.593,0.942
mixed,16,3,0.1875,4.0,16,1024,1024,4096,1600,170.881,388.929,381.858,0.9676
mixed,16,3,0.1875,4.0,16,1024,2048,8192,3200,314.05,740.74,734.051,0.9843
mixed,16,3,0.1875,4.0,16,1024,4096,16384,6400,586.113,1443.783,1429.993,0.9839
mixed,16,3,0.1875,4.0,16,2048,128,512,200,205.38,206.432,204.544,-0.7947
mixed,16,3,0.1875,4.0,16,2048,256,1024,400,204.833,207.329,205.472,0.256
mixed,16,3,0.1875,4.0,16,2048,512,2048,800,205.569,212.899,207.011,0.1967
mixed,16,3,0.1875,4.0,16,2048,1024,4096,1600,206.432,388.578,382.915,0.9689
mixed,16,3,0.1875,4.0,16,2048,2048,8192,3200,313.537,742.595,733.924,0.9798
mixed,16,3,0.1875,4.0,16,2048,4096,16384,6400,585.986,1441.767,1429.06,0.9852
mixed,16,3,0.1875,4.0,16,4096,128,512,200,376.802,379.551,376.353,-0.1633
mixed,16,3,0.1875,4.0,16,4096,256,1024,400,376.705,377.538,377.057,0.4226
mixed,16,3,0.1875,4.0,16,4096,512,2048,800,377.731,380.706,378.626,0.3008
mixed,16,3,0.1875,4.0,16,4096,1024,4096,1600,378.275,389.569,382.338,0.3597
mixed,16,3,0.1875,4.0,16,4096,2048,8192,3200,383.425,740.707,734.658,0.9831
mixed,16,3,0.1875,4.0,16,4096,4096,16384,6400,588.771,1443.878,1428.55,0.9821
mixed,16,3,0.1875,4.0,16,8192,128,512,200,723.299,726.499,723.555,0.08
mixed,16,3,0.1875,4.0,16,8192,256,1024,400,723.555,727.202,725.475,0.5265
mixed,16,3,0.1875,4.0,16,8192,512,2048,800,724.226,727.588,727.01,0.8281
mixed,16,3,0.1875,4.0,16,8192,1024,4096,1600,725.635,730.596,726.595,0.1935
mixed,16,3,0.1875,4.0,16,8192,2048,8192,3200,729.411,741.795,734.371,0.4005
mixed,16,3,0.1875,4.0,16,8192,4096,16384,6400,735.971,1444.709,1429.733,0.9789
mixed,16,3,0.1875,4.0,32,0,128,512,200,48.8,80.256,75.68,0.8545
mixed,16,3,0.1875,4.0,32,0,256,1024,400,69.311,123.905,119.553,0.9203
mixed,16,3,0.1875,4.0,32,0,512,2048,800,104.223,212.832,206.947,0.9458
mixed,16,3,0.1875,4.0,32,0,1024,4096,1600,169.855,390.273,380.897,0.9575
mixed,16,3,0.1875,4.0,32,0,2048,8192,3200,312.097,741.635,733.284,0.9806
mixed,16,3,0.1875,4.0,32,0,4096,16384,6400,587.266,1446.054,1428.871,0.98
mixed,16,3,0.1875,4.0,32,512,128,512,200,76.322,80.095,77.697,0.3644
mixed,16,3,0.1875,4.0,32,512,256,1024,400,76.768,123.872,119.456,0.9062
mixed,16,3,0.1875,4.0,32,512,512,2048,800,104.032,212.704,207.874,0.9556
mixed,16,3,0.1875,4.0,32,512,1024,4096,1600,170.784,390.979,380.9,0.9542
mixed,16,3,0.1875,4.0,32,512,2048,8192,3200,311.073,742.5,733.539,0.9792
mixed,16,3,0.1875,4.0,32,512,4096,16384,6400,589.635,1444.103,1428.393,0.9816
mixed,16,3,0.1875,4.0,32,1024,128,512,200,119.649,123.232,120.703,0.2942
mixed,16,3,0.1875,4.0,32,1024,256,1024,400,119.744,124.193,122.082,0.5255
mixed,16,3,0.1875,4.0,32,1024,512,2048,800,120.767,214.208,207.745,0.9308
mixed,16,3,0.1875,4.0,32,1024,1024,4096,1600,170.624,388.865,381.923,0.9682
mixed,16,3,0.1875,4.0,32,1024,2048,8192,3200,311.361,742.884,732.9,0.9769
mixed,16,3,0.1875,4.0,32,1024,4096,16384,6400,587.714,1446.409,1429.445,0.9802
mixed,16,3,0.1875,4.0,32,2048,128,512,200,205.537,208.801,205.473,-0.0196
mixed,16,3,0.1875,4.0,32,2048,256,1024,400,206.112,208.898,207.264,0.4135
mixed,16,3,0.1875,4.0,32,2048,512,2048,800,206.177,211.97,209.088,0.5025
mixed,16,3,0.1875,4.0,32,2048,1024,4096,1600,209.154,388.385,381.825,0.9634
mixed,16,3,0.1875,4.0,32,2048,2048,8192,3200,313.698,740.836,735.204,0.9868
mixed,16,3,0.1875,4.0,32,2048,4096,16384,6400,588.803,1444.839,1430.63,0.9834
mixed,16,3,0.1875,4.0,32,4096,128,512,200,377.505,380.642,378.595,0.3475
mixed,16,3,0.1875,4.0,32,4096,256,1024,400,377.731,381.764,379.585,0.4597
mixed,16,3,0.1875,4.0,32,4096,512,2048,800,378.783,383.906,380.483,0.3318
mixed,16,3,0.1875,4.0,32,4096,1024,4096,1600,379.491,388.898,381.856,0.2514
mixed,16,3,0.1875,4.0,32,4096,2048,8192,3200,385.668,743.521,734.563,0.975
mixed,16,3,0.1875,4.0,32,4096,4096,16384,6400,586.562,1447.077,1430.214,0.9804
mixed,16,3,0.1875,4.0,32,8192,128,512,200,724.868,727.939,726.18,0.4272
mixed,16,3,0.1875,4.0,32,8192,256,1024,400,725.412,728.451,727.14,0.5686
mixed,16,3,0.1875,4.0,32,8192,512,2048,800,725.827,729.126,727.844,0.6114
mixed,16,3,0.1875,4.0,32,8192,1024,4096,1600,726.916,733.347,728.227,0.2039
mixed,16,3,0.1875,4.0,32,8192,2048,8192,3200,730.819,743.907,734.467,0.2787
mixed,16,3,0.1875,4.0,32,8192,4096,16384,6400,735.492,1446.088,1428.935,0.9759
mixed,16,3,0.1875,4.0,64,0,128,512,200,48.959,80.289,76.193,0.8693
mixed,16,3,0.1875,4.0,64,0,256,1024,400,69.632,124.544,120.001,0.9173
mixed,16,3,0.1875,4.0,64,0,512,2048,800,104.608,212.801,207.809,0.9539
mixed,16,3,0.1875,4.0,64,0,1024,4096,1600,172.417,389.376,382.977,0.9705
mixed,16,3,0.1875,4.0,64,0,2048,8192,3200,311.522,742.019,733.924,0.9812
mixed,16,3,0.1875,4.0,64,0,4096,16384,6400,587.587,1447.143,1430.696,0.9809
mixed,16,3,0.1875,4.0,64,512,128,512,200,78.08,81.44,80.353,0.6765
mixed,16,3,0.1875,4.0,64,512,256,1024,400,78.528,124.96,120.096,0.8952
mixed,16,3,0.1875,4.0,64,512,512,2048,800,104.927,212.961,208.193,0.9559
mixed,16,3,0.1875,4.0,64,512,1024,4096,1600,171.168,390.979,383.074,0.964
mixed,16,3,0.1875,4.0,64,512,2048,8192,3200,311.68,743.587,734.819,0.9797
mixed,16,3,0.1875,4.0,64,512,4096,16384,6400,589.475,1445.03,1430.695,0.9832
mixed,16,3,0.1875,4.0,64,1024,128,512,200,121.12,124.451,122.913,0.5383
mixed,16,3,0.1875,4.0,64,1024,256,1024,400,121.919,125.312,123.744,0.5379
mixed,16,3,0.1875,4.0,64,1024,512,2048,800,122.081,212.993,207.938,0.9444
mixed,16,3,0.1875,4.0,64,1024,1024,4096,1600,172.064,390.337,382.434,0.9638
mixed,16,3,0.1875,4.0,64,1024,2048,8192,3200,314.755,742.404,733.379,0.9789
mixed,16,3,0.1875,4.0,64,1024,4096,16384,6400,588.227,1442.567,1429.798,0.9851
mixed,16,3,0.1875,4.0,64,2048,128,512,200,207.008,210.336,209.218,0.6641
mixed,16,3,0.1875,4.0,64,2048,256,1024,400,208.193,211.65,209.666,0.4261
mixed,16,3,0.1875,4.0,64,2048,512,2048,800,208.578,214.243,210.752,0.3838
mixed,16,3,0.1875,4.0,64,2048,1024,4096,1600,210.498,390.338,382.147,0.9545
mixed,16,3,0.1875,4.0,64,2048,2048,8192,3200,312.705,743.012,733.924,0.9789
mixed,16,3,0.1875,4.0,64,2048,4096,16384,6400,587.845,1444.52,1429.478,0.9824
mixed,16,3,0.1875,4.0,64,4096,128,512,200,378.786,382.272,380.93,0.615
mixed,16,3,0.1875,4.0,64,4096,256,1024,400,381.056,383.01,381.698,0.3286
mixed,16,3,0.1875,4.0,64,4096,512,2048,800,380.514,384.352,382.021,0.3927
mixed,16,3,0.1875,4.0,64,4096,1024,4096,1600,381.762,390.595,382.754,0.1123
mixed,16,3,0.1875,4.0,64,4096,2048,8192,3200,387.842,743.044,733.863,0.9742
mixed,16,3,0.1875,4.0,64,4096,4096,16384,6400,588.738,1447.368,1429.704,0.9794
mixed,16,3,0.1875,4.0,64,8192,128,512,200,726.342,728.867,727.714,0.5434
mixed,16,3,0.1875,4.0,64,8192,256,1024,400,728.068,729.571,727.973,-0.0632
mixed,16,3,0.1875,4.0,64,8192,512,2048,800,727.363,731.682,729.156,0.4151
mixed,16,3,0.1875,4.0,64,8192,1024,4096,1600,728.613,734.276,730.435,0.3217
mixed,16,3,0.1875,4.0,64,8192,2048,8192,3200,734.116,745.091,734.084,-0.0029
mixed,16,3,0.1875,4.0,64,8192,4096,16384,6400,739.264,1446.152,1430.119,0.9773
mixed,16,3,0.1875,4.0,128,0,128,512,200,50.4,80.897,77.09,0.8752
mixed,16,3,0.1875,4.0,128,0,256,1024,400,70.592,126.561,121.185,0.9039
mixed,16,3,0.1875,4.0,128,0,512,2048,800,105.44,212.736,208.703,0.9624
mixed,16,3,0.1875,4.0,128,0,1024,4096,1600,171.36,390.499,385.184,0.9757
mixed,16,3,0.1875,4.0,128,0,2048,8192,3200,312.512,743.653,736.837,0.9842
mixed,16,3,0.1875,4.0,128,0,4096,16384,6400,589.665,1445.288,1432.359,0.9849
mixed,16,3,0.1875,4.0,128,512,128,512,200,80.161,82.848,80.961,0.2977
mixed,16,3,0.1875,4.0,128,512,256,1024,400,82.368,125.28,121.123,0.9031
mixed,16,3,0.1875,4.0,128,512,512,2048,800,105.857,213.92,209.25,0.9568
mixed,16,3,0.1875,4.0,128,512,1024,4096,1600,173.824,390.531,384.993,0.9744
mixed,16,3,0.1875,4.0,128,512,2048,8192,3200,312.706,745.539,736.868,0.98
mixed,16,3,0.1875,4.0,128,512,4096,16384,6400,589.762,1444.743,1431.559,0.9846
mixed,16,3,0.1875,4.0,128,1024,128,512,200,122.497,125.664,124.065,0.4951
mixed,16,3,0.1875,4.0,128,1024,256,1024,400,125.376,127.265,124.675,-0.3711
mixed,16,3,0.1875,4.0,128,1024,512,2048,800,124.865,213.056,209.024,0.9543
mixed,16,3,0.1875,4.0,128,1024,1024,4096,1600,174.433,390.305,384.258,0.972
mixed,16,3,0.1875,4.0,128,1024,2048,8192,3200,312.352,745.665,737.155,0.9804
mixed,16,3,0.1875,4.0,128,1024,4096,16384,6400,590.051,1446.439,1433.96,0.9854
mixed,16,3,0.1875,4.0,128,2048,128,512,200,208.8,211.777,209.761,0.3228
mixed,16,3,0.1875,4.0,128,2048,256,1024,400,212.0,213.953,211.137,-0.4419
mixed,16,3,0.1875,4.0,128,2048,512,2048,800,210.53,214.784,212.0,0.3456
mixed,16,3,0.1875,4.0,128,2048,1024,4096,1600,212.191,390.881,385.825,0.9717
mixed,16,3,0.1875,4.0,128,2048,2048,8192,3200,314.144,744.036,737.188,0.9841
mixed,16,3,0.1875,4.0,128,2048,4096,16384,6400,591.776,1447.27,1431.88,0.982
mixed,16,3,0.1875,4.0,128,4096,128,512,200,381.571,384.289,382.528,0.3521
mixed,16,3,0.1875,4.0,128,4096,256,1024,400,383.171,385.186,382.82,-0.1742
mixed,16,3,0.1875,4.0,128,4096,512,2048,800,382.946,387.33,383.714,0.1752
mixed,16,3,0.1875,4.0,128,4096,1024,4096,1600,385.058,393.636,386.243,0.1381
mixed,16,3,0.1875,4.0,128,4096,2048,8192,3200,390.083,744.355,738.179,0.9826
mixed,16,3,0.1875,4.0,128,4096,4096,16384,6400,591.683,1448.87,1434.471,0.9832
mixed,16,3,0.1875,4.0,128,8192,128,512,200,729.155,731.43,730.307,0.5064
mixed,16,3,0.1875,4.0,128,8192,256,1024,400,731.843,731.938,730.532,-13.8
mixed,16,3,0.1875,4.0,128,8192,512,2048,800,729.826,733.284,730.882,0.3054
mixed,16,3,0.1875,4.0,128,8192,1024,4096,1600,731.267,736.163,732.196,0.1897
mixed,16,3,0.1875,4.0,128,8192,2048,8192,3200,737.57,751.046,738.946,0.1021
mixed,16,3,0.1875,4.0,128,8192,4096,16384,6400,743.206,1452.359,1434.212,0.9744
mixed,16,3,0.1875,4.0,256,0,128,512,200,59.841,90.498,81.472,0.7056
mixed,16,3,0.1875,4.0,256,0,256,1024,400,80.386,132.418,123.551,0.8296
mixed,16,3,0.1875,4.0,256,0,512,2048,800,112.032,216.897,209.473,0.9292
mixed,16,3,0.1875,4.0,256,0,1024,4096,1600,176.032,390.593,383.744,0.9681
mixed,16,3,0.1875,4.0,256,0,2048,8192,3200,315.969,745.699,734.626,0.9742
mixed,16,3,0.1875,4.0,256,0,4096,16384,6400,591.65,1449.415,1430.599,0.9781
mixed,16,3,0.1875,4.0,256,512,128,512,200,95.456,96.321,95.391,-0.0751
mixed,16,3,0.1875,4.0,256,512,256,1024,400,95.905,132.832,123.744,0.7539
mixed,16,3,0.1875,4.0,256,512,512,2048,800,113.345,218.624,210.209,0.9201
mixed,16,3,0.1875,4.0,256,512,1024,4096,1600,176.897,393.41,384.514,0.9589
mixed,16,3,0.1875,4.0,256,512,2048,8192,3200,315.682,746.435,735.459,0.9745
mixed,16,3,0.1875,4.0,256,512,4096,16384,6400,589.859,1448.645,1432.068,0.9807
mixed,16,3,0.1875,4.0,256,1024,128,512,200,135.904,137.472,136.033,0.0823
mixed,16,3,0.1875,4.0,256,1024,256,1024,400,136.674,138.498,137.889,0.6661
mixed,16,3,0.1875,4.0,256,1024,512,2048,800,138.626,218.433,209.954,0.8938
mixed,16,3,0.1875,4.0,256,1024,1024,4096,1600,176.61,392.864,385.025,0.9638
mixed,16,3,0.1875,4.0,256,1024,2048,8192,3200,315.939,748.867,736.227,0.9708
mixed,16,3,0.1875,4.0,256,1024,4096,16384,6400,592.07,1449.832,1432.004,0.9792
mixed,16,3,0.1875,4.0,256,2048,128,512,200,219.615,220.896,219.393,-0.1733
mixed,16,3,0.1875,4.0,256,2048,256,1024,400,220.289,221.218,221.728,1.549
mixed,16,3,0.1875,4.0,256,2048,512,2048,800,221.922,222.721,220.705,-1.5232
mixed,16,3,0.1875,4.0,256,2048,1024,4096,1600,223.136,395.459,385.058,0.9396
mixed,16,3,0.1875,4.0,256,2048,2048,8192,3200,319.617,750.052,738.757,0.9738
mixed,16,3,0.1875,4.0,256,2048,4096,16384,6400,594.852,1453.991,1435.143,0.9781
mixed,16,3,0.1875,4.0,256,4096,128,512,200,388.417,387.584,385.505,
mixed,16,3,0.1875,4.0,256,4096,256,1024,400,388.353,388.097,387.523,
mixed,16,3,0.1875,4.0,256,4096,512,2048,800,387.585,390.657,390.275,0.8757
mixed,16,3,0.1875,4.0,256,4096,1024,4096,1600,388.929,398.241,388.13,-0.0858
mixed,16,3,0.1875,4.0,256,4096,2048,8192,3200,393.026,752.996,738.979,0.9611
mixed,16,3,0.1875,4.0,256,4096,4096,16384,6400,596.769,1454.567,1437.444,0.98
mixed,16,3,0.1875,4.0,256,8192,128,512,200,731.364,733.059,731.171,-0.1139
mixed,16,3,0.1875,4.0,256,8192,256,1024,400,733.286,734.69,732.61,-0.4815
mixed,16,3,0.1875,4.0,256,8192,512,2048,800,735.49,736.965,732.933,-1.7336
mixed,16,3,0.1875,4.0,256,8192,1024,4096,1600,735.556,743.236,734.852,-0.0917
mixed,16,3,0.1875,4.0,256,8192,2048,8192,3200,741.029,759.235,740.26,-0.0422
mixed,16,3,0.1875,4.0,256,8192,4096,16384,6400,748.835,1460.617,1440.519,0.9718
mixed,16,3,0.1875,4.0,512,0,128,512,200,87.807,125.887,102.56,0.3874
mixed,16,3,0.1875,4.0,512,0,256,1024,400,114.463,167.552,144.896,0.5732
mixed,16,3,0.1875,4.0,512,0,512,2048,800,148.288,252.61,229.088,0.7745
mixed,16,3,0.1875,4.0,512,0,1024,4096,1600,210.754,422.947,394.881,0.8677
mixed,16,3,0.1875,4.0,512,0,2048,8192,3200,346.401,758.882,739.941,0.9541
mixed,16,3,0.1875,4.0,512,0,4096,16384,6400,612.099,1452.198,1436.81,0.9817
mixed,16,3,0.1875,4.0,512,512,128,512,200,131.232,146.88,130.753,-0.0306
mixed,16,3,0.1875,4.0,512,512,256,1024,400,131.49,213.729,146.049,0.177
mixed,16,3,0.1875,4.0,512,512,512,2048,800,187.233,306.274,229.378,0.354
mixed,16,3,0.1875,4.0,512,512,1024,4096,1600,264.449,485.315,396.961,0.6
mixed,16,3,0.1875,4.0,512,512,2048,8192,3200,408.834,855.553,743.04,0.7481
mixed,16,3,0.1875,4.0,512,512,4096,16384,6400,694.468,1569.223,1444.619,0.8576
mixed,16,3,0.1875,4.0,512,1024,128,512,200,172.961,173.569,172.929,-0.0526
mixed,16,3,0.1875,4.0,512,1024,256,1024,400,173.505,234.945,172.993,-0.0083
mixed,16,3,0.1875,4.0,512,1024,512,2048,800,195.171,349.728,230.337,0.2275
mixed,16,3,0.1875,4.0,512,1024,1024,4096,1600,303.075,533.729,398.178,0.4123
mixed,16,3,0.1875,4.0,512,1024,2048,8192,3200,452.707,897.572,743.269,0.6531
mixed,16,3,0.1875,4.0,512,1024,4096,16384,6400,739.331,1618.854,1441.607,0.7985
mixed,16,3,0.1875,4.0,512,2048,128,512,200,256.128,257.121,255.554,-0.578
mixed,16,3,0.1875,4.0,512,2048,256,1024,400,256.513,258.913,255.713,-0.3333
mixed,16,3,0.1875,4.0,512,2048,512,2048,800,259.234,415.105,257.345,-0.0121
mixed,16,3,0.1875,4.0,512,2048,1024,4096,1600,331.105,614.564,397.6,0.2346
mixed,16,3,0.1875,4.0,512,2048,2048,8192,3200,536.739,980.293,742.979,0.465
mixed,16,3,0.1875,4.0,512,2048,4096,16384,6400,818.309,1709.513,1445.348,0.7036
mixed,16,3,0.1875,4.0,512,4096,128,512,200,422.562,422.787,421.828,-3.2622
mixed,16,3,0.1875,4.0,512,4096,256,1024,400,425.252,426.21,422.85,-2.5073
mixed,16,3,0.1875,4.0,512,4096,512,2048,800,424.611,425.922,422.627,-1.5133
mixed,16,3,0.1875,4.0,512,4096,1024,4096,1600,425.952,770.531,426.083,0.0004
mixed,16,3,0.1875,4.0,512,4096,2048,8192,3200,616.802,1147.814,743.523,0.2386
mixed,16,3,0.1875,4.0,512,4096,4096,16384,6400,988.549,1872.102,1443.238,0.5146
mixed,16,3,0.1875,4.0,512,8192,128,512,200,754.372,755.108,756.835,3.3465
mixed,16,3,0.1875,4.0,512,8192,256,1024,400,754.464,756.194,755.076,0.3538
mixed,16,3,0.1875,4.0,512,8192,512,2048,800,755.845,761.731,755.81,-0.0059
mixed,16,3,0.1875,4.0,512,8192,1024,4096,1600,760.709,773.705,758.371,-0.1799
mixed,16,3,0.1875,4.0,512,8192,2048,8192,3200,761.064,1482.086,761.924,0.0012
mixed,16,3,0.1875,4.0,512,8192,4096,16384,6400,1173.861,2214.153,1444.742,0.2604
mixed,16,3,0.1875,4.0,1024,0,128,512,200,163.362,183.456,164.865,0.0748
mixed,16,3,0.1875,4.0,1024,0,256,1024,400,177.953,239.521,182.049,0.0665
mixed,16,3,0.1875,4.0,1024,0,512,2048,800,204.256,363.489,278.626,0.4671
mixed,16,3,0.1875,4.0,1024,0,1024,4096,1600,308.513,548.417,464.803,0.6515
mixed,16,3,0.1875,4.0,1024,0,2048,8192,3200,472.866,924.678,829.604,0.7896
mixed,16,3,0.1875,4.0,1024,0,4096,16384,6400,764.419,1653.509,1519.752,0.8496
mixed,16,3,0.1875,4.0,1024,512,128,512,200,212.226,240.258,217.858,0.2009
mixed,16,3,0.1875,4.0,1024,512,256,1024,400,231.072,268.228,226.209,-0.1309
mixed,16,3,0.1875,4.0,1024,512,512,2048,800,255.872,396.961,296.864,0.2905
mixed,16,3,0.1875,4.0,1024,512,1024,4096,1600,330.913,615.298,494.853,0.5765
mixed,16,3,0.1875,4.0,1024,512,2048,8192,3200,515.076,975.334,872.102,0.7757
mixed,16,3,0.1875,4.0,1024,512,4096,16384,6400,837.795,1719.18,1575.177,0.8366
mixed,16,3,0.1875,4.0,1024,1024,128,512,200,254.625,286.053,260.769,0.1955
mixed,16,3,0.1875,4.0,1024,1024,256,1024,400,275.425,325.953,286.498,0.2191
mixed,16,3,0.1875,4.0,1024,1024,512,2048,800,310.176,413.088,335.235,0.2435
mixed,16,3,0.1875,4.0,1024,1024,1024,4096,1600,354.337,665.603,513.923,0.5127
mixed,16,3,0.1875,4.0,1024,1024,2048,8192,3200,548.899,1019.012,904.996,0.7575
mixed,16,3,0.1875,4.0,1024,1024,4096,16384,6400,868.485,1748.615,1622.92,0.8572
mixed,16,3,0.1875,4.0,1024,2048,128,512,200,338.496,371.011,345.217,0.2067
mixed,16,3,0.1875,4.0,1024,2048,256,1024,400,360.003,415.938,369.761,0.1745
mixed,16,3,0.1875,4.0,1024,2048,512,2048,800,394.497,498.018,415.49,0.2028
mixed,16,3,0.1875,4.0,1024,2048,1024,4096,1600,459.042,712.385,597.89,0.5481
mixed,16,3,0.1875,4.0,1024,2048,2048,8192,3200,607.106,1096.358,959.623,0.7205
mixed,16,3,0.1875,4.0,1024,2048,4096,16384,6400,948.803,1835.207,1740.135,0.8927
mixed,16,3,0.1875,4.0,1024,4096,128,512,200,507.395,537.409,511.267,0.129
mixed,16,3,0.1875,4.0,1024,4096,256,1024,400,526.307,583.074,538.979,0.2232
mixed,16,3,0.1875,4.0,1024,4096,512,2048,800,560.514,674.115,585.475,0.2197
mixed,16,3,0.1875,4.0,1024,4096,1024,4096,1600,630.114,840.519,669.635,0.1878
mixed,16,3,0.1875,4.0,1024,4096,2048,8192,3200,769.061,1263.206,1130.598,0.7316
mixed,16,3,0.1875,4.0,1024,4096,4096,16384,6400,1085.217,1994.316,1840.908,0.8313
mixed,16,3,0.1875,4.0,1024,8192,128,512,200,846.853,875.78,848.803,0.0674
mixed,16,3,0.1875,4.0,1024,8192,256,1024,400,863.747,922.691,878.759,0.2547
mixed,16,3,0.1875,4.0,1024,8192,512,2048,800,899.107,1012.42,918.852,0.1743
mixed,16,3,0.1875,4.0,1024,8192,1024,4096,1600,965.667,1186.853,1010.693,0.2036
mixed,16,3,0.1875,4.0,1024,8192,2048,8192,3200,1115.527,1535.943,1207.59,0.219
mixed,16,3,0.1875,4.0,1024,8192,4096,16384,6400,1382.665,2307.596,2180.773,0.8629
mixed,16,3,0.1875,4.0,2048,0,128,512,200,345.604,361.89,347.778,0.1335
mixed,16,3,0.1875,4.0,2048,0,256,1024,400,360.13,376.992,355.585,-0.2695
mixed,16,3,0.1875,4.0,2048,0,512,2048,800,376.514,497.924,401.313,0.2043
mixed,16,3,0.1875,4.0,2048,0,1024,4096,1600,425.633,822.275,579.234,0.3873
mixed,16,3,0.1875,4.0,2048,0,2048,8192,3200,691.012,1390.405,974.629,0.4055
mixed,16,3,0.1875,4.0,2048,0,4096,16384,6400,1149.063,2493.965,1786.021,0.4736
mixed,16,3,0.1875,4.0,2048,512,128,512,200,429.635,451.264,433.474,0.1775
mixed,16,3,0.1875,4.0,2048,512,256,1024,400,444.832,469.956,444.643,-0.0075
mixed,16,3,0.1875,4.0,2048,512,512,2048,800,460.1,564.387,459.01,-0.0105
mixed,16,3,0.1875,4.0,2048,512,1024,4096,1600,495.906,887.524,638.372,0.3638
mixed,16,3,0.1875,4.0,2048,512,2048,8192,3200,735.268,1519.046,1042.084,0.3915
mixed,16,3,0.1875,4.0,2048,512,4096,16384,6400,1242.279,2783.881,1862.665,0.4024
mixed,16,3,0.1875,4.0,2048,1024,128,512,200,514.882,534.432,516.867,0.1015
mixed,16,3,0.1875,4.0,2048,1024,256,1024,400,530.081,553.315,529.313,-0.0331
mixed,16,3,0.1875,4.0,2048,1024,512,2048,800,544.228,624.864,548.419,0.052
mixed,16,3,0.1875,4.0,2048,1024,1024,4096,1600,590.05,920.101,696.131,0.3214
mixed,16,3,0.1875,4.0,2048,1024,2048,8192,3200,786.598,1590.444,1107.752,0.3995
mixed,16,3,0.1875,4.0,2048,1024,4096,16384,6400,1315.752,2848.205,1908.361,0.3867
mixed,16,3,0.1875,4.0,2048,2048,128,512,200,679.746,704.197,682.498,0.1126
mixed,16,3,0.1875,4.0,2048,2048,256,1024,400,694.755,721.156,696.1,0.0509
mixed,16,3,0.1875,4.0,2048,2048,512,2048,800,713.221,797.826,713.795,0.0068
mixed,16,3,0.1875,4.0,2048,2048,1024,4096,1600,738.084,1033.892,804.291,0.2238
mixed,16,3,0.1875,4.0,2048,2048,2048,8192,3200,906.243,1738.598,1210.407,0.3654
mixed,16,3,0.1875,4.0,2048,2048,4096,16384,6400,1412.355,2990.933,2021.419,0.3858
mixed,16,3,0.1875,4.0,2048,4096,128,512,200,1010.725,1033.638,1014.021,0.1438
mixed,16,3,0.1875,4.0,2048,4096,256,1024,400,1025.321,1048.036,1028.133,0.1238
mixed,16,3,0.1875,4.0,2048,4096,512,2048,800,1045.799,1052.518,1040.548,-0.7815
mixed,16,3,0.1875,4.0,2048,4096,1024,4096,1600,1052.262,1319.398,1048.934,-0.0125
mixed,16,3,0.1875,4.0,2048,4096,2048,8192,3200,1181.895,1822.981,1441.51,0.405
mixed,16,3,0.1875,4.0,2048,4096,4096,16384,6400,1597.703,3265.615,2268.363,0.4021
mixed,16,3,0.1875,4.0,2048,8192,128,512,200,1679.402,1700.585,1682.504,0.1464
mixed,16,3,0.1875,4.0,2048,8192,256,1024,400,1695.849,1713.346,1693.032,-0.161
mixed,16,3,0.1875,4.0,2048,8192,512,2048,800,1710.696,1719.303,1710.213,-0.0561
mixed,16,3,0.1875,4.0,2048,8192,1024,4096,1600,1718.221,1719.653,1715.208,-2.1041
mixed,16,3,0.1875,4.0,2048,8192,2048,8192,3200,1725.001,2363.625,1720.491,-0.0071
mixed,16,3,0.1875,4.0,2048,8192,4096,16384,6400,2088.329,3472.368,2673.164,0.4226
pure,16,4,0.25,4.0,0,0,128,512,224,63.04,76.543,64.705,0.1233
pure,16,4,0.25,4.0,0,0,256,1024,448,72.768,105.951,76.735,0.1195
pure,16,4,0.25,4.0,0,0,512,2048,896,99.648,153.054,98.435,-0.0227
pure,16,4,0.25,4.0,0,0,1024,4096,1792,143.648,239.168,145.472,0.0191
pure,16,4,0.25,4.0,0,0,2048,8192,3584,221.601,406.596,222.944,0.0073
pure,16,4,0.25,4.0,0,0,4096,16384,7168,365.058,737.315,369.697,0.0125
mixed,16,4,0.25,4.0,16,0,128,512,224,48.863,79.745,75.425,0.8601
mixed,16,4,0.25,4.0,16,0,256,1024,448,71.328,123.777,119.169,0.9121
mixed,16,4,0.25,4.0,16,0,512,2048,896,112.803,211.169,206.562,0.9532
mixed,16,4,0.25,4.0,16,0,1024,4096,1792,189.345,389.249,381.154,0.9595
mixed,16,4,0.25,4.0,16,0,2048,8192,3584,344.929,742.755,733.635,0.9771
mixed,16,4,0.25,4.0,16,0,4096,16384,7168,652.835,1443.655,1428.037,0.9803
mixed,16,4,0.25,4.0,16,512,128,512,224,76.352,79.744,75.649,-0.2073
mixed,16,4,0.25,4.0,16,512,256,1024,448,76.736,123.52,119.073,0.9049
mixed,16,4,0.25,4.0,16,512,512,2048,896,112.641,212.545,207.041,0.9449
mixed,16,4,0.25,4.0,16,512,1024,4096,1792,190.05,390.594,380.866,0.9515
mixed,16,4,0.25,4.0,16,512,2048,8192,3584,345.217,742.468,734.275,0.9794
mixed,16,4,0.25,4.0,16,512,4096,16384,7168,653.536,1444.262,1429.865,0.9818
mixed,16,4,0.25,4.0,16,1024,128,512,224,119.521,119.904,118.337,-3.0914
mixed,16,4,0.25,4.0,16,1024,256,1024,448,120.225,123.873,119.968,-0.0704
mixed,16,4,0.25,4.0,16,1024,512,2048,896,119.296,211.906,207.265,0.9499
mixed,16,4,0.25,4.0,16,1024,1024,4096,1792,190.656,388.13,382.146,0.9697
mixed,16,4,0.25,4.0,16,1024,2048,8192,3584,344.288,741.443,734.244,0.9819
mixed,16,4,0.25,4.0,16,1024,4096,16384,7168,655.045,1444.295,1428.007,0.9794
mixed,16,4,0.25,4.0,16,2048,128,512,224,206.082,206.944,205.184,-1.0418
mixed,16,4,0.25,4.0,16,2048,256,1024,448,205.887,206.402,205.858,-0.0563
mixed,16,4,0.25,4.0,16,2048,512,2048,896,206.016,212.386,208.671,0.4168
mixed,16,4,0.25,4.0,16,2048,1024,4096,1792,209.152,387.489,382.66,0.9729
mixed,16,4,0.25,4.0,16,2048,2048,8192,3584,344.419,741.764,735.908,0.9853
mixed,16,4,0.25,4.0,16,2048,4096,16384,7168,653.923,1444.488,1428.455,0.9797
mixed,16,4,0.25,4.0,16,4096,128,512,224,376.833,378.563,376.673,-0.0925
mixed,16,4,0.25,4.0,16,4096,256,1024,448,377.25,378.433,377.76,0.4311
mixed,16,4,0.25,4.0,16,4096,512,2048,896,379.074,379.841,377.345,-2.2542
mixed,16,4,0.25,4.0,16,4096,1024,4096,1792,379.745,390.467,382.178,0.2269
mixed,16,4,0.25,4.0,16,4096,2048,8192,3584,385.218,740.995,733.539,0.979
mixed,16,4,0.25,4.0,16,4096,4096,16384,7168,652.742,1445.574,1428.84,0.9789
mixed,16,4,0.25,4.0,16,8192,128,512,224,724.195,726.595,723.875,-0.1333
mixed,16,4,0.25,4.0,16,8192,256,1024,448,724.385,726.949,725.284,0.3506
mixed,16,4,0.25,4.0,16,8192,512,2048,896,726.657,728.227,726.532,-0.0796
mixed,16,4,0.25,4.0,16,8192,1024,4096,1792,727.396,729.732,726.884,-0.2192
mixed,16,4,0.25,4.0,16,8192,2048,8192,3584,729.67,742.308,733.283,0.2859
mixed,16,4,0.25,4.0,16,8192,4096,16384,7168,737.474,1445.161,1430.022,0.9786
mixed,16,4,0.25,4.0,32,0,128,512,224,48.416,80.255,75.808,0.8603
mixed,16,4,0.25,4.0,32,0,256,1024,448,70.495,124.066,119.488,0.9145
mixed,16,4,0.25,4.0,32,0,512,2048,896,112.801,213.059,207.491,0.9445
mixed,16,4,0.25,4.0,32,0,1024,4096,1792,190.562,389.762,381.697,0.9595
mixed,16,4,0.25,4.0,32,0,2048,8192,3584,346.562,741.954,734.245,0.9805
mixed,16,4,0.25,4.0,32,0,4096,16384,7168,654.626,1447.016,1430.248,0.9788
mixed,16,4,0.25,4.0,32,512,128,512,224,76.929,80.0,77.761,0.2709
mixed,16,4,0.25,4.0,32,512,256,1024,448,78.08,123.809,119.52,0.9062
mixed,16,4,0.25,4.0,32,512,512,2048,896,113.024,212.48,207.423,0.9492
mixed,16,4,0.25,4.0,32,512,1024,4096,1792,190.465,389.856,381.088,0.956
mixed,16,4,0.25,4.0,32,512,2048,8192,3584,345.378,743.043,733.891,0.977
mixed,16,4,0.25,4.0,32,512,4096,16384,7168,654.244,1444.296,1430.086,0.982
mixed,16,4,0.25,4.0,32,1024,128,512,224,119.584,123.04,120.448,0.25
mixed,16,4,0.25,4.0,32,1024,256,1024,448,120.545,124.418,120.959,0.1069
mixed,16,4,0.25,4.0,32,1024,512,2048,896,123.585,214.465,207.487,0.9232
mixed,16,4,0.25,4.0,32,1024,1024,4096,1792,190.048,388.068,382.72,0.973
mixed,16,4,0.25,4.0,32,1024,2048,8192,3584,344.609,743.394,733.762,0.9758
mixed,16,4,0.25,4.0,32,1024,4096,16384,7168,654.53,1444.452,1428.005,0.9792
mixed,16,4,0.25,4.0,32,2048,128,512,224,205.761,209.024,206.498,0.2259
mixed,16,4,0.25,4.0,32,2048,256,1024,448,205.984,209.282,207.264,0.3881
mixed,16,4,0.25,4.0,32,2048,512,2048,896,209.953,212.193,209.281,-0.3
mixed,16,4,0.25,4.0,32,2048,1024,4096,1792,210.849,389.378,383.008,0.9643
mixed,16,4,0.25,4.0,32,2048,2048,8192,3584,344.707,741.987,735.875,0.9846
mixed,16,4,0.25,4.0,32,2048,4096,16384,7168,654.371,1447.91,1429.286,0.9765
mixed,16,4,0.25,4.0,32,4096,128,512,224,377.153,380.418,378.435,0.3926
mixed,16,4,0.25,4.0,32,4096,256,1024,448,378.37,381.475,380.355,0.6393
mixed,16,4,0.25,4.0,32,4096,512,2048,896,381.763,383.651,381.44,-0.1711
mixed,16,4,0.25,4.0,32,4096,1024,4096,1792,382.659,387.682,381.73,-0.1849
mixed,16,4,0.25,4.0,32,4096,2048,8192,3584,384.933,742.34,734.723,0.9787
mixed,16,4,0.25,4.0,32,4096,4096,16384,7168,654.723,1445.097,1430.503,0.9815
mixed,16,4,0.25,4.0,32,8192,128,512,224,724.771,727.781,726.083,0.4359
mixed,16,4,0.25,4.0,32,8192,256,1024,448,725.282,728.609,727.301,0.6069
mixed,16,4,0.25,4.0,32,8192,512,2048,896,727.684,728.899,728.101,0.3432
mixed,16,4,0.25,4.0,32,8192,1024,4096,1792,728.515,731.107,728.355,-0.0617
mixed,16,4,0.25,4.0,32,8192,2048,8192,3584,731.364,742.274,732.899,0.1407
mixed,16,4,0.25,4.0,32,8192,4096,16384,7168,738.499,1446.152,1430.022,0.9772
mixed,16,4,0.25,4.0,64,0,128,512,224,49.281,80.354,75.906,0.8569
mixed,16,4,0.25,4.0,64,0,256,1024,448,72.126,124.322,120.002,0.9172
mixed,16,4,0.25,4.0,64,0,512,2048,896,113.441,212.961,208.065,0.9508
mixed,16,4,0.25,4.0,64,0,1024,4096,1792,190.466,389.506,383.202,0.9683
mixed,16,4,0.25,4.0,64,0,2048,8192,3584,345.857,742.242,734.691,0.981
mixed,16,4,0.25,4.0,64,0,4096,16384,7168,654.597,1446.822,1429.029,0.9775
mixed,16,4,0.25,4.0,64,512,128,512,224,78.432,81.28,80.512,0.7303
mixed,16,4,0.25,4.0,64,512,256,1024,448,78.882,125.025,119.808,0.8869
mixed,16,4,0.25,4.0,64,512,512,2048,896,113.856,213.282,208.16,0.9485
mixed,16,4,0.25,4.0,64,512,1024,4096,1792,191.233,391.36,383.33,0.9599
mixed,16,4,0.25,4.0,64,512,2048,8192,3584,345.664,743.108,735.269,0.9803
mixed,16,4,0.25,4.0,64,512,4096,16384,7168,653.954,1445.959,1430.568,0.9806
mixed,16,4,0.25,4.0,64,1024,128,512,224,121.153,124.257,122.881,0.5567
mixed,16,4,0.25,4.0,64,1024,256,1024,448,122.114,125.536,123.586,0.4302
mixed,16,4,0.25,4.0,64,1024,512,2048,896,124.8,212.577,208.64,0.9551
mixed,16,4,0.25,4.0,64,1024,1024,4096,1792,191.138,390.241,384.002,0.9687
mixed,16,4,0.25,4.0,64,1024,2048,8192,3584,346.624,742.883,733.954,0.9775
mixed,16,4,0.25,4.0,64,1024,4096,16384,7168,654.08,1444.614,1431.047,0.9828
mixed,16,4,0.25,4.0,64,2048,128,512,224,207.265,210.497,209.698,0.7528
mixed,16,4,0.25,4.0,64,2048,256,1024,448,207.841,211.712,209.601,0.4547
mixed,16,4,0.25,4.0,64,2048,512,2048,896,211.266,214.305,210.241,-0.3373
mixed,16,4,0.25,4.0,64,2048,1024,4096,1792,212.769,390.371,382.915,0.958
mixed,16,4,0.25,4.0,64,2048,2048,8192,3584,346.465,742.627,735.202,0.9813
mixed,16,4,0.25,4.0,64,2048,4096,16384,7168,653.574,1446.758,1428.551,0.977
mixed,16,4,0.25,4.0,64,4096,128,512,224,378.947,382.402,381.09,0.6203
mixed,16,4,0.25,4.0,64,4096,256,1024,448,379.65,382.498,381.379,0.6071
mixed,16,4,0.25,4.0,64,4096,512,2048,896,383.04,384.802,381.761,-0.7259
mixed,16,4,0.25,4.0,64,4096,1024,4096,1792,385.443,391.2,383.106,-0.4059
mixed,16,4,0.25,4.0,64,4096,2048,8192,3584,386.883,743.586,734.532,0.9746
mixed,16,4,0.25,4.0,64,4096,4096,16384,7168,655.971,1445.29,1431.238,0.9822
mixed,16,4,0.25,4.0,64,8192,128,512,224,726.245,728.902,728.131,0.7098
mixed,16,4,0.25,4.0,64,8192,256,1024,448,726.471,729.602,728.548,0.6634
mixed,16,4,0.25,4.0,64,8192,512,2048,896,729.314,731.238,729.603,0.1502
mixed,16,4,0.25,4.0,64,8192,1024,4096,1792,730.979,733.604,729.923,-0.4023
mixed,16,4,0.25,4.0,64,8192,2048,8192,3584,733.155,743.428,736.1,0.2867
mixed,16,4,0.25,4.0,64,8192,4096,16384,7168,738.726,1446.246,1431.943,0.9798
mixed,16,4,0.25,4.0,128,0,128,512,224,50.882,80.511,77.664,0.9039
mixed,16,4,0.25,4.0,128,0,256,1024,448,72.544,125.603,121.441,0.9216
mixed,16,4,0.25,4.0,128,0,512,2048,896,113.633,212.737,209.41,0.9664
mixed,16,4,0.25,4.0,128,0,1024,4096,1792,191.264,389.249,385.281,0.98
mixed,16,4,0.25,4.0,128,0,2048,8192,3584,345.314,746.179,736.548,0.976
mixed,16,4,0.25,4.0,128,0,4096,16384,7168,655.14,1447.015,1430.66,0.9793
mixed,16,4,0.25,4.0,128,512,128,512,224,80.672,83.073,80.384,-0.12
mixed,16,4,0.25,4.0,128,512,256,1024,448,82.562,125.441,121.121,0.8993
mixed,16,4,0.25,4.0,128,512,512,2048,896,114.336,213.57,209.442,0.9584
mixed,16,4,0.25,4.0,128,512,1024,4096,1792,192.257,389.73,385.731,0.9797
mixed,16,4,0.25,4.0,128,512,2048,8192,3584,346.176,745.411,737.219,0.9795
mixed,16,4,0.25,4.0,128,512,4096,16384,7168,655.908,1446.63,1433.095,0.9829
mixed,16,4,0.25,4.0,128,1024,128,512,224,122.56,125.602,123.937,0.4527
mixed,16,4,0.25,4.0,128,1024,256,1024,448,123.647,127.328,124.833,0.3222
mixed,16,4,0.25,4.0,128,1024,512,2048,896,127.392,214.242,209.312,0.9432
mixed,16,4,0.25,4.0,128,1024,1024,4096,1792,192.064,389.986,384.672,0.9732
mixed,16,4,0.25,4.0,128,1024,2048,8192,3584,346.145,745.953,737.219,0.9782
mixed,16,4,0.25,4.0,128,1024,4096,16384,7168,655.237,1447.974,1431.879,0.9797
mixed,16,4,0.25,4.0,128,2048,128,512,224,208.545,211.906,210.467,0.5719
mixed,16,4,0.25,4.0,128,2048,256,1024,448,209.955,212.705,210.658,0.2556
mixed,16,4,0.25,4.0,128,2048,512,2048,896,212.0,215.553,211.521,-0.1348
mixed,16,4,0.25,4.0,128,2048,1024,4096,1792,215.171,391.042,384.962,0.9654
mixed,16,4,0.25,4.0,128,2048,2048,8192,3584,347.234,744.454,738.017,0.9838
mixed,16,4,0.25,4.0,128,2048,4096,16384,7168,655.554,1444.358,1432.838,0.9854
mixed,16,4,0.25,4.0,128,4096,128,512,224,380.769,384.389,381.985,0.3359
mixed,16,4,0.25,4.0,128,4096,256,1024,448,382.048,384.802,383.075,0.3729
mixed,16,4,0.25,4.0,128,4096,512,2048,896,384.642,386.337,383.489,-0.6802
mixed,16,4,0.25,4.0,128,4096,1024,4096,1792,387.009,392.961,385.761,-0.2097
mixed,16,4,0.25,4.0,128,4096,2048,8192,3584,390.595,743.62,738.34,0.985
mixed,16,4,0.25,4.0,128,4096,4096,16384,7168,655.81,1446.659,1435.334,0.9857
mixed,16,4,0.25,4.0,128,8192,128,512,224,728.199,730.756,729.795,0.6242
mixed,16,4,0.25,4.0,128,8192,256,1024,448,729.316,733.538,730.691,0.3257
mixed,16,4,0.25,4.0,128,8192,512,2048,896,731.97,734.339,731.206,-0.3225
mixed,16,4,0.25,4.0,128,8192,1024,4096,1792,734.85,740.324,732.996,-0.3387
mixed,16,4,0.25,4.0,128,8192,2048,8192,3584,737.092,748.036,738.532,0.1316
mixed,16,4,0.25,4.0,128,8192,4096,16384,7168,745.094,1448.294,1435.111,0.9813
mixed,16,4,0.25,4.0,256,0,128,512,224,59.905,90.335,82.016,0.7266
mixed,16,4,0.25,4.0,256,0,256,1024,448,80.8,132.673,123.712,0.8273
mixed,16,4,0.25,4.0,256,0,512,2048,896,122.369,216.993,210.05,0.9266
mixed,16,4,0.25,4.0,256,0,1024,4096,1792,195.329,391.618,384.319,0.9628
mixed,16,4,0.25,4.0,256,0,2048,8192,3584,348.097,744.581,735.012,0.9759
mixed,16,4,0.25,4.0,256,0,4096,16384,7168,656.835,1447.974,1432.135,0.98
mixed,16,4,0.25,4.0,256,512,128,512,224,95.552,96.961,95.007,-0.3868
mixed,16,4,0.25,4.0,256,512,256,1024,448,95.457,133.697,124.577,0.7615
mixed,16,4,0.25,4.0,256,512,512,2048,896,123.267,217.537,210.946,0.9301
mixed,16,4,0.25,4.0,256,512,1024,4096,1792,196.192,392.577,385.89,0.9659
mixed,16,4,0.25,4.0,256,512,2048,8192,3584,348.898,746.436,736.228,0.9743
mixed,16,4,0.25,4.0,256,512,4096,16384,7168,656.708,1448.581,1432.453,0.9796
mixed,16,4,0.25,4.0,256,1024,128,512,224,136.352,137.825,136.224,-0.0869
mixed,16,4,0.25,4.0,256,1024,256,1024,448,137.472,138.787,136.993,-0.3643
mixed,16,4,0.25,4.0,256,1024,512,2048,896,139.041,217.599,210.944,0.9153
mixed,16,4,0.25,4.0,256,1024,1024,4096,1792,196.417,392.163,386.431,0.9707
mixed,16,4,0.25,4.0,256,1024,2048,8192,3584,348.868,745.316,737.731,0.9809
mixed,16,4,0.25,4.0,256,1024,4096,16384,7168,658.244,1452.099,1433.001,0.9759
mixed,16,4,0.25,4.0,256,2048,128,512,224,219.904,221.664,221.249,0.7642
mixed,16,4,0.25,4.0,256,2048,256,1024,448,219.776,220.834,219.713,-0.0595
mixed,16,4,0.25,4.0,256,2048,512,2048,896,221.601,224.385,221.985,0.1379
mixed,16,4,0.25,4.0,256,2048,1024,4096,1792,222.849,397.538,386.018,0.9341
mixed,16,4,0.25,4.0,256,2048,2048,8192,3584,352.93,747.459,738.916,0.9783
mixed,16,4,0.25,4.0,256,2048,4096,16384,7168,662.819,1450.696,1434.151,0.979
mixed,16,4,0.25,4.0,256,4096,128,512,224,387.395,388.514,386.082,-1.1734
mixed,16,4,0.25,4.0,256,4096,256,1024,448,386.467,390.368,386.403,-0.0164
mixed,16,4,0.25,4.0,256,4096,512,2048,896,389.058,390.081,387.713,-1.3148
mixed,16,4,0.25,4.0,256,4096,1024,4096,1792,391.62,398.34,392.161,0.0805
mixed,16,4,0.25,4.0,256,4096,2048,8192,3584,394.945,750.082,738.083,0.9662
mixed,16,4,0.25,4.0,256,4096,4096,16384,7168,662.275,1454.693,1437.318,0.9781
mixed,16,4,0.25,4.0,256,8192,128,512,224,731.459,732.068,732.164,1.1576
mixed,16,4,0.25,4.0,256,8192,256,1024,448,733.219,734.594,732.227,-0.7215
mixed,16,4,0.25,4.0,256,8192,512,2048,896,734.915,737.284,732.103,-1.187
mixed,16,4,0.25,4.0,256,8192,1024,4096,1792,736.481,743.075,735.17,-0.1988
mixed,16,4,0.25,4.0,256,8192,2048,8192,3584,741.347,757.123,740.161,-0.0752
mixed,16,4,0.25,4.0,256,8192,4096,16384,7168,752.291,1461.926,1438.63,0.9672
mixed,16,4,0.25,4.0,512,0,128,512,224,88.608,125.217,103.585,0.4091
mixed,16,4,0.25,4.0,512,0,256,1024,448,114.944,167.616,146.848,0.6057
mixed,16,4,0.25,4.0,512,0,512,2048,896,157.216,252.065,231.33,0.7814
mixed,16,4,0.25,4.0,512,0,1024,4096,1792,230.911,421.315,399.683,0.8864
mixed,16,4,0.25,4.0,512,0,2048,8192,3584,381.187,755.843,739.972,0.9576
mixed,16,4,0.25,4.0,512,0,4096,16384,7168,674.371,1449.225,1436.902,0.9841
mixed,16,4,0.25,4.0,512,512,128,512,224,130.721,146.56,130.624,-0.0061
mixed,16,4,0.25,4.0,512,512,256,1024,448,132.289,213.28,156.417,0.2979
mixed,16,4,0.25,4.0,512,512,512,2048,896,199.84,304.161,241.474,0.3991
mixed,16,4,0.25,4.0,512,512,1024,4096,1792,283.651,485.955,409.826,0.6237
mixed,16,4,0.25,4.0,512,512,2048,8192,3584,445.443,854.179,742.501,0.7268
mixed,16,4,0.25,4.0,512,512,4096,16384,7168,761.763,1571.655,1445.381,0.8441
mixed,16,4,0.25,4.0,512,1024,128,512,224,173.123,174.08,172.962,-0.1682
mixed,16,4,0.25,4.0,512,1024,256,1024,448,174.209,235.328,173.663,-0.0089
mixed,16,4,0.25,4.0,512,1024,512,2048,896,213.923,349.828,239.712,0.1898
mixed,16,4,0.25,4.0,512,1024,1024,4096,1792,326.082,529.829,406.723,0.3958
mixed,16,4,0.25,4.0,512,1024,2048,8192,3584,486.978,897.347,743.075,0.6241
mixed,16,4,0.25,4.0,512,1024,4096,16384,7168,807.588,1624.137,1443.561,0.7789
mixed,16,4,0.25,4.0,512,2048,128,512,224,255.617,258.05,256.257,0.263
mixed,16,4,0.25,4.0,512,2048,256,1024,448,255.523,259.044,256.576,0.2991
mixed,16,4,0.25,4.0,512,2048,512,2048,896,258.017,414.977,259.138,0.0071
mixed,16,4,0.25,4.0,512,2048,1024,4096,1792,372.067,615.652,407.941,0.1473
mixed,16,4,0.25,4.0,512,2048,2048,8192,3584,569.827,982.756,743.172,0.4198
mixed,16,4,0.25,4.0,512,2048,4096,16384,7168,887.525,1707.273,1443.431,0.6781
mixed,16,4,0.25,4.0,512,4096,128,512,224,422.304,422.723,422.625,0.7661
mixed,16,4,0.25,4.0,512,4096,256,1024,448,421.442,424.002,421.985,0.2121
mixed,16,4,0.25,4.0,512,4096,512,2048,896,424.386,428.931,424.162,-0.0493
mixed,16,4,0.25,4.0,512,4096,1024,4096,1792,428.321,771.652,426.946,-0.004
mixed,16,4,0.25,4.0,512,4096,2048,8192,3584,681.763,1145.891,744.389,0.1349
mixed,16,4,0.25,4.0,512,4096,4096,16384,7168,1058.563,1871.114,1443.463,0.4737
mixed,16,4,0.25,4.0,512,8192,128,512,224,757.442,757.539,752.484,-51.1134
mixed,16,4,0.25,4.0,512,8192,256,1024,448,756.387,755.396,755.621,
mixed,16,4,0.25,4.0,512,8192,512,2048,896,755.235,759.588,757.282,0.4703
mixed,16,4,0.25,4.0,512,8192,1024,4096,1792,763.555,775.462,759.874,-0.3091
mixed,16,4,0.25,4.0,512,8192,2048,8192,3584,765.892,1483.782,769.156,0.0045
mixed,16,4,0.25,4.0,512,8192,4096,16384,7168,1305.894,2216.394,1449.636,0.1579
mixed,16,4,0.25,4.0,1024,0,128,512,224,163.584,183.168,166.177,0.1324
mixed,16,4,0.25,4.0,1024,0,256,1024,448,178.017,238.594,184.738,0.1109
mixed,16,4,0.25,4.0,1024,0,512,2048,896,219.616,360.866,280.641,0.432
mixed,16,4,0.25,4.0,1024,0,1024,4096,1792,335.523,549.379,465.987,0.6101
mixed,16,4,0.25,4.0,1024,0,2048,8192,3584,495.2,927.365,832.421,0.7803
mixed,16,4,0.25,4.0,1024,0,4096,16384,7168,824.933,1645.414,1522.919,0.8507
mixed,16,4,0.25,4.0,1024,512,128,512,224,213.313,239.137,223.073,0.3779
mixed,16,4,0.25,4.0,1024,512,256,1024,448,233.184,268.321,228.067,-0.1456
mixed,16,4,0.25,4.0,1024,512,512,2048,896,262.976,394.625,302.371,0.2992
mixed,16,4,0.25,4.0,1024,512,1024,4096,1792,369.057,598.435,496.258,0.5545
mixed,16,4,0.25,4.0,1024,512,2048,8192,3584,564.834,970.246,873.922,0.7624
mixed,16,4,0.25,4.0,1024,512,4096,16384,7168,884.068,1714.697,1594.984,0.8559
mixed,16,4,0.25,4.0,1024,1024,128,512,224,254.528,285.089,267.553,0.4262
mixed,16,4,0.25,4.0,1024,1024,256,1024,448,276.706,326.401,292.61,0.32
mixed,16,4,0.25,4.0,1024,1024,512,2048,896,317.569,413.25,344.512,0.2816
mixed,16,4,0.25,4.0,1024,1024,1024,4096,1792,374.882,656.933,521.154,0.5186
mixed,16,4,0.25,4.0,1024,1024,2048,8192,3584,596.835,1017.925,922.851,0.7742
mixed,16,4,0.25,4.0,1024,1024,4096,16384,7168,920.837,1761.769,1659.689,0.8786
mixed,16,4,0.25,4.0,1024,2048,128,512,224,339.649,371.106,352.673,0.414
mixed,16,4,0.25,4.0,1024,2048,256,1024,448,359.266,414.496,378.594,0.35
mixed,16,4,0.25,4.0,1024,2048,512,2048,896,405.473,497.155,421.153,0.171
mixed,16,4,0.25,4.0,1024,2048,1024,4096,1792,480.131,713.636,607.139,0.5439
mixed,16,4,0.25,4.0,1024,2048,2048,8192,3584,651.139,1097.126,966.822,0.7078
mixed,16,4,0.25,4.0,1024,2048,4096,16384,7168,996.517,1850.47,1743.431,0.8747
mixed,16,4,0.25,4.0,1024,4096,128,512,224,508.835,538.755,519.939,0.3711
mixed,16,4,0.25,4.0,1024,4096,256,1024,448,527.297,585.218,544.099,0.2901
mixed,16,4,0.25,4.0,1024,4096,512,2048,896,574.531,670.916,590.019,0.1607
mixed,16,4,0.25,4.0,1024,4096,1024,4096,1792,653.314,841.636,681.828,0.1514
mixed,16,4,0.25,4.0,1024,4096,2048,8192,3584,802.854,1253.19,1137.862,0.7439
mixed,16,4,0.25,4.0,1024,4096,4096,16384,7168,1154.98,1998.568,1847.307,0.8207
mixed,16,4,0.25,4.0,1024,8192,128,512,224,845.765,875.391,856.038,0.3468
mixed,16,4,0.25,4.0,1024,8192,256,1024,448,868.547,923.845,879.78,0.2031
mixed,16,4,0.25,4.0,1024,8192,512,2048,896,913.573,1014.661,927.363,0.1364
mixed,16,4,0.25,4.0,1024,8192,1024,4096,1792,990.597,1189.798,1017.545,0.1353
mixed,16,4,0.25,4.0,1024,8192,2048,8192,3584,1144.516,1520.68,1203.654,0.1572
mixed,16,4,0.25,4.0,1024,8192,4096,16384,7168,1449.256,2306.602,2183.884,0.8569
mixed,16,4,0.25,4.0,2048,0,128,512,224,344.131,362.402,349.217,0.2784
mixed,16,4,0.25,4.0,2048,0,256,1024,448,357.698,382.049,360.994,0.1354
mixed,16,4,0.25,4.0,2048,0,512,2048,896,376.418,499.043,408.417,0.261
mixed,16,4,0.25,4.0,2048,0,1024,4096,1792,464.898,824.835,591.299,0.3512
mixed,16,4,0.25,4.0,2048,0,2048,8192,3584,747.073,1377.188,980.1,0.3698
mixed,16,4,0.25,4.0,2048,0,4096,16384,7168,1253.349,2493.867,1800.197,0.4408
mixed,16,4,0.25,4.0,2048,512,128,512,224,429.185,449.922,435.905,0.3241
mixed,16,4,0.25,4.0,2048,512,256,1024,448,444.611,471.009,450.307,0.2158
mixed,16,4,0.25,4.0,2048,512,512,2048,896,460.803,564.003,457.6,-0.031
mixed,16,4,0.25,4.0,2048,512,1024,4096,1792,526.115,890.244,652.74,0.3477
mixed,16,4,0.25,4.0,2048,512,2048,8192,3584,803.01,1527.494,1062.725,0.3585
mixed,16,4,0.25,4.0,2048,512,4096,16384,7168,1372.262,2782.477,1892.968,0.3692
mixed,16,4,0.25,4.0,2048,1024,128,512,224,515.04,532.516,519.01,0.2272
mixed,16,4,0.25,4.0,2048,1024,256,1024,448,530.147,549.538,529.762,-0.0199
mixed,16,4,0.25,4.0,2048,1024,512,2048,896,551.491,625.731,558.693,0.097
mixed,16,4,0.25,4.0,2048,1024,1024,4096,1792,602.339,921.761,716.165,0.3563
mixed,16,4,0.25,4.0,2048,1024,2048,8192,3584,842.245,1584.167,1128.675,0.3861
mixed,16,4,0.25,4.0,2048,1024,4096,16384,7168,1420.967,2838.378,1952.58,0.3751
mixed,16,4,0.25,4.0,2048,2048,128,512,224,680.579,703.811,684.322,0.1611
mixed,16,4,0.25,4.0,2048,2048,256,1024,448,695.265,718.051,698.148,0.1265
mixed,16,4,0.25,4.0,2048,2048,512,2048,896,714.819,798.69,710.212,-0.0549
mixed,16,4,0.25,4.0,2048,2048,1024,4096,1792,763.299,1033.541,815.844,0.1944
mixed,16,4,0.25,4.0,2048,2048,2048,8192,3584,960.933,1736.553,1240.997,0.3611
mixed,16,4,0.25,4.0,2048,2048,4096,16384,7168,1561.447,2988.014,2061.835,0.3508
mixed,16,4,0.25,4.0,2048,4096,128,512,224,1013.571,1035.685,1017.667,0.1852
mixed,16,4,0.25,4.0,2048,4096,256,1024,448,1024.742,1049.798,1031.685,0.2771
mixed,16,4,0.25,4.0,2048,4096,512,2048,896,1047.943,1051.205,1042.437,-1.6879
mixed,16,4,0.25,4.0,2048,4096,1024,4096,1792,1050.244,1322.182,1051.781,0.0057
mixed,16,4,0.25,4.0,2048,4096,2048,8192,3584,1251.11,1825.577,1468.775,0.3789
mixed,16,4,0.25,4.0,2048,4096,4096,16384,7168,1699.914,3255.664,2297.419,0.3841
mixed,16,4,0.25,4.0,2048,8192,128,512,224,1676.673,1702.505,1682.792,0.2369
mixed,16,4,0.25,4.0,2048,8192,256,1024,448,1696.617,1713.673,1696.039,-0.0339
mixed,16,4,0.25,4.0,2048,8192,512,2048,896,1711.335,1719.011,1709.767,-0.2043
mixed,16,4,0.25,4.0,2048,8192,1024,4096,1792,1719.4,1721.256,1720.139,0.3982
mixed,16,4,0.25,4.0,2048,8192,2048,8192,3584,1718.536,2364.487,1728.872,0.016
mixed,16,4,0.25,4.0,2048,8192,4096,16384,7168,2218.955,3452.014,2699.149,0.3894
pure,16,8,0.5,4.0,0,0,128,512,320,67.393,76.834,68.704,0.1389
pure,16,8,0.5,4.0,0,0,256,1024,640,85.729,107.232,89.504,0.1756
pure,16,8,0.5,4.0,0,0,512,2048,1280,117.377,152.545,124.16,0.1929
pure,16,8,0.5,4.0,0,0,1024,4096,2560,189.473,239.266,176.739,-0.2557
pure,16,8,0.5,4.0,0,0,2048,8192,5120,282.783,404.386,278.528,-0.035
pure,16,8,0.5,4.0,0,0,4096,16384,10240,487.171,734.915,499.107,0.0482
mixed,16,8,0.5,4.0,16,0,128,512,320,58.848,79.871,75.776,0.8052
mixed,16,8,0.5,4.0,16,0,256,1024,640,90.816,123.617,120.672,0.9102
mixed,16,8,0.5,4.0,16,0,512,2048,1280,144.959,212.064,207.935,0.9385
mixed,16,8,0.5,4.0,16,0,1024,4096,2560,256.514,389.185,383.139,0.9544
mixed,16,8,0.5,4.0,16,0,2048,8192,5120,476.225,741.604,735.683,0.9777
mixed,16,8,0.5,4.0,16,0,4096,16384,10240,918.788,1443.751,1432.164,0.9779
mixed,16,8,0.5,4.0,16,512,128,512,320,76.736,80.064,75.936,-0.2404
mixed,16,8,0.5,4.0,16,512,256,1024,640,91.01,124.129,120.481,0.8899
mixed,16,8,0.5,4.0,16,512,512,2048,1280,146.658,211.585,208.192,0.9477
mixed,16,8,0.5,4.0,16,512,1024,4096,2560,257.986,389.411,382.946,0.9508
mixed,16,8,0.5,4.0,16,512,2048,8192,5120,475.33,741.955,735.331,0.9752
mixed,16,8,0.5,4.0,16,512,4096,16384,10240,917.765,1444.836,1434.405,0.9802
mixed,16,8,0.5,4.0,16,1024,128,512,320,119.2,119.52,119.138,-0.1937
mixed,16,8,0.5,4.0,16,1024,256,1024,640,120.257,123.584,120.961,0.2116
mixed,16,8,0.5,4.0,16,1024,512,2048,1280,145.601,213.537,208.898,0.9317
mixed,16,8,0.5,4.0,16,1024,1024,4096,2560,256.352,387.874,384.034,0.9708
mixed,16,8,0.5,4.0,16,1024,2048,8192,5120,475.524,743.91,735.587,0.969
mixed,16,8,0.5,4.0,16,1024,4096,16384,10240,917.859,1447.367,1432.04,0.9711
mixed,16,8,0.5,4.0,16,2048,128,512,320,205.12,207.49,205.121,0.0004
mixed,16,8,0.5,4.0,16,2048,256,1024,640,206.211,206.401,206.239,0.1474
mixed,16,8,0.5,4.0,16,2048,512,2048,1280,208.993,212.289,208.384,-0.1848
mixed,16,8,0.5,4.0,16,2048,1024,4096,2560,256.771,389.762,383.778,0.955
mixed,16,8,0.5,4.0,16,2048,2048,8192,5120,478.306,743.3,735.202,0.9694
mixed,16,8,0.5,4.0,16,2048,4096,16384,10240,918.116,1443.974,1432.678,0.9785
mixed,16,8,0.5,4.0,16,4096,128,512,320,377.409,377.89,376.354,-2.1933
mixed,16,8,0.5,4.0,16,4096,256,1024,640,378.626,377.921,377.73,
mixed,16,8,0.5,4.0,16,4096,512,2048,1280,381.281,380.161,376.898,
mixed,16,8,0.5,4.0,16,4096,1024,4096,2560,383.072,390.947,382.145,-0.1177
mixed,16,8,0.5,4.0,16,4096,2048,8192,5120,477.38,742.532,734.979,0.9715
mixed,16,8,0.5,4.0,16,4096,4096,16384,10240,919.267,1444.774,1433.478,0.9785
mixed,16,8,0.5,4.0,16,8192,128,512,320,723.429,727.364,725.41,0.5034
mixed,16,8,0.5,4.0,16,8192,256,1024,640,725.923,726.854,725.922,-0.0011
mixed,16,8,0.5,4.0,16,8192,512,2048,1280,727.332,728.642,726.85,-0.3679
mixed,16,8,0.5,4.0,16,8192,1024,4096,2560,728.642,730.758,727.683,-0.4532
mixed,16,8,0.5,4.0,16,8192,2048,8192,5120,732.739,740.899,736.867,0.5059
mixed,16,8,0.5,4.0,16,8192,4096,16384,10240,916.869,1447.333,1434.505,0.9758
mixed,16,8,0.5,4.0,32,0,128,512,320,60.384,80.161,76.096,0.7945
mixed,16,8,0.5,4.0,32,0,256,1024,640,91.327,124.161,120.0,0.8733
mixed,16,8,0.5,4.0,32,0,512,2048,1280,145.439,212.226,208.577,0.9454
mixed,16,8,0.5,4.0,32,0,1024,4096,2560,255.49,388.897,383.106,0.9566
mixed,16,8,0.5,4.0,32,0,2048,8192,5120,475.907,741.123,735.01,0.977
mixed,16,8,0.5,4.0,32,0,4096,16384,10240,917.665,1443.015,1433.572,0.982
mixed,16,8,0.5,4.0,32,512,128,512,320,77.408,79.583,78.143,0.3379
mixed,16,8,0.5,4.0,32,512,256,1024,640,91.328,123.488,120.383,0.9035
mixed,16,8,0.5,4.0,32,512,512,2048,1280,146.528,213.153,209.057,0.9385
mixed,16,8,0.5,4.0,32,512,1024,4096,2560,256.385,387.812,382.754,0.9615
mixed,16,8,0.5,4.0,32,512,2048,8192,5120,476.323,742.211,735.908,0.9763
mixed,16,8,0.5,4.0,32,512,4096,16384,10240,918.852,1443.559,1434.119,0.982
mixed,16,8,0.5,4.0,32,1024,128,512,320,119.904,123.104,121.569,0.5203
mixed,16,8,0.5,4.0,32,1024,256,1024,640,122.689,124.065,122.176,-0.3728
mixed,16,8,0.5,4.0,32,1024,512,2048,1280,146.304,212.932,208.544,0.9341
mixed,16,8,0.5,4.0,32,1024,1024,4096,2560,257.091,388.931,382.914,0.9544
mixed,16,8,0.5,4.0,32,1024,2048,8192,5120,477.091,743.875,735.488,0.9686
mixed,16,8,0.5,4.0,32,1024,4096,16384,10240,917.698,1443.752,1434.758,0.9829
mixed,16,8,0.5,4.0,32,2048,128,512,320,205.665,208.578,207.041,0.4724
mixed,16,8,0.5,4.0,32,2048,256,1024,640,209.603,209.505,207.936,
mixed,16,8,0.5,4.0,32,2048,512,2048,1280,209.379,213.25,208.929,-0.1162
mixed,16,8,0.5,4.0,32,2048,1024,4096,2560,256.963,389.027,382.945,0.9539
mixed,16,8,0.5,4.0,32,2048,2048,8192,5120,476.453,742.211,736.582,0.9788
mixed,16,8,0.5,4.0,32,2048,4096,16384,10240,920.07,1447.014,1434.663,0.9766
mixed,16,8,0.5,4.0,32,4096,128,512,320,378.404,380.576,378.849,0.2049
mixed,16,8,0.5,4.0,32,4096,256,1024,640,380.896,381.665,380.13,-0.9961
mixed,16,8,0.5,4.0,32,4096,512,2048,1280,381.442,383.489,380.962,-0.2345
mixed,16,8,0.5,4.0,32,4096,1024,4096,2560,383.489,388.897,383.937,0.0828
mixed,16,8,0.5,4.0,32,4096,2048,8192,5120,476.033,741.636,735.204,0.9758
mixed,16,8,0.5,4.0,32,4096,4096,16384,10240,917.794,1441.766,1434.245,0.9856
mixed,16,8,0.5,4.0,32,8192,128,512,320,725.06,727.876,726.019,0.3406
mixed,16,8,0.5,4.0,32,8192,256,1024,640,727.783,728.708,726.884,-0.9719
mixed,16,8,0.5,4.0,32,8192,512,2048,1280,728.419,728.355,728.002,
mixed,16,8,0.5,4.0,32,8192,1024,4096,2560,729.827,731.238,729.538,-0.2048
mixed,16,8,0.5,4.0,32,8192,2048,8192,5120,735.909,741.988,736.068,0.0262
mixed,16,8,0.5,4.0,32,8192,4096,16384,10240,916.836,1445.542,1433.576,0.9774
mixed,16,8,0.5,4.0,64,0,128,512,320,60.224,80.481,76.544,0.8056
mixed,16,8,0.5,4.0,64,0,256,1024,640,91.296,124.384,121.057,0.8994
mixed,16,8,0.5,4.0,64,0,512,2048,1280,146.72,213.152,208.96,0.9369
mixed,16,8,0.5,4.0,64,0,1024,4096,2560,257.186,389.667,384.995,0.9647
mixed,16,8,0.5,4.0,64,0,2048,8192,5120,478.371,743.203,736.579,0.975
mixed,16,8,0.5,4.0,64,0,4096,16384,10240,917.283,1445.734,1434.022,0.9778
mixed,16,8,0.5,4.0,64,512,128,512,320,78.593,81.632,80.511,0.6311
mixed,16,8,0.5,4.0,64,512,256,1024,640,91.713,124.705,121.056,0.8894
mixed,16,8,0.5,4.0,64,512,512,2048,1280,147.457,213.344,208.929,0.933
mixed,16,8,0.5,4.0,64,512,1024,4096,2560,257.216,390.659,384.897,0.9568
mixed,16,8,0.5,4.0,64,512,2048,8192,5120,477.603,742.788,736.068,0.9747
mixed,16,8,0.5,4.0,64,512,4096,16384,10240,917.604,1446.246,1434.311,0.9774
mixed,16,8,0.5,4.0,64,1024,128,512,320,121.441,124.577,123.584,0.6834
mixed,16,8,0.5,4.0,64,1024,256,1024,640,124.096,125.601,123.84,-0.1701
mixed,16,8,0.5,4.0,64,1024,512,2048,1280,146.721,213.856,209.28,0.9318
mixed,16,8,0.5,4.0,64,1024,1024,4096,2560,257.634,390.401,383.875,0.9508
mixed,16,8,0.5,4.0,64,1024,2048,8192,5120,476.289,743.395,736.899,0.9757
mixed,16,8,0.5,4.0,64,1024,4096,16384,10240,918.084,1446.214,1434.952,0.9787
mixed,16,8,0.5,4.0,64,2048,128,512,320,207.458,210.722,209.122,0.5098
mixed,16,8,0.5,4.0,64,2048,256,1024,640,210.88,211.265,209.73,-2.987
mixed,16,8,0.5,4.0,64,2048,512,2048,1280,212.609,213.857,210.435,-1.742
mixed,16,8,0.5,4.0,64,2048,1024,4096,2560,257.379,389.442,384.514,0.9627
mixed,16,8,0.5,4.0,64,2048,2048,8192,5120,477.154,743.203,736.932,0.9764
mixed,16,8,0.5,4.0,64,2048,4096,16384,10240,919.652,1443.656,1435.079,0.9836
mixed,16,8,0.5,4.0,64,4096,128,512,320,379.266,381.986,381.476,0.8125
mixed,16,8,0.5,4.0,64,4096,256,1024,640,382.178,382.913,381.953,-0.3061
mixed,16,8,0.5,4.0,64,4096,512,2048,1280,382.914,383.489,382.688,-0.393
mixed,16,8,0.5,4.0,64,4096,1024,4096,2560,384.867,390.531,385.826,0.1693
mixed,16,8,0.5,4.0,64,4096,2048,8192,5120,479.075,743.588,737.412,0.9767
mixed,16,8,0.5,4.0,64,4096,4096,16384,10240,918.435,1446.056,1434.758,0.9786
mixed,16,8,0.5,4.0,64,8192,128,512,320,726.308,728.866,728.195,0.7377
mixed,16,8,0.5,4.0,64,8192,256,1024,640,730.179,729.668,728.674,
mixed,16,8,0.5,4.0,64,8192,512,2048,1280,730.854,731.812,728.805,-2.1388
mixed,16,8,0.5,4.0,64,8192,1024,4096,2560,733.188,732.611,732.067,
mixed,16,8,0.5,4.0,64,8192,2048,8192,5120,734.563,744.964,737.41,0.2737
mixed,16,8,0.5,4.0,64,8192,4096,16384,10240,919.685,1444.87,1435.334,0.9818
mixed,16,8,0.5,4.0,128,0,128,512,320,61.025,80.831,78.721,0.8935
mixed,16,8,0.5,4.0,128,0,256,1024,640,91.904,125.441,121.057,0.8693
mixed,16,8,0.5,4.0,128,0,512,2048,1280,147.519,213.152,210.336,0.9571
mixed,16,8,0.5,4.0,128,0,1024,4096,2560,258.689,391.554,384.928,0.9501
mixed,16,8,0.5,4.0,128,0,2048,8192,5120,478.081,748.13,738.211,0.9633
mixed,16,8,0.5,4.0,128,0,4096,16384,10240,918.373,1446.152,1434.604,0.9781
mixed,16,8,0.5,4.0,128,512,128,512,320,80.608,82.496,80.641,0.0175
mixed,16,8,0.5,4.0,128,512,256,1024,640,92.319,124.896,122.688,0.9322
mixed,16,8,0.5,4.0,128,512,512,2048,1280,147.392,213.857,210.625,0.9514
mixed,16,8,0.5,4.0,128,512,1024,4096,2560,258.111,390.977,386.435,0.9658
mixed,16,8,0.5,4.0,128,512,2048,8192,5120,478.595,744.963,738.307,0.975
mixed,16,8,0.5,4.0,128,512,4096,16384,10240,921.861,1446.438,1435.655,0.9794
mixed,16,8,0.5,4.0,128,1024,128,512,320,123.072,125.442,125.024,0.8236
mixed,16,8,0.5,4.0,128,1024,256,1024,640,126.048,127.362,125.473,-0.4376
mixed,16,8,0.5,4.0,128,1024,512,2048,1280,147.616,214.304,210.432,0.9419
mixed,16,8,0.5,4.0,128,1024,1024,4096,2560,258.593,389.217,385.729,0.9733
mixed,16,8,0.5,4.0,128,1024,2048,8192,5120,478.371,742.822,738.883,0.9851
mixed,16,8,0.5,4.0,128,1024,4096,16384,10240,920.132,1445.51,1434.214,0.9785
mixed,16,8,0.5,4.0,128,2048,128,512,320,209.216,211.746,210.4,0.468
mixed,16,8,0.5,4.0,128,2048,256,1024,640,212.353,212.607,210.879,-5.8031
mixed,16,8,0.5,4.0,128,2048,512,2048,1280,213.985,216.0,211.968,-1.001
mixed,16,8,0.5,4.0,128,2048,1024,4096,2560,257.792,391.075,386.975,0.9692
mixed,16,8,0.5,4.0,128,2048,2048,8192,5120,479.648,744.004,738.404,0.9788
mixed,16,8,0.5,4.0,128,2048,4096,16384,10240,921.859,1446.248,1435.784,0.98
mixed,16,8,0.5,4.0,128,4096,128,512,320,382.115,384.259,382.752,0.2971
mixed,16,8,0.5,4.0,128,4096,256,1024,640,384.386,384.803,382.978,-3.3765
mixed,16,8,0.5,4.0,128,4096,512,2048,1280,385.344,387.682,383.939,-0.6009
mixed,16,8,0.5,4.0,128,4096,1024,4096,2560,388.418,392.161,386.788,-0.4355
mixed,16,8,0.5,4.0,128,4096,2048,8192,5120,479.684,744.869,737.792,0.9733
mixed,16,8,0.5,4.0,128,4096,4096,16384,10240,921.926,1449.415,1437.253,0.9769
mixed,16,8,0.5,4.0,128,8192,128,512,320,729.187,730.692,729.667,0.3189
mixed,16,8,0.5,4.0,128,8192,256,1024,640,732.065,733.219,730.499,-1.357
mixed,16,8,0.5,4.0,128,8192,512,2048,1280,732.516,734.244,730.786,-1.0012
mixed,16,8,0.5,4.0,128,8192,1024,4096,2560,736.26,738.375,733.284,-1.4071
mixed,16,8,0.5,4.0,128,8192,2048,8192,5120,743.812,749.956,740.387,-0.5575
mixed,16,8,0.5,4.0,128,8192,4096,16384,10240,925.572,1451.526,1439.048,0.9763
mixed,16,8,0.5,4.0,256,0,128,512,320,70.4,91.328,84.129,0.656
mixed,16,8,0.5,4.0,256,0,256,1024,640,100.481,132.29,125.633,0.7907
mixed,16,8,0.5,4.0,256,0,512,2048,1280,154.752,217.378,211.715,0.9096
mixed,16,8,0.5,4.0,256,0,1024,4096,2560,260.161,391.361,385.57,0.9559
mixed,16,8,0.5,4.0,256,0,2048,8192,5120,478.5,743.939,737.859,0.9771
mixed,16,8,0.5,4.0,256,0,4096,16384,10240,921.38,1450.31,1436.934,0.9747
mixed,16,8,0.5,4.0,256,512,128,512,320,95.136,96.224,95.265,0.1186
mixed,16,8,0.5,4.0,256,512,256,1024,640,102.913,133.153,125.921,0.7608
mixed,16,8,0.5,4.0,256,512,512,2048,1280,155.519,217.603,212.032,0.9103
mixed,16,8,0.5,4.0,256,512,1024,4096,2560,260.802,391.906,386.689,0.9602
mixed,16,8,0.5,4.0,256,512,2048,8192,5120,480.834,746.531,737.634,0.9665
mixed,16,8,0.5,4.0,256,512,4096,16384,10240,923.493,1447.014,1438.79,0.9843
mixed,16,8,0.5,4.0,256,1024,128,512,320,137.058,138.559,136.994,-0.0426
mixed,16,8,0.5,4.0,256,1024,256,1024,640,137.761,139.616,137.089,-0.3623
mixed,16,8,0.5,4.0,256,1024,512,2048,1280,154.146,218.434,212.033,0.9004
mixed,16,8,0.5,4.0,256,1024,1024,4096,2560,261.73,392.61,387.49,0.9609
mixed,16,8,0.5,4.0,256,1024,2048,8192,5120,481.698,746.179,739.043,0.973
mixed,16,8,0.5,4.0,256,1024,4096,16384,10240,924.965,1450.534,1436.01,0.9724
mixed,16,8,0.5,4.0,256,2048,128,512,320,219.713,220.961,219.618,-0.0761
mixed,16,8,0.5,4.0,256,2048,256,1024,640,221.089,221.826,220.128,-1.3039
mixed,16,8,0.5,4.0,256,2048,512,2048,1280,224.61,224.258,222.209,
mixed,16,8,0.5,4.0,256,2048,1024,4096,2560,263.265,395.616,387.906,0.9417
mixed,16,8,0.5,4.0,256,2048,2048,8192,5120,483.683,747.171,740.514,0.9747
mixed,16,8,0.5,4.0,256,2048,4096,16384,10240,927.652,1450.664,1437.963,0.9757
mixed,16,8,0.5,4.0,256,4096,128,512,320,388.45,388.161,387.33,
mixed,16,8,0.5,4.0,256,4096,256,1024,640,389.697,390.146,387.842,-4.1314
mixed,16,8,0.5,4.0,256,4096,512,2048,1280,388.674,390.371,389.026,0.2074
mixed,16,8,0.5,4.0,256,4096,1024,4096,2560,392.321,398.371,389.921,-0.3967
mixed,16,8,0.5,4.0,256,4096,2048,8192,5120,485.731,751.332,741.125,0.9616
mixed,16,8,0.5,4.0,256,4096,4096,16384,10240,927.3,1454.855,1442.565,0.9767
mixed,16,8,0.5,4.0,256,8192,128,512,320,731.715,733.283,732.738,0.6524
mixed,16,8,0.5,4.0,256,8192,256,1024,640,733.347,735.238,732.164,-0.6256
mixed,16,8,0.5,4.0,256,8192,512,2048,1280,735.812,736.259,734.114,-3.7987
mixed,16,8,0.5,4.0,256,8192,1024,4096,2560,739.462,745.124,736.198,-0.5765
mixed,16,8,0.5,4.0,256,8192,2048,8192,5120,745.603,756.13,741.636,-0.3768
mixed,16,8,0.5,4.0,256,8192,4096,16384,10240,931.555,1460.006,1443.59,0.9689
mixed,16,8,0.5,4.0,512,0,128,512,320,100.512,125.408,109.76,0.3715
mixed,16,8,0.5,4.0,512,0,256,1024,640,135.296,168.097,154.431,0.5834
mixed,16,8,0.5,4.0,512,0,512,2048,1280,188.608,251.745,239.135,0.8003
mixed,16,8,0.5,4.0,512,0,1024,4096,2560,294.658,421.954,406.531,0.8788
mixed,16,8,0.5,4.0,512,0,2048,8192,5120,507.494,759.62,741.539,0.9283
mixed,16,8,0.5,4.0,512,0,4096,16384,10240,931.332,1451.85,1440.998,0.9792
mixed,16,8,0.5,4.0,512,512,128,512,320,130.911,146.847,131.458,0.0343
mixed,16,8,0.5,4.0,512,512,256,1024,640,166.082,214.337,167.04,0.0199
mixed,16,8,0.5,4.0,512,512,512,2048,1280,237.923,307.234,273.313,0.5106
mixed,16,8,0.5,4.0,512,512,1024,4096,2560,353.058,485.666,452.61,0.7507
mixed,16,8,0.5,4.0,512,512,2048,8192,5120,581.122,853.635,795.652,0.7872
mixed,16,8,0.5,4.0,512,512,4096,16384,10240,1022.179,1569.063,1472.483,0.8234
mixed,16,8,0.5,4.0,512,1024,128,512,320,174.146,173.888,174.369,
mixed,16,8,0.5,4.0,512,1024,256,1024,640,174.241,236.066,174.497,0.0041
mixed,16,8,0.5,4.0,512,1024,512,2048,1280,277.507,349.44,275.042,-0.0343
mixed,16,8,0.5,4.0,512,1024,1024,4096,2560,396.8,532.547,496.45,0.7341
mixed,16,8,0.5,4.0,512,1024,2048,8192,5120,621.41,897.704,855.012,0.8455
mixed,16,8,0.5,4.0,512,1024,4096,16384,10240,1080.645,1623.591,1544.201,0.8538
mixed,16,8,0.5,4.0,512,2048,128,512,320,256.642,257.569,255.97,-0.7249
mixed,16,8,0.5,4.0,512,2048,256,1024,640,257.664,258.371,257.251,-0.5842
mixed,16,8,0.5,4.0,512,2048,512,2048,1280,284.448,414.435,276.93,-0.0578
mixed,16,8,0.5,4.0,512,2048,1024,4096,2560,478.116,614.147,500.099,0.1616
mixed,16,8,0.5,4.0,512,2048,2048,8192,5120,705.636,976.963,936.036,0.8492
mixed,16,8,0.5,4.0,512,2048,4096,16384,10240,1162.948,1705.129,1654.055,0.9058
mixed,16,8,0.5,4.0,512,4096,128,512,320,421.442,423.52,421.283,-0.0765
mixed,16,8,0.5,4.0,512,4096,256,1024,640,423.331,424.227,424.034,0.7846
mixed,16,8,0.5,4.0,512,4096,512,2048,1280,426.817,428.675,426.786,-0.0167
mixed,16,8,0.5,4.0,512,4096,1024,4096,2560,508.449,770.247,501.699,-0.0258
mixed,16,8,0.5,4.0,512,4096,2048,8192,5120,871.364,1147.14,939.076,0.2455
mixed,16,8,0.5,4.0,512,4096,4096,16384,10240,1330.309,1873.416,1820.392,0.9024
mixed,16,8,0.5,4.0,512,8192,128,512,320,755.905,753.315,754.499,
mixed,16,8,0.5,4.0,512,8192,256,1024,640,758.148,756.421,755.876,
mixed,16,8,0.5,4.0,512,8192,512,2048,1280,760.259,760.578,757.669,-8.1191
mixed,16,8,0.5,4.0,512,8192,1024,4096,2560,763.811,774.246,761.7,-0.2023
mixed,16,8,0.5,4.0,512,8192,2048,8192,5120,951.751,1479.43,946.883,-0.0092
mixed,16,8,0.5,4.0,512,8192,4096,16384,10240,1669.577,2213.513,1828.746,0.2926
mixed,16,8,0.5,4.0,1024,0,128,512,320,169.824,184.097,170.176,0.0247
mixed,16,8,0.5,4.0,1024,0,256,1024,640,188.417,238.688,199.842,0.2273
mixed,16,8,0.5,4.0,1024,0,512,2048,1280,271.2,355.745,292.0,0.246
mixed,16,8,0.5,4.0,1024,0,1024,4096,2560,409.378,551.459,487.682,0.5511
mixed,16,8,0.5,4.0,1024,0,2048,8192,5120,646.595,928.738,854.66,0.7374
mixed,16,8,0.5,4.0,1024,0,4096,16384,10240,1096.199,1651.335,1542.599,0.8041
mixed,16,8,0.5,4.0,1024,512,128,512,320,222.72,240.609,228.259,0.3096
mixed,16,8,0.5,4.0,1024,512,256,1024,640,247.648,267.522,241.761,-0.2962
mixed,16,8,0.5,4.0,1024,512,512,2048,1280,287.424,395.074,325.73,0.3558
mixed,16,8,0.5,4.0,1024,512,1024,4096,2560,453.921,606.753,515.652,0.4039
mixed,16,8,0.5,4.0,1024,512,2048,8192,5120,699.938,978.405,906.756,0.7427
mixed,16,8,0.5,4.0,1024,512,4096,16384,10240,1159.396,1724.52,1639.143,0.8489
mixed,16,8,0.5,4.0,1024,1024,128,512,320,266.208,286.242,273.153,0.3467
mixed,16,8,0.5,4.0,1024,1024,256,1024,640,297.377,326.401,310.241,0.4432
mixed,16,8,0.5,4.0,1024,1024,512,2048,1280,342.242,415.361,367.841,0.3501
mixed,16,8,0.5,4.0,1024,1024,1024,4096,2560,475.683,655.843,552.515,0.4265
mixed,16,8,0.5,4.0,1024,1024,2048,8192,5120,742.753,1015.269,947.301,0.7506
mixed,16,8,0.5,4.0,1024,1024,4096,16384,10240,1200.454,1760.489,1681.865,0.8596
mixed,16,8,0.5,4.0,1024,2048,128,512,320,351.554,370.882,359.554,0.4139
mixed,16,8,0.5,4.0,1024,2048,256,1024,640,380.835,415.649,394.754,0.3998
mixed,16,8,0.5,4.0,1024,2048,512,2048,1280,434.788,499.649,478.916,0.6803
mixed,16,8,0.5,4.0,1024,2048,1024,4096,2560,523.585,712.005,636.129,0.5973
mixed,16,8,0.5,4.0,1024,2048,2048,8192,5120,817.38,1092.997,994.495,0.6426
mixed,16,8,0.5,4.0,1024,2048,4096,16384,10240,1276.39,1837.477,1758.249,0.8588
mixed,16,8,0.5,4.0,1024,4096,128,512,320,517.922,537.762,524.225,0.3177
mixed,16,8,0.5,4.0,1024,4096,256,1024,640,548.163,584.643,563.169,0.4113
mixed,16,8,0.5,4.0,1024,4096,512,2048,1280,607.426,672.674,649.026,0.6376
mixed,16,8,0.5,4.0,1024,4096,1024,4096,2560,714.978,838.693,822.116,0.866
mixed,16,8,0.5,4.0,1024,4096,2048,8192,5120,928.518,1247.238,1164.998,0.742
mixed,16,8,0.5,4.0,1024,4096,4096,16384,10240,1443.046,1988.33,1868.424,0.7801
mixed,16,8,0.5,4.0,1024,8192,128,512,320,855.557,881.315,863.586,0.3117
mixed,16,8,0.5,4.0,1024,8192,256,1024,640,886.116,918.052,903.394,0.541
mixed,16,8,0.5,4.0,1024,8192,512,2048,1280,942.945,1014.054,986.178,0.608
mixed,16,8,0.5,4.0,1024,8192,1024,4096,2560,1055.781,1190.214,1166.083,0.8205
mixed,16,8,0.5,4.0,1024,8192,2048,8192,5120,1275.142,1530.312,1530.6,1.0011
mixed,16,8,0.5,4.0,1024,8192,4096,16384,10240,1746.12,2308.362,2220.555,0.8438
mixed,16,8,0.5,4.0,2048,0,128,512,320,354.978,364.256,354.528,-0.0485
mixed,16,8,0.5,4.0,2048,0,256,1024,640,369.251,376.736,367.714,-0.2053
mixed,16,8,0.5,4.0,2048,0,512,2048,1280,389.666,494.273,433.092,0.4151
mixed,16,8,0.5,4.0,2048,0,1024,4096,2560,588.449,825.124,645.57,0.2413
mixed,16,8,0.5,4.0,2048,0,2048,8192,5120,964.389,1392.872,1051.78,0.204
mixed,16,8,0.5,4.0,2048,0,4096,16384,10240,1687.529,2475.66,1879.433,0.2435
mixed,16,8,0.5,4.0,2048,512,128,512,320,437.507,449.284,440.322,0.239
mixed,16,8,0.5,4.0,2048,512,256,1024,640,452.803,473.602,458.689,0.283
mixed,16,8,0.5,4.0,2048,512,512,2048,1280,482.369,565.185,488.545,0.0746
mixed,16,8,0.5,4.0,2048,512,1024,4096,2560,637.442,887.62,723.363,0.3434
mixed,16,8,0.5,4.0,2048,512,2048,8192,5120,1046.023,1529.16,1147.142,0.2093
mixed,16,8,0.5,4.0,2048,512,4096,16384,10240,1838.31,2795.534,2019.561,0.1894
mixed,16,8,0.5,4.0,2048,1024,128,512,320,522.083,533.027,522.822,0.0675
mixed,16,8,0.5,4.0,2048,1024,256,1024,640,546.019,554.305,539.041,-0.8421
mixed,16,8,0.5,4.0,2048,1024,512,2048,1280,570.146,625.602,566.788,-0.0606
mixed,16,8,0.5,4.0,2048,1024,1024,4096,2560,697.252,919.491,788.228,0.4094
mixed,16,8,0.5,4.0,2048,1024,2048,8192,5120,1113.54,1595.593,1211.366,0.2029
mixed,16,8,0.5,4.0,2048,1024,4096,16384,10240,1906.538,2847.053,2078.697,0.183
mixed,16,8,0.5,4.0,2048,2048,128,512,320,689.891,702.083,688.23,-0.1362
mixed,16,8,0.5,4.0,2048,2048,256,1024,640,708.291,716.579,706.692,-0.1929
mixed,16,8,0.5,4.0,2048,2048,512,2048,1280,718.275,803.779,715.781,-0.0292
mixed,16,8,0.5,4.0,2048,2048,1024,4096,2560,845.028,1036.773,878.985,0.1771
mixed,16,8,0.5,4.0,2048,2048,2048,8192,5120,1175.909,1730.053,1339.494,0.2952
mixed,16,8,0.5,4.0,2048,2048,4096,16384,10240,2039.02,2984.112,2205.263,0.1759
mixed,16,8,0.5,4.0,2048,4096,128,512,320,1020.358,1033.318,1023.876,0.2715
mixed,16,8,0.5,4.0,2048,4096,256,1024,640,1038.121,1045.539,1037.829,-0.0394
mixed,16,8,0.5,4.0,2048,4096,512,2048,1280,1056.517,1048.868,1047.683,
mixed,16,8,0.5,4.0,2048,4096,1024,4096,2560,1077.445,1318.757,1077.029,-0.0017
mixed,16,8,0.5,4.0,2048,4096,2048,8192,5120,1407.434,1836.265,1548.262,0.3284
mixed,16,8,0.5,4.0,2048,4096,4096,16384,10240,2195.08,3248.785,2421.836,0.2152
mixed,16,8,0.5,4.0,2048,8192,128,512,320,1688.325,1697.856,1688.032,-0.0307
mixed,16,8,0.5,4.0,2048,8192,256,1024,640,1702.733,1711.497,1705.51,0.3169
mixed,16,8,0.5,4.0,2048,8192,512,2048,1280,1716.871,1716.296,1715.624,
mixed,16,8,0.5,4.0,2048,8192,1024,4096,2560,1716.71,1717.959,1716.167,-0.4347
mixed,16,8,0.5,4.0,2048,8192,2048,8192,5120,1864.455,2356.874,1810.374,-0.1098
mixed,16,8,0.5,4.0,2048,8192,4096,16384,10240,2601.098,3469.457,2957.101,0.41
pure,16,12,0.75,4.0,0,0,128,512,416,71.36,76.577,72.385,0.1965
pure,16,12,0.75,4.0,0,0,256,1024,832,95.586,106.401,100.224,0.4288
pure,16,12,0.75,4.0,0,0,512,2048,1664,135.232,152.835,138.4,0.18
pure,16,12,0.75,4.0,0,0,1024,4096,3328,208.48,239.841,218.369,0.3153
pure,16,12,0.75,4.0,0,0,2048,8192,6656,347.233,405.344,377.474,0.5204
pure,16,12,0.75,4.0,0,0,4096,16384,13312,609.409,735.555,665.187,0.4422
mixed,16,12,0.75,4.0,16,0,128,512,416,69.825,79.487,76.897,0.7319
mixed,16,12,0.75,4.0,16,0,256,1024,832,104.192,123.553,122.496,0.9454
mixed,16,12,0.75,4.0,16,0,512,2048,1664,178.88,211.713,211.074,0.9805
mixed,16,12,0.75,4.0,16,0,1024,4096,3328,322.787,389.569,388.322,0.9813
mixed,16,12,0.75,4.0,16,0,2048,8192,6656,609.605,742.659,739.907,0.9793
mixed,16,12,0.75,4.0,16,0,4096,16384,13312,1179.975,1444.745,1438.054,0.9747
mixed,16,12,0.75,4.0,16,512,128,512,416,76.194,79.872,78.882,0.7308
mixed,16,12,0.75,4.0,16,512,256,1024,832,104.513,123.04,122.849,0.9897
mixed,16,12,0.75,4.0,16,512,512,2048,1664,179.169,211.169,211.395,1.0071
mixed,16,12,0.75,4.0,16,512,1024,4096,3328,323.137,388.418,388.321,0.9985
mixed,16,12,0.75,4.0,16,512,2048,8192,6656,610.627,740.831,739.715,0.9914
mixed,16,12,0.75,4.0,16,512,4096,16384,13312,1179.62,1445.702,1439.398,0.9763
mixed,16,12,0.75,4.0,16,1024,128,512,416,119.264,119.648,118.945,-0.8307
mixed,16,12,0.75,4.0,16,1024,256,1024,832,120.033,123.937,123.265,0.8279
mixed,16,12,0.75,4.0,16,1024,512,2048,1664,179.01,211.299,211.168,0.9959
mixed,16,12,0.75,4.0,16,1024,1024,4096,3328,322.818,389.089,388.513,0.9913
mixed,16,12,0.75,4.0,16,1024,2048,8192,6656,608.483,742.307,739.778,0.9811
mixed,16,12,0.75,4.0,16,1024,4096,16384,13312,1180.551,1444.359,1438.632,0.9783
mixed,16,12,0.75,4.0,16,2048,128,512,416,205.313,207.297,205.089,-0.1129
mixed,16,12,0.75,4.0,16,2048,256,1024,832,206.691,205.443,204.737,
mixed,16,12,0.75,4.0,16,2048,512,2048,1664,209.41,212.129,211.01,0.5885
mixed,16,12,0.75,4.0,16,2048,1024,4096,3328,322.753,389.634,389.601,0.9995
mixed,16,12,0.75,4.0,16,2048,2048,8192,6656,609.507,743.14,738.596,0.966
mixed,16,12,0.75,4.0,16,2048,4096,16384,13312,1181.604,1444.169,1439.112,0.9807
mixed,16,12,0.75,4.0,16,4096,128,512,416,377.154,377.439,377.698,1.9088
mixed,16,12,0.75,4.0,16,4096,256,1024,832,377.857,378.532,376.706,-1.7052
mixed,16,12,0.75,4.0,16,4096,512,2048,1664,380.386,378.657,379.137,
mixed,16,12,0.75,4.0,16,4096,1024,4096,3328,384.16,391.392,388.93,0.6596
mixed,16,12,0.75,4.0,16,4096,2048,8192,6656,610.532,742.052,740.003,0.9844
mixed,16,12,0.75,4.0,16,4096,4096,16384,13312,1180.549,1446.374,1441.033,0.9799
mixed,16,12,0.75,4.0,16,8192,128,512,416,723.842,726.531,726.147,0.8572
mixed,16,12,0.75,4.0,16,8192,256,1024,832,725.38,726.561,725.984,0.5114
mixed,16,12,0.75,4.0,16,8192,512,2048,1664,727.845,727.461,726.308,
mixed,16,12,0.75,4.0,16,8192,1024,4096,3328,730.371,729.667,728.707,
mixed,16,12,0.75,4.0,16,8192,2048,8192,6656,735.141,743.427,740.26,0.6178
mixed,16,12,0.75,4.0,16,8192,4096,16384,13312,1183.077,1447.756,1440.071,0.971
mixed,16,12,0.75,4.0,32,0,128,512,416,69.248,79.808,77.793,0.8092
mixed,16,12,0.75,4.0,32,0,256,1024,832,104.577,124.0,122.881,0.9424
mixed,16,12,0.75,4.0,32,0,512,2048,1664,180.001,212.577,211.584,0.9695
mixed,16,12,0.75,4.0,32,0,1024,4096,3328,322.946,388.834,388.097,0.9888
mixed,16,12,0.75,4.0,32,0,2048,8192,6656,609.638,741.956,740.357,0.9879
mixed,16,12,0.75,4.0,32,0,4096,16384,13312,1182.053,1446.823,1440.295,0.9753
mixed,16,12,0.75,4.0,32,512,128,512,416,77.153,79.965,78.881,0.6145
mixed,16,12,0.75,4.0,32,512,256,1024,832,104.832,123.584,122.944,0.9659
mixed,16,12,0.75,4.0,32,512,512,2048,1664,178.912,213.154,211.841,0.9617
mixed,16,12,0.75,4.0,32,512,1024,4096,3328,324.258,388.099,388.611,1.008
mixed,16,12,0.75,4.0,32,512,2048,8192,6656,609.667,741.219,740.004,0.9908
mixed,16,12,0.75,4.0,32,512,4096,16384,13312,1180.84,1446.311,1439.272,0.9735
mixed,16,12,0.75,4.0,32,1024,128,512,416,119.907,123.296,122.623,0.8014
mixed,16,12,0.75,4.0,32,1024,256,1024,832,120.704,124.32,123.105,0.664
mixed,16,12,0.75,4.0,32,1024,512,2048,1664,179.969,213.409,211.425,0.9407
mixed,16,12,0.75,4.0,32,1024,1024,4096,3328,322.626,388.673,388.674,1.0
mixed,16,12,0.75,4.0,32,1024,2048,8192,6656,610.37,741.764,740.675,0.9917
mixed,16,12,0.75,4.0,32,1024,4096,16384,13312,1183.173,1444.454,1441.958,0.9904
mixed,16,12,0.75,4.0,32,2048,128,512,416,205.728,208.769,208.419,0.8849
mixed,16,12,0.75,4.0,32,2048,256,1024,832,207.074,209.218,208.929,0.8652
mixed,16,12,0.75,4.0,32,2048,512,2048,1664,210.561,212.257,212.352,1.056
mixed,16,12,0.75,4.0,32,2048,1024,4096,3328,322.018,388.673,387.905,0.9885
mixed,16,12,0.75,4.0,32,2048,2048,8192,6656,609.155,742.467,740.802,0.9875
mixed,16,12,0.75,4.0,32,2048,4096,16384,13312,1179.65,1444.969,1439.688,0.9801
mixed,16,12,0.75,4.0,32,4096,128,512,416,377.827,380.29,379.938,0.8571
mixed,16,12,0.75,4.0,32,4096,256,1024,832,379.234,381.506,380.898,0.7324
mixed,16,12,0.75,4.0,32,4096,512,2048,1664,383.045,382.402,380.964,
mixed,16,12,0.75,4.0,32,4096,1024,4096,3328,385.283,389.347,389.441,1.0231
mixed,16,12,0.75,4.0,32,4096,2048,8192,6656,608.835,742.501,741.859,0.9952
mixed,16,12,0.75,4.0,32,4096,4096,16384,13312,1181.637,1448.962,1439.369,0.9641
mixed,16,12,0.75,4.0,32,8192,128,512,416,724.291,727.615,726.435,0.645
mixed,16,12,0.75,4.0,32,8192,256,1024,832,726.082,728.196,727.427,0.6362
mixed,16,12,0.75,4.0,32,8192,512,2048,1664,728.322,728.963,727.971,-0.5476
mixed,16,12,0.75,4.0,32,8192,1024,4096,3328,731.525,733.859,731.27,-0.1093
mixed,16,12,0.75,4.0,32,8192,2048,8192,6656,737.349,743.044,740.324,0.5224
mixed,16,12,0.75,4.0,32,8192,4096,16384,13312,1184.071,1443.24,1440.902,0.991
mixed,16,12,0.75,4.0,64,0,128,512,416,70.304,80.255,78.849,0.8587
mixed,16,12,0.75,4.0,64,0,256,1024,832,104.447,124.514,123.903,0.9696
mixed,16,12,0.75,4.0,64,0,512,2048,1664,180.258,213.249,212.161,0.967
mixed,16,12,0.75,4.0,64,0,1024,4096,3328,325.025,389.666,388.354,0.9797
mixed,16,12,0.75,4.0,64,0,2048,8192,6656,610.308,741.539,741.796,1.002
mixed,16,12,0.75,4.0,64,0,4096,16384,13312,1182.214,1445.608,1439.399,0.9764
mixed,16,12,0.75,4.0,64,512,128,512,416,78.431,81.505,80.897,0.8022
mixed,16,12,0.75,4.0,64,512,256,1024,832,105.217,124.737,123.52,0.9377
mixed,16,12,0.75,4.0,64,512,512,2048,1664,179.681,212.545,212.225,0.9903
mixed,16,12,0.75,4.0,64,512,1024,4096,3328,324.995,390.403,387.714,0.9589
mixed,16,12,0.75,4.0,64,512,2048,8192,6656,610.817,744.259,742.151,0.9842
mixed,16,12,0.75,4.0,64,512,4096,16384,13312,1182.02,1444.739,1440.936,0.9855
mixed,16,12,0.75,4.0,64,1024,128,512,416,121.664,124.16,123.71,0.8197
mixed,16,12,0.75,4.0,64,1024,256,1024,832,123.072,125.248,124.032,0.4412
mixed,16,12,0.75,4.0,64,1024,512,2048,1664,180.513,212.864,212.193,0.9793
mixed,16,12,0.75,4.0,64,1024,1024,4096,3328,322.657,390.528,389.539,0.9854
mixed,16,12,0.75,4.0,64,1024,2048,8192,6656,609.731,742.5,741.315,0.9911
mixed,16,12,0.75,4.0,64,1024,4096,16384,13312,1181.316,1444.009,1440.005,0.9848
mixed,16,12,0.75,4.0,64,2048,128,512,416,207.52,210.305,209.056,0.5515
mixed,16,12,0.75,4.0,64,2048,256,1024,832,208.673,210.753,210.24,0.7534
mixed,16,12,0.75,4.0,64,2048,512,2048,1664,212.993,213.505,212.322,-1.3105
mixed,16,12,0.75,4.0,64,2048,1024,4096,3328,323.906,390.434,390.114,0.9952
mixed,16,12,0.75,4.0,64,2048,2048,8192,6656,610.946,742.724,740.194,0.9808
mixed,16,12,0.75,4.0,64,2048,4096,16384,13312,1182.212,1445.51,1440.903,0.9825
mixed,16,12,0.75,4.0,64,4096,128,512,416,379.554,382.37,381.442,0.6705
mixed,16,12,0.75,4.0,64,4096,256,1024,832,380.64,383.395,382.051,0.5122
mixed,16,12,0.75,4.0,64,4096,512,2048,1664,383.746,384.449,383.138,-0.8649
mixed,16,12,0.75,4.0,64,4096,1024,4096,3328,386.466,391.396,390.339,0.7856
mixed,16,12,0.75,4.0,64,4096,2048,8192,6656,610.083,742.723,742.179,0.9959
mixed,16,12,0.75,4.0,64,4096,4096,16384,13312,1183.012,1446.118,1440.521,0.9787
mixed,16,12,0.75,4.0,64,8192,128,512,416,726.433,728.962,728.836,0.9502
mixed,16,12,0.75,4.0,64,8192,256,1024,832,727.17,729.698,728.485,0.5202
mixed,16,12,0.75,4.0,64,8192,512,2048,1664,730.531,730.98,729.282,-2.7817
mixed,16,12,0.75,4.0,64,8192,1024,4096,3328,731.619,733.794,732.1,0.2211
mixed,16,12,0.75,4.0,64,8192,2048,8192,6656,740.771,745.441,741.187,0.0891
mixed,16,12,0.75,4.0,64,8192,4096,16384,13312,1182.982,1445.319,1442.501,0.9893
mixed,16,12,0.75,4.0,128,0,128,512,416,71.585,80.575,79.232,0.8506
mixed,16,12,0.75,4.0,128,0,256,1024,832,106.077,125.473,124.769,0.9637
mixed,16,12,0.75,4.0,128,0,512,2048,1664,180.385,213.058,212.61,0.9863
mixed,16,12,0.75,4.0,128,0,1024,4096,3328,324.321,389.922,390.181,1.0039
mixed,16,12,0.75,4.0,128,0,2048,8192,6656,610.784,743.876,743.236,0.9952
mixed,16,12,0.75,4.0,128,0,4096,16384,13312,1184.931,1447.077,1439.782,0.9722
mixed,16,12,0.75,4.0,128,512,128,512,416,81.504,82.881,81.921,0.3028
mixed,16,12,0.75,4.0,128,512,256,1024,832,107.391,125.343,124.545,0.9555
mixed,16,12,0.75,4.0,128,512,512,2048,1664,179.746,212.993,212.418,0.9827
mixed,16,12,0.75,4.0,128,512,1024,4096,3328,324.097,389.795,389.729,0.999
mixed,16,12,0.75,4.0,128,512,2048,8192,6656,613.187,742.79,744.13,1.0103
mixed,16,12,0.75,4.0,128,512,4096,16384,13312,1180.166,1445.127,1440.519,0.9826
mixed,16,12,0.75,4.0,128,1024,128,512,416,123.969,125.44,124.993,0.6961
mixed,16,12,0.75,4.0,128,1024,256,1024,832,124.961,126.24,125.793,0.6505
mixed,16,12,0.75,4.0,128,1024,512,2048,1664,180.611,213.314,212.738,0.9824
mixed,16,12,0.75,4.0,128,1024,1024,4096,3328,324.385,389.06,389.602,1.0084
mixed,16,12,0.75,4.0,128,1024,2048,8192,6656,611.33,744.804,741.381,0.9744
mixed,16,12,0.75,4.0,128,1024,4096,16384,13312,1184.515,1445.67,1440.679,0.9809
mixed,16,12,0.75,4.0,128,2048,128,512,416,209.185,211.778,210.561,0.5307
mixed,16,12,0.75,4.0,128,2048,256,1024,832,211.329,212.32,211.328,-0.001
mixed,16,12,0.75,4.0,128,2048,512,2048,1664,214.274,214.337,213.44,-13.2381
mixed,16,12,0.75,4.0,128,2048,1024,4096,3328,325.343,391.811,390.208,0.9759
mixed,16,12,0.75,4.0,128,2048,2048,8192,6656,612.61,743.908,742.37,0.9883
mixed,16,12,0.75,4.0,128,2048,4096,16384,13312,1186.887,1446.533,1442.632,0.985
mixed,16,12,0.75,4.0,128,4096,128,512,416,382.018,383.906,383.843,0.9666
mixed,16,12,0.75,4.0,128,4096,256,1024,832,382.786,384.739,383.651,0.4429
mixed,16,12,0.75,4.0,128,4096,512,2048,1664,385.889,387.713,384.61,-0.7012
mixed,16,12,0.75,4.0,128,4096,1024,4096,3328,389.506,392.48,390.69,0.3981
mixed,16,12,0.75,4.0,128,4096,2048,8192,6656,612.835,744.838,743.33,0.9886
mixed,16,12,0.75,4.0,128,4096,4096,16384,13312,1184.933,1447.877,1444.198,0.986
mixed,16,12,0.75,4.0,128,8192,128,512,416,730.371,730.821,729.315,-2.3467
mixed,16,12,0.75,4.0,128,8192,256,1024,832,729.892,732.036,731.073,0.5508
mixed,16,12,0.75,4.0,128,8192,512,2048,1664,732.988,733.821,733.242,0.3049
mixed,16,12,0.75,4.0,128,8192,1024,4096,3328,737.212,739.772,735.358,-0.7242
mixed,16,12,0.75,4.0,128,8192,2048,8192,6656,743.708,750.364,743.42,-0.0433
mixed,16,12,0.75,4.0,128,8192,4096,16384,13312,1187.417,1453.053,1444.535,0.9679
mixed,16,12,0.75,4.0,256,0,128,512,416,81.023,89.951,86.689,0.6346
mixed,16,12,0.75,4.0,256,0,256,1024,832,112.96,131.775,129.344,0.8708
mixed,16,12,0.75,4.0,256,0,512,2048,1664,185.279,217.502,213.63,0.8798
mixed,16,12,0.75,4.0,256,0,1024,4096,3328,325.757,391.742,390.461,0.9806
mixed,16,12,0.75,4.0,256,0,2048,8192,6656,613.18,746.397,742.686,0.9721
mixed,16,12,0.75,4.0,256,0,4096,16384,13312,1185.339,1447.93,1443.447,0.9829
mixed,16,12,0.75,4.0,256,512,128,512,416,95.615,97.984,96.734,0.4724
mixed,16,12,0.75,4.0,256,512,256,1024,832,113.534,133.469,130.368,0.8444
mixed,16,12,0.75,4.0,256,512,512,2048,1664,184.896,217.632,215.103,0.9227
mixed,16,12,0.75,4.0,256,512,1024,4096,3328,326.847,392.447,391.997,0.9931
mixed,16,12,0.75,4.0,256,512,2048,8192,6656,614.748,746.236,743.291,0.9776
mixed,16,12,0.75,4.0,256,512,4096,16384,13312,1185.498,1450.808,1444.25,0.9753
mixed,16,12,0.75,4.0,256,1024,128,512,416,137.44,138.912,137.823,0.2602
mixed,16,12,0.75,4.0,256,1024,256,1024,832,138.559,138.687,139.104,4.2578
mixed,16,12,0.75,4.0,256,1024,512,2048,1664,186.557,219.008,214.622,0.8648
mixed,16,12,0.75,4.0,256,1024,1024,4096,3328,327.869,394.078,392.608,0.9778
mixed,16,12,0.75,4.0,256,1024,2048,8192,6656,614.462,747.067,745.019,0.9846
mixed,16,12,0.75,4.0,256,1024,4096,16384,13312,1184.858,1448.474,1444.569,0.9852
mixed,16,12,0.75,4.0,256,2048,128,512,416,220.287,221.888,220.127,-0.0999
mixed,16,12,0.75,4.0,256,2048,256,1024,832,221.056,222.879,220.223,-0.4569
mixed,16,12,0.75,4.0,256,2048,512,2048,1664,222.432,224.255,223.071,0.3505
mixed,16,12,0.75,4.0,256,2048,1024,4096,3328,331.102,394.875,392.766,0.9669
mixed,16,12,0.75,4.0,256,2048,2048,8192,6656,616.093,748.7,747.037,0.9875
mixed,16,12,0.75,4.0,256,2048,4096,16384,13312,1186.459,1450.165,1447.354,0.9893
mixed,16,12,0.75,4.0,256,4096,128,512,416,386.718,388.38,387.486,0.4621
mixed,16,12,0.75,4.0,256,4096,256,1024,832,389.084,391.262,387.166,-0.8806
mixed,16,12,0.75,4.0,256,4096,512,2048,1664,390.718,390.91,390.846,0.6667
mixed,16,12,0.75,4.0,256,4096,1024,4096,3328,394.428,399.739,394.269,-0.0299
mixed,16,12,0.75,4.0,256,4096,2048,8192,6656,616.413,751.771,746.748,0.9629
mixed,16,12,0.75,4.0,256,4096,4096,16384,13312,1191.703,1454.746,1448.123,0.9748
mixed,16,12,0.75,4.0,256,8192,128,512,416,733.437,733.821,731.77,-4.3411
mixed,16,12,0.75,4.0,256,8192,256,1024,832,732.476,734.81,733.723,0.5343
mixed,16,12,0.75,4.0,256,8192,512,2048,1664,736.156,738.717,735.648,-0.1984
mixed,16,12,0.75,4.0,256,8192,1024,4096,3328,739.837,743.549,737.95,-0.5084
mixed,16,12,0.75,4.0,256,8192,2048,8192,6656,749.851,757.535,747.293,-0.3329
mixed,16,12,0.75,4.0,256,8192,4096,16384,13312,1200.859,1460.377,1450.777,0.963
mixed,16,12,0.75,4.0,512,0,128,512,416,114.814,125.312,114.049,-0.0729
mixed,16,12,0.75,4.0,512,0,256,1024,832,146.752,167.231,159.999,0.6469
mixed,16,12,0.75,4.0,512,0,512,2048,1664,221.566,251.648,245.216,0.7862
mixed,16,12,0.75,4.0,512,0,1024,4096,3328,358.302,421.215,413.978,0.885
mixed,16,12,0.75,4.0,512,0,2048,8192,6656,633.309,760.923,751.002,0.9223
mixed,16,12,0.75,4.0,512,0,4096,16384,13312,1189.98,1451.319,1443.833,0.9714
mixed,16,12,0.75,4.0,512,512,128,512,416,131.776,146.401,132.126,0.0239
mixed,16,12,0.75,4.0,512,512,256,1024,832,188.127,212.511,181.568,-0.269
mixed,16,12,0.75,4.0,512,512,512,2048,1664,271.679,305.79,282.684,0.3226
mixed,16,12,0.75,4.0,512,512,1024,4096,3328,417.661,484.638,466.556,0.73
mixed,16,12,0.75,4.0,512,512,2048,8192,6656,710.396,854.525,817.948,0.7462
mixed,16,12,0.75,4.0,512,512,4096,16384,13312,1293.43,1570.678,1499.514,0.7433
mixed,16,12,0.75,4.0,512,1024,128,512,416,174.623,174.333,172.8,
mixed,16,12,0.75,4.0,512,1024,256,1024,832,196.734,237.377,182.719,-0.3448
mixed,16,12,0.75,4.0,512,1024,512,2048,1664,314.878,350.816,290.975,-0.6651
mixed,16,12,0.75,4.0,512,1024,1024,4096,3328,462.655,530.109,511.998,0.7315
mixed,16,12,0.75,4.0,512,1024,2048,8192,6656,762.237,895.422,880.666,0.8892
mixed,16,12,0.75,4.0,512,1024,4096,16384,13312,1354.555,1626.197,1586.839,0.8551
mixed,16,12,0.75,4.0,512,2048,128,512,416,256.095,256.926,256.767,0.8087
mixed,16,12,0.75,4.0,512,2048,256,1024,832,259.711,257.117,257.984,
mixed,16,12,0.75,4.0,512,2048,512,2048,1664,349.79,414.178,295.36,-0.8453
mixed,16,12,0.75,4.0,512,2048,1024,4096,3328,547.325,614.718,518.269,-0.4311
mixed,16,12,0.75,4.0,512,2048,2048,8192,6656,842.843,978.108,958.812,0.8573
mixed,16,12,0.75,4.0,512,2048,4096,16384,13312,1435.194,1706.04,1673.591,0.8802
mixed,16,12,0.75,4.0,512,4096,128,512,416,422.301,424.349,423.838,0.7505
mixed,16,12,0.75,4.0,512,4096,256,1024,832,424.415,423.742,425.055,
mixed,16,12,0.75,4.0,512,4096,512,2048,1664,426.59,427.964,428.445,1.3501
mixed,16,12,0.75,4.0,512,4096,1024,4096,3328,638.396,770.011,525.023,-0.8614
mixed,16,12,0.75,4.0,512,4096,2048,8192,6656,1011.772,1148.347,965.787,-0.3367
mixed,16,12,0.75,4.0,512,4096,4096,16384,13312,1602.874,1871.895,1837.332,0.8715
mixed,16,12,0.75,4.0,512,8192,128,512,416,755.61,756.026,759.132,8.4663
mixed,16,12,0.75,4.0,512,8192,256,1024,832,758.654,759.295,759.325,1.0468
mixed,16,12,0.75,4.0,512,8192,512,2048,1664,758.267,761.916,761.918,1.0005
mixed,16,12,0.75,4.0,512,8192,1024,4096,3328,762.972,774.074,766.588,0.3257
mixed,16,12,0.75,4.0,512,8192,2048,8192,6656,1217.979,1480.601,980.124,-0.9057
mixed,16,12,0.75,4.0,512,8192,4096,16384,13312,1945.368,2219.414,1860.205,-0.3108
mixed,16,12,0.75,4.0,1024,0,128,512,416,177.471,183.549,176.735,-0.1211
mixed,16,12,0.75,4.0,1024,0,256,1024,832,204.192,238.496,221.405,0.5018
mixed,16,12,0.75,4.0,1024,0,512,2048,1664,318.24,355.358,310.942,-0.1966
mixed,16,12,0.75,4.0,1024,0,1024,4096,3328,479.741,550.174,509.946,0.4288
mixed,16,12,0.75,4.0,1024,0,2048,8192,6656,779.643,926.491,896.572,0.7963
mixed,16,12,0.75,4.0,1024,0,4096,16384,13312,1377.98,1639.129,1605.084,0.8696
mixed,16,12,0.75,4.0,1024,512,128,512,416,232.161,240.222,234.175,0.2498
mixed,16,12,0.75,4.0,1024,512,256,1024,832,257.376,269.214,259.421,0.1727
mixed,16,12,0.75,4.0,1024,512,512,2048,1664,349.472,397.918,355.328,0.1209
mixed,16,12,0.75,4.0,1024,512,1024,4096,3328,535.037,604.894,542.878,0.1122
mixed,16,12,0.75,4.0,1024,512,2048,8192,6656,837.531,972.155,925.882,0.6563
mixed,16,12,0.75,4.0,1024,512,4096,16384,13312,1440.346,1727.544,1665.017,0.7823
mixed,16,12,0.75,4.0,1024,1024,128,512,416,276.128,285.439,278.498,0.2545
mixed,16,12,0.75,4.0,1024,1024,256,1024,832,309.726,327.071,319.839,0.583
mixed,16,12,0.75,4.0,1024,1024,512,2048,1664,355.199,413.758,398.688,0.7427
mixed,16,12,0.75,4.0,1024,1024,1024,4096,3328,567.421,647.517,579.359,0.149
mixed,16,12,0.75,4.0,1024,1024,2048,8192,6656,880.928,1021.243,966.714,0.6114
mixed,16,12,0.75,4.0,1024,1024,4096,16384,13312,1489.849,1754.711,1695.609,0.7769
mixed,16,12,0.75,4.0,1024,2048,128,512,416,360.031,371.743,363.582,0.3032
mixed,16,12,0.75,4.0,1024,2048,256,1024,832,394.781,414.784,406.461,0.5839
mixed,16,12,0.75,4.0,1024,2048,512,2048,1664,470.046,497.982,492.286,0.7961
mixed,16,12,0.75,4.0,1024,2048,1024,4096,3328,625.917,708.512,683.069,0.692
mixed,16,12,0.75,4.0,1024,2048,2048,8192,6656,962.97,1101.979,1030.714,0.4873
mixed,16,12,0.75,4.0,1024,2048,4096,16384,13312,1567.066,1829.079,1777.114,0.8017
mixed,16,12,0.75,4.0,1024,4096,128,512,416,526.334,539.391,531.552,0.3996
mixed,16,12,0.75,4.0,1024,4096,256,1024,832,563.58,583.677,576.67,0.6513
mixed,16,12,0.75,4.0,1024,4096,512,2048,1664,640.83,674.814,664.639,0.7006
mixed,16,12,0.75,4.0,1024,4096,1024,4096,3328,779.099,841.082,833.405,0.8761
mixed,16,12,0.75,4.0,1024,4096,2048,8192,6656,1113.245,1249.342,1232.345,0.8751
mixed,16,12,0.75,4.0,1024,4096,4096,16384,13312,1731.162,1997.239,1911.643,0.6783
mixed,16,12,0.75,4.0,1024,8192,128,512,416,866.908,875.805,875.389,0.9532
mixed,16,12,0.75,4.0,1024,8192,256,1024,832,898.139,923.549,917.66,0.7682
mixed,16,12,0.75,4.0,1024,8192,512,2048,1664,979.324,1013.979,999.42,0.5799
mixed,16,12,0.75,4.0,1024,8192,1024,4096,3328,1121.118,1190.682,1182.3,0.8795
mixed,16,12,0.75,4.0,1024,8192,2048,8192,6656,1406.3,1534.905,1523.421,0.9107
mixed,16,12,0.75,4.0,1024,8192,4096,16384,13312,2026.424,2307.829,2302.326,0.9804
mixed,16,12,0.75,4.0,2048,0,128,512,416,359.741,364.574,359.937,0.0406
mixed,16,12,0.75,4.0,2048,0,256,1024,832,375.964,377.022,374.463,-1.4187
mixed,16,12,0.75,4.0,2048,0,512,2048,1664,445.66,499.805,462.334,0.308
mixed,16,12,0.75,4.0,2048,0,1024,4096,3328,714.62,824.894,732.317,0.1605
mixed,16,12,0.75,4.0,2048,0,2048,8192,6656,1183.931,1386.362,1170.301,-0.0673
mixed,16,12,0.75,4.0,2048,0,4096,16384,13312,2075.674,2489.972,2053.624,-0.0532
mixed,16,12,0.75,4.0,2048,512,128,512,416,446.592,448.16,448.736,1.3673
mixed,16,12,0.75,4.0,2048,512,256,1024,832,458.748,473.087,463.677,0.3437
mixed,16,12,0.75,4.0,2048,512,512,2048,1664,509.534,565.534,525.854,0.2914
mixed,16,12,0.75,4.0,2048,512,1024,4096,3328,752.86,888.828,796.989,0.3246
mixed,16,12,0.75,4.0,2048,512,2048,8192,6656,1283.738,1520.729,1296.891,0.0555
mixed,16,12,0.75,4.0,2048,512,4096,16384,13312,2317.718,2797.142,2336.086,0.0383
mixed,16,12,0.75,4.0,2048,1024,128,512,416,529.5,533.215,531.069,0.4223
mixed,16,12,0.75,4.0,2048,1024,256,1024,832,542.333,555.773,550.462,0.6048
mixed,16,12,0.75,4.0,2048,1024,512,2048,1664,594.4,624.957,581.915,-0.4086
mixed,16,12,0.75,4.0,2048,1024,1024,4096,3328,804.541,919.741,843.196,0.3355
mixed,16,12,0.75,4.0,2048,1024,2048,8192,6656,1352.218,1589.78,1365.595,0.0563
mixed,16,12,0.75,4.0,2048,1024,4096,16384,13312,2372.503,2843.83,2392.568,0.0426
mixed,16,12,0.75,4.0,2048,2048,128,512,416,697.886,701.694,697.403,-0.1268
mixed,16,12,0.75,4.0,2048,2048,256,1024,832,716.029,721.115,712.607,-0.6728
mixed,16,12,0.75,4.0,2048,2048,512,2048,1664,748.186,798.62,766.685,0.3668
mixed,16,12,0.75,4.0,2048,2048,1024,4096,3328,923.069,1035.968,945.946,0.2026
mixed,16,12,0.75,4.0,2048,2048,2048,8192,6656,1461.243,1728.893,1483.065,0.0815
mixed,16,12,0.75,4.0,2048,2048,4096,16384,13312,2506.999,3023.477,2516.181,0.0178
mixed,16,12,0.75,4.0,2048,4096,128,512,416,1026.17,1029.63,1026.525,0.1026
mixed,16,12,0.75,4.0,2048,4096,256,1024,832,1046.428,1050.97,1045.819,-0.1341
mixed,16,12,0.75,4.0,2048,4096,512,2048,1664,1051.71,1051.419,1055.036,
mixed,16,12,0.75,4.0,2048,4096,1024,4096,3328,1207.642,1317.979,1215.357,0.0699
mixed,16,12,0.75,4.0,2048,4096,2048,8192,6656,1629.498,1829.691,1646.969,0.0873
mixed,16,12,0.75,4.0,2048,4096,4096,16384,13312,2800.023,3259.186,2740.919,-0.1287
mixed,16,12,0.75,4.0,2048,8192,128,512,416,1690.173,1701.049,1696.345,0.5675
mixed,16,12,0.75,4.0,2048,8192,256,1024,832,1713.786,1714.91,1714.17,0.3416
mixed,16,12,0.75,4.0,2048,8192,512,2048,1664,1722.906,1721.873,1724.218,
mixed,16,12,0.75,4.0,2048,8192,1024,4096,3328,1720.857,1720.026,1721.819,
mixed,16,12,0.75,4.0,2048,8192,2048,8192,6656,2130.486,2366.615,2253.847,0.5224
mixed,16,12,0.75,4.0,2048,8192,4096,16384,13312,3011.19,3483.762,3134.774,0.2615
pure,16,14,0.875,4.0,0,0,128,512,464,73.76,76.418,74.336,0.2167
pure,16,14,0.875,4.0,0,0,256,1024,928,101.056,105.824,102.977,0.4029
pure,16,14,0.875,4.0,0,0,512,2048,1856,143.329,151.741,143.809,0.0571
pure,16,14,0.875,4.0,0,0,1024,4096,3712,225.696,238.495,225.185,-0.0399
pure,16,14,0.875,4.0,0,0,2048,8192,7424,375.037,405.118,381.278,0.2075
pure,16,14,0.875,4.0,0,0,4096,16384,14848,675.389,734.335,683.869,0.1439
mixed,16,14,0.875,4.0,16,0,128,512,464,71.008,79.841,79.486,0.9598
mixed,16,14,0.875,4.0,16,0,256,1024,928,114.592,123.328,123.328,1.0
mixed,16,14,0.875,4.0,16,0,512,2048,1856,191.678,211.52,211.678,1.008
mixed,16,14,0.875,4.0,16,0,1024,4096,3712,356.8,389.629,388.672,0.9708
mixed,16,14,0.875,4.0,16,0,2048,8192,7424,674.652,741.34,741.565,1.0034
mixed,16,14,0.875,4.0,16,0,4096,16384,14848,1312.636,1443.74,1441.499,0.9829
mixed,16,14,0.875,4.0,16,512,128,512,464,77.727,79.808,78.947,0.5863
mixed,16,14,0.875,4.0,16,512,256,1024,928,114.719,123.232,123.552,1.0376
mixed,16,14,0.875,4.0,16,512,512,2048,1856,191.999,211.583,210.848,0.9625
mixed,16,14,0.875,4.0,16,512,1024,4096,3712,357.47,389.086,390.206,1.0354
mixed,16,14,0.875,4.0,16,512,2048,8192,7424,676.604,741.084,740.827,0.996
mixed,16,14,0.875,4.0,16,512,4096,16384,14848,1313.723,1445.144,1439.517,0.9572
mixed,16,14,0.875,4.0,16,1024,128,512,464,120.224,120.415,119.007,-6.3717
mixed,16,14,0.875,4.0,16,1024,256,1024,928,119.68,124.0,123.679,0.9257
mixed,16,14,0.875,4.0,16,1024,512,2048,1856,193.504,212.255,211.616,0.9659
mixed,16,14,0.875,4.0,16,1024,1024,4096,3712,356.479,388.063,389.566,1.0476
mixed,16,14,0.875,4.0,16,1024,2048,8192,7424,675.708,741.148,742.012,1.0132
mixed,16,14,0.875,4.0,16,1024,4096,16384,14848,1314.139,1444.569,1440.634,0.9698
mixed,16,14,0.875,4.0,16,2048,128,512,464,206.463,207.519,207.263,0.7576
mixed,16,14,0.875,4.0,16,2048,256,1024,928,205.312,205.535,206.046,3.2915
mixed,16,14,0.875,4.0,16,2048,512,2048,1856,207.71,213.311,211.872,0.7431
mixed,16,14,0.875,4.0,16,2048,1024,4096,3712,357.054,388.831,388.959,1.004
mixed,16,14,0.875,4.0,16,2048,2048,8192,7424,676.253,742.204,741.212,0.985
mixed,16,14,0.875,4.0,16,2048,4096,16384,14848,1314.971,1444.186,1441.017,0.9755
mixed,16,14,0.875,4.0,16,4096,128,512,464,377.726,377.568,377.28,
mixed,16,14,0.875,4.0,16,4096,256,1024,928,377.758,379.231,377.983,0.1527
mixed,16,14,0.875,4.0,16,4096,512,2048,1856,379.229,381.022,380.638,0.7858
mixed,16,14,0.875,4.0,16,4096,1024,4096,3712,383.996,389.532,390.27,1.1333
mixed,16,14,0.875,4.0,16,4096,2048,8192,7424,676.86,742.427,742.333,0.9986
mixed,16,14,0.875,4.0,16,4096,4096,16384,14848,1315.227,1445.369,1444.088,0.9902
mixed,16,14,0.875,4.0,16,8192,128,512,464,724.636,726.558,726.46,0.949
mixed,16,14,0.875,4.0,16,8192,256,1024,928,724.669,727.002,726.778,0.904
mixed,16,14,0.875,4.0,16,8192,512,2048,1856,726.14,727.452,726.461,0.2447
mixed,16,14,0.875,4.0,16,8192,1024,4096,3712,729.723,730.429,728.703,-1.4448
mixed,16,14,0.875,4.0,16,8192,2048,8192,7424,736.541,742.045,741.439,0.8899
mixed,16,14,0.875,4.0,16,8192,4096,16384,14848,1314.106,1446.65,1440.759,0.9556
mixed,16,14,0.875,4.0,32,0,128,512,464,71.136,79.936,79.808,0.9855
mixed,16,14,0.875,4.0,32,0,256,1024,928,114.398,124.032,123.998,0.9965
mixed,16,14,0.875,4.0,32,0,512,2048,1856,193.245,212.223,212.192,0.9984
mixed,16,14,0.875,4.0,32,0,1024,4096,3712,356.19,388.285,388.926,1.02
mixed,16,14,0.875,4.0,32,0,2048,8192,7424,675.801,742.237,741.661,0.9913
mixed,16,14,0.875,4.0,32,0,4096,16384,14848,1313.213,1444.668,1442.395,0.9827
mixed,16,14,0.875,4.0,32,512,128,512,464,77.759,79.871,79.296,0.7277
mixed,16,14,0.875,4.0,32,512,256,1024,928,115.872,124.064,123.648,0.9492
mixed,16,14,0.875,4.0,32,512,512,2048,1856,193.022,211.841,212.128,1.0153
mixed,16,14,0.875,4.0,32,512,1024,4096,3712,355.711,389.981,389.277,0.9795
mixed,16,14,0.875,4.0,32,512,2048,8192,7424,676.637,742.846,742.013,0.9874
mixed,16,14,0.875,4.0,32,512,4096,16384,14848,1313.788,1444.859,1441.307,0.9729
mixed,16,14,0.875,4.0,32,1024,128,512,464,120.701,122.975,123.039,1.0281
mixed,16,14,0.875,4.0,32,1024,256,1024,928,120.447,124.382,123.648,0.8135
mixed,16,14,0.875,4.0,32,1024,512,2048,1856,193.568,212.737,213.024,1.015
mixed,16,14,0.875,4.0,32,1024,1024,4096,3712,355.837,388.541,389.534,1.0304
mixed,16,14,0.875,4.0,32,1024,2048,8192,7424,674.846,742.496,742.94,1.0066
mixed,16,14,0.875,4.0,32,1024,4096,16384,14848,1311.191,1443.195,1441.882,0.9901
mixed,16,14,0.875,4.0,32,2048,128,512,464,206.4,208.672,208.798,1.0555
mixed,16,14,0.875,4.0,32,2048,256,1024,928,206.144,209.407,209.214,0.9409
mixed,16,14,0.875,4.0,32,2048,512,2048,1856,208.544,212.576,212.064,0.873
mixed,16,14,0.875,4.0,32,2048,1024,4096,3712,357.407,389.022,390.013,1.0313
mixed,16,14,0.875,4.0,32,2048,2048,8192,7424,674.142,742.395,740.955,0.9789
mixed,16,14,0.875,4.0,32,2048,4096,16384,14848,1314.972,1445.274,1443.036,0.9828
mixed,16,14,0.875,4.0,32,4096,128,512,464,378.588,380.414,379.902,0.7196
mixed,16,14,0.875,4.0,32,4096,256,1024,928,379.038,381.376,380.478,0.6159
mixed,16,14,0.875,4.0,32,4096,512,2048,1856,380.126,383.134,382.781,0.8826
mixed,16,14,0.875,4.0,32,4096,1024,4096,3712,385.886,389.312,389.984,1.1961
mixed,16,14,0.875,4.0,32,4096,2048,8192,7424,675.167,743.005,741.82,0.9825
mixed,16,14,0.875,4.0,32,4096,4096,16384,14848,1315.771,1446.747,1441.496,0.9599
mixed,16,14,0.875,4.0,32,8192,128,512,464,726.332,727.836,727.037,0.4688
mixed,16,14,0.875,4.0,32,8192,256,1024,928,726.397,728.477,727.802,0.6755
mixed,16,14,0.875,4.0,32,8192,512,2048,1856,728.157,730.044,727.996,-0.0853
mixed,16,14,0.875,4.0,32,8192,1024,4096,3712,731.995,731.741,729.855,
mixed,16,14,0.875,4.0,32,8192,2048,8192,7424,738.876,741.918,741.086,0.7265
mixed,16,14,0.875,4.0,32,8192,4096,16384,14848,1315.066,1445.627,1444.218,0.9892
mixed,16,14,0.875,4.0,64,0,128,512,464,71.872,80.543,79.873,0.9227
mixed,16,14,0.875,4.0,64,0,256,1024,928,115.742,124.032,124.192,1.0193
mixed,16,14,0.875,4.0,64,0,512,2048,1856,194.207,212.417,213.055,1.035
mixed,16,14,0.875,4.0,64,0,1024,4096,3712,356.191,390.271,389.697,0.9832
mixed,16,14,0.875,4.0,64,0,2048,8192,7424,676.413,742.523,742.302,0.9967
mixed,16,14,0.875,4.0,64,0,4096,16384,14848,1311.9,1447.003,1442.586,0.9673
mixed,16,14,0.875,4.0,64,512,128,512,464,78.88,81.631,81.089,0.803
mixed,16,14,0.875,4.0,64,512,256,1024,928,116.287,124.832,124.159,0.9212
mixed,16,14,0.875,4.0,64,512,512,2048,1856,193.281,213.439,213.534,1.0047
mixed,16,14,0.875,4.0,64,512,1024,4096,3712,356.703,389.95,390.557,1.0183
mixed,16,14,0.875,4.0,64,512,2048,8192,7424,675.774,743.005,743.004,1.0
mixed,16,14,0.875,4.0,64,512,4096,16384,14848,1314.205,1445.209,1444.635,0.9956
mixed,16,14,0.875,4.0,64,1024,128,512,464,122.143,124.03,124.48,1.2385
mixed,16,14,0.875,4.0,64,1024,256,1024,928,122.719,125.376,124.639,0.7226
mixed,16,14,0.875,4.0,64,1024,512,2048,1856,194.527,213.535,212.063,0.9226
mixed,16,14,0.875,4.0,64,1024,1024,4096,3712,357.502,389.534,391.166,1.0509
mixed,16,14,0.875,4.0,64,1024,2048,8192,7424,676.83,743.678,742.267,0.9789
mixed,16,14,0.875,4.0,64,1024,4096,16384,14848,1315.548,1444.954,1440.698,0.9671
mixed,16,14,0.875,4.0,64,2048,128,512,464,208.415,210.431,209.632,0.6037
mixed,16,14,0.875,4.0,64,2048,256,1024,928,209.182,211.519,210.43,0.534
mixed,16,14,0.875,4.0,64,2048,512,2048,1856,210.91,213.117,213.151,1.0154
mixed,16,14,0.875,4.0,64,2048,1024,4096,3712,356.96,388.67,390.208,1.0485
mixed,16,14,0.875,4.0,64,2048,2048,8192,7424,676.223,742.845,742.748,0.9985
mixed,16,14,0.875,4.0,64,2048,4096,16384,14848,1314.202,1446.01,1441.725,0.9675
mixed,16,14,0.875,4.0,64,4096,128,512,464,380.479,381.983,381.885,0.9348
mixed,16,14,0.875,4.0,64,4096,256,1024,928,380.447,382.685,382.143,0.7578
mixed,16,14,0.875,4.0,64,4096,512,2048,1856,383.614,384.989,383.294,-0.2327
mixed,16,14,0.875,4.0,64,4096,1024,4096,3712,388.19,392.861,389.566,0.2946
mixed,16,14,0.875,4.0,64,4096,2048,8192,7424,677.854,742.332,741.886,0.9931
mixed,16,14,0.875,4.0,64,4096,4096,16384,14848,1316.059,1444.027,1443.961,0.9995
mixed,16,14,0.875,4.0,64,8192,128,512,464,726.428,728.831,728.38,0.8123
mixed,16,14,0.875,4.0,64,8192,256,1024,928,727.357,729.437,728.99,0.7851
mixed,16,14,0.875,4.0,64,8192,512,2048,1856,728.062,731.005,730.845,0.9456
mixed,16,14,0.875,4.0,64,8192,1024,4096,3712,733.693,733.405,731.997,
mixed,16,14,0.875,4.0,64,8192,2048,8192,7424,742.461,744.51,742.3,-0.0786
mixed,16,14,0.875,4.0,64,8192,4096,16384,14848,1314.748,1447.098,1442.493,0.9652
mixed,16,14,0.875,4.0,128,0,128,512,464,73.087,80.672,80.318,0.9533
mixed,16,14,0.875,4.0,128,0,256,1024,928,116.864,126.269,124.991,0.8641
mixed,16,14,0.875,4.0,128,0,512,2048,1856,195.231,213.311,213.054,0.9858
mixed,16,14,0.875,4.0,128,0,1024,4096,3712,357.76,392.222,390.397,0.947
mixed,16,14,0.875,4.0,128,0,2048,8192,7424,677.692,743.549,745.502,1.0297
mixed,16,14,0.875,4.0,128,0,4096,16384,14848,1314.713,1446.65,1444.25,0.9818
mixed,16,14,0.875,4.0,128,512,128,512,464,82.305,82.527,82.079,-1.018
mixed,16,14,0.875,4.0,128,512,256,1024,928,116.319,125.536,125.471,0.9929
mixed,16,14,0.875,4.0,128,512,512,2048,1856,194.559,212.511,213.696,1.066
mixed,16,14,0.875,4.0,128,512,1024,4096,3712,357.12,391.296,390.656,0.9813
mixed,16,14,0.875,4.0,128,512,2048,8192,7424,678.812,746.109,743.548,0.9619
mixed,16,14,0.875,4.0,128,512,4096,16384,14848,1314.812,1445.532,1441.656,0.9703
mixed,16,14,0.875,4.0,128,1024,128,512,464,124.031,125.28,124.799,0.6149
mixed,16,14,0.875,4.0,128,1024,256,1024,928,124.543,126.752,125.952,0.6378
mixed,16,14,0.875,4.0,128,1024,512,2048,1856,195.614,213.186,212.829,0.9797
mixed,16,14,0.875,4.0,128,1024,1024,4096,3712,358.078,390.11,391.998,1.0589
mixed,16,14,0.875,4.0,128,1024,2048,8192,7424,678.971,744.063,745.597,1.0236
mixed,16,14,0.875,4.0,128,1024,4096,16384,14848,1317.116,1449.339,1442.811,0.9506
mixed,16,14,0.875,4.0,128,2048,128,512,464,210.11,211.904,211.39,0.7135
mixed,16,14,0.875,4.0,128,2048,256,1024,928,210.687,213.599,211.774,0.3733
mixed,16,14,0.875,4.0,128,2048,512,2048,1856,212.96,215.805,214.782,0.6404
mixed,16,14,0.875,4.0,128,2048,1024,4096,3712,358.014,390.3,390.429,1.004
mixed,16,14,0.875,4.0,128,2048,2048,8192,7424,676.924,744.284,744.637,1.0052
mixed,16,14,0.875,4.0,128,2048,4096,16384,14848,1315.451,1446.044,1441.754,0.9671
mixed,16,14,0.875,4.0,128,4096,128,512,464,381.79,384.062,383.455,0.7328
mixed,16,14,0.875,4.0,128,4096,256,1024,928,382.782,385.022,384.191,0.629
mixed,16,14,0.875,4.0,128,4096,512,2048,1856,384.99,387.327,386.782,0.7668
mixed,16,14,0.875,4.0,128,4096,1024,4096,3712,390.624,392.285,390.463,-0.0969
mixed,16,14,0.875,4.0,128,4096,2048,8192,7424,678.461,743.902,743.9,1.0
mixed,16,14,0.875,4.0,128,4096,4096,16384,14848,1316.955,1448.891,1443.644,0.9602
mixed,16,14,0.875,4.0,128,8192,128,512,464,729.948,731.899,730.559,0.3132
mixed,16,14,0.875,4.0,128,8192,256,1024,928,732.189,731.964,730.366,
mixed,16,14,0.875,4.0,128,8192,512,2048,1856,731.486,734.493,732.667,0.3928
mixed,16,14,0.875,4.0,128,8192,1024,4096,3712,738.716,740.126,735.644,-2.1787
mixed,16,14,0.875,4.0,128,8192,2048,8192,7424,746.492,746.942,747.069,1.2822
mixed,16,14,0.875,4.0,128,8192,4096,16384,14848,1319.323,1451.934,1447.803,0.9688
mixed,16,14,0.875,4.0,256,0,128,512,464,81.279,89.631,87.967,0.8008
mixed,16,14,0.875,4.0,256,0,256,1024,928,124.127,132.576,129.47,0.6324
mixed,16,14,0.875,4.0,256,0,512,2048,1856,197.151,218.624,214.494,0.8077
mixed,16,14,0.875,4.0,256,0,1024,4096,3712,359.615,392.797,391.23,0.9528
mixed,16,14,0.875,4.0,256,0,2048,8192,7424,679.517,745.63,746.782,1.0174
mixed,16,14,0.875,4.0,256,0,4096,16384,14848,1318.203,1449.628,1446.809,0.9786
mixed,16,14,0.875,4.0,256,512,128,512,464,96.32,96.127,96.833,
mixed,16,14,0.875,4.0,256,512,256,1024,928,123.392,133.182,130.528,0.7289
mixed,16,14,0.875,4.0,256,512,512,2048,1856,197.663,218.976,215.968,0.8589
mixed,16,14,0.875,4.0,256,512,1024,4096,3712,359.454,393.341,393.087,0.9925
mixed,16,14,0.875,4.0,256,512,2048,8192,7424,681.309,746.689,747.582,1.0137
mixed,16,14,0.875,4.0,256,512,4096,16384,14848,1317.918,1448.444,1445.115,0.9745
mixed,16,14,0.875,4.0,256,1024,128,512,464,137.311,138.941,138.24,0.5699
mixed,16,14,0.875,4.0,256,1024,256,1024,928,138.529,138.591,138.879,5.6452
mixed,16,14,0.875,4.0,256,1024,512,2048,1856,198.335,218.911,217.024,0.9083
mixed,16,14,0.875,4.0,256,1024,1024,4096,3712,360.192,392.543,392.8,1.0079
mixed,16,14,0.875,4.0,256,1024,2048,8192,7424,679.805,745.34,746.174,1.0127
mixed,16,14,0.875,4.0,256,1024,4096,16384,14848,1320.027,1451.482,1444.859,0.9496
mixed,16,14,0.875,4.0,256,2048,128,512,464,220.767,220.865,220.129,-6.5102
mixed,16,14,0.875,4.0,256,2048,256,1024,928,222.431,221.695,222.399,
mixed,16,14,0.875,4.0,256,2048,512,2048,1856,224.448,223.775,224.32,
mixed,16,14,0.875,4.0,256,2048,1024,4096,3712,363.2,394.302,393.727,0.9815
mixed,16,14,0.875,4.0,256,2048,2048,8192,7424,681.984,747.679,747.582,0.9985
mixed,16,14,0.875,4.0,256,2048,4096,16384,14848,1322.4,1451.485,1446.269,0.9596
mixed,16,14,0.875,4.0,256,4096,128,512,464,387.168,388.607,386.591,-0.401
mixed,16,14,0.875,4.0,256,4096,256,1024,928,389.728,391.007,389.856,0.1001
mixed,16,14,0.875,4.0,256,4096,512,2048,1856,390.303,391.039,388.959,-1.8261
mixed,16,14,0.875,4.0,256,4096,1024,4096,3712,395.422,398.785,395.615,0.0574
mixed,16,14,0.875,4.0,256,4096,2048,8192,7424,683.551,751.773,748.447,0.9512
mixed,16,14,0.875,4.0,256,4096,4096,16384,14848,1322.944,1457.406,1451.23,0.9541
mixed,16,14,0.875,4.0,256,8192,128,512,464,732.03,731.584,732.125,
mixed,16,14,0.875,4.0,256,8192,256,1024,928,733.853,733.535,732.51,
mixed,16,14,0.875,4.0,256,8192,512,2048,1856,736.988,737.533,734.973,-3.6972
mixed,16,14,0.875,4.0,256,8192,1024,4096,3712,742.299,744.605,741.661,-0.2767
mixed,16,14,0.875,4.0,256,8192,2048,8192,7424,752.83,757.183,752.543,-0.0659
mixed,16,14,0.875,4.0,256,8192,4096,16384,14848,1329.437,1463.996,1454.813,0.9318
mixed,16,14,0.875,4.0,512,0,128,512,464,116.128,124.769,118.272,0.2481
mixed,16,14,0.875,4.0,512,0,256,1024,928,157.888,167.361,163.232,0.5641
mixed,16,14,0.875,4.0,512,0,512,2048,1856,232.896,251.999,248.064,0.794
mixed,16,14,0.875,4.0,512,0,1024,4096,3712,390.973,419.009,415.742,0.8835
mixed,16,14,0.875,4.0,512,0,2048,8192,7424,695.454,760.382,753.982,0.9014
mixed,16,14,0.875,4.0,512,0,4096,16384,14848,1320.189,1455.421,1446.813,0.9363
mixed,16,14,0.875,4.0,512,512,128,512,464,131.648,146.4,142.752,0.7527
mixed,16,14,0.875,4.0,512,512,256,1024,928,201.346,213.757,196.959,-0.3535
mixed,16,14,0.875,4.0,512,512,512,2048,1856,286.144,305.856,293.215,0.3587
mixed,16,14,0.875,4.0,512,512,1024,4096,3712,451.583,488.415,480.35,0.781
mixed,16,14,0.875,4.0,512,512,2048,8192,7424,782.24,853.282,832.925,0.7135
mixed,16,14,0.875,4.0,512,512,4096,16384,14848,1435.006,1576.059,1551.517,0.826
mixed,16,14,0.875,4.0,512,1024,128,512,464,173.279,174.656,173.856,0.419
mixed,16,14,0.875,4.0,512,1024,256,1024,928,217.92,237.279,231.134,0.6826
mixed,16,14,0.875,4.0,512,1024,512,2048,1856,327.584,349.919,332.414,0.2163
mixed,16,14,0.875,4.0,512,1024,1024,4096,3712,499.839,531.935,516.479,0.5184
mixed,16,14,0.875,4.0,512,1024,2048,8192,7424,826.717,896.895,881.949,0.787
mixed,16,14,0.875,4.0,512,1024,4096,16384,14848,1489.121,1625.596,1591.542,0.7505
mixed,16,14,0.875,4.0,512,2048,128,512,464,256.447,257.44,257.599,1.1601
mixed,16,14,0.875,4.0,512,2048,256,1024,928,258.654,258.879,257.952,-3.12
mixed,16,14,0.875,4.0,512,2048,512,2048,1856,374.879,415.58,410.557,0.8766
mixed,16,14,0.875,4.0,512,2048,1024,4096,3712,581.983,614.238,600.032,0.5596
mixed,16,14,0.875,4.0,512,2048,2048,8192,7424,912.029,978.4,962.012,0.7531
mixed,16,14,0.875,4.0,512,2048,4096,16384,14848,1576.702,1704.285,1683.131,0.8342
mixed,16,14,0.875,4.0,512,4096,128,512,464,423.838,422.944,422.655,
mixed,16,14,0.875,4.0,512,4096,256,1024,928,424.639,424.35,423.456,
mixed,16,14,0.875,4.0,512,4096,512,2048,1856,427.775,427.392,429.182,
mixed,16,14,0.875,4.0,512,4096,1024,4096,3712,703.455,769.599,767.647,0.9705
mixed,16,14,0.875,4.0,512,4096,2048,8192,7424,1075.805,1148.893,1129.084,0.729
mixed,16,14,0.875,4.0,512,4096,4096,16384,14848,1739.453,1871.837,1850.27,0.8371
mixed,16,14,0.875,4.0,512,8192,128,512,464,755.838,754.91,755.294,
mixed,16,14,0.875,4.0,512,8192,256,1024,928,757.981,757.215,758.527,
mixed,16,14,0.875,4.0,512,8192,512,2048,1856,760.896,761.183,758.558,-8.1463
mixed,16,14,0.875,4.0,512,8192,1024,4096,3712,764.348,776.223,770.141,0.4878
mixed,16,14,0.875,4.0,512,8192,2048,8192,7424,1349.63,1481.982,1476.509,0.9586
mixed,16,14,0.875,4.0,512,8192,4096,16384,14848,2081.723,2215.611,2196.701,0.8588
mixed,16,14,0.875,4.0,1024,0,128,512,464,177.824,183.776,179.168,0.2258
mixed,16,14,0.875,4.0,1024,0,256,1024,928,222.56,237.377,229.025,0.4363
mixed,16,14,0.875,4.0,1024,0,512,2048,1856,335.168,358.624,333.152,-0.0859
mixed,16,14,0.875,4.0,1024,0,1024,4096,3712,514.912,546.846,526.591,0.3657
mixed,16,14,0.875,4.0,1024,0,2048,8192,7424,850.941,923.262,906.301,0.7655
mixed,16,14,0.875,4.0,1024,0,4096,16384,14848,1500.186,1648.413,1621.245,0.8167
mixed,16,14,0.875,4.0,1024,512,128,512,464,232.031,240.32,237.344,0.641
mixed,16,14,0.875,4.0,1024,512,256,1024,928,263.52,267.327,262.91,-0.1602
mixed,16,14,0.875,4.0,1024,512,512,2048,1856,368.446,394.493,371.487,0.1168
mixed,16,14,0.875,4.0,1024,512,1024,4096,3712,577.599,596.096,560.542,-0.9221
mixed,16,14,0.875,4.0,1024,512,2048,8192,7424,916.67,971.425,944.701,0.5119
mixed,16,14,0.875,4.0,1024,512,4096,16384,14848,1591.261,1728.574,1677.05,0.6248
mixed,16,14,0.875,4.0,1024,1024,128,512,464,276.321,285.44,282.305,0.6562
mixed,16,14,0.875,4.0,1024,1024,256,1024,928,318.335,325.918,323.327,0.6583
mixed,16,14,0.875,4.0,1024,1024,512,2048,1856,376.67,413.921,406.912,0.8118
mixed,16,14,0.875,4.0,1024,1024,1024,4096,3712,613.278,659.582,604.672,-0.1859
mixed,16,14,0.875,4.0,1024,1024,2048,8192,7424,953.438,1021.821,990.271,0.5386
mixed,16,14,0.875,4.0,1024,1024,4096,16384,14848,1612.22,1757.02,1721.277,0.7532
mixed,16,14,0.875,4.0,1024,2048,128,512,464,360.895,370.847,368.669,0.7811
mixed,16,14,0.875,4.0,1024,2048,256,1024,928,407.231,415.359,410.143,0.3583
mixed,16,14,0.875,4.0,1024,2048,512,2048,1856,482.301,499.872,494.591,0.6994
mixed,16,14,0.875,4.0,1024,2048,1024,4096,3712,669.087,714.141,690.302,0.4709
mixed,16,14,0.875,4.0,1024,2048,2048,8192,7424,1039.101,1103.262,1056.445,0.2703
mixed,16,14,0.875,4.0,1024,2048,4096,16384,14848,1704.636,1836.06,1799.453,0.7215
mixed,16,14,0.875,4.0,1024,4096,128,512,464,526.272,539.296,534.144,0.6044
mixed,16,14,0.875,4.0,1024,4096,256,1024,928,571.614,583.229,579.358,0.6667
mixed,16,14,0.875,4.0,1024,4096,512,2048,1856,653.694,671.997,668.415,0.8043
mixed,16,14,0.875,4.0,1024,4096,1024,4096,3712,810.655,841.277,835.518,0.8119
mixed,16,14,0.875,4.0,1024,4096,2048,8192,7424,1188.286,1258.751,1248.861,0.8596
mixed,16,14,0.875,4.0,1024,4096,4096,16384,14848,1871.806,1990.812,1957.211,0.7177
mixed,16,14,0.875,4.0,1024,8192,128,512,464,864.542,875.488,872.927,0.766
mixed,16,14,0.875,4.0,1024,8192,256,1024,928,910.81,923.804,918.174,0.5667
mixed,16,14,0.875,4.0,1024,8192,512,2048,1856,989.338,1014.91,1010.559,0.8299
mixed,16,14,0.875,4.0,1024,8192,1024,4096,3712,1157.375,1186.941,1182.845,0.8615
mixed,16,14,0.875,4.0,1024,8192,2048,8192,7424,1470.814,1529.569,1525.053,0.9231
mixed,16,14,0.875,4.0,1024,8192,4096,16384,14848,2169.916,2309.179,2304.093,0.9635
mixed,16,14,0.875,4.0,2048,0,128,512,464,358.882,364.286,363.422,0.8401
mixed,16,14,0.875,4.0,2048,0,256,1024,928,374.335,377.791,376.51,0.6293
mixed,16,14,0.875,4.0,2048,0,512,2048,1856,466.56,497.216,477.023,0.3413
mixed,16,14,0.875,4.0,2048,0,1024,4096,3712,762.591,820.639,770.88,0.1428
mixed,16,14,0.875,4.0,2048,0,2048,8192,7424,1296.414,1383.549,1282.846,-0.1557
mixed,16,14,0.875,4.0,2048,0,4096,16384,14848,2293.339,2519.515,2250.075,-0.1913
mixed,16,14,0.875,4.0,2048,512,128,512,464,444.705,449.344,450.076,1.1578
mixed,16,14,0.875,4.0,2048,512,256,1024,928,459.968,472.158,467.617,0.6275
mixed,16,14,0.875,4.0,2048,512,512,2048,1856,531.229,565.824,545.279,0.4061
mixed,16,14,0.875,4.0,2048,512,1024,4096,3712,818.718,888.285,844.414,0.3694
mixed,16,14,0.875,4.0,2048,512,2048,8192,7424,1402.205,1523.39,1417.532,0.1265
mixed,16,14,0.875,4.0,2048,512,4096,16384,14848,2538.947,2767.932,2568.765,0.1302
mixed,16,14,0.875,4.0,2048,1024,128,512,464,530.686,531.775,533.346,2.4426
mixed,16,14,0.875,4.0,2048,1024,256,1024,928,545.376,553.504,551.744,0.7835
mixed,16,14,0.875,4.0,2048,1024,512,2048,1856,604.736,626.658,603.484,-0.0571
mixed,16,14,0.875,4.0,2048,1024,1024,4096,3712,865.44,922.24,882.143,0.2941
mixed,16,14,0.875,4.0,2048,1024,2048,8192,7424,1463.709,1590.113,1467.198,0.0276
mixed,16,14,0.875,4.0,2048,1024,4096,16384,14848,2608.664,2843.772,2616.281,0.0324
mixed,16,14,0.875,4.0,2048,2048,128,512,464,697.502,699.168,698.302,0.4802
mixed,16,14,0.875,4.0,2048,2048,256,1024,928,715.934,716.959,722.366,6.2751
mixed,16,14,0.875,4.0,2048,2048,512,2048,1856,764.928,800.223,785.184,0.5739
mixed,16,14,0.875,4.0,2048,2048,1024,4096,3712,980.862,1036.704,984.478,0.0648
mixed,16,14,0.875,4.0,2048,2048,2048,8192,7424,1613.406,1731.552,1599.388,-0.1186
mixed,16,14,0.875,4.0,2048,2048,4096,16384,14848,2746.138,2987.385,2768.636,0.0933
mixed,16,14,0.875,4.0,2048,4096,128,512,464,1028.606,1032.191,1033.822,1.455
mixed,16,14,0.875,4.0,2048,4096,256,1024,928,1047.68,1051.453,1050.847,0.8394
mixed,16,14,0.875,4.0,2048,4096,512,2048,1856,1050.716,1054.434,1050.11,-0.163
mixed,16,14,0.875,4.0,2048,4096,1024,4096,3712,1274.334,1322.624,1300.415,0.5401
mixed,16,14,0.875,4.0,2048,4096,2048,8192,7424,1725.885,1822.78,1727.134,0.0129
mixed,16,14,0.875,4.0,2048,4096,4096,16384,14848,3027.581,3240.058,2978.233,-0.2323
mixed,16,14,0.875,4.0,2048,8192,128,512,464,1692.895,1695.773,1698.11,1.812
mixed,16,14,0.875,4.0,2048,8192,256,1024,928,1717.788,1719.326,1719.875,1.357
mixed,16,14,0.875,4.0,2048,8192,512,2048,1856,1715.517,1718.846,1722.27,2.0285
mixed,16,14,0.875,4.0,2048,8192,1024,4096,3712,1717.534,1718.047,1726.749,17.963
mixed,16,14,0.875,4.0,2048,8192,2048,8192,7424,2257.404,2345.052,2305.789,0.552
mixed,16,14,0.875,4.0,2048,8192,4096,16384,14848,3249.917,3468.923,3298.009,0.2196
pure,32,1,0.0312,4.0,0,0,128,512,140,64.927,105.568,69.408,0.1103
pure,32,1,0.0312,4.0,0,0,256,1024,280,85.217,152.064,84.48,-0.011
pure,32,1,0.0312,4.0,0,0,512,2048,560,110.399,239.392,117.826,0.0576
pure,32,1,0.0312,4.0,0,0,1024,4096,1120,161.633,401.28,180.192,0.0774
pure,32,1,0.0312,4.0,0,0,2048,8192,2240,254.495,731.805,291.199,0.0769
pure,32,1,0.0312,4.0,0,0,4096,16384,4480,434.049,1401.312,536.96,0.1064
mixed,32,1,0.0312,4.0,16,0,128,512,140,74.784,143.103,101.793,0.3953
mixed,32,1,0.0312,4.0,16,0,256,1024,280,98.495,240.383,155.551,0.4021
mixed,32,1,0.0312,4.0,16,0,512,2048,560,145.791,428.479,263.487,0.4163
mixed,32,1,0.0312,4.0,16,0,1024,4096,1120,248.897,805.086,490.719,0.4348
mixed,32,1,0.0312,4.0,16,0,2048,8192,2240,454.59,1565.181,930.654,0.4287
mixed,32,1,0.0312,4.0,16,0,4096,16384,4480,878.686,3079.261,1814.977,0.4255
mixed,32,1,0.0312,4.0,16,512,128,512,140,107.36,147.263,106.272,-0.0273
mixed,32,1,0.0312,4.0,16,512,256,1024,280,119.775,239.744,160.032,0.3356
mixed,32,1,0.0312,4.0,16,512,512,2048,560,150.304,432.096,268.992,0.4212
mixed,32,1,0.0312,4.0,16,512,1024,4096,1120,248.0,811.135,485.47,0.4217
mixed,32,1,0.0312,4.0,16,512,2048,8192,2240,457.183,1571.9,934.045,0.4278
mixed,32,1,0.0312,4.0,16,512,4096,16384,4480,884.447,3092.444,1818.972,0.4232
mixed,32,1,0.0312,4.0,16,1024,128,512,140,148.481,186.304,147.648,-0.022
mixed,32,1,0.0312,4.0,16,1024,256,1024,280,161.537,241.856,160.829,-0.0088
mixed,32,1,0.0312,4.0,16,1024,512,2048,560,186.719,432.512,271.872,0.3464
mixed,32,1,0.0312,4.0,16,1024,1024,4096,1120,250.848,812.321,491.645,0.4289
mixed,32,1,0.0312,4.0,16,1024,2048,8192,2240,460.447,1574.846,930.59,0.4219
mixed,32,1,0.0312,4.0,16,1024,4096,16384,4480,885.182,3081.946,1813.278,0.4225
mixed,32,1,0.0312,4.0,16,2048,128,512,140,231.359,272.224,230.528,-0.0203
mixed,32,1,0.0312,4.0,16,2048,256,1024,280,244.576,326.718,245.214,0.0078
mixed,32,1,0.0312,4.0,16,2048,512,2048,560,274.432,433.791,272.0,-0.0153
mixed,32,1,0.0312,4.0,16,2048,1024,4096,1120,331.872,814.365,492.894,0.3337
mixed,32,1,0.0312,4.0,16,2048,2048,8192,2240,454.592,1574.622,932.543,0.4267
mixed,32,1,0.0312,4.0,16,2048,4096,16384,4480,886.976,3083.488,1815.933,0.4229
mixed,32,1,0.0312,4.0,16,4096,128,512,140,396.415,436.127,395.648,-0.0193
mixed,32,1,0.0312,4.0,16,4096,256,1024,280,410.623,491.262,409.567,-0.0131
mixed,32,1,0.0312,4.0,16,4096,512,2048,560,438.301,603.679,440.448,0.013
mixed,32,1,0.0312,4.0,16,4096,1024,4096,1120,496.32,815.872,494.049,-0.0071
mixed,32,1,0.0312,4.0,16,4096,2048,8192,2240,615.616,1577.662,933.374,0.3303
mixed,32,1,0.0312,4.0,16,4096,4096,16384,4480,881.12,3072.922,1820.123,0.4284
mixed,32,1,0.0312,4.0,16,8192,128,512,140,728.096,765.088,729.281,0.032
mixed,32,1,0.0312,4.0,16,8192,256,1024,280,740.352,824.288,741.278,0.011
mixed,32,1,0.0312,4.0,16,8192,512,2048,560,768.672,935.422,767.676,-0.006
mixed,32,1,0.0312,4.0,16,8192,1024,4096,1120,829.662,1153.278,824.319,-0.0165
mixed,32,1,0.0312,4.0,16,8192,2048,8192,2240,950.687,1575.647,938.527,-0.0195
mixed,32,1,0.0312,4.0,16,8192,4096,16384,4480,1193.086,3088.477,1821.533,0.3316
mixed,32,1,0.0312,4.0,32,0,128,512,140,74.208,144.543,101.729,0.3913
mixed,32,1,0.0312,4.0,32,0,256,1024,280,98.208,241.536,155.262,0.3981
mixed,32,1,0.0312,4.0,32,0,512,2048,560,147.487,431.263,265.375,0.4154
mixed,32,1,0.0312,4.0,32,0,1024,4096,1120,249.152,806.944,491.681,0.4348
mixed,32,1,0.0312,4.0,32,0,2048,8192,2240,457.92,1563.742,929.824,0.4267
mixed,32,1,0.0312,4.0,32,0,4096,16384,4480,880.255,3072.765,1815.038,0.4264
mixed,32,1,0.0312,4.0,32,512,128,512,140,108.736,147.648,107.808,-0.0238
mixed,32,1,0.0312,4.0,32,512,256,1024,280,121.215,242.113,159.264,0.3147
mixed,32,1,0.0312,4.0,32,512,512,2048,560,150.88,434.366,269.758,0.4193
mixed,32,1,0.0312,4.0,32,512,1024,4096,1120,251.936,811.871,487.901,0.4214
mixed,32,1,0.0312,4.0,32,512,2048,8192,2240,460.863,1565.982,933.278,0.4275
mixed,32,1,0.0312,4.0,32,512,4096,16384,4480,879.167,3080.028,1818.139,0.4266
mixed,32,1,0.0312,4.0,32,1024,128,512,140,149.727,189.087,148.992,-0.0187
mixed,32,1,0.0312,4.0,32,1024,256,1024,280,162.623,246.848,162.528,-0.0011
mixed,32,1,0.0312,4.0,32,1024,512,2048,560,190.495,431.774,268.415,0.3229
mixed,32,1,0.0312,4.0,32,1024,1024,4096,1120,250.944,813.056,492.352,0.4295
mixed,32,1,0.0312,4.0,32,1024,2048,8192,2240,459.006,1574.626,932.831,0.4247
mixed,32,1,0.0312,4.0,32,1024,4096,16384,4480,884.864,3090.334,1814.814,0.4217
mixed,32,1,0.0312,4.0,32,2048,128,512,140,232.574,272.638,231.871,-0.0175
mixed,32,1,0.0312,4.0,32,2048,256,1024,280,245.28,326.88,245.408,0.0016
mixed,32,1,0.0312,4.0,32,2048,512,2048,560,275.039,434.592,273.79,-0.0078
mixed,32,1,0.0312,4.0,32,2048,1024,4096,1120,334.977,814.718,494.625,0.3328
mixed,32,1,0.0312,4.0,32,2048,2048,8192,2240,456.705,1572.288,935.296,0.429
mixed,32,1,0.0312,4.0,32,2048,4096,16384,4480,888.031,3084.125,1818.525,0.4237
mixed,32,1,0.0312,4.0,32,4096,128,512,140,398.013,437.375,397.505,-0.0129
mixed,32,1,0.0312,4.0,32,4096,256,1024,280,411.422,496.192,410.145,-0.0151
mixed,32,1,0.0312,4.0,32,4096,512,2048,560,435.391,605.663,437.12,0.0102
mixed,32,1,0.0312,4.0,32,4096,1024,4096,1120,498.974,812.193,497.984,-0.0032
mixed,32,1,0.0312,4.0,32,4096,2048,8192,2240,616.256,1579.552,933.023,0.3288
mixed,32,1,0.0312,4.0,32,4096,4096,16384,4480,879.583,3081.468,1816.891,0.4257
mixed,32,1,0.0312,4.0,32,8192,128,512,140,727.775,768.287,729.727,0.0482
mixed,32,1,0.0312,4.0,32,8192,256,1024,280,741.951,826.687,740.384,-0.0185
mixed,32,1,0.0312,4.0,32,8192,512,2048,560,769.728,939.362,768.926,-0.0047
mixed,32,1,0.0312,4.0,32,8192,1024,4096,1120,832.896,1156.065,829.342,-0.011
mixed,32,1,0.0312,4.0,32,8192,2048,8192,2240,953.248,1571.807,941.887,-0.0184
mixed,32,1,0.0312,4.0,32,8192,4096,16384,4480,1193.152,3084.572,1824.927,0.334
mixed,32,1,0.0312,4.0,64,0,128,512,140,74.784,145.28,102.655,0.3954
mixed,32,1,0.0312,4.0,64,0,256,1024,280,98.719,243.871,155.584,0.3918
mixed,32,1,0.0312,4.0,64,0,512,2048,560,149.6,432.736,266.464,0.4127
mixed,32,1,0.0312,4.0,64,0,1024,4096,1120,250.591,809.345,492.64,0.4332
mixed,32,1,0.0312,4.0,64,0,2048,8192,2240,459.008,1564.191,931.678,0.4277
mixed,32,1,0.0312,4.0,64,0,4096,16384,4480,881.727,3058.685,1808.061,0.4255
mixed,32,1,0.0312,4.0,64,512,128,512,140,110.945,150.205,109.313,-0.0416
mixed,32,1,0.0312,4.0,64,512,256,1024,280,124.864,243.616,160.704,0.3018
mixed,32,1,0.0312,4.0,64,512,512,2048,560,153.216,435.425,269.984,0.4138
mixed,32,1,0.0312,4.0,64,512,1024,4096,1120,251.169,811.488,489.216,0.4248
mixed,32,1,0.0312,4.0,64,512,2048,8192,2240,461.79,1574.878,932.384,0.4228
mixed,32,1,0.0312,4.0,64,512,4096,16384,4480,891.073,3075.421,1817.757,0.4242
mixed,32,1,0.0312,4.0,64,1024,128,512,140,151.584,189.952,151.168,-0.0108
mixed,32,1,0.0312,4.0,64,1024,256,1024,280,165.76,245.92,163.806,-0.0244
mixed,32,1,0.0312,4.0,64,1024,512,2048,560,193.28,435.648,271.072,0.321
mixed,32,1,0.0312,4.0,64,1024,1024,4096,1120,251.424,813.982,495.936,0.4346
mixed,32,1,0.0312,4.0,64,1024,2048,8192,2240,464.415,1573.343,932.798,0.4224
mixed,32,1,0.0312,4.0,64,1024,4096,16384,4480,888.956,3081.949,1819.359,0.4243
mixed,32,1,0.0312,4.0,64,2048,128,512,140,234.88,274.431,233.664,-0.0307
mixed,32,1,0.0312,4.0,64,2048,256,1024,280,248.832,331.232,246.464,-0.0287
mixed,32,1,0.0312,4.0,64,2048,512,2048,560,277.855,434.078,276.48,-0.0088
mixed,32,1,0.0312,4.0,64,2048,1024,4096,1120,335.713,812.159,497.408,0.3394
mixed,32,1,0.0312,4.0,64,2048,2048,8192,2240,458.047,1576.287,936.928,0.4282
mixed,32,1,0.0312,4.0,64,2048,4096,16384,4480,889.954,3077.404,1818.782,0.4246
mixed,32,1,0.0312,4.0,64,4096,128,512,140,400.546,438.784,398.654,-0.0495
mixed,32,1,0.0312,4.0,64,4096,256,1024,280,414.208,496.256,412.32,-0.023
mixed,32,1,0.0312,4.0,64,4096,512,2048,560,441.791,608.926,439.939,-0.0111
mixed,32,1,0.0312,4.0,64,4096,1024,4096,1120,500.864,815.839,498.174,-0.0085
mixed,32,1,0.0312,4.0,64,4096,2048,8192,2240,618.817,1574.272,936.256,0.3322
mixed,32,1,0.0312,4.0,64,4096,4096,16384,4480,886.303,3087.615,1819.807,0.4241
mixed,32,1,0.0312,4.0,64,8192,128,512,140,731.168,771.006,732.8,0.041
mixed,32,1,0.0312,4.0,64,8192,256,1024,280,742.912,829.537,742.749,-0.0019
mixed,32,1,0.0312,4.0,64,8192,512,2048,560,769.248,942.622,772.128,0.0166
mixed,32,1,0.0312,4.0,64,8192,1024,4096,1120,833.792,1154.271,827.584,-0.0194
mixed,32,1,0.0312,4.0,64,8192,2048,8192,2240,957.505,1574.654,940.704,-0.0272
mixed,32,1,0.0312,4.0,64,8192,4096,16384,4480,1203.262,3104.351,1821.182,0.325
mixed,32,1,0.0312,4.0,128,0,128,512,140,77.152,146.912,104.064,0.3858
mixed,32,1,0.0312,4.0,128,0,256,1024,280,100.575,247.841,157.248,0.3848
mixed,32,1,0.0312,4.0,128,0,512,2048,560,152.415,434.943,266.369,0.4033
mixed,32,1,0.0312,4.0,128,0,1024,4096,1120,252.448,812.096,498.304,0.4393
mixed,32,1,0.0312,4.0,128,0,2048,8192,2240,462.561,1568.703,939.584,0.4312
mixed,32,1,0.0312,4.0,128,0,4096,16384,4480,886.111,3061.728,1814.655,0.4268
mixed,32,1,0.0312,4.0,128,512,128,512,140,111.712,149.824,109.952,-0.0462
mixed,32,1,0.0312,4.0,128,512,256,1024,280,125.12,242.817,160.129,0.2975
mixed,32,1,0.0312,4.0,128,512,512,2048,560,154.91,440.8,270.239,0.4034
mixed,32,1,0.0312,4.0,128,512,1024,4096,1120,253.152,823.71,491.455,0.4177
mixed,32,1,0.0312,4.0,128,512,2048,8192,2240,469.407,1590.88,940.351,0.4199
mixed,32,1,0.0312,4.0,128,512,4096,16384,4480,898.656,3131.201,1827.358,0.416
mixed,32,1,0.0312,4.0,128,1024,128,512,140,153.216,191.102,151.904,-0.0346
mixed,32,1,0.0312,4.0,128,1024,256,1024,280,166.496,247.553,164.224,-0.028
mixed,32,1,0.0312,4.0,128,1024,512,2048,560,192.543,441.312,272.895,0.323
mixed,32,1,0.0312,4.0,128,1024,1024,4096,1120,252.736,826.944,494.655,0.4213
mixed,32,1,0.0312,4.0,128,1024,2048,8192,2240,468.704,1597.662,944.161,0.4211
mixed,32,1,0.0312,4.0,128,1024,4096,16384,4480,900.321,3122.686,1830.751,0.4187
mixed,32,1,0.0312,4.0,128,2048,128,512,140,236.896,274.72,234.527,-0.0626
mixed,32,1,0.0312,4.0,128,2048,256,1024,280,250.431,331.071,247.873,-0.0317
mixed,32,1,0.0312,4.0,128,2048,512,2048,560,277.857,435.936,276.127,-0.0109
mixed,32,1,0.0312,4.0,128,2048,1024,4096,1120,335.936,829.248,497.087,0.3267
mixed,32,1,0.0312,4.0,128,2048,2048,8192,2240,460.736,1598.176,934.881,0.4169
mixed,32,1,0.0312,4.0,128,2048,4096,16384,4480,905.311,3125.983,1835.104,0.4187
mixed,32,1,0.0312,4.0,128,4096,128,512,140,401.919,439.905,400.544,-0.0362
mixed,32,1,0.0312,4.0,128,4096,256,1024,280,415.26,496.224,413.121,-0.0264
mixed,32,1,0.0312,4.0,128,4096,512,2048,560,441.824,605.054,441.92,0.0006
mixed,32,1,0.0312,4.0,128,4096,1024,4096,1120,501.792,814.976,497.888,-0.0125
mixed,32,1,0.0312,4.0,128,4096,2048,8192,2240,618.304,1603.649,935.263,0.3217
mixed,32,1,0.0312,4.0,128,4096,4096,16384,4480,884.288,3148.095,1813.374,0.4104
mixed,32,1,0.0312,4.0,128,8192,128,512,140,732.704,774.208,732.864,0.0039
mixed,32,1,0.0312,4.0,128,8192,256,1024,280,747.36,830.399,743.871,-0.042
mixed,32,1,0.0312,4.0,128,8192,512,2048,560,775.81,944.225,772.926,-0.0171
mixed,32,1,0.0312,4.0,128,8192,1024,4096,1120,834.463,1163.329,830.239,-0.0128
mixed,32,1,0.0312,4.0,128,8192,2048,8192,2240,953.92,1571.264,940.961,-0.021
mixed,32,1,0.0312,4.0,128,8192,4096,16384,4480,1200.479,3176.668,1824.223,0.3156
mixed,32,1,0.0312,4.0,256,0,128,512,140,85.92,151.232,109.599,0.3626
mixed,32,1,0.0312,4.0,256,0,256,1024,280,107.392,257.055,160.928,0.3577
mixed,32,1,0.0312,4.0,256,0,512,2048,560,154.851,445.695,271.296,0.4004
mixed,32,1,0.0312,4.0,256,0,1024,4096,1120,261.727,822.816,504.226,0.4322
mixed,32,1,0.0312,4.0,256,0,2048,8192,2240,471.488,1577.823,945.088,0.4281
mixed,32,1,0.0312,4.0,256,0,4096,16384,4480,894.304,3067.839,1821.728,0.4267
mixed,32,1,0.0312,4.0,256,512,128,512,140,125.792,161.535,125.248,-0.0152
mixed,32,1,0.0312,4.0,256,512,256,1024,280,138.047,248.928,165.567,0.2482
mixed,32,1,0.0312,4.0,256,512,512,2048,560,163.423,466.209,275.2,0.3692
mixed,32,1,0.0312,4.0,256,512,1024,4096,1120,263.648,877.728,495.902,0.3782
mixed,32,1,0.0312,4.0,256,512,2048,8192,2240,497.887,1706.048,961.92,0.3841
mixed,32,1,0.0312,4.0,256,512,4096,16384,4480,956.063,3348.733,1880.415,0.3863
mixed,32,1,0.0312,4.0,256,1024,128,512,140,167.456,203.906,166.272,-0.0325
mixed,32,1,0.0312,4.0,256,1024,256,1024,280,179.936,249.856,179.264,-0.0096
mixed,32,1,0.0312,4.0,256,1024,512,2048,560,204.737,472.128,274.4,0.2605
mixed,32,1,0.0312,4.0,256,1024,1024,4096,1120,252.479,882.977,498.24,0.3898
mixed,32,1,0.0312,4.0,256,1024,2048,8192,2240,498.624,1702.589,968.511,0.3903
mixed,32,1,0.0312,4.0,256,1024,4096,16384,4480,958.815,3353.853,1880.032,0.3846
mixed,32,1,0.0312,4.0,256,2048,128,512,140,251.264,287.679,250.335,-0.0255
mixed,32,1,0.0312,4.0,256,2048,256,1024,280,263.744,332.768,261.6,-0.0311
mixed,32,1,0.0312,4.0,256,2048,512,2048,560,289.12,437.472,287.072,-0.0138
mixed,32,1,0.0312,4.0,256,2048,1024,4096,1120,336.868,885.342,498.464,0.2946
mixed,32,1,0.0312,4.0,256,2048,2048,8192,2240,459.392,1717.727,937.631,0.3801
mixed,32,1,0.0312,4.0,256,2048,4096,16384,4480,975.327,3348.958,1894.589,0.3873
mixed,32,1,0.0312,4.0,256,4096,128,512,140,416.0,452.705,415.906,-0.0026
mixed,32,1,0.0312,4.0,256,4096,256,1024,280,428.992,499.169,427.84,-0.0164
mixed,32,1,0.0312,4.0,256,4096,512,2048,560,454.305,608.129,453.408,-0.0058
mixed,32,1,0.0312,4.0,256,4096,1024,4096,1120,504.544,813.824,502.783,-0.0057
mixed,32,1,0.0312,4.0,256,4096,2048,8192,2240,621.76,1736.576,939.007,0.2846
mixed,32,1,0.0312,4.0,256,4096,4096,16384,4480,880.576,3379.647,1818.815,0.3754
mixed,32,1,0.0312,4.0,256,8192,128,512,140,747.808,786.59,747.84,0.0008
mixed,32,1,0.0312,4.0,256,8192,256,1024,280,762.274,834.491,760.64,-0.0226
mixed,32,1,0.0312,4.0,256,8192,512,2048,560,787.614,942.304,785.248,-0.0153
mixed,32,1,0.0312,4.0,256,8192,1024,4096,1120,836.895,1156.862,837.537,0.002
mixed,32,1,0.0312,4.0,256,8192,2048,8192,2240,953.568,1578.431,946.145,-0.0119
mixed,32,1,0.0312,4.0,256,8192,4096,16384,4480,1197.44,3434.208,1825.919,0.281
mixed,32,1,0.0312,4.0,512,0,128,512,140,114.816,172.414,122.112,0.1267
mixed,32,1,0.0312,4.0,512,0,256,1024,280,131.936,280.64,172.768,0.2746
mixed,32,1,0.0312,4.0,512,0,512,2048,560,172.608,499.392,285.534,0.3456
mixed,32,1,0.0312,4.0,512,0,1024,4096,1120,296.032,907.776,526.943,0.3775
mixed,32,1,0.0312,4.0,512,0,2048,8192,2240,533.952,1682.209,995.776,0.4022
mixed,32,1,0.0312,4.0,512,0,4096,16384,4480,978.848,3271.231,1901.151,0.4023
mixed,32,1,0.0312,4.0,512,512,128,512,140,161.312,194.914,160.96,-0.0105
mixed,32,1,0.0312,4.0,512,512,256,1024,280,173.119,265.053,179.456,0.0689
mixed,32,1,0.0312,4.0,512,512,512,2048,560,194.657,506.975,286.4,0.2937
mixed,32,1,0.0312,4.0,512,512,1024,4096,1120,269.567,961.311,493.376,0.3235
mixed,32,1,0.0312,4.0,512,512,2048,8192,2240,544.223,1883.103,999.71,0.3402
mixed,32,1,0.0312,4.0,512,512,4096,16384,4480,1048.64,3786.528,1964.192,0.3344
mixed,32,1,0.0312,4.0,512,1024,128,512,140,202.527,237.568,202.336,-0.0055
mixed,32,1,0.0312,4.0,512,1024,256,1024,280,214.72,281.12,213.247,-0.0222
mixed,32,1,0.0312,4.0,512,1024,512,2048,560,237.887,497.407,287.521,0.1913
mixed,32,1,0.0312,4.0,512,1024,1024,4096,1120,283.167,962.37,503.839,0.3249
mixed,32,1,0.0312,4.0,512,1024,2048,8192,2240,534.786,1878.175,995.582,0.343
mixed,32,1,0.0312,4.0,512,1024,4096,16384,4480,1048.704,3722.552,1962.622,0.3418
mixed,32,1,0.0312,4.0,512,2048,128,512,140,283.775,321.375,284.703,0.0247
mixed,32,1,0.0312,4.0,512,2048,256,1024,280,298.176,366.56,297.601,-0.0084
mixed,32,1,0.0312,4.0,512,2048,512,2048,560,322.496,459.456,322.593,0.0007
mixed,32,1,0.0312,4.0,512,2048,1024,4096,1120,370.785,935.072,506.144,0.2399
mixed,32,1,0.0312,4.0,512,2048,2048,8192,2240,472.127,1867.171,936.576,0.3329
mixed,32,1,0.0312,4.0,512,2048,4096,16384,4480,1025.056,3737.859,1928.834,0.3332
mixed,32,1,0.0312,4.0,512,4096,128,512,140,451.776,488.798,450.367,-0.0381
mixed,32,1,0.0312,4.0,512,4096,256,1024,280,463.168,532.416,463.296,0.0018
mixed,32,1,0.0312,4.0,512,4096,512,2048,560,488.16,627.456,488.896,0.0053
mixed,32,1,0.0312,4.0,512,4096,1024,4096,1120,535.392,823.007,535.009,-0.0013
mixed,32,1,0.0312,4.0,512,4096,2048,8192,2240,648.928,1828.671,948.192,0.2537
mixed,32,1,0.0312,4.0,512,4096,4096,16384,4480,900.095,3707.423,1820.224,0.3278
mixed,32,1,0.0312,4.0,512,8192,128,512,140,783.647,820.384,782.975,-0.0183
mixed,32,1,0.0312,4.0,512,8192,256,1024,280,798.08,867.327,796.158,-0.0278
mixed,32,1,0.0312,4.0,512,8192,512,2048,560,819.486,961.856,821.632,0.0151
mixed,32,1,0.0312,4.0,512,8192,1024,4096,1120,869.345,1180.352,867.873,-0.0047
mixed,32,1,0.0312,4.0,512,8192,2048,8192,2240,978.046,1595.808,967.072,-0.0178
mixed,32,1,0.0312,4.0,512,8192,4096,16384,4480,1238.688,3804.541,1837.858,0.2335
mixed,32,1,0.0312,4.0,1024,0,128,512,140,197.217,243.65,197.375,0.0034
mixed,32,1,0.0312,4.0,1024,0,256,1024,280,210.049,397.506,217.728,0.041
mixed,32,1,0.0312,4.0,1024,0,512,2048,560,254.368,647.745,330.11,0.1925
mixed,32,1,0.0312,4.0,1024,0,1024,4096,1120,418.785,1113.409,606.175,0.2698
mixed,32,1,0.0312,4.0,1024,0,2048,8192,2240,693.472,2076.034,1128.0,0.3143
mixed,32,1,0.0312,4.0,1024,0,4096,16384,4480,1225.088,4126.238,2102.299,0.3024
mixed,32,1,0.0312,4.0,1024,512,128,512,140,254.273,293.343,254.912,0.0164
mixed,32,1,0.0312,4.0,1024,512,256,1024,280,268.447,411.105,268.415,-0.0002
mixed,32,1,0.0312,4.0,1024,512,512,2048,560,298.048,693.697,351.714,0.1356
mixed,32,1,0.0312,4.0,1024,512,1024,4096,1120,429.696,1294.047,577.441,0.1709
mixed,32,1,0.0312,4.0,1024,512,2048,8192,2240,765.953,2413.215,1143.2,0.229
mixed,32,1,0.0312,4.0,1024,512,4096,16384,4480,1385.984,4637.857,2226.818,0.2586
mixed,32,1,0.0312,4.0,1024,1024,128,512,140,305.952,355.967,304.834,-0.0224
mixed,32,1,0.0312,4.0,1024,1024,256,1024,280,323.968,426.113,326.302,0.0228
mixed,32,1,0.0312,4.0,1024,1024,512,2048,560,356.448,741.47,371.008,0.0378
mixed,32,1,0.0312,4.0,1024,1024,1024,4096,1120,435.841,1305.025,572.768,0.1575
mixed,32,1,0.0312,4.0,1024,1024,2048,8192,2240,778.464,2432.416,1133.536,0.2147
mixed,32,1,0.0312,4.0,1024,1024,4096,16384,4480,1432.193,4635.292,2204.863,0.2412
mixed,32,1,0.0312,4.0,1024,2048,128,512,140,389.119,465.538,390.112,0.013
mixed,32,1,0.0312,4.0,1024,2048,256,1024,280,415.999,533.631,417.536,0.0131
mixed,32,1,0.0312,4.0,1024,2048,512,2048,560,468.0,697.024,478.945,0.0478
mixed,32,1,0.0312,4.0,1024,2048,1024,4096,1120,540.288,1262.752,654.561,0.1582
mixed,32,1,0.0312,4.0,1024,2048,2048,8192,2240,732.543,2497.185,1011.968,0.1583
mixed,32,1,0.0312,4.0,1024,2048,4096,16384,4480,1346.783,4737.379,2117.727,0.2274
mixed,32,1,0.0312,4.0,1024,4096,128,512,140,557.696,633.153,558.626,0.0123
mixed,32,1,0.0312,4.0,1024,4096,256,1024,280,583.584,737.568,583.488,-0.0006
mixed,32,1,0.0312,4.0,1024,4096,512,2048,560,634.559,876.93,646.914,0.051
mixed,32,1,0.0312,4.0,1024,4096,1024,4096,1120,744.448,1241.985,748.992,0.0091
mixed,32,1,0.0312,4.0,1024,4096,2048,8192,2240,877.792,2391.778,1216.256,0.2236
mixed,32,1,0.0312,4.0,1024,4096,4096,16384,4480,1370.113,4877.312,1901.06,0.1514
mixed,32,1,0.0312,4.0,1024,8192,128,512,140,893.184,971.968,891.454,-0.022
mixed,32,1,0.0312,4.0,1024,8192,256,1024,280,922.109,1074.303,920.512,-0.0105
mixed,32,1,0.0312,4.0,1024,8192,512,2048,560,976.705,1273.921,986.367,0.0325
mixed,32,1,0.0312,4.0,1024,8192,1024,4096,1120,1086.016,1585.98,1087.872,0.0037
mixed,32,1,0.0312,4.0,1024,8192,2048,8192,2240,1303.392,2353.312,1284.672,-0.0178
mixed,32,1,0.0312,4.0,1024,8192,4096,16384,4480,1602.912,5179.234,2361.472,0.2121
mixed,32,1,0.0312,4.0,2048,0,128,512,140,390.719,428.32,389.857,-0.0229
mixed,32,1,0.0312,4.0,2048,0,256,1024,280,403.104,499.392,401.377,-0.0179
mixed,32,1,0.0312,4.0,2048,0,512,2048,560,430.368,826.433,453.567,0.0586
mixed,32,1,0.0312,4.0,2048,0,1024,4096,1120,511.968,1507.134,679.52,0.1684
mixed,32,1,0.0312,4.0,2048,0,2048,8192,2240,888.735,2829.056,1256.673,0.1896
mixed,32,1,0.0312,4.0,2048,0,4096,16384,4480,1638.978,5458.72,2445.153,0.2111
mixed,32,1,0.0312,4.0,2048,512,128,512,140,472.67,517.984,475.744,0.0678
mixed,32,1,0.0312,4.0,2048,512,256,1024,280,488.511,562.56,490.433,0.026
mixed,32,1,0.0312,4.0,2048,512,512,2048,560,519.647,829.473,521.152,0.0049
mixed,32,1,0.0312,4.0,2048,512,1024,4096,1120,565.024,1530.656,730.082,0.1709
mixed,32,1,0.0312,4.0,2048,512,2048,8192,2240,892.864,2858.753,1267.265,0.1904
mixed,32,1,0.0312,4.0,2048,512,4096,16384,4480,1657.728,5516.165,2446.624,0.2045
mixed,32,1,0.0312,4.0,2048,1024,128,512,140,554.975,602.432,557.57,0.0547
mixed,32,1,0.0312,4.0,2048,1024,256,1024,280,571.616,660.641,571.776,0.0018
mixed,32,1,0.0312,4.0,2048,1024,512,2048,560,603.392,867.618,608.705,0.0201
mixed,32,1,0.0312,4.0,2048,1024,1024,4096,1120,667.361,1551.968,779.457,0.1267
mixed,32,1,0.0312,4.0,2048,1024,2048,8192,2240,919.201,2874.179,1264.096,0.1764
mixed,32,1,0.0312,4.0,2048,1024,4096,16384,4480,1675.778,5544.547,2483.456,0.2088
mixed,32,1,0.0312,4.0,2048,2048,128,512,140,719.297,762.818,718.688,-0.014
mixed,32,1,0.0312,4.0,2048,2048,256,1024,280,735.683,836.194,734.4,-0.0128
mixed,32,1,0.0312,4.0,2048,2048,512,2048,560,771.297,953.088,771.97,0.0037
mixed,32,1,0.0312,4.0,2048,2048,1024,4096,1120,836.448,1577.408,872.481,0.0486
mixed,32,1,0.0312,4.0,2048,2048,2048,8192,2240,1003.423,2915.491,1322.175,0.1667
mixed,32,1,0.0312,4.0,2048,2048,4096,16384,4480,1696.864,5577.089,2460.512,0.1968
mixed,32,1,0.0312,4.0,2048,4096,128,512,140,1053.217,1093.28,1052.193,-0.0256
mixed,32,1,0.0312,4.0,2048,4096,256,1024,280,1065.92,1147.939,1065.825,-0.0012
mixed,32,1,0.0312,4.0,2048,4096,512,2048,560,1094.66,1264.865,1095.616,0.0056
mixed,32,1,0.0312,4.0,2048,4096,1024,4096,1120,1161.601,1755.842,1146.4,-0.0256
mixed,32,1,0.0312,4.0,2048,4096,2048,8192,2240,1315.362,3021.697,1485.153,0.0995
mixed,32,1,0.0312,4.0,2048,4096,4096,16384,4480,1865.055,5619.044,2486.179,0.1655
mixed,32,1,0.0312,4.0,2048,8192,128,512,140,1721.12,1759.52,1718.529,-0.0675
mixed,32,1,0.0312,4.0,2048,8192,256,1024,280,1731.843,1808.638,1732.095,0.0033
mixed,32,1,0.0312,4.0,2048,8192,512,2048,560,1760.77,1917.215,1760.442,-0.0021
mixed,32,1,0.0312,4.0,2048,8192,1024,4096,1120,1811.232,2174.209,1810.723,-0.0014
mixed,32,1,0.0312,4.0,2048,8192,2048,8192,2240,1927.842,3372.063,1916.288,-0.008
mixed,32,1,0.0312,4.0,2048,8192,4096,16384,4480,2275.008,6003.169,2783.586,0.1364
pure,32,2,0.0625,4.0,0,0,128,512,152,66.816,104.608,70.72,0.1033
pure,32,2,0.0625,4.0,0,0,256,1024,304,85.888,151.904,85.216,-0.0102
pure,32,2,0.0625,4.0,0,0,512,2048,608,114.944,238.56,123.296,0.0676
pure,32,2,0.0625,4.0,0,0,1024,4096,1216,171.743,401.632,187.039,0.0665
pure,32,2,0.0625,4.0,0,0,2048,8192,2432,268.257,732.64,299.171,0.0666
pure,32,2,0.0625,4.0,0,0,4096,16384,4864,462.656,1407.648,554.593,0.0973
mixed,32,2,0.0625,4.0,16,0,128,512,152,74.816,143.104,102.367,0.4035
mixed,32,2,0.0625,4.0,16,0,256,1024,304,99.584,241.279,156.225,0.3997
mixed,32,2,0.0625,4.0,16,0,512,2048,608,154.144,430.464,266.369,0.4061
mixed,32,2,0.0625,4.0,16,0,1024,4096,1216,269.984,801.632,490.112,0.414
mixed,32,2,0.0625,4.0,16,0,2048,8192,2432,501.792,1558.788,932.321,0.4073
mixed,32,2,0.0625,4.0,16,0,4096,16384,4864,952.164,3064.675,1837.731,0.4192
mixed,32,2,0.0625,4.0,16,512,128,512,152,108.065,147.679,106.432,-0.0412
mixed,32,2,0.0625,4.0,16,512,256,1024,304,120.48,240.736,160.832,0.3356
mixed,32,2,0.0625,4.0,16,512,512,2048,608,155.423,431.296,271.008,0.419
mixed,32,2,0.0625,4.0,16,512,1024,4096,1216,268.608,809.952,492.578,0.4137
mixed,32,2,0.0625,4.0,16,512,2048,8192,2432,502.688,1570.081,934.945,0.405
mixed,32,2,0.0625,4.0,16,512,4096,16384,4864,954.976,3074.689,1840.482,0.4177
mixed,32,2,0.0625,4.0,16,1024,128,512,152,148.64,188.736,147.168,-0.0367
mixed,32,2,0.0625,4.0,16,1024,256,1024,304,162.048,243.328,162.05,0.0
mixed,32,2,0.0625,4.0,16,1024,512,2048,608,191.328,431.136,271.648,0.3349
mixed,32,2,0.0625,4.0,16,1024,1024,4096,1216,269.12,810.083,494.433,0.4165
mixed,32,2,0.0625,4.0,16,1024,2048,8192,2432,504.223,1567.328,935.171,0.4054
mixed,32,2,0.0625,4.0,16,1024,4096,16384,4864,953.952,3084.256,1847.682,0.4195
mixed,32,2,0.0625,4.0,16,2048,128,512,152,231.201,269.889,230.847,-0.0092
mixed,32,2,0.0625,4.0,16,2048,256,1024,304,244.672,323.904,244.192,-0.0061
mixed,32,2,0.0625,4.0,16,2048,512,2048,608,276.512,433.887,274.625,-0.012
mixed,32,2,0.0625,4.0,16,2048,1024,4096,1216,344.799,810.976,495.296,0.3228
mixed,32,2,0.0625,4.0,16,2048,2048,8192,2432,497.632,1572.929,935.104,0.4068
mixed,32,2,0.0625,4.0,16,2048,4096,16384,4864,956.832,3084.866,1848.288,0.4189
mixed,32,2,0.0625,4.0,16,4096,128,512,152,397.44,436.831,396.801,-0.0162
mixed,32,2,0.0625,4.0,16,4096,256,1024,304,411.584,493.024,408.995,-0.0318
mixed,32,2,0.0625,4.0,16,4096,512,2048,608,440.479,599.936,440.479,0.0
mixed,32,2,0.0625,4.0,16,4096,1024,4096,1216,510.08,813.6,496.513,-0.0447
mixed,32,2,0.0625,4.0,16,4096,2048,8192,2432,640.354,1572.896,936.608,0.3177
mixed,32,2,0.0625,4.0,16,4096,4096,16384,4864,959.618,3073.922,1838.305,0.4156
mixed,32,2,0.0625,4.0,16,8192,128,512,152,728.321,767.202,729.058,0.019
mixed,32,2,0.0625,4.0,16,8192,256,1024,304,740.798,824.224,740.576,-0.0027
mixed,32,2,0.0625,4.0,16,8192,512,2048,608,773.824,937.953,768.641,-0.0316
mixed,32,2,0.0625,4.0,16,8192,1024,4096,1216,843.07,1153.634,827.616,-0.0498
mixed,32,2,0.0625,4.0,16,8192,2048,8192,2432,977.537,1576.066,945.601,-0.0534
mixed,32,2,0.0625,4.0,16,8192,4096,16384,4864,1231.904,3085.153,1844.736,0.3307
mixed,32,2,0.0625,4.0,32,0,128,512,152,74.433,144.13,102.592,0.404
mixed,32,2,0.0625,4.0,32,0,256,1024,304,99.39,242.176,155.648,0.394
mixed,32,2,0.0625,4.0,32,0,512,2048,608,154.144,430.434,266.048,0.405
mixed,32,2,0.0625,4.0,32,0,1024,4096,1216,268.16,804.253,492.353,0.4182
mixed,32,2,0.0625,4.0,32,0,2048,8192,2432,500.543,1569.024,930.946,0.4028
mixed,32,2,0.0625,4.0,32,0,4096,16384,4864,955.393,3066.947,1841.729,0.4198
mixed,32,2,0.0625,4.0,32,512,128,512,152,108.32,147.744,107.84,-0.0122
mixed,32,2,0.0625,4.0,32,512,256,1024,304,121.28,241.697,159.551,0.3178
mixed,32,2,0.0625,4.0,32,512,512,2048,608,157.344,431.809,272.257,0.4187
mixed,32,2,0.0625,4.0,32,512,1024,4096,1216,270.881,808.737,491.232,0.4097
mixed,32,2,0.0625,4.0,32,512,2048,8192,2432,505.41,1569.41,936.96,0.4056
mixed,32,2,0.0625,4.0,32,512,4096,16384,4864,954.429,3076.32,1847.137,0.4207
mixed,32,2,0.0625,4.0,32,1024,128,512,152,149.536,187.169,149.535,-0.0
mixed,32,2,0.0625,4.0,32,1024,256,1024,304,164.769,244.641,162.208,-0.0321
mixed,32,2,0.0625,4.0,32,1024,512,2048,608,194.848,433.152,274.593,0.3346
mixed,32,2,0.0625,4.0,32,1024,1024,4096,1216,266.911,811.36,495.52,0.4199
mixed,32,2,0.0625,4.0,32,1024,2048,8192,2432,504.992,1569.921,935.232,0.404
mixed,32,2,0.0625,4.0,32,1024,4096,16384,4864,954.436,3087.971,1850.146,0.4198
mixed,32,2,0.0625,4.0,32,2048,128,512,152,232.512,272.609,232.128,-0.0096
mixed,32,2,0.0625,4.0,32,2048,256,1024,304,246.336,327.681,245.407,-0.0114
mixed,32,2,0.0625,4.0,32,2048,512,2048,608,278.112,434.465,273.6,-0.0289
mixed,32,2,0.0625,4.0,32,2048,1024,4096,1216,347.201,812.353,497.633,0.3234
mixed,32,2,0.0625,4.0,32,2048,2048,8192,2432,500.383,1570.431,936.992,0.408
mixed,32,2,0.0625,4.0,32,2048,4096,16384,4864,958.977,3079.872,1851.938,0.421
mixed,32,2,0.0625,4.0,32,4096,128,512,152,397.825,436.062,397.089,-0.0192
mixed,32,2,0.0625,4.0,32,4096,256,1024,304,410.976,494.88,410.817,-0.0019
mixed,32,2,0.0625,4.0,32,4096,512,2048,608,440.64,604.704,439.552,-0.0066
mixed,32,2,0.0625,4.0,32,4096,1024,4096,1216,508.512,813.09,497.856,-0.035
mixed,32,2,0.0625,4.0,32,4096,2048,8192,2432,645.154,1575.649,938.244,0.315
mixed,32,2,0.0625,4.0,32,4096,4096,16384,4864,957.76,3089.954,1844.61,0.4159
mixed,32,2,0.0625,4.0,32,8192,128,512,152,728.223,768.96,730.755,0.0622
mixed,32,2,0.0625,4.0,32,8192,256,1024,304,741.826,826.433,741.504,-0.0038
mixed,32,2,0.0625,4.0,32,8192,512,2048,608,772.608,939.391,769.024,-0.0215
mixed,32,2,0.0625,4.0,32,8192,1024,4096,1216,844.384,1155.137,828.929,-0.0497
mixed,32,2,0.0625,4.0,32,8192,2048,8192,2432,980.991,1575.361,944.64,-0.0612
mixed,32,2,0.0625,4.0,32,8192,4096,16384,4864,1238.337,3083.268,1846.367,0.3296
mixed,32,2,0.0625,4.0,64,0,128,512,152,75.778,145.536,103.616,0.3991
mixed,32,2,0.0625,4.0,64,0,256,1024,304,100.0,243.616,156.225,0.3915
mixed,32,2,0.0625,4.0,64,0,512,2048,608,156.0,434.846,267.009,0.3981
mixed,32,2,0.0625,4.0,64,0,1024,4096,1216,271.776,806.08,493.92,0.4158
mixed,32,2,0.0625,4.0,64,0,2048,8192,2432,502.785,1563.779,936.416,0.4087
mixed,32,2,0.0625,4.0,64,0,4096,16384,4864,954.625,3075.552,1839.483,0.4172
mixed,32,2,0.0625,4.0,64,512,128,512,152,110.4,150.048,109.568,-0.021
mixed,32,2,0.0625,4.0,64,512,256,1024,304,124.384,242.719,161.76,0.3158
mixed,32,2,0.0625,4.0,64,512,512,2048,608,159.392,435.233,274.045,0.4156
mixed,32,2,0.0625,4.0,64,512,1024,4096,1216,270.816,810.786,492.513,0.4106
mixed,32,2,0.0625,4.0,64,512,2048,8192,2432,505.665,1572.961,940.062,0.407
mixed,32,2,0.0625,4.0,64,512,4096,16384,4864,956.578,3091.488,1846.179,0.4167
mixed,32,2,0.0625,4.0,64,1024,128,512,152,151.777,191.743,151.135,-0.0161
mixed,32,2,0.0625,4.0,64,1024,256,1024,304,165.985,245.568,164.672,-0.0165
mixed,32,2,0.0625,4.0,64,1024,512,2048,608,192.929,435.264,275.042,0.3388
mixed,32,2,0.0625,4.0,64,1024,1024,4096,1216,271.232,814.784,497.15,0.4156
mixed,32,2,0.0625,4.0,64,1024,2048,8192,2432,504.479,1578.785,939.487,0.4049
mixed,32,2,0.0625,4.0,64,1024,4096,16384,4864,958.369,3081.794,1851.427,0.4206
mixed,32,2,0.0625,4.0,64,2048,128,512,152,234.688,273.887,233.633,-0.0269
mixed,32,2,0.0625,4.0,64,2048,256,1024,304,248.32,330.081,246.911,-0.0172
mixed,32,2,0.0625,4.0,64,2048,512,2048,608,278.912,436.16,277.6,-0.0083
mixed,32,2,0.0625,4.0,64,2048,1024,4096,1216,349.089,815.264,497.73,0.3189
mixed,32,2,0.0625,4.0,64,2048,2048,8192,2432,504.257,1572.515,940.705,0.4086
mixed,32,2,0.0625,4.0,64,2048,4096,16384,4864,961.377,3089.828,1850.018,0.4175
mixed,32,2,0.0625,4.0,64,4096,128,512,152,400.385,438.688,398.817,-0.0409
mixed,32,2,0.0625,4.0,64,4096,256,1024,304,415.68,494.403,412.512,-0.0402
mixed,32,2,0.0625,4.0,64,4096,512,2048,608,444.769,608.32,442.528,-0.0137
mixed,32,2,0.0625,4.0,64,4096,1024,4096,1216,514.336,814.557,500.736,-0.0453
mixed,32,2,0.0625,4.0,64,4096,2048,8192,2432,648.735,1582.113,940.96,0.3131
mixed,32,2,0.0625,4.0,64,4096,4096,16384,4864,958.24,3084.675,1849.443,0.4191
mixed,32,2,0.0625,4.0,64,8192,128,512,152,731.041,770.208,733.472,0.0621
mixed,32,2,0.0625,4.0,64,8192,256,1024,304,745.155,828.031,742.53,-0.0317
mixed,32,2,0.0625,4.0,64,8192,512,2048,608,773.632,943.553,771.042,-0.0152
mixed,32,2,0.0625,4.0,64,8192,1024,4096,1216,843.525,1157.569,831.903,-0.037
mixed,32,2,0.0625,4.0,64,8192,2048,8192,2432,984.831,1574.403,944.802,-0.0679
mixed,32,2,0.0625,4.0,64,8192,4096,16384,4864,1246.368,3089.795,1846.908,0.3258
mixed,32,2,0.0625,4.0,128,0,128,512,152,77.855,146.848,104.32,0.3836
mixed,32,2,0.0625,4.0,128,0,256,1024,304,102.177,247.84,157.728,0.3814
mixed,32,2,0.0625,4.0,128,0,512,2048,608,156.098,437.344,268.226,0.3987
mixed,32,2,0.0625,4.0,128,0,1024,4096,1216,274.721,811.681,500.097,0.4197
mixed,32,2,0.0625,4.0,128,0,2048,8192,2432,508.512,1568.287,939.201,0.4064
mixed,32,2,0.0625,4.0,128,0,4096,16384,4864,953.697,3082.115,1839.298,0.4161
mixed,32,2,0.0625,4.0,128,512,128,512,152,111.839,150.178,110.784,-0.0275
mixed,32,2,0.0625,4.0,128,512,256,1024,304,127.104,244.16,162.591,0.3032
mixed,32,2,0.0625,4.0,128,512,512,2048,608,159.871,443.294,275.647,0.4085
mixed,32,2,0.0625,4.0,128,512,1024,4096,1216,276.511,824.417,492.832,0.3948
mixed,32,2,0.0625,4.0,128,512,2048,8192,2432,512.0,1591.652,944.352,0.4005
mixed,32,2,0.0625,4.0,128,512,4096,16384,4864,968.002,3127.203,1861.79,0.4139
mixed,32,2,0.0625,4.0,128,1024,128,512,152,153.632,191.839,152.544,-0.0285
mixed,32,2,0.0625,4.0,128,1024,256,1024,304,167.713,247.009,164.288,-0.0432
mixed,32,2,0.0625,4.0,128,1024,512,2048,608,193.376,443.521,273.248,0.3193
mixed,32,2,0.0625,4.0,128,1024,1024,4096,1216,270.592,825.983,497.633,0.4088
mixed,32,2,0.0625,4.0,128,1024,2048,8192,2432,513.44,1595.104,950.529,0.4041
mixed,32,2,0.0625,4.0,128,1024,4096,16384,4864,968.734,3137.22,1866.721,0.4141
mixed,32,2,0.0625,4.0,128,2048,128,512,152,237.216,274.048,234.528,-0.073
mixed,32,2,0.0625,4.0,128,2048,256,1024,304,251.136,331.233,247.424,-0.0463
mixed,32,2,0.0625,4.0,128,2048,512,2048,608,278.176,437.027,277.601,-0.0036
mixed,32,2,0.0625,4.0,128,2048,1024,4096,1216,347.2,831.584,498.049,0.3114
mixed,32,2,0.0625,4.0,128,2048,2048,8192,2432,503.264,1601.346,937.441,0.3954
mixed,32,2,0.0625,4.0,128,2048,4096,16384,4864,977.76,3121.314,1878.147,0.42
mixed,32,2,0.0625,4.0,128,4096,128,512,152,402.271,438.88,400.992,-0.0349
mixed,32,2,0.0625,4.0,128,4096,256,1024,304,417.185,496.256,414.243,-0.0372
mixed,32,2,0.0625,4.0,128,4096,512,2048,608,442.881,607.616,444.097,0.0074
mixed,32,2,0.0625,4.0,128,4096,1024,4096,1216,512.16,810.816,500.417,-0.0393
mixed,32,2,0.0625,4.0,128,4096,2048,8192,2432,646.624,1601.697,938.625,0.3057
mixed,32,2,0.0625,4.0,128,4096,4096,16384,4864,966.785,3140.517,1842.851,0.403
mixed,32,2,0.0625,4.0,128,8192,128,512,152,735.329,774.72,733.538,-0.0455
mixed,32,2,0.0625,4.0,128,8192,256,1024,304,746.529,830.817,745.663,-0.0103
mixed,32,2,0.0625,4.0,128,8192,512,2048,608,774.497,942.816,773.822,-0.004
mixed,32,2,0.0625,4.0,128,8192,1024,4096,1216,845.504,1160.32,832.417,-0.0416
mixed,32,2,0.0625,4.0,128,8192,2048,8192,2432,980.768,1573.923,946.303,-0.0581
mixed,32,2,0.0625,4.0,128,8192,4096,16384,4864,1239.745,3147.97,1848.259,0.3189
mixed,32,2,0.0625,4.0,256,0,128,512,152,86.879,150.879,110.208,0.3645
mixed,32,2,0.0625,4.0,256,0,256,1024,304,108.416,256.512,162.24,0.3634
mixed,32,2,0.0625,4.0,256,0,512,2048,608,159.777,446.56,270.369,0.3856
mixed,32,2,0.0625,4.0,256,0,1024,4096,1216,286.241,822.114,506.273,0.4106
mixed,32,2,0.0625,4.0,256,0,2048,8192,2432,516.512,1577.794,946.946,0.4056
mixed,32,2,0.0625,4.0,256,0,4096,16384,4864,967.296,3072.388,1850.179,0.4194
mixed,32,2,0.0625,4.0,256,512,128,512,152,126.018,161.249,125.793,-0.0064
mixed,32,2,0.0625,4.0,256,512,256,1024,304,138.08,248.031,166.912,0.2622
mixed,32,2,0.0625,4.0,256,512,512,2048,608,164.16,467.361,277.984,0.3754
mixed,32,2,0.0625,4.0,256,512,1024,4096,1216,289.887,879.041,501.664,0.3595
mixed,32,2,0.0625,4.0,256,512,2048,8192,2432,543.552,1703.615,972.768,0.37
mixed,32,2,0.0625,4.0,256,512,4096,16384,4864,1030.177,3341.347,1913.729,0.3823
mixed,32,2,0.0625,4.0,256,1024,128,512,152,168.863,204.96,167.136,-0.0478
mixed,32,2,0.0625,4.0,256,1024,256,1024,304,181.664,249.696,179.681,-0.0291
mixed,32,2,0.0625,4.0,256,1024,512,2048,608,207.808,469.632,276.575,0.2626
mixed,32,2,0.0625,4.0,256,1024,1024,4096,1216,274.976,881.25,499.841,0.3709
mixed,32,2,0.0625,4.0,256,1024,2048,8192,2432,546.912,1705.217,977.729,0.3719
mixed,32,2,0.0625,4.0,256,1024,4096,16384,4864,1038.721,3352.803,1921.282,0.3814
mixed,32,2,0.0625,4.0,256,2048,128,512,152,250.176,287.232,250.655,0.0129
mixed,32,2,0.0625,4.0,256,2048,256,1024,304,263.201,333.92,261.856,-0.019
mixed,32,2,0.0625,4.0,256,2048,512,2048,608,290.336,439.072,287.104,-0.0217
mixed,32,2,0.0625,4.0,256,2048,1024,4096,1216,346.048,887.907,500.736,0.2855
mixed,32,2,0.0625,4.0,256,2048,2048,8192,2432,500.32,1712.77,941.346,0.3637
mixed,32,2,0.0625,4.0,256,2048,4096,16384,4864,1041.824,3352.292,1926.018,0.3827
mixed,32,2,0.0625,4.0,256,4096,128,512,152,416.864,453.44,416.128,-0.0201
mixed,32,2,0.0625,4.0,256,4096,256,1024,304,429.439,499.008,430.914,0.0212
mixed,32,2,0.0625,4.0,256,4096,512,2048,608,458.178,603.583,452.704,-0.0376
mixed,32,2,0.0625,4.0,256,4096,1024,4096,1216,514.528,815.777,503.744,-0.0358
mixed,32,2,0.0625,4.0,256,4096,2048,8192,2432,647.394,1730.626,942.432,0.2724
mixed,32,2,0.0625,4.0,256,4096,4096,16384,4864,1004.898,3374.501,1846.656,0.3552
mixed,32,2,0.0625,4.0,256,8192,128,512,152,751.01,787.616,749.857,-0.0315
mixed,32,2,0.0625,4.0,256,8192,256,1024,304,764.096,833.024,757.891,-0.09
mixed,32,2,0.0625,4.0,256,8192,512,2048,608,788.449,942.657,784.353,-0.0266
mixed,32,2,0.0625,4.0,256,8192,1024,4096,1216,850.146,1154.432,839.137,-0.0362
mixed,32,2,0.0625,4.0,256,8192,2048,8192,2432,982.849,1577.921,952.929,-0.0503
mixed,32,2,0.0625,4.0,256,8192,4096,16384,4864,1243.36,3408.387,1848.77,0.2796
mixed,32,2,0.0625,4.0,512,0,128,512,152,114.687,172.866,124.798,0.1738
mixed,32,2,0.0625,4.0,512,0,256,1024,304,131.808,279.967,174.624,0.289
mixed,32,2,0.0625,4.0,512,0,512,2048,608,180.0,498.657,287.68,0.3379
mixed,32,2,0.0625,4.0,512,0,1024,4096,1216,318.688,910.048,534.144,0.3643
mixed,32,2,0.0625,4.0,512,0,2048,8192,2432,574.656,1678.755,1004.549,0.3894
mixed,32,2,0.0625,4.0,512,0,4096,16384,4864,1076.32,3230.979,1937.029,0.3995
mixed,32,2,0.0625,4.0,512,512,128,512,152,160.129,193.76,162.016,0.0561
mixed,32,2,0.0625,4.0,512,512,256,1024,304,173.184,261.152,181.153,0.0906
mixed,32,2,0.0625,4.0,512,512,512,2048,608,199.104,507.01,290.56,0.297
mixed,32,2,0.0625,4.0,512,512,1024,4096,1216,294.593,960.609,503.296,0.3134
mixed,32,2,0.0625,4.0,512,512,2048,8192,2432,593.664,1879.649,1014.563,0.3273
mixed,32,2,0.0625,4.0,512,512,4096,16384,4864,1132.291,3756.9,2012.45,0.3353
mixed,32,2,0.0625,4.0,512,1024,128,512,152,203.201,237.696,203.938,0.0214
mixed,32,2,0.0625,4.0,512,1024,256,1024,304,214.688,280.736,215.872,0.0179
mixed,32,2,0.0625,4.0,512,1024,512,2048,608,239.809,496.61,289.985,0.1954
mixed,32,2,0.0625,4.0,512,1024,1024,4096,1216,292.992,962.336,507.167,0.32
mixed,32,2,0.0625,4.0,512,1024,2048,8192,2432,582.72,1882.11,1000.801,0.3218
mixed,32,2,0.0625,4.0,512,1024,4096,16384,4864,1130.082,3706.566,2005.6,0.3398
mixed,32,2,0.0625,4.0,512,2048,128,512,152,286.241,321.026,286.594,0.0101
mixed,32,2,0.0625,4.0,512,2048,256,1024,304,299.201,366.722,299.073,-0.0019
mixed,32,2,0.0625,4.0,512,2048,512,2048,608,322.976,457.955,322.688,-0.0021
mixed,32,2,0.0625,4.0,512,2048,1024,4096,1216,384.066,933.887,509.315,0.2278
mixed,32,2,0.0625,4.0,512,2048,2048,8192,2432,511.297,1875.04,945.921,0.3187
mixed,32,2,0.0625,4.0,512,2048,4096,16384,4864,1145.313,3728.933,1940.583,0.3078
mixed,32,2,0.0625,4.0,512,4096,128,512,152,453.344,486.016,452.289,-0.0323
mixed,32,2,0.0625,4.0,512,4096,256,1024,304,464.801,533.472,465.441,0.0093
mixed,32,2,0.0625,4.0,512,4096,512,2048,608,488.865,627.137,489.984,0.0081
mixed,32,2,0.0625,4.0,512,4096,1024,4096,1216,546.049,820.864,535.842,-0.0371
mixed,32,2,0.0625,4.0,512,4096,2048,8192,2432,679.235,1833.092,957.761,0.2414
mixed,32,2,0.0625,4.0,512,4096,4096,16384,4864,1052.288,3710.819,1850.336,0.3002
mixed,32,2,0.0625,4.0,512,8192,128,512,152,786.496,821.923,785.28,-0.0343
mixed,32,2,0.0625,4.0,512,8192,256,1024,304,796.224,867.266,799.392,0.0446
mixed,32,2,0.0625,4.0,512,8192,512,2048,608,820.0,967.393,822.944,0.02
mixed,32,2,0.0625,4.0,512,8192,1024,4096,1216,881.377,1177.986,869.251,-0.0409
mixed,32,2,0.0625,4.0,512,8192,2048,8192,2432,1007.493,1601.827,970.274,-0.0626
mixed,32,2,0.0625,4.0,512,8192,4096,16384,4864,1293.153,3702.601,1861.764,0.236
mixed,32,2,0.0625,4.0,1024,0,128,512,152,197.024,244.224,198.465,0.0305
mixed,32,2,0.0625,4.0,1024,0,256,1024,304,209.728,408.224,221.344,0.0585
mixed,32,2,0.0625,4.0,1024,0,512,2048,608,268.96,644.992,336.32,0.1791
mixed,32,2,0.0625,4.0,1024,0,1024,4096,1216,444.96,1110.657,624.961,0.2704
mixed,32,2,0.0625,4.0,1024,0,2048,8192,2432,722.882,2089.665,1147.105,0.3104
mixed,32,2,0.0625,4.0,1024,0,4096,16384,4864,1329.571,4072.544,2155.363,0.3011
mixed,32,2,0.0625,4.0,1024,512,128,512,152,254.56,293.952,256.417,0.0471
mixed,32,2,0.0625,4.0,1024,512,256,1024,304,269.313,408.479,271.265,0.014
mixed,32,2,0.0625,4.0,1024,512,512,2048,608,299.489,690.147,357.985,0.1497
mixed,32,2,0.0625,4.0,1024,512,1024,4096,1216,468.708,1290.049,589.537,0.1471
mixed,32,2,0.0625,4.0,1024,512,2048,8192,2432,814.113,2413.604,1147.427,0.2084
mixed,32,2,0.0625,4.0,1024,512,4096,16384,4864,1502.467,4671.016,2248.451,0.2354
mixed,32,2,0.0625,4.0,1024,1024,128,512,152,305.888,356.545,308.32,0.048
mixed,32,2,0.0625,4.0,1024,1024,256,1024,304,324.355,426.913,329.376,0.049
mixed,32,2,0.0625,4.0,1024,1024,512,2048,608,362.178,736.992,377.76,0.0416
mixed,32,2,0.0625,4.0,1024,1024,1024,4096,1216,461.026,1314.657,593.089,0.1547
mixed,32,2,0.0625,4.0,1024,1024,2048,8192,2432,807.744,2435.616,1149.891,0.2102
mixed,32,2,0.0625,4.0,1024,1024,4096,16384,4864,1527.587,4674.444,2250.403,0.2297
mixed,32,2,0.0625,4.0,1024,2048,128,512,152,389.697,464.223,393.824,0.0554
mixed,32,2,0.0625,4.0,1024,2048,256,1024,304,416.385,532.545,420.449,0.035
mixed,32,2,0.0625,4.0,1024,2048,512,2048,608,471.2,699.232,486.239,0.066
mixed,32,2,0.0625,4.0,1024,2048,1024,4096,1216,534.786,1269.027,660.768,0.1716
mixed,32,2,0.0625,4.0,1024,2048,2048,8192,2432,798.529,2494.946,1021.218,0.1313
mixed,32,2,0.0625,4.0,1024,2048,4096,16384,4864,1572.291,4734.502,2155.811,0.1845
mixed,32,2,0.0625,4.0,1024,4096,128,512,152,556.354,632.448,558.786,0.032
mixed,32,2,0.0625,4.0,1024,4096,256,1024,304,583.743,734.657,587.167,0.0227
mixed,32,2,0.0625,4.0,1024,4096,512,2048,608,640.417,878.528,660.065,0.0825
mixed,32,2,0.0625,4.0,1024,4096,1024,4096,1216,765.761,1240.353,780.481,0.031
mixed,32,2,0.0625,4.0,1024,4096,2048,8192,2432,890.529,2391.908,1236.837,0.2307
mixed,32,2,0.0625,4.0,1024,4096,4096,16384,4864,1640.705,4897.38,1926.689,0.0878
mixed,32,2,0.0625,4.0,1024,8192,128,512,152,896.286,973.411,899.488,0.0415
mixed,32,2,0.0625,4.0,1024,8192,256,1024,304,923.009,1076.448,927.359,0.0284
mixed,32,2,0.0625,4.0,1024,8192,512,2048,608,976.129,1275.777,997.414,0.071
mixed,32,2,0.0625,4.0,1024,8192,1024,4096,1216,1106.464,1587.685,1109.664,0.0066
mixed,32,2,0.0625,4.0,1024,8192,2048,8192,2432,1348.643,2357.574,1322.498,-0.0259
mixed,32,2,0.0625,4.0,1024,8192,4096,16384,4864,1647.618,5158.185,2399.458,0.2142
mixed,32,2,0.0625,4.0,2048,0,128,512,152,391.554,430.657,390.911,-0.0164
mixed,32,2,0.0625,4.0,2048,0,256,1024,304,404.641,499.454,406.114,0.0155
mixed,32,2,0.0625,4.0,2048,0,512,2048,608,432.064,824.896,462.944,0.0786
mixed,32,2,0.0625,4.0,2048,0,1024,4096,1216,541.441,1506.53,699.776,0.1641
mixed,32,2,0.0625,4.0,2048,0,2048,8192,2432,957.411,2841.25,1282.147,0.1724
mixed,32,2,0.0625,4.0,2048,0,4096,16384,4864,1762.785,5467.721,2495.49,0.1978
mixed,32,2,0.0625,4.0,2048,512,128,512,152,473.601,516.29,476.672,0.0719
mixed,32,2,0.0625,4.0,2048,512,256,1024,304,487.808,560.287,493.024,0.072
mixed,32,2,0.0625,4.0,2048,512,512,2048,608,521.827,826.978,526.688,0.0159
mixed,32,2,0.0625,4.0,2048,512,1024,4096,1216,588.482,1533.442,754.081,0.1752
mixed,32,2,0.0625,4.0,2048,512,2048,8192,2432,973.795,2857.543,1301.444,0.1739
mixed,32,2,0.0625,4.0,2048,512,4096,16384,4864,1779.396,5507.944,2494.468,0.1918
mixed,32,2,0.0625,4.0,2048,1024,128,512,152,555.583,604.866,561.635,0.1228
mixed,32,2,0.0625,4.0,2048,1024,256,1024,304,570.272,662.562,574.69,0.0479
mixed,32,2,0.0625,4.0,2048,1024,512,2048,608,607.969,865.346,610.24,0.0088
mixed,32,2,0.0625,4.0,2048,1024,1024,4096,1216,670.596,1554.339,793.569,0.1392
mixed,32,2,0.0625,4.0,2048,1024,2048,8192,2432,981.506,2876.772,1296.835,0.1664
mixed,32,2,0.0625,4.0,2048,1024,4096,16384,4864,1801.252,5545.8,2534.115,0.1957
mixed,32,2,0.0625,4.0,2048,2048,128,512,152,721.025,767.744,723.392,0.0507
mixed,32,2,0.0625,4.0,2048,2048,256,1024,304,734.241,837.341,737.824,0.0348
mixed,32,2,0.0625,4.0,2048,2048,512,2048,608,768.896,951.138,778.882,0.0548
mixed,32,2,0.0625,4.0,2048,2048,1024,4096,1216,850.594,1580.129,888.961,0.0526
mixed,32,2,0.0625,4.0,2048,2048,2048,8192,2432,1068.515,2906.851,1364.833,0.1612
mixed,32,2,0.0625,4.0,2048,2048,4096,16384,4864,1825.347,5550.857,2524.869,0.1878
mixed,32,2,0.0625,4.0,2048,4096,128,512,152,1054.85,1094.051,1055.425,0.0147
mixed,32,2,0.0625,4.0,2048,4096,256,1024,304,1066.912,1140.995,1070.658,0.0506
mixed,32,2,0.0625,4.0,2048,4096,512,2048,608,1098.466,1268.514,1096.162,-0.0135
mixed,32,2,0.0625,4.0,2048,4096,1024,4096,1216,1163.907,1762.242,1163.458,-0.0008
mixed,32,2,0.0625,4.0,2048,4096,2048,8192,2432,1341.412,3036.421,1565.603,0.1323
mixed,32,2,0.0625,4.0,2048,4096,4096,16384,4864,1976.035,5651.081,2556.068,0.1578
mixed,32,2,0.0625,4.0,2048,8192,128,512,152,1722.627,1757.795,1716.45,-0.1756
mixed,32,2,0.0625,4.0,2048,8192,256,1024,304,1735.364,1808.514,1736.13,0.0105
mixed,32,2,0.0625,4.0,2048,8192,512,2048,608,1764.417,1917.347,1765.731,0.0086
mixed,32,2,0.0625,4.0,2048,8192,1024,4096,1216,1821.634,2166.471,1815.203,-0.0186
mixed,32,2,0.0625,4.0,2048,8192,2048,8192,2432,1953.249,3382.925,1917.282,-0.0252
mixed,32,2,0.0625,4.0,2048,8192,4096,16384,4864,2421.411,5983.468,2934.471,0.144
pure,32,3,0.0938,4.0,0,0,128,512,164,67.68,106.11,72.096,0.1149
pure,32,3,0.0938,4.0,0,0,256,1024,328,88.669,150.75,86.784,-0.0304
pure,32,3,0.0938,4.0,0,0,512,2048,656,128.449,239.968,126.85,-0.0143
pure,32,3,0.0938,4.0,0,0,1024,4096,1312,177.12,401.857,190.817,0.0609
pure,32,3,0.0938,4.0,0,0,2048,8192,2624,285.441,734.526,308.513,0.0514
pure,32,3,0.0938,4.0,0,0,4096,16384,5248,498.113,1403.49,560.449,0.0689
mixed,32,3,0.0938,4.0,16,0,128,512,164,76.257,144.289,102.399,0.3843
mixed,32,3,0.0938,4.0,16,0,256,1024,328,101.216,242.817,156.287,0.3889
mixed,32,3,0.0938,4.0,16,0,512,2048,656,171.073,430.048,267.105,0.3708
mixed,32,3,0.0938,4.0,16,0,1024,4096,1312,289.311,806.4,492.607,0.3932
mixed,32,3,0.0938,4.0,16,0,2048,8192,2624,529.859,1566.819,935.426,0.3911
mixed,32,3,0.0938,4.0,16,0,4096,16384,5248,1022.338,3076.228,1854.21,0.405
mixed,32,3,0.0938,4.0,16,512,128,512,164,108.064,147.135,107.232,-0.0213
mixed,32,3,0.0938,4.0,16,512,256,1024,328,122.591,240.288,161.889,0.3339
mixed,32,3,0.0938,4.0,16,512,512,2048,656,171.136,431.52,275.041,0.399
mixed,32,3,0.0938,4.0,16,512,1024,4096,1312,290.687,809.92,493.153,0.3899
mixed,32,3,0.0938,4.0,16,512,2048,8192,2624,529.696,1567.587,941.347,0.3966
mixed,32,3,0.0938,4.0,16,512,4096,16384,5248,1027.01,3084.513,1860.579,0.4051
mixed,32,3,0.0938,4.0,16,1024,128,512,164,149.568,188.195,148.383,-0.0307
mixed,32,3,0.0938,4.0,16,1024,256,1024,328,163.489,243.137,162.688,-0.0101
mixed,32,3,0.0938,4.0,16,1024,512,2048,656,200.193,433.088,276.545,0.3278
mixed,32,3,0.0938,4.0,16,1024,1024,4096,1312,289.313,809.634,497.761,0.4006
mixed,32,3,0.0938,4.0,16,1024,2048,8192,2624,531.296,1570.243,942.881,0.3962
mixed,32,3,0.0938,4.0,16,1024,4096,16384,5248,1025.763,3087.685,1864.613,0.4068
mixed,32,3,0.0938,4.0,16,2048,128,512,164,232.288,271.456,230.273,-0.0514
mixed,32,3,0.0938,4.0,16,2048,256,1024,328,246.112,328.128,245.664,-0.0055
mixed,32,3,0.0938,4.0,16,2048,512,2048,656,284.256,433.761,275.393,-0.0593
mixed,32,3,0.0938,4.0,16,2048,1024,4096,1312,350.144,810.339,497.824,0.3209
mixed,32,3,0.0938,4.0,16,2048,2048,8192,2624,530.463,1571.748,947.554,0.4006
mixed,32,3,0.0938,4.0,16,2048,4096,16384,5248,1025.316,3080.772,1869.22,0.4106
mixed,32,3,0.0938,4.0,16,4096,128,512,164,397.373,437.889,396.416,-0.0236
mixed,32,3,0.0938,4.0,16,4096,256,1024,328,412.258,493.313,409.472,-0.0344
mixed,32,3,0.0938,4.0,16,4096,512,2048,656,447.841,608.129,439.937,-0.0493
mixed,32,3,0.0938,4.0,16,4096,1024,4096,1312,522.721,811.838,499.552,-0.0801
mixed,32,3,0.0938,4.0,16,4096,2048,8192,2624,657.441,1569.795,950.08,0.3208
mixed,32,3,0.0938,4.0,16,4096,4096,16384,5248,1032.963,3080.548,1862.531,0.4051
mixed,32,3,0.0938,4.0,16,8192,128,512,164,729.092,764.419,730.592,0.0425
mixed,32,3,0.0938,4.0,16,8192,256,1024,328,740.962,824.61,740.416,-0.0065
mixed,32,3,0.0938,4.0,16,8192,512,2048,656,781.538,936.383,768.802,-0.0822
mixed,32,3,0.0938,4.0,16,8192,1024,4096,1312,855.745,1153.699,827.458,-0.0949
mixed,32,3,0.0938,4.0,16,8192,2048,8192,2624,995.426,1574.015,956.032,-0.0681
mixed,32,3,0.0938,4.0,16,8192,4096,16384,5248,1274.819,3083.332,1863.747,0.3256
mixed,32,3,0.0938,4.0,32,0,128,512,164,75.36,143.585,102.175,0.393
mixed,32,3,0.0938,4.0,32,0,256,1024,328,100.287,242.304,157.41,0.4022
mixed,32,3,0.0938,4.0,32,0,512,2048,656,172.609,432.096,267.873,0.3671
mixed,32,3,0.0938,4.0,32,0,1024,4096,1312,290.943,804.8,495.776,0.3986
mixed,32,3,0.0938,4.0,32,0,2048,8192,2624,529.728,1564.739,939.779,0.3962
mixed,32,3,0.0938,4.0,32,0,4096,16384,5248,1015.618,3072.87,1854.211,0.4076
mixed,32,3,0.0938,4.0,32,512,128,512,164,108.64,148.13,107.551,-0.0276
mixed,32,3,0.0938,4.0,32,512,256,1024,328,123.488,242.464,162.592,0.3287
mixed,32,3,0.0938,4.0,32,512,512,2048,656,173.728,432.576,275.488,0.3931
mixed,32,3,0.0938,4.0,32,512,1024,4096,1312,292.513,814.464,493.248,0.3846
mixed,32,3,0.0938,4.0,32,512,2048,8192,2624,531.266,1566.531,941.954,0.3967
mixed,32,3,0.0938,4.0,32,512,4096,16384,5248,1025.891,3075.205,1862.945,0.4085
mixed,32,3,0.0938,4.0,32,1024,128,512,164,150.177,188.321,148.705,-0.0386
mixed,32,3,0.0938,4.0,32,1024,256,1024,328,164.192,245.6,163.392,-0.0098
mixed,32,3,0.0938,4.0,32,1024,512,2048,656,204.705,433.248,275.327,0.309
mixed,32,3,0.0938,4.0,32,1024,1024,4096,1312,289.888,811.137,499.682,0.4025
mixed,32,3,0.0938,4.0,32,1024,2048,8192,2624,533.152,1578.019,947.169,0.3962
mixed,32,3,0.0938,4.0,32,1024,4096,16384,5248,1025.153,3089.478,1863.715,0.4062
mixed,32,3,0.0938,4.0,32,2048,128,512,164,232.482,270.688,232.353,-0.0034
mixed,32,3,0.0938,4.0,32,2048,256,1024,328,247.36,328.352,246.112,-0.0154
mixed,32,3,0.0938,4.0,32,2048,512,2048,656,286.305,433.921,276.544,-0.0661
mixed,32,3,0.0938,4.0,32,2048,1024,4096,1312,357.025,809.855,500.513,0.3169
mixed,32,3,0.0938,4.0,32,2048,2048,8192,2624,528.895,1581.28,947.905,0.3982
mixed,32,3,0.0938,4.0,32,2048,4096,16384,5248,1025.826,3085.827,1866.019,0.4079
mixed,32,3,0.0938,4.0,32,4096,128,512,164,398.495,438.019,396.64,-0.0469
mixed,32,3,0.0938,4.0,32,4096,256,1024,328,414.176,496.001,411.201,-0.0364
mixed,32,3,0.0938,4.0,32,4096,512,2048,656,452.673,604.226,438.722,-0.0921
mixed,32,3,0.0938,4.0,32,4096,1024,4096,1312,523.552,812.225,500.386,-0.0802
mixed,32,3,0.0938,4.0,32,4096,2048,8192,2624,659.264,1577.73,954.53,0.3215
mixed,32,3,0.0938,4.0,32,4096,4096,16384,5248,1035.202,3074.02,1864.675,0.4068
mixed,32,3,0.0938,4.0,32,8192,128,512,164,728.289,768.097,729.856,0.0394
mixed,32,3,0.0938,4.0,32,8192,256,1024,328,743.2,825.122,741.92,-0.0156
mixed,32,3,0.0938,4.0,32,8192,512,2048,656,783.873,936.258,770.399,-0.0884
mixed,32,3,0.0938,4.0,32,8192,1024,4096,1312,853.282,1154.659,830.401,-0.0759
mixed,32,3,0.0938,4.0,32,8192,2048,8192,2624,998.786,1577.955,957.858,-0.0707
mixed,32,3,0.0938,4.0,32,8192,4096,16384,5248,1273.347,3099.394,1867.907,0.3256
mixed,32,3,0.0938,4.0,64,0,128,512,164,76.225,146.433,103.391,0.3869
mixed,32,3,0.0938,4.0,64,0,256,1024,328,101.025,242.976,157.728,0.3995
mixed,32,3,0.0938,4.0,64,0,512,2048,656,175.168,433.058,268.384,0.3615
mixed,32,3,0.0938,4.0,64,0,1024,4096,1312,292.576,804.481,497.215,0.3998
mixed,32,3,0.0938,4.0,64,0,2048,8192,2624,530.592,1560.867,938.947,0.3964
mixed,32,3,0.0938,4.0,64,0,4096,16384,5248,1020.802,3069.99,1853.444,0.4063
mixed,32,3,0.0938,4.0,64,512,128,512,164,110.72,149.314,109.792,-0.024
mixed,32,3,0.0938,4.0,64,512,256,1024,328,126.368,243.777,161.09,0.2957
mixed,32,3,0.0938,4.0,64,512,512,2048,656,176.478,436.288,277.633,0.3893
mixed,32,3,0.0938,4.0,64,512,1024,4096,1312,294.686,813.763,495.231,0.3863
mixed,32,3,0.0938,4.0,64,512,2048,8192,2624,533.57,1575.302,944.739,0.3947
mixed,32,3,0.0938,4.0,64,512,4096,16384,5248,1025.41,3089.445,1861.764,0.4052
mixed,32,3,0.0938,4.0,64,1024,128,512,164,152.13,190.911,151.49,-0.0165
mixed,32,3,0.0938,4.0,64,1024,256,1024,328,166.784,245.793,164.577,-0.0279
mixed,32,3,0.0938,4.0,64,1024,512,2048,656,207.488,434.048,278.369,0.3129
mixed,32,3,0.0938,4.0,64,1024,1024,4096,1312,293.824,816.642,501.249,0.3967
mixed,32,3,0.0938,4.0,64,1024,2048,8192,2624,533.056,1575.076,947.105,0.3974
mixed,32,3,0.0938,4.0,64,1024,4096,16384,5248,1026.946,3075.877,1867.747,0.4104
mixed,32,3,0.0938,4.0,64,2048,128,512,164,235.105,273.664,234.271,-0.0216
mixed,32,3,0.0938,4.0,64,2048,256,1024,328,250.081,330.945,247.36,-0.0336
mixed,32,3,0.0938,4.0,64,2048,512,2048,656,290.786,435.265,277.248,-0.0937
mixed,32,3,0.0938,4.0,64,2048,1024,4096,1312,357.409,812.897,500.097,0.3133
mixed,32,3,0.0938,4.0,64,2048,2048,8192,2624,533.696,1573.187,949.923,0.4004
mixed,32,3,0.0938,4.0,64,2048,4096,16384,5248,1029.602,3072.803,1867.778,0.4102
mixed,32,3,0.0938,4.0,64,4096,128,512,164,400.418,438.721,398.88,-0.0402
mixed,32,3,0.0938,4.0,64,4096,256,1024,328,416.64,496.579,413.089,-0.0444
mixed,32,3,0.0938,4.0,64,4096,512,2048,656,454.976,610.946,441.984,-0.0833
mixed,32,3,0.0938,4.0,64,4096,1024,4096,1312,525.759,811.138,503.043,-0.0796
mixed,32,3,0.0938,4.0,64,4096,2048,8192,2624,661.345,1573.763,955.458,0.3223
mixed,32,3,0.0938,4.0,64,4096,4096,16384,5248,1032.481,3097.35,1862.914,0.4022
mixed,32,3,0.0938,4.0,64,8192,128,512,164,730.593,770.435,733.792,0.0803
mixed,32,3,0.0938,4.0,64,8192,256,1024,328,747.554,828.481,743.17,-0.0542
mixed,32,3,0.0938,4.0,64,8192,512,2048,656,788.802,940.674,773.539,-0.1005
mixed,32,3,0.0938,4.0,64,8192,1024,4096,1312,852.704,1161.186,832.194,-0.0665
mixed,32,3,0.0938,4.0,64,8192,2048,8192,2624,998.208,1576.836,960.451,-0.0653
mixed,32,3,0.0938,4.0,64,8192,4096,16384,5248,1275.524,3097.607,1872.707,0.3277
mixed,32,3,0.0938,4.0,128,0,128,512,164,79.042,147.168,104.927,0.38
mixed,32,3,0.0938,4.0,128,0,256,1024,328,103.616,246.849,158.017,0.3798
mixed,32,3,0.0938,4.0,128,0,512,2048,656,176.161,434.879,269.985,0.3626
mixed,32,3,0.0938,4.0,128,0,1024,4096,1312,299.52,811.264,501.407,0.3945
mixed,32,3,0.0938,4.0,128,0,2048,8192,2624,534.847,1565.923,944.576,0.3974
mixed,32,3,0.0938,4.0,128,0,4096,16384,5248,1022.978,3061.061,1856.482,0.409
mixed,32,3,0.0938,4.0,128,512,128,512,164,112.832,150.657,110.495,-0.0618
mixed,32,3,0.0938,4.0,128,512,256,1024,328,127.264,243.361,163.713,0.314
mixed,32,3,0.0938,4.0,128,512,512,2048,656,177.28,441.151,275.553,0.3724
mixed,32,3,0.0938,4.0,128,512,1024,4096,1312,302.528,827.392,498.976,0.3743
mixed,32,3,0.0938,4.0,128,512,2048,8192,2624,540.928,1593.667,956.1,0.3944
mixed,32,3,0.0938,4.0,128,512,4096,16384,5248,1040.447,3122.119,1876.867,0.4018
mixed,32,3,0.0938,4.0,128,1024,128,512,164,154.304,191.743,152.226,-0.0555
mixed,32,3,0.0938,4.0,128,1024,256,1024,328,168.64,246.337,165.151,-0.0449
mixed,32,3,0.0938,4.0,128,1024,512,2048,656,207.936,441.92,277.026,0.2953
mixed,32,3,0.0938,4.0,128,1024,1024,4096,1312,292.289,829.475,498.016,0.383
mixed,32,3,0.0938,4.0,128,1024,2048,8192,2624,540.131,1595.747,958.401,0.3962
mixed,32,3,0.0938,4.0,128,1024,4096,16384,5248,1041.537,3123.75,1881.096,0.4032
mixed,32,3,0.0938,4.0,128,2048,128,512,164,237.472,274.976,233.891,-0.0955
mixed,32,3,0.0938,4.0,128,2048,256,1024,328,252.705,330.176,247.808,-0.0632
mixed,32,3,0.0938,4.0,128,2048,512,2048,656,290.977,436.321,280.0,-0.0755
mixed,32,3,0.0938,4.0,128,2048,1024,4096,1312,359.361,827.969,500.321,0.3008
mixed,32,3,0.0938,4.0,128,2048,2048,8192,2624,532.256,1596.995,949.891,0.3922
mixed,32,3,0.0938,4.0,128,2048,4096,16384,5248,1052.9,3129.611,1893.475,0.4048
mixed,32,3,0.0938,4.0,128,4096,128,512,164,403.073,440.066,401.505,-0.0424
mixed,32,3,0.0938,4.0,128,4096,256,1024,328,417.186,495.903,413.635,-0.0451
mixed,32,3,0.0938,4.0,128,4096,512,2048,656,457.761,608.898,443.427,-0.0948
mixed,32,3,0.0938,4.0,128,4096,1024,4096,1312,528.129,816.322,502.465,-0.0891
mixed,32,3,0.0938,4.0,128,4096,2048,8192,2624,662.881,1603.267,956.772,0.3125
mixed,32,3,0.0938,4.0,128,4096,4096,16384,5248,1065.058,3133.03,1861.763,0.3853
mixed,32,3,0.0938,4.0,128,8192,128,512,164,734.689,774.401,732.769,-0.0483
mixed,32,3,0.0938,4.0,128,8192,256,1024,328,747.874,833.763,745.377,-0.0291
mixed,32,3,0.0938,4.0,128,8192,512,2048,656,787.01,939.685,775.683,-0.0742
mixed,32,3,0.0938,4.0,128,8192,1024,4096,1312,860.514,1151.842,835.939,-0.0844
mixed,32,3,0.0938,4.0,128,8192,2048,8192,2624,998.721,1576.165,959.299,-0.0683
mixed,32,3,0.0938,4.0,128,8192,4096,16384,5248,1270.85,3163.976,1868.867,0.3159
mixed,32,3,0.0938,4.0,256,0,128,512,164,87.104,150.624,110.144,0.3627
mixed,32,3,0.0938,4.0,256,0,256,1024,328,109.088,255.776,163.328,0.3698
mixed,32,3,0.0938,4.0,256,0,512,2048,656,180.96,450.368,271.839,0.3373
mixed,32,3,0.0938,4.0,256,0,1024,4096,1312,310.4,823.298,509.216,0.3876
mixed,32,3,0.0938,4.0,256,0,2048,8192,2624,543.489,1573.763,960.866,0.4051
mixed,32,3,0.0938,4.0,256,0,4096,16384,5248,1037.123,3058.375,1867.907,0.411
mixed,32,3,0.0938,4.0,256,512,128,512,164,126.656,161.985,125.793,-0.0244
mixed,32,3,0.0938,4.0,256,512,256,1024,328,139.135,246.305,167.232,0.2622
mixed,32,3,0.0938,4.0,256,512,512,2048,656,177.472,467.489,278.785,0.3493
mixed,32,3,0.0938,4.0,256,512,1024,4096,1312,315.584,874.881,508.45,0.3448
mixed,32,3,0.0938,4.0,256,512,2048,8192,2624,575.778,1703.717,980.994,0.3593
mixed,32,3,0.0938,4.0,256,512,4096,16384,5248,1109.345,3346.855,1930.914,0.3672
mixed,32,3,0.0938,4.0,256,1024,128,512,164,167.745,203.007,167.714,-0.0009
mixed,32,3,0.0938,4.0,256,1024,256,1024,328,181.153,252.289,179.81,-0.0189
mixed,32,3,0.0938,4.0,256,1024,512,2048,656,216.767,469.697,277.087,0.2385
mixed,32,3,0.0938,4.0,256,1024,1024,4096,1312,293.634,881.312,502.37,0.3552
mixed,32,3,0.0938,4.0,256,1024,2048,8192,2624,578.082,1703.331,985.953,0.3625
mixed,32,3,0.0938,4.0,256,1024,4096,16384,5248,1112.321,3347.366,1938.849,0.3698
mixed,32,3,0.0938,4.0,256,2048,128,512,164,250.784,287.811,250.689,-0.0026
mixed,32,3,0.0938,4.0,256,2048,256,1024,328,264.064,333.186,263.039,-0.0148
mixed,32,3,0.0938,4.0,256,2048,512,2048,656,299.712,440.833,288.096,-0.0823
mixed,32,3,0.0938,4.0,256,2048,1024,4096,1312,359.489,889.025,502.529,0.2701
mixed,32,3,0.0938,4.0,256,2048,2048,8192,2624,539.905,1718.563,953.889,0.3512
mixed,32,3,0.0938,4.0,256,2048,4096,16384,5248,1121.729,3358.728,1946.051,0.3685
mixed,32,3,0.0938,4.0,256,4096,128,512,164,417.631,452.352,417.536,-0.0027
mixed,32,3,0.0938,4.0,256,4096,256,1024,328,430.945,500.514,428.641,-0.0331
mixed,32,3,0.0938,4.0,256,4096,512,2048,656,466.559,605.634,455.04,-0.0828
mixed,32,3,0.0938,4.0,256,4096,1024,4096,1312,528.449,815.937,505.633,-0.0794
mixed,32,3,0.0938,4.0,256,4096,2048,8192,2624,663.488,1726.662,958.277,0.2773
mixed,32,3,0.0938,4.0,256,4096,4096,16384,5248,1140.516,3381.895,1877.346,0.3287
mixed,32,3,0.0938,4.0,256,8192,128,512,164,749.506,789.058,749.346,-0.004
mixed,32,3,0.0938,4.0,256,8192,256,1024,328,762.402,833.252,760.96,-0.0204
mixed,32,3,0.0938,4.0,256,8192,512,2048,656,796.13,942.179,789.762,-0.0436
mixed,32,3,0.0938,4.0,256,8192,1024,4096,1312,863.01,1158.689,837.859,-0.0851
mixed,32,3,0.0938,4.0,256,8192,2048,8192,2624,999.875,1580.449,961.57,-0.066
mixed,32,3,0.0938,4.0,256,8192,4096,16384,5248,1276.387,3406.117,1875.362,0.2812
mixed,32,3,0.0938,4.0,512,0,128,512,164,115.328,171.745,125.248,0.1758
mixed,32,3,0.0938,4.0,512,0,256,1024,328,132.609,280.353,176.224,0.2952
mixed,32,3,0.0938,4.0,512,0,512,2048,656,194.816,500.674,294.753,0.3267
mixed,32,3,0.0938,4.0,512,0,1024,4096,1312,341.087,911.555,538.849,0.3467
mixed,32,3,0.0938,4.0,512,0,2048,8192,2624,610.434,1683.138,1014.083,0.3763
mixed,32,3,0.0938,4.0,512,0,4096,16384,5248,1138.69,3315.494,1956.612,0.3757
mixed,32,3,0.0938,4.0,512,512,128,512,164,162.497,194.306,162.975,0.015
mixed,32,3,0.0938,4.0,512,512,256,1024,328,174.368,261.505,183.937,0.1098
mixed,32,3,0.0938,4.0,512,512,512,2048,656,207.232,507.777,293.311,0.2864
mixed,32,3,0.0938,4.0,512,512,1024,4096,1312,333.345,960.223,505.473,0.2746
mixed,32,3,0.0938,4.0,512,512,2048,8192,2624,630.304,1878.243,1028.515,0.3191
mixed,32,3,0.0938,4.0,512,512,4096,16384,5248,1213.284,3715.916,2031.364,0.3269
mixed,32,3,0.0938,4.0,512,1024,128,512,164,203.777,236.992,204.322,0.0164
mixed,32,3,0.0938,4.0,512,1024,256,1024,328,215.392,281.696,217.215,0.0275
mixed,32,3,0.0938,4.0,512,1024,512,2048,656,250.145,503.361,292.769,0.1683
mixed,32,3,0.0938,4.0,512,1024,1024,4096,1312,308.672,960.704,514.881,0.3163
mixed,32,3,0.0938,4.0,512,1024,2048,8192,2624,615.649,1885.702,1012.287,0.3123
mixed,32,3,0.0938,4.0,512,1024,4096,16384,5248,1214.276,3704.938,2031.748,0.3282
mixed,32,3,0.0938,4.0,512,2048,128,512,164,286.113,321.407,287.458,0.0381
mixed,32,3,0.0938,4.0,512,2048,256,1024,328,299.105,367.555,298.815,-0.0042
mixed,32,3,0.0938,4.0,512,2048,512,2048,656,332.256,456.544,325.409,-0.0551
mixed,32,3,0.0938,4.0,512,2048,1024,4096,1312,397.954,939.681,512.161,0.2108
mixed,32,3,0.0938,4.0,512,2048,2048,8192,2624,551.584,1873.988,961.953,0.3103
mixed,32,3,0.0938,4.0,512,2048,4096,16384,5248,1226.659,3702.025,2002.083,0.3133
mixed,32,3,0.0938,4.0,512,4096,128,512,164,451.234,486.593,454.466,0.0914
mixed,32,3,0.0938,4.0,512,4096,256,1024,328,466.24,533.567,465.441,-0.0119
mixed,32,3,0.0938,4.0,512,4096,512,2048,656,499.97,626.722,490.368,-0.0758
mixed,32,3,0.0938,4.0,512,4096,1024,4096,1312,557.475,820.322,537.185,-0.0772
mixed,32,3,0.0938,4.0,512,4096,2048,8192,2624,704.864,1834.18,969.314,0.2342
mixed,32,3,0.0938,4.0,512,4096,4096,16384,5248,1197.922,3691.719,1873.35,0.2708
mixed,32,3,0.0938,4.0,512,8192,128,512,164,785.506,820.674,785.73,0.0064
mixed,32,3,0.0938,4.0,512,8192,256,1024,328,799.458,868.836,798.946,-0.0074
mixed,32,3,0.0938,4.0,512,8192,512,2048,656,833.856,959.681,825.058,-0.0699
mixed,32,3,0.0938,4.0,512,8192,1024,4096,1312,893.284,1179.074,866.595,-0.0934
mixed,32,3,0.0938,4.0,512,8192,2048,8192,2624,1018.819,1587.876,979.524,-0.0691
mixed,32,3,0.0938,4.0,512,8192,4096,16384,5248,1345.444,3729.605,1884.934,0.2263
mixed,32,3,0.0938,4.0,1024,0,128,512,164,197.825,244.738,199.712,0.0402
mixed,32,3,0.0938,4.0,1024,0,256,1024,328,210.91,402.88,223.52,0.0657
mixed,32,3,0.0938,4.0,1024,0,512,2048,656,293.728,638.176,342.879,0.1427
mixed,32,3,0.0938,4.0,1024,0,1024,4096,1312,480.415,1104.991,640.288,0.256
mixed,32,3,0.0938,4.0,1024,0,2048,8192,2624,777.505,2054.02,1156.224,0.2967
mixed,32,3,0.0938,4.0,1024,0,4096,16384,5248,1391.365,4128.201,2211.686,0.2997
mixed,32,3,0.0938,4.0,1024,512,128,512,164,254.816,292.769,258.273,0.0911
mixed,32,3,0.0938,4.0,1024,512,256,1024,328,271.361,408.863,274.175,0.0205
mixed,32,3,0.0938,4.0,1024,512,512,2048,656,306.144,689.283,366.241,0.1569
mixed,32,3,0.0938,4.0,1024,512,1024,4096,1312,505.952,1289.699,624.963,0.1518
mixed,32,3,0.0938,4.0,1024,512,2048,8192,2624,878.657,2407.588,1169.409,0.1902
mixed,32,3,0.0938,4.0,1024,512,4096,16384,5248,1614.022,4662.027,2301.701,0.2256
mixed,32,3,0.0938,4.0,1024,1024,128,512,164,305.091,354.72,309.761,0.0941
mixed,32,3,0.0938,4.0,1024,1024,256,1024,328,325.952,426.722,333.506,0.075
mixed,32,3,0.0938,4.0,1024,1024,512,2048,656,373.409,740.609,389.09,0.0427
mixed,32,3,0.0938,4.0,1024,1024,1024,4096,1312,485.6,1315.235,667.039,0.2187
mixed,32,3,0.0938,4.0,1024,1024,2048,8192,2624,862.242,2432.774,1175.649,0.1996
mixed,32,3,0.0938,4.0,1024,1024,4096,16384,5248,1641.124,4666.857,2288.038,0.2138
mixed,32,3,0.0938,4.0,1024,2048,128,512,164,391.808,462.977,394.721,0.0409
mixed,32,3,0.0938,4.0,1024,2048,256,1024,328,417.824,531.842,427.327,0.0833
mixed,32,3,0.0938,4.0,1024,2048,512,2048,656,491.552,697.986,486.946,-0.0223
mixed,32,3,0.0938,4.0,1024,2048,1024,4096,1312,549.123,1271.395,671.65,0.1696
mixed,32,3,0.0938,4.0,1024,2048,2048,8192,2624,870.275,2508.325,1190.051,0.1952
mixed,32,3,0.0938,4.0,1024,2048,4096,16384,5248,1710.372,4751.721,2202.726,0.1619
mixed,32,3,0.0938,4.0,1024,4096,128,512,164,557.248,631.84,562.114,0.0652
mixed,32,3,0.0938,4.0,1024,4096,256,1024,328,583.392,734.913,592.065,0.0572
mixed,32,3,0.0938,4.0,1024,4096,512,2048,656,662.051,880.995,665.825,0.0172
mixed,32,3,0.0938,4.0,1024,4096,1024,4096,1312,789.249,1246.145,820.608,0.0686
mixed,32,3,0.0938,4.0,1024,4096,2048,8192,2624,952.77,2373.221,1258.083,0.2149
mixed,32,3,0.0938,4.0,1024,4096,4096,16384,5248,1761.795,4884.585,2271.819,0.1633
mixed,32,3,0.0938,4.0,1024,8192,128,512,164,898.338,973.41,900.096,0.0234
mixed,32,3,0.0938,4.0,1024,8192,256,1024,328,921.666,1077.571,929.54,0.0505
mixed,32,3,0.0938,4.0,1024,8192,512,2048,656,1001.41,1277.538,1004.77,0.0122
mixed,32,3,0.0938,4.0,1024,8192,1024,4096,1312,1131.395,1588.453,1163.842,0.071
mixed,32,3,0.0938,4.0,1024,8192,2048,8192,2624,1375.618,2355.142,1466.977,0.0933
mixed,32,3,0.0938,4.0,1024,8192,4096,16384,5248,1753.731,5183.212,2441.542,0.2006
mixed,32,3,0.0938,4.0,2048,0,128,512,164,390.272,427.84,393.281,0.0801
mixed,32,3,0.0938,4.0,2048,0,256,1024,328,406.114,500.001,410.208,0.0436
mixed,32,3,0.0938,4.0,2048,0,512,2048,656,443.01,823.937,474.753,0.0833
mixed,32,3,0.0938,4.0,2048,0,1024,4096,1312,573.567,1509.315,725.471,0.1623
mixed,32,3,0.0938,4.0,2048,0,2048,8192,2624,1021.89,2826.375,1334.084,0.173
mixed,32,3,0.0938,4.0,2048,0,4096,16384,5248,1885.284,5456.493,2556.199,0.1879
mixed,32,3,0.0938,4.0,2048,512,128,512,164,473.951,517.632,477.664,0.085
mixed,32,3,0.0938,4.0,2048,512,256,1024,328,489.794,562.013,494.273,0.062
mixed,32,3,0.0938,4.0,2048,512,512,2048,656,530.304,829.953,534.179,0.0129
mixed,32,3,0.0938,4.0,2048,512,1024,4096,1312,616.674,1525.604,783.201,0.1832
mixed,32,3,0.0938,4.0,2048,512,2048,8192,2624,1032.61,2869.8,1345.54,0.1703
mixed,32,3,0.0938,4.0,2048,512,4096,16384,5248,1901.061,5514.029,2569.988,0.1851
mixed,32,3,0.0938,4.0,2048,1024,128,512,164,556.45,601.09,558.531,0.0466
mixed,32,3,0.0938,4.0,2048,1024,256,1024,328,577.375,661.857,582.528,0.061
mixed,32,3,0.0938,4.0,2048,1024,512,2048,656,620.225,862.917,613.793,-0.0265
mixed,32,3,0.0938,4.0,2048,1024,1024,4096,1312,681.091,1556.517,816.578,0.1548
mixed,32,3,0.0938,4.0,2048,1024,2048,8192,2624,1039.238,2883.463,1332.963,0.1593
mixed,32,3,0.0938,4.0,2048,1024,4096,16384,5248,1912.679,5529.706,2589.829,0.1872
mixed,32,3,0.0938,4.0,2048,2048,128,512,164,721.858,767.938,725.313,0.075
mixed,32,3,0.0938,4.0,2048,2048,256,1024,328,735.618,830.4,737.473,0.0196
mixed,32,3,0.0938,4.0,2048,2048,512,2048,656,780.129,952.806,782.146,0.0117
mixed,32,3,0.0938,4.0,2048,2048,1024,4096,1312,871.523,1575.651,910.147,0.0549
mixed,32,3,0.0938,4.0,2048,2048,2048,8192,2624,1122.274,2917.382,1415.907,0.1636
mixed,32,3,0.0938,4.0,2048,2048,4096,16384,5248,1982.02,5548.652,2614.342,0.1773
mixed,32,3,0.0938,4.0,2048,4096,128,512,164,1053.857,1092.642,1059.331,0.1411
mixed,32,3,0.0938,4.0,2048,4096,256,1024,328,1068.675,1142.146,1072.577,0.0531
mixed,32,3,0.0938,4.0,2048,4096,512,2048,656,1108.419,1272.994,1099.169,-0.0562
mixed,32,3,0.0938,4.0,2048,4096,1024,4096,1312,1187.586,1760.644,1162.595,-0.0436
mixed,32,3,0.0938,4.0,2048,4096,2048,8192,2624,1349.764,3025.542,1615.556,0.1586
mixed,32,3,0.0938,4.0,2048,4096,4096,16384,5248,2078.019,5657.423,2604.808,0.1472
mixed,32,3,0.0938,4.0,2048,8192,128,512,164,1719.462,1753.475,1718.659,-0.0236
mixed,32,3,0.0938,4.0,2048,8192,256,1024,328,1734.532,1805.474,1737.126,0.0366
mixed,32,3,0.0938,4.0,2048,8192,512,2048,656,1765.092,1915.683,1768.678,0.0238
mixed,32,3,0.0938,4.0,2048,8192,1024,4096,1312,1832.836,2174.084,1817.573,-0.0447
mixed,32,3,0.0938,4.0,2048,8192,2048,8192,2624,1968.036,3378.439,1921.124,-0.0333
mixed,32,3,0.0938,4.0,2048,8192,4096,16384,5248,2391.877,5971.693,3083.557,0.1932
pure,32,4,0.125,4.0,0,0,128,512,176,68.767,104.512,73.599,0.1352
pure,32,4,0.125,4.0,0,0,256,1024,352,90.11,152.926,89.024,-0.0173
pure,32,4,0.125,4.0,0,0,512,2048,704,131.199,239.008,128.354,-0.0264
pure,32,4,0.125,4.0,0,0,1024,4096,1408,185.088,401.886,195.262,0.0469
pure,32,4,0.125,4.0,0,0,2048,8192,2816,298.304,730.431,317.056,0.0434
pure,32,4,0.125,4.0,0,0,4096,16384,5632,524.353,1397.478,569.792,0.052
mixed,32,4,0.125,4.0,16,0,128,512,176,76.993,143.745,103.136,0.3916
mixed,32,4,0.125,4.0,16,0,256,1024,352,102.24,240.513,157.282,0.3981
mixed,32,4,0.125,4.0,16,0,512,2048,704,174.689,428.961,266.688,0.3618
mixed,32,4,0.125,4.0,16,0,1024,4096,1408,312.386,804.702,494.754,0.3704
mixed,32,4,0.125,4.0,16,0,2048,8192,2816,573.313,1564.965,950.146,0.38
mixed,32,4,0.125,4.0,16,0,4096,16384,5632,1086.016,3064.423,1858.308,0.3904
mixed,32,4,0.125,4.0,16,512,128,512,176,108.288,147.2,107.456,-0.0214
mixed,32,4,0.125,4.0,16,512,256,1024,352,124.514,241.055,160.993,0.313
mixed,32,4,0.125,4.0,16,512,512,2048,704,172.801,431.713,274.051,0.3911
mixed,32,4,0.125,4.0,16,512,1024,4096,1408,314.144,811.746,494.688,0.3628
mixed,32,4,0.125,4.0,16,512,2048,8192,2816,573.698,1569.923,959.52,0.3873
mixed,32,4,0.125,4.0,16,512,4096,16384,5632,1092.481,3083.782,1861.187,0.386
mixed,32,4,0.125,4.0,16,1024,128,512,176,149.762,187.617,148.64,-0.0296
mixed,32,4,0.125,4.0,16,1024,256,1024,352,166.656,243.776,162.69,-0.0514
mixed,32,4,0.125,4.0,16,1024,512,2048,704,202.339,433.536,277.728,0.3261
mixed,32,4,0.125,4.0,16,1024,1024,4096,1408,309.022,811.394,499.395,0.3789
mixed,32,4,0.125,4.0,16,1024,2048,8192,2816,575.425,1565.603,960.128,0.3885
mixed,32,4,0.125,4.0,16,1024,4096,16384,5632,1095.427,3079.497,1873.252,0.392
mixed,32,4,0.125,4.0,16,2048,128,512,176,231.68,269.952,231.648,-0.0008
mixed,32,4,0.125,4.0,16,2048,256,1024,352,248.226,325.953,245.377,-0.0367
mixed,32,4,0.125,4.0,16,2048,512,2048,704,289.503,432.193,276.065,-0.0942
mixed,32,4,0.125,4.0,16,2048,1024,4096,1408,366.754,813.954,499.875,0.2977
mixed,32,4,0.125,4.0,16,2048,2048,8192,2816,575.234,1573.539,958.048,0.3835
mixed,32,4,0.125,4.0,16,2048,4096,16384,5632,1091.363,3086.501,1874.629,0.3926
mixed,32,4,0.125,4.0,16,4096,128,512,176,397.121,435.072,397.087,-0.0009
mixed,32,4,0.125,4.0,16,4096,256,1024,352,414.723,494.785,411.682,-0.038
mixed,32,4,0.125,4.0,16,4096,512,2048,704,453.505,601.73,440.514,-0.0876
mixed,32,4,0.125,4.0,16,4096,1024,4096,1408,534.464,809.987,501.793,-0.1186
mixed,32,4,0.125,4.0,16,4096,2048,8192,2816,680.641,1570.533,963.779,0.3182
mixed,32,4,0.125,4.0,16,4096,4096,16384,5632,1098.211,3079.687,1868.325,0.3887
mixed,32,4,0.125,4.0,16,8192,128,512,176,727.904,765.569,730.018,0.0561
mixed,32,4,0.125,4.0,16,8192,256,1024,352,744.962,823.17,741.313,-0.0467
mixed,32,4,0.125,4.0,16,8192,512,2048,704,781.25,937.794,770.305,-0.0699
mixed,32,4,0.125,4.0,16,8192,1024,4096,1408,865.826,1150.339,831.682,-0.12
mixed,32,4,0.125,4.0,16,8192,2048,8192,2816,1017.954,1574.818,961.219,-0.1019
mixed,32,4,0.125,4.0,16,8192,4096,16384,5632,1306.883,3096.834,1879.079,0.3197
mixed,32,4,0.125,4.0,32,0,128,512,176,76.385,144.61,103.169,0.3926
mixed,32,4,0.125,4.0,32,0,256,1024,352,101.599,239.713,156.928,0.4006
mixed,32,4,0.125,4.0,32,0,512,2048,704,176.321,430.688,267.425,0.3582
mixed,32,4,0.125,4.0,32,0,1024,4096,1408,313.091,808.832,495.712,0.3684
mixed,32,4,0.125,4.0,32,0,2048,8192,2816,570.689,1561.219,951.361,0.3843
mixed,32,4,0.125,4.0,32,0,4096,16384,5632,1084.257,3067.561,1858.18,0.3902
mixed,32,4,0.125,4.0,32,512,128,512,176,108.64,148.161,108.768,0.0032
mixed,32,4,0.125,4.0,32,512,256,1024,352,124.768,241.919,161.952,0.3174
mixed,32,4,0.125,4.0,32,512,512,2048,704,175.038,430.658,275.809,0.3942
mixed,32,4,0.125,4.0,32,512,1024,4096,1408,313.921,807.586,497.122,0.3711
mixed,32,4,0.125,4.0,32,512,2048,8192,2816,574.146,1574.884,957.667,0.3832
mixed,32,4,0.125,4.0,32,512,4096,16384,5632,1092.451,3077.223,1867.075,0.3903
mixed,32,4,0.125,4.0,32,1024,128,512,176,150.402,188.576,149.601,-0.021
mixed,32,4,0.125,4.0,32,1024,256,1024,352,167.328,243.68,163.104,-0.0553
mixed,32,4,0.125,4.0,32,1024,512,2048,704,204.672,434.338,277.538,0.3173
mixed,32,4,0.125,4.0,32,1024,1024,4096,1408,310.912,813.697,500.703,0.3775
mixed,32,4,0.125,4.0,32,1024,2048,8192,2816,575.042,1569.986,960.898,0.3878
mixed,32,4,0.125,4.0,32,1024,4096,16384,5632,1093.698,3085.704,1872.677,0.3911
mixed,32,4,0.125,4.0,32,2048,128,512,176,232.64,271.169,233.472,0.0216
mixed,32,4,0.125,4.0,32,2048,256,1024,352,251.104,330.112,245.664,-0.0689
mixed,32,4,0.125,4.0,32,2048,512,2048,704,291.903,434.944,276.545,-0.1074
mixed,32,4,0.125,4.0,32,2048,1024,4096,1408,366.466,813.603,501.054,0.301
mixed,32,4,0.125,4.0,32,2048,2048,8192,2816,578.498,1575.235,956.61,0.3793
mixed,32,4,0.125,4.0,32,2048,4096,16384,5632,1095.204,3083.752,1879.075,0.3942
mixed,32,4,0.125,4.0,32,4096,128,512,176,397.919,436.45,397.409,-0.0132
mixed,32,4,0.125,4.0,32,4096,256,1024,352,416.769,495.779,411.522,-0.0664
mixed,32,4,0.125,4.0,32,4096,512,2048,704,454.016,602.177,441.761,-0.0827
mixed,32,4,0.125,4.0,32,4096,1024,4096,1408,534.817,812.1,503.201,-0.114
mixed,32,4,0.125,4.0,32,4096,2048,8192,2816,682.272,1570.147,964.354,0.3177
mixed,32,4,0.125,4.0,32,4096,4096,16384,5632,1093.506,3085.923,1865.412,0.3874
mixed,32,4,0.125,4.0,32,8192,128,512,176,729.346,766.596,729.186,-0.0043
mixed,32,4,0.125,4.0,32,8192,256,1024,352,746.274,824.802,741.696,-0.0583
mixed,32,4,0.125,4.0,32,8192,512,2048,704,783.043,939.872,771.393,-0.0743
mixed,32,4,0.125,4.0,32,8192,1024,4096,1408,867.173,1159.075,831.299,-0.1229
mixed,32,4,0.125,4.0,32,8192,2048,8192,2816,1021.315,1574.851,961.826,-0.1075
mixed,32,4,0.125,4.0,32,8192,4096,16384,5632,1308.419,3085.318,1876.966,0.32
mixed,32,4,0.125,4.0,64,0,128,512,176,77.28,145.762,103.744,0.3864
mixed,32,4,0.125,4.0,64,0,256,1024,352,104.097,243.295,157.343,0.3825
mixed,32,4,0.125,4.0,64,0,512,2048,704,177.921,433.568,269.729,0.3591
mixed,32,4,0.125,4.0,64,0,1024,4096,1408,314.559,809.251,498.177,0.3712
mixed,32,4,0.125,4.0,64,0,2048,8192,2816,575.905,1566.723,953.154,0.3807
mixed,32,4,0.125,4.0,64,0,4096,16384,5632,1089.986,3057.131,1855.395,0.3891
mixed,32,4,0.125,4.0,64,512,128,512,176,110.976,156.416,109.984,-0.0218
mixed,32,4,0.125,4.0,64,512,256,1024,352,128.96,243.072,162.336,0.2925
mixed,32,4,0.125,4.0,64,512,512,2048,704,177.953,433.571,278.783,0.3945
mixed,32,4,0.125,4.0,64,512,1024,4096,1408,317.058,814.145,499.169,0.3664
mixed,32,4,0.125,4.0,64,512,2048,8192,2816,579.746,1571.651,959.458,0.3828
mixed,32,4,0.125,4.0,64,512,4096,16384,5632,1093.763,3090.407,1867.396,0.3875
mixed,32,4,0.125,4.0,64,1024,128,512,176,151.776,190.88,151.841,0.0017
mixed,32,4,0.125,4.0,64,1024,256,1024,352,170.816,245.601,164.8,-0.0804
mixed,32,4,0.125,4.0,64,1024,512,2048,704,208.577,436.098,280.353,0.3155
mixed,32,4,0.125,4.0,64,1024,1024,4096,1408,313.057,809.955,502.754,0.3818
mixed,32,4,0.125,4.0,64,1024,2048,8192,2816,575.52,1564.644,968.128,0.3969
mixed,32,4,0.125,4.0,64,1024,4096,16384,5632,1096.13,3085.575,1871.401,0.3897
mixed,32,4,0.125,4.0,64,2048,128,512,176,235.266,274.272,233.824,-0.037
mixed,32,4,0.125,4.0,64,2048,256,1024,352,251.04,330.432,247.488,-0.0447
mixed,32,4,0.125,4.0,64,2048,512,2048,704,292.513,436.448,278.496,-0.0974
mixed,32,4,0.125,4.0,64,2048,1024,4096,1408,369.602,814.338,504.257,0.3028
mixed,32,4,0.125,4.0,64,2048,2048,8192,2816,573.44,1574.531,962.083,0.3882
mixed,32,4,0.125,4.0,64,2048,4096,16384,5632,1096.771,3085.927,1880.837,0.3942
mixed,32,4,0.125,4.0,64,4096,128,512,176,401.698,438.944,399.074,-0.0705
mixed,32,4,0.125,4.0,64,4096,256,1024,352,417.794,494.881,413.857,-0.0511
mixed,32,4,0.125,4.0,64,4096,512,2048,704,456.514,610.08,443.713,-0.0834
mixed,32,4,0.125,4.0,64,4096,1024,4096,1408,539.521,811.842,504.097,-0.1301
mixed,32,4,0.125,4.0,64,4096,2048,8192,2816,682.368,1583.266,964.706,0.3134
mixed,32,4,0.125,4.0,64,4096,4096,16384,5632,1098.404,3088.52,1877.286,0.3914
mixed,32,4,0.125,4.0,64,8192,128,512,176,731.651,771.969,732.803,0.0286
mixed,32,4,0.125,4.0,64,8192,256,1024,352,749.027,830.691,744.227,-0.0588
mixed,32,4,0.125,4.0,64,8192,512,2048,704,788.162,939.779,774.049,-0.0931
mixed,32,4,0.125,4.0,64,8192,1024,4096,1408,871.552,1158.275,835.075,-0.1272
mixed,32,4,0.125,4.0,64,8192,2048,8192,2816,1023.842,1573.186,965.474,-0.1063
mixed,32,4,0.125,4.0,64,8192,4096,16384,5632,1316.706,3093.128,1879.59,0.3169
mixed,32,4,0.125,4.0,128,0,128,512,176,79.04,147.585,105.376,0.3842
mixed,32,4,0.125,4.0,128,0,256,1024,352,104.193,248.258,158.368,0.376
mixed,32,4,0.125,4.0,128,0,512,2048,704,179.745,433.827,271.456,0.361
mixed,32,4,0.125,4.0,128,0,1024,4096,1408,318.944,813.633,502.817,0.3717
mixed,32,4,0.125,4.0,128,0,2048,8192,2816,578.177,1567.811,957.858,0.3837
mixed,32,4,0.125,4.0,128,0,4096,16384,5632,1092.866,3070.086,1862.148,0.3891
mixed,32,4,0.125,4.0,128,512,128,512,176,112.354,150.752,110.721,-0.0425
mixed,32,4,0.125,4.0,128,512,256,1024,352,126.88,243.842,162.752,0.3067
mixed,32,4,0.125,4.0,128,512,512,2048,704,179.457,440.289,279.521,0.3836
mixed,32,4,0.125,4.0,128,512,1024,4096,1408,321.089,824.898,500.929,0.357
mixed,32,4,0.125,4.0,128,512,2048,8192,2816,584.898,1592.452,969.602,0.3818
mixed,32,4,0.125,4.0,128,512,4096,16384,5632,1114.019,3128.038,1883.621,0.3821
mixed,32,4,0.125,4.0,128,1024,128,512,176,154.21,191.264,152.32,-0.051
mixed,32,4,0.125,4.0,128,1024,256,1024,352,168.737,246.88,165.888,-0.0365
mixed,32,4,0.125,4.0,128,1024,512,2048,704,206.144,443.041,281.248,0.317
mixed,32,4,0.125,4.0,128,1024,1024,4096,1408,313.537,825.056,502.561,0.3695
mixed,32,4,0.125,4.0,128,1024,2048,8192,2816,586.432,1596.739,976.547,0.3861
mixed,32,4,0.125,4.0,128,1024,4096,16384,5632,1114.21,3122.504,1885.318,0.384
mixed,32,4,0.125,4.0,128,2048,128,512,176,237.185,274.208,235.489,-0.0458
mixed,32,4,0.125,4.0,128,2048,256,1024,352,253.12,330.305,248.354,-0.0617
mixed,32,4,0.125,4.0,128,2048,512,2048,704,290.528,437.183,281.73,-0.06
mixed,32,4,0.125,4.0,128,2048,1024,4096,1408,370.976,828.194,502.56,0.2878
mixed,32,4,0.125,4.0,128,2048,2048,8192,2816,585.922,1603.044,962.369,0.3701
mixed,32,4,0.125,4.0,128,2048,4096,16384,5632,1114.913,3132.967,1907.332,0.3927
mixed,32,4,0.125,4.0,128,4096,128,512,176,403.363,440.098,400.929,-0.0663
mixed,32,4,0.125,4.0,128,4096,256,1024,352,418.657,495.968,413.92,-0.0613
mixed,32,4,0.125,4.0,128,4096,512,2048,704,461.537,607.97,445.889,-0.1069
mixed,32,4,0.125,4.0,128,4096,1024,4096,1408,538.082,816.031,505.474,-0.1173
mixed,32,4,0.125,4.0,128,4096,2048,8192,2816,684.416,1604.774,960.638,0.3001
mixed,32,4,0.125,4.0,128,4096,4096,16384,5632,1121.988,3141.671,1870.116,0.3704
mixed,32,4,0.125,4.0,128,8192,128,512,176,734.434,775.074,733.891,-0.0134
mixed,32,4,0.125,4.0,128,8192,256,1024,352,748.034,831.521,747.266,-0.0092
mixed,32,4,0.125,4.0,128,8192,512,2048,704,787.075,940.607,776.483,-0.069
mixed,32,4,0.125,4.0,128,8192,1024,4096,1408,875.266,1159.17,837.761,-0.1321
mixed,32,4,0.125,4.0,128,8192,2048,8192,2816,1025.921,1572.579,964.354,-0.1126
mixed,32,4,0.125,4.0,128,8192,4096,16384,5632,1308.546,3158.825,1883.812,0.3109
mixed,32,4,0.125,4.0,256,0,128,512,176,87.585,151.394,111.264,0.3711
mixed,32,4,0.125,4.0,256,0,256,1024,352,109.345,258.945,164.256,0.3671
mixed,32,4,0.125,4.0,256,0,512,2048,704,183.232,445.952,274.529,0.3475
mixed,32,4,0.125,4.0,256,0,1024,4096,1408,330.881,821.954,509.377,0.3635
mixed,32,4,0.125,4.0,256,0,2048,8192,2816,585.954,1567.332,966.661,0.3879
mixed,32,4,0.125,4.0,256,0,4096,16384,5632,1098.98,3056.967,1873.925,0.3958
mixed,32,4,0.125,4.0,256,512,128,512,176,126.88,161.952,125.568,-0.0374
mixed,32,4,0.125,4.0,256,512,256,1024,352,140.705,248.033,168.8,0.2618
mixed,32,4,0.125,4.0,256,512,512,2048,704,178.848,468.898,279.296,0.3463
mixed,32,4,0.125,4.0,256,512,1024,4096,1408,340.321,877.953,509.507,0.3147
mixed,32,4,0.125,4.0,256,512,2048,8192,2816,621.698,1705.673,995.875,0.3452
mixed,32,4,0.125,4.0,256,512,4096,16384,5632,1186.852,3353.193,1941.603,0.3484
mixed,32,4,0.125,4.0,256,1024,128,512,176,168.32,204.288,167.264,-0.0294
mixed,32,4,0.125,4.0,256,1024,256,1024,352,181.697,250.592,181.568,-0.0019
mixed,32,4,0.125,4.0,256,1024,512,2048,704,218.304,471.873,281.473,0.2491
mixed,32,4,0.125,4.0,256,1024,1024,4096,1408,314.339,880.291,503.714,0.3346
mixed,32,4,0.125,4.0,256,1024,2048,8192,2816,623.682,1708.358,999.362,0.3464
mixed,32,4,0.125,4.0,256,1024,4096,16384,5632,1186.114,3361.032,1943.622,0.3483
mixed,32,4,0.125,4.0,256,2048,128,512,176,252.319,287.137,250.112,-0.0634
mixed,32,4,0.125,4.0,256,2048,256,1024,352,265.216,332.384,263.134,-0.031
mixed,32,4,0.125,4.0,256,2048,512,2048,704,300.066,437.091,289.154,-0.0796
mixed,32,4,0.125,4.0,256,2048,1024,4096,1408,370.818,886.946,507.298,0.2644
mixed,32,4,0.125,4.0,256,2048,2048,8192,2816,610.049,1717.221,964.835,0.3204
mixed,32,4,0.125,4.0,256,2048,4096,16384,5632,1199.202,3359.848,1963.495,0.3537
mixed,32,4,0.125,4.0,256,4096,128,512,176,416.64,452.449,416.482,-0.0044
mixed,32,4,0.125,4.0,256,4096,256,1024,352,432.672,500.803,429.633,-0.0446
mixed,32,4,0.125,4.0,256,4096,512,2048,704,468.546,608.993,454.978,-0.0966
mixed,32,4,0.125,4.0,256,4096,1024,4096,1408,540.225,815.97,508.065,-0.1166
mixed,32,4,0.125,4.0,256,4096,2048,8192,2816,683.969,1740.004,967.683,0.2687
mixed,32,4,0.125,4.0,256,4096,4096,16384,5632,1208.035,3374.439,1874.951,0.3078
mixed,32,4,0.125,4.0,256,8192,128,512,176,750.69,785.345,749.091,-0.0461
mixed,32,4,0.125,4.0,256,8192,256,1024,352,765.024,831.937,759.908,-0.0765
mixed,32,4,0.125,4.0,256,8192,512,2048,704,797.316,939.426,787.105,-0.0719
mixed,32,4,0.125,4.0,256,8192,1024,4096,1408,875.554,1161.795,840.803,-0.1214
mixed,32,4,0.125,4.0,256,8192,2048,8192,2816,1027.428,1577.284,968.034,-0.108
mixed,32,4,0.125,4.0,256,8192,4096,16384,5632,1308.547,3406.088,1886.884,0.2757
mixed,32,4,0.125,4.0,512,0,128,512,176,115.167,172.895,127.169,0.2079
mixed,32,4,0.125,4.0,512,0,256,1024,352,134.496,277.793,177.025,0.2968
mixed,32,4,0.125,4.0,512,0,512,2048,704,193.665,499.072,296.352,0.3362
mixed,32,4,0.125,4.0,512,0,1024,4096,1408,362.818,912.291,544.611,0.3308
mixed,32,4,0.125,4.0,512,0,2048,8192,2816,657.153,1687.813,1032.163,0.3639
mixed,32,4,0.125,4.0,512,0,4096,16384,5632,1208.324,3268.453,1962.465,0.3661
mixed,32,4,0.125,4.0,512,512,128,512,176,161.535,193.951,164.928,0.1047
mixed,32,4,0.125,4.0,512,512,256,1024,352,174.561,262.945,185.728,0.1263
mixed,32,4,0.125,4.0,512,512,512,2048,704,205.76,504.993,293.249,0.2924
mixed,32,4,0.125,4.0,512,512,1024,4096,1408,359.713,962.275,504.225,0.2398
mixed,32,4,0.125,4.0,512,512,2048,8192,2816,679.426,1878.34,1047.94,0.3074
mixed,32,4,0.125,4.0,512,512,4096,16384,5632,1302.434,3714.92,2055.268,0.3121
mixed,32,4,0.125,4.0,512,1024,128,512,176,204.416,237.762,206.465,0.0614
mixed,32,4,0.125,4.0,512,1024,256,1024,352,217.25,280.128,217.666,0.0066
mixed,32,4,0.125,4.0,512,1024,512,2048,704,249.76,503.074,297.248,0.1875
mixed,32,4,0.125,4.0,512,1024,1024,4096,1408,333.953,961.091,518.72,0.2946
mixed,32,4,0.125,4.0,512,1024,2048,8192,2816,666.178,1886.374,1026.336,0.2952
mixed,32,4,0.125,4.0,512,1024,4096,16384,5632,1301.412,3714.025,2070.308,0.3187
mixed,32,4,0.125,4.0,512,2048,128,512,176,285.824,320.577,289.184,0.0967
mixed,32,4,0.125,4.0,512,2048,256,1024,352,300.544,367.713,302.208,0.0248
mixed,32,4,0.125,4.0,512,2048,512,2048,704,334.529,457.056,326.625,-0.0645
mixed,32,4,0.125,4.0,512,2048,1024,4096,1408,416.13,936.45,518.304,0.1964
mixed,32,4,0.125,4.0,512,2048,2048,8192,2816,653.921,1870.02,974.339,0.2635
mixed,32,4,0.125,4.0,512,2048,4096,16384,5632,1301.024,3732.779,2028.26,0.2991
mixed,32,4,0.125,4.0,512,4096,128,512,176,451.84,486.657,456.514,0.1342
mixed,32,4,0.125,4.0,512,4096,256,1024,352,468.61,531.938,466.21,-0.0379
mixed,32,4,0.125,4.0,512,4096,512,2048,704,499.553,629.12,492.706,-0.0528
mixed,32,4,0.125,4.0,512,4096,1024,4096,1408,570.337,823.65,536.865,-0.1321
mixed,32,4,0.125,4.0,512,4096,2048,8192,2816,733.089,1839.459,975.558,0.2192
mixed,32,4,0.125,4.0,512,4096,4096,16384,5632,1288.096,3723.661,1889.285,0.2468
mixed,32,4,0.125,4.0,512,8192,128,512,176,786.658,820.386,787.106,0.0133
mixed,32,4,0.125,4.0,512,8192,256,1024,352,801.026,871.427,799.521,-0.0214
mixed,32,4,0.125,4.0,512,8192,512,2048,704,833.792,966.914,827.97,-0.0437
mixed,32,4,0.125,4.0,512,8192,1024,4096,1408,903.874,1177.504,871.459,-0.1185
mixed,32,4,0.125,4.0,512,8192,2048,8192,2816,1042.435,1578.436,986.947,-0.1035
mixed,32,4,0.125,4.0,512,8192,4096,16384,5632,1405.124,3700.074,1902.535,0.2167
mixed,32,4,0.125,4.0,1024,0,128,512,176,198.336,243.359,200.515,0.0484
mixed,32,4,0.125,4.0,1024,0,256,1024,352,211.009,401.762,227.072,0.0842
mixed,32,4,0.125,4.0,1024,0,512,2048,704,304.161,639.841,345.985,0.1246
mixed,32,4,0.125,4.0,1024,0,1024,4096,1408,509.985,1100.036,642.946,0.2253
mixed,32,4,0.125,4.0,1024,0,2048,8192,2816,810.115,2063.654,1184.002,0.2983
mixed,32,4,0.125,4.0,1024,0,4096,16384,5632,1498.98,4073.449,2252.583,0.2927
mixed,32,4,0.125,4.0,1024,512,128,512,176,255.201,293.825,258.367,0.082
mixed,32,4,0.125,4.0,1024,512,256,1024,352,271.168,410.754,277.729,0.047
mixed,32,4,0.125,4.0,1024,512,512,2048,704,312.673,688.132,372.482,0.1593
mixed,32,4,0.125,4.0,1024,512,1024,4096,1408,539.329,1281.765,639.716,0.1352
mixed,32,4,0.125,4.0,1024,512,2048,8192,2816,941.443,2411.078,1182.085,0.1637
mixed,32,4,0.125,4.0,1024,512,4096,16384,5632,1709.413,4606.669,2340.039,0.2177
mixed,32,4,0.125,4.0,1024,1024,128,512,176,307.266,356.323,312.032,0.0972
mixed,32,4,0.125,4.0,1024,1024,256,1024,352,326.496,425.376,335.425,0.0903
mixed,32,4,0.125,4.0,1024,1024,512,2048,704,373.6,735.618,397.057,0.0648
mixed,32,4,0.125,4.0,1024,1024,1024,4096,1408,521.058,1319.075,679.456,0.1985
mixed,32,4,0.125,4.0,1024,1024,2048,8192,2816,909.345,2432.038,1177.7,0.1762
mixed,32,4,0.125,4.0,1024,1024,4096,16384,5632,1736.613,4671.083,2328.165,0.2016
mixed,32,4,0.125,4.0,1024,2048,128,512,176,390.881,464.29,397.344,0.088
mixed,32,4,0.125,4.0,1024,2048,256,1024,352,417.731,534.497,431.584,0.1186
mixed,32,4,0.125,4.0,1024,2048,512,2048,704,495.425,696.547,496.769,0.0067
mixed,32,4,0.125,4.0,1024,2048,1024,4096,1408,576.706,1261.539,679.586,0.1502
mixed,32,4,0.125,4.0,1024,2048,2048,8192,2816,988.832,2507.881,1242.979,0.1673
mixed,32,4,0.125,4.0,1024,2048,4096,16384,5632,1815.365,4729.998,2241.027,0.146
mixed,32,4,0.125,4.0,1024,4096,128,512,176,561.027,633.214,565.667,0.0643
mixed,32,4,0.125,4.0,1024,4096,256,1024,352,586.657,737.728,599.266,0.0835
mixed,32,4,0.125,4.0,1024,4096,512,2048,704,664.417,876.484,671.969,0.0356
mixed,32,4,0.125,4.0,1024,4096,1024,4096,1408,811.395,1243.267,838.145,0.0619
mixed,32,4,0.125,4.0,1024,4096,2048,8192,2816,1017.634,2399.174,1264.9,0.179
mixed,32,4,0.125,4.0,1024,4096,4096,16384,5632,1878.597,4905.519,2330.854,0.1494
mixed,32,4,0.125,4.0,1024,8192,128,512,176,894.242,967.235,902.883,0.1184
mixed,32,4,0.125,4.0,1024,8192,256,1024,352,924.42,1076.163,936.991,0.0828
mixed,32,4,0.125,4.0,1024,8192,512,2048,704,1002.818,1272.227,1010.337,0.0279
mixed,32,4,0.125,4.0,1024,8192,1024,4096,1408,1153.7,1589.38,1181.667,0.0642
mixed,32,4,0.125,4.0,1024,8192,2048,8192,2816,1418.275,2357.063,1481.795,0.0677
mixed,32,4,0.125,4.0,1024,8192,4096,16384,5632,1876.547,5183.629,2453.862,0.1746
mixed,32,4,0.125,4.0,2048,0,128,512,176,391.744,428.801,396.322,0.1235
mixed,32,4,0.125,4.0,2048,0,256,1024,352,405.7,499.523,410.562,0.0518
mixed,32,4,0.125,4.0,2048,0,512,2048,704,443.68,822.112,487.68,0.1163
mixed,32,4,0.125,4.0,2048,0,1024,4096,1408,602.976,1512.995,742.627,0.1535
mixed,32,4,0.125,4.0,2048,0,2048,8192,2816,1083.939,2842.919,1358.723,0.1562
mixed,32,4,0.125,4.0,2048,0,4096,16384,5632,2006.47,5453.358,2649.83,0.1866
mixed,32,4,0.125,4.0,2048,512,128,512,176,474.498,515.681,474.977,0.0116
mixed,32,4,0.125,4.0,2048,512,256,1024,352,488.803,560.898,496.706,0.1096
mixed,32,4,0.125,4.0,2048,512,512,2048,704,534.495,828.578,537.25,0.0094
mixed,32,4,0.125,4.0,2048,512,1024,4096,1408,644.546,1533.89,804.288,0.1796
mixed,32,4,0.125,4.0,2048,512,2048,8192,2816,1110.883,2853.571,1374.69,0.1514
mixed,32,4,0.125,4.0,2048,512,4096,16384,5632,2044.904,5501.42,2635.016,0.1707
mixed,32,4,0.125,4.0,2048,1024,128,512,176,555.361,601.986,563.649,0.1778
mixed,32,4,0.125,4.0,2048,1024,256,1024,352,575.426,657.57,583.171,0.0943
mixed,32,4,0.125,4.0,2048,1024,512,2048,704,621.379,864.035,615.939,-0.0224
mixed,32,4,0.125,4.0,2048,1024,1024,4096,1408,695.873,1555.045,833.41,0.1601
mixed,32,4,0.125,4.0,2048,1024,2048,8192,2816,1108.131,2871.497,1367.716,0.1472
mixed,32,4,0.125,4.0,2048,1024,4096,16384,5632,2053.795,5537.199,2640.68,0.1685
mixed,32,4,0.125,4.0,2048,2048,128,512,176,720.673,764.514,723.232,0.0584
mixed,32,4,0.125,4.0,2048,2048,256,1024,352,736.704,835.265,738.017,0.0133
mixed,32,4,0.125,4.0,2048,2048,512,2048,704,780.803,953.027,781.058,0.0015
mixed,32,4,0.125,4.0,2048,2048,1024,4096,1408,874.722,1573.637,926.563,0.0742
mixed,32,4,0.125,4.0,2048,2048,2048,8192,2816,1173.284,2920.23,1453.379,0.1603
mixed,32,4,0.125,4.0,2048,2048,4096,16384,5632,2093.155,5562.45,2654.345,0.1618
mixed,32,4,0.125,4.0,2048,4096,128,512,176,1053.987,1094.084,1057.859,0.0966
mixed,32,4,0.125,4.0,2048,4096,256,1024,352,1072.259,1149.826,1076.162,0.0503
mixed,32,4,0.125,4.0,2048,4096,512,2048,704,1107.011,1283.939,1105.283,-0.0098
mixed,32,4,0.125,4.0,2048,4096,1024,4096,1408,1201.699,1770.021,1179.013,-0.0399
mixed,32,4,0.125,4.0,2048,4096,2048,8192,2816,1361.059,3026.76,1643.204,0.1694
mixed,32,4,0.125,4.0,2048,4096,4096,16384,5632,2196.165,5630.638,2658.631,0.1347
mixed,32,4,0.125,4.0,2048,8192,128,512,176,1718.789,1760.869,1721.924,0.0745
mixed,32,4,0.125,4.0,2048,8192,256,1024,352,1736.516,1806.119,1738.662,0.0308
mixed,32,4,0.125,4.0,2048,8192,512,2048,704,1774.022,1912.035,1771.904,-0.0153
mixed,32,4,0.125,4.0,2048,8192,1024,4096,1408,1843.365,2217.061,1818.052,-0.0677
mixed,32,4,0.125,4.0,2048,8192,2048,8192,2816,2017.989,3385.216,1929.447,-0.0648
mixed,32,4,0.125,4.0,2048,8192,4096,16384,5632,2439.238,6016.248,3136.264,0.1949
pure,32,8,0.25,4.0,0,0,128,512,224,73.375,105.76,80.129,0.2086
pure,32,8,0.25,4.0,0,0,256,1024,448,100.8,152.097,100.736,-0.0012
pure,32,8,0.25,4.0,0,0,512,2048,896,139.938,239.423,140.803,0.0087
pure,32,8,0.25,4.0,0,0,1024,4096,1792,217.248,401.603,216.864,-0.0021
pure,32,8,0.25,4.0,0,0,2048,8192,3584,359.807,734.881,362.051,0.006
pure,32,8,0.25,4.0,0,0,4096,16384,7168,650.658,1399.27,654.372,0.005
mixed,32,8,0.25,4.0,16,0,128,512,224,79.839,143.52,104.0,0.3794
mixed,32,8,0.25,4.0,16,0,256,1024,448,122.303,240.737,159.2,0.3115
mixed,32,8,0.25,4.0,16,0,512,2048,896,218.082,429.601,273.921,0.264
mixed,32,8,0.25,4.0,16,0,1024,4096,1792,382.785,804.322,510.049,0.3019
mixed,32,8,0.25,4.0,16,0,2048,8192,3584,708.515,1561.185,974.659,0.3121
mixed,32,8,0.25,4.0,16,0,4096,16384,7168,1371.172,3067.562,1902.659,0.3133
mixed,32,8,0.25,4.0,16,512,128,512,224,110.72,146.975,109.534,-0.0327
mixed,32,8,0.25,4.0,16,512,256,1024,448,133.694,241.027,163.486,0.2776
mixed,32,8,0.25,4.0,16,512,512,2048,896,215.551,430.654,280.802,0.3033
mixed,32,8,0.25,4.0,16,512,1024,4096,1792,387.202,811.424,510.051,0.2896
mixed,32,8,0.25,4.0,16,512,2048,8192,3584,716.322,1567.268,983.808,0.3143
mixed,32,8,0.25,4.0,16,512,4096,16384,7168,1372.677,3081.672,1909.475,0.3141
mixed,32,8,0.25,4.0,16,1024,128,512,224,151.744,187.936,149.152,-0.0716
mixed,32,8,0.25,4.0,16,1024,256,1024,448,177.983,243.618,165.057,-0.1969
mixed,32,8,0.25,4.0,16,1024,512,2048,896,229.025,431.904,284.161,0.2718
mixed,32,8,0.25,4.0,16,1024,1024,4096,1792,386.049,811.555,514.465,0.3018
mixed,32,8,0.25,4.0,16,1024,2048,8192,3584,721.087,1569.891,985.954,0.312
mixed,32,8,0.25,4.0,16,1024,4096,16384,7168,1377.124,3079.497,1913.381,0.315
mixed,32,8,0.25,4.0,16,2048,128,512,224,235.329,269.314,232.48,-0.0838
mixed,32,8,0.25,4.0,16,2048,256,1024,448,260.031,325.597,247.137,-0.1967
mixed,32,8,0.25,4.0,16,2048,512,2048,896,311.137,435.231,284.128,-0.2176
mixed,32,8,0.25,4.0,16,2048,1024,4096,1792,404.032,809.953,517.57,0.2797
mixed,32,8,0.25,4.0,16,2048,2048,8192,3584,721.409,1574.371,984.867,0.3089
mixed,32,8,0.25,4.0,16,2048,4096,16384,7168,1378.915,3079.08,1920.261,0.3184
mixed,32,8,0.25,4.0,16,4096,128,512,224,400.641,437.281,398.176,-0.0673
mixed,32,8,0.25,4.0,16,4096,256,1024,448,424.769,494.114,412.513,-0.1767
mixed,32,8,0.25,4.0,16,4096,512,2048,896,478.337,608.29,445.185,-0.2551
mixed,32,8,0.25,4.0,16,4096,1024,4096,1792,572.834,814.593,517.058,-0.2307
mixed,32,8,0.25,4.0,16,4096,2048,8192,3584,756.195,1575.749,986.307,0.2808
mixed,32,8,0.25,4.0,16,4096,4096,16384,7168,1382.47,3084.938,1908.293,0.3089
mixed,32,8,0.25,4.0,16,8192,128,512,224,731.939,766.979,731.552,-0.011
mixed,32,8,0.25,4.0,16,8192,256,1024,448,755.555,822.915,742.338,-0.1962
mixed,32,8,0.25,4.0,16,8192,512,2048,896,810.787,936.771,776.001,-0.2761
mixed,32,8,0.25,4.0,16,8192,1024,4096,1792,911.361,1155.523,847.523,-0.2615
mixed,32,8,0.25,4.0,16,8192,2048,8192,3584,1098.211,1575.014,991.331,-0.2242
mixed,32,8,0.25,4.0,16,8192,4096,16384,7168,1459.012,3105.478,1927.299,0.2844
mixed,32,8,0.25,4.0,32,0,128,512,224,78.88,143.585,104.351,0.3936
mixed,32,8,0.25,4.0,32,0,256,1024,448,122.591,242.401,158.145,0.2968
mixed,32,8,0.25,4.0,32,0,512,2048,896,219.008,430.242,275.105,0.2656
mixed,32,8,0.25,4.0,32,0,1024,4096,1792,383.264,806.434,509.667,0.2987
mixed,32,8,0.25,4.0,32,0,2048,8192,3584,713.444,1561.764,975.044,0.3084
mixed,32,8,0.25,4.0,32,0,4096,16384,7168,1373.315,3076.652,1895.013,0.3063
mixed,32,8,0.25,4.0,32,512,128,512,224,111.135,148.193,109.12,-0.0544
mixed,32,8,0.25,4.0,32,512,256,1024,448,135.551,240.608,162.945,0.2608
mixed,32,8,0.25,4.0,32,512,512,2048,896,217.665,433.569,281.856,0.2973
mixed,32,8,0.25,4.0,32,512,1024,4096,1792,386.048,808.386,511.971,0.2982
mixed,32,8,0.25,4.0,32,512,2048,8192,3584,715.617,1568.484,985.635,0.3166
mixed,32,8,0.25,4.0,32,512,4096,16384,7168,1381.251,3068.68,1905.317,0.3106
mixed,32,8,0.25,4.0,32,1024,128,512,224,152.321,188.897,151.136,-0.0324
mixed,32,8,0.25,4.0,32,1024,256,1024,448,177.057,243.841,164.864,-0.1826
mixed,32,8,0.25,4.0,32,1024,512,2048,896,230.658,432.927,285.216,0.2697
mixed,32,8,0.25,4.0,32,1024,1024,4096,1792,385.409,808.963,516.513,0.3095
mixed,32,8,0.25,4.0,32,1024,2048,8192,3584,717.41,1568.389,988.002,0.318
mixed,32,8,0.25,4.0,32,1024,4096,16384,7168,1378.467,3079.207,1911.365,0.3133
mixed,32,8,0.25,4.0,32,2048,128,512,224,234.305,272.096,234.689,0.0102
mixed,32,8,0.25,4.0,32,2048,256,1024,448,260.545,326.371,247.777,-0.194
mixed,32,8,0.25,4.0,32,2048,512,2048,896,315.552,432.927,284.128,-0.2677
mixed,32,8,0.25,4.0,32,2048,1024,4096,1792,404.897,808.803,520.706,0.2867
mixed,32,8,0.25,4.0,32,2048,2048,8192,3584,718.692,1573.542,984.577,0.311
mixed,32,8,0.25,4.0,32,2048,4096,16384,7168,1377.86,3075.56,1930.757,0.3257
mixed,32,8,0.25,4.0,32,4096,128,512,224,400.642,437.216,398.913,-0.0473
mixed,32,8,0.25,4.0,32,4096,256,1024,448,425.378,495.138,412.705,-0.1817
mixed,32,8,0.25,4.0,32,4096,512,2048,896,481.121,604.963,447.713,-0.2698
mixed,32,8,0.25,4.0,32,4096,1024,4096,1792,577.79,811.235,518.562,-0.2537
mixed,32,8,0.25,4.0,32,4096,2048,8192,3584,755.809,1571.205,989.284,0.2863
mixed,32,8,0.25,4.0,32,4096,4096,16384,7168,1386.115,3081.321,1913.893,0.3113
mixed,32,8,0.25,4.0,32,8192,128,512,224,729.441,767.682,730.69,0.0327
mixed,32,8,0.25,4.0,32,8192,256,1024,448,757.184,824.644,743.139,-0.2082
mixed,32,8,0.25,4.0,32,8192,512,2048,896,813.155,938.4,777.414,-0.2854
mixed,32,8,0.25,4.0,32,8192,1024,4096,1792,910.115,1152.74,850.369,-0.2462
mixed,32,8,0.25,4.0,32,8192,2048,8192,3584,1097.091,1581.317,992.994,-0.215
mixed,32,8,0.25,4.0,32,8192,4096,16384,7168,1464.323,3089.642,1927.653,0.2851
mixed,32,8,0.25,4.0,64,0,128,512,224,80.672,145.952,104.737,0.3686
mixed,32,8,0.25,4.0,64,0,256,1024,448,124.992,243.969,159.424,0.2894
mixed,32,8,0.25,4.0,64,0,512,2048,896,221.152,430.304,279.073,0.2769
mixed,32,8,0.25,4.0,64,0,1024,4096,1792,386.401,805.856,512.449,0.3005
mixed,32,8,0.25,4.0,64,0,2048,8192,3584,712.258,1565.348,975.585,0.3087
mixed,32,8,0.25,4.0,64,0,4096,16384,7168,1379.557,3073.257,1901.51,0.3082
mixed,32,8,0.25,4.0,64,512,128,512,224,113.023,151.489,110.978,-0.0532
mixed,32,8,0.25,4.0,64,512,256,1024,448,139.489,242.785,164.642,0.2435
mixed,32,8,0.25,4.0,64,512,512,2048,896,219.009,433.056,284.002,0.3036
mixed,32,8,0.25,4.0,64,512,1024,4096,1792,387.874,814.595,510.497,0.2874
mixed,32,8,0.25,4.0,64,512,2048,8192,3584,718.24,1573.38,982.532,0.3091
mixed,32,8,0.25,4.0,64,512,4096,16384,7168,1376.196,3085.35,1916.488,0.3161
mixed,32,8,0.25,4.0,64,1024,128,512,224,153.025,190.783,152.77,-0.0068
mixed,32,8,0.25,4.0,64,1024,256,1024,448,180.737,246.241,166.113,-0.2233
mixed,32,8,0.25,4.0,64,1024,512,2048,896,234.369,435.777,283.84,0.2456
mixed,32,8,0.25,4.0,64,1024,1024,4096,1792,386.979,814.948,520.737,0.3125
mixed,32,8,0.25,4.0,64,1024,2048,8192,3584,718.211,1576.741,990.915,0.3176
mixed,32,8,0.25,4.0,64,1024,4096,16384,7168,1377.892,3085.384,1921.03,0.3181
mixed,32,8,0.25,4.0,64,2048,128,512,224,236.386,273.697,235.232,-0.0309
mixed,32,8,0.25,4.0,64,2048,256,1024,448,262.946,332.737,249.183,-0.1972
mixed,32,8,0.25,4.0,64,2048,512,2048,896,320.257,435.552,285.537,-0.3011
mixed,32,8,0.25,4.0,64,2048,1024,4096,1792,407.171,812.16,521.121,0.2814
mixed,32,8,0.25,4.0,64,2048,2048,8192,3584,717.763,1582.181,989.827,0.3147
mixed,32,8,0.25,4.0,64,2048,4096,16384,7168,1384.102,3075.593,1922.948,0.3186
mixed,32,8,0.25,4.0,64,4096,128,512,224,402.882,439.04,400.066,-0.0779
mixed,32,8,0.25,4.0,64,4096,256,1024,448,429.537,494.658,414.08,-0.2374
mixed,32,8,0.25,4.0,64,4096,512,2048,896,484.289,606.817,448.929,-0.2886
mixed,32,8,0.25,4.0,64,4096,1024,4096,1792,578.464,809.155,521.987,-0.2448
mixed,32,8,0.25,4.0,64,4096,2048,8192,3584,757.921,1582.086,992.867,0.2851
mixed,32,8,0.25,4.0,64,4096,4096,16384,7168,1383.204,3101.258,1911.751,0.3076
mixed,32,8,0.25,4.0,64,8192,128,512,224,734.306,770.945,731.874,-0.0664
mixed,32,8,0.25,4.0,64,8192,256,1024,448,759.938,827.491,745.313,-0.2165
mixed,32,8,0.25,4.0,64,8192,512,2048,896,814.883,940.324,779.395,-0.2829
mixed,32,8,0.25,4.0,64,8192,1024,4096,1792,912.29,1153.027,850.054,-0.2585
mixed,32,8,0.25,4.0,64,8192,2048,8192,3584,1105.571,1578.085,992.963,-0.2383
mixed,32,8,0.25,4.0,64,8192,4096,16384,7168,1466.755,3102.988,1934.31,0.2858
mixed,32,8,0.25,4.0,128,0,128,512,224,81.313,146.815,106.912,0.3908
mixed,32,8,0.25,4.0,128,0,256,1024,448,126.847,246.72,161.728,0.291
mixed,32,8,0.25,4.0,128,0,512,2048,896,224.418,431.937,278.785,0.262
mixed,32,8,0.25,4.0,128,0,1024,4096,1792,387.873,810.531,515.583,0.3022
mixed,32,8,0.25,4.0,128,0,2048,8192,3584,715.329,1563.11,980.739,0.3131
mixed,32,8,0.25,4.0,128,0,4096,16384,7168,1380.48,3069.734,1908.165,0.3124
mixed,32,8,0.25,4.0,128,512,128,512,224,113.506,149.92,111.424,-0.0572
mixed,32,8,0.25,4.0,128,512,256,1024,448,137.951,243.745,164.769,0.2535
mixed,32,8,0.25,4.0,128,512,512,2048,896,219.041,441.665,284.194,0.2927
mixed,32,8,0.25,4.0,128,512,1024,4096,1792,394.016,824.964,513.762,0.2779
mixed,32,8,0.25,4.0,128,512,2048,8192,3584,729.442,1595.171,993.187,0.3047
mixed,32,8,0.25,4.0,128,512,4096,16384,7168,1398.243,3129.285,1922.373,0.3028
mixed,32,8,0.25,4.0,128,1024,128,512,224,153.889,192.256,153.344,-0.0142
mixed,32,8,0.25,4.0,128,1024,256,1024,448,179.681,246.749,167.744,-0.178
mixed,32,8,0.25,4.0,128,1024,512,2048,896,234.336,443.137,284.703,0.2412
mixed,32,8,0.25,4.0,128,1024,1024,4096,1792,394.722,825.986,520.93,0.2926
mixed,32,8,0.25,4.0,128,1024,2048,8192,3584,730.947,1599.909,1001.698,0.3116
mixed,32,8,0.25,4.0,128,1024,4096,16384,7168,1398.724,3128.519,1934.244,0.3096
mixed,32,8,0.25,4.0,128,2048,128,512,224,238.624,274.017,236.16,-0.0696
mixed,32,8,0.25,4.0,128,2048,256,1024,448,261.889,331.426,251.264,-0.1528
mixed,32,8,0.25,4.0,128,2048,512,2048,896,318.463,436.958,288.737,-0.2509
mixed,32,8,0.25,4.0,128,2048,1024,4096,1792,410.434,830.371,520.577,0.2623
mixed,32,8,0.25,4.0,128,2048,2048,8192,3584,732.322,1592.617,987.971,0.2972
mixed,32,8,0.25,4.0,128,2048,4096,16384,7168,1404.485,3126.217,1943.429,0.313
mixed,32,8,0.25,4.0,128,4096,128,512,224,406.015,440.0,401.184,-0.1422
mixed,32,8,0.25,4.0,128,4096,256,1024,448,429.792,496.195,414.977,-0.2231
mixed,32,8,0.25,4.0,128,4096,512,2048,896,485.984,605.441,450.85,-0.2941
mixed,32,8,0.25,4.0,128,4096,1024,4096,1792,576.833,817.346,522.242,-0.227
mixed,32,8,0.25,4.0,128,4096,2048,8192,3584,758.273,1604.741,991.364,0.2754
mixed,32,8,0.25,4.0,128,4096,4096,16384,7168,1412.804,3142.153,1920.295,0.2935
mixed,32,8,0.25,4.0,128,8192,128,512,224,736.388,774.243,733.155,-0.0854
mixed,32,8,0.25,4.0,128,8192,256,1024,448,758.368,829.763,747.234,-0.1559
mixed,32,8,0.25,4.0,128,8192,512,2048,896,813.666,941.251,780.898,-0.2568
mixed,32,8,0.25,4.0,128,8192,1024,4096,1792,913.602,1161.346,853.347,-0.2432
mixed,32,8,0.25,4.0,128,8192,2048,8192,3584,1101.282,1577.86,994.308,-0.2245
mixed,32,8,0.25,4.0,128,8192,4096,16384,7168,1459.367,3154.506,1928.357,0.2767
mixed,32,8,0.25,4.0,256,0,128,512,224,88.768,151.648,114.336,0.4066
mixed,32,8,0.25,4.0,256,0,256,1024,448,130.53,257.793,166.722,0.2844
mixed,32,8,0.25,4.0,256,0,512,2048,896,232.065,445.601,284.896,0.2474
mixed,32,8,0.25,4.0,256,0,1024,4096,1792,399.043,820.931,527.968,0.3056
mixed,32,8,0.25,4.0,256,0,2048,8192,3584,729.732,1578.978,991.202,0.3079
mixed,32,8,0.25,4.0,256,0,4096,16384,7168,1380.547,3064.616,1916.614,0.3183
mixed,32,8,0.25,4.0,256,512,128,512,224,128.544,161.218,128.802,0.0079
mixed,32,8,0.25,4.0,256,512,256,1024,448,152.385,247.264,171.682,0.2034
mixed,32,8,0.25,4.0,256,512,512,2048,896,220.64,467.203,290.401,0.2829
mixed,32,8,0.25,4.0,256,512,1024,4096,1792,416.512,880.226,529.985,0.2447
mixed,32,8,0.25,4.0,256,512,2048,8192,3584,777.603,1702.02,1022.051,0.2644
mixed,32,8,0.25,4.0,256,512,4096,16384,7168,1494.053,3337.52,1982.31,0.2649
mixed,32,8,0.25,4.0,256,1024,128,512,224,168.801,203.522,169.344,0.0156
mixed,32,8,0.25,4.0,256,1024,256,1024,448,193.536,250.305,182.753,-0.1899
mixed,32,8,0.25,4.0,256,1024,512,2048,896,237.951,469.06,290.944,0.2293
mixed,32,8,0.25,4.0,256,1024,1024,4096,1792,418.08,881.76,521.727,0.2235
mixed,32,8,0.25,4.0,256,1024,2048,8192,3584,778.049,1702.02,1025.699,0.268
mixed,32,8,0.25,4.0,256,1024,4096,16384,7168,1496.712,3348.169,1993.765,0.2685
mixed,32,8,0.25,4.0,256,2048,128,512,224,251.745,287.329,252.863,0.0314
mixed,32,8,0.25,4.0,256,2048,256,1024,448,276.769,333.602,265.952,-0.1903
mixed,32,8,0.25,4.0,256,2048,512,2048,896,321.954,437.314,293.697,-0.2449
mixed,32,8,0.25,4.0,256,2048,1024,4096,1792,411.008,885.664,525.665,0.2416
mixed,32,8,0.25,4.0,256,2048,2048,8192,3584,784.227,1709.35,989.476,0.2219
mixed,32,8,0.25,4.0,256,2048,4096,16384,7168,1504.804,3353.355,2013.575,0.2752
mixed,32,8,0.25,4.0,256,4096,128,512,224,418.274,453.41,418.112,-0.0046
mixed,32,8,0.25,4.0,256,4096,256,1024,448,443.426,498.945,434.02,-0.1694
mixed,32,8,0.25,4.0,256,4096,512,2048,896,486.531,606.658,457.506,-0.2416
mixed,32,8,0.25,4.0,256,4096,1024,4096,1792,582.34,815.62,532.483,-0.2137
mixed,32,8,0.25,4.0,256,4096,2048,8192,3584,758.275,1721.321,999.876,0.2509
mixed,32,8,0.25,4.0,256,4096,4096,16384,7168,1512.006,3378.379,1917.188,0.2171
mixed,32,8,0.25,4.0,256,8192,128,512,224,749.89,786.562,749.731,-0.0043
mixed,32,8,0.25,4.0,256,8192,256,1024,448,776.383,834.308,764.707,-0.2016
mixed,32,8,0.25,4.0,256,8192,512,2048,896,820.449,944.995,790.115,-0.2436
mixed,32,8,0.25,4.0,256,8192,1024,4096,1792,916.77,1156.964,856.994,-0.2489
mixed,32,8,0.25,4.0,256,8192,2048,8192,3584,1101.379,1576.74,1006.755,-0.1991
mixed,32,8,0.25,4.0,256,8192,4096,16384,7168,1467.397,3415.529,1940.167,0.2427
mixed,32,8,0.25,4.0,512,0,128,512,224,115.681,173.793,134.305,0.3205
mixed,32,8,0.25,4.0,512,0,256,1024,448,152.321,279.235,182.945,0.2413
mixed,32,8,0.25,4.0,512,0,512,2048,896,245.761,499.744,312.544,0.2629
mixed,32,8,0.25,4.0,512,0,1024,4096,1792,447.585,910.467,583.04,0.2926
mixed,32,8,0.25,4.0,512,0,2048,8192,3584,807.043,1675.878,1071.523,0.3044
mixed,32,8,0.25,4.0,512,0,4096,16384,7168,1508.833,3236.04,2018.631,0.2952
mixed,32,8,0.25,4.0,512,512,128,512,224,162.752,195.137,169.856,0.2194
mixed,32,8,0.25,4.0,512,512,256,1024,448,184.225,260.898,204.833,0.2688
mixed,32,8,0.25,4.0,512,512,512,2048,896,241.697,506.241,310.72,0.2609
mixed,32,8,0.25,4.0,512,512,1024,4096,1792,439.904,962.691,533.952,0.1799
mixed,32,8,0.25,4.0,512,512,2048,8192,3584,850.338,1877.222,1117.346,0.26
mixed,32,8,0.25,4.0,512,512,4096,16384,7168,1653.958,3715.429,2195.59,0.2627
mixed,32,8,0.25,4.0,512,1024,128,512,224,204.895,237.344,212.48,0.2338
mixed,32,8,0.25,4.0,512,1024,256,1024,448,227.457,282.305,224.45,-0.0548
mixed,32,8,0.25,4.0,512,1024,512,2048,896,269.408,497.411,346.881,0.3398
mixed,32,8,0.25,4.0,512,1024,1024,4096,1792,431.779,961.249,537.41,0.1995
mixed,32,8,0.25,4.0,512,1024,2048,8192,3584,852.033,1894.438,1096.803,0.2348
mixed,32,8,0.25,4.0,512,1024,4096,16384,7168,1639.396,3699.498,2192.23,0.2684
mixed,32,8,0.25,4.0,512,2048,128,512,224,287.137,322.497,293.985,0.1937
mixed,32,8,0.25,4.0,512,2048,256,1024,448,310.209,367.201,308.064,-0.0376
mixed,32,8,0.25,4.0,512,2048,512,2048,896,354.624,457.09,366.112,0.1121
mixed,32,8,0.25,4.0,512,2048,1024,4096,1792,440.705,937.572,632.931,0.3869
mixed,32,8,0.25,4.0,512,2048,2048,8192,3584,833.026,1873.286,996.739,0.1574
mixed,32,8,0.25,4.0,512,2048,4096,16384,7168,1657.925,3726.411,2129.478,0.228
mixed,32,8,0.25,4.0,512,4096,128,512,224,455.105,487.587,462.082,0.2148
mixed,32,8,0.25,4.0,512,4096,256,1024,448,476.771,535.681,474.403,-0.0402
mixed,32,8,0.25,4.0,512,4096,512,2048,896,521.986,626.368,497.023,-0.2392
mixed,32,8,0.25,4.0,512,4096,1024,4096,1792,603.265,817.603,651.712,0.226
mixed,32,8,0.25,4.0,512,4096,2048,8192,3584,809.985,1829.157,1210.244,0.3927
mixed,32,8,0.25,4.0,512,4096,4096,16384,7168,1633.382,3697.258,1925.189,0.1414
mixed,32,8,0.25,4.0,512,8192,128,512,224,788.355,821.826,793.409,0.151
mixed,32,8,0.25,4.0,512,8192,256,1024,448,808.321,868.097,806.435,-0.0316
mixed,32,8,0.25,4.0,512,8192,512,2048,896,853.859,963.619,832.45,-0.1951
mixed,32,8,0.25,4.0,512,8192,1024,4096,1792,941.762,1176.195,897.473,-0.1889
mixed,32,8,0.25,4.0,512,8192,2048,8192,3584,1125.731,1583.972,1226.275,0.2194
mixed,32,8,0.25,4.0,512,8192,4096,16384,7168,1634.18,3719.401,2371.394,0.3535
mixed,32,8,0.25,4.0,1024,0,128,512,224,198.881,243.362,204.961,0.1367
mixed,32,8,0.25,4.0,1024,0,256,1024,448,223.072,399.552,242.562,0.1104
mixed,32,8,0.25,4.0,1024,0,512,2048,896,367.906,645.505,376.77,0.0319
mixed,32,8,0.25,4.0,1024,0,1024,4096,1792,594.24,1108.487,666.946,0.1414
mixed,32,8,0.25,4.0,1024,0,2048,8192,3584,997.729,2045.35,1248.068,0.239
mixed,32,8,0.25,4.0,1024,0,4096,16384,7168,1791.492,4061.93,2385.989,0.2618
mixed,32,8,0.25,4.0,1024,512,128,512,224,257.118,293.536,264.256,0.196
mixed,32,8,0.25,4.0,1024,512,256,1024,448,284.735,410.657,284.096,-0.0051
mixed,32,8,0.25,4.0,1024,512,512,2048,896,372.705,686.593,412.864,0.1279
mixed,32,8,0.25,4.0,1024,512,1024,4096,1792,625.888,1281.732,705.568,0.1215
mixed,32,8,0.25,4.0,1024,512,2048,8192,3584,1139.17,2416.774,1282.276,0.112
mixed,32,8,0.25,4.0,1024,512,4096,16384,7168,2118.119,4661.102,2449.381,0.1303
mixed,32,8,0.25,4.0,1024,1024,128,512,224,307.393,356.257,318.21,0.2214
mixed,32,8,0.25,4.0,1024,1024,256,1024,448,342.849,426.399,342.591,-0.0031
mixed,32,8,0.25,4.0,1024,1024,512,2048,896,396.033,743.97,440.354,0.1274
mixed,32,8,0.25,4.0,1024,1024,1024,4096,1792,652.065,1308.8,731.715,0.1213
mixed,32,8,0.25,4.0,1024,1024,2048,8192,3584,1175.172,2437.03,1283.844,0.0861
mixed,32,8,0.25,4.0,1024,1024,4096,16384,7168,2157.929,4674.861,2445.41,0.1142
mixed,32,8,0.25,4.0,1024,2048,128,512,224,394.626,460.386,406.529,0.181
mixed,32,8,0.25,4.0,1024,2048,256,1024,448,441.792,537.858,452.131,0.1076
mixed,32,8,0.25,4.0,1024,2048,512,2048,896,524.961,697.6,513.313,-0.0675
mixed,32,8,0.25,4.0,1024,2048,1024,4096,1792,665.251,1276.964,781.54,0.1901
mixed,32,8,0.25,4.0,1024,2048,2048,8192,3584,1220.708,2503.111,1329.891,0.0851
mixed,32,8,0.25,4.0,1024,2048,4096,16384,7168,2232.327,4743.115,2393.03,0.064
mixed,32,8,0.25,4.0,1024,4096,128,512,224,559.204,629.601,577.057,0.2536
mixed,32,8,0.25,4.0,1024,4096,256,1024,448,611.648,738.275,620.93,0.0733
mixed,32,8,0.25,4.0,1024,4096,512,2048,896,709.474,875.362,726.945,0.1053
mixed,32,8,0.25,4.0,1024,4096,1024,4096,1792,868.708,1244.131,865.953,-0.0073
mixed,32,8,0.25,4.0,1024,4096,2048,8192,3584,1169.122,2358.663,1482.117,0.2631
mixed,32,8,0.25,4.0,1024,4096,4096,16384,7168,2341.927,4894.158,2492.519,0.059
mixed,32,8,0.25,4.0,1024,8192,128,512,224,895.618,973.155,916.384,0.2678
mixed,32,8,0.25,4.0,1024,8192,256,1024,448,952.515,1077.094,954.307,0.0144
mixed,32,8,0.25,4.0,1024,8192,512,2048,896,1049.667,1273.955,1063.683,0.0625
mixed,32,8,0.25,4.0,1024,8192,1024,4096,1792,1227.264,1592.165,1230.825,0.0098
mixed,32,8,0.25,4.0,1024,8192,2048,8192,3584,1571.811,2365.546,1606.853,0.0441
mixed,32,8,0.25,4.0,1024,8192,4096,16384,7168,2363.718,5201.557,2881.193,0.1823
mixed,32,8,0.25,4.0,2048,0,128,512,224,392.512,428.194,400.544,0.2251
mixed,32,8,0.25,4.0,2048,0,256,1024,448,418.914,500.673,423.682,0.0583
mixed,32,8,0.25,4.0,2048,0,512,2048,896,472.707,823.908,525.634,0.1507
mixed,32,8,0.25,4.0,2048,0,1024,4096,1792,735.232,1515.62,840.609,0.135
mixed,32,8,0.25,4.0,2048,0,2048,8192,3584,1336.548,2834.598,1496.644,0.1069
mixed,32,8,0.25,4.0,2048,0,4096,16384,7168,2505.863,5457.168,2833.708,0.1111
mixed,32,8,0.25,4.0,2048,512,128,512,224,475.936,517.857,485.474,0.2275
mixed,32,8,0.25,4.0,2048,512,256,1024,448,502.562,563.042,508.386,0.0963
mixed,32,8,0.25,4.0,2048,512,512,2048,896,556.288,829.666,565.378,0.0333
mixed,32,8,0.25,4.0,2048,512,1024,4096,1792,751.875,1527.141,877.345,0.1618
mixed,32,8,0.25,4.0,2048,512,2048,8192,3584,1359.396,2871.784,1546.18,0.1235
mixed,32,8,0.25,4.0,2048,512,4096,16384,7168,2527.078,5507.885,2852.262,0.1091
mixed,32,8,0.25,4.0,2048,1024,128,512,224,562.307,604.736,565.217,0.0686
mixed,32,8,0.25,4.0,2048,1024,256,1024,448,589.442,657.761,590.626,0.0173
mixed,32,8,0.25,4.0,2048,1024,512,2048,896,645.891,863.331,636.768,-0.042
mixed,32,8,0.25,4.0,2048,1024,1024,4096,1792,795.202,1557.476,913.539,0.1552
mixed,32,8,0.25,4.0,2048,1024,2048,8192,3584,1377.188,2879.497,1556.101,0.1191
mixed,32,8,0.25,4.0,2048,1024,4096,16384,7168,2563.976,5538.322,2873.194,0.104
mixed,32,8,0.25,4.0,2048,2048,128,512,224,721.89,760.996,726.562,0.1195
mixed,32,8,0.25,4.0,2048,2048,256,1024,448,749.762,829.699,752.323,0.032
mixed,32,8,0.25,4.0,2048,2048,512,2048,896,822.05,951.586,800.995,-0.1625
mixed,32,8,0.25,4.0,2048,2048,1024,4096,1792,900.289,1568.452,996.833,0.1445
mixed,32,8,0.25,4.0,2048,2048,2048,8192,3584,1398.531,2910.862,1674.757,0.1826
mixed,32,8,0.25,4.0,2048,2048,4096,16384,7168,2571.269,5549.52,2994.217,0.142
mixed,32,8,0.25,4.0,2048,4096,128,512,224,1054.179,1088.995,1061.891,0.2215
mixed,32,8,0.25,4.0,2048,4096,256,1024,448,1085.316,1143.555,1085.573,0.0044
mixed,32,8,0.25,4.0,2048,4096,512,2048,896,1130.052,1279.522,1112.995,-0.1141
mixed,32,8,0.25,4.0,2048,4096,1024,4096,1792,1236.835,1757.446,1221.092,-0.0302
mixed,32,8,0.25,4.0,2048,4096,2048,8192,3584,1580.355,3013.512,1807.685,0.1586
mixed,32,8,0.25,4.0,2048,4096,4096,16384,7168,2680.712,5628.529,3127.208,0.1515
mixed,32,8,0.25,4.0,2048,8192,128,512,224,1722.154,1765.605,1727.819,0.1304
mixed,32,8,0.25,4.0,2048,8192,256,1024,448,1748.837,1806.663,1740.998,-0.1356
mixed,32,8,0.25,4.0,2048,8192,512,2048,896,1791.296,1916.966,1785.444,-0.0466
mixed,32,8,0.25,4.0,2048,8192,1024,4096,1792,1886.021,2180.161,1830.085,-0.1902
mixed,32,8,0.25,4.0,2048,8192,2048,8192,3584,2083.882,3373.096,2097.092,0.0102
mixed,32,8,0.25,4.0,2048,8192,4096,16384,7168,3110.729,5983.665,3414.763,0.1058
pure,32,16,0.5,4.0,0,0,128,512,320,87.872,105.149,90.72,0.1648
pure,32,16,0.5,4.0,0,0,256,1024,640,124.865,151.104,122.272,-0.0988
pure,32,16,0.5,4.0,0,0,512,2048,1280,177.792,239.586,173.6,-0.0678
pure,32,16,0.5,4.0,0,0,1024,4096,2560,277.761,403.234,277.568,-0.0015
pure,32,16,0.5,4.0,0,0,2048,8192,5120,482.977,735.714,484.769,0.0071
pure,32,16,0.5,4.0,0,0,4096,16384,10240,903.651,1399.555,893.793,-0.0199
mixed,32,16,0.5,4.0,16,0,128,512,320,100.193,143.616,107.968,0.1791
mixed,32,16,0.5,4.0,16,0,256,1024,640,169.408,240.64,167.616,-0.0252
mixed,32,16,0.5,4.0,16,0,512,2048,1280,287.842,429.026,304.739,0.1197
mixed,32,16,0.5,4.0,16,0,1024,4096,2560,527.491,802.979,560.867,0.1212
mixed,32,16,0.5,4.0,16,0,2048,8192,5120,999.491,1562.433,1064.261,0.1151
mixed,32,16,0.5,4.0,16,0,4096,16384,10240,1941.062,3072.68,2070.279,0.1142
mixed,32,16,0.5,4.0,16,512,128,512,320,121.598,148.034,111.744,-0.3727
mixed,32,16,0.5,4.0,16,512,256,1024,640,172.641,240.546,176.385,0.0551
mixed,32,16,0.5,4.0,16,512,512,2048,1280,288.481,431.968,317.474,0.2021
mixed,32,16,0.5,4.0,16,512,1024,4096,2560,529.857,807.073,579.296,0.1783
mixed,32,16,0.5,4.0,16,512,2048,8192,5120,1004.003,1571.684,1091.749,0.1546
mixed,32,16,0.5,4.0,16,512,4096,16384,10240,1945.03,3077.353,2131.654,0.1648
mixed,32,16,0.5,4.0,16,1024,128,512,320,163.616,186.56,152.64,-0.4784
mixed,32,16,0.5,4.0,16,1024,256,1024,640,201.441,244.096,179.777,-0.5079
mixed,32,16,0.5,4.0,16,1024,512,2048,1280,288.192,431.234,320.995,0.2293
mixed,32,16,0.5,4.0,16,1024,1024,4096,2560,526.176,813.347,573.602,0.1651
mixed,32,16,0.5,4.0,16,1024,2048,8192,5120,1006.179,1566.885,1101.923,0.1708
mixed,32,16,0.5,4.0,16,1024,4096,16384,10240,1947.876,3076.519,2143.365,0.1732
mixed,32,16,0.5,4.0,16,2048,128,512,320,245.729,271.553,234.911,-0.4189
mixed,32,16,0.5,4.0,16,2048,256,1024,640,285.537,325.154,259.617,-0.6543
mixed,32,16,0.5,4.0,16,2048,512,2048,1280,351.937,434.114,320.225,-0.3859
mixed,32,16,0.5,4.0,16,2048,1024,4096,2560,527.971,814.593,584.289,0.1965
mixed,32,16,0.5,4.0,16,2048,2048,8192,5120,1003.747,1577.445,1093.953,0.1572
mixed,32,16,0.5,4.0,16,2048,4096,16384,10240,1955.269,3084.935,2141.383,0.1648
mixed,32,16,0.5,4.0,16,4096,128,512,320,411.586,437.376,399.49,-0.469
mixed,32,16,0.5,4.0,16,4096,256,1024,640,449.953,492.898,424.706,-0.5879
mixed,32,16,0.5,4.0,16,4096,512,2048,1280,519.236,605.409,468.707,-0.5864
mixed,32,16,0.5,4.0,16,4096,1024,4096,2560,655.266,812.61,592.961,-0.396
mixed,32,16,0.5,4.0,16,4096,2048,8192,5120,1008.421,1573.571,1115.459,0.1894
mixed,32,16,0.5,4.0,16,4096,4096,16384,10240,1949.733,3084.905,2132.422,0.1609
mixed,32,16,0.5,4.0,16,8192,128,512,320,742.242,768.961,732.416,-0.3678
mixed,32,16,0.5,4.0,16,8192,256,1024,640,780.579,824.611,753.09,-0.6243
mixed,32,16,0.5,4.0,16,8192,512,2048,1280,851.3,938.243,800.258,-0.5871
mixed,32,16,0.5,4.0,16,8192,1024,4096,2560,991.327,1153.988,916.195,-0.4619
mixed,32,16,0.5,4.0,16,8192,2048,8192,5120,1262.242,1573.637,1126.402,-0.4362
mixed,32,16,0.5,4.0,16,8192,4096,16384,10240,1954.534,3092.936,2173.319,0.1922
mixed,32,16,0.5,4.0,32,0,128,512,320,99.777,144.32,106.401,0.1487
mixed,32,16,0.5,4.0,32,0,256,1024,640,171.201,240.481,167.137,-0.0587
mixed,32,16,0.5,4.0,32,0,512,2048,1280,287.777,430.658,309.729,0.1536
mixed,32,16,0.5,4.0,32,0,1024,4096,2560,527.488,804.099,564.225,0.1328
mixed,32,16,0.5,4.0,32,0,2048,8192,5120,999.139,1566.211,1062.306,0.1114
mixed,32,16,0.5,4.0,32,0,4096,16384,10240,1943.14,3061.544,2073.318,0.1164
mixed,32,16,0.5,4.0,32,512,128,512,320,123.265,147.904,111.233,-0.4883
mixed,32,16,0.5,4.0,32,512,256,1024,640,172.673,242.592,177.28,0.0659
mixed,32,16,0.5,4.0,32,512,512,2048,1280,290.562,434.017,317.153,0.1854
mixed,32,16,0.5,4.0,32,512,1024,4096,2560,528.257,809.763,570.337,0.1495
mixed,32,16,0.5,4.0,32,512,2048,8192,5120,1000.45,1573.35,1100.002,0.1738
mixed,32,16,0.5,4.0,32,512,4096,16384,10240,1945.604,3082.729,2127.526,0.16
mixed,32,16,0.5,4.0,32,1024,128,512,320,164.641,188.801,153.182,-0.4743
mixed,32,16,0.5,4.0,32,1024,256,1024,640,203.456,245.057,181.409,-0.53
mixed,32,16,0.5,4.0,32,1024,512,2048,1280,286.881,432.162,320.418,0.2308
mixed,32,16,0.5,4.0,32,1024,1024,4096,2560,530.881,811.939,573.025,0.1499
mixed,32,16,0.5,4.0,32,1024,2048,8192,5120,1005.892,1571.812,1095.94,0.1591
mixed,32,16,0.5,4.0,32,1024,4096,16384,10240,1943.013,3083.05,2139.78,0.1726
mixed,32,16,0.5,4.0,32,2048,128,512,320,247.136,272.001,235.199,-0.4801
mixed,32,16,0.5,4.0,32,2048,256,1024,640,286.815,328.0,263.072,-0.5765
mixed,32,16,0.5,4.0,32,2048,512,2048,1280,354.05,435.874,321.186,-0.4016
mixed,32,16,0.5,4.0,32,2048,1024,4096,2560,526.88,814.852,585.762,0.2045
mixed,32,16,0.5,4.0,32,2048,2048,8192,5120,1003.905,1573.733,1093.572,0.1574
mixed,32,16,0.5,4.0,32,2048,4096,16384,10240,1949.928,3079.69,2139.301,0.1676
mixed,32,16,0.5,4.0,32,4096,128,512,320,411.649,437.985,400.0,-0.4423
mixed,32,16,0.5,4.0,32,4096,256,1024,640,450.881,493.538,424.77,-0.6121
mixed,32,16,0.5,4.0,32,4096,512,2048,1280,520.994,606.914,469.314,-0.6015
mixed,32,16,0.5,4.0,32,4096,1024,4096,2560,657.826,812.387,590.178,-0.4377
mixed,32,16,0.5,4.0,32,4096,2048,8192,5120,1008.195,1575.496,1118.819,0.195
mixed,32,16,0.5,4.0,32,4096,4096,16384,10240,1955.174,3082.059,2145.669,0.169
mixed,32,16,0.5,4.0,32,8192,128,512,320,742.851,766.596,732.321,-0.4435
mixed,32,16,0.5,4.0,32,8192,256,1024,640,782.531,825.314,758.561,-0.5603
mixed,32,16,0.5,4.0,32,8192,512,2048,1280,850.403,937.826,811.875,-0.4407
mixed,32,16,0.5,4.0,32,8192,1024,4096,2560,994.051,1155.619,914.592,-0.4918
mixed,32,16,0.5,4.0,32,8192,2048,8192,5120,1256.93,1572.164,1127.044,-0.412
mixed,32,16,0.5,4.0,32,8192,4096,16384,10240,1963.333,3095.465,2179.747,0.1912
mixed,32,16,0.5,4.0,64,0,128,512,320,100.768,145.697,107.168,0.1424
mixed,32,16,0.5,4.0,64,0,256,1024,640,172.321,243.264,170.466,-0.0261
mixed,32,16,0.5,4.0,64,0,512,2048,1280,289.953,430.752,310.08,0.1429
mixed,32,16,0.5,4.0,64,0,1024,4096,2560,530.146,806.658,564.031,0.1225
mixed,32,16,0.5,4.0,64,0,2048,8192,5120,1005.475,1561.06,1065.444,0.1079
mixed,32,16,0.5,4.0,64,0,4096,16384,10240,1948.969,3076.935,2074.666,0.1114
mixed,32,16,0.5,4.0,64,512,128,512,320,125.857,151.457,113.28,-0.4913
mixed,32,16,0.5,4.0,64,512,256,1024,640,173.537,242.625,178.784,0.0759
mixed,32,16,0.5,4.0,64,512,512,2048,1280,292.385,434.658,317.472,0.1763
mixed,32,16,0.5,4.0,64,512,1024,4096,2560,530.017,815.299,569.122,0.1371
mixed,32,16,0.5,4.0,64,512,2048,8192,5120,1003.04,1571.265,1098.371,0.1678
mixed,32,16,0.5,4.0,64,512,4096,16384,10240,1951.59,3083.177,2124.711,0.153
mixed,32,16,0.5,4.0,64,1024,128,512,320,166.691,191.489,155.361,-0.4569
mixed,32,16,0.5,4.0,64,1024,256,1024,640,202.818,245.761,182.273,-0.4784
mixed,32,16,0.5,4.0,64,1024,512,2048,1280,289.281,435.2,325.536,0.2485
mixed,32,16,0.5,4.0,64,1024,1024,4096,2560,532.996,813.476,575.715,0.1523
mixed,32,16,0.5,4.0,64,1024,2048,8192,5120,1008.324,1567.3,1100.643,0.1652
mixed,32,16,0.5,4.0,64,1024,4096,16384,10240,1947.491,3083.657,2127.297,0.1583
mixed,32,16,0.5,4.0,64,2048,128,512,320,249.185,273.472,238.209,-0.4519
mixed,32,16,0.5,4.0,64,2048,256,1024,640,289.664,331.617,263.554,-0.6224
mixed,32,16,0.5,4.0,64,2048,512,2048,1280,357.474,433.89,326.368,-0.4071
mixed,32,16,0.5,4.0,64,2048,1024,4096,2560,525.955,814.753,587.683,0.2137
mixed,32,16,0.5,4.0,64,2048,2048,8192,5120,1005.122,1576.357,1102.083,0.1697
mixed,32,16,0.5,4.0,64,2048,4096,16384,10240,1957.638,3086.281,2137.477,0.1593
mixed,32,16,0.5,4.0,64,4096,128,512,320,415.491,439.043,402.114,-0.568
mixed,32,16,0.5,4.0,64,4096,256,1024,640,454.53,497.442,429.922,-0.5735
mixed,32,16,0.5,4.0,64,4096,512,2048,1280,527.361,606.787,475.36,-0.6547
mixed,32,16,0.5,4.0,64,4096,1024,4096,2560,659.873,815.745,594.883,-0.4169
mixed,32,16,0.5,4.0,64,4096,2048,8192,5120,1007.043,1582.819,1116.451,0.19
mixed,32,16,0.5,4.0,64,4096,4096,16384,10240,1950.214,3085.512,2129.064,0.1575
mixed,32,16,0.5,4.0,64,8192,128,512,320,746.85,769.89,734.019,-0.5569
mixed,32,16,0.5,4.0,64,8192,256,1024,640,790.146,829.122,760.162,-0.7693
mixed,32,16,0.5,4.0,64,8192,512,2048,1280,854.406,938.211,811.841,-0.5079
mixed,32,16,0.5,4.0,64,8192,1024,4096,2560,998.211,1154.021,923.428,-0.48
mixed,32,16,0.5,4.0,64,8192,2048,8192,5120,1261.381,1574.661,1132.099,-0.4127
mixed,32,16,0.5,4.0,64,8192,4096,16384,10240,1956.867,3093.323,2188.228,0.2036
mixed,32,16,0.5,4.0,128,0,128,512,320,102.56,147.104,112.257,0.2177
mixed,32,16,0.5,4.0,128,0,256,1024,640,174.88,247.359,174.145,-0.0101
mixed,32,16,0.5,4.0,128,0,512,2048,1280,296.511,435.744,319.201,0.163
mixed,32,16,0.5,4.0,128,0,1024,4096,2560,527.97,810.914,572.482,0.1573
mixed,32,16,0.5,4.0,128,0,2048,8192,5120,1003.84,1563.045,1071.426,0.1209
mixed,32,16,0.5,4.0,128,0,4096,16384,10240,1940.195,3067.978,2082.342,0.126
mixed,32,16,0.5,4.0,128,512,128,512,320,126.752,150.24,136.767,0.4264
mixed,32,16,0.5,4.0,128,512,256,1024,640,176.896,243.649,208.29,0.4703
mixed,32,16,0.5,4.0,128,512,512,2048,1280,297.281,441.633,320.896,0.1636
mixed,32,16,0.5,4.0,128,512,1024,4096,2560,541.347,826.723,583.842,0.1489
mixed,32,16,0.5,4.0,128,512,2048,8192,5120,1018.819,1594.374,1126.659,0.1874
mixed,32,16,0.5,4.0,128,512,4096,16384,10240,1975.236,3124.97,2185.191,0.1826
mixed,32,16,0.5,4.0,128,1024,128,512,320,167.49,191.52,157.407,-0.4196
mixed,32,16,0.5,4.0,128,1024,256,1024,640,205.568,247.521,216.61,0.2632
mixed,32,16,0.5,4.0,128,1024,512,2048,1280,291.394,443.808,368.674,0.507
mixed,32,16,0.5,4.0,128,1024,1024,4096,2560,540.545,826.594,584.963,0.1553
mixed,32,16,0.5,4.0,128,1024,2048,8192,5120,1022.853,1591.012,1123.299,0.1768
mixed,32,16,0.5,4.0,128,1024,4096,16384,10240,1979.463,3124.616,2188.774,0.1828
mixed,32,16,0.5,4.0,128,2048,128,512,320,250.688,273.728,239.521,-0.4847
mixed,32,16,0.5,4.0,128,2048,256,1024,640,289.184,331.809,257.823,-0.7357
mixed,32,16,0.5,4.0,128,2048,512,2048,1280,357.569,435.937,374.464,0.2156
mixed,32,16,0.5,4.0,128,2048,1024,4096,2560,525.953,832.0,671.651,0.4761
mixed,32,16,0.5,4.0,128,2048,2048,8192,5120,1022.339,1599.718,1105.411,0.1439
mixed,32,16,0.5,4.0,128,2048,4096,16384,10240,1978.281,3126.154,2202.535,0.1954
mixed,32,16,0.5,4.0,128,4096,128,512,320,416.929,439.49,404.961,-0.5305
mixed,32,16,0.5,4.0,128,4096,256,1024,640,454.626,495.651,426.084,-0.6957
mixed,32,16,0.5,4.0,128,4096,512,2048,1280,526.562,607.138,473.953,-0.6529
mixed,32,16,0.5,4.0,128,4096,1024,4096,2560,658.851,815.523,685.987,0.1732
mixed,32,16,0.5,4.0,128,4096,2048,8192,5120,1028.676,1603.047,1292.164,0.4587
mixed,32,16,0.5,4.0,128,4096,4096,16384,10240,1994.475,3139.05,2164.07,0.1482
mixed,32,16,0.5,4.0,128,8192,128,512,320,748.289,774.051,736.93,-0.4409
mixed,32,16,0.5,4.0,128,8192,256,1024,640,785.601,828.834,758.691,-0.6224
mixed,32,16,0.5,4.0,128,8192,512,2048,1280,855.971,942.754,810.755,-0.521
mixed,32,16,0.5,4.0,128,8192,1024,4096,2560,996.034,1156.194,915.523,-0.5027
mixed,32,16,0.5,4.0,128,8192,2048,8192,5120,1264.515,1579.781,1307.588,0.1366
mixed,32,16,0.5,4.0,128,8192,4096,16384,10240,2017.125,3172.36,2497.094,0.4155
mixed,32,16,0.5,4.0,256,0,128,512,320,109.25,151.137,131.232,0.5248
mixed,32,16,0.5,4.0,256,0,256,1024,640,178.015,257.376,192.032,0.1766
mixed,32,16,0.5,4.0,256,0,512,2048,1280,306.432,446.241,329.473,0.1648
mixed,32,16,0.5,4.0,256,0,1024,4096,2560,541.983,820.737,596.288,0.1948
mixed,32,16,0.5,4.0,256,0,2048,8192,5120,1012.738,1569.895,1094.562,0.1469
mixed,32,16,0.5,4.0,256,0,4096,16384,10240,1953.829,3066.089,2106.854,0.1376
mixed,32,16,0.5,4.0,256,512,128,512,320,140.032,162.111,141.856,0.0826
mixed,32,16,0.5,4.0,256,512,256,1024,640,177.699,246.432,214.689,0.5382
mixed,32,16,0.5,4.0,256,512,512,2048,1280,315.712,464.771,333.282,0.1179
mixed,32,16,0.5,4.0,256,512,1024,4096,2560,572.258,878.401,609.281,0.1209
mixed,32,16,0.5,4.0,256,512,2048,8192,5120,1081.507,1701.125,1221.538,0.226
mixed,32,16,0.5,4.0,256,512,4096,16384,10240,2114.054,3340.169,2388.744,0.224
mixed,32,16,0.5,4.0,256,1024,128,512,320,181.793,202.56,175.905,-0.2835
mixed,32,16,0.5,4.0,256,1024,256,1024,640,215.681,250.24,222.657,0.2019
mixed,32,16,0.5,4.0,256,1024,512,2048,1280,290.977,473.602,381.058,0.4933
mixed,32,16,0.5,4.0,256,1024,1024,4096,2560,572.641,881.089,590.849,0.059
mixed,32,16,0.5,4.0,256,1024,2048,8192,5120,1088.163,1704.324,1222.148,0.2175
mixed,32,16,0.5,4.0,256,1024,4096,16384,10240,2122.436,3349.739,2383.56,0.2128
mixed,32,16,0.5,4.0,256,2048,128,512,320,263.458,288.001,260.002,-0.1408
mixed,32,16,0.5,4.0,256,2048,256,1024,640,299.04,334.112,275.487,-0.6716
mixed,32,16,0.5,4.0,256,2048,512,2048,1280,359.104,437.923,385.313,0.3325
mixed,32,16,0.5,4.0,256,2048,1024,4096,2560,528.483,885.315,698.691,0.477
mixed,32,16,0.5,4.0,256,2048,2048,8192,5120,1094.371,1714.501,1120.259,0.0417
mixed,32,16,0.5,4.0,256,2048,4096,16384,10240,2123.881,3348.971,2375.013,0.205
mixed,32,16,0.5,4.0,256,4096,128,512,320,432.611,452.514,425.505,-0.357
mixed,32,16,0.5,4.0,256,4096,256,1024,640,464.96,501.665,438.785,-0.7131
mixed,32,16,0.5,4.0,256,4096,512,2048,1280,527.042,604.513,481.511,-0.5877
mixed,32,16,0.5,4.0,256,4096,1024,4096,2560,658.818,816.385,700.256,0.263
mixed,32,16,0.5,4.0,256,4096,2048,8192,5120,1097.765,1727.783,1337.638,0.3807
mixed,32,16,0.5,4.0,256,4096,4096,16384,10240,2144.357,3367.435,2182.566,0.0312
mixed,32,16,0.5,4.0,256,8192,128,512,320,763.137,785.506,758.724,-0.1973
mixed,32,16,0.5,4.0,256,8192,256,1024,640,797.218,836.835,772.098,-0.6341
mixed,32,16,0.5,4.0,256,8192,512,2048,1280,858.499,941.187,819.873,-0.4671
mixed,32,16,0.5,4.0,256,8192,1024,4096,2560,998.692,1158.116,924.996,-0.4623
mixed,32,16,0.5,4.0,256,8192,2048,8192,5120,1265.062,1582.566,1324.42,0.187
mixed,32,16,0.5,4.0,256,8192,4096,16384,10240,2167.173,3437.702,2594.79,0.3366
mixed,32,16,0.5,4.0,512,0,128,512,320,132.897,174.754,146.624,0.3279
mixed,32,16,0.5,4.0,512,0,256,1024,640,191.584,279.199,238.433,0.5347
mixed,32,16,0.5,4.0,512,0,512,2048,1280,340.801,500.161,394.56,0.3373
mixed,32,16,0.5,4.0,512,0,1024,4096,2560,607.937,909.574,695.427,0.2901
mixed,32,16,0.5,4.0,512,0,2048,8192,5120,1095.811,1674.118,1245.893,0.2595
mixed,32,16,0.5,4.0,512,0,4096,16384,10240,2077.35,3236.427,2292.072,0.1853
mixed,32,16,0.5,4.0,512,512,128,512,320,173.503,194.048,180.673,0.349
mixed,32,16,0.5,4.0,512,512,256,1024,640,206.432,259.81,249.346,0.804
mixed,32,16,0.5,4.0,512,512,512,2048,1280,322.689,507.234,414.37,0.4968
mixed,32,16,0.5,4.0,512,512,1024,4096,2560,621.025,961.22,728.771,0.3167
mixed,32,16,0.5,4.0,512,512,2048,8192,5120,1194.757,1881.926,1436.994,0.3525
mixed,32,16,0.5,4.0,512,512,4096,16384,10240,2352.583,3740.459,2729.666,0.2717
mixed,32,16,0.5,4.0,512,1024,128,512,320,215.263,237.761,223.742,0.3769
mixed,32,16,0.5,4.0,512,1024,256,1024,640,248.736,281.601,269.121,0.6203
mixed,32,16,0.5,4.0,512,1024,512,2048,1280,311.553,501.57,433.632,0.6425
mixed,32,16,0.5,4.0,512,1024,1024,4096,2560,603.716,961.635,736.449,0.3708
mixed,32,16,0.5,4.0,512,1024,2048,8192,5120,1193.444,1886.566,1447.814,0.367
mixed,32,16,0.5,4.0,512,1024,4096,16384,10240,2341.001,3716.33,2772.041,0.3134
mixed,32,16,0.5,4.0,512,2048,128,512,320,299.714,321.634,307.776,0.3678
mixed,32,16,0.5,4.0,512,2048,256,1024,640,331.49,366.37,353.41,0.6284
mixed,32,16,0.5,4.0,512,2048,512,2048,1280,394.113,457.088,460.514,1.0544
mixed,32,16,0.5,4.0,512,2048,1024,4096,2560,549.763,933.635,781.89,0.6047
mixed,32,16,0.5,4.0,512,2048,2048,8192,5120,1190.659,1869.157,1371.874,0.2671
mixed,32,16,0.5,4.0,512,2048,4096,16384,10240,2332.101,3862.765,2834.343,0.3281
mixed,32,16,0.5,4.0,512,4096,128,512,320,465.184,487.17,475.202,0.4557
mixed,32,16,0.5,4.0,512,4096,256,1024,640,498.37,533.859,518.69,0.5726
mixed,32,16,0.5,4.0,512,4096,512,2048,1280,557.377,627.872,597.73,0.5724
mixed,32,16,0.5,4.0,512,4096,1024,4096,2560,704.418,820.768,858.788,1.3268
mixed,32,16,0.5,4.0,512,4096,2048,8192,5120,1175.428,1837.61,1474.888,0.4522
mixed,32,16,0.5,4.0,512,4096,4096,16384,10240,2361.357,3703.596,2644.359,0.2108
mixed,32,16,0.5,4.0,512,8192,128,512,320,795.136,821.218,806.404,0.432
mixed,32,16,0.5,4.0,512,8192,256,1024,640,832.74,868.644,852.996,0.5642
mixed,32,16,0.5,4.0,512,8192,512,2048,1280,892.577,964.163,933.348,0.5695
mixed,32,16,0.5,4.0,512,8192,1024,4096,2560,1015.363,1176.163,1069.826,0.3387
mixed,32,16,0.5,4.0,512,8192,2048,8192,5120,1333.573,1582.919,1663.109,1.3216
mixed,32,16,0.5,4.0,512,8192,4096,16384,10240,2301.672,3743.307,2883.783,0.4038
mixed,32,16,0.5,4.0,1024,0,128,512,320,210.111,244.992,212.835,0.0781
mixed,32,16,0.5,4.0,1024,0,256,1024,640,285.634,401.536,278.048,-0.0655
mixed,32,16,0.5,4.0,1024,0,512,2048,1280,463.138,643.714,479.619,0.0913
mixed,32,16,0.5,4.0,1024,0,1024,4096,2560,757.539,1104.451,840.291,0.2385
mixed,32,16,0.5,4.0,1024,0,2048,8192,5120,1352.9,2064.932,1552.229,0.2799
mixed,32,16,0.5,4.0,1024,0,4096,16384,10240,2535.622,4001.26,2851.815,0.2157
mixed,32,16,0.5,4.0,1024,512,128,512,320,270.368,293.474,271.072,0.0305
mixed,32,16,0.5,4.0,1024,512,256,1024,640,305.377,409.632,299.458,-0.0568
mixed,32,16,0.5,4.0,1024,512,512,2048,1280,497.282,696.482,485.088,-0.0612
mixed,32,16,0.5,4.0,1024,512,1024,4096,2560,857.988,1293.22,876.355,0.0422
mixed,32,16,0.5,4.0,1024,512,2048,8192,5120,1559.972,2408.358,1583.239,0.0274
mixed,32,16,0.5,4.0,1024,512,4096,16384,10240,2952.425,4639.025,2970.921,0.011
mixed,32,16,0.5,4.0,1024,1024,128,512,320,325.024,354.849,332.322,0.2447
mixed,32,16,0.5,4.0,1024,1024,256,1024,640,365.409,425.441,356.64,-0.1461
mixed,32,16,0.5,4.0,1024,1024,512,2048,1280,480.288,737.6,489.889,0.0373
mixed,32,16,0.5,4.0,1024,1024,1024,4096,2560,838.275,1311.973,894.244,0.1182
mixed,32,16,0.5,4.0,1024,1024,2048,8192,5120,1589.286,2438.024,1607.203,0.0211
mixed,32,16,0.5,4.0,1024,1024,4096,16384,10240,2986.76,4676.464,2987.657,0.0005
mixed,32,16,0.5,4.0,1024,2048,128,512,320,418.593,463.137,426.689,0.1818
mixed,32,16,0.5,4.0,1024,2048,256,1024,640,490.115,535.203,483.683,-0.1427
mixed,32,16,0.5,4.0,1024,2048,512,2048,1280,534.816,696.961,537.571,0.017
mixed,32,16,0.5,4.0,1024,2048,1024,4096,2560,858.179,1255.811,904.548,0.1166
mixed,32,16,0.5,4.0,1024,2048,2048,8192,5120,1659.814,2501.096,1659.174,-0.0008
mixed,32,16,0.5,4.0,1024,2048,4096,16384,10240,3059.656,4746.829,3024.777,-0.0207
mixed,32,16,0.5,4.0,1024,4096,128,512,320,586.146,630.723,595.618,0.2125
mixed,32,16,0.5,4.0,1024,4096,256,1024,640,659.744,735.202,654.755,-0.0661
mixed,32,16,0.5,4.0,1024,4096,512,2048,1280,789.635,875.715,771.585,-0.2097
mixed,32,16,0.5,4.0,1024,4096,1024,4096,2560,938.306,1244.9,891.046,-0.1541
mixed,32,16,0.5,4.0,1024,4096,2048,8192,5120,1719.687,2356.038,1728.389,0.0137
mixed,32,16,0.5,4.0,1024,4096,4096,16384,10240,3220.809,4892.297,3200.615,-0.0121
mixed,32,16,0.5,4.0,1024,8192,128,512,320,919.937,971.076,936.93,0.3323
mixed,32,16,0.5,4.0,1024,8192,256,1024,640,1000.096,1077.507,993.507,-0.0851
mixed,32,16,0.5,4.0,1024,8192,512,2048,1280,1123.204,1273.96,1108.099,-0.1002
mixed,32,16,0.5,4.0,1024,8192,1024,4096,2560,1372.739,1584.965,1346.149,-0.1253
mixed,32,16,0.5,4.0,1024,8192,2048,8192,5120,1709.411,2364.806,1632.231,-0.1178
mixed,32,16,0.5,4.0,1024,8192,4096,16384,10240,3330.795,5166.832,3336.555,0.0031
mixed,32,16,0.5,4.0,2048,0,128,512,320,405.761,427.106,411.168,0.2533
mixed,32,16,0.5,4.0,2048,0,256,1024,640,439.072,499.52,439.233,0.0027
mixed,32,16,0.5,4.0,2048,0,512,2048,1280,564.293,819.458,607.618,0.1698
mixed,32,16,0.5,4.0,2048,0,1024,4096,2560,997.251,1517.763,1053.251,0.1076
mixed,32,16,0.5,4.0,2048,0,2048,8192,5120,1839.526,2831.21,1964.646,0.1262
mixed,32,16,0.5,4.0,2048,0,4096,16384,10240,3484.237,5451.024,3702.222,0.1108
mixed,32,16,0.5,4.0,2048,512,128,512,320,488.929,517.506,497.664,0.3057
mixed,32,16,0.5,4.0,2048,512,256,1024,640,529.57,560.578,533.633,0.131
mixed,32,16,0.5,4.0,2048,512,512,2048,1280,611.715,835.328,645.826,0.1525
mixed,32,16,0.5,4.0,2048,512,1024,4096,2560,1008.004,1531.717,1065.86,0.1105
mixed,32,16,0.5,4.0,2048,512,2048,8192,5120,1869.99,2857.322,1988.998,0.1205
mixed,32,16,0.5,4.0,2048,512,4096,16384,10240,3533.771,5507.122,3754.346,0.1118
mixed,32,16,0.5,4.0,2048,1024,128,512,320,577.538,604.289,578.594,0.0395
mixed,32,16,0.5,4.0,2048,1024,256,1024,640,619.585,657.955,620.035,0.0117
mixed,32,16,0.5,4.0,2048,1024,512,2048,1280,678.658,862.818,689.986,0.0615
mixed,32,16,0.5,4.0,2048,1024,1024,4096,2560,1019.971,1551.591,1085.155,0.1226
mixed,32,16,0.5,4.0,2048,1024,2048,8192,5120,1870.085,2875.915,1996.902,0.1261
mixed,32,16,0.5,4.0,2048,1024,4096,16384,10240,3542.377,5542.001,3766.671,0.1122
mixed,32,16,0.5,4.0,2048,2048,128,512,320,738.658,761.984,744.004,0.2292
mixed,32,16,0.5,4.0,2048,2048,256,1024,640,778.982,828.324,775.521,-0.0701
mixed,32,16,0.5,4.0,2048,2048,512,2048,1280,857.604,951.938,856.579,-0.0109
mixed,32,16,0.5,4.0,2048,2048,1024,4096,2560,1107.716,1572.292,1176.707,0.1485
mixed,32,16,0.5,4.0,2048,2048,2048,8192,5120,1916.263,2910.152,2015.399,0.0997
mixed,32,16,0.5,4.0,2048,2048,4096,16384,10240,3573.963,5546.899,3820.296,0.1249
mixed,32,16,0.5,4.0,2048,4096,128,512,320,1068.419,1091.973,1071.971,0.1508
mixed,32,16,0.5,4.0,2048,4096,256,1024,640,1104.324,1138.885,1096.353,-0.2306
mixed,32,16,0.5,4.0,2048,4096,512,2048,1280,1172.26,1288.069,1147.266,-0.2158
mixed,32,16,0.5,4.0,2048,4096,1024,4096,2560,1359.045,1767.367,1368.677,0.0236
mixed,32,16,0.5,4.0,2048,4096,2048,8192,5120,2049.735,3028.873,2186.982,0.1402
mixed,32,16,0.5,4.0,2048,4096,4096,16384,10240,3700.237,5642.476,3806.473,0.0547
mixed,32,16,0.5,4.0,2048,8192,128,512,320,1735.98,1759.492,1742.66,0.2841
mixed,32,16,0.5,4.0,2048,8192,256,1024,640,1767.462,1807.556,1763.045,-0.1102
mixed,32,16,0.5,4.0,2048,8192,512,2048,1280,1833.476,1916.133,1813.445,-0.2423
mixed,32,16,0.5,4.0,2048,8192,1024,4096,2560,1981.445,2225.158,1889.351,-0.3779
mixed,32,16,0.5,4.0,2048,8192,2048,8192,5120,2389.064,3385.224,2502.891,0.1143
mixed,32,16,0.5,4.0,2048,8192,4096,16384,10240,3993.641,5926.387,4187.086,0.1001
pure,32,24,0.75,4.0,0,0,128,512,416,96.899,106.881,100.095,0.3202
pure,32,24,0.75,4.0,0,0,256,1024,832,138.174,151.36,136.352,-0.1382
pure,32,24,0.75,4.0,0,0,512,2048,1664,208.064,240.259,217.858,0.3042
pure,32,24,0.75,4.0,0,0,1024,4096,3328,341.443,401.859,352.097,0.1763
pure,32,24,0.75,4.0,0,0,2048,8192,6656,610.08,732.931,609.761,-0.0026
pure,32,24,0.75,4.0,0,0,4096,16384,13312,1148.835,1404.647,1153.986,0.0201
mixed,32,24,0.75,4.0,16,0,128,512,416,120.672,143.808,138.112,0.7538
mixed,32,24,0.75,4.0,16,0,256,1024,832,197.568,241.472,233.666,0.8222
mixed,32,24,0.75,4.0,16,0,512,2048,1664,359.393,426.241,424.93,0.9804
mixed,32,24,0.75,4.0,16,0,1024,4096,3328,665.089,803.074,802.754,0.9977
mixed,32,24,0.75,4.0,16,0,2048,8192,6656,1274.082,1564.803,1558.658,0.9789
mixed,32,24,0.75,4.0,16,0,4096,16384,13312,2507.302,3064.744,3077.802,1.0234
mixed,32,24,0.75,4.0,16,512,128,512,416,134.751,147.808,138.561,0.2918
mixed,32,24,0.75,4.0,16,512,256,1024,832,194.178,240.417,237.728,0.9418
mixed,32,24,0.75,4.0,16,512,512,2048,1664,360.544,431.586,436.226,1.0653
mixed,32,24,0.75,4.0,16,512,1024,4096,3328,670.496,811.843,820.993,1.0647
mixed,32,24,0.75,4.0,16,512,2048,8192,6656,1273.668,1566.182,1598.18,1.1094
mixed,32,24,0.75,4.0,16,512,4096,16384,13312,2513.796,3071.782,3164.65,1.1664
mixed,32,24,0.75,4.0,16,1024,128,512,416,175.072,187.232,156.256,-1.5474
mixed,32,24,0.75,4.0,16,1024,256,1024,832,216.034,244.001,239.231,0.8294
mixed,32,24,0.75,4.0,16,1024,512,2048,1664,359.937,432.256,434.274,1.0279
mixed,32,24,0.75,4.0,16,1024,1024,4096,3328,667.81,810.179,826.947,1.1178
mixed,32,24,0.75,4.0,16,1024,2048,8192,6656,1279.91,1567.653,1609.381,1.145
mixed,32,24,0.75,4.0,16,1024,4096,16384,13312,2522.469,3081.897,3172.361,1.1617
mixed,32,24,0.75,4.0,16,2048,128,512,416,258.24,271.04,239.456,-1.4675
mixed,32,24,0.75,4.0,16,2048,256,1024,832,304.098,325.505,256.289,-2.2333
mixed,32,24,0.75,4.0,16,2048,512,2048,1664,393.375,434.273,434.306,1.0008
mixed,32,24,0.75,4.0,16,2048,1024,4096,3328,671.908,811.393,821.283,1.0709
mixed,32,24,0.75,4.0,16,2048,2048,8192,6656,1282.851,1567.843,1612.42,1.1564
mixed,32,24,0.75,4.0,16,2048,4096,16384,13312,2520.712,3081.384,3177.993,1.1723
mixed,32,24,0.75,4.0,16,4096,128,512,416,423.747,437.408,405.152,-1.3612
mixed,32,24,0.75,4.0,16,4096,256,1024,832,468.162,494.081,425.122,-1.6606
mixed,32,24,0.75,4.0,16,4096,512,2048,1664,562.274,602.176,460.864,-2.5415
mixed,32,24,0.75,4.0,16,4096,1024,4096,3328,735.682,811.682,819.169,1.0985
mixed,32,24,0.75,4.0,16,4096,2048,8192,6656,1288.519,1576.836,1610.534,1.1169
mixed,32,24,0.75,4.0,16,4096,4096,16384,13312,2519.335,3088.425,3185.516,1.1706
mixed,32,24,0.75,4.0,16,8192,128,512,416,755.33,767.715,735.491,-1.6019
mixed,32,24,0.75,4.0,16,8192,256,1024,832,799.555,821.443,754.146,-2.0746
mixed,32,24,0.75,4.0,16,8192,512,2048,1664,893.508,936.002,807.49,-2.0242
mixed,32,24,0.75,4.0,16,8192,1024,4096,3328,1078.311,1152.355,910.85,-2.2616
mixed,32,24,0.75,4.0,16,8192,2048,8192,6656,1407.301,1572.038,1595.46,1.1422
mixed,32,24,0.75,4.0,16,8192,4096,16384,13312,2524.713,3091.177,3173.13,1.1447
mixed,32,24,0.75,4.0,32,0,128,512,416,122.434,144.033,137.472,0.6962
mixed,32,24,0.75,4.0,32,0,256,1024,832,197.794,242.368,234.05,0.8134
mixed,32,24,0.75,4.0,32,0,512,2048,1664,361.698,429.634,425.506,0.9392
mixed,32,24,0.75,4.0,32,0,1024,4096,3328,665.859,803.299,804.387,1.0079
mixed,32,24,0.75,4.0,32,0,2048,8192,6656,1274.437,1565.7,1561.83,0.9867
mixed,32,24,0.75,4.0,32,0,4096,16384,13312,2512.488,3077.767,3079.592,1.0032
mixed,32,24,0.75,4.0,32,512,128,512,416,135.102,148.289,138.496,0.2574
mixed,32,24,0.75,4.0,32,512,256,1024,832,196.511,241.25,237.921,0.9256
mixed,32,24,0.75,4.0,32,512,512,2048,1664,361.281,434.081,438.209,1.0567
mixed,32,24,0.75,4.0,32,512,1024,4096,3328,672.707,808.288,826.563,1.1348
mixed,32,24,0.75,4.0,32,512,2048,8192,6656,1280.802,1577.091,1607.716,1.1034
mixed,32,24,0.75,4.0,32,512,4096,16384,13312,2519.143,3072.938,3161.543,1.16
mixed,32,24,0.75,4.0,32,1024,128,512,416,176.194,188.769,157.152,-1.5143
mixed,32,24,0.75,4.0,32,1024,256,1024,832,218.946,244.641,238.4,0.7571
mixed,32,24,0.75,4.0,32,1024,512,2048,1664,360.288,433.762,432.833,0.9874
mixed,32,24,0.75,4.0,32,1024,1024,4096,3328,672.866,814.5,828.386,1.098
mixed,32,24,0.75,4.0,32,1024,2048,8192,6656,1287.044,1571.3,1611.367,1.141
mixed,32,24,0.75,4.0,32,1024,4096,16384,13312,2512.937,3086.346,3175.434,1.1554
mixed,32,24,0.75,4.0,32,2048,128,512,416,260.801,271.874,239.777,-1.8987
mixed,32,24,0.75,4.0,32,2048,256,1024,832,305.761,327.265,258.21,-2.2113
mixed,32,24,0.75,4.0,32,2048,512,2048,1664,393.986,433.507,436.066,1.0648
mixed,32,24,0.75,4.0,32,2048,1024,4096,3328,672.322,812.61,822.787,1.0725
mixed,32,24,0.75,4.0,32,2048,2048,8192,6656,1282.532,1573.35,1619.813,1.1598
mixed,32,24,0.75,4.0,32,2048,4096,16384,13312,2516.712,3076.585,3180.041,1.1848
mixed,32,24,0.75,4.0,32,4096,128,512,416,424.737,436.578,403.651,-1.7808
mixed,32,24,0.75,4.0,32,4096,256,1024,832,469.473,493.344,422.273,-1.9773
mixed,32,24,0.75,4.0,32,4096,512,2048,1664,562.596,601.216,467.583,-2.4602
mixed,32,24,0.75,4.0,32,4096,1024,4096,3328,731.554,812.29,820.514,1.1019
mixed,32,24,0.75,4.0,32,4096,2048,8192,6656,1292.231,1578.977,1606.022,1.0943
mixed,32,24,0.75,4.0,32,4096,4096,16384,13312,2525.737,3086.44,3189.135,1.1832
mixed,32,24,0.75,4.0,32,8192,128,512,416,756.514,768.257,734.913,-1.8395
mixed,32,24,0.75,4.0,32,8192,256,1024,832,802.146,825.666,756.768,-1.9293
mixed,32,24,0.75,4.0,32,8192,512,2048,1664,895.554,938.56,790.209,-2.4495
mixed,32,24,0.75,4.0,32,8192,1024,4096,3328,1073.378,1159.079,911.3,-1.8912
mixed,32,24,0.75,4.0,32,8192,2048,8192,6656,1409.444,1576.806,1594.598,1.1063
mixed,32,24,0.75,4.0,32,8192,4096,16384,13312,2533.638,3096.234,3173.612,1.1375
mixed,32,24,0.75,4.0,64,0,128,512,416,123.328,145.794,138.976,0.6965
mixed,32,24,0.75,4.0,64,0,256,1024,832,201.184,244.003,236.385,0.8221
mixed,32,24,0.75,4.0,64,0,512,2048,1664,360.162,430.785,428.833,0.9724
mixed,32,24,0.75,4.0,64,0,1024,4096,3328,669.826,809.156,803.875,0.9621
mixed,32,24,0.75,4.0,64,0,2048,8192,6656,1277.731,1566.885,1565.829,0.9963
mixed,32,24,0.75,4.0,64,0,4096,16384,13312,2500.455,3081.833,3086.665,1.0083
mixed,32,24,0.75,4.0,64,512,128,512,416,136.802,151.712,139.264,0.1651
mixed,32,24,0.75,4.0,64,512,256,1024,832,199.106,243.937,239.712,0.9058
mixed,32,24,0.75,4.0,64,512,512,2048,1664,365.184,434.465,438.88,1.0637
mixed,32,24,0.75,4.0,64,512,1024,4096,3328,673.153,813.891,826.081,1.0866
mixed,32,24,0.75,4.0,64,512,2048,8192,6656,1282.787,1572.069,1610.47,1.1327
mixed,32,24,0.75,4.0,64,512,4096,16384,13312,2521.994,3070.44,3177.897,1.1959
mixed,32,24,0.75,4.0,64,1024,128,512,416,178.402,191.265,160.705,-1.3758
mixed,32,24,0.75,4.0,64,1024,256,1024,832,222.592,247.521,241.633,0.7638
mixed,32,24,0.75,4.0,64,1024,512,2048,1664,362.083,434.179,437.41,1.0448
mixed,32,24,0.75,4.0,64,1024,1024,4096,3328,672.802,818.753,829.731,1.0752
mixed,32,24,0.75,4.0,64,1024,2048,8192,6656,1281.155,1575.237,1611.558,1.1235
mixed,32,24,0.75,4.0,64,1024,4096,16384,13312,2508.488,3082.729,3177.196,1.1645
mixed,32,24,0.75,4.0,64,2048,128,512,416,261.792,273.856,241.088,-1.7162
mixed,32,24,0.75,4.0,64,2048,256,1024,832,307.36,329.314,259.266,-2.1907
mixed,32,24,0.75,4.0,64,2048,512,2048,1664,395.392,436.097,435.17,0.9772
mixed,32,24,0.75,4.0,64,2048,1024,4096,3328,675.906,810.051,824.513,1.1078
mixed,32,24,0.75,4.0,64,2048,2048,8192,6656,1280.74,1572.003,1619.3,1.1624
mixed,32,24,0.75,4.0,64,2048,4096,16384,13312,2526.503,3087.945,3176.011,1.1569
mixed,32,24,0.75,4.0,64,4096,128,512,416,426.945,439.616,407.264,-1.5532
mixed,32,24,0.75,4.0,64,4096,256,1024,832,474.146,495.906,424.482,-2.2824
mixed,32,24,0.75,4.0,64,4096,512,2048,1664,566.434,609.122,466.753,-2.3351
mixed,32,24,0.75,4.0,64,4096,1024,4096,3328,736.132,811.648,821.474,1.1301
mixed,32,24,0.75,4.0,64,4096,2048,8192,6656,1294.276,1569.379,1607.077,1.137
mixed,32,24,0.75,4.0,64,4096,4096,16384,13312,2515.59,3093.065,3190.922,1.1695
mixed,32,24,0.75,4.0,64,8192,128,512,416,758.945,770.722,739.941,-1.6137
mixed,32,24,0.75,4.0,64,8192,256,1024,832,803.523,829.665,757.794,-1.7493
mixed,32,24,0.75,4.0,64,8192,512,2048,1664,900.677,941.795,802.561,-2.3862
mixed,32,24,0.75,4.0,64,8192,1024,4096,3328,1077.89,1157.251,915.331,-2.0483
mixed,32,24,0.75,4.0,64,8192,2048,8192,6656,1407.588,1568.775,1597.925,1.1808
mixed,32,24,0.75,4.0,64,8192,4096,16384,13312,2532.105,3088.202,3171.178,1.1492
mixed,32,24,0.75,4.0,128,0,128,512,416,125.791,147.2,139.552,0.6428
mixed,32,24,0.75,4.0,128,0,256,1024,832,203.425,246.719,240.578,0.8582
mixed,32,24,0.75,4.0,128,0,512,2048,1664,366.498,435.362,431.393,0.9424
mixed,32,24,0.75,4.0,128,0,1024,4096,3328,672.162,813.123,808.898,0.97
mixed,32,24,0.75,4.0,128,0,2048,8192,6656,1278.47,1573.963,1565.607,0.9717
mixed,32,24,0.75,4.0,128,0,4096,16384,13312,2519.05,3082.28,3080.745,0.9973
mixed,32,24,0.75,4.0,128,512,128,512,416,138.593,150.465,141.568,0.2506
mixed,32,24,0.75,4.0,128,512,256,1024,832,200.416,243.488,245.025,1.0357
mixed,32,24,0.75,4.0,128,512,512,2048,1664,369.248,441.921,448.224,1.0867
mixed,32,24,0.75,4.0,128,512,1024,4096,3328,678.018,824.643,851.716,1.1846
mixed,32,24,0.75,4.0,128,512,2048,8192,6656,1303.491,1597.318,1659.3,1.2109
mixed,32,24,0.75,4.0,128,512,4096,16384,13312,2552.935,3118.119,3270.889,1.2703
mixed,32,24,0.75,4.0,128,1024,128,512,416,179.329,192.096,181.891,0.2007
mixed,32,24,0.75,4.0,128,1024,256,1024,832,222.274,247.169,245.6,0.937
mixed,32,24,0.75,4.0,128,1024,512,2048,1664,367.137,442.111,444.993,1.0384
mixed,32,24,0.75,4.0,128,1024,1024,4096,3328,682.338,827.94,853.218,1.1736
mixed,32,24,0.75,4.0,128,1024,2048,8192,6656,1303.524,1594.534,1662.34,1.233
mixed,32,24,0.75,4.0,128,1024,4096,16384,13312,2553.128,3127.98,3272.33,1.2511
mixed,32,24,0.75,4.0,128,2048,128,512,416,263.201,274.785,264.866,0.1437
mixed,32,24,0.75,4.0,128,2048,256,1024,832,308.577,331.009,321.057,0.5563
mixed,32,24,0.75,4.0,128,2048,512,2048,1664,397.09,437.057,442.145,1.1273
mixed,32,24,0.75,4.0,128,2048,1024,4096,3328,685.666,832.259,843.169,1.0744
mixed,32,24,0.75,4.0,128,2048,2048,8192,6656,1312.835,1600.358,1668.484,1.2369
mixed,32,24,0.75,4.0,128,2048,4096,16384,13312,2562.153,3122.153,3277.228,1.2769
mixed,32,24,0.75,4.0,128,4096,128,512,416,428.867,439.585,431.169,0.2148
mixed,32,24,0.75,4.0,128,4096,256,1024,832,472.962,496.162,485.313,0.5324
mixed,32,24,0.75,4.0,128,4096,512,2048,1664,563.455,605.985,554.755,-0.2046
mixed,32,24,0.75,4.0,128,4096,1024,4096,3328,736.291,812.45,828.996,1.2173
mixed,32,24,0.75,4.0,128,4096,2048,8192,6656,1318.245,1606.982,1642.085,1.1216
mixed,32,24,0.75,4.0,128,4096,4096,16384,13312,2575.367,3144.367,3292.646,1.2606
mixed,32,24,0.75,4.0,128,8192,128,512,416,761.761,773.472,761.155,-0.0517
mixed,32,24,0.75,4.0,128,8192,256,1024,832,807.843,829.731,818.178,0.4722
mixed,32,24,0.75,4.0,128,8192,512,2048,1664,896.963,942.978,887.679,-0.2018
mixed,32,24,0.75,4.0,128,8192,1024,4096,3328,1080.068,1160.421,1021.507,-0.7288
mixed,32,24,0.75,4.0,128,8192,2048,8192,6656,1414.882,1576.804,1609.665,1.2029
mixed,32,24,0.75,4.0,128,8192,4096,16384,13312,2595.877,3163.881,3239.594,1.1333
mixed,32,24,0.75,4.0,256,0,128,512,416,130.369,151.328,144.704,0.684
mixed,32,24,0.75,4.0,256,0,256,1024,832,210.625,257.346,249.986,0.8425
mixed,32,24,0.75,4.0,256,0,512,2048,1664,377.889,445.729,444.865,0.9873
mixed,32,24,0.75,4.0,256,0,1024,4096,3328,685.826,821.122,822.944,1.0135
mixed,32,24,0.75,4.0,256,0,2048,8192,6656,1291.074,1570.147,1575.238,1.0182
mixed,32,24,0.75,4.0,256,0,4096,16384,13312,2530.472,3071.337,3089.224,1.0331
mixed,32,24,0.75,4.0,256,512,128,512,416,152.384,161.28,155.488,0.3489
mixed,32,24,0.75,4.0,256,512,256,1024,832,201.12,249.343,255.809,1.1341
mixed,32,24,0.75,4.0,256,512,512,2048,1664,390.881,466.914,469.058,1.0282
mixed,32,24,0.75,4.0,256,512,1024,4096,3328,725.602,878.242,905.731,1.1801
mixed,32,24,0.75,4.0,256,512,2048,8192,6656,1393.798,1702.435,1772.262,1.2262
mixed,32,24,0.75,4.0,256,512,4096,16384,13312,2732.618,3340.746,3491.082,1.2472
mixed,32,24,0.75,4.0,256,1024,128,512,416,194.816,203.233,196.929,0.251
mixed,32,24,0.75,4.0,256,1024,256,1024,832,228.739,250.369,255.745,1.2485
mixed,32,24,0.75,4.0,256,1024,512,2048,1664,384.48,469.026,461.825,0.9148
mixed,32,24,0.75,4.0,256,1024,1024,4096,3328,729.41,878.723,904.866,1.1751
mixed,32,24,0.75,4.0,256,1024,2048,8192,6656,1399.908,1703.973,1774.95,1.2334
mixed,32,24,0.75,4.0,256,1024,4096,16384,13312,2737.449,3349.065,3490.116,1.2306
mixed,32,24,0.75,4.0,256,2048,128,512,416,276.129,287.074,280.801,0.4269
mixed,32,24,0.75,4.0,256,2048,256,1024,832,312.0,334.944,338.594,1.1591
mixed,32,24,0.75,4.0,256,2048,512,2048,1664,396.064,438.208,457.729,1.4632
mixed,32,24,0.75,4.0,256,2048,1024,4096,3328,731.105,887.493,877.764,0.9378
mixed,32,24,0.75,4.0,256,2048,2048,8192,6656,1409.862,1713.987,1779.43,1.2152
mixed,32,24,0.75,4.0,256,2048,4096,16384,13312,2732.646,3352.169,3503.338,1.244
mixed,32,24,0.75,4.0,256,4096,128,512,416,441.184,452.385,444.705,0.3143
mixed,32,24,0.75,4.0,256,4096,256,1024,832,479.2,500.897,504.481,1.1652
mixed,32,24,0.75,4.0,256,4096,512,2048,1664,566.881,605.504,622.371,1.4367
mixed,32,24,0.75,4.0,256,4096,1024,4096,3328,739.49,816.354,858.018,1.542
mixed,32,24,0.75,4.0,256,4096,2048,8192,6656,1416.197,1736.292,1715.204,0.9341
mixed,32,24,0.75,4.0,256,4096,4096,16384,13312,2748.874,3364.01,3515.725,1.2466
mixed,32,24,0.75,4.0,256,8192,128,512,416,775.013,785.893,778.946,0.3615
mixed,32,24,0.75,4.0,256,8192,256,1024,832,811.776,834.084,840.674,1.2954
mixed,32,24,0.75,4.0,256,8192,512,2048,1664,899.266,942.626,956.228,1.3137
mixed,32,24,0.75,4.0,256,8192,1024,4096,3328,1077.86,1163.205,1192.517,1.3435
mixed,32,24,0.75,4.0,256,8192,2048,8192,6656,1415.076,1573.737,1663.653,1.5667
mixed,32,24,0.75,4.0,256,8192,4096,16384,13312,2786.63,3414.604,3393.834,0.9669
mixed,32,24,0.75,4.0,512,0,128,512,416,151.297,173.441,157.152,0.2644
mixed,32,24,0.75,4.0,512,0,256,1024,832,222.753,282.625,277.408,0.9129
mixed,32,24,0.75,4.0,512,0,512,2048,1664,419.457,498.337,499.553,1.0154
mixed,32,24,0.75,4.0,512,0,1024,4096,3328,765.472,907.745,938.5,1.2162
mixed,32,24,0.75,4.0,512,0,2048,8192,6656,1396.131,1681.094,1760.069,1.2771
mixed,32,24,0.75,4.0,512,0,4096,16384,13312,2706.663,3255.497,3353.931,1.1794
mixed,32,24,0.75,4.0,512,512,128,512,416,184.127,192.735,186.528,0.2789
mixed,32,24,0.75,4.0,512,512,256,1024,832,221.088,261.183,258.015,0.921
mixed,32,24,0.75,4.0,512,512,512,2048,1664,413.442,507.329,507.393,1.0007
mixed,32,24,0.75,4.0,512,512,1024,4096,3328,790.916,959.779,981.892,1.131
mixed,32,24,0.75,4.0,512,512,2048,8192,6656,1564.23,1875.718,1937.895,1.1996
mixed,32,24,0.75,4.0,512,512,4096,16384,13312,3006.568,3711.787,3821.517,1.1556
mixed,32,24,0.75,4.0,512,1024,128,512,416,225.698,238.048,229.985,0.3471
mixed,32,24,0.75,4.0,512,1024,256,1024,832,266.816,280.801,273.952,0.5103
mixed,32,24,0.75,4.0,512,1024,512,2048,1664,392.45,498.626,499.107,1.0045
mixed,32,24,0.75,4.0,512,1024,1024,4096,3328,794.37,965.955,964.995,0.9944
mixed,32,24,0.75,4.0,512,1024,2048,8192,6656,1538.213,1884.612,1936.746,1.1505
mixed,32,24,0.75,4.0,512,1024,4096,16384,13312,3024.521,3713.868,3821.642,1.1563
mixed,32,24,0.75,4.0,512,2048,128,512,416,309.344,322.082,313.825,0.3518
mixed,32,24,0.75,4.0,512,2048,256,1024,832,346.529,366.337,358.978,0.6285
mixed,32,24,0.75,4.0,512,2048,512,2048,1664,436.673,458.305,458.626,1.0148
mixed,32,24,0.75,4.0,512,2048,1024,4096,3328,782.274,935.33,947.843,1.0818
mixed,32,24,0.75,4.0,512,2048,2048,8192,6656,1531.749,1870.693,1912.902,1.1245
mixed,32,24,0.75,4.0,512,2048,4096,16384,13312,3028.584,3758.091,3825.87,1.0929
mixed,32,24,0.75,4.0,512,4096,128,512,416,475.68,486.146,478.211,0.2418
mixed,32,24,0.75,4.0,512,4096,256,1024,832,512.705,532.61,525.155,0.6255
mixed,32,24,0.75,4.0,512,4096,512,2048,1664,592.258,627.363,630.241,1.082
mixed,32,24,0.75,4.0,512,4096,1024,4096,3328,822.147,818.529,840.162,
mixed,32,24,0.75,4.0,512,4096,2048,8192,6656,1492.52,1837.03,1841.83,1.0139
mixed,32,24,0.75,4.0,512,4096,4096,16384,13312,3025.417,3713.26,3779.666,1.0965
mixed,32,24,0.75,4.0,512,8192,128,512,416,809.442,820.898,811.747,0.2012
mixed,32,24,0.75,4.0,512,8192,256,1024,832,844.13,868.162,860.355,0.6751
mixed,32,24,0.75,4.0,512,8192,512,2048,1664,924.325,965.667,967.619,1.0472
mixed,32,24,0.75,4.0,512,8192,1024,4096,3328,1100.74,1184.324,1199.107,1.1769
mixed,32,24,0.75,4.0,512,8192,2048,8192,6656,1551.234,1577.698,1628.9,2.9348
mixed,32,24,0.75,4.0,512,8192,4096,16384,13312,2974.73,3713.388,3628.845,0.8855
mixed,32,24,0.75,4.0,1024,0,128,512,416,219.681,245.696,219.523,-0.0061
mixed,32,24,0.75,4.0,1024,0,256,1024,832,342.4,405.215,330.658,-0.1869
mixed,32,24,0.75,4.0,1024,0,512,2048,1664,566.304,639.65,570.017,0.0506
mixed,32,24,0.75,4.0,1024,0,1024,4096,3328,931.715,1110.977,1053.38,0.6787
mixed,32,24,0.75,4.0,1024,0,2048,8192,6656,1714.405,2073.128,2024.709,0.865
mixed,32,24,0.75,4.0,1024,0,4096,16384,13312,3243.753,4147.016,3911.787,0.7396
mixed,32,24,0.75,4.0,1024,512,128,512,416,284.288,292.482,279.616,-0.5702
mixed,32,24,0.75,4.0,1024,512,256,1024,832,343.999,406.274,357.312,0.2138
mixed,32,24,0.75,4.0,1024,512,512,2048,1664,608.001,693.473,576.193,-0.3721
mixed,32,24,0.75,4.0,1024,512,1024,4096,3328,1077.796,1280.452,1077.22,-0.0028
mixed,32,24,0.75,4.0,1024,512,2048,8192,6656,1995.907,2409.737,2108.519,0.2721
mixed,32,24,0.75,4.0,1024,512,4096,16384,13312,3800.78,4632.561,4153.164,0.4236
mixed,32,24,0.75,4.0,1024,1024,128,512,416,341.217,355.043,339.234,-0.1434
mixed,32,24,0.75,4.0,1024,1024,256,1024,832,373.567,426.019,372.929,-0.0122
mixed,32,24,0.75,4.0,1024,1024,512,2048,1664,615.234,738.179,592.801,-0.1825
mixed,32,24,0.75,4.0,1024,1024,1024,4096,3328,1097.476,1315.395,1062.211,-0.1618
mixed,32,24,0.75,4.0,1024,1024,2048,8192,6656,2013.638,2430.085,2073.479,0.1437
mixed,32,24,0.75,4.0,1024,1024,4096,16384,13312,3807.786,4667.98,4148.652,0.3963
mixed,32,24,0.75,4.0,1024,2048,128,512,416,440.224,464.516,448.45,0.3386
mixed,32,24,0.75,4.0,1024,2048,256,1024,832,508.994,535.202,499.649,-0.3566
mixed,32,24,0.75,4.0,1024,2048,512,2048,1664,643.778,700.258,610.496,-0.5893
mixed,32,24,0.75,4.0,1024,2048,1024,4096,3328,1151.332,1285.766,1033.603,-0.8757
mixed,32,24,0.75,4.0,1024,2048,2048,8192,6656,2092.518,2505.096,2028.327,-0.1556
mixed,32,24,0.75,4.0,1024,2048,4096,16384,13312,3899.019,4751.086,4083.246,0.2162
mixed,32,24,0.75,4.0,1024,4096,128,512,416,609.506,636.131,616.356,0.2573
mixed,32,24,0.75,4.0,1024,4096,256,1024,832,691.714,734.69,703.33,0.2703
mixed,32,24,0.75,4.0,1024,4096,512,2048,1664,858.048,877.06,844.002,-0.7388
mixed,32,24,0.75,4.0,1024,4096,1024,4096,3328,1172.995,1245.059,1033.988,-1.9289
mixed,32,24,0.75,4.0,1024,4096,2048,8192,6656,2206.504,2365.832,2007.43,-1.2495
mixed,32,24,0.75,4.0,1024,4096,4096,16384,13312,4047.241,4895.247,3969.97,-0.0911
mixed,32,24,0.75,4.0,1024,8192,128,512,416,944.676,973.344,956.451,0.4107
mixed,32,24,0.75,4.0,1024,8192,256,1024,832,1025.923,1074.086,1040.006,0.2924
mixed,32,24,0.75,4.0,1024,8192,512,2048,1664,1201.957,1275.653,1229.957,0.3799
mixed,32,24,0.75,4.0,1024,8192,1024,4096,3328,1511.494,1589.189,1558.471,0.6046
mixed,32,24,0.75,4.0,1024,8192,2048,8192,6656,2218.535,2352.968,1897.703,-2.3866
mixed,32,24,0.75,4.0,1024,8192,4096,16384,13312,4328.11,5204.559,3881.676,-0.5094
mixed,32,24,0.75,4.0,2048,0,128,512,416,418.656,428.865,422.114,0.3387
mixed,32,24,0.75,4.0,2048,0,256,1024,832,456.96,499.778,460.131,0.0741
mixed,32,24,0.75,4.0,2048,0,512,2048,1664,687.65,822.723,701.86,0.1052
mixed,32,24,0.75,4.0,2048,0,1024,4096,3328,1254.693,1511.204,1290.466,0.1395
mixed,32,24,0.75,4.0,2048,0,2048,8192,6656,2334.088,2828.234,2478.763,0.2928
mixed,32,24,0.75,4.0,2048,0,4096,16384,13312,4483.534,5465.911,4927.473,0.4519
mixed,32,24,0.75,4.0,2048,512,128,512,416,504.354,516.61,508.64,0.3497
mixed,32,24,0.75,4.0,2048,512,256,1024,832,553.312,560.803,553.763,0.0602
mixed,32,24,0.75,4.0,2048,512,512,2048,1664,712.227,834.946,724.516,0.1001
mixed,32,24,0.75,4.0,2048,512,1024,4096,3328,1280.035,1548.902,1293.57,0.0503
mixed,32,24,0.75,4.0,2048,512,2048,8192,6656,2370.086,2871.817,2473.989,0.2071
mixed,32,24,0.75,4.0,2048,512,4096,16384,13312,4518.701,5504.625,4880.808,0.3673
mixed,32,24,0.75,4.0,2048,1024,128,512,416,588.96,600.896,593.314,0.3648
mixed,32,24,0.75,4.0,2048,1024,256,1024,832,634.306,659.073,643.808,0.3837
mixed,32,24,0.75,4.0,2048,1024,512,2048,1664,760.514,866.083,762.531,0.0191
mixed,32,24,0.75,4.0,2048,1024,1024,4096,3328,1276.453,1559.201,1315.14,0.1368
mixed,32,24,0.75,4.0,2048,1024,2048,8192,6656,2382.696,2890.569,2498.28,0.2276
mixed,32,24,0.75,4.0,2048,1024,4096,16384,13312,4528.047,5543.892,4821.714,0.2891
mixed,32,24,0.75,4.0,2048,2048,128,512,416,750.594,765.73,754.593,0.2642
mixed,32,24,0.75,4.0,2048,2048,256,1024,832,804.641,832.451,802.049,-0.0932
mixed,32,24,0.75,4.0,2048,2048,512,2048,1664,891.939,954.789,908.225,0.2591
mixed,32,24,0.75,4.0,2048,2048,1024,4096,3328,1313.379,1571.267,1355.171,0.1621
mixed,32,24,0.75,4.0,2048,2048,2048,8192,6656,2405.223,2918.922,2466.95,0.1202
mixed,32,24,0.75,4.0,2048,2048,4096,16384,13312,4560.269,5577.426,4817.422,0.2528
mixed,32,24,0.75,4.0,2048,4096,128,512,416,1079.879,1091.365,1085.285,0.4707
mixed,32,24,0.75,4.0,2048,4096,256,1024,832,1113.349,1140.387,1117.19,0.1421
mixed,32,24,0.75,4.0,2048,4096,512,2048,1664,1218.595,1268.741,1248.293,0.5922
mixed,32,24,0.75,4.0,2048,4096,1024,4096,3328,1458.693,1764.13,1455.268,-0.0112
mixed,32,24,0.75,4.0,2048,4096,2048,8192,6656,2517.705,3015.593,2574.025,0.1131
mixed,32,24,0.75,4.0,2048,4096,4096,16384,13312,4629.041,5663.154,4882.926,0.2455
mixed,32,24,0.75,4.0,2048,8192,128,512,416,1745.065,1756.454,1750.342,0.4633
mixed,32,24,0.75,4.0,2048,8192,256,1024,832,1786.084,1808.135,1779.462,-0.3003
mixed,32,24,0.75,4.0,2048,8192,512,2048,1664,1869.257,1915.973,1865.029,-0.0905
mixed,32,24,0.75,4.0,2048,8192,1024,4096,3328,2076.679,2178.151,2140.678,0.6307
mixed,32,24,0.75,4.0,2048,8192,2048,8192,6656,2874.118,3377.676,2754.438,-0.2377
mixed,32,24,0.75,4.0,2048,8192,4096,16384,13312,4932.72,5946.132,5020.687,0.0868
pure,32,29,0.9062,4.0,0,0,128,512,476,103.137,105.375,102.815,-0.1439
pure,32,29,0.9062,4.0,0,0,256,1024,952,148.256,152.674,144.674,-0.8108
pure,32,29,0.9062,4.0,0,0,512,2048,1904,232.514,240.192,226.016,-0.8463
pure,32,29,0.9062,4.0,0,0,1024,4096,3808,376.927,402.592,378.047,0.0436
pure,32,29,0.9062,4.0,0,0,2048,8192,7616,682.723,734.596,682.978,0.0049
pure,32,29,0.9062,4.0,0,0,4096,16384,15232,1321.126,1397.157,1310.181,-0.144
mixed,32,29,0.9062,4.0,16,0,128,512,476,125.44,143.52,140.001,0.8054
mixed,32,29,0.9062,4.0,16,0,256,1024,952,221.151,239.488,237.219,0.8763
mixed,32,29,0.9062,4.0,16,0,512,2048,1904,407.777,429.857,427.81,0.9073
mixed,32,29,0.9062,4.0,16,0,1024,4096,3808,739.302,804.035,803.555,0.9926
mixed,32,29,0.9062,4.0,16,0,2048,8192,7616,1441.349,1560.646,1559.461,0.9901
mixed,32,29,0.9062,4.0,16,0,4096,16384,15232,2864.553,3083.049,3056.459,0.8783
mixed,32,29,0.9062,4.0,16,512,128,512,476,137.633,147.937,140.641,0.2919
mixed,32,29,0.9062,4.0,16,512,256,1024,952,220.48,240.543,243.201,1.1325
mixed,32,29,0.9062,4.0,16,512,512,2048,1904,415.521,432.578,438.08,1.3226
mixed,32,29,0.9062,4.0,16,512,1024,4096,3808,745.794,809.508,815.49,1.0939
mixed,32,29,0.9062,4.0,16,512,2048,8192,7616,1452.098,1567.203,1577.446,1.089
mixed,32,29,0.9062,4.0,16,512,4096,16384,15232,2867.401,3079.016,3097.642,1.088
mixed,32,29,0.9062,4.0,16,1024,128,512,476,181.824,187.135,180.512,-0.247
mixed,32,29,0.9062,4.0,16,1024,256,1024,952,231.008,244.096,241.666,0.8143
mixed,32,29,0.9062,4.0,16,1024,512,2048,1904,412.799,432.866,436.387,1.1755
mixed,32,29,0.9062,4.0,16,1024,1024,4096,3808,746.69,810.276,821.38,1.1746
mixed,32,29,0.9062,4.0,16,1024,2048,8192,7616,1457.029,1570.852,1585.38,1.1276
mixed,32,29,0.9062,4.0,16,1024,4096,16384,15232,2875.019,3073.353,3104.809,1.1586
mixed,32,29,0.9062,4.0,16,2048,128,512,476,263.137,271.36,262.689,-0.0545
mixed,32,29,0.9062,4.0,16,2048,256,1024,952,315.041,326.466,319.617,0.4005
mixed,32,29,0.9062,4.0,16,2048,512,2048,1904,427.041,433.123,431.489,0.7313
mixed,32,29,0.9062,4.0,16,2048,1024,4096,3808,749.442,810.211,822.37,1.2001
mixed,32,29,0.9062,4.0,16,2048,2048,8192,7616,1450.885,1573.033,1593.065,1.164
mixed,32,29,0.9062,4.0,16,2048,4096,16384,15232,2874.378,3078.089,3113.227,1.1725
mixed,32,29,0.9062,4.0,16,4096,128,512,476,428.32,437.891,429.41,0.1139
mixed,32,29,0.9062,4.0,16,4096,256,1024,952,481.442,490.915,486.53,0.5371
mixed,32,29,0.9062,4.0,16,4096,512,2048,1904,598.594,602.338,602.116,0.9407
mixed,32,29,0.9062,4.0,16,4096,1024,4096,3808,774.756,810.275,811.138,1.0243
mixed,32,29,0.9062,4.0,16,4096,2048,8192,7616,1458.502,1578.662,1589.73,1.0921
mixed,32,29,0.9062,4.0,16,4096,4096,16384,15232,2884.52,3080.843,3136.202,1.282
mixed,32,29,0.9062,4.0,16,8192,128,512,476,759.651,764.836,759.425,-0.0436
mixed,32,29,0.9062,4.0,16,8192,256,1024,952,811.906,822.818,819.586,0.7038
mixed,32,29,0.9062,4.0,16,8192,512,2048,1904,932.643,935.332,933.249,0.2254
mixed,32,29,0.9062,4.0,16,8192,1024,4096,3808,1121.09,1155.043,1154.659,0.9887
mixed,32,29,0.9062,4.0,16,8192,2048,8192,7616,1511.303,1569.284,1565.157,0.9288
mixed,32,29,0.9062,4.0,16,8192,4096,16384,15232,2877.832,3091.05,3135.308,1.2076
mixed,32,29,0.9062,4.0,32,0,128,512,476,126.047,144.0,140.992,0.8325
mixed,32,29,0.9062,4.0,32,0,256,1024,952,222.274,241.058,238.816,0.8806
mixed,32,29,0.9062,4.0,32,0,512,2048,1904,400.609,430.465,429.185,0.9571
mixed,32,29,0.9062,4.0,32,0,1024,4096,3808,741.091,800.931,802.276,1.0225
mixed,32,29,0.9062,4.0,32,0,2048,8192,7616,1446.371,1566.502,1558.022,0.9294
mixed,32,29,0.9062,4.0,32,0,4096,16384,15232,2863.751,3070.378,3071.755,1.0067
mixed,32,29,0.9062,4.0,32,512,128,512,476,140.194,148.161,141.184,0.1243
mixed,32,29,0.9062,4.0,32,512,256,1024,952,221.602,241.953,243.745,1.0881
mixed,32,29,0.9062,4.0,32,512,512,2048,1904,404.635,433.917,438.013,1.1399
mixed,32,29,0.9062,4.0,32,512,1024,4096,3808,748.665,813.013,819.449,1.1
mixed,32,29,0.9062,4.0,32,512,2048,8192,7616,1447.732,1572.786,1585.009,1.0977
mixed,32,29,0.9062,4.0,32,512,4096,16384,15232,2860.424,3078.053,3101.766,1.109
mixed,32,29,0.9062,4.0,32,1024,128,512,476,181.117,187.774,181.405,0.0433
mixed,32,29,0.9062,4.0,32,1024,256,1024,952,232.351,244.989,240.096,0.6128
mixed,32,29,0.9062,4.0,32,1024,512,2048,1904,406.523,432.828,440.22,1.281
mixed,32,29,0.9062,4.0,32,1024,1024,4096,3808,744.698,812.409,823.354,1.1616
mixed,32,29,0.9062,4.0,32,1024,2048,8192,7616,1448.497,1574.451,1586.993,1.0996
mixed,32,29,0.9062,4.0,32,1024,4096,16384,15232,2866.79,3079.876,3115.717,1.1682
mixed,32,29,0.9062,4.0,32,2048,128,512,476,264.572,271.102,263.485,-0.1665
mixed,32,29,0.9062,4.0,32,2048,256,1024,952,316.861,326.205,323.037,0.661
mixed,32,29,0.9062,4.0,32,2048,512,2048,1904,420.156,432.733,433.948,1.0966
mixed,32,29,0.9062,4.0,32,2048,1024,4096,3808,748.922,816.121,824.634,1.1267
mixed,32,29,0.9062,4.0,32,2048,2048,8192,7616,1456.244,1568.596,1594.258,1.2284
mixed,32,29,0.9062,4.0,32,2048,4096,16384,15232,2879.72,3086.373,3109.159,1.1103
mixed,32,29,0.9062,4.0,32,4096,128,512,476,429.599,437.563,430.427,0.104
mixed,32,29,0.9062,4.0,32,4096,256,1024,952,483.293,493.148,487.42,0.4188
mixed,32,29,0.9062,4.0,32,4096,512,2048,1904,594.235,605.724,602.906,0.7547
mixed,32,29,0.9062,4.0,32,4096,1024,4096,3808,778.105,811.192,810.105,0.9671
mixed,32,29,0.9062,4.0,32,4096,2048,8192,7616,1457.077,1576.21,1592.882,1.1399
mixed,32,29,0.9062,4.0,32,4096,4096,16384,15232,2887.08,3077.829,3132.903,1.2887
mixed,32,29,0.9062,4.0,32,8192,128,512,476,759.162,769.53,758.553,-0.0587
mixed,32,29,0.9062,4.0,32,8192,256,1024,952,817.019,827.223,820.058,0.2978
mixed,32,29,0.9062,4.0,32,8192,512,2048,1904,924.922,940.441,934.872,0.6411
mixed,32,29,0.9062,4.0,32,8192,1024,4096,3808,1118.679,1157.814,1153.814,0.8978
mixed,32,29,0.9062,4.0,32,8192,2048,8192,7616,1507.572,1569.582,1572.914,1.0537
mixed,32,29,0.9062,4.0,32,8192,4096,16384,15232,2897.991,3094.409,3131.879,1.1908
mixed,32,29,0.9062,4.0,64,0,128,512,476,127.006,145.503,141.824,0.8011
mixed,32,29,0.9062,4.0,64,0,256,1024,952,223.773,243.037,239.615,0.8224
mixed,32,29,0.9062,4.0,64,0,512,2048,1904,395.678,430.621,431.068,1.0128
mixed,32,29,0.9062,4.0,64,0,1024,4096,3808,746.17,808.759,805.562,0.9489
mixed,32,29,0.9062,4.0,64,0,2048,8192,7616,1450.613,1566.708,1560.146,0.9435
mixed,32,29,0.9062,4.0,64,0,4096,16384,15232,2863.272,3068.904,3068.07,0.9959
mixed,32,29,0.9062,4.0,64,512,128,512,476,142.432,150.207,143.198,0.0985
mixed,32,29,0.9062,4.0,64,512,256,1024,952,223.005,243.68,244.638,1.0463
mixed,32,29,0.9062,4.0,64,512,512,2048,1904,398.237,436.957,439.229,1.0587
mixed,32,29,0.9062,4.0,64,512,1024,4096,3808,749.595,815.034,820.155,1.0783
mixed,32,29,0.9062,4.0,64,512,2048,8192,7616,1455.539,1577.013,1583.73,1.0553
mixed,32,29,0.9062,4.0,64,512,4096,16384,15232,2862.187,3075.564,3107.531,1.1498
mixed,32,29,0.9062,4.0,64,1024,128,512,476,183.933,190.271,183.839,-0.0148
mixed,32,29,0.9062,4.0,64,1024,256,1024,952,235.966,245.504,243.679,0.8087
mixed,32,29,0.9062,4.0,64,1024,512,2048,1904,402.012,435.135,439.772,1.14
mixed,32,29,0.9062,4.0,64,1024,1024,4096,3808,743.61,814.33,823.642,1.1317
mixed,32,29,0.9062,4.0,64,1024,2048,8192,7616,1453.108,1576.245,1585.523,1.0753
mixed,32,29,0.9062,4.0,64,1024,4096,16384,15232,2878.281,3076.456,3110.121,1.1699
mixed,32,29,0.9062,4.0,64,2048,128,512,476,266.045,273.565,264.991,-0.1402
mixed,32,29,0.9062,4.0,64,2048,256,1024,952,320.83,333.309,326.877,0.4846
mixed,32,29,0.9062,4.0,64,2048,512,2048,1904,414.431,437.373,431.453,0.742
mixed,32,29,0.9062,4.0,64,2048,1024,4096,3808,751.066,813.114,823.671,1.1701
mixed,32,29,0.9062,4.0,64,2048,2048,8192,7616,1458.26,1574.326,1597.875,1.2029
mixed,32,29,0.9062,4.0,64,2048,4096,16384,15232,2878.568,3079.558,3122.407,1.2132
mixed,32,29,0.9062,4.0,64,4096,128,512,476,431.646,439.421,432.701,0.1357
mixed,32,29,0.9062,4.0,64,4096,256,1024,952,485.787,496.189,487.709,0.1848
mixed,32,29,0.9062,4.0,64,4096,512,2048,1904,585.79,602.651,604.156,1.0893
mixed,32,29,0.9062,4.0,64,4096,1024,4096,3808,778.106,812.056,810.555,0.9558
mixed,32,29,0.9062,4.0,64,4096,2048,8192,7616,1455.412,1580.34,1597.813,1.1399
mixed,32,29,0.9062,4.0,64,4096,4096,16384,15232,2876.042,3102.603,3134.632,1.1414
mixed,32,29,0.9062,4.0,64,8192,128,512,476,762.264,769.113,763.962,0.2479
mixed,32,29,0.9062,4.0,64,8192,256,1024,952,818.81,829.208,823.195,0.4217
mixed,32,29,0.9062,4.0,64,8192,512,2048,1904,921.113,943.802,938.81,0.78
mixed,32,29,0.9062,4.0,64,8192,1024,4096,3808,1120.919,1159.126,1155.833,0.9138
mixed,32,29,0.9062,4.0,64,8192,2048,8192,7616,1502.388,1574.132,1569.652,0.9376
mixed,32,29,0.9062,4.0,64,8192,4096,16384,15232,2887.275,3098.475,3140.103,1.1971
mixed,32,29,0.9062,4.0,128,0,128,512,476,128.829,147.615,145.311,0.8774
mixed,32,29,0.9062,4.0,128,0,256,1024,952,227.166,247.488,248.893,1.0691
mixed,32,29,0.9062,4.0,128,0,512,2048,1904,412.573,437.502,435.198,0.9076
mixed,32,29,0.9062,4.0,128,0,1024,4096,3808,746.394,809.338,807.93,0.9776
mixed,32,29,0.9062,4.0,128,0,2048,8192,7616,1453.11,1574.036,1568.372,0.9532
mixed,32,29,0.9062,4.0,128,0,4096,16384,15232,2861.226,3057.581,3070.12,1.0639
mixed,32,29,0.9062,4.0,128,512,128,512,476,142.591,150.141,145.438,0.3771
mixed,32,29,0.9062,4.0,128,512,256,1024,952,225.31,243.327,251.773,1.4688
mixed,32,29,0.9062,4.0,128,512,512,2048,1904,423.485,441.693,454.587,1.7082
mixed,32,29,0.9062,4.0,128,512,1024,4096,3808,762.522,823.772,846.392,1.3693
mixed,32,29,0.9062,4.0,128,512,2048,8192,7616,1479.699,1599.444,1635.093,1.2977
mixed,32,29,0.9062,4.0,128,512,4096,16384,15232,2914.059,3125.259,3211.023,1.4061
mixed,32,29,0.9062,4.0,128,1024,128,512,476,180.832,191.806,186.527,0.519
mixed,32,29,0.9062,4.0,128,1024,256,1024,952,235.453,246.557,244.062,0.7753
mixed,32,29,0.9062,4.0,128,1024,512,2048,1904,419.517,442.75,450.845,1.3484
mixed,32,29,0.9062,4.0,128,1024,1024,4096,3808,760.027,825.467,855.002,1.4513
mixed,32,29,0.9062,4.0,128,1024,2048,8192,7616,1477.878,1597.973,1643.155,1.3762
mixed,32,29,0.9062,4.0,128,1024,4096,16384,15232,2922.089,3121.767,3211.848,1.4511
mixed,32,29,0.9062,4.0,128,2048,128,512,476,263.807,274.75,270.048,0.5703
mixed,32,29,0.9062,4.0,128,2048,256,1024,952,319.903,331.518,327.549,0.6583
mixed,32,29,0.9062,4.0,128,2048,512,2048,1904,429.949,436.379,435.706,0.8953
mixed,32,29,0.9062,4.0,128,2048,1024,4096,3808,768.508,833.434,849.913,1.2538
mixed,32,29,0.9062,4.0,128,2048,2048,8192,7616,1485.175,1597.332,1652.532,1.4922
mixed,32,29,0.9062,4.0,128,2048,4096,16384,15232,2914.219,3135.05,3220.298,1.386
mixed,32,29,0.9062,4.0,128,4096,128,512,476,430.492,440.284,433.853,0.3432
mixed,32,29,0.9062,4.0,128,4096,256,1024,952,486.396,498.013,495.517,0.7851
mixed,32,29,0.9062,4.0,128,4096,512,2048,1904,607.003,608.284,610.429,2.6745
mixed,32,29,0.9062,4.0,128,4096,1024,4096,3808,774.491,812.154,812.602,1.0119
mixed,32,29,0.9062,4.0,128,4096,2048,8192,7616,1486.709,1602.451,1648.175,1.3951
mixed,32,29,0.9062,4.0,128,4096,4096,16384,15232,2932.331,3147.816,3255.144,1.4981
mixed,32,29,0.9062,4.0,128,8192,128,512,476,764.125,772.793,767.354,0.3725
mixed,32,29,0.9062,4.0,128,8192,256,1024,952,818.938,828.889,826.81,0.7911
mixed,32,29,0.9062,4.0,128,8192,512,2048,1904,936.761,939.517,939.739,1.0806
mixed,32,29,0.9062,4.0,128,8192,1024,4096,3808,1121.527,1155.48,1159.48,1.1178
mixed,32,29,0.9062,4.0,128,8192,2048,8192,7616,1502.74,1578.487,1574.132,0.9425
mixed,32,29,0.9062,4.0,128,8192,4096,16384,15232,2947.116,3161.451,3237.26,1.3537
mixed,32,29,0.9062,4.0,256,0,128,512,476,132.864,150.653,148.608,0.885
mixed,32,29,0.9062,4.0,256,0,256,1024,952,237.374,257.92,258.431,1.0249
mixed,32,29,0.9062,4.0,256,0,512,2048,1904,420.605,445.467,449.819,1.175
mixed,32,29,0.9062,4.0,256,0,1024,4096,3808,756.924,823.162,824.281,1.0169
mixed,32,29,0.9062,4.0,256,0,2048,8192,7616,1449.719,1574.42,1579.351,1.0395
mixed,32,29,0.9062,4.0,256,0,4096,16384,15232,2873.807,3063.463,3082.539,1.1006
mixed,32,29,0.9062,4.0,256,512,128,512,476,154.304,161.536,158.463,0.5751
mixed,32,29,0.9062,4.0,256,512,256,1024,952,225.343,247.903,255.839,1.3518
mixed,32,29,0.9062,4.0,256,512,512,2048,1904,435.9,467.742,480.221,1.3919
mixed,32,29,0.9062,4.0,256,512,1024,4096,3808,808.572,876.569,904.538,1.4113
mixed,32,29,0.9062,4.0,256,512,2048,8192,7616,1581.238,1704.756,1748.629,1.3552
mixed,32,29,0.9062,4.0,256,512,4096,16384,15232,3114.347,3348.136,3442.251,1.4026
mixed,32,29,0.9062,4.0,256,1024,128,512,476,194.303,203.36,201.566,0.8019
mixed,32,29,0.9062,4.0,256,1024,256,1024,952,239.839,250.335,251.422,1.1036
mixed,32,29,0.9062,4.0,256,1024,512,2048,1904,439.197,472.349,477.501,1.1554
mixed,32,29,0.9062,4.0,256,1024,1024,4096,3808,813.147,881.181,909.403,1.4148
mixed,32,29,0.9062,4.0,256,1024,2048,8192,7616,1578.964,1707.444,1755.029,1.3704
mixed,32,29,0.9062,4.0,256,1024,4096,16384,15232,3118.315,3353.321,3442.665,1.3802
mixed,32,29,0.9062,4.0,256,2048,128,512,476,278.045,287.55,283.391,0.5624
mixed,32,29,0.9062,4.0,256,2048,256,1024,952,323.711,333.341,331.806,0.8406
mixed,32,29,0.9062,4.0,256,2048,512,2048,1904,429.692,438.237,438.269,1.0037
mixed,32,29,0.9062,4.0,256,2048,1024,4096,3808,815.163,889.498,904.348,1.1998
mixed,32,29,0.9062,4.0,256,2048,2048,8192,7616,1584.372,1712.884,1770.004,1.4445
mixed,32,29,0.9062,4.0,256,2048,4096,16384,15232,3125.451,3357.419,3464.426,1.4613
mixed,32,29,0.9062,4.0,256,4096,128,512,476,441.694,452.703,450.111,0.7646
mixed,32,29,0.9062,4.0,256,4096,256,1024,952,489.694,499.164,498.496,0.9295
mixed,32,29,0.9062,4.0,256,4096,512,2048,1904,596.571,606.364,607.1,1.0752
mixed,32,29,0.9062,4.0,256,4096,1024,4096,3808,777.531,818.556,817.402,0.9719
mixed,32,29,0.9062,4.0,256,4096,2048,8192,7616,1602.453,1734.262,1757.715,1.1779
mixed,32,29,0.9062,4.0,256,4096,4096,16384,15232,3150.507,3374.634,3482.087,1.4794
mixed,32,29,0.9062,4.0,256,8192,128,512,476,777.34,784.893,783.036,0.7541
mixed,32,29,0.9062,4.0,256,8192,256,1024,952,822.203,833.306,831.514,0.8386
mixed,32,29,0.9062,4.0,256,8192,512,2048,1904,939.292,940.314,940.794,1.4697
mixed,32,29,0.9062,4.0,256,8192,1024,4096,3808,1125.238,1161.368,1161.432,1.0018
mixed,32,29,0.9062,4.0,256,8192,2048,8192,7616,1506.102,1565.366,1578.007,1.2133
mixed,32,29,0.9062,4.0,256,8192,4096,16384,15232,3155.818,3385.644,3489.32,1.4511
mixed,32,29,0.9062,4.0,512,0,128,512,476,153.246,173.31,163.935,0.5327
mixed,32,29,0.9062,4.0,512,0,256,1024,952,255.71,279.741,282.398,1.1106
mixed,32,29,0.9062,4.0,512,0,512,2048,1904,466.269,498.237,511.803,1.4244
mixed,32,29,0.9062,4.0,512,0,1024,4096,3808,845.53,909.434,939.578,1.4717
mixed,32,29,0.9062,4.0,512,0,2048,8192,7616,1586.038,1670.454,1737.622,1.7957
mixed,32,29,0.9062,4.0,512,0,4096,16384,15232,3014.027,3247.115,3310.219,1.2707
mixed,32,29,0.9062,4.0,512,512,128,512,476,185.406,194.366,191.296,0.6574
mixed,32,29,0.9062,4.0,512,512,256,1024,952,242.078,264.863,254.655,0.552
mixed,32,29,0.9062,4.0,512,512,512,2048,1904,464.254,507.996,516.827,1.2019
mixed,32,29,0.9062,4.0,512,512,1024,4096,3808,890.36,967.835,986.553,1.2416
mixed,32,29,0.9062,4.0,512,512,2048,8192,7616,1759.766,1894.676,1931.732,1.2747
mixed,32,29,0.9062,4.0,512,512,4096,16384,15232,3425.387,3727.821,3840.807,1.3736
mixed,32,29,0.9062,4.0,512,1024,128,512,476,228.062,238.013,235.166,0.7139
mixed,32,29,0.9062,4.0,512,1024,256,1024,952,273.023,282.973,280.509,0.7524
mixed,32,29,0.9062,4.0,512,1024,512,2048,1904,460.763,497.98,506.813,1.2373
mixed,32,29,0.9062,4.0,512,1024,1024,4096,3808,895.997,961.499,988.986,1.4196
mixed,32,29,0.9062,4.0,512,1024,2048,8192,7616,1748.117,1887.764,1946.129,1.4179
mixed,32,29,0.9062,4.0,512,1024,4096,16384,15232,3443.143,3719.882,3808.071,1.3187
mixed,32,29,0.9062,4.0,512,2048,128,512,476,310.909,320.605,317.661,0.6964
mixed,32,29,0.9062,4.0,512,2048,256,1024,952,357.182,366.91,364.541,0.7565
mixed,32,29,0.9062,4.0,512,2048,512,2048,1904,442.016,458.397,457.183,0.9259
mixed,32,29,0.9062,4.0,512,2048,1024,4096,3808,875.897,936.603,972.729,1.5951
mixed,32,29,0.9062,4.0,512,2048,2048,8192,7616,1744.597,1874.74,1935.733,1.4687
mixed,32,29,0.9062,4.0,512,2048,4096,16384,15232,3435.787,3755.498,3878.984,1.3862
mixed,32,29,0.9062,4.0,512,4096,128,512,476,475.806,486.94,484.764,0.8046
mixed,32,29,0.9062,4.0,512,4096,256,1024,952,524.221,533.372,530.109,0.6434
mixed,32,29,0.9062,4.0,512,4096,512,2048,1904,612.349,626.364,625.948,0.9703
mixed,32,29,0.9062,4.0,512,4096,1024,4096,3808,801.979,819.644,818.011,0.9076
mixed,32,29,0.9062,4.0,512,4096,2048,8192,7616,1732.149,1836.532,1945.62,2.0451
mixed,32,29,0.9062,4.0,512,4096,4096,16384,15232,3445.835,3756.14,3812.648,1.1821
mixed,32,29,0.9062,4.0,512,8192,128,512,476,811.673,820.027,816.603,0.5901
mixed,32,29,0.9062,4.0,512,8192,256,1024,952,856.283,867.898,864.571,0.7136
mixed,32,29,0.9062,4.0,512,8192,512,2048,1904,951.258,963.866,960.251,0.7133
mixed,32,29,0.9062,4.0,512,8192,1024,4096,3808,1139.898,1181.975,1181.722,0.994
mixed,32,29,0.9062,4.0,512,8192,2048,8192,7616,1565.974,1584.727,1574.743,0.4676
mixed,32,29,0.9062,4.0,512,8192,4096,16384,15232,3381.867,3742.409,3828.171,1.2379
mixed,32,29,0.9062,4.0,1024,0,128,512,476,225.344,244.416,231.84,0.3406
mixed,32,29,0.9062,4.0,1024,0,256,1024,952,369.501,402.782,372.38,0.0865
mixed,32,29,0.9062,4.0,1024,0,512,2048,1904,600.957,636.253,621.817,0.591
mixed,32,29,0.9062,4.0,1024,0,1024,4096,3808,1047.45,1105.082,1106.362,1.0222
mixed,32,29,0.9062,4.0,1024,0,2048,8192,7616,1962.868,2036.052,2073.077,1.5059
mixed,32,29,0.9062,4.0,1024,0,4096,16384,15232,3709.643,4056.936,3968.491,0.7453
mixed,32,29,0.9062,4.0,1024,512,128,512,476,286.432,293.183,288.51,0.3078
mixed,32,29,0.9062,4.0,1024,512,256,1024,952,377.981,409.246,392.766,0.4729
mixed,32,29,0.9062,4.0,1024,512,512,2048,1904,640.953,683.454,655.898,0.3516
mixed,32,29,0.9062,4.0,1024,512,1024,4096,3808,1214.233,1286.201,1203.992,-0.1423
mixed,32,29,0.9062,4.0,1024,512,2048,8192,7616,2246.196,2421.393,2275.569,0.1677
mixed,32,29,0.9062,4.0,1024,512,4096,16384,15232,4310.182,4625.764,4386.023,0.2403
mixed,32,29,0.9062,4.0,1024,1024,128,512,476,344.414,355.422,350.397,0.5435
mixed,32,29,0.9062,4.0,1024,1024,256,1024,952,402.877,426.367,411.644,0.3732
mixed,32,29,0.9062,4.0,1024,1024,512,2048,1904,677.02,735.8,675.357,-0.0283
mixed,32,29,0.9062,4.0,1024,1024,1024,4096,3808,1233.623,1315.226,1237.848,0.0518
mixed,32,29,0.9062,4.0,1024,1024,2048,8192,7616,2266.58,2438.645,2298.159,0.1835
mixed,32,29,0.9062,4.0,1024,1024,4096,16384,15232,4330.951,4655.141,4419.304,0.2725
mixed,32,29,0.9062,4.0,1024,2048,128,512,476,442.653,462.237,458.334,0.8007
mixed,32,29,0.9062,4.0,1024,2048,256,1024,952,522.813,534.207,517.437,-0.4718
mixed,32,29,0.9062,4.0,1024,2048,512,2048,1904,671.549,698.652,695.007,0.8655
mixed,32,29,0.9062,4.0,1024,2048,1024,4096,3808,1268.73,1272.281,1173.497,-26.8186
mixed,32,29,0.9062,4.0,1024,2048,2048,8192,7616,2369.812,2501.682,2379.826,0.0759
mixed,32,29,0.9062,4.0,1024,2048,4096,16384,15232,4404.486,4742.917,4484.133,0.2353
mixed,32,29,0.9062,4.0,1024,4096,128,512,476,613.118,633.981,626.205,0.6273
mixed,32,29,0.9062,4.0,1024,4096,256,1024,952,714.011,736.283,725.79,0.5289
mixed,32,29,0.9062,4.0,1024,4096,512,2048,1904,873.981,875.676,865.082,-5.2501
mixed,32,29,0.9062,4.0,1024,4096,1024,4096,3808,1194.874,1243.833,1254.968,1.2274
mixed,32,29,0.9062,4.0,1024,4096,2048,8192,7616,2186.903,2392.178,2298.996,0.5461
mixed,32,29,0.9062,4.0,1024,4096,4096,16384,15232,4563.942,4892.132,4579.533,0.0475
mixed,32,29,0.9062,4.0,1024,8192,128,512,476,949.722,967.61,971.642,1.2254
mixed,32,29,0.9062,4.0,1024,8192,256,1024,952,1055.737,1073.977,1065.658,0.5439
mixed,32,29,0.9062,4.0,1024,8192,512,2048,1904,1238.999,1273.333,1262.394,0.6814
mixed,32,29,0.9062,4.0,1024,8192,1024,4096,3808,1597.56,1583.29,1573.143,
mixed,32,29,0.9062,4.0,1024,8192,2048,8192,7616,2256.696,2357.203,2357.266,1.0006
mixed,32,29,0.9062,4.0,1024,8192,4096,16384,15232,4367.785,5198.916,4623.431,0.3076
mixed,32,29,0.9062,4.0,2048,0,128,512,476,419.325,427.582,427.42,0.9804
mixed,32,29,0.9062,4.0,2048,0,256,1024,952,474.722,497.726,482.46,0.3364
mixed,32,29,0.9062,4.0,2048,0,512,2048,1904,764.027,828.189,778.939,0.2324
mixed,32,29,0.9062,4.0,2048,0,1024,4096,3808,1408.729,1511.576,1426.709,0.1748
mixed,32,29,0.9062,4.0,2048,0,2048,8192,7616,2636.21,2833.267,2686.994,0.2577
mixed,32,29,0.9062,4.0,2048,0,4096,16384,15232,5080.555,5458.083,5196.387,0.3068
mixed,32,29,0.9062,4.0,2048,512,128,512,476,506.176,516.444,515.934,0.9503
mixed,32,29,0.9062,4.0,2048,512,256,1024,952,559.773,562.813,558.684,-0.3582
mixed,32,29,0.9062,4.0,2048,512,512,2048,1904,774.811,833.725,786.333,0.1956
mixed,32,29,0.9062,4.0,2048,512,1024,4096,3808,1435.225,1536.055,1442.136,0.0685
mixed,32,29,0.9062,4.0,2048,512,2048,8192,7616,2690.904,2859.76,2717.394,0.1569
mixed,32,29,0.9062,4.0,2048,512,4096,16384,15232,5120.868,5506.884,5240.581,0.3101
mixed,32,29,0.9062,4.0,2048,1024,128,512,476,589.212,607.741,603.037,0.7461
mixed,32,29,0.9062,4.0,2048,1024,256,1024,952,650.943,657.724,653.212,0.3346
mixed,32,29,0.9062,4.0,2048,1024,512,2048,1904,805.726,866.491,817.597,0.1954
mixed,32,29,0.9062,4.0,2048,1024,1024,4096,3808,1445.336,1548.856,1458.968,0.1317
mixed,32,29,0.9062,4.0,2048,1024,2048,8192,7616,2709.552,2877.94,2734.131,0.146
mixed,32,29,0.9062,4.0,2048,1024,4096,16384,15232,5162.531,5534.979,5266.469,0.2791
mixed,32,29,0.9062,4.0,2048,2048,128,512,476,754.62,763.965,758.938,0.4621
mixed,32,29,0.9062,4.0,2048,2048,256,1024,952,828.092,837.019,824.348,-0.4194
mixed,32,29,0.9062,4.0,2048,2048,512,2048,1904,905.852,951.066,917.37,0.2547
mixed,32,29,0.9062,4.0,2048,2048,1024,4096,3808,1483.384,1582.36,1517.624,0.3459
mixed,32,29,0.9062,4.0,2048,2048,2048,8192,7616,2734.194,2917.905,2735.346,0.0063
mixed,32,29,0.9062,4.0,2048,2048,4096,16384,15232,5197.668,5550.754,5287.525,0.2545
mixed,32,29,0.9062,4.0,2048,4096,128,512,476,1080.7,1093.116,1091.898,0.9019
mixed,32,29,0.9062,4.0,2048,4096,256,1024,952,1130.939,1150.233,1130.81,-0.0067
mixed,32,29,0.9062,4.0,2048,4096,512,2048,1904,1237.527,1278.393,1266.201,0.7017
mixed,32,29,0.9062,4.0,2048,4096,1024,4096,3808,1666.165,1756.537,1562.553,-1.1465
mixed,32,29,0.9062,4.0,2048,4096,2048,8192,7616,2843.665,3019.44,2953.137,0.6228
mixed,32,29,0.9062,4.0,2048,4096,4096,16384,15232,5284.677,5663.619,5300.132,0.0408
mixed,32,29,0.9062,4.0,2048,8192,128,512,476,1746.366,1758.329,1756.951,0.8848
mixed,32,29,0.9062,4.0,2048,8192,256,1024,952,1799.414,1810.039,1798.295,-0.1053
mixed,32,29,0.9062,4.0,2048,8192,512,2048,1904,1894.195,1918.423,1904.153,0.411
mixed,32,29,0.9062,4.0,2048,8192,1024,4096,3808,2124.306,2183.253,2169.65,0.7692
mixed,32,29,0.9062,4.0,2048,8192,2048,8192,7616,3246.575,3395.373,2969.424,-1.8626
mixed,32,29,0.9062,4.0,2048,8192,4096,16384,15232,5565.41,5973.795,5768.322,0.4969
pure,64,1,0.0156,4.0,0,0,128,512,134,86.72,158.496,91.234,0.0629
pure,64,1,0.0156,4.0,0,0,256,1024,268,115.871,244.03,115.297,-0.0045
pure,64,1,0.0156,4.0,0,0,512,2048,536,165.309,421.086,162.913,-0.0094
pure,64,1,0.0156,4.0,0,0,1024,4096,1072,251.967,741.887,251.552,-0.0008
pure,64,1,0.0156,4.0,0,0,2048,8192,2144,432.797,1402.651,430.717,-0.0021
pure,64,1,0.0156,4.0,0,0,4096,16384,4288,772.027,2735.217,773.116,0.0006
mixed,64,1,0.0156,4.0,16,0,128,512,134,136.415,359.454,139.84,0.0154
mixed,64,1,0.0156,4.0,16,0,256,1024,268,215.743,655.773,241.854,0.0593
mixed,64,1,0.0156,4.0,16,0,512,2048,536,363.135,1221.755,434.559,0.0832
mixed,64,1,0.0156,4.0,16,0,1024,4096,1072,661.213,2419.829,814.556,0.0872
mixed,64,1,0.0156,4.0,16,0,2048,8192,2144,1257.881,5190.117,1570.906,0.0796
mixed,64,1,0.0156,4.0,16,0,4096,16384,4288,2479.092,10789.483,3129.841,0.0783
mixed,64,1,0.0156,4.0,16,512,128,512,134,145.472,363.294,143.232,-0.0103
mixed,64,1,0.0156,4.0,16,512,256,1024,268,225.215,649.691,254.334,0.0686
mixed,64,1,0.0156,4.0,16,512,512,2048,536,367.711,1252.123,433.18,0.074
mixed,64,1,0.0156,4.0,16,512,1024,4096,1072,663.933,2548.852,818.525,0.082
mixed,64,1,0.0156,4.0,16,512,2048,8192,2144,1284.665,5343.464,1619.032,0.0824
mixed,64,1,0.0156,4.0,16,512,4096,16384,4288,2627.119,10794.157,3195.854,0.0696
mixed,64,1,0.0156,4.0,16,1024,128,512,134,186.207,365.374,186.24,0.0002
mixed,64,1,0.0156,4.0,16,1024,256,1024,268,254.335,658.846,256.511,0.0054
mixed,64,1,0.0156,4.0,16,1024,512,2048,536,369.056,1247.099,437.534,0.078
mixed,64,1,0.0156,4.0,16,1024,1024,4096,1072,665.116,2562.197,819.453,0.0814
mixed,64,1,0.0156,4.0,16,1024,2048,8192,2144,1287.034,5360.869,1610.294,0.0794
mixed,64,1,0.0156,4.0,16,1024,4096,16384,4288,2609.781,10879.15,3236.721,0.0758
mixed,64,1,0.0156,4.0,16,2048,128,512,134,269.887,440.575,268.447,-0.0084
mixed,64,1,0.0156,4.0,16,2048,256,1024,268,337.247,666.651,332.829,-0.0134
mixed,64,1,0.0156,4.0,16,2048,512,2048,536,443.452,1246.138,449.246,0.0072
mixed,64,1,0.0156,4.0,16,2048,1024,4096,1072,668.094,2500.788,825.916,0.0861
mixed,64,1,0.0156,4.0,16,2048,2048,8192,2144,1271.195,5367.908,1593.496,0.0787
mixed,64,1,0.0156,4.0,16,2048,4096,16384,4288,2656.532,10896.777,3216.304,0.0679
mixed,64,1,0.0156,4.0,16,4096,128,512,134,433.405,601.533,432.864,-0.0032
mixed,64,1,0.0156,4.0,16,4096,256,1024,268,501.277,824.895,501.663,0.0012
mixed,64,1,0.0156,4.0,16,4096,512,2048,536,602.717,1257.85,606.109,0.0052
mixed,64,1,0.0156,4.0,16,4096,1024,4096,1072,827.197,2445.684,833.531,0.0039
mixed,64,1,0.0156,4.0,16,4096,2048,8192,2144,1287.992,5189.288,1596.794,0.0792
mixed,64,1,0.0156,4.0,16,4096,4096,16384,4288,2512.149,10900.11,3126.224,0.0732
mixed,64,1,0.0156,4.0,16,8192,128,512,134,764.572,932.027,763.902,-0.004
mixed,64,1,0.0156,4.0,16,8192,256,1024,268,832.572,1151.163,835.323,0.0086
mixed,64,1,0.0156,4.0,16,8192,512,2048,536,941.212,1595.482,940.827,-0.0006
mixed,64,1,0.0156,4.0,16,8192,1024,4096,1072,1160.155,2446.71,1162.588,0.0019
mixed,64,1,0.0156,4.0,16,8192,2048,8192,2144,1632.538,5113.161,1610.873,-0.0062
mixed,64,1,0.0156,4.0,16,8192,4096,16384,4288,2562.133,10860.691,3148.917,0.0707
mixed,64,1,0.0156,4.0,32,0,128,512,134,137.824,357.055,140.608,0.0127
mixed,64,1,0.0156,4.0,32,0,256,1024,268,217.793,651.677,244.383,0.0613
mixed,64,1,0.0156,4.0,32,0,512,2048,536,365.598,1210.554,434.175,0.0812
mixed,64,1,0.0156,4.0,32,0,1024,4096,1072,662.204,2348.662,819.453,0.0932
mixed,64,1,0.0156,4.0,32,0,2048,8192,2144,1252.571,5128.041,1579.546,0.0844
mixed,64,1,0.0156,4.0,32,0,4096,16384,4288,2543.765,10754.222,3130.196,0.0714
mixed,64,1,0.0156,4.0,32,512,128,512,134,146.017,366.302,144.096,-0.0087
mixed,64,1,0.0156,4.0,32,512,256,1024,268,224.928,652.414,248.928,0.0561
mixed,64,1,0.0156,4.0,32,512,512,2048,536,369.757,1250.458,436.509,0.0758
mixed,64,1,0.0156,4.0,32,512,1024,4096,1072,663.805,2455.572,823.516,0.0891
mixed,64,1,0.0156,4.0,32,512,2048,8192,2144,1286.27,5421.572,1602.008,0.0764
mixed,64,1,0.0156,4.0,32,512,4096,16384,4288,2668.918,10871.539,3248.178,0.0706
mixed,64,1,0.0156,4.0,32,1024,128,512,134,186.975,366.814,186.111,-0.0048
mixed,64,1,0.0156,4.0,32,1024,256,1024,268,257.343,660.19,258.271,0.0023
mixed,64,1,0.0156,4.0,32,1024,512,2048,536,371.84,1251.29,442.079,0.0799
mixed,64,1,0.0156,4.0,32,1024,1024,4096,1072,667.228,2610.742,824.317,0.0808
mixed,64,1,0.0156,4.0,32,1024,2048,8192,2144,1282.554,5423.079,1610.2,0.0791
mixed,64,1,0.0156,4.0,32,1024,4096,16384,4288,2633.332,10890.963,3208.885,0.0697
mixed,64,1,0.0156,4.0,32,2048,128,512,134,271.198,444.957,268.35,-0.0164
mixed,64,1,0.0156,4.0,32,2048,256,1024,268,337.503,661.693,337.342,-0.0005
mixed,64,1,0.0156,4.0,32,2048,512,2048,536,447.294,1244.091,446.655,-0.0008
mixed,64,1,0.0156,4.0,32,2048,1024,4096,1072,673.854,2525.335,829.117,0.0839
mixed,64,1,0.0156,4.0,32,2048,2048,8192,2144,1267.707,5252.556,1595.895,0.0824
mixed,64,1,0.0156,4.0,32,2048,4096,16384,4288,2558.582,10872.051,3205.812,0.0779
mixed,64,1,0.0156,4.0,32,4096,128,512,134,435.71,612.095,435.231,-0.0027
mixed,64,1,0.0156,4.0,32,4096,256,1024,268,504.094,821.757,507.839,0.0118
mixed,64,1,0.0156,4.0,32,4096,512,2048,536,612.894,1254.235,604.574,-0.013
mixed,64,1,0.0156,4.0,32,4096,1024,4096,1072,831.132,2445.079,839.259,0.005
mixed,64,1,0.0156,4.0,32,4096,2048,8192,2144,1295.738,5240.208,1598.105,0.0767
mixed,64,1,0.0156,4.0,32,4096,4096,16384,4288,2521.556,10833.238,3116.821,0.0716
mixed,64,1,0.0156,4.0,32,8192,128,512,134,766.846,936.666,764.765,-0.0123
mixed,64,1,0.0156,4.0,32,8192,256,1024,268,834.045,1156.827,836.317,0.007
mixed,64,1,0.0156,4.0,32,8192,512,2048,536,941.79,1587.897,940.701,-0.0017
mixed,64,1,0.0156,4.0,32,8192,1024,4096,1072,1166.301,2491.286,1167.449,0.0009
mixed,64,1,0.0156,4.0,32,8192,2048,8192,2144,1631.898,5189.74,1606.394,-0.0072
mixed,64,1,0.0156,4.0,32,8192,4096,16384,4288,2572.854,10849.237,3194.002,0.0751
mixed,64,1,0.0156,4.0,64,0,128,512,134,138.846,361.438,140.384,0.0069
mixed,64,1,0.0156,4.0,64,0,256,1024,268,218.848,658.237,242.976,0.0549
mixed,64,1,0.0156,4.0,64,0,512,2048,536,367.935,1213.659,441.533,0.087
mixed,64,1,0.0156,4.0,64,0,1024,4096,1072,662.973,2419.45,821.084,0.09
mixed,64,1,0.0156,4.0,64,0,2048,8192,2144,1248.122,5108.333,1573.851,0.0844
mixed,64,1,0.0156,4.0,64,0,4096,16384,4288,2670.966,10617.815,3190.485,0.0654
mixed,64,1,0.0156,4.0,64,512,128,512,134,148.19,368.032,146.431,-0.008
mixed,64,1,0.0156,4.0,64,512,256,1024,268,227.455,655.551,254.655,0.0635
mixed,64,1,0.0156,4.0,64,512,512,2048,536,372.35,1253.853,441.342,0.0783
mixed,64,1,0.0156,4.0,64,512,1024,4096,1072,664.446,2498.872,822.717,0.0863
mixed,64,1,0.0156,4.0,64,512,2048,8192,2144,1290.587,5318.187,1610.843,0.0795
mixed,64,1,0.0156,4.0,64,512,4096,16384,4288,2559.287,10850.556,3252.115,0.0836
mixed,64,1,0.0156,4.0,64,1024,128,512,134,188.992,369.757,187.712,-0.0071
mixed,64,1,0.0156,4.0,64,1024,256,1024,268,258.623,663.199,262.142,0.0087
mixed,64,1,0.0156,4.0,64,1024,512,2048,536,374.623,1261.564,440.127,0.0739
mixed,64,1,0.0156,4.0,64,1024,1024,4096,1072,674.876,2547.894,825.532,0.0804
mixed,64,1,0.0156,4.0,64,1024,2048,8192,2144,1289.018,5122.894,1616.09,0.0853
mixed,64,1,0.0156,4.0,64,1024,4096,16384,4288,2651.03,10849.53,3235.508,0.0713
mixed,64,1,0.0156,4.0,64,2048,128,512,134,273.247,447.327,270.912,-0.0134
mixed,64,1,0.0156,4.0,64,2048,256,1024,268,343.008,667.645,341.344,-0.0051
mixed,64,1,0.0156,4.0,64,2048,512,2048,536,439.807,1249.946,446.112,0.0078
mixed,64,1,0.0156,4.0,64,2048,1024,4096,1072,675.901,2525.847,832.862,0.0848
mixed,64,1,0.0156,4.0,64,2048,2048,8192,2144,1275.611,5130.829,1593.562,0.0825
mixed,64,1,0.0156,4.0,64,2048,4096,16384,4288,2594.292,10792.347,3277.748,0.0834
mixed,64,1,0.0156,4.0,64,4096,128,512,134,436.671,610.556,434.91,-0.0101
mixed,64,1,0.0156,4.0,64,4096,256,1024,268,506.303,823.935,510.11,0.012
mixed,64,1,0.0156,4.0,64,4096,512,2048,536,611.101,1255.001,607.393,-0.0058
mixed,64,1,0.0156,4.0,64,4096,1024,4096,1072,832.957,2398.806,836.861,0.0025
mixed,64,1,0.0156,4.0,64,4096,2048,8192,2144,1295.419,5084.43,1602.328,0.081
mixed,64,1,0.0156,4.0,64,4096,4096,16384,4288,2506.615,10890.044,3144.212,0.0761
mixed,64,1,0.0156,4.0,64,8192,128,512,134,767.966,944.156,766.685,-0.0073
mixed,64,1,0.0156,4.0,64,8192,256,1024,268,839.549,1159.837,840.445,0.0028
mixed,64,1,0.0156,4.0,64,8192,512,2048,536,939.035,1588.955,939.261,0.0003
mixed,64,1,0.0156,4.0,64,8192,1024,4096,1072,1165.02,2474.97,1168.859,0.0029
mixed,64,1,0.0156,4.0,64,8192,2048,8192,2144,1628.601,5256.782,1610.459,-0.005
mixed,64,1,0.0156,4.0,64,8192,4096,16384,4288,2540.6,10843.515,3164.534,0.0751
mixed,64,1,0.0156,4.0,128,0,128,512,134,141.342,379.263,143.36,0.0085
mixed,64,1,0.0156,4.0,128,0,256,1024,268,225.471,668.895,250.527,0.0565
mixed,64,1,0.0156,4.0,128,0,512,2048,536,385.63,1240.764,460.703,0.0878
mixed,64,1,0.0156,4.0,128,0,1024,4096,1072,685.311,2427.128,832.925,0.0847
mixed,64,1,0.0156,4.0,128,0,2048,8192,2144,1281.052,5172.46,1609.629,0.0844
mixed,64,1,0.0156,4.0,128,0,4096,16384,4288,2651.417,10826.011,3193.232,0.0663
mixed,64,1,0.0156,4.0,128,512,128,512,134,152.511,372.861,149.119,-0.0154
mixed,64,1,0.0156,4.0,128,512,256,1024,268,234.303,668.381,257.153,0.0526
mixed,64,1,0.0156,4.0,128,512,512,2048,536,377.217,1295.773,448.416,0.0775
mixed,64,1,0.0156,4.0,128,512,1024,4096,1072,694.588,2586.776,838.78,0.0762
mixed,64,1,0.0156,4.0,128,512,2048,8192,2144,1353.627,5434.545,1659.131,0.0749
mixed,64,1,0.0156,4.0,128,512,4096,16384,4288,2732.76,10971.26,3310.258,0.0701
mixed,64,1,0.0156,4.0,128,1024,128,512,134,192.319,377.631,191.392,-0.005
mixed,64,1,0.0156,4.0,128,1024,256,1024,268,264.417,669.118,270.975,0.0162
mixed,64,1,0.0156,4.0,128,1024,512,2048,536,383.518,1284.474,447.007,0.0705
mixed,64,1,0.0156,4.0,128,1024,1024,4096,1072,678.59,2580.472,833.854,0.0816
mixed,64,1,0.0156,4.0,128,1024,2048,8192,2144,1353.66,5404.688,1658.971,0.0754
mixed,64,1,0.0156,4.0,128,1024,4096,16384,4288,2691.543,10986.206,3295.736,0.0728
mixed,64,1,0.0156,4.0,128,2048,128,512,134,275.743,445.985,273.502,-0.0132
mixed,64,1,0.0156,4.0,128,2048,256,1024,268,345.919,672.702,346.335,0.0013
mixed,64,1,0.0156,4.0,128,2048,512,2048,536,451.134,1259.418,461.15,0.0124
mixed,64,1,0.0156,4.0,128,2048,1024,4096,1072,688.221,2553.306,836.38,0.0794
mixed,64,1,0.0156,4.0,128,2048,2048,8192,2144,1286.716,5290.64,1598.361,0.0778
mixed,64,1,0.0156,4.0,128,2048,4096,16384,4288,2708.536,10962.078,3311.638,0.0731
mixed,64,1,0.0156,4.0,128,4096,128,512,134,440.607,612.287,440.191,-0.0024
mixed,64,1,0.0156,4.0,128,4096,256,1024,268,510.593,831.771,512.286,0.0053
mixed,64,1,0.0156,4.0,128,4096,512,2048,536,617.599,1271.612,616.735,-0.0013
mixed,64,1,0.0156,4.0,128,4096,1024,4096,1072,842.557,2432.183,844.509,0.0012
mixed,64,1,0.0156,4.0,128,4096,2048,8192,2144,1305.405,5277.424,1615.645,0.0781
mixed,64,1,0.0156,4.0,128,4096,4096,16384,4288,2527.832,10911.292,3194.612,0.0795
mixed,64,1,0.0156,4.0,128,8192,128,512,134,773.087,946.684,770.558,-0.0146
mixed,64,1,0.0156,4.0,128,8192,256,1024,268,844.829,1163.869,847.356,0.0079
mixed,64,1,0.0156,4.0,128,8192,512,2048,536,947.87,1607.707,951.483,0.0055
mixed,64,1,0.0156,4.0,128,8192,1024,4096,1072,1180.284,2497.367,1178.013,-0.0017
mixed,64,1,0.0156,4.0,128,8192,2048,8192,2144,1643.836,5180.241,1629.563,-0.004
mixed,64,1,0.0156,4.0,128,8192,4096,16384,4288,2608.15,10878.4,3209.428,0.0727
mixed,64,1,0.0156,4.0,256,0,128,512,134,146.144,395.903,149.887,0.015
mixed,64,1,0.0156,4.0,256,0,256,1024,268,228.896,729.596,250.462,0.0431
mixed,64,1,0.0156,4.0,256,0,512,2048,536,404.19,1348.156,466.079,0.0656
mixed,64,1,0.0156,4.0,256,0,1024,4096,1072,756.127,2642.199,889.213,0.0706
mixed,64,1,0.0156,4.0,256,0,2048,8192,2144,1410.65,5451.309,1702.17,0.0721
mixed,64,1,0.0156,4.0,256,0,4096,16384,4288,2682.329,10914.53,3379.51,0.0847
mixed,64,1,0.0156,4.0,256,512,128,512,134,168.895,386.175,167.231,-0.0077
mixed,64,1,0.0156,4.0,256,512,256,1024,268,236.639,709.952,259.007,0.0473
mixed,64,1,0.0156,4.0,256,512,512,2048,536,395.679,1375.421,455.87,0.0614
mixed,64,1,0.0156,4.0,256,512,1024,4096,1072,744.799,2764.884,867.389,0.0607
mixed,64,1,0.0156,4.0,256,512,2048,8192,2144,1452.988,5571.089,1726.875,0.0665
mixed,64,1,0.0156,4.0,256,512,4096,16384,4288,2865.781,11141.568,3469.399,0.0729
mixed,64,1,0.0156,4.0,256,1024,128,512,134,212.576,386.431,209.759,-0.0162
mixed,64,1,0.0156,4.0,256,1024,256,1024,268,262.527,674.686,263.52,0.0024
mixed,64,1,0.0156,4.0,256,1024,512,2048,536,400.287,1365.372,463.007,0.065
mixed,64,1,0.0156,4.0,256,1024,1024,4096,1072,693.534,2715.961,838.715,0.0718
mixed,64,1,0.0156,4.0,256,1024,2048,8192,2144,1443.868,5568.018,1715.898,0.066
mixed,64,1,0.0156,4.0,256,1024,4096,16384,4288,2878.679,11154.019,3447.156,0.0687
mixed,64,1,0.0156,4.0,256,2048,128,512,134,293.918,456.255,295.391,0.0091
mixed,64,1,0.0156,4.0,256,2048,256,1024,268,344.256,695.295,346.271,0.0057
mixed,64,1,0.0156,4.0,256,2048,512,2048,536,452.351,1271.613,473.088,0.0253
mixed,64,1,0.0156,4.0,256,2048,1024,4096,1072,726.877,2716.28,865.309,0.0696
mixed,64,1,0.0156,4.0,256,2048,2048,8192,2144,1345.021,5512.502,1641.819,0.0712
mixed,64,1,0.0156,4.0,256,2048,4096,16384,4288,2859.671,11108.195,3430.264,0.0692
mixed,64,1,0.0156,4.0,256,4096,128,512,134,459.137,619.678,459.744,0.0038
mixed,64,1,0.0156,4.0,256,4096,256,1024,268,514.08,858.271,511.551,-0.0073
mixed,64,1,0.0156,4.0,256,4096,512,2048,536,623.902,1318.491,625.502,0.0023
mixed,64,1,0.0156,4.0,256,4096,1024,4096,1072,868.315,2524.986,874.172,0.0035
mixed,64,1,0.0156,4.0,256,4096,2048,8192,2144,1386.877,5458.291,1664.795,0.0683
mixed,64,1,0.0156,4.0,256,4096,4096,16384,4288,2756.089,11032.863,3184.984,0.0518
mixed,64,1,0.0156,4.0,256,8192,128,512,134,792.67,950.845,791.259,-0.0089
mixed,64,1,0.0156,4.0,256,8192,256,1024,268,844.957,1189.629,843.774,-0.0034
mixed,64,1,0.0156,4.0,256,8192,512,2048,536,949.854,1634.365,957.758,0.0115
mixed,64,1,0.0156,4.0,256,8192,1024,4096,1072,1207.229,2594.041,1207.453,0.0002
mixed,64,1,0.0156,4.0,256,8192,2048,8192,2144,1707.773,5363.16,1690.331,-0.0048
mixed,64,1,0.0156,4.0,256,8192,4096,16384,4288,2711.705,10906.818,3282.137,0.0696
mixed,64,1,0.0156,4.0,512,0,128,512,134,169.918,405.472,168.448,-0.0062
mixed,64,1,0.0156,4.0,512,0,256,1024,268,238.336,754.462,254.529,0.0314
mixed,64,1,0.0156,4.0,512,0,512,2048,536,417.503,1467.488,478.75,0.0583
mixed,64,1,0.0156,4.0,512,0,1024,4096,1072,780.766,2853.753,922.877,0.0686
mixed,64,1,0.0156,4.0,512,0,2048,8192,2144,1530.78,5628.305,1809.372,0.068
mixed,64,1,0.0156,4.0,512,0,4096,16384,4288,3015.703,11098.244,3516.408,0.0619
mixed,64,1,0.0156,4.0,512,512,128,512,134,214.047,409.728,212.895,-0.0059
mixed,64,1,0.0156,4.0,512,512,256,1024,268,265.215,739.775,276.448,0.0237
mixed,64,1,0.0156,4.0,512,512,512,2048,536,422.017,1440.253,484.767,0.0616
mixed,64,1,0.0156,4.0,512,512,1024,4096,1072,765.501,2872.184,902.941,0.0652
mixed,64,1,0.0156,4.0,512,512,2048,8192,2144,1505.02,5732.403,1807.768,0.0716
mixed,64,1,0.0156,4.0,512,512,4096,16384,4288,3014.297,11505.031,3559.768,0.0642
mixed,64,1,0.0156,4.0,512,1024,128,512,134,262.143,418.878,261.025,-0.0071
mixed,64,1,0.0156,4.0,512,1024,256,1024,268,307.487,739.933,307.904,0.001
mixed,64,1,0.0156,4.0,512,1024,512,2048,536,430.046,1412.447,493.246,0.0643
mixed,64,1,0.0156,4.0,512,1024,1024,4096,1072,763.073,2835.29,898.237,0.0652
mixed,64,1,0.0156,4.0,512,1024,2048,8192,2144,1473.916,5716.656,1795.546,0.0758
mixed,64,1,0.0156,4.0,512,1024,4096,16384,4288,2979.928,11486.146,3527.575,0.0644
mixed,64,1,0.0156,4.0,512,2048,128,512,134,346.367,504.862,344.831,-0.0097
mixed,64,1,0.0156,4.0,512,2048,256,1024,268,398.56,751.871,396.639,-0.0054
mixed,64,1,0.0156,4.0,512,2048,512,2048,536,509.278,1363.229,515.901,0.0078
mixed,64,1,0.0156,4.0,512,2048,1024,4096,1072,775.295,2762.683,921.854,0.0737
mixed,64,1,0.0156,4.0,512,2048,2048,8192,2144,1431.262,5662.803,1713.66,0.0667
mixed,64,1,0.0156,4.0,512,2048,4096,16384,4288,2904.378,11447.243,3501.367,0.0699
mixed,64,1,0.0156,4.0,512,4096,128,512,134,512.382,679.134,510.302,-0.0125
mixed,64,1,0.0156,4.0,512,4096,256,1024,268,564.285,957.055,563.453,-0.0021
mixed,64,1,0.0156,4.0,512,4096,512,2048,536,681.887,1416.029,679.423,-0.0034
mixed,64,1,0.0156,4.0,512,4096,1024,4096,1072,975.932,2634.106,977.888,0.0012
mixed,64,1,0.0156,4.0,512,4096,2048,8192,2144,1469.372,5507.923,1748.606,0.0691
mixed,64,1,0.0156,4.0,512,4096,4096,16384,4288,2757.435,11288.33,3410.65,0.0766
mixed,64,1,0.0156,4.0,512,8192,128,512,134,844.094,1011.901,842.208,-0.0112
mixed,64,1,0.0156,4.0,512,8192,256,1024,268,894.367,1268.635,896.894,0.0068
mixed,64,1,0.0156,4.0,512,8192,512,2048,536,1016.062,1838.143,1014.494,-0.0019
mixed,64,1,0.0156,4.0,512,8192,1024,4096,1072,1284.381,2749.914,1277.981,-0.0044
mixed,64,1,0.0156,4.0,512,8192,2048,8192,2144,1877.914,5322.326,1861.948,-0.0046
mixed,64,1,0.0156,4.0,512,8192,4096,16384,4288,2866.554,11021.998,3413.752,0.0671
mixed,64,1,0.0156,4.0,1024,0,128,512,134,260.543,424.095,260.672,0.0008
mixed,64,1,0.0156,4.0,1024,0,256,1024,268,294.079,761.311,298.878,0.0103
mixed,64,1,0.0156,4.0,1024,0,512,2048,536,440.478,1456.99,496.894,0.0555
mixed,64,1,0.0156,4.0,1024,0,1024,4096,1072,790.014,2901.722,933.214,0.0678
mixed,64,1,0.0156,4.0,1024,0,2048,8192,2144,1530.237,5845.971,1831.832,0.0699
mixed,64,1,0.0156,4.0,1024,0,4096,16384,4288,3044.763,11651.014,3645.723,0.0698
mixed,64,1,0.0156,4.0,1024,512,128,512,134,321.6,442.464,322.015,0.0034
mixed,64,1,0.0156,4.0,1024,512,256,1024,268,353.695,767.935,353.216,-0.0012
mixed,64,1,0.0156,4.0,1024,512,512,2048,536,449.728,1450.751,499.839,0.0501
mixed,64,1,0.0156,4.0,1024,512,1024,4096,1072,794.174,2889.946,930.88,0.0652
mixed,64,1,0.0156,4.0,1024,512,2048,8192,2144,1512.348,5809.299,1839.741,0.0762
mixed,64,1,0.0156,4.0,1024,512,4096,16384,4288,3024.827,11654.534,3646.455,0.072
mixed,64,1,0.0156,4.0,1024,1024,128,512,134,381.888,482.368,380.192,-0.0169
mixed,64,1,0.0156,4.0,1024,1024,256,1024,268,412.863,783.101,413.31,0.0012
mixed,64,1,0.0156,4.0,1024,1024,512,2048,536,488.64,1447.005,511.456,0.0238
mixed,64,1,0.0156,4.0,1024,1024,1024,4096,1072,805.983,2862.264,970.27,0.0799
mixed,64,1,0.0156,4.0,1024,1024,2048,8192,2144,1501.756,5772.564,1815.261,0.0734
mixed,64,1,0.0156,4.0,1024,1024,4096,16384,4288,2982.168,11650.986,3595.387,0.0707
mixed,64,1,0.0156,4.0,1024,2048,128,512,134,488.445,596.606,487.744,-0.0065
mixed,64,1,0.0156,4.0,1024,2048,256,1024,268,531.616,799.933,531.165,-0.0017
mixed,64,1,0.0156,4.0,1024,2048,512,2048,536,600.576,1460.476,599.679,-0.001
mixed,64,1,0.0156,4.0,1024,2048,1024,4096,1072,825.918,2835.548,965.437,0.0694
mixed,64,1,0.0156,4.0,1024,2048,2048,8192,2144,1515.1,5701.652,1920.925,0.0969
mixed,64,1,0.0156,4.0,1024,2048,4096,16384,4288,2942.779,11522.922,3573.912,0.0736
mixed,64,1,0.0156,4.0,1024,4096,128,512,134,659.329,820.799,657.375,-0.0121
mixed,64,1,0.0156,4.0,1024,4096,256,1024,268,714.077,1019.389,712.574,-0.0049
mixed,64,1,0.0156,4.0,1024,4096,512,2048,536,827.965,1508.765,833.374,0.0079
mixed,64,1,0.0156,4.0,1024,4096,1024,4096,1072,1026.622,2835.42,1040.35,0.0076
mixed,64,1,0.0156,4.0,1024,4096,2048,8192,2144,1566.685,5571.382,1862.299,0.0738
mixed,64,1,0.0156,4.0,1024,4096,4096,16384,4288,2944.312,11394.411,3766.487,0.0973
mixed,64,1,0.0156,4.0,1024,8192,128,512,134,995.742,1161.791,994.238,-0.0091
mixed,64,1,0.0156,4.0,1024,8192,256,1024,268,1050.557,1405.76,1050.681,0.0003
mixed,64,1,0.0156,4.0,1024,8192,512,2048,536,1165.246,1819.229,1167.997,0.0042
mixed,64,1,0.0156,4.0,1024,8192,1024,4096,1072,1416.191,2919.416,1423.613,0.0049
mixed,64,1,0.0156,4.0,1024,8192,2048,8192,2144,1834.076,5561.207,1945.818,0.03
mixed,64,1,0.0156,4.0,1024,8192,4096,16384,4288,3055.292,11119.5,3636.757,0.0721
mixed,64,1,0.0156,4.0,2048,0,128,512,134,484.992,568.253,483.102,-0.0227
mixed,64,1,0.0156,4.0,2048,0,256,1024,268,513.151,816.765,513.216,0.0002
mixed,64,1,0.0156,4.0,2048,0,512,2048,536,572.19,1503.389,595.966,0.0255
mixed,64,1,0.0156,4.0,2048,0,1024,4096,1072,839.361,2875.646,969.5,0.0639
mixed,64,1,0.0156,4.0,2048,0,2048,8192,2144,1560.22,5782.321,1902.526,0.0811
mixed,64,1,0.0156,4.0,2048,0,4096,16384,4288,3005.625,11631.243,3687.513,0.0791
mixed,64,1,0.0156,4.0,2048,512,128,512,134,571.648,655.552,568.063,-0.0427
mixed,64,1,0.0156,4.0,2048,512,256,1024,268,598.079,851.39,599.615,0.0061
mixed,64,1,0.0156,4.0,2048,512,512,2048,536,655.36,1505.437,656.509,0.0014
mixed,64,1,0.0156,4.0,2048,512,1024,4096,1072,870.366,2877.276,991.327,0.0603
mixed,64,1,0.0156,4.0,2048,512,2048,8192,2144,1565.053,5744.185,1888.829,0.0775
mixed,64,1,0.0156,4.0,2048,512,4096,16384,4288,3005.563,11611.849,3714.176,0.0823
mixed,64,1,0.0156,4.0,2048,1024,128,512,134,647.198,738.814,653.052,0.0639
mixed,64,1,0.0156,4.0,2048,1024,256,1024,268,680.381,896.159,679.968,-0.0019
mixed,64,1,0.0156,4.0,2048,1024,512,2048,536,740.0,1536.543,742.589,0.0033
mixed,64,1,0.0156,4.0,2048,1024,1024,4096,1072,909.666,2859.676,1016.257,0.0547
mixed,64,1,0.0156,4.0,2048,1024,2048,8192,2144,1583.23,5725.397,1940.509,0.0863
mixed,64,1,0.0156,4.0,2048,1024,4096,16384,4288,2996.219,11581.228,3734.457,0.086
mixed,64,1,0.0156,4.0,2048,2048,128,512,134,805.824,907.519,807.006,0.0116
mixed,64,1,0.0156,4.0,2048,2048,256,1024,268,836.607,1036.384,840.927,0.0216
mixed,64,1,0.0156,4.0,2048,2048,512,2048,536,906.205,1514.143,914.974,0.0144
mixed,64,1,0.0156,4.0,2048,2048,1024,4096,1072,1032.766,2915.963,1077.407,0.0237
mixed,64,1,0.0156,4.0,2048,2048,2048,8192,2144,1567.068,5610.393,1879.001,0.0771
mixed,64,1,0.0156,4.0,2048,2048,4096,16384,4288,3014.076,11433.293,3819.928,0.0957
mixed,64,1,0.0156,4.0,2048,4096,128,512,134,1129.022,1208.829,1130.528,0.0189
mixed,64,1,0.0156,4.0,2048,4096,256,1024,268,1153.213,1363.644,1155.39,0.0103
mixed,64,1,0.0156,4.0,2048,4096,512,2048,536,1214.654,1692.126,1226.368,0.0245
mixed,64,1,0.0156,4.0,2048,4096,1024,4096,1072,1361.725,2927.931,1375.55,0.0088
mixed,64,1,0.0156,4.0,2048,4096,2048,8192,2144,1721.5,5671.128,1956.444,0.0595
mixed,64,1,0.0156,4.0,2048,4096,4096,16384,4288,3060.637,11143.917,3713.596,0.0808
mixed,64,1,0.0156,4.0,2048,8192,128,512,134,1796.127,1864.798,1799.422,0.048
mixed,64,1,0.0156,4.0,2048,8192,256,1024,268,1821.981,1964.697,1823.132,0.0081
mixed,64,1,0.0156,4.0,2048,8192,512,2048,536,1864.892,2319.228,1870.236,0.0118
mixed,64,1,0.0156,4.0,2048,8192,1024,4096,1072,1985.404,3283.483,1976.317,-0.007
mixed,64,1,0.0156,4.0,2048,8192,2048,8192,2144,2362.907,5732.281,2327.485,-0.0105
mixed,64,1,0.0156,4.0,2048,8192,4096,16384,4288,3372.54,11132.337,3904.639,0.0686
pure,64,2,0.0312,4.0,0,0,128,512,140,87.36,159.456,91.392,0.0559
pure,64,2,0.0312,4.0,0,0,256,1024,280,117.696,243.744,117.92,0.0018
pure,64,2,0.0312,4.0,0,0,512,2048,560,167.969,419.615,165.055,-0.0116
pure,64,2,0.0312,4.0,0,0,1024,4096,1120,258.975,739.39,259.39,0.0009
pure,64,2,0.0312,4.0,0,0,2048,8192,2240,444.031,1405.629,443.168,-0.0009
pure,64,2,0.0312,4.0,0,0,4096,16384,4480,809.663,2738.62,816.512,0.0036
mixed,64,2,0.0312,4.0,16,0,128,512,140,136.831,359.583,140.16,0.0149
mixed,64,2,0.0312,4.0,16,0,256,1024,280,218.207,648.544,248.223,0.0697
mixed,64,2,0.0312,4.0,16,0,512,2048,560,366.975,1218.24,444.35,0.0909
mixed,64,2,0.0312,4.0,16,0,1024,4096,1120,676.768,2423.36,827.167,0.0861
mixed,64,2,0.0312,4.0,16,0,2048,8192,2240,1301.693,5089.084,1593.568,0.0771
mixed,64,2,0.0312,4.0,16,0,4096,16384,4480,2591.643,10798.447,3159.83,0.0692
mixed,64,2,0.0312,4.0,16,512,128,512,140,143.936,363.808,143.04,-0.0041
mixed,64,2,0.0312,4.0,16,512,256,1024,280,226.271,651.038,254.719,0.067
mixed,64,2,0.0312,4.0,16,512,512,2048,560,371.741,1255.614,448.287,0.0866
mixed,64,2,0.0312,4.0,16,512,1024,4096,1120,689.408,2566.877,833.149,0.0766
mixed,64,2,0.0312,4.0,16,512,2048,8192,2240,1336.062,5235.575,1634.365,0.0765
mixed,64,2,0.0312,4.0,16,512,4096,16384,4480,2708.124,10828.913,3238.076,0.0653
mixed,64,2,0.0312,4.0,16,1024,128,512,140,186.496,367.775,185.473,-0.0056
mixed,64,2,0.0312,4.0,16,1024,256,1024,280,254.592,657.376,258.849,0.0106
mixed,64,2,0.0312,4.0,16,1024,512,2048,560,375.935,1249.47,447.68,0.0821
mixed,64,2,0.0312,4.0,16,1024,1024,4096,1120,684.285,2477.597,832.765,0.0828
mixed,64,2,0.0312,4.0,16,1024,2048,8192,2240,1342.143,5420.146,1631.007,0.0708
mixed,64,2,0.0312,4.0,16,1024,4096,16384,4480,2752.348,10802.164,3264.571,0.0636
mixed,64,2,0.0312,4.0,16,2048,128,512,140,269.632,441.6,268.032,-0.0093
mixed,64,2,0.0312,4.0,16,2048,256,1024,280,339.359,666.081,338.912,-0.0014
mixed,64,2,0.0312,4.0,16,2048,512,2048,560,445.216,1245.66,452.224,0.0088
mixed,64,2,0.0312,4.0,16,2048,1024,4096,1120,695.232,2454.461,838.814,0.0816
mixed,64,2,0.0312,4.0,16,2048,2048,8192,2240,1323.774,5325.561,1610.366,0.0716
mixed,64,2,0.0312,4.0,16,2048,4096,16384,4480,2687.61,10877.423,3279.035,0.0722
mixed,64,2,0.0312,4.0,16,4096,128,512,140,432.832,601.15,433.343,0.003
mixed,64,2,0.0312,4.0,16,4096,256,1024,280,499.359,823.39,505.312,0.0184
mixed,64,2,0.0312,4.0,16,4096,512,2048,560,606.909,1260.061,610.271,0.0051
mixed,64,2,0.0312,4.0,16,4096,1024,4096,1120,844.639,2425.149,847.425,0.0018
mixed,64,2,0.0312,4.0,16,4096,2048,8192,2240,1355.23,5145.721,1627.929,0.0719
mixed,64,2,0.0312,4.0,16,4096,4096,16384,4480,2798.076,10892.532,3181.179,0.0473
mixed,64,2,0.0312,4.0,16,8192,128,512,140,764.704,932.384,764.192,-0.0031
mixed,64,2,0.0312,4.0,16,8192,256,1024,280,834.368,1149.152,837.024,0.0084
mixed,64,2,0.0312,4.0,16,8192,512,2048,560,945.694,1584.541,947.134,0.0023
mixed,64,2,0.0312,4.0,16,8192,1024,4096,1120,1184.574,2472.443,1177.31,-0.0056
mixed,64,2,0.0312,4.0,16,8192,2048,8192,2240,1665.82,5017.594,1628.958,-0.011
mixed,64,2,0.0312,4.0,16,8192,4096,16384,4480,2691.069,10847.059,3225.818,0.0656
mixed,64,2,0.0312,4.0,32,0,128,512,140,136.608,358.176,140.351,0.0169
mixed,64,2,0.0312,4.0,32,0,256,1024,280,219.265,652.894,247.87,0.066
mixed,64,2,0.0312,4.0,32,0,512,2048,560,371.87,1218.654,447.616,0.0895
mixed,64,2,0.0312,4.0,32,0,1024,4096,1120,679.455,2398.492,824.159,0.0842
mixed,64,2,0.0312,4.0,32,0,2048,8192,2240,1308.19,5069.051,1597.917,0.077
mixed,64,2,0.0312,4.0,32,0,4096,16384,4480,2762.429,10800.372,3165.661,0.0502
mixed,64,2,0.0312,4.0,32,512,128,512,140,145.469,367.392,142.944,-0.0114
mixed,64,2,0.0312,4.0,32,512,256,1024,280,226.144,651.745,259.583,0.0786
mixed,64,2,0.0312,4.0,32,512,512,2048,560,373.28,1238.207,443.105,0.0807
mixed,64,2,0.0312,4.0,32,512,1024,4096,1120,691.328,2459.26,829.757,0.0783
mixed,64,2,0.0312,4.0,32,512,2048,8192,2240,1339.584,5377.022,1635.262,0.0732
mixed,64,2,0.0312,4.0,32,512,4096,16384,4480,2824.251,10864.789,3332.7,0.0632
mixed,64,2,0.0312,4.0,32,1024,128,512,140,187.2,368.064,187.104,-0.0005
mixed,64,2,0.0312,4.0,32,1024,256,1024,280,257.153,659.263,262.912,0.0143
mixed,64,2,0.0312,4.0,32,1024,512,2048,560,376.896,1245.951,451.55,0.0859
mixed,64,2,0.0312,4.0,32,1024,1024,4096,1120,687.199,2586.749,836.736,0.0787
mixed,64,2,0.0312,4.0,32,1024,2048,8192,2240,1334.304,5421.56,1632.542,0.073
mixed,64,2,0.0312,4.0,32,1024,4096,16384,4480,2707.004,10895.008,3248.919,0.0662
mixed,64,2,0.0312,4.0,32,2048,128,512,140,270.561,447.136,268.894,-0.0094
mixed,64,2,0.0312,4.0,32,2048,256,1024,280,340.192,660.255,340.703,0.0016
mixed,64,2,0.0312,4.0,32,2048,512,2048,560,452.416,1241.981,450.432,-0.0025
mixed,64,2,0.0312,4.0,32,2048,1024,4096,1120,700.158,2457.438,846.43,0.0832
mixed,64,2,0.0312,4.0,32,2048,2048,8192,2240,1332.606,5254.267,1608.573,0.0704
mixed,64,2,0.0312,4.0,32,2048,4096,16384,4480,2696.862,10894.26,3303.486,0.074
mixed,64,2,0.0312,4.0,32,4096,128,512,140,436.735,602.208,435.936,-0.0048
mixed,64,2,0.0312,4.0,32,4096,256,1024,280,500.799,824.736,507.871,0.0218
mixed,64,2,0.0312,4.0,32,4096,512,2048,560,617.438,1257.888,613.727,-0.0058
mixed,64,2,0.0312,4.0,32,4096,1024,4096,1120,843.265,2419.23,847.008,0.0024
mixed,64,2,0.0312,4.0,32,4096,2048,8192,2240,1360.639,5341.433,1615.837,0.0641
mixed,64,2,0.0312,4.0,32,4096,4096,16384,4480,2652.318,10710.581,3199.454,0.0679
mixed,64,2,0.0312,4.0,32,8192,128,512,140,763.999,933.757,765.055,0.0062
mixed,64,2,0.0312,4.0,32,8192,256,1024,280,834.528,1155.901,838.463,0.0122
mixed,64,2,0.0312,4.0,32,8192,512,2048,560,949.728,1596.509,947.232,-0.0039
mixed,64,2,0.0312,4.0,32,8192,1024,4096,1120,1184.765,2463.195,1179.711,-0.004
mixed,64,2,0.0312,4.0,32,8192,2048,8192,2240,1656.318,5348.376,1640.829,-0.0042
mixed,64,2,0.0312,4.0,32,8192,4096,16384,4480,2716.478,10870.39,3234.461,0.0635
mixed,64,2,0.0312,4.0,64,0,128,512,140,138.848,361.023,141.728,0.013
mixed,64,2,0.0312,4.0,64,0,256,1024,280,221.599,655.425,246.176,0.0567
mixed,64,2,0.0312,4.0,64,0,512,2048,560,374.719,1222.047,446.367,0.0846
mixed,64,2,0.0312,4.0,64,0,1024,4096,1120,679.102,2433.598,833.185,0.0878
mixed,64,2,0.0312,4.0,64,0,2048,8192,2240,1316.288,5265.338,1601.182,0.0721
mixed,64,2,0.0312,4.0,64,0,4096,16384,4480,2628.417,10524.791,3182.717,0.0702
mixed,64,2,0.0312,4.0,64,512,128,512,140,148.0,367.616,146.336,-0.0076
mixed,64,2,0.0312,4.0,64,512,256,1024,280,228.864,652.864,256.224,0.0645
mixed,64,2,0.0312,4.0,64,512,512,2048,560,376.959,1264.413,453.312,0.086
mixed,64,2,0.0312,4.0,64,512,1024,4096,1120,692.929,2538.845,835.838,0.0774
mixed,64,2,0.0312,4.0,64,512,2048,8192,2240,1359.038,5344.541,1646.846,0.0722
mixed,64,2,0.0312,4.0,64,512,4096,16384,4480,2797.053,10872.821,3235.48,0.0543
mixed,64,2,0.0312,4.0,64,1024,128,512,140,188.545,368.672,187.329,-0.0068
mixed,64,2,0.0312,4.0,64,1024,256,1024,280,257.887,664.446,265.216,0.018
mixed,64,2,0.0312,4.0,64,1024,512,2048,560,379.041,1257.919,449.247,0.0799
mixed,64,2,0.0312,4.0,64,1024,1024,4096,1120,690.432,2581.246,838.111,0.0781
mixed,64,2,0.0312,4.0,64,1024,2048,8192,2240,1342.878,5149.278,1639.39,0.0779
mixed,64,2,0.0312,4.0,64,1024,4096,16384,4480,2714.267,10866.616,3274.908,0.0688
mixed,64,2,0.0312,4.0,64,2048,128,512,140,273.024,443.232,270.079,-0.0173
mixed,64,2,0.0312,4.0,64,2048,256,1024,280,340.257,670.368,343.071,0.0085
mixed,64,2,0.0312,4.0,64,2048,512,2048,560,455.52,1247.55,457.312,0.0023
mixed,64,2,0.0312,4.0,64,2048,1024,4096,1120,697.345,2619.39,839.04,0.0737
mixed,64,2,0.0312,4.0,64,2048,2048,8192,2240,1336.095,5190.175,1608.19,0.0706
mixed,64,2,0.0312,4.0,64,2048,4096,16384,4480,2702.845,10894.613,3216.38,0.0627
mixed,64,2,0.0312,4.0,64,4096,128,512,140,438.144,612.767,437.059,-0.0062
mixed,64,2,0.0312,4.0,64,4096,256,1024,280,506.047,826.4,512.32,0.0196
mixed,64,2,0.0312,4.0,64,4096,512,2048,560,621.12,1261.599,614.145,-0.0109
mixed,64,2,0.0312,4.0,64,4096,1024,4096,1120,856.063,2434.461,853.311,-0.0017
mixed,64,2,0.0312,4.0,64,4096,2048,8192,2240,1354.654,5198.301,1626.688,0.0708
mixed,64,2,0.0312,4.0,64,4096,4096,16384,4480,2683.357,10867.416,3183.293,0.0611
mixed,64,2,0.0312,4.0,64,8192,128,512,140,769.47,935.774,767.264,-0.0133
mixed,64,2,0.0312,4.0,64,8192,256,1024,280,836.733,1159.454,839.199,0.0076
mixed,64,2,0.0312,4.0,64,8192,512,2048,560,951.04,1594.879,951.648,0.0009
mixed,64,2,0.0312,4.0,64,8192,1024,4096,1120,1184.257,2457.183,1181.469,-0.0022
mixed,64,2,0.0312,4.0,64,8192,2048,8192,2240,1660.446,5068.059,1640.83,-0.0058
mixed,64,2,0.0312,4.0,64,8192,4096,16384,4480,2725.437,10882.778,3214.877,0.06
mixed,64,2,0.0312,4.0,128,0,128,512,140,140.895,377.408,144.767,0.0164
mixed,64,2,0.0312,4.0,128,0,256,1024,280,225.95,669.153,253.566,0.0623
mixed,64,2,0.0312,4.0,128,0,512,2048,560,396.351,1243.102,462.689,0.0783
mixed,64,2,0.0312,4.0,128,0,1024,4096,1120,701.95,2394.205,845.152,0.0846
mixed,64,2,0.0312,4.0,128,0,2048,8192,2240,1347.168,5225.564,1612.993,0.0685
mixed,64,2,0.0312,4.0,128,0,4096,16384,4480,2860.283,10688.343,3228.126,0.047
mixed,64,2,0.0312,4.0,128,512,128,512,140,153.024,373.089,150.784,-0.0102
mixed,64,2,0.0312,4.0,128,512,256,1024,280,236.224,672.222,262.88,0.0611
mixed,64,2,0.0312,4.0,128,512,512,2048,560,386.495,1296.542,454.11,0.0743
mixed,64,2,0.0312,4.0,128,512,1024,4096,1120,729.055,2620.253,864.511,0.0716
mixed,64,2,0.0312,4.0,128,512,2048,8192,2240,1395.295,5343.935,1684.479,0.0732
mixed,64,2,0.0312,4.0,128,512,4096,16384,4480,2939.71,10989.754,3368.03,0.0532
mixed,64,2,0.0312,4.0,128,1024,128,512,140,193.44,378.497,192.479,-0.0052
mixed,64,2,0.0312,4.0,128,1024,256,1024,280,261.663,668.83,267.519,0.0144
mixed,64,2,0.0312,4.0,128,1024,512,2048,560,391.744,1290.784,460.545,0.0765
mixed,64,2,0.0312,4.0,128,1024,1024,4096,1120,699.489,2596.062,841.984,0.0751
mixed,64,2,0.0312,4.0,128,1024,2048,8192,2240,1387.167,5458.174,1691.487,0.0748
mixed,64,2,0.0312,4.0,128,1024,4096,16384,4480,2846.941,10983.674,3356.254,0.0626
mixed,64,2,0.0312,4.0,128,2048,128,512,140,276.385,444.031,274.4,-0.0118
mixed,64,2,0.0312,4.0,128,2048,256,1024,280,348.224,674.048,345.728,-0.0077
mixed,64,2,0.0312,4.0,128,2048,512,2048,560,459.104,1263.104,467.04,0.0099
mixed,64,2,0.0312,4.0,128,2048,1024,4096,1120,723.23,2525.983,853.727,0.0724
mixed,64,2,0.0312,4.0,128,2048,2048,8192,2240,1350.176,5276.7,1628.769,0.071
mixed,64,2,0.0312,4.0,128,2048,4096,16384,4480,2822.717,10949.211,3366.621,0.0669
mixed,64,2,0.0312,4.0,128,4096,128,512,140,441.471,616.511,440.257,-0.0069
mixed,64,2,0.0312,4.0,128,4096,256,1024,280,514.112,828.895,517.984,0.0123
mixed,64,2,0.0312,4.0,128,4096,512,2048,560,621.6,1263.614,625.63,0.0063
mixed,64,2,0.0312,4.0,128,4096,1024,4096,1120,874.432,2431.135,869.182,-0.0034
mixed,64,2,0.0312,4.0,128,4096,2048,8192,2240,1385.824,5260.672,1655.551,0.0696
mixed,64,2,0.0312,4.0,128,4096,4096,16384,4480,2789.567,10867.196,3193.886,0.0501
mixed,64,2,0.0312,4.0,128,8192,128,512,140,773.312,943.905,771.712,-0.0094
mixed,64,2,0.0312,4.0,128,8192,256,1024,280,843.585,1167.166,846.719,0.0097
mixed,64,2,0.0312,4.0,128,8192,512,2048,560,954.111,1605.598,953.92,-0.0003
mixed,64,2,0.0312,4.0,128,8192,1024,4096,1120,1210.654,2472.959,1196.127,-0.0115
mixed,64,2,0.0312,4.0,128,8192,2048,8192,2240,1687.936,5317.757,1668.256,-0.0054
mixed,64,2,0.0312,4.0,128,8192,4096,16384,4480,2751.359,10891.356,3270.207,0.0637
mixed,64,2,0.0312,4.0,256,0,128,512,140,146.176,392.575,150.91,0.0192
mixed,64,2,0.0312,4.0,256,0,256,1024,280,235.103,728.576,259.936,0.0503
mixed,64,2,0.0312,4.0,256,0,512,2048,560,416.576,1335.81,473.952,0.0624
mixed,64,2,0.0312,4.0,256,0,1024,4096,1120,782.911,2672.511,896.865,0.0603
mixed,64,2,0.0312,4.0,256,0,2048,8192,2240,1462.623,5478.652,1727.936,0.0661
mixed,64,2,0.0312,4.0,256,0,4096,16384,4480,2936.383,10892.152,3381.28,0.0559
mixed,64,2,0.0312,4.0,256,512,128,512,140,168.896,385.184,168.48,-0.0019
mixed,64,2,0.0312,4.0,256,512,256,1024,280,243.073,716.576,263.394,0.0429
mixed,64,2,0.0312,4.0,256,512,512,2048,560,401.567,1379.906,461.505,0.0613
mixed,64,2,0.0312,4.0,256,512,1024,4096,1120,777.409,2757.887,882.688,0.0532
mixed,64,2,0.0312,4.0,256,512,2048,8192,2240,1505.47,5574.302,1744.256,0.0587
mixed,64,2,0.0312,4.0,256,512,4096,16384,4480,3040.479,11149.724,3496.829,0.0563
mixed,64,2,0.0312,4.0,256,1024,128,512,140,212.322,388.064,211.903,-0.0024
mixed,64,2,0.0312,4.0,256,1024,256,1024,280,264.801,674.912,269.408,0.0112
mixed,64,2,0.0312,4.0,256,1024,512,2048,560,412.607,1364.608,472.064,0.0625
mixed,64,2,0.0312,4.0,256,1024,1024,4096,1120,736.062,2732.96,856.127,0.0601
mixed,64,2,0.0312,4.0,256,1024,2048,8192,2240,1483.203,5559.801,1759.551,0.0678
mixed,64,2,0.0312,4.0,256,1024,4096,16384,4480,3012.734,11158.268,3498.527,0.0596
mixed,64,2,0.0312,4.0,256,2048,128,512,140,295.328,459.809,294.72,-0.0037
mixed,64,2,0.0312,4.0,256,2048,256,1024,280,348.033,697.056,348.576,0.0016
mixed,64,2,0.0312,4.0,256,2048,512,2048,560,475.743,1275.905,481.441,0.0071
mixed,64,2,0.0312,4.0,256,2048,1024,4096,1120,756.064,2690.943,885.054,0.0667
mixed,64,2,0.0312,4.0,256,2048,2048,8192,2240,1378.848,5512.766,1647.231,0.0649
mixed,64,2,0.0312,4.0,256,2048,4096,16384,4480,2999.357,11113.886,3448.8,0.0554
mixed,64,2,0.0312,4.0,256,4096,128,512,140,458.685,616.416,460.798,0.0134
mixed,64,2,0.0312,4.0,256,4096,256,1024,280,512.288,856.576,515.808,0.0102
mixed,64,2,0.0312,4.0,256,4096,512,2048,560,642.625,1303.68,637.026,-0.0085
mixed,64,2,0.0312,4.0,256,4096,1024,4096,1120,896.448,2548.126,898.08,0.001
mixed,64,2,0.0312,4.0,256,4096,2048,8192,2240,1447.232,5453.981,1715.843,0.067
mixed,64,2,0.0312,4.0,256,4096,4096,16384,4480,2770.72,11033.501,3303.584,0.0645
mixed,64,2,0.0312,4.0,256,8192,128,512,140,791.039,952.992,791.423,0.0024
mixed,64,2,0.0312,4.0,256,8192,256,1024,280,843.712,1190.145,847.585,0.0112
mixed,64,2,0.0312,4.0,256,8192,512,2048,560,972.832,1633.825,976.8,0.006
mixed,64,2,0.0312,4.0,256,8192,1024,4096,1120,1239.906,2634.909,1225.631,-0.0102
mixed,64,2,0.0312,4.0,256,8192,2048,8192,2240,1731.616,5305.598,1738.333,0.0019
mixed,64,2,0.0312,4.0,256,8192,4096,16384,4480,2894.848,10914.652,3390.143,0.0618
mixed,64,2,0.0312,4.0,512,0,128,512,140,169.631,401.858,170.976,0.0058
mixed,64,2,0.0312,4.0,512,0,256,1024,280,244.129,752.929,263.999,0.0391
mixed,64,2,0.0312,4.0,512,0,512,2048,560,431.712,1463.2,487.712,0.0543
mixed,64,2,0.0312,4.0,512,0,1024,4096,1120,807.295,2844.062,934.142,0.0623
mixed,64,2,0.0312,4.0,512,0,2048,8192,2240,1585.087,5640.415,1807.932,0.055
mixed,64,2,0.0312,4.0,512,0,4096,16384,4480,3103.744,11161.116,3575.936,0.0586
mixed,64,2,0.0312,4.0,512,512,128,512,140,213.408,410.242,215.2,0.0091
mixed,64,2,0.0312,4.0,512,512,256,1024,280,266.528,739.776,282.656,0.0341
mixed,64,2,0.0312,4.0,512,512,512,2048,560,433.567,1446.819,500.192,0.0658
mixed,64,2,0.0312,4.0,512,512,1024,4096,1120,798.176,2869.06,921.216,0.0594
mixed,64,2,0.0312,4.0,512,512,2048,8192,2240,1568.062,5754.656,1809.312,0.0576
mixed,64,2,0.0312,4.0,512,512,4096,16384,4480,3141.184,11503.964,3606.177,0.0556
mixed,64,2,0.0312,4.0,512,1024,128,512,140,261.695,418.944,262.719,0.0065
mixed,64,2,0.0312,4.0,512,1024,256,1024,280,310.688,736.991,309.312,-0.0032
mixed,64,2,0.0312,4.0,512,1024,512,2048,560,437.792,1409.6,500.224,0.0642
mixed,64,2,0.0312,4.0,512,1024,1024,4096,1120,788.063,2830.558,920.29,0.0647
mixed,64,2,0.0312,4.0,512,1024,2048,8192,2240,1544.096,5715.84,1789.472,0.0588
mixed,64,2,0.0312,4.0,512,1024,4096,16384,4480,3111.391,11477.082,3560.958,0.0537
mixed,64,2,0.0312,4.0,512,2048,128,512,140,345.856,510.208,346.943,0.0066
mixed,64,2,0.0312,4.0,512,2048,256,1024,280,399.296,751.967,399.809,0.0015
mixed,64,2,0.0312,4.0,512,2048,512,2048,560,511.168,1361.217,514.526,0.004
mixed,64,2,0.0312,4.0,512,2048,1024,4096,1120,802.752,2774.72,966.113,0.0828
mixed,64,2,0.0312,4.0,512,2048,2048,8192,2240,1507.934,5661.439,1777.41,0.0649
mixed,64,2,0.0312,4.0,512,2048,4096,16384,4480,3043.837,11434.493,3522.366,0.057
mixed,64,2,0.0312,4.0,512,4096,128,512,140,512.511,677.473,512.161,-0.0021
mixed,64,2,0.0312,4.0,512,4096,256,1024,280,565.632,964.288,568.481,0.0071
mixed,64,2,0.0312,4.0,512,4096,512,2048,560,689.312,1427.678,683.296,-0.0081
mixed,64,2,0.0312,4.0,512,4096,1024,4096,1120,1002.112,2628.671,989.952,-0.0075
mixed,64,2,0.0312,4.0,512,4096,2048,8192,2240,1534.336,5514.877,1890.49,0.0895
mixed,64,2,0.0312,4.0,512,4096,4096,16384,4480,2913.956,11275.128,3477.474,0.0674
mixed,64,2,0.0312,4.0,512,8192,128,512,140,844.575,1012.319,844.384,-0.0011
mixed,64,2,0.0312,4.0,512,8192,256,1024,280,897.888,1273.665,901.953,0.0108
mixed,64,2,0.0312,4.0,512,8192,512,2048,560,1023.072,1827.648,1019.04,-0.005
mixed,64,2,0.0312,4.0,512,8192,1024,4096,1120,1303.744,2750.399,1291.168,-0.0087
mixed,64,2,0.0312,4.0,512,8192,2048,8192,2240,1943.456,5336.254,1877.598,-0.0194
mixed,64,2,0.0312,4.0,512,8192,4096,16384,4480,3000.032,11052.987,3740.094,0.0919
mixed,64,2,0.0312,4.0,1024,0,128,512,140,260.193,423.137,261.277,0.0067
mixed,64,2,0.0312,4.0,1024,0,256,1024,280,295.006,759.519,307.264,0.0264
mixed,64,2,0.0312,4.0,1024,0,512,2048,560,455.712,1459.487,513.153,0.0572
mixed,64,2,0.0312,4.0,1024,0,1024,4096,1120,815.712,2903.521,964.64,0.0713
mixed,64,2,0.0312,4.0,1024,0,2048,8192,2240,1582.913,5828.031,1866.464,0.0668
mixed,64,2,0.0312,4.0,1024,0,4096,16384,4480,3176.065,11669.532,3704.609,0.0622
mixed,64,2,0.0312,4.0,1024,512,128,512,140,322.399,441.888,323.455,0.0088
mixed,64,2,0.0312,4.0,1024,512,256,1024,280,353.888,769.249,355.233,0.0032
mixed,64,2,0.0312,4.0,1024,512,512,2048,560,459.968,1454.879,513.951,0.0543
mixed,64,2,0.0312,4.0,1024,512,1024,4096,1120,819.136,2880.192,969.343,0.0729
mixed,64,2,0.0312,4.0,1024,512,2048,8192,2240,1574.175,5812.094,1876.701,0.0714
mixed,64,2,0.0312,4.0,1024,512,4096,16384,4480,3166.014,11653.184,3727.23,0.0661
mixed,64,2,0.0312,4.0,1024,1024,128,512,140,381.696,480.608,382.592,0.0091
mixed,64,2,0.0312,4.0,1024,1024,256,1024,280,416.256,783.296,415.135,-0.0031
mixed,64,2,0.0312,4.0,1024,1024,512,2048,560,492.066,1446.592,526.272,0.0358
mixed,64,2,0.0312,4.0,1024,1024,1024,4096,1120,836.832,2854.336,996.447,0.0791
mixed,64,2,0.0312,4.0,1024,1024,2048,8192,2240,1566.526,5779.071,1910.976,0.0818
mixed,64,2,0.0312,4.0,1024,1024,4096,16384,4480,3126.017,11649.405,3740.511,0.0721
mixed,64,2,0.0312,4.0,1024,2048,128,512,140,489.982,599.521,489.888,-0.0009
mixed,64,2,0.0312,4.0,1024,2048,256,1024,280,529.345,800.416,533.984,0.0171
mixed,64,2,0.0312,4.0,1024,2048,512,2048,560,603.523,1464.543,611.361,0.0091
mixed,64,2,0.0312,4.0,1024,2048,1024,4096,1120,854.432,2818.878,978.56,0.0632
mixed,64,2,0.0312,4.0,1024,2048,2048,8192,2240,1573.185,5697.916,1952.352,0.0919
mixed,64,2,0.0312,4.0,1024,2048,4096,16384,4480,3068.703,11546.144,3802.918,0.0866
mixed,64,2,0.0312,4.0,1024,4096,128,512,140,660.0,819.779,660.928,0.0058
mixed,64,2,0.0312,4.0,1024,4096,256,1024,280,715.296,1013.087,716.352,0.0035
mixed,64,2,0.0312,4.0,1024,4096,512,2048,560,832.447,1508.673,841.886,0.014
mixed,64,2,0.0312,4.0,1024,4096,1024,4096,1120,1046.496,2826.368,1051.871,0.003
mixed,64,2,0.0312,4.0,1024,4096,2048,8192,2240,1636.991,5586.016,1914.624,0.0703
mixed,64,2,0.0312,4.0,1024,4096,4096,16384,4480,3086.944,11411.902,3839.936,0.0904
mixed,64,2,0.0312,4.0,1024,8192,128,512,140,995.04,1158.973,994.976,-0.0004
mixed,64,2,0.0312,4.0,1024,8192,256,1024,280,1053.57,1409.313,1055.872,0.0065
mixed,64,2,0.0312,4.0,1024,8192,512,2048,560,1168.8,1792.544,1183.842,0.0241
mixed,64,2,0.0312,4.0,1024,8192,1024,4096,1120,1430.624,2913.917,1453.854,0.0157
mixed,64,2,0.0312,4.0,1024,8192,2048,8192,2240,1898.944,5572.319,1977.216,0.0213
mixed,64,2,0.0312,4.0,1024,8192,4096,16384,4480,3211.553,11068.032,3695.069,0.0615
mixed,64,2,0.0312,4.0,2048,0,128,512,140,483.616,568.513,484.318,0.0083
mixed,64,2,0.0312,4.0,2048,0,256,1024,280,512.832,817.824,517.855,0.0165
mixed,64,2,0.0312,4.0,2048,0,512,2048,560,575.968,1499.555,605.248,0.0317
mixed,64,2,0.0312,4.0,2048,0,1024,4096,1120,865.662,2880.127,1004.896,0.0691
mixed,64,2,0.0312,4.0,2048,0,2048,8192,2240,1611.647,5782.942,1957.663,0.083
mixed,64,2,0.0312,4.0,2048,0,4096,16384,4480,3130.464,11621.727,3816.673,0.0808
mixed,64,2,0.0312,4.0,2048,512,128,512,140,570.593,654.016,569.825,-0.0092
mixed,64,2,0.0312,4.0,2048,512,256,1024,280,600.704,854.56,601.696,0.0039
mixed,64,2,0.0312,4.0,2048,512,512,2048,560,659.555,1498.304,665.408,0.007
mixed,64,2,0.0312,4.0,2048,512,1024,4096,1120,891.107,2872.896,1025.087,0.0676
mixed,64,2,0.0312,4.0,2048,512,2048,8192,2240,1641.376,5748.831,1954.56,0.0762
mixed,64,2,0.0312,4.0,2048,512,4096,16384,4480,3106.624,11604.225,3847.718,0.0872
mixed,64,2,0.0312,4.0,2048,1024,128,512,140,650.943,738.815,653.088,0.0244
mixed,64,2,0.0312,4.0,2048,1024,256,1024,280,682.528,895.328,684.417,0.0089
mixed,64,2,0.0312,4.0,2048,1024,512,2048,560,742.721,1538.272,749.185,0.0081
mixed,64,2,0.0312,4.0,2048,1024,1024,4096,1120,926.784,2868.385,1034.208,0.0553
mixed,64,2,0.0312,4.0,2048,1024,2048,8192,2240,1660.96,5722.113,1971.935,0.0766
mixed,64,2,0.0312,4.0,2048,1024,4096,16384,4480,3119.997,11520.48,3904.098,0.0933
mixed,64,2,0.0312,4.0,2048,2048,128,512,140,805.216,909.567,810.017,0.046
mixed,64,2,0.0312,4.0,2048,2048,256,1024,280,837.408,1025.218,842.368,0.0264
mixed,64,2,0.0312,4.0,2048,2048,512,2048,560,908.192,1520.288,921.601,0.0219
mixed,64,2,0.0312,4.0,2048,2048,1024,4096,1120,1041.023,2909.088,1104.577,0.034
mixed,64,2,0.0312,4.0,2048,2048,2048,8192,2240,1649.346,5623.998,1972.318,0.0813
mixed,64,2,0.0312,4.0,2048,2048,4096,16384,4480,3146.047,11439.136,3873.695,0.0877
mixed,64,2,0.0312,4.0,2048,4096,128,512,140,1131.905,1211.392,1132.033,0.0016
mixed,64,2,0.0312,4.0,2048,4096,256,1024,280,1154.751,1363.295,1154.689,-0.0003
mixed,64,2,0.0312,4.0,2048,4096,512,2048,560,1215.103,1691.618,1217.28,0.0046
mixed,64,2,0.0312,4.0,2048,4096,1024,4096,1120,1374.879,2941.955,1388.095,0.0084
mixed,64,2,0.0312,4.0,2048,4096,2048,8192,2240,1783.36,5700.16,2009.602,0.0578
mixed,64,2,0.0312,4.0,2048,4096,4096,16384,4480,3197.053,11181.856,3894.591,0.0874
mixed,64,2,0.0312,4.0,2048,8192,128,512,140,1795.457,1865.954,1800.353,0.0694
mixed,64,2,0.0312,4.0,2048,8192,256,1024,280,1822.333,1998.241,1820.191,-0.0122
mixed,64,2,0.0312,4.0,2048,8192,512,2048,560,1868.705,2312.031,1867.744,-0.0022
mixed,64,2,0.0312,4.0,2048,8192,1024,4096,1120,1981.631,3284.036,1991.005,0.0072
mixed,64,2,0.0312,4.0,2048,8192,2048,8192,2240,2372.896,5744.994,2396.572,0.007
mixed,64,2,0.0312,4.0,2048,8192,4096,16384,4480,3440.958,11120.64,4004.387,0.0734
pure,64,3,0.0469,4.0,0,0,128,512,146,88.032,159.776,92.319,0.0598
pure,64,3,0.0469,4.0,0,0,256,1024,292,122.368,245.404,120.573,-0.0146
pure,64,3,0.0469,4.0,0,0,512,2048,584,171.649,421.534,172.387,0.003
pure,64,3,0.0469,4.0,0,0,1024,4096,1168,269.567,741.088,265.445,-0.0087
pure,64,3,0.0469,4.0,0,0,2048,8192,2336,455.969,1406.814,455.104,-0.0009
pure,64,3,0.0469,4.0,0,0,4096,16384,4672,839.713,2730.178,845.088,0.0028
mixed,64,3,0.0469,4.0,16,0,128,512,146,137.44,359.359,140.607,0.0143
mixed,64,3,0.0469,4.0,16,0,256,1024,292,220.896,648.064,252.162,0.0732
mixed,64,3,0.0469,4.0,16,0,512,2048,584,382.081,1215.744,450.4,0.082
mixed,64,3,0.0469,4.0,16,0,1024,4096,1168,727.008,2414.336,837.824,0.0657
mixed,64,3,0.0469,4.0,16,0,2048,8192,2336,1365.665,5198.752,1627.713,0.0684
mixed,64,3,0.0469,4.0,16,0,4096,16384,4672,2903.585,10779.359,3230.974,0.0416
mixed,64,3,0.0469,4.0,16,512,128,512,146,144.32,363.968,144.896,0.0026
mixed,64,3,0.0469,4.0,16,512,256,1024,292,229.153,649.631,260.256,0.074
mixed,64,3,0.0469,4.0,16,512,512,2048,584,380.575,1238.527,453.44,0.0849
mixed,64,3,0.0469,4.0,16,512,1024,4096,1168,738.337,2595.424,844.032,0.0569
mixed,64,3,0.0469,4.0,16,512,2048,8192,2336,1413.184,5383.745,1650.336,0.0597
mixed,64,3,0.0469,4.0,16,512,4096,16384,4672,3054.912,10895.876,3330.592,0.0352
mixed,64,3,0.0469,4.0,16,1024,128,512,146,186.144,365.761,184.896,-0.0069
mixed,64,3,0.0469,4.0,16,1024,256,1024,292,257.345,658.911,261.664,0.0108
mixed,64,3,0.0469,4.0,16,1024,512,2048,584,387.712,1252.0,455.583,0.0785
mixed,64,3,0.0469,4.0,16,1024,1024,4096,1168,728.48,2535.456,848.863,0.0666
mixed,64,3,0.0469,4.0,16,1024,2048,8192,2336,1404.094,5361.761,1659.456,0.0645
mixed,64,3,0.0469,4.0,16,1024,4096,16384,4672,3011.039,10877.218,3347.231,0.0427
mixed,64,3,0.0469,4.0,16,2048,128,512,146,270.304,436.896,269.889,-0.0025
mixed,64,3,0.0469,4.0,16,2048,256,1024,292,340.32,663.2,342.463,0.0066
mixed,64,3,0.0469,4.0,16,2048,512,2048,584,458.88,1250.433,461.981,0.0039
mixed,64,3,0.0469,4.0,16,2048,1024,4096,1168,746.688,2471.81,851.68,0.0609
mixed,64,3,0.0469,4.0,16,2048,2048,8192,2336,1400.257,5342.944,1638.752,0.0605
mixed,64,3,0.0469,4.0,16,2048,4096,16384,4672,2971.074,10893.955,3384.993,0.0522
mixed,64,3,0.0469,4.0,16,4096,128,512,146,434.525,602.144,433.792,-0.0044
mixed,64,3,0.0469,4.0,16,4096,256,1024,292,503.615,822.848,509.216,0.0175
mixed,64,3,0.0469,4.0,16,4096,512,2048,584,624.767,1252.352,618.209,-0.0104
mixed,64,3,0.0469,4.0,16,4096,1024,4096,1168,878.912,2445.919,860.545,-0.0117
mixed,64,3,0.0469,4.0,16,4096,2048,8192,2336,1409.919,5070.397,1651.744,0.0661
mixed,64,3,0.0469,4.0,16,4096,4096,16384,4672,2973.728,10886.848,3275.617,0.0382
mixed,64,3,0.0469,4.0,16,8192,128,512,146,764.48,931.903,766.337,0.0111
mixed,64,3,0.0469,4.0,16,8192,256,1024,292,832.991,1153.088,835.712,0.0085
mixed,64,3,0.0469,4.0,16,8192,512,2048,584,952.8,1585.952,959.072,0.0099
mixed,64,3,0.0469,4.0,16,8192,1024,4096,1168,1209.565,2481.312,1192.192,-0.0137
mixed,64,3,0.0469,4.0,16,8192,2048,8192,2336,1705.442,5110.435,1671.069,-0.0101
mixed,64,3,0.0469,4.0,16,8192,4096,16384,4672,2989.152,10853.12,3310.144,0.0408
mixed,64,3,0.0469,4.0,32,0,128,512,146,137.44,357.824,140.705,0.0148
mixed,64,3,0.0469,4.0,32,0,256,1024,292,221.216,652.737,251.935,0.0712
mixed,64,3,0.0469,4.0,32,0,512,2048,584,380.0,1221.376,452.543,0.0862
mixed,64,3,0.0469,4.0,32,0,1024,4096,1168,727.072,2387.038,840.992,0.0686
mixed,64,3,0.0469,4.0,32,0,2048,8192,2336,1374.624,5034.558,1618.721,0.0667
mixed,64,3,0.0469,4.0,32,0,4096,16384,4672,2998.241,10763.363,3221.344,0.0287
mixed,64,3,0.0469,4.0,32,512,128,512,146,146.432,366.848,145.504,-0.0042
mixed,64,3,0.0469,4.0,32,512,256,1024,292,229.792,650.144,263.84,0.081
mixed,64,3,0.0469,4.0,32,512,512,2048,584,381.6,1245.665,453.73,0.0835
mixed,64,3,0.0469,4.0,32,512,1024,4096,1168,732.065,2491.039,848.001,0.0659
mixed,64,3,0.0469,4.0,32,512,2048,8192,2336,1396.255,5388.931,1658.977,0.0658
mixed,64,3,0.0469,4.0,32,512,4096,16384,4672,3032.895,10880.868,3367.039,0.0426
mixed,64,3,0.0469,4.0,32,1024,128,512,146,188.032,365.249,186.847,-0.0067
mixed,64,3,0.0469,4.0,32,1024,256,1024,292,257.568,658.208,259.97,0.006
mixed,64,3,0.0469,4.0,32,1024,512,2048,584,387.553,1251.872,458.368,0.0819
mixed,64,3,0.0469,4.0,32,1024,1024,4096,1168,733.667,2565.218,849.793,0.0634
mixed,64,3,0.0469,4.0,32,1024,2048,8192,2336,1411.968,5430.625,1656.609,0.0609
mixed,64,3,0.0469,4.0,32,1024,4096,16384,4672,2999.715,10876.069,3288.829,0.0367
mixed,64,3,0.0469,4.0,32,2048,128,512,146,271.904,439.968,268.96,-0.0175
mixed,64,3,0.0469,4.0,32,2048,256,1024,292,338.722,661.376,345.409,0.0207
mixed,64,3,0.0469,4.0,32,2048,512,2048,584,462.847,1244.736,459.232,-0.0046
mixed,64,3,0.0469,4.0,32,2048,1024,4096,1168,749.632,2435.937,856.736,0.0635
mixed,64,3,0.0469,4.0,32,2048,2048,8192,2336,1388.608,5300.452,1632.928,0.0625
mixed,64,3,0.0469,4.0,32,2048,4096,16384,4672,2952.032,10874.69,3365.537,0.0522
mixed,64,3,0.0469,4.0,32,4096,128,512,146,436.641,602.85,435.296,-0.0081
mixed,64,3,0.0469,4.0,32,4096,256,1024,292,507.618,822.656,508.128,0.0016
mixed,64,3,0.0469,4.0,32,4096,512,2048,584,630.239,1259.202,623.968,-0.01
mixed,64,3,0.0469,4.0,32,4096,1024,4096,1168,880.608,2436.384,866.782,-0.0089
mixed,64,3,0.0469,4.0,32,4096,2048,8192,2336,1407.2,5160.195,1664.927,0.0687
mixed,64,3,0.0469,4.0,32,4096,4096,16384,4672,3031.33,10802.499,3278.597,0.0318
mixed,64,3,0.0469,4.0,32,8192,128,512,146,767.295,937.152,766.016,-0.0075
mixed,64,3,0.0469,4.0,32,8192,256,1024,292,833.695,1157.44,836.864,0.0098
mixed,64,3,0.0469,4.0,32,8192,512,2048,584,958.4,1588.992,953.056,-0.0085
mixed,64,3,0.0469,4.0,32,8192,1024,4096,1168,1212.834,2470.208,1195.232,-0.014
mixed,64,3,0.0469,4.0,32,8192,2048,8192,2336,1706.656,5157.794,1672.611,-0.0099
mixed,64,3,0.0469,4.0,32,8192,4096,16384,4672,3016.451,10859.65,3302.397,0.0365
mixed,64,3,0.0469,4.0,64,0,128,512,146,139.136,363.232,142.24,0.0139
mixed,64,3,0.0469,4.0,64,0,256,1024,292,223.968,654.112,254.494,0.071
mixed,64,3,0.0469,4.0,64,0,512,2048,584,383.711,1219.809,452.767,0.0826
mixed,64,3,0.0469,4.0,64,0,1024,4096,1168,734.144,2441.474,845.408,0.0652
mixed,64,3,0.0469,4.0,64,0,2048,8192,2336,1374.785,5200.098,1627.777,0.0661
mixed,64,3,0.0469,4.0,64,0,4096,16384,4672,2976.706,10611.395,3303.682,0.0428
mixed,64,3,0.0469,4.0,64,512,128,512,146,148.352,367.744,147.135,-0.0055
mixed,64,3,0.0469,4.0,64,512,256,1024,292,229.761,654.847,263.36,0.079
mixed,64,3,0.0469,4.0,64,512,512,2048,584,384.768,1256.032,457.056,0.083
mixed,64,3,0.0469,4.0,64,512,1024,4096,1168,742.274,2495.715,849.057,0.0609
mixed,64,3,0.0469,4.0,64,512,2048,8192,2336,1421.953,5244.129,1657.249,0.0616
mixed,64,3,0.0469,4.0,64,512,4096,16384,4672,3015.713,10867.204,3376.483,0.0459
mixed,64,3,0.0469,4.0,64,1024,128,512,146,191.233,367.968,187.647,-0.0203
mixed,64,3,0.0469,4.0,64,1024,256,1024,292,260.19,665.117,266.913,0.0166
mixed,64,3,0.0469,4.0,64,1024,512,2048,584,387.169,1254.4,460.896,0.085
mixed,64,3,0.0469,4.0,64,1024,1024,4096,1168,732.416,2524.157,852.159,0.0668
mixed,64,3,0.0469,4.0,64,1024,2048,8192,2336,1413.12,5152.702,1655.392,0.0648
mixed,64,3,0.0469,4.0,64,1024,4096,16384,4672,3025.922,10877.314,3379.201,0.045
mixed,64,3,0.0469,4.0,64,2048,128,512,146,272.608,442.783,272.031,-0.0034
mixed,64,3,0.0469,4.0,64,2048,256,1024,292,340.992,670.206,345.471,0.0136
mixed,64,3,0.0469,4.0,64,2048,512,2048,584,459.712,1244.512,471.487,0.015
mixed,64,3,0.0469,4.0,64,2048,1024,4096,1168,749.28,2572.544,855.104,0.058
mixed,64,3,0.0469,4.0,64,2048,2048,8192,2336,1407.103,5170.208,1633.792,0.0602
mixed,64,3,0.0469,4.0,64,2048,4096,16384,4672,2993.25,10896.389,3348.066,0.0449
mixed,64,3,0.0469,4.0,64,4096,128,512,146,439.264,614.783,436.095,-0.0181
mixed,64,3,0.0469,4.0,64,4096,256,1024,292,508.321,825.57,512.448,0.013
mixed,64,3,0.0469,4.0,64,4096,512,2048,584,627.648,1263.81,625.696,-0.0031
mixed,64,3,0.0469,4.0,64,4096,1024,4096,1168,885.92,2414.627,866.656,-0.0126
mixed,64,3,0.0469,4.0,64,4096,2048,8192,2336,1422.816,5040.449,1659.809,0.0655
mixed,64,3,0.0469,4.0,64,4096,4096,16384,4672,2998.912,10894.087,3250.752,0.0319
mixed,64,3,0.0469,4.0,64,8192,128,512,146,768.64,937.152,768.512,-0.0008
mixed,64,3,0.0469,4.0,64,8192,256,1024,292,839.712,1157.696,839.68,-0.0001
mixed,64,3,0.0469,4.0,64,8192,512,2048,584,961.471,1600.48,954.591,-0.0108
mixed,64,3,0.0469,4.0,64,8192,1024,4096,1168,1219.935,2462.814,1196.96,-0.0185
mixed,64,3,0.0469,4.0,64,8192,2048,8192,2336,1696.32,5054.944,1684.354,-0.0036
mixed,64,3,0.0469,4.0,64,8192,4096,16384,4672,2990.786,10851.107,3288.513,0.0379
mixed,64,3,0.0469,4.0,128,0,128,512,146,141.663,375.519,146.559,0.0209
mixed,64,3,0.0469,4.0,128,0,256,1024,292,227.744,668.256,257.439,0.0674
mixed,64,3,0.0469,4.0,128,0,512,2048,584,407.52,1241.024,466.337,0.0706
mixed,64,3,0.0469,4.0,128,0,1024,4096,1168,738.944,2402.657,858.176,0.0717
mixed,64,3,0.0469,4.0,128,0,2048,8192,2336,1396.576,5140.026,1660.322,0.0705
mixed,64,3,0.0469,4.0,128,0,4096,16384,4672,3033.152,10833.222,3247.871,0.0275
mixed,64,3,0.0469,4.0,128,512,128,512,146,152.896,372.224,151.84,-0.0048
mixed,64,3,0.0469,4.0,128,512,256,1024,292,237.888,671.361,264.736,0.0619
mixed,64,3,0.0469,4.0,128,512,512,2048,584,395.136,1298.621,461.952,0.074
mixed,64,3,0.0469,4.0,128,512,1024,4096,1168,766.08,2549.408,874.751,0.0609
mixed,64,3,0.0469,4.0,128,512,2048,8192,2336,1496.801,5376.129,1704.32,0.0535
mixed,64,3,0.0469,4.0,128,512,4096,16384,4672,3085.602,11014.279,3414.847,0.0415
mixed,64,3,0.0469,4.0,128,1024,128,512,146,193.311,376.96,192.544,-0.0042
mixed,64,3,0.0469,4.0,128,1024,256,1024,292,268.416,670.208,270.08,0.0041
mixed,64,3,0.0469,4.0,128,1024,512,2048,584,407.68,1286.433,474.624,0.0762
mixed,64,3,0.0469,4.0,128,1024,1024,4096,1168,743.329,2603.009,856.736,0.061
mixed,64,3,0.0469,4.0,128,1024,2048,8192,2336,1477.056,5340.067,1708.609,0.0599
mixed,64,3,0.0469,4.0,128,1024,4096,16384,4672,3049.189,10982.245,3405.222,0.0449
mixed,64,3,0.0469,4.0,128,2048,128,512,146,277.345,446.174,275.106,-0.0133
mixed,64,3,0.0469,4.0,128,2048,256,1024,292,348.226,674.498,349.249,0.0031
mixed,64,3,0.0469,4.0,128,2048,512,2048,584,472.672,1265.024,478.401,0.0072
mixed,64,3,0.0469,4.0,128,2048,1024,4096,1168,764.862,2552.577,885.632,0.0676
mixed,64,3,0.0469,4.0,128,2048,2048,8192,2336,1409.859,5267.043,1649.056,0.062
mixed,64,3,0.0469,4.0,128,2048,4096,16384,4672,3058.849,10980.517,3382.562,0.0409
mixed,64,3,0.0469,4.0,128,4096,128,512,146,442.847,611.968,441.76,-0.0064
mixed,64,3,0.0469,4.0,128,4096,256,1024,292,513.153,834.785,521.695,0.0266
mixed,64,3,0.0469,4.0,128,4096,512,2048,584,636.672,1271.84,646.657,0.0157
mixed,64,3,0.0469,4.0,128,4096,1024,4096,1168,891.388,2433.571,893.632,0.0015
mixed,64,3,0.0469,4.0,128,4096,2048,8192,2336,1452.832,5289.571,1712.416,0.0677
mixed,64,3,0.0469,4.0,128,4096,4096,16384,4672,3010.435,10933.061,3288.928,0.0352
mixed,64,3,0.0469,4.0,128,8192,128,512,146,772.032,942.048,773.953,0.0113
mixed,64,3,0.0469,4.0,128,8192,256,1024,292,846.945,1166.91,849.122,0.0068
mixed,64,3,0.0469,4.0,128,8192,512,2048,584,971.072,1613.442,952.995,-0.0281
mixed,64,3,0.0469,4.0,128,8192,1024,4096,1168,1220.513,2494.913,1224.864,0.0034
mixed,64,3,0.0469,4.0,128,8192,2048,8192,2336,1728.833,5230.434,1730.818,0.0006
mixed,64,3,0.0469,4.0,128,8192,4096,16384,4672,2976.93,10881.574,3344.417,0.0465
mixed,64,3,0.0469,4.0,256,0,128,512,146,146.912,393.792,151.904,0.0202
mixed,64,3,0.0469,4.0,256,0,256,1024,292,238.016,731.648,265.503,0.0557
mixed,64,3,0.0469,4.0,256,0,512,2048,584,437.441,1355.902,473.824,0.0396
mixed,64,3,0.0469,4.0,256,0,1024,4096,1168,817.281,2628.483,907.487,0.0498
mixed,64,3,0.0469,4.0,256,0,2048,8192,2336,1519.617,5422.755,1766.464,0.0632
mixed,64,3,0.0469,4.0,256,0,4096,16384,4672,3082.403,10949.033,3404.836,0.041
mixed,64,3,0.0469,4.0,256,512,128,512,146,168.961,385.728,169.696,0.0034
mixed,64,3,0.0469,4.0,256,512,256,1024,292,247.968,711.68,268.001,0.0432
mixed,64,3,0.0469,4.0,256,512,512,2048,584,411.52,1387.649,474.88,0.0649
mixed,64,3,0.0469,4.0,256,512,1024,4096,1168,809.536,2765.568,899.81,0.0462
mixed,64,3,0.0469,4.0,256,512,2048,8192,2336,1595.489,5573.344,1763.651,0.0423
mixed,64,3,0.0469,4.0,256,512,4096,16384,4672,3169.536,11144.29,3515.235,0.0433
mixed,64,3,0.0469,4.0,256,1024,128,512,146,213.279,388.224,213.377,0.0006
mixed,64,3,0.0469,4.0,256,1024,256,1024,292,267.936,673.281,287.138,0.0474
mixed,64,3,0.0469,4.0,256,1024,512,2048,584,427.456,1365.439,485.28,0.0616
mixed,64,3,0.0469,4.0,256,1024,1024,4096,1168,758.337,2720.994,879.616,0.0618
mixed,64,3,0.0469,4.0,256,1024,2048,8192,2336,1564.161,5550.789,1762.305,0.0497
mixed,64,3,0.0469,4.0,256,1024,4096,16384,4672,3156.451,11146.247,3498.469,0.0428
mixed,64,3,0.0469,4.0,256,2048,128,512,146,295.136,455.712,294.686,-0.0028
mixed,64,3,0.0469,4.0,256,2048,256,1024,292,351.008,695.52,356.928,0.0172
mixed,64,3,0.0469,4.0,256,2048,512,2048,584,492.354,1268.481,492.448,0.0001
mixed,64,3,0.0469,4.0,256,2048,1024,4096,1168,793.152,2683.233,908.609,0.0611
mixed,64,3,0.0469,4.0,256,2048,2048,8192,2336,1494.241,5511.523,1706.274,0.0528
mixed,64,3,0.0469,4.0,256,2048,4096,16384,4672,3114.431,11112.006,3515.107,0.0501
mixed,64,3,0.0469,4.0,256,4096,128,512,146,459.296,619.936,461.888,0.0161
mixed,64,3,0.0469,4.0,256,4096,256,1024,292,514.913,854.049,523.391,0.025
mixed,64,3,0.0469,4.0,256,4096,512,2048,584,652.929,1308.323,647.231,-0.0087
mixed,64,3,0.0469,4.0,256,4096,1024,4096,1168,921.217,2531.233,917.859,-0.0021
mixed,64,3,0.0469,4.0,256,4096,2048,8192,2336,1511.78,5467.876,1767.489,0.0646
mixed,64,3,0.0469,4.0,256,4096,4096,16384,4672,3077.221,11062.889,3380.834,0.038
mixed,64,3,0.0469,4.0,256,8192,128,512,146,794.144,955.969,794.016,-0.0008
mixed,64,3,0.0469,4.0,256,8192,256,1024,292,845.667,1189.473,850.848,0.0151
mixed,64,3,0.0469,4.0,256,8192,512,2048,584,982.754,1641.41,986.975,0.0064
mixed,64,3,0.0469,4.0,256,8192,1024,4096,1168,1243.489,2615.779,1246.754,0.0024
mixed,64,3,0.0469,4.0,256,8192,2048,8192,2336,1765.408,5350.563,1777.376,0.0033
mixed,64,3,0.0469,4.0,256,8192,4096,16384,4672,3043.106,10902.214,3503.584,0.0586
mixed,64,3,0.0469,4.0,512,0,128,512,146,170.177,402.815,173.056,0.0124
mixed,64,3,0.0469,4.0,512,0,256,1024,292,251.072,754.912,273.568,0.0446
mixed,64,3,0.0469,4.0,512,0,512,2048,584,446.75,1467.008,499.457,0.0517
mixed,64,3,0.0469,4.0,512,0,1024,4096,1168,854.27,2845.763,943.521,0.0448
mixed,64,3,0.0469,4.0,512,0,2048,8192,2336,1655.521,5645.857,1816.003,0.0402
mixed,64,3,0.0469,4.0,512,0,4096,16384,4672,3254.021,11125.416,3577.57,0.0411
mixed,64,3,0.0469,4.0,512,512,128,512,146,214.08,409.28,216.097,0.0103
mixed,64,3,0.0469,4.0,512,512,256,1024,292,270.784,741.665,284.544,0.0292
mixed,64,3,0.0469,4.0,512,512,512,2048,584,444.352,1444.991,507.264,0.0629
mixed,64,3,0.0469,4.0,512,512,1024,4096,1168,833.213,2872.706,946.625,0.0556
mixed,64,3,0.0469,4.0,512,512,2048,8192,2336,1645.09,5752.355,1848.45,0.0495
mixed,64,3,0.0469,4.0,512,512,4096,16384,4672,3272.262,11513.894,3643.808,0.0451
mixed,64,3,0.0469,4.0,512,1024,128,512,146,261.889,419.263,263.04,0.0073
mixed,64,3,0.0469,4.0,512,1024,256,1024,292,313.985,738.367,313.504,-0.0011
mixed,64,3,0.0469,4.0,512,1024,512,2048,584,454.24,1411.453,522.4,0.0712
mixed,64,3,0.0469,4.0,512,1024,1024,4096,1168,824.767,2832.578,939.487,0.0571
mixed,64,3,0.0469,4.0,512,1024,2048,8192,2336,1621.599,5734.052,1831.329,0.051
mixed,64,3,0.0469,4.0,512,1024,4096,16384,4672,3248.449,11474.76,3637.217,0.0473
mixed,64,3,0.0469,4.0,512,2048,128,512,146,346.751,511.457,349.855,0.0188
mixed,64,3,0.0469,4.0,512,2048,256,1024,292,400.578,752.449,402.209,0.0046
mixed,64,3,0.0469,4.0,512,2048,512,2048,584,520.354,1360.321,526.368,0.0072
mixed,64,3,0.0469,4.0,512,2048,1024,4096,1168,850.69,2771.073,988.831,0.0719
mixed,64,3,0.0469,4.0,512,2048,2048,8192,2336,1585.569,5656.357,1788.768,0.0499
mixed,64,3,0.0469,4.0,512,2048,4096,16384,4672,3176.037,11422.982,3616.771,0.0534
mixed,64,3,0.0469,4.0,512,4096,128,512,146,511.554,675.744,513.344,0.0109
mixed,64,3,0.0469,4.0,512,4096,256,1024,292,564.672,959.713,569.792,0.013
mixed,64,3,0.0469,4.0,512,4096,512,2048,584,694.912,1420.449,688.224,-0.0092
mixed,64,3,0.0469,4.0,512,4096,1024,4096,1168,1040.897,2624.866,997.089,-0.0277
mixed,64,3,0.0469,4.0,512,4096,2048,8192,2336,1606.21,5523.684,1931.009,0.0829
mixed,64,3,0.0469,4.0,512,4096,4096,16384,4672,3089.475,11288.008,3546.562,0.0558
mixed,64,3,0.0469,4.0,512,8192,128,512,146,841.728,1009.029,847.424,0.034
mixed,64,3,0.0469,4.0,512,8192,256,1024,292,900.961,1271.84,903.81,0.0077
mixed,64,3,0.0469,4.0,512,8192,512,2048,584,1026.24,1835.171,1018.72,-0.0093
mixed,64,3,0.0469,4.0,512,8192,1024,4096,1168,1345.025,2749.666,1296.897,-0.0343
mixed,64,3,0.0469,4.0,512,8192,2048,8192,2336,2019.137,5352.675,1902.146,-0.0351
mixed,64,3,0.0469,4.0,512,8192,4096,16384,4672,3120.962,11014.762,3862.949,0.094
mixed,64,3,0.0469,4.0,1024,0,128,512,146,261.024,424.256,262.591,0.0096
mixed,64,3,0.0469,4.0,1024,0,256,1024,292,299.296,759.679,308.865,0.0208
mixed,64,3,0.0469,4.0,1024,0,512,2048,584,465.278,1453.856,519.264,0.0546
mixed,64,3,0.0469,4.0,1024,0,1024,4096,1168,857.728,2903.233,998.306,0.0687
mixed,64,3,0.0469,4.0,1024,0,2048,8192,2336,1661.313,5832.643,1930.787,0.0646
mixed,64,3,0.0469,4.0,1024,0,4096,16384,4672,3310.177,11658.311,3778.308,0.0561
mixed,64,3,0.0469,4.0,1024,512,128,512,146,323.01,439.872,324.864,0.0159
mixed,64,3,0.0469,4.0,1024,512,256,1024,292,357.344,769.25,358.849,0.0037
mixed,64,3,0.0469,4.0,1024,512,512,2048,584,475.039,1457.793,528.609,0.0545
mixed,64,3,0.0469,4.0,1024,512,1024,4096,1168,857.277,2901.672,1027.137,0.0831
mixed,64,3,0.0469,4.0,1024,512,2048,8192,2336,1643.776,5805.123,1946.561,0.0728
mixed,64,3,0.0469,4.0,1024,512,4096,16384,4672,3286.114,11655.623,3831.779,0.0652
mixed,64,3,0.0469,4.0,1024,1024,128,512,146,382.305,480.385,383.585,0.0131
mixed,64,3,0.0469,4.0,1024,1024,256,1024,292,413.729,784.353,420.927,0.0194
mixed,64,3,0.0469,4.0,1024,1024,512,2048,584,500.578,1441.153,543.072,0.0452
mixed,64,3,0.0469,4.0,1024,1024,1024,4096,1168,875.073,2854.178,1022.785,0.0746
mixed,64,3,0.0469,4.0,1024,1024,2048,8192,2336,1638.626,5768.073,1967.007,0.0795
mixed,64,3,0.0469,4.0,1024,1024,4096,16384,4672,3248.354,11626.992,3888.549,0.0764
mixed,64,3,0.0469,4.0,1024,2048,128,512,146,489.313,599.232,492.191,0.0262
mixed,64,3,0.0469,4.0,1024,2048,256,1024,292,530.496,798.754,537.058,0.0245
mixed,64,3,0.0469,4.0,1024,2048,512,2048,584,607.488,1462.208,613.345,0.0069
mixed,64,3,0.0469,4.0,1024,2048,1024,4096,1168,902.242,2820.131,1019.585,0.0612
mixed,64,3,0.0469,4.0,1024,2048,2048,8192,2336,1652.257,5699.395,1987.681,0.0829
mixed,64,3,0.0469,4.0,1024,2048,4096,16384,4672,3205.377,11522.632,3920.032,0.0859
mixed,64,3,0.0469,4.0,1024,4096,128,512,146,659.201,821.249,663.776,0.0282
mixed,64,3,0.0469,4.0,1024,4096,256,1024,292,714.977,1008.511,723.904,0.0304
mixed,64,3,0.0469,4.0,1024,4096,512,2048,584,835.776,1509.057,838.593,0.0042
mixed,64,3,0.0469,4.0,1024,4096,1024,4096,1168,1083.712,2835.874,1071.265,-0.0071
mixed,64,3,0.0469,4.0,1024,4096,2048,8192,2336,1709.41,5584.326,1974.464,0.0684
mixed,64,3,0.0469,4.0,1024,4096,4096,16384,4672,3220.963,11415.528,3972.258,0.0917
mixed,64,3,0.0469,4.0,1024,8192,128,512,146,994.017,1160.512,1000.352,0.038
mixed,64,3,0.0469,4.0,1024,8192,256,1024,292,1055.009,1408.387,1062.689,0.0217
mixed,64,3,0.0469,4.0,1024,8192,512,2048,584,1175.619,1803.554,1191.776,0.0257
mixed,64,3,0.0469,4.0,1024,8192,1024,4096,1168,1476.188,2927.585,1482.112,0.0041
mixed,64,3,0.0469,4.0,1024,8192,2048,8192,2336,1995.329,5547.522,2048.577,0.015
mixed,64,3,0.0469,4.0,1024,8192,4096,16384,4672,3339.139,11078.026,3900.068,0.0725
mixed,64,3,0.0469,4.0,2048,0,128,512,146,483.264,568.96,485.696,0.0284
mixed,64,3,0.0469,4.0,2048,0,256,1024,292,516.096,816.322,519.969,0.0129
mixed,64,3,0.0469,4.0,2048,0,512,2048,584,578.496,1500.514,615.04,0.0396
mixed,64,3,0.0469,4.0,2048,0,1024,4096,1168,904.161,2875.812,1039.105,0.0684
mixed,64,3,0.0469,4.0,2048,0,2048,8192,2336,1691.232,5788.19,2026.338,0.0818
mixed,64,3,0.0469,4.0,2048,0,4096,16384,4672,3266.245,11636.201,3954.916,0.0823
mixed,64,3,0.0469,4.0,2048,512,128,512,146,569.887,655.553,572.927,0.0355
mixed,64,3,0.0469,4.0,2048,512,256,1024,292,601.983,852.608,604.736,0.011
mixed,64,3,0.0469,4.0,2048,512,512,2048,584,658.305,1499.935,669.952,0.0138
mixed,64,3,0.0469,4.0,2048,512,1024,4096,1168,931.648,2864.546,1056.512,0.0646
mixed,64,3,0.0469,4.0,2048,512,2048,8192,2336,1700.483,5733.573,2020.546,0.0794
mixed,64,3,0.0469,4.0,2048,512,4096,16384,4672,3260.579,11590.9,3987.227,0.0872
mixed,64,3,0.0469,4.0,2048,1024,128,512,146,648.577,737.089,653.057,0.0506
mixed,64,3,0.0469,4.0,2048,1024,256,1024,292,682.369,895.808,685.281,0.0136
mixed,64,3,0.0469,4.0,2048,1024,512,2048,584,743.489,1536.483,755.489,0.0151
mixed,64,3,0.0469,4.0,2048,1024,1024,4096,1168,969.056,2864.291,1066.113,0.0512
mixed,64,3,0.0469,4.0,2048,1024,2048,8192,2336,1715.362,5704.292,2026.112,0.0779
mixed,64,3,0.0469,4.0,2048,1024,4096,16384,4672,3256.643,11551.558,4028.259,0.093
mixed,64,3,0.0469,4.0,2048,2048,128,512,146,806.306,903.904,807.806,0.0154
mixed,64,3,0.0469,4.0,2048,2048,256,1024,292,842.432,1023.233,840.672,-0.0097
mixed,64,3,0.0469,4.0,2048,2048,512,2048,584,915.171,1523.043,928.034,0.0212
mixed,64,3,0.0469,4.0,2048,2048,1024,4096,1168,1062.4,2914.595,1127.169,0.035
mixed,64,3,0.0469,4.0,2048,2048,2048,8192,2336,1706.144,5633.669,2062.209,0.0907
mixed,64,3,0.0469,4.0,2048,2048,4096,16384,4672,3283.267,11444.459,3998.915,0.0877
mixed,64,3,0.0469,4.0,2048,4096,128,512,146,1129.377,1210.655,1131.104,0.0212
mixed,64,3,0.0469,4.0,2048,4096,256,1024,292,1155.553,1367.84,1158.433,0.0136
mixed,64,3,0.0469,4.0,2048,4096,512,2048,584,1227.776,1694.113,1240.322,0.0269
mixed,64,3,0.0469,4.0,2048,4096,1024,4096,1168,1415.683,2936.323,1401.281,-0.0095
mixed,64,3,0.0469,4.0,2048,4096,2048,8192,2336,1839.363,5641.861,2060.0,0.058
mixed,64,3,0.0469,4.0,2048,4096,4096,16384,4672,3342.467,11159.152,4094.309,0.0962
mixed,64,3,0.0469,4.0,2048,8192,128,512,146,1796.067,1864.993,1804.864,0.1276
mixed,64,3,0.0469,4.0,2048,8192,256,1024,292,1819.745,1975.517,1823.906,0.0267
mixed,64,3,0.0469,4.0,2048,8192,512,2048,584,1865.665,2332.229,1875.33,0.0207
mixed,64,3,0.0469,4.0,2048,8192,1024,4096,1168,2018.977,3278.976,2010.723,-0.0066
mixed,64,3,0.0469,4.0,2048,8192,2048,8192,2336,2427.296,5779.364,2426.689,-0.0002
mixed,64,3,0.0469,4.0,2048,8192,4096,16384,4672,3537.446,11130.665,4100.389,0.0741
pure,64,4,0.0625,4.0,0,0,128,512,152,89.472,159.232,93.154,0.0528
pure,64,4,0.0625,4.0,0,0,256,1024,304,122.688,244.481,123.233,0.0045
pure,64,4,0.0625,4.0,0,0,512,2048,608,175.807,421.503,174.848,-0.0039
pure,64,4,0.0625,4.0,0,0,1024,4096,1216,278.177,740.514,274.626,-0.0077
pure,64,4,0.0625,4.0,0,0,2048,8192,2432,468.639,1408.225,470.976,0.0025
pure,64,4,0.0625,4.0,0,0,4096,16384,4864,864.351,2735.396,867.521,0.0017
mixed,64,4,0.0625,4.0,16,0,128,512,152,137.952,358.529,142.432,0.0203
mixed,64,4,0.0625,4.0,16,0,256,1024,304,222.176,648.736,249.825,0.0648
mixed,64,4,0.0625,4.0,16,0,512,2048,608,387.136,1215.169,459.65,0.0876
mixed,64,4,0.0625,4.0,16,0,1024,4096,1216,728.929,2409.219,853.281,0.074
mixed,64,4,0.0625,4.0,16,0,2048,8192,2432,1441.379,5230.755,1646.433,0.0541
mixed,64,4,0.0625,4.0,16,0,4096,16384,4864,2835.78,10776.771,3297.922,0.0582
mixed,64,4,0.0625,4.0,16,512,128,512,152,144.991,363.968,145.089,0.0004
mixed,64,4,0.0625,4.0,16,512,256,1024,304,230.4,649.824,261.921,0.0752
mixed,64,4,0.0625,4.0,16,512,512,2048,608,393.696,1241.025,463.392,0.0823
mixed,64,4,0.0625,4.0,16,512,1024,4096,1216,748.512,2553.824,870.912,0.0678
mixed,64,4,0.0625,4.0,16,512,2048,8192,2432,1470.241,5263.46,1693.986,0.059
mixed,64,4,0.0625,4.0,16,512,4096,16384,4864,3003.106,10865.928,3391.587,0.0494
mixed,64,4,0.0625,4.0,16,1024,128,512,152,186.944,365.12,186.752,-0.0011
mixed,64,4,0.0625,4.0,16,1024,256,1024,304,257.634,656.896,267.872,0.0256
mixed,64,4,0.0625,4.0,16,1024,512,2048,608,398.752,1254.559,468.831,0.0819
mixed,64,4,0.0625,4.0,16,1024,1024,4096,1216,741.632,2488.001,861.281,0.0685
mixed,64,4,0.0625,4.0,16,1024,2048,8192,2432,1471.905,5425.958,1692.417,0.0558
mixed,64,4,0.0625,4.0,16,1024,4096,16384,4864,2902.211,10880.074,3395.555,0.0618
mixed,64,4,0.0625,4.0,16,2048,128,512,152,270.624,444.192,268.96,-0.0096
mixed,64,4,0.0625,4.0,16,2048,256,1024,304,342.272,665.919,349.471,0.0222
mixed,64,4,0.0625,4.0,16,2048,512,2048,608,475.776,1248.547,476.704,0.0012
mixed,64,4,0.0625,4.0,16,2048,1024,4096,1216,757.282,2477.315,875.776,0.0689
mixed,64,4,0.0625,4.0,16,2048,2048,8192,2432,1449.28,5169.445,1677.826,0.0614
mixed,64,4,0.0625,4.0,16,2048,4096,16384,4864,2960.227,10874.472,3402.883,0.0559
mixed,64,4,0.0625,4.0,16,4096,128,512,152,436.513,601.823,433.664,-0.0172
mixed,64,4,0.0625,4.0,16,4096,256,1024,304,507.042,823.394,508.961,0.0061
mixed,64,4,0.0625,4.0,16,4096,512,2048,608,639.681,1259.553,637.632,-0.0033
mixed,64,4,0.0625,4.0,16,4096,1024,4096,1216,889.056,2428.77,891.072,0.0013
mixed,64,4,0.0625,4.0,16,4096,2048,8192,2432,1492.386,5021.989,1716.067,0.0634
mixed,64,4,0.0625,4.0,16,4096,4096,16384,4864,2930.114,10879.688,3330.402,0.0504
mixed,64,4,0.0625,4.0,16,8192,128,512,152,766.082,935.137,764.769,-0.0078
mixed,64,4,0.0625,4.0,16,8192,256,1024,304,841.92,1151.522,844.833,0.0094
mixed,64,4,0.0625,4.0,16,8192,512,2048,608,970.817,1586.593,959.555,-0.0183
mixed,64,4,0.0625,4.0,16,8192,1024,4096,1216,1220.96,2459.745,1215.139,-0.0047
mixed,64,4,0.0625,4.0,16,8192,2048,8192,2432,1751.552,5245.124,1731.745,-0.0057
mixed,64,4,0.0625,4.0,16,8192,4096,16384,4864,2985.155,10851.945,3428.067,0.0563
mixed,64,4,0.0625,4.0,32,0,128,512,152,137.824,358.752,142.048,0.0191
mixed,64,4,0.0625,4.0,32,0,256,1024,304,223.52,653.12,253.888,0.0707
mixed,64,4,0.0625,4.0,32,0,512,2048,608,388.48,1224.0,462.752,0.0889
mixed,64,4,0.0625,4.0,32,0,1024,4096,1216,735.009,2420.193,857.889,0.0729
mixed,64,4,0.0625,4.0,32,0,2048,8192,2432,1440.096,5106.533,1652.995,0.0581
mixed,64,4,0.0625,4.0,32,0,4096,16384,4864,2871.777,10820.427,3286.788,0.0522
mixed,64,4,0.0625,4.0,32,512,128,512,152,146.497,366.561,146.336,-0.0007
mixed,64,4,0.0625,4.0,32,512,256,1024,304,232.642,650.049,264.064,0.0753
mixed,64,4,0.0625,4.0,32,512,512,2048,608,393.794,1243.456,462.017,0.0803
mixed,64,4,0.0625,4.0,32,512,1024,4096,1216,752.929,2493.633,865.825,0.0649
mixed,64,4,0.0625,4.0,32,512,2048,8192,2432,1459.136,5402.884,1697.76,0.0605
mixed,64,4,0.0625,4.0,32,512,4096,16384,4864,2917.795,10882.026,3366.785,0.0564
mixed,64,4,0.0625,4.0,32,1024,128,512,152,188.127,367.072,187.872,-0.0014
mixed,64,4,0.0625,4.0,32,1024,256,1024,304,259.552,657.313,270.239,0.0269
mixed,64,4,0.0625,4.0,32,1024,512,2048,608,399.745,1246.625,472.831,0.0863
mixed,64,4,0.0625,4.0,32,1024,1024,4096,1216,745.027,2580.098,864.321,0.065
mixed,64,4,0.0625,4.0,32,1024,2048,8192,2432,1478.658,5372.195,1696.642,0.056
mixed,64,4,0.0625,4.0,32,1024,4096,16384,4864,2950.755,10899.625,3414.406,0.0583
mixed,64,4,0.0625,4.0,32,2048,128,512,152,271.424,441.088,269.408,-0.0119
mixed,64,4,0.0625,4.0,32,2048,256,1024,304,343.295,663.874,344.927,0.0051
mixed,64,4,0.0625,4.0,32,2048,512,2048,608,474.177,1238.272,479.297,0.0067
mixed,64,4,0.0625,4.0,32,2048,1024,4096,1216,759.807,2505.601,876.095,0.0666
mixed,64,4,0.0625,4.0,32,2048,2048,8192,2432,1458.083,5306.751,1679.874,0.0576
mixed,64,4,0.0625,4.0,32,2048,4096,16384,4864,2958.179,10902.633,3413.538,0.0573
mixed,64,4,0.0625,4.0,32,4096,128,512,152,436.961,606.337,436.001,-0.0057
mixed,64,4,0.0625,4.0,32,4096,256,1024,304,509.313,822.85,512.928,0.0115
mixed,64,4,0.0625,4.0,32,4096,512,2048,608,640.161,1255.777,644.513,0.0071
mixed,64,4,0.0625,4.0,32,4096,1024,4096,1216,896.322,2423.969,894.4,-0.0013
mixed,64,4,0.0625,4.0,32,4096,2048,8192,2432,1487.873,5174.756,1707.52,0.0596
mixed,64,4,0.0625,4.0,32,4096,4096,16384,4864,3011.078,10852.874,3312.485,0.0384
mixed,64,4,0.0625,4.0,32,8192,128,512,152,765.665,932.641,768.48,0.0169
mixed,64,4,0.0625,4.0,32,8192,256,1024,304,840.385,1155.17,844.67,0.0136
mixed,64,4,0.0625,4.0,32,8192,512,2048,608,968.865,1593.251,973.28,0.0071
mixed,64,4,0.0625,4.0,32,8192,1024,4096,1216,1220.352,2431.011,1223.329,0.0025
mixed,64,4,0.0625,4.0,32,8192,2048,8192,2432,1747.073,5138.723,1721.282,-0.0076
mixed,64,4,0.0625,4.0,32,8192,4096,16384,4864,2906.756,10864.364,3387.334,0.0604
mixed,64,4,0.0625,4.0,64,0,128,512,152,139.168,362.434,142.624,0.0155
mixed,64,4,0.0625,4.0,64,0,256,1024,304,224.352,652.098,255.712,0.0733
mixed,64,4,0.0625,4.0,64,0,512,2048,608,391.968,1222.657,464.288,0.0871
mixed,64,4,0.0625,4.0,64,0,1024,4096,1216,736.927,2404.231,858.239,0.0728
mixed,64,4,0.0625,4.0,64,0,2048,8192,2432,1449.922,5173.438,1652.927,0.0545
mixed,64,4,0.0625,4.0,64,0,4096,16384,4864,2945.026,10757.769,3267.107,0.0412
mixed,64,4,0.0625,4.0,64,512,128,512,152,149.216,367.937,147.839,-0.0063
mixed,64,4,0.0625,4.0,64,512,256,1024,304,235.584,651.582,267.937,0.0778
mixed,64,4,0.0625,4.0,64,512,512,2048,608,396.735,1256.928,464.705,0.079
mixed,64,4,0.0625,4.0,64,512,1024,4096,1216,756.928,2519.94,867.169,0.0625
mixed,64,4,0.0625,4.0,64,512,2048,8192,2432,1471.934,5147.971,1699.457,0.0619
mixed,64,4,0.0625,4.0,64,512,4096,16384,4864,2883.234,10852.585,3382.947,0.0627
mixed,64,4,0.0625,4.0,64,1024,128,512,152,191.647,369.504,188.512,-0.0176
mixed,64,4,0.0625,4.0,64,1024,256,1024,304,260.512,665.345,269.472,0.0221
mixed,64,4,0.0625,4.0,64,1024,512,2048,608,404.993,1251.171,473.475,0.0809
mixed,64,4,0.0625,4.0,64,1024,1024,4096,1216,744.896,2548.964,867.425,0.0679
mixed,64,4,0.0625,4.0,64,1024,2048,8192,2432,1467.555,5178.789,1706.785,0.0645
mixed,64,4,0.0625,4.0,64,1024,4096,16384,4864,3000.292,10880.868,3392.612,0.0498
mixed,64,4,0.0625,4.0,64,2048,128,512,152,273.983,441.186,272.896,-0.0065
mixed,64,4,0.0625,4.0,64,2048,256,1024,304,345.023,667.842,348.769,0.0116
mixed,64,4,0.0625,4.0,64,2048,512,2048,608,476.352,1254.306,479.359,0.0039
mixed,64,4,0.0625,4.0,64,2048,1024,4096,1216,764.129,2590.146,883.328,0.0653
mixed,64,4,0.0625,4.0,64,2048,2048,8192,2432,1456.802,5146.789,1683.489,0.0614
mixed,64,4,0.0625,4.0,64,2048,4096,16384,4864,2971.715,10854.283,3395.269,0.0537
mixed,64,4,0.0625,4.0,64,4096,128,512,152,439.425,610.209,436.355,-0.018
mixed,64,4,0.0625,4.0,64,4096,256,1024,304,510.271,825.123,514.944,0.0148
mixed,64,4,0.0625,4.0,64,4096,512,2048,608,638.592,1258.69,644.194,0.009
mixed,64,4,0.0625,4.0,64,4096,1024,4096,1216,894.496,2421.538,893.248,-0.0008
mixed,64,4,0.0625,4.0,64,4096,2048,8192,2432,1495.807,5109.543,1716.769,0.0611
mixed,64,4,0.0625,4.0,64,4096,4096,16384,4864,2912.354,10829.612,3344.037,0.0545
mixed,64,4,0.0625,4.0,64,8192,128,512,152,769.761,941.057,769.315,-0.0026
mixed,64,4,0.0625,4.0,64,8192,256,1024,304,843.553,1154.046,844.704,0.0037
mixed,64,4,0.0625,4.0,64,8192,512,2048,608,969.41,1602.177,975.266,0.0093
mixed,64,4,0.0625,4.0,64,8192,1024,4096,1216,1227.104,2447.333,1222.177,-0.004
mixed,64,4,0.0625,4.0,64,8192,2048,8192,2432,1773.602,5217.121,1741.793,-0.0092
mixed,64,4,0.0625,4.0,64,8192,4096,16384,4864,2934.435,10862.217,3397.379,0.0584
mixed,64,4,0.0625,4.0,128,0,128,512,152,141.792,376.224,146.848,0.0216
mixed,64,4,0.0625,4.0,128,0,256,1024,304,232.129,671.618,260.256,0.064
mixed,64,4,0.0625,4.0,128,0,512,2048,608,415.938,1234.754,475.041,0.0722
mixed,64,4,0.0625,4.0,128,0,1024,4096,1216,756.129,2459.714,879.585,0.0725
mixed,64,4,0.0625,4.0,128,0,2048,8192,2432,1462.56,5191.909,1687.716,0.0604
mixed,64,4,0.0625,4.0,128,0,4096,16384,4864,3032.388,10814.764,3313.094,0.0361
mixed,64,4,0.0625,4.0,128,512,128,512,152,153.439,373.632,150.942,-0.0113
mixed,64,4,0.0625,4.0,128,512,256,1024,304,239.776,673.666,268.865,0.067
mixed,64,4,0.0625,4.0,128,512,512,2048,608,404.929,1291.617,474.625,0.0786
mixed,64,4,0.0625,4.0,128,512,1024,4096,1216,782.88,2562.048,891.843,0.0612
mixed,64,4,0.0625,4.0,128,512,2048,8192,2432,1525.634,5348.421,1730.786,0.0537
mixed,64,4,0.0625,4.0,128,512,4096,16384,4864,3125.475,10975.635,3448.515,0.0412
mixed,64,4,0.0625,4.0,128,1024,128,512,152,194.049,377.697,193.889,-0.0009
mixed,64,4,0.0625,4.0,128,1024,256,1024,304,267.778,668.579,275.711,0.0198
mixed,64,4,0.0625,4.0,128,1024,512,2048,608,422.016,1287.746,488.416,0.0767
mixed,64,4,0.0625,4.0,128,1024,1024,4096,1216,752.706,2607.202,881.858,0.0696
mixed,64,4,0.0625,4.0,128,1024,2048,8192,2432,1529.633,5332.582,1744.033,0.0564
mixed,64,4,0.0625,4.0,128,1024,4096,16384,4864,3114.435,10971.365,3449.991,0.0427
mixed,64,4,0.0625,4.0,128,2048,128,512,152,277.089,447.775,276.674,-0.0024
mixed,64,4,0.0625,4.0,128,2048,256,1024,304,351.393,673.889,354.56,0.0098
mixed,64,4,0.0625,4.0,128,2048,512,2048,608,479.426,1252.032,491.233,0.0153
mixed,64,4,0.0625,4.0,128,2048,1024,4096,1216,778.529,2527.713,905.729,0.0727
mixed,64,4,0.0625,4.0,128,2048,2048,8192,2432,1479.619,5251.91,1704.259,0.0596
mixed,64,4,0.0625,4.0,128,2048,4096,16384,4864,3057.347,10959.02,3457.86,0.0507
mixed,64,4,0.0625,4.0,128,4096,128,512,152,444.735,617.984,441.633,-0.0179
mixed,64,4,0.0625,4.0,128,4096,256,1024,304,516.45,833.57,522.753,0.0199
mixed,64,4,0.0625,4.0,128,4096,512,2048,608,648.384,1274.37,648.225,-0.0003
mixed,64,4,0.0625,4.0,128,4096,1024,4096,1216,904.768,2437.347,915.424,0.007
mixed,64,4,0.0625,4.0,128,4096,2048,8192,2432,1513.795,5200.518,1753.058,0.0649
mixed,64,4,0.0625,4.0,128,4096,4096,16384,4864,3000.228,10941.325,3392.518,0.0494
mixed,64,4,0.0625,4.0,128,8192,128,512,152,773.281,949.248,772.802,-0.0027
mixed,64,4,0.0625,4.0,128,8192,256,1024,304,848.899,1163.903,852.866,0.0126
mixed,64,4,0.0625,4.0,128,8192,512,2048,608,980.962,1605.469,973.824,-0.0114
mixed,64,4,0.0625,4.0,128,8192,1024,4096,1216,1231.969,2490.212,1248.607,0.0132
mixed,64,4,0.0625,4.0,128,8192,2048,8192,2432,1773.665,5368.164,1771.521,-0.0006
mixed,64,4,0.0625,4.0,128,8192,4096,16384,4864,2994.149,10901.899,3466.565,0.0597
mixed,64,4,0.0625,4.0,256,0,128,512,152,147.456,392.96,154.4,0.0283
mixed,64,4,0.0625,4.0,256,0,256,1024,304,244.288,727.969,267.04,0.047
mixed,64,4,0.0625,4.0,256,0,512,2048,608,447.649,1336.642,487.648,0.045
mixed,64,4,0.0625,4.0,256,0,1024,4096,1216,843.872,2602.368,910.846,0.0381
mixed,64,4,0.0625,4.0,256,0,2048,8192,2432,1538.725,5341.189,1778.178,0.063
mixed,64,4,0.0625,4.0,256,0,4096,16384,4864,3096.547,10874.444,3472.324,0.0483
mixed,64,4,0.0625,4.0,256,512,128,512,152,169.986,383.585,170.592,0.0028
mixed,64,4,0.0625,4.0,256,512,256,1024,304,249.76,713.823,272.543,0.0491
mixed,64,4,0.0625,4.0,256,512,512,2048,608,433.505,1379.906,486.016,0.0555
mixed,64,4,0.0625,4.0,256,512,1024,4096,1216,832.96,2772.26,911.969,0.0407
mixed,64,4,0.0625,4.0,256,512,2048,8192,2432,1636.611,5577.668,1796.033,0.0405
mixed,64,4,0.0625,4.0,256,512,4096,16384,4864,3302.085,11154.506,3547.271,0.0312
mixed,64,4,0.0625,4.0,256,1024,128,512,152,212.354,385.152,214.368,0.0117
mixed,64,4,0.0625,4.0,256,1024,256,1024,304,274.943,675.296,285.76,0.027
mixed,64,4,0.0625,4.0,256,1024,512,2048,608,446.881,1369.601,498.688,0.0561
mixed,64,4,0.0625,4.0,256,1024,1024,4096,1216,775.841,2723.014,903.84,0.0657
mixed,64,4,0.0625,4.0,256,1024,2048,8192,2432,1607.073,5560.105,1812.77,0.052
mixed,64,4,0.0625,4.0,256,1024,4096,16384,4864,3263.364,11141.485,3556.963,0.0373
mixed,64,4,0.0625,4.0,256,2048,128,512,152,296.64,460.416,298.463,0.0111
mixed,64,4,0.0625,4.0,256,2048,256,1024,304,356.704,700.704,359.936,0.0094
mixed,64,4,0.0625,4.0,256,2048,512,2048,608,504.158,1282.749,507.743,0.0046
mixed,64,4,0.0625,4.0,256,2048,1024,4096,1216,818.593,2700.198,932.896,0.0607
mixed,64,4,0.0625,4.0,256,2048,2048,8192,2432,1522.593,5506.118,1762.338,0.0602
mixed,64,4,0.0625,4.0,256,2048,4096,16384,4864,3239.779,11106.764,3605.346,0.0465
mixed,64,4,0.0625,4.0,256,4096,128,512,152,460.672,617.056,463.649,0.019
mixed,64,4,0.0625,4.0,256,4096,256,1024,304,519.168,856.833,527.168,0.0237
mixed,64,4,0.0625,4.0,256,4096,512,2048,608,668.45,1302.176,666.787,-0.0026
mixed,64,4,0.0625,4.0,256,4096,1024,4096,1216,941.952,2547.394,937.119,-0.003
mixed,64,4,0.0625,4.0,256,4096,2048,8192,2432,1571.011,5433.096,1811.3,0.0622
mixed,64,4,0.0625,4.0,256,4096,4096,16384,4864,3153.507,11006.25,3453.574,0.0382
mixed,64,4,0.0625,4.0,256,8192,128,512,152,796.768,947.455,796.289,-0.0032
mixed,64,4,0.0625,4.0,256,8192,256,1024,304,851.201,1190.657,859.235,0.0237
mixed,64,4,0.0625,4.0,256,8192,512,2048,608,1004.447,1638.498,997.953,-0.0102
mixed,64,4,0.0625,4.0,256,8192,1024,4096,1216,1277.857,2568.995,1257.63,-0.0157
mixed,64,4,0.0625,4.0,256,8192,2048,8192,2432,1817.121,5316.681,1798.918,-0.0052
mixed,64,4,0.0625,4.0,256,8192,4096,16384,4864,3092.998,10927.916,3566.821,0.0605
mixed,64,4,0.0625,4.0,512,0,128,512,152,170.848,403.52,175.36,0.0194
mixed,64,4,0.0625,4.0,512,0,256,1024,304,260.864,755.33,277.728,0.0341
mixed,64,4,0.0625,4.0,512,0,512,2048,608,459.68,1459.616,507.424,0.0477
mixed,64,4,0.0625,4.0,512,0,1024,4096,1216,877.795,2836.544,951.329,0.0375
mixed,64,4,0.0625,4.0,512,0,2048,8192,2432,1719.779,5639.302,1860.961,0.036
mixed,64,4,0.0625,4.0,512,0,4096,16384,4864,3387.618,11093.899,3562.722,0.0227
mixed,64,4,0.0625,4.0,512,512,128,512,152,215.103,412.576,217.79,0.0136
mixed,64,4,0.0625,4.0,512,512,256,1024,304,272.224,738.209,289.376,0.0368
mixed,64,4,0.0625,4.0,512,512,512,2048,608,459.521,1441.696,524.192,0.0658
mixed,64,4,0.0625,4.0,512,512,1024,4096,1216,860.161,2880.479,951.138,0.045
mixed,64,4,0.0625,4.0,512,512,2048,8192,2432,1705.252,5753.7,1854.723,0.0369
mixed,64,4,0.0625,4.0,512,512,4096,16384,4864,3414.853,11499.403,3669.157,0.0315
mixed,64,4,0.0625,4.0,512,1024,128,512,152,262.753,418.561,265.344,0.0166
mixed,64,4,0.0625,4.0,512,1024,256,1024,304,314.88,737.632,316.96,0.0049
mixed,64,4,0.0625,4.0,512,1024,512,2048,608,466.081,1411.809,529.505,0.0671
mixed,64,4,0.0625,4.0,512,1024,1024,4096,1216,858.21,2828.672,954.528,0.0489
mixed,64,4,0.0625,4.0,512,1024,2048,8192,2432,1678.371,5731.877,1866.434,0.0464
mixed,64,4,0.0625,4.0,512,1024,4096,16384,4864,3386.405,11474.313,3708.39,0.0398
mixed,64,4,0.0625,4.0,512,2048,128,512,152,346.783,506.495,350.207,0.0214
mixed,64,4,0.0625,4.0,512,2048,256,1024,304,404.77,750.559,405.504,0.0021
mixed,64,4,0.0625,4.0,512,2048,512,2048,608,530.272,1366.689,531.074,0.001
mixed,64,4,0.0625,4.0,512,2048,1024,4096,1216,868.991,2779.171,1007.104,0.0723
mixed,64,4,0.0625,4.0,512,2048,2048,8192,2432,1629.314,5660.807,1840.322,0.0523
mixed,64,4,0.0625,4.0,512,2048,4096,16384,4864,3303.011,11430.763,3676.197,0.0459
mixed,64,4,0.0625,4.0,512,4096,128,512,152,513.215,678.048,515.426,0.0134
mixed,64,4,0.0625,4.0,512,4096,256,1024,304,570.016,960.482,570.879,0.0022
mixed,64,4,0.0625,4.0,512,4096,512,2048,608,701.441,1421.347,693.986,-0.0104
mixed,64,4,0.0625,4.0,512,4096,1024,4096,1216,1057.217,2625.283,1004.961,-0.0333
mixed,64,4,0.0625,4.0,512,4096,2048,8192,2432,1667.103,5524.038,1964.768,0.0772
mixed,64,4,0.0625,4.0,512,4096,4096,16384,4864,3207.492,11289.196,3634.756,0.0529
mixed,64,4,0.0625,4.0,512,8192,128,512,152,844.513,1008.706,849.314,0.0292
mixed,64,4,0.0625,4.0,512,8192,256,1024,304,902.657,1265.729,904.384,0.0048
mixed,64,4,0.0625,4.0,512,8192,512,2048,608,1037.249,1844.163,1026.913,-0.0128
mixed,64,4,0.0625,4.0,512,8192,1024,4096,1216,1363.522,2749.987,1302.53,-0.044
mixed,64,4,0.0625,4.0,512,8192,2048,8192,2432,2085.953,5343.047,1914.565,-0.0526
mixed,64,4,0.0625,4.0,512,8192,4096,16384,4864,3252.386,11018.539,3879.27,0.0807
mixed,64,4,0.0625,4.0,1024,0,128,512,152,260.352,425.984,264.258,0.0236
mixed,64,4,0.0625,4.0,1024,0,256,1024,304,300.353,761.088,313.6,0.0288
mixed,64,4,0.0625,4.0,1024,0,512,2048,608,481.281,1458.881,544.736,0.0649
mixed,64,4,0.0625,4.0,1024,0,1024,4096,1216,882.497,2904.003,1022.468,0.0692
mixed,64,4,0.0625,4.0,1024,0,2048,8192,2432,1719.811,5829.736,1991.618,0.0661
mixed,64,4,0.0625,4.0,1024,0,4096,16384,4864,3454.212,11654.797,3840.547,0.0471
mixed,64,4,0.0625,4.0,1024,512,128,512,152,323.233,441.536,326.527,0.0278
mixed,64,4,0.0625,4.0,1024,512,256,1024,304,356.672,769.44,361.887,0.0126
mixed,64,4,0.0625,4.0,1024,512,512,2048,608,484.768,1454.369,542.85,0.0599
mixed,64,4,0.0625,4.0,1024,512,1024,4096,1216,891.519,2894.467,1044.385,0.0763
mixed,64,4,0.0625,4.0,1024,512,2048,8192,2432,1709.508,5794.214,2005.155,0.0724
mixed,64,4,0.0625,4.0,1024,512,4096,16384,4864,3445.987,11647.977,3904.258,0.0559
mixed,64,4,0.0625,4.0,1024,1024,128,512,152,381.793,480.93,383.935,0.0216
mixed,64,4,0.0625,4.0,1024,1024,256,1024,304,416.865,785.214,421.44,0.0124
mixed,64,4,0.0625,4.0,1024,1024,512,2048,608,506.433,1449.507,553.793,0.0502
mixed,64,4,0.0625,4.0,1024,1024,1024,4096,1216,897.023,2863.07,1043.68,0.0746
mixed,64,4,0.0625,4.0,1024,1024,2048,8192,2432,1704.547,5779.816,2015.234,0.0762
mixed,64,4,0.0625,4.0,1024,1024,4096,16384,4864,3406.918,11648.046,3941.475,0.0649
mixed,64,4,0.0625,4.0,1024,2048,128,512,152,490.21,597.377,495.232,0.0469
mixed,64,4,0.0625,4.0,1024,2048,256,1024,304,534.147,798.017,541.73,0.0287
mixed,64,4,0.0625,4.0,1024,2048,512,2048,608,614.176,1456.738,618.401,0.005
mixed,64,4,0.0625,4.0,1024,2048,1024,4096,1216,927.202,2818.181,1052.93,0.0665
mixed,64,4,0.0625,4.0,1024,2048,2048,8192,2432,1713.76,5689.775,2043.362,0.0829
mixed,64,4,0.0625,4.0,1024,2048,4096,16384,4864,3338.082,11521.55,3979.201,0.0783
mixed,64,4,0.0625,4.0,1024,4096,128,512,152,659.808,821.506,664.224,0.0273
mixed,64,4,0.0625,4.0,1024,4096,256,1024,304,717.505,1019.586,726.049,0.0283
mixed,64,4,0.0625,4.0,1024,4096,512,2048,608,840.804,1507.395,843.905,0.0047
mixed,64,4,0.0625,4.0,1024,4096,1024,4096,1216,1104.13,2844.931,1081.73,-0.0129
mixed,64,4,0.0625,4.0,1024,4096,2048,8192,2432,1770.368,5566.184,2026.913,0.0676
mixed,64,4,0.0625,4.0,1024,4096,4096,16384,4864,3337.577,11428.972,4037.187,0.0865
mixed,64,4,0.0625,4.0,1024,8192,128,512,152,994.558,1161.347,1004.161,0.0576
mixed,64,4,0.0625,4.0,1024,8192,256,1024,304,1056.93,1406.338,1065.057,0.0233
mixed,64,4,0.0625,4.0,1024,8192,512,2048,608,1178.882,1805.989,1205.217,0.042
mixed,64,4,0.0625,4.0,1024,8192,1024,4096,1216,1482.53,2916.356,1502.882,0.0142
mixed,64,4,0.0625,4.0,1024,8192,2048,8192,2432,2042.339,5571.782,2100.673,0.0165
mixed,64,4,0.0625,4.0,1024,8192,4096,16384,4864,3461.444,11081.615,3966.566,0.0663
mixed,64,4,0.0625,4.0,2048,0,128,512,152,485.856,569.281,488.224,0.0284
mixed,64,4,0.0625,4.0,2048,0,256,1024,304,514.592,817.89,522.242,0.0252
mixed,64,4,0.0625,4.0,2048,0,512,2048,608,582.593,1501.058,624.194,0.0453
mixed,64,4,0.0625,4.0,2048,0,1024,4096,1216,928.064,2881.859,1058.787,0.0669
mixed,64,4,0.0625,4.0,2048,0,2048,8192,2432,1756.29,5813.607,2076.768,0.079
mixed,64,4,0.0625,4.0,2048,0,4096,16384,4864,3409.572,11641.164,4051.589,0.078
mixed,64,4,0.0625,4.0,2048,512,128,512,152,567.168,651.584,573.888,0.0796
mixed,64,4,0.0625,4.0,2048,512,256,1024,304,602.272,854.656,607.233,0.0197
mixed,64,4,0.0625,4.0,2048,512,512,2048,608,661.025,1501.605,675.103,0.0167
mixed,64,4,0.0625,4.0,2048,512,1024,4096,1216,947.617,2869.027,1082.754,0.0703
mixed,64,4,0.0625,4.0,2048,512,2048,8192,2432,1770.468,5743.847,2069.635,0.0753
mixed,64,4,0.0625,4.0,2048,512,4096,16384,4864,3384.74,11590.288,4064.804,0.0829
mixed,64,4,0.0625,4.0,2048,1024,128,512,152,651.138,736.514,655.808,0.0547
mixed,64,4,0.0625,4.0,2048,1024,256,1024,304,688.385,895.17,691.491,0.015
mixed,64,4,0.0625,4.0,2048,1024,512,2048,608,745.633,1528.611,759.712,0.018
mixed,64,4,0.0625,4.0,2048,1024,1024,4096,1216,978.88,2878.979,1087.297,0.0571
mixed,64,4,0.0625,4.0,2048,1024,2048,8192,2432,1778.943,5724.2,2080.8,0.0765
mixed,64,4,0.0625,4.0,2048,1024,4096,16384,4864,3368.037,11563.854,4129.125,0.0929
mixed,64,4,0.0625,4.0,2048,2048,128,512,152,810.881,909.537,812.769,0.0191
mixed,64,4,0.0625,4.0,2048,2048,256,1024,304,843.97,1024.511,849.313,0.0296
mixed,64,4,0.0625,4.0,2048,2048,512,2048,608,914.56,1522.306,929.727,0.025
mixed,64,4,0.0625,4.0,2048,2048,1024,4096,1216,1064.799,2920.55,1142.692,0.042
mixed,64,4,0.0625,4.0,2048,2048,2048,8192,2432,1787.488,5645.285,2103.235,0.0818
mixed,64,4,0.0625,4.0,2048,2048,4096,16384,4864,3436.514,11422.511,4068.775,0.0792
mixed,64,4,0.0625,4.0,2048,4096,128,512,152,1132.512,1210.306,1138.241,0.0736
mixed,64,4,0.0625,4.0,2048,4096,256,1024,304,1161.602,1364.321,1163.874,0.0112
mixed,64,4,0.0625,4.0,2048,4096,512,2048,608,1215.777,1695.009,1249.057,0.0694
mixed,64,4,0.0625,4.0,2048,4096,1024,4096,1216,1415.17,2936.579,1413.282,-0.0012
mixed,64,4,0.0625,4.0,2048,4096,2048,8192,2432,1885.314,5646.983,2105.123,0.0584
mixed,64,4,0.0625,4.0,2048,4096,4096,16384,4864,3452.452,11169.967,4154.212,0.0909
mixed,64,4,0.0625,4.0,2048,8192,128,512,152,1800.29,1860.706,1800.961,0.0111
mixed,64,4,0.0625,4.0,2048,8192,256,1024,304,1822.85,1995.363,1823.138,0.0017
mixed,64,4,0.0625,4.0,2048,8192,512,2048,608,1869.891,2313.119,1877.667,0.0175
mixed,64,4,0.0625,4.0,2048,8192,1024,4096,1216,2015.01,3283.812,2041.155,0.0206
mixed,64,4,0.0625,4.0,2048,8192,2048,8192,2432,2437.187,5744.293,2459.395,0.0067
mixed,64,4,0.0625,4.0,2048,8192,4096,16384,4864,3656.198,11148.357,4194.918,0.0719
pure,64,8,0.125,4.0,0,0,128,512,176,93.666,159.296,99.2,0.0843
pure,64,8,0.125,4.0,0,0,256,1024,352,130.721,244.225,131.841,0.0099
pure,64,8,0.125,4.0,0,0,512,2048,704,186.144,419.744,190.656,0.0193
pure,64,8,0.125,4.0,0,0,1024,4096,1408,315.583,743.522,307.073,-0.0199
pure,64,8,0.125,4.0,0,0,2048,8192,2816,537.054,1399.52,540.988,0.0046
pure,64,8,0.125,4.0,0,0,4096,16384,5632,989.892,2744.933,998.338,0.0048
mixed,64,8,0.125,4.0,16,0,128,512,176,140.577,359.009,144.928,0.0199
mixed,64,8,0.125,4.0,16,0,256,1024,352,243.104,647.938,277.248,0.0843
mixed,64,8,0.125,4.0,16,0,512,2048,704,452.161,1210.337,505.088,0.0698
mixed,64,8,0.125,4.0,16,0,1024,4096,1408,860.673,2443.011,949.344,0.056
mixed,64,8,0.125,4.0,16,0,2048,8192,2816,1642.977,5153.319,1849.569,0.0589
mixed,64,8,0.125,4.0,16,0,4096,16384,5632,3445.797,10778.572,3680.838,0.0321
mixed,64,8,0.125,4.0,16,512,128,512,176,150.113,363.297,149.056,-0.005
mixed,64,8,0.125,4.0,16,512,256,1024,352,251.008,649.057,290.464,0.0991
mixed,64,8,0.125,4.0,16,512,512,2048,704,451.936,1246.529,511.427,0.0749
mixed,64,8,0.125,4.0,16,512,1024,4096,1408,884.48,2546.242,956.706,0.0435
mixed,64,8,0.125,4.0,16,512,2048,8192,2816,1699.075,5248.039,1867.46,0.0474
mixed,64,8,0.125,4.0,16,512,4096,16384,5632,3537.284,10824.812,3724.198,0.0256
mixed,64,8,0.125,4.0,16,1024,128,512,176,192.321,365.441,190.145,-0.0126
mixed,64,8,0.125,4.0,16,1024,256,1024,352,275.872,655.904,292.736,0.0444
mixed,64,8,0.125,4.0,16,1024,512,2048,704,461.376,1244.929,519.904,0.0747
mixed,64,8,0.125,4.0,16,1024,1024,4096,1408,867.904,2525.796,958.145,0.0544
mixed,64,8,0.125,4.0,16,1024,2048,8192,2816,1699.81,5430.693,1891.556,0.0514
mixed,64,8,0.125,4.0,16,1024,4096,16384,5632,3593.891,10886.382,3704.359,0.0151
mixed,64,8,0.125,4.0,16,2048,128,512,176,274.72,442.817,272.833,-0.0112
mixed,64,8,0.125,4.0,16,2048,256,1024,352,361.378,663.424,367.936,0.0217
mixed,64,8,0.125,4.0,16,2048,512,2048,704,512.16,1228.676,521.473,0.013
mixed,64,8,0.125,4.0,16,2048,1024,4096,1408,893.731,2514.692,970.785,0.0475
mixed,64,8,0.125,4.0,16,2048,2048,8192,2816,1700.547,5337.667,1872.419,0.0473
mixed,64,8,0.125,4.0,16,2048,4096,16384,5632,3552.292,10881.963,3725.188,0.0236
mixed,64,8,0.125,4.0,16,4096,128,512,176,439.807,603.139,438.753,-0.0065
mixed,64,8,0.125,4.0,16,4096,256,1024,352,532.547,818.593,529.696,-0.01
mixed,64,8,0.125,4.0,16,4096,512,2048,704,676.801,1256.0,681.855,0.0087
mixed,64,8,0.125,4.0,16,4096,1024,4096,1408,989.569,2458.052,978.72,-0.0074
mixed,64,8,0.125,4.0,16,4096,2048,8192,2816,1706.146,5092.39,1904.483,0.0586
mixed,64,8,0.125,4.0,16,4096,4096,16384,5632,3584.101,10884.428,3704.227,0.0165
mixed,64,8,0.125,4.0,16,8192,128,512,176,774.304,935.137,766.272,-0.0499
mixed,64,8,0.125,4.0,16,8192,256,1024,352,858.336,1149.186,862.593,0.0146
mixed,64,8,0.125,4.0,16,8192,512,2048,704,1008.514,1583.613,1012.225,0.0065
mixed,64,8,0.125,4.0,16,8192,1024,4096,1408,1317.63,2471.203,1307.138,-0.0091
mixed,64,8,0.125,4.0,16,8192,2048,8192,2816,1926.208,5071.782,1898.179,-0.0089
mixed,64,8,0.125,4.0,16,8192,4096,16384,5632,3477.989,10823.043,3755.238,0.0377
mixed,64,8,0.125,4.0,32,0,128,512,176,141.505,357.343,145.313,0.0176
mixed,64,8,0.125,4.0,32,0,256,1024,352,244.96,650.658,272.671,0.0683
mixed,64,8,0.125,4.0,32,0,512,2048,704,450.112,1214.946,507.777,0.0754
mixed,64,8,0.125,4.0,32,0,1024,4096,1408,863.842,2419.33,954.146,0.0581
mixed,64,8,0.125,4.0,32,0,2048,8192,2816,1650.466,4963.205,1848.005,0.0596
mixed,64,8,0.125,4.0,32,0,4096,16384,5632,3472.931,10807.281,3651.973,0.0244
mixed,64,8,0.125,4.0,32,512,128,512,176,150.56,366.528,148.928,-0.0076
mixed,64,8,0.125,4.0,32,512,256,1024,352,251.905,652.032,290.208,0.0957
mixed,64,8,0.125,4.0,32,512,512,2048,704,449.951,1252.737,514.626,0.0806
mixed,64,8,0.125,4.0,32,512,1024,4096,1408,887.171,2511.262,961.919,0.046
mixed,64,8,0.125,4.0,32,512,2048,8192,2816,1704.737,5403.399,1883.555,0.0483
mixed,64,8,0.125,4.0,32,512,4096,16384,5632,3586.021,10880.747,3703.587,0.0161
mixed,64,8,0.125,4.0,32,1024,128,512,176,193.44,367.298,190.435,-0.0173
mixed,64,8,0.125,4.0,32,1024,256,1024,352,283.649,658.433,298.465,0.0395
mixed,64,8,0.125,4.0,32,1024,512,2048,704,463.104,1255.586,520.13,0.072
mixed,64,8,0.125,4.0,32,1024,1024,4096,1408,867.135,2600.834,961.89,0.0547
mixed,64,8,0.125,4.0,32,1024,2048,8192,2816,1708.96,5425.126,1888.259,0.0482
mixed,64,8,0.125,4.0,32,1024,4096,16384,5632,3571.363,10865.454,3717.541,0.02
mixed,64,8,0.125,4.0,32,2048,128,512,176,276.256,445.57,271.968,-0.0253
mixed,64,8,0.125,4.0,32,2048,256,1024,352,363.105,662.943,367.265,0.0139
mixed,64,8,0.125,4.0,32,2048,512,2048,704,512.418,1236.16,524.352,0.0165
mixed,64,8,0.125,4.0,32,2048,1024,4096,1408,890.881,2468.677,970.72,0.0506
mixed,64,8,0.125,4.0,32,2048,2048,8192,2816,1706.881,5339.334,1884.034,0.0488
mixed,64,8,0.125,4.0,32,2048,4096,16384,5632,3475.523,10874.225,3726.211,0.0339
mixed,64,8,0.125,4.0,32,4096,128,512,176,440.672,601.187,438.594,-0.0129
mixed,64,8,0.125,4.0,32,4096,256,1024,352,537.057,823.553,533.761,-0.0115
mixed,64,8,0.125,4.0,32,4096,512,2048,704,679.041,1257.986,686.306,0.0125
mixed,64,8,0.125,4.0,32,4096,1024,4096,1408,986.241,2439.393,977.602,-0.0059
mixed,64,8,0.125,4.0,32,4096,2048,8192,2816,1715.264,5161.477,1901.186,0.0539
mixed,64,8,0.125,4.0,32,4096,4096,16384,5632,3690.181,10778.926,3701.604,0.0016
mixed,64,8,0.125,4.0,32,8192,128,512,176,773.376,936.161,769.891,-0.0214
mixed,64,8,0.125,4.0,32,8192,256,1024,352,858.432,1154.081,866.755,0.0282
mixed,64,8,0.125,4.0,32,8192,512,2048,704,1010.207,1582.626,1017.664,0.013
mixed,64,8,0.125,4.0,32,8192,1024,4096,1408,1316.737,2474.243,1306.624,-0.0087
mixed,64,8,0.125,4.0,32,8192,2048,8192,2816,1922.337,5298.632,1899.525,-0.0068
mixed,64,8,0.125,4.0,32,8192,4096,16384,5632,3532.163,10880.335,3765.73,0.0318
mixed,64,8,0.125,4.0,64,0,128,512,176,144.64,361.664,147.744,0.0143
mixed,64,8,0.125,4.0,64,0,256,1024,352,247.84,652.768,276.639,0.0711
mixed,64,8,0.125,4.0,64,0,512,2048,704,456.322,1221.377,509.248,0.0692
mixed,64,8,0.125,4.0,64,0,1024,4096,1408,865.027,2444.74,953.155,0.0558
mixed,64,8,0.125,4.0,64,0,2048,8192,2816,1627.074,5076.454,1866.947,0.0695
mixed,64,8,0.125,4.0,64,0,4096,16384,5632,3394.405,10760.97,3673.218,0.0378
mixed,64,8,0.125,4.0,64,512,128,512,176,154.047,367.007,150.529,-0.0165
mixed,64,8,0.125,4.0,64,512,256,1024,352,253.698,654.976,291.296,0.0937
mixed,64,8,0.125,4.0,64,512,512,2048,704,454.049,1258.593,514.72,0.0754
mixed,64,8,0.125,4.0,64,512,1024,4096,1408,878.369,2468.898,957.186,0.0496
mixed,64,8,0.125,4.0,64,512,2048,8192,2816,1702.881,5171.941,1899.042,0.0565
mixed,64,8,0.125,4.0,64,512,4096,16384,5632,3566.533,10905.709,3726.182,0.0218
mixed,64,8,0.125,4.0,64,1024,128,512,176,194.656,369.12,193.217,-0.0082
mixed,64,8,0.125,4.0,64,1024,256,1024,352,284.801,663.904,292.831,0.0212
mixed,64,8,0.125,4.0,64,1024,512,2048,704,466.752,1250.019,522.399,0.071
mixed,64,8,0.125,4.0,64,1024,1024,4096,1408,871.04,2571.395,967.36,0.0566
mixed,64,8,0.125,4.0,64,1024,2048,8192,2816,1696.739,5153.574,1882.916,0.0539
mixed,64,8,0.125,4.0,64,1024,4096,16384,5632,3553.061,10876.847,3725.572,0.0236
mixed,64,8,0.125,4.0,64,2048,128,512,176,277.76,443.49,275.136,-0.0158
mixed,64,8,0.125,4.0,64,2048,256,1024,352,366.529,668.449,370.689,0.0138
mixed,64,8,0.125,4.0,64,2048,512,2048,704,515.457,1247.042,525.473,0.0137
mixed,64,8,0.125,4.0,64,2048,1024,4096,1408,894.784,2626.82,978.594,0.0484
mixed,64,8,0.125,4.0,64,2048,2048,8192,2816,1712.771,5166.281,1873.634,0.0466
mixed,64,8,0.125,4.0,64,2048,4096,16384,5632,3561.503,10854.284,3731.232,0.0233
mixed,64,8,0.125,4.0,64,4096,128,512,176,442.466,609.377,440.129,-0.014
mixed,64,8,0.125,4.0,64,4096,256,1024,352,534.048,823.584,535.199,0.004
mixed,64,8,0.125,4.0,64,4096,512,2048,704,681.538,1262.336,680.544,-0.0017
mixed,64,8,0.125,4.0,64,4096,1024,4096,1408,990.721,2424.802,988.16,-0.0018
mixed,64,8,0.125,4.0,64,4096,2048,8192,2816,1716.676,5105.765,1901.827,0.0546
mixed,64,8,0.125,4.0,64,4096,4096,16384,5632,3603.589,10882.598,3733.481,0.0178
mixed,64,8,0.125,4.0,64,8192,128,512,176,775.841,938.98,772.93,-0.0178
mixed,64,8,0.125,4.0,64,8192,256,1024,352,861.12,1158.946,864.098,0.01
mixed,64,8,0.125,4.0,64,8192,512,2048,704,1011.36,1596.547,1019.52,0.0139
mixed,64,8,0.125,4.0,64,8192,1024,4096,1408,1322.111,2453.442,1316.578,-0.0049
mixed,64,8,0.125,4.0,64,8192,2048,8192,2816,1918.594,5037.671,1911.845,-0.0022
mixed,64,8,0.125,4.0,64,8192,4096,16384,5632,3571.302,10860.494,3772.547,0.0276
mixed,64,8,0.125,4.0,128,0,128,512,176,147.329,376.896,150.273,0.0128
mixed,64,8,0.125,4.0,128,0,256,1024,352,257.055,675.359,288.703,0.0757
mixed,64,8,0.125,4.0,128,0,512,2048,704,471.169,1233.633,516.416,0.0593
mixed,64,8,0.125,4.0,128,0,1024,4096,1408,886.24,2415.715,966.05,0.0522
mixed,64,8,0.125,4.0,128,0,2048,8192,2816,1656.417,5356.906,1868.866,0.0574
mixed,64,8,0.125,4.0,128,0,4096,16384,5632,3425.794,10676.338,3691.429,0.0366
mixed,64,8,0.125,4.0,128,512,128,512,176,159.905,373.215,154.432,-0.0257
mixed,64,8,0.125,4.0,128,512,256,1024,352,263.327,669.985,302.976,0.0975
mixed,64,8,0.125,4.0,128,512,512,2048,704,457.473,1296.034,522.401,0.0774
mixed,64,8,0.125,4.0,128,512,1024,4096,1408,912.034,2593.888,972.098,0.0357
mixed,64,8,0.125,4.0,128,512,2048,8192,2816,1781.923,5407.365,1924.514,0.0393
mixed,64,8,0.125,4.0,128,512,4096,16384,5632,3656.773,10999.819,3747.684,0.0124
mixed,64,8,0.125,4.0,128,1024,128,512,176,200.065,378.177,196.162,-0.0219
mixed,64,8,0.125,4.0,128,1024,256,1024,352,296.671,670.72,308.993,0.0329
mixed,64,8,0.125,4.0,128,1024,512,2048,704,476.833,1296.417,552.769,0.0927
mixed,64,8,0.125,4.0,128,1024,1024,4096,1408,887.263,2580.195,974.624,0.0516
mixed,64,8,0.125,4.0,128,1024,2048,8192,2816,1772.93,5401.196,1904.034,0.0361
mixed,64,8,0.125,4.0,128,1024,4096,16384,5632,3647.077,10969.741,3732.612,0.0117
mixed,64,8,0.125,4.0,128,2048,128,512,176,284.449,446.688,278.817,-0.0347
mixed,64,8,0.125,4.0,128,2048,256,1024,352,368.45,673.732,385.28,0.0551
mixed,64,8,0.125,4.0,128,2048,512,2048,704,521.344,1261.25,566.273,0.0607
mixed,64,8,0.125,4.0,128,2048,1024,4096,1408,922.687,2521.539,1045.859,0.077
mixed,64,8,0.125,4.0,128,2048,2048,8192,2816,1761.506,5291.049,1897.19,0.0384
mixed,64,8,0.125,4.0,128,2048,4096,16384,5632,3604.357,10965.518,3768.069,0.0222
mixed,64,8,0.125,4.0,128,4096,128,512,176,448.768,615.136,445.408,-0.0202
mixed,64,8,0.125,4.0,128,4096,256,1024,352,534.271,832.003,550.657,0.055
mixed,64,8,0.125,4.0,128,4096,512,2048,704,683.329,1277.632,690.562,0.0122
mixed,64,8,0.125,4.0,128,4096,1024,4096,1408,996.258,2443.234,1056.673,0.0418
mixed,64,8,0.125,4.0,128,4096,2048,8192,2816,1769.281,5224.102,2011.202,0.07
mixed,64,8,0.125,4.0,128,4096,4096,16384,5632,3717.218,10930.349,3730.435,0.0018
mixed,64,8,0.125,4.0,128,8192,128,512,176,781.344,948.608,776.129,-0.0312
mixed,64,8,0.125,4.0,128,8192,256,1024,352,869.731,1165.026,880.928,0.0379
mixed,64,8,0.125,4.0,128,8192,512,2048,704,1016.962,1618.531,1022.464,0.0091
mixed,64,8,0.125,4.0,128,8192,1024,4096,1408,1334.946,2513.701,1306.978,-0.0237
mixed,64,8,0.125,4.0,128,8192,2048,8192,2816,1926.658,5253.382,2029.892,0.031
mixed,64,8,0.125,4.0,128,8192,4096,16384,5632,3581.316,10870.893,4004.516,0.0581
mixed,64,8,0.125,4.0,256,0,128,512,176,151.584,394.433,160.096,0.0351
mixed,64,8,0.125,4.0,256,0,256,1024,352,273.025,730.914,295.488,0.0491
mixed,64,8,0.125,4.0,256,0,512,2048,704,510.274,1357.731,526.4,0.019
mixed,64,8,0.125,4.0,256,0,1024,4096,1408,946.401,2566.116,979.938,0.0207
mixed,64,8,0.125,4.0,256,0,2048,8192,2816,1839.233,5362.246,1905.986,0.0189
mixed,64,8,0.125,4.0,256,0,4096,16384,5632,3747.52,10883.116,3735.332,-0.0017
mixed,64,8,0.125,4.0,256,512,128,512,176,172.449,387.04,173.536,0.0051
mixed,64,8,0.125,4.0,256,512,256,1024,352,278.112,713.088,291.84,0.0316
mixed,64,8,0.125,4.0,256,512,512,2048,704,476.64,1385.89,551.84,0.0827
mixed,64,8,0.125,4.0,256,512,1024,4096,1408,962.784,2780.74,1027.968,0.0359
mixed,64,8,0.125,4.0,256,512,2048,8192,2816,1880.768,5576.901,1947.299,0.018
mixed,64,8,0.125,4.0,256,512,4096,16384,5632,3823.526,11136.944,3784.069,-0.0054
mixed,64,8,0.125,4.0,256,1024,128,512,176,215.905,385.76,220.865,0.0292
mixed,64,8,0.125,4.0,256,1024,256,1024,352,297.922,675.074,297.056,-0.0023
mixed,64,8,0.125,4.0,256,1024,512,2048,704,505.344,1368.099,549.442,0.0511
mixed,64,8,0.125,4.0,256,1024,1024,4096,1408,916.36,2731.642,1046.922,0.0719
mixed,64,8,0.125,4.0,256,1024,2048,8192,2816,1877.553,5548.18,1986.837,0.0298
mixed,64,8,0.125,4.0,256,1024,4096,16384,5632,3804.833,11127.748,3819.523,0.002
mixed,64,8,0.125,4.0,256,2048,128,512,176,299.299,461.411,301.956,0.0164
mixed,64,8,0.125,4.0,256,2048,256,1024,352,375.043,697.67,370.659,-0.0136
mixed,64,8,0.125,4.0,256,2048,512,2048,704,544.166,1271.563,557.381,0.0182
mixed,64,8,0.125,4.0,256,2048,1024,4096,1408,949.833,2694.106,1042.922,0.0534
mixed,64,8,0.125,4.0,256,2048,2048,8192,2816,1846.322,5518.608,2033.075,0.0509
mixed,64,8,0.125,4.0,256,2048,4096,16384,5632,3754.34,11112.325,3864.101,0.0149
mixed,64,8,0.125,4.0,256,4096,128,512,176,463.364,617.189,467.302,0.0256
mixed,64,8,0.125,4.0,256,4096,256,1024,352,541.188,856.873,539.682,-0.0048
mixed,64,8,0.125,4.0,256,4096,512,2048,704,703.622,1309.291,711.75,0.0134
mixed,64,8,0.125,4.0,256,4096,1024,4096,1408,1024.2,2517.882,1038.823,0.0098
mixed,64,8,0.125,4.0,256,4096,2048,8192,2816,1816.882,5423.281,2003.218,0.0517
mixed,64,8,0.125,4.0,256,4096,4096,16384,5632,3661.987,11051.204,4000.739,0.0458
mixed,64,8,0.125,4.0,256,8192,128,512,176,797.159,947.017,803.942,0.0453
mixed,64,8,0.125,4.0,256,8192,256,1024,352,877.257,1189.131,874.822,-0.0078
mixed,64,8,0.125,4.0,256,8192,512,2048,704,1045.066,1635.307,1043.337,-0.0029
mixed,64,8,0.125,4.0,256,8192,1024,4096,1408,1358.281,2541.432,1361.453,0.0027
mixed,64,8,0.125,4.0,256,8192,2048,8192,2816,1974.642,5386.419,2001.617,0.0079
mixed,64,8,0.125,4.0,256,8192,4096,16384,5632,3678.558,10918.112,3957.828,0.0386
mixed,64,8,0.125,4.0,512,0,128,512,176,173.73,402.98,181.857,0.0355
mixed,64,8,0.125,4.0,512,0,256,1024,352,285.186,754.279,300.098,0.0318
mixed,64,8,0.125,4.0,512,0,512,2048,704,521.765,1463.341,559.077,0.0396
mixed,64,8,0.125,4.0,512,0,1024,4096,1408,1029.161,2845.434,1035.178,0.0033
mixed,64,8,0.125,4.0,512,0,2048,8192,2816,1988.274,5643.631,1987.887,-0.0001
mixed,64,8,0.125,4.0,512,0,4096,16384,5632,3887.459,11158.082,3839.009,-0.0067
mixed,64,8,0.125,4.0,512,512,128,512,176,217.824,410.372,221.987,0.0216
mixed,64,8,0.125,4.0,512,512,256,1024,352,293.507,741.032,310.468,0.0379
mixed,64,8,0.125,4.0,512,512,512,2048,704,522.916,1442.155,575.334,0.057
mixed,64,8,0.125,4.0,512,512,1024,4096,1408,999.145,2859.737,1088.649,0.0481
mixed,64,8,0.125,4.0,512,512,2048,8192,2816,1983.47,5746.483,2071.344,0.0234
mixed,64,8,0.125,4.0,512,512,4096,16384,5632,3951.843,11481.922,4035.389,0.0111
mixed,64,8,0.125,4.0,512,1024,128,512,176,266.563,419.939,272.068,0.0359
mixed,64,8,0.125,4.0,512,1024,256,1024,352,328.035,737.926,330.34,0.0056
mixed,64,8,0.125,4.0,512,1024,512,2048,704,530.849,1404.397,578.149,0.0541
mixed,64,8,0.125,4.0,512,1024,1024,4096,1408,982.601,2835.384,1094.826,0.0606
mixed,64,8,0.125,4.0,512,1024,2048,8192,2816,1962.002,5723.856,2105.489,0.0381
mixed,64,8,0.125,4.0,512,1024,4096,16384,5632,3922.786,11480.163,4035.074,0.0149
mixed,64,8,0.125,4.0,512,2048,128,512,176,349.443,498.788,357.891,0.0566
mixed,64,8,0.125,4.0,512,2048,256,1024,352,414.819,753.833,421.669,0.0202
mixed,64,8,0.125,4.0,512,2048,512,2048,704,570.341,1369.995,580.229,0.0124
mixed,64,8,0.125,4.0,512,2048,1024,4096,1408,1001.894,2769.364,1094.055,0.0521
mixed,64,8,0.125,4.0,512,2048,2048,8192,2816,1887.729,5659.149,2123.22,0.0624
mixed,64,8,0.125,4.0,512,2048,4096,16384,5632,3840.577,11425.315,4106.149,0.035
mixed,64,8,0.125,4.0,512,4096,128,512,176,515.78,677.863,523.396,0.047
mixed,64,8,0.125,4.0,512,4096,256,1024,352,582.18,959.754,589.446,0.0192
mixed,64,8,0.125,4.0,512,4096,512,2048,704,756.39,1424.14,715.591,-0.0611
mixed,64,8,0.125,4.0,512,4096,1024,4096,1408,1082.824,2626.454,1078.185,-0.003
mixed,64,8,0.125,4.0,512,4096,2048,8192,2816,1920.847,5521.356,2092.627,0.0477
mixed,64,8,0.125,4.0,512,4096,4096,16384,5632,3719.138,11291.743,4142.496,0.0559
mixed,64,8,0.125,4.0,512,8192,128,512,176,848.777,1012.969,855.366,0.0401
mixed,64,8,0.125,4.0,512,8192,256,1024,352,913.671,1264.394,925.353,0.0333
mixed,64,8,0.125,4.0,512,8192,512,2048,704,1090.053,1837.359,1051.846,-0.0511
mixed,64,8,0.125,4.0,512,8192,1024,4096,1408,1480.268,2753.368,1380.746,-0.0782
mixed,64,8,0.125,4.0,512,8192,2048,8192,2816,2197.907,5338.699,2133.587,-0.0205
mixed,64,8,0.125,4.0,512,8192,4096,16384,5632,3728.705,11012.191,4086.435,0.0491
mixed,64,8,0.125,4.0,1024,0,128,512,176,263.618,424.803,270.339,0.0417
mixed,64,8,0.125,4.0,1024,0,256,1024,352,313.186,760.262,334.434,0.0475
mixed,64,8,0.125,4.0,1024,0,512,2048,704,547.268,1457.771,598.885,0.0567
mixed,64,8,0.125,4.0,1024,0,1024,4096,1408,1021.447,2916.215,1141.418,0.0633
mixed,64,8,0.125,4.0,1024,0,2048,8192,2816,1998.033,5826.836,2186.707,0.0493
mixed,64,8,0.125,4.0,1024,0,4096,16384,5632,4011.142,11664.447,4239.684,0.0299
mixed,64,8,0.125,4.0,1024,512,128,512,176,326.564,440.613,333.251,0.0586
mixed,64,8,0.125,4.0,1024,512,256,1024,352,362.084,768.358,373.667,0.0285
mixed,64,8,0.125,4.0,1024,512,512,2048,704,550.63,1453.165,597.254,0.0517
mixed,64,8,0.125,4.0,1024,512,1024,4096,1408,1018.185,2894.265,1145.034,0.0676
mixed,64,8,0.125,4.0,1024,512,2048,8192,2816,1983.823,5801.866,2226.578,0.0636
mixed,64,8,0.125,4.0,1024,512,4096,16384,5632,3979.84,11666.302,4274.343,0.0383
mixed,64,8,0.125,4.0,1024,1024,128,512,176,383.811,483.238,392.58,0.0882
mixed,64,8,0.125,4.0,1024,1024,256,1024,352,422.883,786.439,434.213,0.0312
mixed,64,8,0.125,4.0,1024,1024,512,2048,704,568.036,1443.981,604.132,0.0412
mixed,64,8,0.125,4.0,1024,1024,1024,4096,1408,1023.625,2869.591,1126.601,0.0558
mixed,64,8,0.125,4.0,1024,1024,2048,8192,2816,1962.735,5761.965,2217.076,0.0669
mixed,64,8,0.125,4.0,1024,1024,4096,16384,5632,3943.07,11641.889,4320.968,0.0491
mixed,64,8,0.125,4.0,1024,2048,128,512,176,493.605,596.003,503.972,0.1012
mixed,64,8,0.125,4.0,1024,2048,256,1024,352,539.206,798.279,552.421,0.051
mixed,64,8,0.125,4.0,1024,2048,512,2048,704,645.381,1465.548,644.613,-0.0009
mixed,64,8,0.125,4.0,1024,2048,1024,4096,1408,1060.617,2834.197,1149.51,0.0501
mixed,64,8,0.125,4.0,1024,2048,2048,8192,2816,1958.193,5714.895,2202.194,0.065
mixed,64,8,0.125,4.0,1024,2048,4096,16384,5632,3858.591,11538.746,4377.348,0.0675
mixed,64,8,0.125,4.0,1024,4096,128,512,176,664.261,820.806,676.549,0.0785
mixed,64,8,0.125,4.0,1024,4096,256,1024,352,724.135,1012.584,749.19,0.0869
mixed,64,8,0.125,4.0,1024,4096,512,2048,704,878.502,1512.109,876.711,-0.0028
mixed,64,8,0.125,4.0,1024,4096,1024,4096,1408,1153.033,2837.658,1158.027,0.003
mixed,64,8,0.125,4.0,1024,4096,2048,8192,2816,2024.146,5581.196,2254.578,0.0648
mixed,64,8,0.125,4.0,1024,4096,4096,16384,5632,3826.267,11403.803,4298.175,0.0623
mixed,64,8,0.125,4.0,1024,8192,128,512,176,1000.807,1159.657,1009.642,0.0556
mixed,64,8,0.125,4.0,1024,8192,256,1024,352,1061.353,1406.026,1082.824,0.0623
mixed,64,8,0.125,4.0,1024,8192,512,2048,704,1235.433,1807.95,1251.882,0.0287
mixed,64,8,0.125,4.0,1024,8192,1024,4096,1408,1590.924,2921.27,1588.493,-0.0018
mixed,64,8,0.125,4.0,1024,8192,2048,8192,2816,2225.81,5571.465,2233.745,0.0024
mixed,64,8,0.125,4.0,1024,8192,4096,16384,5632,3988.351,11095.957,4407.715,0.059
mixed,64,8,0.125,4.0,2048,0,128,512,176,486.819,568.325,493.38,0.0805
mixed,64,8,0.125,4.0,2048,0,256,1024,352,517.636,817.221,533.796,0.0539
mixed,64,8,0.125,4.0,2048,0,512,2048,704,633.348,1504.843,662.054,0.0329
mixed,64,8,0.125,4.0,2048,0,1024,4096,1408,1060.169,2868.668,1168.36,0.0598
mixed,64,8,0.125,4.0,2048,0,2048,8192,2816,2007.566,5797.87,2272.977,0.07
mixed,64,8,0.125,4.0,2048,0,4096,16384,5632,3944.8,11644.857,4389.507,0.0578
mixed,64,8,0.125,4.0,2048,512,128,512,176,570.66,654.596,577.349,0.0797
mixed,64,8,0.125,4.0,2048,512,256,1024,352,602.245,854.886,618.885,0.0659
mixed,64,8,0.125,4.0,2048,512,512,2048,704,690.147,1501.932,713.061,0.0282
mixed,64,8,0.125,4.0,2048,512,1024,4096,1408,1078.152,2869.524,1190.379,0.0626
mixed,64,8,0.125,4.0,2048,512,2048,8192,2816,2021.519,5749.831,2264.083,0.0651
mixed,64,8,0.125,4.0,2048,512,4096,16384,5632,3918.495,11614.621,4410.789,0.064
mixed,64,8,0.125,4.0,2048,1024,128,512,176,654.021,740.135,659.811,0.0672
mixed,64,8,0.125,4.0,2048,1024,256,1024,352,685.99,894.438,700.965,0.0718
mixed,64,8,0.125,4.0,2048,1024,512,2048,704,777.287,1531.019,784.645,0.0098
mixed,64,8,0.125,4.0,2048,1024,1024,4096,1408,1099.687,2876.598,1183.946,0.0474
mixed,64,8,0.125,4.0,2048,1024,2048,8192,2816,2028.112,5717.61,2289.01,0.0707
mixed,64,8,0.125,4.0,2048,1024,4096,16384,5632,3899.006,11580.445,4425.216,0.0685
mixed,64,8,0.125,4.0,2048,2048,128,512,176,805.64,900.871,821.543,0.167
mixed,64,8,0.125,4.0,2048,2048,256,1024,352,843.974,1032.134,862.982,0.101
mixed,64,8,0.125,4.0,2048,2048,512,2048,704,939.72,1523.821,958.343,0.0319
mixed,64,8,0.125,4.0,2048,2048,1024,4096,1408,1163.273,2926.648,1217.129,0.0305
mixed,64,8,0.125,4.0,2048,2048,2048,8192,2816,2059.372,5622.824,2291.345,0.0651
mixed,64,8,0.125,4.0,2048,2048,4096,16384,5632,3937.636,11468.054,4430.916,0.0655
mixed,64,8,0.125,4.0,2048,4096,128,512,176,1134.058,1217.993,1138.824,0.0568
mixed,64,8,0.125,4.0,2048,4096,256,1024,352,1157.799,1359.18,1172.968,0.0753
mixed,64,8,0.125,4.0,2048,4096,512,2048,704,1261.29,1699.407,1269.32,0.0183
mixed,64,8,0.125,4.0,2048,4096,1024,4096,1408,1477.291,2942.326,1480.009,0.0019
mixed,64,8,0.125,4.0,2048,4096,2048,8192,2816,2100.495,5699.821,2364.148,0.0733
mixed,64,8,0.125,4.0,2048,4096,4096,16384,5632,3954.91,11170.641,4460.77,0.0701
mixed,64,8,0.125,4.0,2048,8192,128,512,176,1799.403,1863.471,1804.687,0.0825
mixed,64,8,0.125,4.0,2048,8192,256,1024,352,1825.548,1978.541,1832.687,0.0467
mixed,64,8,0.125,4.0,2048,8192,512,2048,704,1891.79,2314.096,1890.828,-0.0023
mixed,64,8,0.125,4.0,2048,8192,1024,4096,1408,2111.726,3273.112,2078.191,-0.0289
mixed,64,8,0.125,4.0,2048,8192,2048,8192,2816,2692.691,5754.955,2646.388,-0.0151
mixed,64,8,0.125,4.0,2048,8192,4096,16384,5632,4058.206,11128.395,4650.596,0.0838
pure,64,16,0.25,4.0,0,0,128,512,224,101.472,158.848,109.663,0.1428
pure,64,16,0.25,4.0,0,0,256,1024,448,142.849,244.93,149.059,0.0608
pure,64,16,0.25,4.0,0,0,512,2048,896,218.177,420.837,222.114,0.0194
pure,64,16,0.25,4.0,0,0,1024,4096,1792,368.003,743.336,367.969,-0.0001
pure,64,16,0.25,4.0,0,0,2048,8192,3584,655.554,1404.876,662.853,0.0097
pure,64,16,0.25,4.0,0,0,4096,16384,7168,1244.614,2725.174,1234.633,-0.0067
mixed,64,16,0.25,4.0,16,0,128,512,224,156.289,356.867,152.802,-0.0174
mixed,64,16,0.25,4.0,16,0,256,1024,448,306.498,649.092,316.515,0.0292
mixed,64,16,0.25,4.0,16,0,512,2048,896,577.061,1214.216,587.877,0.017
mixed,64,16,0.25,4.0,16,0,1024,4096,1792,1082.758,2379.537,1120.36,0.029
mixed,64,16,0.25,4.0,16,0,2048,8192,3584,2167.346,5133.861,2169.167,0.0006
mixed,64,16,0.25,4.0,16,0,4096,16384,7168,4489.246,10785.902,4283.997,-0.0326
mixed,64,16,0.25,4.0,16,512,128,512,224,170.817,365.026,154.849,-0.0822
mixed,64,16,0.25,4.0,16,512,256,1024,448,306.946,648.71,319.873,0.0378
mixed,64,16,0.25,4.0,16,512,512,2048,896,579.492,1245.865,591.782,0.0184
mixed,64,16,0.25,4.0,16,512,1024,4096,1792,1101.032,2585.426,1122.728,0.0146
mixed,64,16,0.25,4.0,16,512,2048,8192,3584,2139.567,5376.615,2171.949,0.01
mixed,64,16,0.25,4.0,16,512,4096,16384,7168,4557.889,10870.443,4275.393,-0.0448
mixed,64,16,0.25,4.0,16,1024,128,512,224,216.192,365.955,195.747,-0.1365
mixed,64,16,0.25,4.0,16,1024,256,1024,448,315.683,658.726,323.907,0.024
mixed,64,16,0.25,4.0,16,1024,512,2048,896,588.355,1252.457,592.165,0.0057
mixed,64,16,0.25,4.0,16,1024,1024,4096,1792,1098.088,2469.138,1120.423,0.0163
mixed,64,16,0.25,4.0,16,1024,2048,8192,3584,2145.039,5392.645,2180.783,0.011
mixed,64,16,0.25,4.0,16,1024,4096,16384,7168,4638.912,10886.445,4297.024,-0.0547
mixed,64,16,0.25,4.0,16,2048,128,512,224,293.539,435.268,279.073,-0.1021
mixed,64,16,0.25,4.0,16,2048,256,1024,448,398.116,663.619,404.675,0.0247
mixed,64,16,0.25,4.0,16,2048,512,2048,896,598.822,1237.161,601.7,0.0045
mixed,64,16,0.25,4.0,16,2048,1024,4096,1792,1099.848,2459.824,1125.577,0.0189
mixed,64,16,0.25,4.0,16,2048,2048,8192,3584,2139.087,5298.149,2181.583,0.0135
mixed,64,16,0.25,4.0,16,2048,4096,16384,7168,4604.063,10891.915,4323.744,-0.0446
mixed,64,16,0.25,4.0,16,4096,128,512,224,462.467,603.78,443.395,-0.135
mixed,64,16,0.25,4.0,16,4096,256,1024,448,562.756,822.15,570.147,0.0285
mixed,64,16,0.25,4.0,16,4096,512,2048,896,768.677,1262.601,764.676,-0.0081
mixed,64,16,0.25,4.0,16,4096,1024,4096,1792,1149.865,2412.084,1139.817,-0.008
mixed,64,16,0.25,4.0,16,4096,2048,8192,3584,2161.07,5044.929,2198.641,0.013
mixed,64,16,0.25,4.0,16,4096,4096,16384,7168,4491.294,10883.914,4302.427,-0.0295
mixed,64,16,0.25,4.0,16,8192,128,512,224,791.331,929.637,774.406,-0.1224
mixed,64,16,0.25,4.0,16,8192,256,1024,448,893.862,1149.767,903.752,0.0386
mixed,64,16,0.25,4.0,16,8192,512,2048,896,1100.487,1590.121,1095.622,-0.0099
mixed,64,16,0.25,4.0,16,8192,1024,4096,1792,1484.235,2484.369,1472.169,-0.0121
mixed,64,16,0.25,4.0,16,8192,2048,8192,3584,2254.127,5028.034,2207.501,-0.0168
mixed,64,16,0.25,4.0,16,8192,4096,16384,7168,4561.215,10849.387,4317.504,-0.0388
mixed,64,16,0.25,4.0,32,0,128,512,224,155.711,357.38,153.568,-0.0106
mixed,64,16,0.25,4.0,32,0,256,1024,448,306.594,651.077,318.69,0.0351
mixed,64,16,0.25,4.0,32,0,512,2048,896,577.733,1221.413,585.731,0.0124
mixed,64,16,0.25,4.0,32,0,1024,4096,1792,1078.054,2403.151,1117.127,0.0295
mixed,64,16,0.25,4.0,32,0,2048,8192,3584,2087.568,4947.267,2188.75,0.0354
mixed,64,16,0.25,4.0,32,0,4096,16384,7168,4406.814,10769.773,4267.226,-0.0219
mixed,64,16,0.25,4.0,32,512,128,512,224,174.306,366.499,153.922,-0.1061
mixed,64,16,0.25,4.0,32,512,256,1024,448,308.353,650.981,321.091,0.0372
mixed,64,16,0.25,4.0,32,512,512,2048,896,582.533,1248.68,592.611,0.0151
mixed,64,16,0.25,4.0,32,512,1024,4096,1792,1107.623,2514.8,1117.639,0.0071
mixed,64,16,0.25,4.0,32,512,2048,8192,3584,2147.215,5449.893,2182.802,0.0108
mixed,64,16,0.25,4.0,32,512,4096,16384,7168,4510.652,10867.017,4284.956,-0.0355
mixed,64,16,0.25,4.0,32,1024,128,512,224,216.257,366.242,197.376,-0.1259
mixed,64,16,0.25,4.0,32,1024,256,1024,448,322.371,657.253,325.858,0.0104
mixed,64,16,0.25,4.0,32,1024,512,2048,896,590.18,1254.472,599.523,0.0141
mixed,64,16,0.25,4.0,32,1024,1024,4096,1792,1104.103,2583.154,1123.974,0.0134
mixed,64,16,0.25,4.0,32,1024,2048,8192,3584,2146.477,5378.02,2184.13,0.0117
mixed,64,16,0.25,4.0,32,1024,4096,16384,7168,4647.103,10865.126,4310.684,-0.0541
mixed,64,16,0.25,4.0,32,2048,128,512,224,298.37,441.475,279.298,-0.1333
mixed,64,16,0.25,4.0,32,2048,256,1024,448,402.148,666.117,408.964,0.0258
mixed,64,16,0.25,4.0,32,2048,512,2048,896,599.652,1240.136,600.614,0.0015
mixed,64,16,0.25,4.0,32,2048,1024,4096,1792,1104.457,2497.074,1128.552,0.0173
mixed,64,16,0.25,4.0,32,2048,2048,8192,3584,2146.031,5250.498,2177.422,0.0101
mixed,64,16,0.25,4.0,32,2048,4096,16384,7168,4756.641,10863.751,4305.468,-0.0739
mixed,64,16,0.25,4.0,32,4096,128,512,224,461.796,605.283,444.259,-0.1222
mixed,64,16,0.25,4.0,32,4096,256,1024,448,563.297,824.068,570.882,0.0291
mixed,64,16,0.25,4.0,32,4096,512,2048,896,769.061,1254.022,768.355,-0.0015
mixed,64,16,0.25,4.0,32,4096,1024,4096,1792,1146.246,2434.702,1143.368,-0.0022
mixed,64,16,0.25,4.0,32,4096,2048,8192,3584,2160.078,5315.62,2189.551,0.0093
mixed,64,16,0.25,4.0,32,4096,4096,16384,7168,4609.921,10856.775,4305.534,-0.0487
mixed,64,16,0.25,4.0,32,8192,128,512,224,797.06,935.014,776.387,-0.1499
mixed,64,16,0.25,4.0,32,8192,256,1024,448,902.76,1154.28,899.497,-0.013
mixed,64,16,0.25,4.0,32,8192,512,2048,896,1101.861,1586.091,1094.024,-0.0162
mixed,64,16,0.25,4.0,32,8192,1024,4096,1792,1482.248,2488.336,1472.012,-0.0102
mixed,64,16,0.25,4.0,32,8192,2048,8192,3584,2277.328,5233.762,2227.312,-0.0169
mixed,64,16,0.25,4.0,32,8192,4096,16384,7168,4690.941,10870.696,4323.707,-0.0594
mixed,64,16,0.25,4.0,64,0,128,512,224,158.369,362.37,154.818,-0.0174
mixed,64,16,0.25,4.0,64,0,256,1024,448,306.593,657.572,321.924,0.0437
mixed,64,16,0.25,4.0,64,0,512,2048,896,582.916,1239.656,588.581,0.0086
mixed,64,16,0.25,4.0,64,0,1024,4096,1792,1088.007,2415.312,1120.137,0.0242
mixed,64,16,0.25,4.0,64,0,2048,8192,3584,2079.564,5193.313,2177.102,0.0313
mixed,64,16,0.25,4.0,64,0,4096,16384,7168,4401.724,10501.73,4285.689,-0.019
mixed,64,16,0.25,4.0,64,512,128,512,224,176.608,368.772,159.171,-0.0907
mixed,64,16,0.25,4.0,64,512,256,1024,448,310.689,651.78,315.073,0.0129
mixed,64,16,0.25,4.0,64,512,512,2048,896,582.884,1262.313,594.083,0.0165
mixed,64,16,0.25,4.0,64,512,1024,4096,1792,1105.19,2534.226,1121.319,0.0113
mixed,64,16,0.25,4.0,64,512,2048,8192,3584,2138.384,5293.569,2186.927,0.0154
mixed,64,16,0.25,4.0,64,512,4096,16384,7168,4568.828,10895.107,4302.365,-0.0421
mixed,64,16,0.25,4.0,64,1024,128,512,224,219.36,369.377,201.474,-0.1192
mixed,64,16,0.25,4.0,64,1024,256,1024,448,314.752,663.432,327.042,0.0352
mixed,64,16,0.25,4.0,64,1024,512,2048,896,592.548,1261.83,598.243,0.0085
mixed,64,16,0.25,4.0,64,1024,1024,4096,1792,1100.616,2569.935,1128.904,0.0193
mixed,64,16,0.25,4.0,64,1024,2048,8192,3584,2160.846,5131.009,2185.102,0.0082
mixed,64,16,0.25,4.0,64,1024,4096,16384,7168,4507.901,10889.707,4293.236,-0.0336
mixed,64,16,0.25,4.0,64,2048,128,512,224,305.186,444.803,282.306,-0.1639
mixed,64,16,0.25,4.0,64,2048,256,1024,448,404.163,667.843,407.427,0.0124
mixed,64,16,0.25,4.0,64,2048,512,2048,896,603.939,1254.76,600.707,-0.005
mixed,64,16,0.25,4.0,64,2048,1024,4096,1792,1102.919,2587.794,1128.36,0.0171
mixed,64,16,0.25,4.0,64,2048,2048,8192,3584,2152.468,5176.351,2187.693,0.0116
mixed,64,16,0.25,4.0,64,2048,4096,16384,7168,4558.557,10862.66,4320.636,-0.0377
mixed,64,16,0.25,4.0,64,4096,128,512,224,467.682,609.605,446.947,-0.1461
mixed,64,16,0.25,4.0,64,4096,256,1024,448,566.532,824.615,570.884,0.0169
mixed,64,16,0.25,4.0,64,4096,512,2048,896,770.34,1264.644,762.915,-0.015
mixed,64,16,0.25,4.0,64,4096,1024,4096,1792,1156.903,2459.278,1138.086,-0.0144
mixed,64,16,0.25,4.0,64,4096,2048,8192,3584,2156.591,5250.945,2200.974,0.0143
mixed,64,16,0.25,4.0,64,4096,4096,16384,7168,4594.077,10863.969,4302.557,-0.0465
mixed,64,16,0.25,4.0,64,8192,128,512,224,800.196,942.47,779.654,-0.1444
mixed,64,16,0.25,4.0,64,8192,256,1024,448,901.574,1156.648,903.974,0.0094
mixed,64,16,0.25,4.0,64,8192,512,2048,896,1104.936,1592.234,1105.638,0.0014
mixed,64,16,0.25,4.0,64,8192,1024,4096,1792,1495.59,2463.343,1472.585,-0.0238
mixed,64,16,0.25,4.0,64,8192,2048,8192,3584,2261.421,5287.872,2222.863,-0.0127
mixed,64,16,0.25,4.0,64,8192,4096,16384,7168,4543.933,10865.86,4323.604,-0.0349
mixed,64,16,0.25,4.0,128,0,128,512,224,166.112,378.113,164.193,-0.0091
mixed,64,16,0.25,4.0,128,0,256,1024,448,317.666,671.46,319.17,0.0043
mixed,64,16,0.25,4.0,128,0,512,2048,896,601.091,1233.352,593.475,-0.012
mixed,64,16,0.25,4.0,128,0,1024,4096,1792,1102.727,2410.381,1134.472,0.0243
mixed,64,16,0.25,4.0,128,0,2048,8192,3584,2113.485,5262.783,2188.334,0.0238
mixed,64,16,0.25,4.0,128,0,4096,16384,7168,4553.05,10793.506,4320.378,-0.0373
mixed,64,16,0.25,4.0,128,512,128,512,224,181.635,373.155,178.689,-0.0154
mixed,64,16,0.25,4.0,128,512,256,1024,448,322.789,669.381,306.946,-0.0457
mixed,64,16,0.25,4.0,128,512,512,2048,896,591.908,1303.044,600.067,0.0115
mixed,64,16,0.25,4.0,128,512,1024,4096,1792,1140.806,2604.879,1127.975,-0.0088
mixed,64,16,0.25,4.0,128,512,2048,8192,3584,2235.311,5371.526,2200.366,-0.0111
mixed,64,16,0.25,4.0,128,512,4096,16384,7168,4772.35,10982.881,4318.293,-0.0731
mixed,64,16,0.25,4.0,128,1024,128,512,224,225.475,377.377,207.362,-0.1192
mixed,64,16,0.25,4.0,128,1024,256,1024,448,332.963,670.595,304.481,-0.0844
mixed,64,16,0.25,4.0,128,1024,512,2048,896,596.418,1285.926,603.939,0.0109
mixed,64,16,0.25,4.0,128,1024,1024,4096,1792,1138.023,2609.873,1133.479,-0.0031
mixed,64,16,0.25,4.0,128,1024,2048,8192,3584,2232.238,5454.433,2183.945,-0.015
mixed,64,16,0.25,4.0,128,1024,4096,16384,7168,4689.693,10985.665,4337.371,-0.056
mixed,64,16,0.25,4.0,128,2048,128,512,224,304.068,450.978,286.915,-0.1168
mixed,64,16,0.25,4.0,128,2048,256,1024,448,413.218,678.85,375.138,-0.1434
mixed,64,16,0.25,4.0,128,2048,512,2048,896,611.203,1261.834,610.435,-0.0012
mixed,64,16,0.25,4.0,128,2048,1024,4096,1792,1123.238,2537.516,1140.585,0.0123
mixed,64,16,0.25,4.0,128,2048,2048,8192,3584,2215.373,5284.286,2188.204,-0.0089
mixed,64,16,0.25,4.0,128,2048,4096,16384,7168,4774.077,10952.48,4320.282,-0.0734
mixed,64,16,0.25,4.0,128,4096,128,512,224,473.348,614.979,455.616,-0.1252
mixed,64,16,0.25,4.0,128,4096,256,1024,448,570.788,833.541,556.003,-0.0563
mixed,64,16,0.25,4.0,128,4096,512,2048,896,782.787,1268.712,763.365,-0.04
mixed,64,16,0.25,4.0,128,4096,1024,4096,1792,1170.025,2441.102,1160.934,-0.0072
mixed,64,16,0.25,4.0,128,4096,2048,8192,3584,2231.373,5201.951,2209.708,-0.0073
mixed,64,16,0.25,4.0,128,4096,4096,16384,7168,4546.878,10949.763,4303.003,-0.0381
mixed,64,16,0.25,4.0,128,8192,128,512,224,801.571,953.188,787.91,-0.0901
mixed,64,16,0.25,4.0,128,8192,256,1024,448,908.678,1167.911,879.939,-0.1109
mixed,64,16,0.25,4.0,128,8192,512,2048,896,1116.358,1594.697,1106.758,-0.0201
mixed,64,16,0.25,4.0,128,8192,1024,4096,1792,1500.039,2462.574,1469.576,-0.0316
mixed,64,16,0.25,4.0,128,8192,2048,8192,3584,2302.958,5381.6,2293.07,-0.0032
mixed,64,16,0.25,4.0,128,8192,4096,16384,7168,4573.147,10909.666,4341.044,-0.0366
mixed,64,16,0.25,4.0,256,0,128,512,224,178.272,394.721,183.776,0.0254
mixed,64,16,0.25,4.0,256,0,256,1024,448,337.924,730.628,328.035,-0.0252
mixed,64,16,0.25,4.0,256,0,512,2048,896,644.739,1346.279,608.291,-0.052
mixed,64,16,0.25,4.0,256,0,1024,4096,1792,1192.679,2628.24,1147.524,-0.0315
mixed,64,16,0.25,4.0,256,0,2048,8192,3584,2279.18,5419.2,2227.532,-0.0164
mixed,64,16,0.25,4.0,256,0,4096,16384,7168,4771.866,10874.982,4337.753,-0.0711
mixed,64,16,0.25,4.0,256,512,128,512,224,191.328,384.322,188.001,-0.0172
mixed,64,16,0.25,4.0,256,512,256,1024,448,338.338,715.043,334.882,-0.0092
mixed,64,16,0.25,4.0,256,512,512,2048,896,618.945,1381.287,618.467,-0.0006
mixed,64,16,0.25,4.0,256,512,1024,4096,1792,1214.374,2759.121,1165.702,-0.0315
mixed,64,16,0.25,4.0,256,512,2048,8192,3584,2412.685,5584.995,2282.732,-0.041
mixed,64,16,0.25,4.0,256,512,4096,16384,7168,4869.755,11146.69,4485.241,-0.0613
mixed,64,16,0.25,4.0,256,1024,128,512,224,235.456,387.971,235.808,0.0023
mixed,64,16,0.25,4.0,256,1024,256,1024,448,340.001,674.852,338.114,-0.0056
mixed,64,16,0.25,4.0,256,1024,512,2048,896,603.459,1364.392,620.931,0.023
mixed,64,16,0.25,4.0,256,1024,1024,4096,1792,1195.43,2722.865,1167.718,-0.0181
mixed,64,16,0.25,4.0,256,1024,2048,8192,3584,2376.78,5551.777,2309.836,-0.0211
mixed,64,16,0.25,4.0,256,1024,4096,16384,7168,4856.507,11154.175,4468.569,-0.0616
mixed,64,16,0.25,4.0,256,2048,128,512,224,315.971,462.53,318.883,0.0199
mixed,64,16,0.25,4.0,256,2048,256,1024,448,416.161,694.244,407.714,-0.0304
mixed,64,16,0.25,4.0,256,2048,512,2048,896,626.02,1288.168,624.419,-0.0024
mixed,64,16,0.25,4.0,256,2048,1024,4096,1792,1148.197,2692.88,1186.599,0.0249
mixed,64,16,0.25,4.0,256,2048,2048,8192,3584,2362.96,5527.329,2273.132,-0.0284
mixed,64,16,0.25,4.0,256,2048,4096,16384,7168,4816.507,11094.268,4489.818,-0.052
mixed,64,16,0.25,4.0,256,4096,128,512,224,484.162,623.204,483.779,-0.0028
mixed,64,16,0.25,4.0,256,4096,256,1024,448,584.866,856.965,572.163,-0.0467
mixed,64,16,0.25,4.0,256,4096,512,2048,896,796.548,1302.311,775.94,-0.0407
mixed,64,16,0.25,4.0,256,4096,1024,4096,1792,1186.44,2506.319,1195.621,0.007
mixed,64,16,0.25,4.0,256,4096,2048,8192,3584,2332.878,5410.75,2348.204,0.005
mixed,64,16,0.25,4.0,256,4096,4096,16384,7168,4741.628,11035.327,4467.677,-0.0435
mixed,64,16,0.25,4.0,256,8192,128,512,224,813.541,948.806,818.118,0.0338
mixed,64,16,0.25,4.0,256,8192,256,1024,448,919.622,1192.294,909.86,-0.0358
mixed,64,16,0.25,4.0,256,8192,512,2048,896,1132.486,1637.417,1099.463,-0.0654
mixed,64,16,0.25,4.0,256,8192,1024,4096,1792,1526.892,2611.308,1499.53,-0.0252
mixed,64,16,0.25,4.0,256,8192,2048,8192,3584,2359.276,5374.619,2349.069,-0.0034
mixed,64,16,0.25,4.0,256,8192,4096,16384,7168,4708.441,10909.372,4638.395,-0.0113
mixed,64,16,0.25,4.0,512,0,128,512,224,195.938,399.713,205.024,0.0446
mixed,64,16,0.25,4.0,512,0,256,1024,448,355.393,756.035,360.292,0.0122
mixed,64,16,0.25,4.0,512,0,512,2048,896,667.462,1466.183,665.188,-0.0028
mixed,64,16,0.25,4.0,512,0,1024,4096,1792,1285.862,2842.671,1228.167,-0.0371
mixed,64,16,0.25,4.0,512,0,2048,8192,3584,2511.98,5649.054,2332.14,-0.0573
mixed,64,16,0.25,4.0,512,0,4096,16384,7168,4931.483,11166.46,4558.233,-0.0599
mixed,64,16,0.25,4.0,512,512,128,512,224,226.593,411.043,239.328,0.069
mixed,64,16,0.25,4.0,512,512,256,1024,448,364.353,739.299,368.066,0.0099
mixed,64,16,0.25,4.0,512,512,512,2048,896,653.188,1441.896,676.803,0.0299
mixed,64,16,0.25,4.0,512,512,1024,4096,1792,1262.918,2865.521,1278.023,0.0094
mixed,64,16,0.25,4.0,512,512,2048,8192,3584,2503.724,5721.854,2486.926,-0.0052
mixed,64,16,0.25,4.0,512,512,4096,16384,7168,5030.621,11478.048,4855.067,-0.0272
mixed,64,16,0.25,4.0,512,1024,128,512,224,276.768,420.227,288.384,0.081
mixed,64,16,0.25,4.0,512,1024,256,1024,448,376.13,738.788,371.649,-0.0124
mixed,64,16,0.25,4.0,512,1024,512,2048,896,658.148,1409.703,691.014,0.0437
mixed,64,16,0.25,4.0,512,1024,1024,4096,1792,1236.742,2842.959,1286.278,0.0308
mixed,64,16,0.25,4.0,512,1024,2048,8192,3584,2474.284,5711.772,2493.14,0.0058
mixed,64,16,0.25,4.0,512,1024,4096,16384,7168,4999.897,11486.174,4842.715,-0.0242
mixed,64,16,0.25,4.0,512,2048,128,512,224,360.642,498.019,376.45,0.1151
mixed,64,16,0.25,4.0,512,2048,256,1024,448,463.779,753.699,460.93,-0.0098
mixed,64,16,0.25,4.0,512,2048,512,2048,896,675.877,1364.582,680.963,0.0074
mixed,64,16,0.25,4.0,512,2048,1024,4096,1792,1213.832,2777.361,1299.177,0.0546
mixed,64,16,0.25,4.0,512,2048,2048,8192,3584,2409.673,5660.479,2506.444,0.0298
mixed,64,16,0.25,4.0,512,2048,4096,16384,7168,4926.297,11438.556,4826.011,-0.0154
mixed,64,16,0.25,4.0,512,4096,128,512,224,527.01,678.596,541.477,0.0954
mixed,64,16,0.25,4.0,512,4096,256,1024,448,633.667,959.844,628.484,-0.0159
mixed,64,16,0.25,4.0,512,4096,512,2048,896,869.669,1425.863,826.403,-0.0778
mixed,64,16,0.25,4.0,512,4096,1024,4096,1792,1265.542,2641.167,1302.022,0.0265
mixed,64,16,0.25,4.0,512,4096,2048,8192,3584,2368.714,5497.663,2551.306,0.0584
mixed,64,16,0.25,4.0,512,4096,4096,16384,7168,4784.123,11282.619,4977.818,0.0298
mixed,64,16,0.25,4.0,512,8192,128,512,224,858.406,1011.302,876.838,0.1206
mixed,64,16,0.25,4.0,512,8192,256,1024,448,964.039,1272.679,958.947,-0.0165
mixed,64,16,0.25,4.0,512,8192,512,2048,896,1204.358,1842.729,1151.459,-0.0829
mixed,64,16,0.25,4.0,512,8192,1024,4096,1792,1677.098,2751.727,1613.545,-0.0591
mixed,64,16,0.25,4.0,512,8192,2048,8192,3584,2453.01,5346.048,2567.182,0.0395
mixed,64,16,0.25,4.0,512,8192,4096,16384,7168,4711.84,10994.554,4985.66,0.0436
mixed,64,16,0.25,4.0,1024,0,128,512,224,267.681,426.37,283.201,0.0978
mixed,64,16,0.25,4.0,1024,0,256,1024,448,375.425,759.72,385.28,0.0256
mixed,64,16,0.25,4.0,1024,0,512,2048,896,678.978,1456.972,710.083,0.04
mixed,64,16,0.25,4.0,1024,0,1024,4096,1792,1278.662,2899.57,1347.559,0.0425
mixed,64,16,0.25,4.0,1024,0,2048,8192,3584,2541.614,5836.769,2608.014,0.0202
mixed,64,16,0.25,4.0,1024,0,4096,16384,7168,5099.963,11664.861,5020.409,-0.0121
mixed,64,16,0.25,4.0,1024,512,128,512,224,329.251,439.232,346.786,0.1594
mixed,64,16,0.25,4.0,1024,512,256,1024,448,394.241,767.555,403.169,0.0239
mixed,64,16,0.25,4.0,1024,512,512,2048,896,683.876,1448.998,714.402,0.0399
mixed,64,16,0.25,4.0,1024,512,1024,4096,1792,1284.01,2885.327,1363.813,0.0498
mixed,64,16,0.25,4.0,1024,512,2048,8192,3584,2524.653,5790.076,2616.013,0.028
mixed,64,16,0.25,4.0,1024,512,4096,16384,7168,5079.128,11646.455,5046.203,-0.005
mixed,64,16,0.25,4.0,1024,1024,128,512,224,388.738,481.666,405.059,0.1756
mixed,64,16,0.25,4.0,1024,1024,256,1024,448,453.122,785.51,459.844,0.0202
mixed,64,16,0.25,4.0,1024,1024,512,2048,896,704.836,1442.664,708.421,0.0049
mixed,64,16,0.25,4.0,1024,1024,1024,4096,1792,1270.631,2858.703,1369.159,0.062
mixed,64,16,0.25,4.0,1024,1024,2048,8192,3584,2483.95,5780.633,2620.844,0.0415
mixed,64,16,0.25,4.0,1024,1024,4096,16384,7168,5045.212,11632.764,5057.05,0.0018
mixed,64,16,0.25,4.0,1024,2048,128,512,224,497.474,596.994,519.331,0.2196
mixed,64,16,0.25,4.0,1024,2048,256,1024,448,569.507,798.692,579.553,0.0438
mixed,64,16,0.25,4.0,1024,2048,512,2048,896,728.196,1457.704,727.074,-0.0015
mixed,64,16,0.25,4.0,1024,2048,1024,4096,1792,1287.687,2824.367,1350.087,0.0406
mixed,64,16,0.25,4.0,1024,2048,2048,8192,3584,2469.45,5697.563,2650.798,0.0562
mixed,64,16,0.25,4.0,1024,2048,4096,16384,7168,4948.664,11540.411,5140.217,0.0291
mixed,64,16,0.25,4.0,1024,4096,128,512,224,671.683,822.052,697.827,0.1739
mixed,64,16,0.25,4.0,1024,4096,256,1024,448,774.628,1015.462,785.121,0.0436
mixed,64,16,0.25,4.0,1024,4096,512,2048,896,943.621,1521.381,948.294,0.0081
mixed,64,16,0.25,4.0,1024,4096,1024,4096,1792,1323.206,2832.525,1373.352,0.0332
mixed,64,16,0.25,4.0,1024,4096,2048,8192,3584,2511.786,5583.39,2663.217,0.0493
mixed,64,16,0.25,4.0,1024,4096,4096,16384,7168,4873.274,11413.305,5172.38,0.0457
mixed,64,16,0.25,4.0,1024,8192,128,512,224,1005.219,1159.4,1034.887,0.1924
mixed,64,16,0.25,4.0,1024,8192,256,1024,448,1113.861,1404.585,1123.174,0.032
mixed,64,16,0.25,4.0,1024,8192,512,2048,896,1346.47,1803.463,1344.07,-0.0053
mixed,64,16,0.25,4.0,1024,8192,1024,4096,1792,1737.321,2929.136,1727.433,-0.0083
mixed,64,16,0.25,4.0,1024,8192,2048,8192,3584,2553.838,5553.663,2669.712,0.0386
mixed,64,16,0.25,4.0,1024,8192,4096,16384,7168,4936.057,11110.808,5233.403,0.0482
mixed,64,16,0.25,4.0,2048,0,128,512,224,489.315,568.832,503.747,0.1815
mixed,64,16,0.25,4.0,2048,0,256,1024,448,542.402,818.307,558.595,0.0587
mixed,64,16,0.25,4.0,2048,0,512,2048,896,743.81,1493.414,755.011,0.0149
mixed,64,16,0.25,4.0,2048,0,1024,4096,1792,1330.982,2882.927,1385.607,0.0352
mixed,64,16,0.25,4.0,2048,0,2048,8192,3584,2518.574,5790.617,2671.34,0.0467
mixed,64,16,0.25,4.0,2048,0,4096,16384,7168,5046.521,11641.881,5132.888,0.0131
mixed,64,16,0.25,4.0,2048,512,128,512,224,573.539,656.1,590.947,0.2109
mixed,64,16,0.25,4.0,2048,512,256,1024,448,630.275,854.019,641.603,0.0506
mixed,64,16,0.25,4.0,2048,512,512,2048,896,788.164,1496.713,793.541,0.0076
mixed,64,16,0.25,4.0,2048,512,1024,4096,1792,1340.262,2875.054,1389.221,0.0319
mixed,64,16,0.25,4.0,2048,512,2048,8192,3584,2535.916,5750.395,2699.821,0.051
mixed,64,16,0.25,4.0,2048,512,4096,16384,7168,5021.402,11599.411,5170.521,0.0227
mixed,64,16,0.25,4.0,2048,1024,128,512,224,654.145,738.69,671.716,0.2078
mixed,64,16,0.25,4.0,2048,1024,256,1024,448,714.308,897.22,727.203,0.0705
mixed,64,16,0.25,4.0,2048,1024,512,2048,896,840.868,1530.696,836.961,-0.0057
mixed,64,16,0.25,4.0,2048,1024,1024,4096,1792,1349.062,2845.583,1403.143,0.0361
mixed,64,16,0.25,4.0,2048,1024,2048,8192,3584,2533.293,5714.364,2715.98,0.0574
mixed,64,16,0.25,4.0,2048,1024,4096,16384,7168,4950.935,11531.607,5178.739,0.0346
mixed,64,16,0.25,4.0,2048,2048,128,512,224,813.829,908.612,830.307,0.1738
mixed,64,16,0.25,4.0,2048,2048,256,1024,448,881.7,1025.571,885.191,0.0243
mixed,64,16,0.25,4.0,2048,2048,512,2048,896,998.437,1525.191,1011.27,0.0244
mixed,64,16,0.25,4.0,2048,2048,1024,4096,1792,1372.102,2914.575,1422.375,0.0326
mixed,64,16,0.25,4.0,2048,2048,2048,8192,3584,2533.134,5641.694,2736.653,0.0655
mixed,64,16,0.25,4.0,2048,2048,4096,16384,7168,4942.201,11438.296,5247.032,0.0469
mixed,64,16,0.25,4.0,2048,4096,128,512,224,1135.014,1215.846,1148.038,0.1611
mixed,64,16,0.25,4.0,2048,4096,256,1024,448,1186.373,1369.287,1202.246,0.0868
mixed,64,16,0.25,4.0,2048,4096,512,2048,896,1319.401,1695.08,1314.982,-0.0118
mixed,64,16,0.25,4.0,2048,4096,1024,4096,1792,1593.704,2931.599,1581.098,-0.0094
mixed,64,16,0.25,4.0,2048,4096,2048,8192,3584,2539.978,5680.633,2793.964,0.0809
mixed,64,16,0.25,4.0,2048,4096,4096,16384,7168,4948.663,11175.829,5377.179,0.0688
mixed,64,16,0.25,4.0,2048,8192,128,512,224,1801.674,1860.65,1815.913,0.2414
mixed,64,16,0.25,4.0,2048,8192,256,1024,448,1841.768,1996.262,1858.473,0.1081
mixed,64,16,0.25,4.0,2048,8192,512,2048,896,1937.261,2340.59,1932.616,-0.0115
mixed,64,16,0.25,4.0,2048,8192,1024,4096,1792,2220.904,3269.168,2179.241,-0.0397
mixed,64,16,0.25,4.0,2048,8192,2048,8192,3584,3041.742,5740.827,2973.517,-0.0253
mixed,64,16,0.25,4.0,2048,8192,4096,16384,7168,4985.943,11185.686,5472.636,0.0785
pure,64,32,0.5,4.0,0,0,128,512,320,123.809,158.624,128.867,0.1453
pure,64,32,0.5,4.0,0,0,256,1024,640,176.45,244.96,180.994,0.0663
pure,64,32,0.5,4.0,0,0,512,2048,1280,282.785,420.835,283.937,0.0083
pure,64,32,0.5,4.0,0,0,1024,4096,2560,511.045,742.212,490.786,-0.0876
pure,64,32,0.5,4.0,0,0,2048,8192,5120,914.117,1398.5,906.149,-0.0164
pure,64,32,0.5,4.0,0,0,4096,16384,10240,1747.848,2728.362,1733.481,-0.0147
mixed,64,32,0.5,4.0,16,0,128,512,320,228.961,357.218,228.384,-0.0045
mixed,64,32,0.5,4.0,16,0,256,1024,640,432.515,648.099,413.282,-0.0892
mixed,64,32,0.5,4.0,16,0,512,2048,1280,787.971,1208.518,794.98,0.0167
mixed,64,32,0.5,4.0,16,0,1024,4096,2560,1504.329,2404.845,1538.215,0.0376
mixed,64,32,0.5,4.0,16,0,2048,8192,5120,3229.967,5173.88,3016.142,-0.11
mixed,64,32,0.5,4.0,16,0,4096,16384,10240,6501.568,10788.976,5948.124,-0.1291
mixed,64,32,0.5,4.0,16,512,128,512,320,237.249,365.344,220.769,-0.1287
mixed,64,32,0.5,4.0,16,512,256,1024,640,439.362,650.051,424.773,-0.0692
mixed,64,32,0.5,4.0,16,512,512,2048,1280,805.763,1240.871,805.796,0.0001
mixed,64,32,0.5,4.0,16,512,1024,4096,2560,1558.12,2602.958,1546.153,-0.0115
mixed,64,32,0.5,4.0,16,512,2048,8192,5120,3188.687,5250.328,3056.557,-0.0641
mixed,64,32,0.5,4.0,16,512,4096,16384,10240,6750.854,10845.235,6041.595,-0.1732
mixed,64,32,0.5,4.0,16,1024,128,512,320,265.986,364.927,252.896,-0.1323
mixed,64,32,0.5,4.0,16,1024,256,1024,640,445.794,657.922,430.308,-0.073
mixed,64,32,0.5,4.0,16,1024,512,2048,1280,794.243,1258.852,806.915,0.0273
mixed,64,32,0.5,4.0,16,1024,1024,4096,2560,1558.791,2469.195,1552.103,-0.0073
mixed,64,32,0.5,4.0,16,1024,2048,8192,5120,3079.411,5416.792,3059.214,-0.0086
mixed,64,32,0.5,4.0,16,1024,4096,16384,10240,6520.095,10873.747,6023.133,-0.1141
mixed,64,32,0.5,4.0,16,2048,128,512,320,346.435,443.682,341.217,-0.0537
mixed,64,32,0.5,4.0,16,2048,256,1024,640,496.001,663.619,480.354,-0.0933
mixed,64,32,0.5,4.0,16,2048,512,2048,1280,816.324,1250.022,812.323,-0.0092
mixed,64,32,0.5,4.0,16,2048,1024,4096,2560,1526.599,2456.555,1562.086,0.0382
mixed,64,32,0.5,4.0,16,2048,2048,8192,5120,3211.631,5315.064,3074.863,-0.065
mixed,64,32,0.5,4.0,16,2048,4096,16384,10240,6571.775,10886.26,6036.861,-0.124
mixed,64,32,0.5,4.0,16,4096,128,512,320,512.067,601.762,510.052,-0.0225
mixed,64,32,0.5,4.0,16,4096,256,1024,640,661.891,820.613,644.579,-0.1091
mixed,64,32,0.5,4.0,16,4096,512,2048,1280,931.813,1257.351,913.699,-0.0556
mixed,64,32,0.5,4.0,16,4096,1024,4096,2560,1561.767,2460.204,1575.56,0.0154
mixed,64,32,0.5,4.0,16,4096,2048,8192,5120,3129.133,5145.527,3070.446,-0.0291
mixed,64,32,0.5,4.0,16,4096,4096,16384,10240,6637.984,10886.257,6035.42,-0.1418
mixed,64,32,0.5,4.0,16,8192,128,512,320,840.194,936.964,838.724,-0.0152
mixed,64,32,0.5,4.0,16,8192,256,1024,640,994.244,1153.22,975.876,-0.1155
mixed,64,32,0.5,4.0,16,8192,512,2048,1280,1261.254,1586.821,1255.782,-0.0168
mixed,64,32,0.5,4.0,16,8192,1024,4096,2560,1809.577,2511.02,1832.2,0.0323
mixed,64,32,0.5,4.0,16,8192,2048,8192,5120,3121.229,5180.498,3094.572,-0.0129
mixed,64,32,0.5,4.0,16,8192,4096,16384,10240,6442.27,10858.544,6070.559,-0.0842
mixed,64,32,0.5,4.0,32,0,128,512,320,229.696,357.666,231.01,0.0103
mixed,64,32,0.5,4.0,32,0,256,1024,640,438.947,655.011,411.363,-0.1277
mixed,64,32,0.5,4.0,32,0,512,2048,1280,791.331,1209.124,800.961,0.023
mixed,64,32,0.5,4.0,32,0,1024,4096,2560,1509.831,2358.792,1548.36,0.0454
mixed,64,32,0.5,4.0,32,0,2048,8192,5120,3219.122,5166.423,3012.397,-0.1062
mixed,64,32,0.5,4.0,32,0,4096,16384,10240,6322.045,10761.4,5943.93,-0.0852
mixed,64,32,0.5,4.0,32,512,128,512,320,238.24,365.923,228.194,-0.0787
mixed,64,32,0.5,4.0,32,512,256,1024,640,442.433,651.171,426.72,-0.0753
mixed,64,32,0.5,4.0,32,512,512,2048,1280,807.203,1253.221,806.403,-0.0018
mixed,64,32,0.5,4.0,32,512,1024,4096,2560,1540.454,2477.165,1553.991,0.0145
mixed,64,32,0.5,4.0,32,512,2048,8192,5120,3336.753,5397.944,3052.528,-0.1379
mixed,64,32,0.5,4.0,32,512,4096,16384,10240,6698.2,10877.518,6021.243,-0.162
mixed,64,32,0.5,4.0,32,1024,128,512,320,264.705,367.776,262.308,-0.0233
mixed,64,32,0.5,4.0,32,1024,256,1024,640,446.88,659.81,428.161,-0.0879
mixed,64,32,0.5,4.0,32,1024,512,2048,1280,794.146,1254.31,808.386,0.0309
mixed,64,32,0.5,4.0,32,1024,1024,4096,2560,1533.51,2634.922,1561.096,0.025
mixed,64,32,0.5,4.0,32,1024,2048,8192,5120,3187.278,5401.271,3054.509,-0.06
mixed,64,32,0.5,4.0,32,1024,4096,16384,10240,6725.213,10862.0,6026.428,-0.1689
mixed,64,32,0.5,4.0,32,2048,128,512,320,349.344,443.392,340.132,-0.0979
mixed,64,32,0.5,4.0,32,2048,256,1024,640,497.41,664.386,483.235,-0.0849
mixed,64,32,0.5,4.0,32,2048,512,2048,1280,815.651,1242.694,812.963,-0.0063
mixed,64,32,0.5,4.0,32,2048,1024,4096,2560,1525.67,2486.123,1570.473,0.0466
mixed,64,32,0.5,4.0,32,2048,2048,8192,5120,3203.472,5346.649,3057.677,-0.068
mixed,64,32,0.5,4.0,32,2048,4096,16384,10240,6497.466,10857.36,6033.851,-0.1063
mixed,64,32,0.5,4.0,32,4096,128,512,320,513.762,604.354,511.94,-0.0201
mixed,64,32,0.5,4.0,32,4096,256,1024,640,663.235,824.322,660.003,-0.0201
mixed,64,32,0.5,4.0,32,4096,512,2048,1280,930.18,1256.581,920.1,-0.0309
mixed,64,32,0.5,4.0,32,4096,1024,4096,2560,1566.279,2423.017,1586.631,0.0238
mixed,64,32,0.5,4.0,32,4096,2048,8192,5120,3177.264,5204.086,3077.679,-0.0491
mixed,64,32,0.5,4.0,32,4096,4096,16384,10240,6382.529,10779.214,6043.196,-0.0772
mixed,64,32,0.5,4.0,32,8192,128,512,320,843.779,937.443,839.204,-0.0488
mixed,64,32,0.5,4.0,32,8192,256,1024,640,996.034,1158.628,987.173,-0.0545
mixed,64,32,0.5,4.0,32,8192,512,2048,1280,1265.381,1581.83,1259.621,-0.0182
mixed,64,32,0.5,4.0,32,8192,1024,4096,2560,1816.038,2488.938,1841.735,0.0382
mixed,64,32,0.5,4.0,32,8192,2048,8192,5120,3123.916,5295.317,3102.059,-0.0101
mixed,64,32,0.5,4.0,32,8192,4096,16384,10240,6659.548,10831.951,6066.202,-0.1422
mixed,64,32,0.5,4.0,64,0,128,512,320,228.736,360.737,232.29,0.0269
mixed,64,32,0.5,4.0,64,0,256,1024,640,443.234,650.882,419.65,-0.1136
mixed,64,32,0.5,4.0,64,0,512,2048,1280,799.876,1219.907,802.915,0.0072
mixed,64,32,0.5,4.0,64,0,1024,4096,2560,1503.591,2460.521,1549.575,0.0481
mixed,64,32,0.5,4.0,64,0,2048,8192,5120,2999.342,5138.742,3013.128,0.0064
mixed,64,32,0.5,4.0,64,0,4096,16384,10240,6655.101,10777.702,5958.779,-0.1689
mixed,64,32,0.5,4.0,64,512,128,512,320,238.85,368.289,231.329,-0.0581
mixed,64,32,0.5,4.0,64,512,256,1024,640,441.666,654.404,429.665,-0.0564
mixed,64,32,0.5,4.0,64,512,512,2048,1280,812.45,1268.839,803.427,-0.0198
mixed,64,32,0.5,4.0,64,512,1024,4096,2560,1550.757,2466.221,1562.984,0.0134
mixed,64,32,0.5,4.0,64,512,2048,8192,5120,3112.461,5256.665,3064.53,-0.0224
mixed,64,32,0.5,4.0,64,512,4096,16384,10240,6641.818,10876.752,6034.198,-0.1435
mixed,64,32,0.5,4.0,64,1024,128,512,320,264.416,367.81,259.074,-0.0517
mixed,64,32,0.5,4.0,64,1024,256,1024,640,451.202,663.714,433.571,-0.083
mixed,64,32,0.5,4.0,64,1024,512,2048,1280,800.036,1250.214,813.892,0.0308
mixed,64,32,0.5,4.0,64,1024,1024,4096,2560,1542.759,2586.38,1556.424,0.0131
mixed,64,32,0.5,4.0,64,1024,2048,8192,5120,3170.671,5166.165,3063.117,-0.0539
mixed,64,32,0.5,4.0,64,1024,4096,16384,10240,6770.591,10893.613,6028.382,-0.18
mixed,64,32,0.5,4.0,64,2048,128,512,320,347.233,442.082,342.369,-0.0513
mixed,64,32,0.5,4.0,64,2048,256,1024,640,501.315,668.739,483.525,-0.1063
mixed,64,32,0.5,4.0,64,2048,512,2048,1280,821.988,1247.174,812.451,-0.0224
mixed,64,32,0.5,4.0,64,2048,1024,4096,2560,1531.559,2551.944,1581.961,0.0494
mixed,64,32,0.5,4.0,64,2048,2048,8192,5120,3073.837,5165.782,3059.342,-0.0069
mixed,64,32,0.5,4.0,64,2048,4096,16384,10240,6704.221,10892.975,6031.099,-0.1607
mixed,64,32,0.5,4.0,64,4096,128,512,320,511.907,612.547,514.02,0.021
mixed,64,32,0.5,4.0,64,4096,256,1024,640,667.587,823.684,659.363,-0.0527
mixed,64,32,0.5,4.0,64,4096,512,2048,1280,931.524,1262.115,917.858,-0.0413
mixed,64,32,0.5,4.0,64,4096,1024,4096,2560,1568.679,2412.329,1573.606,0.0058
mixed,64,32,0.5,4.0,64,4096,2048,8192,5120,3096.557,5193.847,3084.586,-0.0057
mixed,64,32,0.5,4.0,64,4096,4096,16384,10240,6587.931,10880.559,6034.073,-0.129
mixed,64,32,0.5,4.0,64,8192,128,512,320,850.659,940.837,837.027,-0.1512
mixed,64,32,0.5,4.0,64,8192,256,1024,640,998.595,1154.436,982.276,-0.1047
mixed,64,32,0.5,4.0,64,8192,512,2048,1280,1266.149,1593.413,1261.699,-0.0136
mixed,64,32,0.5,4.0,64,8192,1024,4096,2560,1809.415,2462.123,1843.85,0.0528
mixed,64,32,0.5,4.0,64,8192,2048,8192,5120,3136.591,5283.665,3112.366,-0.0113
mixed,64,32,0.5,4.0,64,8192,4096,16384,10240,6511.066,10872.113,6070.779,-0.101
mixed,64,32,0.5,4.0,128,0,128,512,320,237.441,377.153,237.058,-0.0027
mixed,64,32,0.5,4.0,128,0,256,1024,640,453.57,671.78,436.898,-0.0764
mixed,64,32,0.5,4.0,128,0,512,2048,1280,816.259,1245.541,812.482,-0.0088
mixed,64,32,0.5,4.0,128,0,1024,4096,2560,1533.001,2428.042,1559.271,0.0294
mixed,64,32,0.5,4.0,128,0,2048,8192,5120,3080.519,5196.981,3036.652,-0.0207
mixed,64,32,0.5,4.0,128,0,4096,16384,10240,6223.899,10857.356,5961.592,-0.0566
mixed,64,32,0.5,4.0,128,512,128,512,320,247.136,373.505,240.193,-0.0549
mixed,64,32,0.5,4.0,128,512,256,1024,640,445.729,666.819,447.681,0.0088
mixed,64,32,0.5,4.0,128,512,512,2048,1280,839.236,1299.431,820.197,-0.0414
mixed,64,32,0.5,4.0,128,512,1024,4096,2560,1621.415,2600.108,1573.029,-0.0494
mixed,64,32,0.5,4.0,128,512,2048,8192,5120,3288.238,5392.983,3098.028,-0.0904
mixed,64,32,0.5,4.0,128,512,4096,16384,10240,6772.156,10994.0,6119.322,-0.1546
mixed,64,32,0.5,4.0,128,1024,128,512,320,280.547,376.833,266.179,-0.1492
mixed,64,32,0.5,4.0,128,1024,256,1024,640,462.016,671.01,445.859,-0.0773
mixed,64,32,0.5,4.0,128,1024,512,2048,1280,808.033,1291.812,816.964,0.0185
mixed,64,32,0.5,4.0,128,1024,1024,4096,2560,1603.301,2571.179,1574.79,-0.0295
mixed,64,32,0.5,4.0,128,1024,2048,8192,5120,3301.516,5437.24,3105.101,-0.092
mixed,64,32,0.5,4.0,128,1024,4096,16384,10240,6722.462,11001.135,6110.618,-0.143
mixed,64,32,0.5,4.0,128,2048,128,512,320,359.649,443.457,348.993,-0.1271
mixed,64,32,0.5,4.0,128,2048,256,1024,640,509.698,676.355,494.946,-0.0885
mixed,64,32,0.5,4.0,128,2048,512,2048,1280,837.347,1255.204,818.307,-0.0456
mixed,64,32,0.5,4.0,128,2048,1024,4096,2560,1581.061,2552.619,1582.694,0.0017
mixed,64,32,0.5,4.0,128,2048,2048,8192,5120,3279.371,5317.176,3099.791,-0.0881
mixed,64,32,0.5,4.0,128,2048,4096,16384,10240,6724.827,10972.588,6101.688,-0.1467
mixed,64,32,0.5,4.0,128,4096,128,512,320,523.556,613.762,519.234,-0.0479
mixed,64,32,0.5,4.0,128,4096,256,1024,640,672.869,832.771,656.866,-0.1001
mixed,64,32,0.5,4.0,128,4096,512,2048,1280,944.773,1278.246,973.477,0.0861
mixed,64,32,0.5,4.0,128,4096,1024,4096,2560,1596.101,2433.866,1584.356,-0.014
mixed,64,32,0.5,4.0,128,4096,2048,8192,5120,3234.093,5302.55,3118.893,-0.0557
mixed,64,32,0.5,4.0,128,4096,4096,16384,10240,6710.522,10944.715,6115.673,-0.1405
mixed,64,32,0.5,4.0,128,8192,128,512,320,854.179,944.965,845.603,-0.0945
mixed,64,32,0.5,4.0,128,8192,256,1024,640,1003.62,1164.581,1001.538,-0.0129
mixed,64,32,0.5,4.0,128,8192,512,2048,1280,1279.813,1602.95,1323.879,0.1364
mixed,64,32,0.5,4.0,128,8192,1024,4096,2560,1818.02,2476.138,1892.008,0.1124
mixed,64,32,0.5,4.0,128,8192,2048,8192,5120,3145.002,5339.093,3152.556,0.0034
mixed,64,32,0.5,4.0,128,8192,4096,16384,10240,6514.459,10878.991,6144.215,-0.0848
mixed,64,32,0.5,4.0,256,0,128,512,320,250.115,391.426,246.593,-0.0249
mixed,64,32,0.5,4.0,256,0,256,1024,640,477.153,731.332,443.522,-0.1323
mixed,64,32,0.5,4.0,256,0,512,2048,1280,876.068,1336.741,824.771,-0.1114
mixed,64,32,0.5,4.0,256,0,1024,4096,2560,1624.263,2590.314,1602.63,-0.0224
mixed,64,32,0.5,4.0,256,0,2048,8192,5120,3445.07,5441.208,3070.444,-0.1877
mixed,64,32,0.5,4.0,256,0,4096,16384,10240,6798.972,10900.878,6044.12,-0.184
mixed,64,32,0.5,4.0,256,512,128,512,320,259.235,387.397,252.416,-0.0532
mixed,64,32,0.5,4.0,256,512,256,1024,640,453.025,713.027,452.579,-0.0017
mixed,64,32,0.5,4.0,256,512,512,2048,1280,877.796,1377.414,834.756,-0.0861
mixed,64,32,0.5,4.0,256,512,1024,4096,2560,1717.414,2756.649,1618.982,-0.0947
mixed,64,32,0.5,4.0,256,512,2048,8192,5120,3452.943,5572.886,3180.398,-0.1286
mixed,64,32,0.5,4.0,256,512,4096,16384,10240,6970.876,11146.637,6263.61,-0.1694
mixed,64,32,0.5,4.0,256,1024,128,512,320,280.48,386.434,270.145,-0.0975
mixed,64,32,0.5,4.0,256,1024,256,1024,640,475.616,674.371,454.339,-0.1071
mixed,64,32,0.5,4.0,256,1024,512,2048,1280,823.651,1364.676,832.738,0.0168
mixed,64,32,0.5,4.0,256,1024,1024,4096,2560,1704.007,2726.224,1605.128,-0.0967
mixed,64,32,0.5,4.0,256,1024,2048,8192,5120,3462.928,5561.432,3174.926,-0.1372
mixed,64,32,0.5,4.0,256,1024,4096,16384,10240,6957.758,11143.054,6273.723,-0.1634
mixed,64,32,0.5,4.0,256,2048,128,512,320,358.307,461.633,356.865,-0.014
mixed,64,32,0.5,4.0,256,2048,256,1024,640,517.667,697.092,492.642,-0.1395
mixed,64,32,0.5,4.0,256,2048,512,2048,1280,865.668,1266.245,838.276,-0.0684
mixed,64,32,0.5,4.0,256,2048,1024,4096,2560,1638.824,2700.107,1623.43,-0.0145
mixed,64,32,0.5,4.0,256,2048,2048,8192,5120,3408.236,5512.344,3174.19,-0.1112
mixed,64,32,0.5,4.0,256,2048,4096,16384,10240,6921.303,11115.504,6263.576,-0.1568
mixed,64,32,0.5,4.0,256,4096,128,512,320,526.498,619.075,531.233,0.0511
mixed,64,32,0.5,4.0,256,4096,256,1024,640,686.819,855.523,654.051,-0.1942
mixed,64,32,0.5,4.0,256,4096,512,2048,1280,964.037,1317.637,978.309,0.0404
mixed,64,32,0.5,4.0,256,4096,1024,4096,2560,1653.575,2540.138,1630.758,-0.0257
mixed,64,32,0.5,4.0,256,4096,2048,8192,5120,3348.813,5446.069,3195.724,-0.073
mixed,64,32,0.5,4.0,256,4096,4096,16384,10240,6865.312,11036.523,6265.946,-0.1437
mixed,64,32,0.5,4.0,256,8192,128,512,320,857.702,948.003,861.476,0.0418
mixed,64,32,0.5,4.0,256,8192,256,1024,640,1020.419,1187.876,987.075,-0.1991
mixed,64,32,0.5,4.0,256,8192,512,2048,1280,1293.349,1638.854,1300.58,0.0209
mixed,64,32,0.5,4.0,256,8192,1024,4096,2560,1864.168,2564.811,1911.561,0.0676
mixed,64,32,0.5,4.0,256,8192,2048,8192,5120,3268.589,5292.596,3216.333,-0.0258
mixed,64,32,0.5,4.0,256,8192,4096,16384,10240,6706.266,10897.42,6291.414,-0.099
mixed,64,32,0.5,4.0,512,0,128,512,320,266.017,403.745,267.521,0.0109
mixed,64,32,0.5,4.0,512,0,256,1024,640,488.58,751.299,477.506,-0.0422
mixed,64,32,0.5,4.0,512,0,512,2048,1280,933.603,1466.277,878.533,-0.1034
mixed,64,32,0.5,4.0,512,0,1024,4096,2560,1799.082,2848.619,1667.239,-0.1256
mixed,64,32,0.5,4.0,512,0,2048,8192,5120,3510.668,5655.768,3202.957,-0.1434
mixed,64,32,0.5,4.0,512,0,4096,16384,10240,7006.012,11109.709,6298.775,-0.1723
mixed,64,32,0.5,4.0,512,512,128,512,320,275.873,409.442,283.041,0.0537
mixed,64,32,0.5,4.0,512,512,256,1024,640,492.674,740.675,485.602,-0.0285
mixed,64,32,0.5,4.0,512,512,512,2048,1280,907.812,1441.478,902.181,-0.0106
mixed,64,32,0.5,4.0,512,512,1024,4096,2560,1798.628,2872.109,1709.032,-0.0835
mixed,64,32,0.5,4.0,512,512,2048,8192,5120,3594.445,5749.783,3364.076,-0.1069
mixed,64,32,0.5,4.0,512,512,4096,16384,10240,7180.286,11492.493,6621.243,-0.1296
mixed,64,32,0.5,4.0,512,1024,128,512,320,320.353,417.41,325.314,0.0511
mixed,64,32,0.5,4.0,512,1024,256,1024,640,502.37,739.139,486.659,-0.0664
mixed,64,32,0.5,4.0,512,1024,512,2048,1280,898.596,1406.47,905.124,0.0129
mixed,64,32,0.5,4.0,512,1024,1024,4096,2560,1754.436,2829.035,1713.894,-0.0377
mixed,64,32,0.5,4.0,512,1024,2048,8192,5120,3559.305,5725.142,3369.774,-0.0875
mixed,64,32,0.5,4.0,512,1024,4096,16384,10240,7147.518,11475.052,6631.539,-0.1192
mixed,64,32,0.5,4.0,512,2048,128,512,320,405.667,500.193,424.288,0.197
mixed,64,32,0.5,4.0,512,2048,256,1024,640,542.114,752.418,534.817,-0.0347
mixed,64,32,0.5,4.0,512,2048,512,2048,1280,917.028,1363.525,909.347,-0.0172
mixed,64,32,0.5,4.0,512,2048,1024,4096,2560,1726.854,2764.395,1754.695,0.0268
mixed,64,32,0.5,4.0,512,2048,2048,8192,5120,3506.765,5657.464,3364.43,-0.0662
mixed,64,32,0.5,4.0,512,2048,4096,16384,10240,7089.821,11419.251,6644.534,-0.1029
mixed,64,32,0.5,4.0,512,4096,128,512,320,573.12,678.947,593.029,0.1881
mixed,64,32,0.5,4.0,512,4096,256,1024,640,740.42,959.747,711.043,-0.1339
mixed,64,32,0.5,4.0,512,4096,512,2048,1280,1091.332,1419.781,1035.813,-0.169
mixed,64,32,0.5,4.0,512,4096,1024,4096,2560,1751.014,2635.947,1737.35,-0.0154
mixed,64,32,0.5,4.0,512,4096,2048,8192,5120,3369.836,5501.816,3440.27,0.033
mixed,64,32,0.5,4.0,512,4096,4096,16384,10240,6961.115,11288.654,6615.64,-0.0798
mixed,64,32,0.5,4.0,512,8192,128,512,320,906.66,1013.827,923.362,0.1559
mixed,64,32,0.5,4.0,512,8192,256,1024,640,1072.098,1272.934,1045.348,-0.1332
mixed,64,32,0.5,4.0,512,8192,512,2048,1280,1406.275,1834.375,1343.27,-0.1472
mixed,64,32,0.5,4.0,512,8192,1024,4096,2560,2142.953,2745.419,1995.657,-0.2445
mixed,64,32,0.5,4.0,512,8192,2048,8192,5120,3398.511,5355.699,3410.861,0.0063
mixed,64,32,0.5,4.0,512,8192,4096,16384,10240,6675.991,11020.523,6827.167,0.0348
mixed,64,32,0.5,4.0,1024,0,128,512,320,301.858,424.609,322.687,0.1697
mixed,64,32,0.5,4.0,1024,0,256,1024,640,507.62,761.54,513.185,0.0219
mixed,64,32,0.5,4.0,1024,0,512,2048,1280,929.763,1460.773,936.643,0.013
mixed,64,32,0.5,4.0,1024,0,1024,4096,2560,1817.863,2914.765,1780.231,-0.0343
mixed,64,32,0.5,4.0,1024,0,2048,8192,5120,3648.046,5838.262,3476.558,-0.0783
mixed,64,32,0.5,4.0,1024,0,4096,16384,10240,7301.054,11666.06,6812.787,-0.1119
mixed,64,32,0.5,4.0,1024,512,128,512,320,359.041,442.082,377.377,0.2208
mixed,64,32,0.5,4.0,1024,512,256,1024,640,518.146,769.187,517.506,-0.0025
mixed,64,32,0.5,4.0,1024,512,512,2048,1280,937.604,1450.791,946.499,0.0173
mixed,64,32,0.5,4.0,1024,512,1024,4096,2560,1799.239,2887.308,1792.807,-0.0059
mixed,64,32,0.5,4.0,1024,512,2048,8192,5120,3607.918,5794.07,3501.516,-0.0487
mixed,64,32,0.5,4.0,1024,512,4096,16384,10240,7274.267,11650.414,6822.007,-0.1033
mixed,64,32,0.5,4.0,1024,1024,128,512,320,417.347,482.531,434.402,0.2616
mixed,64,32,0.5,4.0,1024,1024,256,1024,640,536.93,781.827,536.449,-0.002
mixed,64,32,0.5,4.0,1024,1024,512,2048,1280,944.259,1444.165,957.763,0.027
mixed,64,32,0.5,4.0,1024,1024,1024,4096,2560,1790.15,2862.923,1803.078,0.0121
mixed,64,32,0.5,4.0,1024,1024,2048,8192,5120,3579.404,5765.047,3496.205,-0.0381
mixed,64,32,0.5,4.0,1024,1024,4096,16384,10240,7220.988,11655.946,6852.573,-0.0831
mixed,64,32,0.5,4.0,1024,2048,128,512,320,533.314,596.418,552.351,0.3017
mixed,64,32,0.5,4.0,1024,2048,256,1024,640,635.68,795.91,645.122,0.0589
mixed,64,32,0.5,4.0,1024,2048,512,2048,1280,982.915,1464.037,966.435,-0.0343
mixed,64,32,0.5,4.0,1024,2048,1024,4096,2560,1790.665,2831.146,1807.334,0.016
mixed,64,32,0.5,4.0,1024,2048,2048,8192,5120,3498.278,5705.015,3563.82,0.0297
mixed,64,32,0.5,4.0,1024,2048,4096,16384,10240,7152.603,11538.025,6909.979,-0.0553
mixed,64,32,0.5,4.0,1024,4096,128,512,320,718.755,820.996,740.067,0.2084
mixed,64,32,0.5,4.0,1024,4096,256,1024,640,867.298,1024.772,875.173,0.05
mixed,64,32,0.5,4.0,1024,4096,512,2048,1280,1114.021,1503.653,1078.818,-0.0903
mixed,64,32,0.5,4.0,1024,4096,1024,4096,2560,1868.424,2842.409,1873.671,0.0054
mixed,64,32,0.5,4.0,1024,4096,2048,8192,5120,3501.934,5557.14,3551.788,0.0243
mixed,64,32,0.5,4.0,1024,4096,4096,16384,10240,6967.61,11394.185,7063.739,0.0217
mixed,64,32,0.5,4.0,1024,8192,128,512,320,1058.562,1163.27,1075.204,0.1589
mixed,64,32,0.5,4.0,1024,8192,256,1024,640,1219.236,1405.893,1229.125,0.053
mixed,64,32,0.5,4.0,1024,8192,512,2048,1280,1528.328,1835.077,1534.343,0.0196
mixed,64,32,0.5,4.0,1024,8192,1024,4096,2560,2041.671,2917.514,2072.009,0.0346
mixed,64,32,0.5,4.0,1024,8192,2048,8192,5120,3653.549,5567.604,3705.965,0.0274
mixed,64,32,0.5,4.0,1024,8192,4096,16384,10240,6870.585,11108.746,7068.986,0.0468
mixed,64,32,0.5,4.0,2048,0,128,512,320,516.129,568.864,529.25,0.2488
mixed,64,32,0.5,4.0,2048,0,256,1024,640,618.178,816.931,623.261,0.0256
mixed,64,32,0.5,4.0,2048,0,512,2048,1280,982.882,1504.263,990.723,0.015
mixed,64,32,0.5,4.0,2048,0,1024,4096,2560,1836.969,2872.94,1827.304,-0.0093
mixed,64,32,0.5,4.0,2048,0,2048,8192,5120,3594.927,5785.909,3555.788,-0.0179
mixed,64,32,0.5,4.0,2048,0,4096,16384,10240,7237.981,11641.098,6906.071,-0.0754
mixed,64,32,0.5,4.0,2048,512,128,512,320,600.995,654.498,614.819,0.2584
mixed,64,32,0.5,4.0,2048,512,256,1024,640,682.499,852.132,696.482,0.0824
mixed,64,32,0.5,4.0,2048,512,512,2048,1280,998.98,1497.958,1018.596,0.0393
mixed,64,32,0.5,4.0,2048,512,1024,4096,2560,1862.025,2873.257,1851.271,-0.0106
mixed,64,32,0.5,4.0,2048,512,2048,8192,5120,3554.829,5759.125,3569.742,0.0068
mixed,64,32,0.5,4.0,2048,512,4096,16384,10240,7200.634,11613.482,6973.368,-0.0515
mixed,64,32,0.5,4.0,2048,1024,128,512,320,688.068,739.267,697.219,0.1787
mixed,64,32,0.5,4.0,2048,1024,256,1024,640,767.395,895.875,777.251,0.0767
mixed,64,32,0.5,4.0,2048,1024,512,2048,1280,1029.028,1544.295,1062.883,0.0657
mixed,64,32,0.5,4.0,2048,1024,1024,4096,2560,1871.784,2868.298,1871.94,0.0002
mixed,64,32,0.5,4.0,2048,1024,2048,8192,5120,3530.86,5724.214,3567.98,0.0169
mixed,64,32,0.5,4.0,2048,1024,4096,16384,10240,7146.649,11541.096,6986.523,-0.0364
mixed,64,32,0.5,4.0,2048,2048,128,512,320,844.995,904.163,855.267,0.1736
mixed,64,32,0.5,4.0,2048,2048,256,1024,640,942.595,1029.506,941.668,-0.0107
mixed,64,32,0.5,4.0,2048,2048,512,2048,1280,1102.629,1519.524,1133.634,0.0744
mixed,64,32,0.5,4.0,2048,2048,1024,4096,2560,1877.382,2911.854,1923.784,0.0449
mixed,64,32,0.5,4.0,2048,2048,2048,8192,5120,3569.518,5626.42,3612.846,0.0211
mixed,64,32,0.5,4.0,2048,2048,4096,16384,10240,7049.433,11443.784,7026.872,-0.0051
mixed,64,32,0.5,4.0,2048,4096,128,512,320,1157.924,1206.693,1165.029,0.1457
mixed,64,32,0.5,4.0,2048,4096,256,1024,640,1251.813,1362.34,1243.94,-0.0712
mixed,64,32,0.5,4.0,2048,4096,512,2048,1280,1440.357,1689.448,1449.061,0.0349
mixed,64,32,0.5,4.0,2048,4096,1024,4096,2560,1950.663,2932.43,2042.184,0.0932
mixed,64,32,0.5,4.0,2048,4096,2048,8192,5120,3631.884,5663.74,3719.144,0.0429
mixed,64,32,0.5,4.0,2048,4096,4096,16384,10240,7047.195,11210.34,7125.115,0.0187
mixed,64,32,0.5,4.0,2048,8192,128,512,320,1825.606,1862.023,1836.58,0.3013
mixed,64,32,0.5,4.0,2048,8192,256,1024,640,1888.552,1988.104,1895.944,0.0743
mixed,64,32,0.5,4.0,2048,8192,512,2048,1280,2067.177,2331.559,2050.632,-0.0626
mixed,64,32,0.5,4.0,2048,8192,1024,4096,2560,2544.743,3284.012,2525.833,-0.0256
mixed,64,32,0.5,4.0,2048,8192,2048,8192,5120,3820.462,5752.184,3937.648,0.0607
mixed,64,32,0.5,4.0,2048,8192,4096,16384,10240,7107.805,11162.469,7415.841,0.076
pure,64,48,0.75,4.0,0,0,128,512,416,138.945,159.264,145.89,0.3418
pure,64,48,0.75,4.0,0,0,256,1024,832,210.211,244.353,211.681,0.0431
pure,64,48,0.75,4.0,0,0,512,2048,1664,348.224,420.705,347.104,-0.0155
pure,64,48,0.75,4.0,0,0,1024,4096,3328,622.307,739.94,611.779,-0.0895
pure,64,48,0.75,4.0,0,0,2048,8192,6656,1153.83,1402.82,1149.889,-0.0158
pure,64,48,0.75,4.0,0,0,4096,16384,13312,2231.209,2729.03,2225.289,-0.0119
mixed,64,48,0.75,4.0,16,0,128,512,416,294.785,357.058,291.747,-0.0488
mixed,64,48,0.75,4.0,16,0,256,1024,832,519.427,648.961,532.386,0.1
mixed,64,48,0.75,4.0,16,0,512,2048,1664,1004.484,1210.756,1028.068,0.1143
mixed,64,48,0.75,4.0,16,0,1024,4096,3328,1943.56,2415.052,2020.328,0.1628
mixed,64,48,0.75,4.0,16,0,2048,8192,6656,4198.863,4985.201,4010.446,-0.2396
mixed,64,48,0.75,4.0,16,0,4096,16384,13312,8328.671,10788.775,8002.14,-0.1327
mixed,64,48,0.75,4.0,16,512,128,512,416,299.073,364.959,286.401,-0.1923
mixed,64,48,0.75,4.0,16,512,256,1024,832,519.394,651.715,550.336,0.2338
mixed,64,48,0.75,4.0,16,512,512,2048,1664,1024.611,1248.133,1052.228,0.1236
mixed,64,48,0.75,4.0,16,512,1024,4096,3328,1992.328,2580.585,2064.682,0.123
mixed,64,48,0.75,4.0,16,512,2048,8192,6656,4310.608,5205.49,4092.046,-0.2442
mixed,64,48,0.75,4.0,16,512,4096,16384,13312,8689.504,10858.375,8092.094,-0.2754
mixed,64,48,0.75,4.0,16,1024,128,512,416,306.784,365.409,311.778,0.0852
mixed,64,48,0.75,4.0,16,1024,256,1024,832,528.706,658.113,548.418,0.1523
mixed,64,48,0.75,4.0,16,1024,512,2048,1664,1023.844,1249.412,1054.531,0.136
mixed,64,48,0.75,4.0,16,1024,1024,4096,3328,1984.618,2468.105,2077.031,0.1911
mixed,64,48,0.75,4.0,16,1024,2048,8192,6656,4195.119,5421.779,4090.925,-0.0849
mixed,64,48,0.75,4.0,16,1024,4096,16384,13312,8357.372,10872.359,8104.474,-0.1006
mixed,64,48,0.75,4.0,16,2048,128,512,416,387.938,442.305,398.113,0.1872
mixed,64,48,0.75,4.0,16,2048,256,1024,832,559.553,662.722,589.186,0.2872
mixed,64,48,0.75,4.0,16,2048,512,2048,1664,1038.595,1242.339,1047.268,0.0426
mixed,64,48,0.75,4.0,16,2048,1024,4096,3328,2013.548,2544.395,2074.374,0.1146
mixed,64,48,0.75,4.0,16,2048,2048,8192,6656,4353.775,5367.346,4087.919,-0.2623
mixed,64,48,0.75,4.0,16,2048,4096,16384,13312,8457.437,10891.206,8113.18,-0.1415
mixed,64,48,0.75,4.0,16,4096,128,512,416,552.706,604.61,562.146,0.1819
mixed,64,48,0.75,4.0,16,4096,256,1024,832,729.41,823.813,757.697,0.2996
mixed,64,48,0.75,4.0,16,4096,512,2048,1664,1095.206,1255.334,1116.229,0.1313
mixed,64,48,0.75,4.0,16,4096,1024,4096,3328,2014.407,2456.458,2052.456,0.0861
mixed,64,48,0.75,4.0,16,4096,2048,8192,6656,4236.431,5068.339,4098.991,-0.1652
mixed,64,48,0.75,4.0,16,4096,4096,16384,13312,8736.512,10877.606,8151.932,-0.273
mixed,64,48,0.75,4.0,16,8192,128,512,416,886.21,930.34,897.923,0.2654
mixed,64,48,0.75,4.0,16,8192,256,1024,832,1059.494,1152.132,1081.029,0.2325
mixed,64,48,0.75,4.0,16,8192,512,2048,1664,1428.933,1586.917,1448.421,0.1234
mixed,64,48,0.75,4.0,16,8192,1024,4096,3328,2136.232,2472.746,2192.55,0.1674
mixed,64,48,0.75,4.0,16,8192,2048,8192,6656,4280.495,5147.28,4112.108,-0.1943
mixed,64,48,0.75,4.0,16,8192,4096,16384,13312,8812.701,10868.26,8153.116,-0.3209
mixed,64,48,0.75,4.0,32,0,128,512,416,294.432,358.241,293.569,-0.0135
mixed,64,48,0.75,4.0,32,0,256,1024,832,515.075,649.57,536.291,0.1577
mixed,64,48,0.75,4.0,32,0,512,2048,1664,1005.316,1219.75,1031.523,0.1222
mixed,64,48,0.75,4.0,32,0,1024,4096,3328,1938.888,2410.533,2021.383,0.1749
mixed,64,48,0.75,4.0,32,0,2048,8192,6656,4258.769,4942.579,4023.343,-0.3443
mixed,64,48,0.75,4.0,32,0,4096,16384,13312,8585.245,10791.72,8028.29,-0.2524
mixed,64,48,0.75,4.0,32,512,128,512,416,299.743,366.403,289.376,-0.1555
mixed,64,48,0.75,4.0,32,512,256,1024,832,519.201,649.283,552.641,0.2571
mixed,64,48,0.75,4.0,32,512,512,2048,1664,1036.292,1247.62,1057.668,0.1012
mixed,64,48,0.75,4.0,32,512,1024,4096,3328,2011.432,2485.001,2059.718,0.102
mixed,64,48,0.75,4.0,32,512,2048,8192,6656,4139.886,5406.738,4078.318,-0.0486
mixed,64,48,0.75,4.0,32,512,4096,16384,13312,8710.116,10869.7,8092.123,-0.2862
mixed,64,48,0.75,4.0,32,1024,128,512,416,306.623,366.786,312.512,0.0979
mixed,64,48,0.75,4.0,32,1024,256,1024,832,529.025,659.426,548.834,0.1519
mixed,64,48,0.75,4.0,32,1024,512,2048,1664,1018.787,1256.325,1060.036,0.1737
mixed,64,48,0.75,4.0,32,1024,1024,4096,3328,2002.214,2589.769,2075.528,0.1248
mixed,64,48,0.75,4.0,32,1024,2048,8192,6656,4321.455,5436.625,4085.645,-0.2115
mixed,64,48,0.75,4.0,32,1024,4096,16384,13312,8678.238,10867.077,8112.444,-0.2585
mixed,64,48,0.75,4.0,32,2048,128,512,416,388.129,438.912,403.33,0.2993
mixed,64,48,0.75,4.0,32,2048,256,1024,832,557.568,661.665,590.947,0.3207
mixed,64,48,0.75,4.0,32,2048,512,2048,1664,1040.71,1242.596,1047.748,0.0349
mixed,64,48,0.75,4.0,32,2048,1024,4096,3328,1999.624,2482.985,2086.631,0.18
mixed,64,48,0.75,4.0,32,2048,2048,8192,6656,4233.966,5340.973,4106.51,-0.1151
mixed,64,48,0.75,4.0,32,2048,4096,16384,13312,8675.451,10883.559,8103.901,-0.2588
mixed,64,48,0.75,4.0,32,4096,128,512,416,556.131,608.131,566.051,0.1908
mixed,64,48,0.75,4.0,32,4096,256,1024,832,729.827,823.139,759.875,0.322
mixed,64,48,0.75,4.0,32,4096,512,2048,1664,1102.691,1261.027,1126.467,0.1502
mixed,64,48,0.75,4.0,32,4096,1024,4096,3328,2019.366,2448.136,2064.102,0.1043
mixed,64,48,0.75,4.0,32,4096,2048,8192,6656,4243.406,5298.642,4088.27,-0.147
mixed,64,48,0.75,4.0,32,4096,4096,16384,13312,8839.614,10854.214,8131.388,-0.3515
mixed,64,48,0.75,4.0,32,8192,128,512,416,885.54,933.603,897.731,0.2536
mixed,64,48,0.75,4.0,32,8192,256,1024,832,1064.196,1154.915,1091.971,0.3062
mixed,64,48,0.75,4.0,32,8192,512,2048,1664,1427.334,1587.974,1443.334,0.0996
mixed,64,48,0.75,4.0,32,8192,1024,4096,3328,2140.137,2446.152,2188.614,0.1584
mixed,64,48,0.75,4.0,32,8192,2048,8192,6656,4295.727,5349.459,4120.973,-0.1658
mixed,64,48,0.75,4.0,32,8192,4096,16384,13312,8528.19,10839.205,8145.434,-0.1656
mixed,64,48,0.75,4.0,64,0,128,512,416,299.233,362.944,295.105,-0.0648
mixed,64,48,0.75,4.0,64,0,256,1024,832,527.586,652.707,533.731,0.0491
mixed,64,48,0.75,4.0,64,0,512,2048,1664,1006.437,1222.854,1038.565,0.1485
mixed,64,48,0.75,4.0,64,0,1024,4096,3328,1934.857,2388.94,2022.823,0.1937
mixed,64,48,0.75,4.0,64,0,2048,8192,6656,4225.199,5062.863,4004.014,-0.264
mixed,64,48,0.75,4.0,64,0,4096,16384,13312,8647.005,10831.332,8012.477,-0.2905
mixed,64,48,0.75,4.0,64,512,128,512,416,304.77,368.479,282.721,-0.3461
mixed,64,48,0.75,4.0,64,512,256,1024,832,520.93,652.834,556.289,0.2681
mixed,64,48,0.75,4.0,64,512,512,2048,1664,1030.34,1250.471,1052.515,0.1007
mixed,64,48,0.75,4.0,64,512,1024,4096,3328,2003.911,2473.481,2060.263,0.12
mixed,64,48,0.75,4.0,64,512,2048,8192,6656,4389.905,5339.148,4083.949,-0.3223
mixed,64,48,0.75,4.0,64,512,4096,16384,13312,8621.374,10865.796,8083.451,-0.2397
mixed,64,48,0.75,4.0,64,1024,128,512,416,309.345,368.546,313.409,0.0686
mixed,64,48,0.75,4.0,64,1024,256,1024,832,531.97,663.714,551.2,0.146
mixed,64,48,0.75,4.0,64,1024,512,2048,1664,1023.909,1255.621,1060.581,0.1583
mixed,64,48,0.75,4.0,64,1024,1024,4096,3328,1991.974,2546.569,2076.103,0.1517
mixed,64,48,0.75,4.0,64,1024,2048,8192,6656,4351.533,5175.281,4093.641,-0.3131
mixed,64,48,0.75,4.0,64,1024,4096,16384,13312,8613.854,10869.415,8111.321,-0.2228
mixed,64,48,0.75,4.0,64,2048,128,512,416,390.819,449.281,395.107,0.0733
mixed,64,48,0.75,4.0,64,2048,256,1024,832,563.81,668.034,599.906,0.3463
mixed,64,48,0.75,4.0,64,2048,512,2048,1664,1035.907,1251.941,1051.587,0.0726
mixed,64,48,0.75,4.0,64,2048,1024,4096,3328,2004.518,2529.578,2080.617,0.1449
mixed,64,48,0.75,4.0,64,2048,2048,8192,6656,4214.928,5187.346,4082.091,-0.1366
mixed,64,48,0.75,4.0,64,2048,4096,16384,13312,8649.563,10850.63,8107.485,-0.2463
mixed,64,48,0.75,4.0,64,4096,128,512,416,559.199,614.976,570.144,0.1962
mixed,64,48,0.75,4.0,64,4096,256,1024,832,733.315,824.996,754.243,0.2283
mixed,64,48,0.75,4.0,64,4096,512,2048,1664,1098.34,1258.469,1111.651,0.0831
mixed,64,48,0.75,4.0,64,4096,1024,4096,3328,2010.022,2426.439,2075.143,0.1564
mixed,64,48,0.75,4.0,64,4096,2048,8192,6656,4119.056,5127.536,4096.558,-0.0223
mixed,64,48,0.75,4.0,64,4096,4096,16384,13312,8815.488,10840.097,8127.58,-0.3398
mixed,64,48,0.75,4.0,64,8192,128,512,416,896.964,942.531,898.98,0.0442
mixed,64,48,0.75,4.0,64,8192,256,1024,832,1066.081,1155.141,1092.322,0.2946
mixed,64,48,0.75,4.0,64,8192,512,2048,1664,1429.447,1597.83,1469.315,0.2368
mixed,64,48,0.75,4.0,64,8192,1024,4096,3328,2128.296,2455.817,2209.479,0.2479
mixed,64,48,0.75,4.0,64,8192,2048,8192,6656,4252.975,5282.258,4108.492,-0.1404
mixed,64,48,0.75,4.0,64,8192,4096,16384,13312,8762.655,10849.861,8141.819,-0.2974
mixed,64,48,0.75,4.0,128,0,128,512,416,306.559,377.249,303.394,-0.0448
mixed,64,48,0.75,4.0,128,0,256,1024,832,541.924,667.52,553.635,0.0932
mixed,64,48,0.75,4.0,128,0,512,2048,1664,1031.331,1247.682,1051.044,0.0911
mixed,64,48,0.75,4.0,128,0,1024,4096,3328,1955.494,2413.127,2039.719,0.184
mixed,64,48,0.75,4.0,128,0,2048,8192,6656,4384.24,5111.921,4054.029,-0.4538
mixed,64,48,0.75,4.0,128,0,4096,16384,13312,8485.722,10796.931,8038.265,-0.1936
mixed,64,48,0.75,4.0,128,512,128,512,416,312.642,373.443,292.545,-0.3305
mixed,64,48,0.75,4.0,128,512,256,1024,832,529.824,667.875,566.017,0.2622
mixed,64,48,0.75,4.0,128,512,512,2048,1664,1069.253,1292.1,1074.564,0.0238
mixed,64,48,0.75,4.0,128,512,1024,4096,3328,2064.134,2603.177,2101.922,0.0701
mixed,64,48,0.75,4.0,128,512,2048,8192,6656,4445.037,5352.338,4136.014,-0.3406
mixed,64,48,0.75,4.0,128,512,4096,16384,13312,8895.358,10973.572,8184.184,-0.3422
mixed,64,48,0.75,4.0,128,1024,128,512,416,316.513,376.963,324.93,0.1392
mixed,64,48,0.75,4.0,128,1024,256,1024,832,540.547,670.369,562.754,0.1711
mixed,64,48,0.75,4.0,128,1024,512,2048,1664,1058.245,1294.017,1073.381,0.0642
mixed,64,48,0.75,4.0,128,1024,1024,4096,3328,2055.72,2591.977,2103.912,0.0899
mixed,64,48,0.75,4.0,128,1024,2048,8192,6656,4407.183,5313.329,4142.989,-0.2916
mixed,64,48,0.75,4.0,128,1024,4096,16384,13312,8714.331,10985.665,8188.188,-0.2316
mixed,64,48,0.75,4.0,128,2048,128,512,416,398.369,442.788,409.122,0.2421
mixed,64,48,0.75,4.0,128,2048,256,1024,832,570.595,672.77,612.771,0.4128
mixed,64,48,0.75,4.0,128,2048,512,2048,1664,1060.003,1260.675,1068.545,0.0426
mixed,64,48,0.75,4.0,128,2048,1024,4096,3328,2056.39,2552.361,2095.239,0.0783
mixed,64,48,0.75,4.0,128,2048,2048,8192,6656,4411.978,5393.235,4134.765,-0.2825
mixed,64,48,0.75,4.0,128,2048,4096,16384,13312,8897.596,10953.315,8183.547,-0.3473
mixed,64,48,0.75,4.0,128,4096,128,512,416,566.017,612.001,570.37,0.0947
mixed,64,48,0.75,4.0,128,4096,256,1024,832,740.801,832.195,795.427,0.5977
mixed,64,48,0.75,4.0,128,4096,512,2048,1664,1111.652,1274.629,1177.73,0.4054
mixed,64,48,0.75,4.0,128,4096,1024,4096,3328,2056.807,2422.345,2088.004,0.0853
mixed,64,48,0.75,4.0,128,4096,2048,8192,6656,4285.031,5319.473,4150.252,-0.1303
mixed,64,48,0.75,4.0,128,4096,4096,16384,13312,8831.038,10934.628,8224.284,-0.2884
mixed,64,48,0.75,4.0,128,8192,128,512,416,902.945,944.067,917.124,0.3448
mixed,64,48,0.75,4.0,128,8192,256,1024,832,1069.952,1166.852,1125.763,0.576
mixed,64,48,0.75,4.0,128,8192,512,2048,1664,1437.191,1608.003,1538.341,0.5922
mixed,64,48,0.75,4.0,128,8192,1024,4096,3328,2157.48,2466.247,2276.231,0.3846
mixed,64,48,0.75,4.0,128,8192,2048,8192,6656,4190.802,5342.194,4133.359,-0.0499
mixed,64,48,0.75,4.0,128,8192,4096,16384,13312,8741.05,10889.537,8215.578,-0.2446
mixed,64,48,0.75,4.0,256,0,128,512,416,325.378,391.903,311.778,-0.2044
mixed,64,48,0.75,4.0,256,0,256,1024,832,596.003,732.034,568.898,-0.1993
mixed,64,48,0.75,4.0,256,0,512,2048,1664,1104.066,1341.447,1087.65,-0.0692
mixed,64,48,0.75,4.0,256,0,1024,4096,3328,2206.727,2624.296,2098.502,-0.2592
mixed,64,48,0.75,4.0,256,0,2048,8192,6656,4444.911,5426.257,4124.236,-0.3268
mixed,64,48,0.75,4.0,256,0,4096,16384,13312,8921.628,10915.522,8121.786,-0.4011
mixed,64,48,0.75,4.0,256,512,128,512,416,323.139,386.497,310.21,-0.2041
mixed,64,48,0.75,4.0,256,512,256,1024,832,561.151,715.235,573.922,0.0829
mixed,64,48,0.75,4.0,256,512,512,2048,1664,1127.652,1375.717,1097.827,-0.1202
mixed,64,48,0.75,4.0,256,512,1024,4096,3328,2212.456,2777.128,2148.583,-0.1131
mixed,64,48,0.75,4.0,256,512,2048,8192,6656,4532.687,5578.578,4223.183,-0.2959
mixed,64,48,0.75,4.0,256,512,4096,16384,13312,9068.351,11138.499,8353.724,-0.3452
mixed,64,48,0.75,4.0,256,1024,128,512,416,324.545,387.264,325.506,0.0153
mixed,64,48,0.75,4.0,256,1024,256,1024,832,563.105,673.218,574.306,0.1017
mixed,64,48,0.75,4.0,256,1024,512,2048,1664,1118.468,1360.995,1093.859,-0.1015
mixed,64,48,0.75,4.0,256,1024,1024,4096,3328,2195.559,2725.387,2129.829,-0.1241
mixed,64,48,0.75,4.0,256,1024,2048,8192,6656,4522.961,5557.553,4206.217,-0.3062
mixed,64,48,0.75,4.0,256,1024,4096,16384,13312,9053.147,11145.058,8374.585,-0.3244
mixed,64,48,0.75,4.0,256,2048,128,512,416,404.609,461.824,412.258,0.1337
mixed,64,48,0.75,4.0,256,2048,256,1024,832,602.498,694.755,623.491,0.2275
mixed,64,48,0.75,4.0,256,2048,512,2048,1664,1079.556,1278.244,1086.181,0.0333
mixed,64,48,0.75,4.0,256,2048,1024,4096,3328,2187.623,2719.753,2117.801,-0.1312
mixed,64,48,0.75,4.0,256,2048,2048,8192,6656,4471.952,5507.474,4235.758,-0.2281
mixed,64,48,0.75,4.0,256,2048,4096,16384,13312,9012.828,11105.796,8385.436,-0.2998
mixed,64,48,0.75,4.0,256,4096,128,512,416,575.81,618.24,585.218,0.2217
mixed,64,48,0.75,4.0,256,4096,256,1024,832,758.625,856.355,800.034,0.4237
mixed,64,48,0.75,4.0,256,4096,512,2048,1664,1144.996,1314.949,1185.539,0.2386
mixed,64,48,0.75,4.0,256,4096,1024,4096,3328,2159.976,2527.848,2132.358,-0.0751
mixed,64,48,0.75,4.0,256,4096,2048,8192,6656,4384.552,5450.321,4204.237,-0.1692
mixed,64,48,0.75,4.0,256,4096,4096,16384,13312,8907.832,11034.884,8397.883,-0.2397
mixed,64,48,0.75,4.0,256,8192,128,512,416,906.082,952.163,924.707,0.4042
mixed,64,48,0.75,4.0,256,8192,256,1024,832,1093.315,1188.452,1127.906,0.3636
mixed,64,48,0.75,4.0,256,8192,512,2048,1664,1467.908,1636.101,1540.614,0.4323
mixed,64,48,0.75,4.0,256,8192,1024,4096,3328,2233.191,2582.375,2353.351,0.3441
mixed,64,48,0.75,4.0,256,8192,2048,8192,6656,4358.703,5280.015,4167.918,-0.2071
mixed,64,48,0.75,4.0,256,8192,4096,16384,13312,8804.73,10901.794,8327.157,-0.2277
mixed,64,48,0.75,4.0,512,0,128,512,416,335.138,404.418,332.256,-0.0416
mixed,64,48,0.75,4.0,512,0,256,1024,832,612.513,753.22,609.633,-0.0205
mixed,64,48,0.75,4.0,512,0,512,2048,1664,1204.323,1466.279,1140.421,-0.2439
mixed,64,48,0.75,4.0,512,0,1024,4096,3328,2349.223,2840.712,2193.511,-0.3168
mixed,64,48,0.75,4.0,512,0,2048,8192,6656,4556.369,5647.954,4253.294,-0.2776
mixed,64,48,0.75,4.0,512,0,4096,16384,13312,9160.863,11135.266,8272.376,-0.45
mixed,64,48,0.75,4.0,512,512,128,512,416,348.8,409.696,342.499,-0.1035
mixed,64,48,0.75,4.0,512,512,256,1024,832,605.796,740.13,609.699,0.0291
mixed,64,48,0.75,4.0,512,512,512,2048,1664,1169.569,1448.357,1162.245,-0.0263
mixed,64,48,0.75,4.0,512,512,1024,4096,3328,2328.424,2871.467,2244.586,-0.1544
mixed,64,48,0.75,4.0,512,512,2048,8192,6656,4666.223,5759.764,4409.517,-0.2347
mixed,64,48,0.75,4.0,512,512,4096,16384,13312,9379.006,11491.973,8759.675,-0.2931
mixed,64,48,0.75,4.0,512,1024,128,512,416,365.089,419.011,365.568,0.0089
mixed,64,48,0.75,4.0,512,1024,256,1024,832,609.697,739.233,613.761,0.0314
mixed,64,48,0.75,4.0,512,1024,512,2048,1664,1154.179,1412.197,1143.619,-0.0409
mixed,64,48,0.75,4.0,512,1024,1024,4096,3328,2307.241,2834.248,2239.399,-0.1287
mixed,64,48,0.75,4.0,512,1024,2048,8192,6656,4632.494,5719.056,4431.213,-0.1852
mixed,64,48,0.75,4.0,512,1024,4096,16384,13312,9342.237,11491.112,8776.444,-0.2633
mixed,64,48,0.75,4.0,512,2048,128,512,416,455.425,500.033,471.008,0.3493
mixed,64,48,0.75,4.0,512,2048,256,1024,832,630.147,755.905,623.426,-0.0534
mixed,64,48,0.75,4.0,512,2048,512,2048,1664,1152.229,1367.812,1161.827,0.0445
mixed,64,48,0.75,4.0,512,2048,1024,4096,3328,2239.175,2770.826,2234.632,-0.0085
mixed,64,48,0.75,4.0,512,2048,2048,8192,6656,4579.887,5661.234,4424.498,-0.1437
mixed,64,48,0.75,4.0,512,2048,4096,16384,13312,9255.869,11424.674,8752.671,-0.232
mixed,64,48,0.75,4.0,512,4096,128,512,416,626.401,676.13,639.457,0.2625
mixed,64,48,0.75,4.0,512,4096,256,1024,832,820.098,959.14,822.242,0.0154
mixed,64,48,0.75,4.0,512,4096,512,2048,1664,1190.178,1417.636,1219.748,0.13
mixed,64,48,0.75,4.0,512,4096,1024,4096,3328,2234.151,2600.199,2248.582,0.0394
mixed,64,48,0.75,4.0,512,4096,2048,8192,6656,4421.55,5520.497,4358.094,-0.0577
mixed,64,48,0.75,4.0,512,4096,4096,16384,13312,9135.388,11285.891,8749.499,-0.1794
mixed,64,48,0.75,4.0,512,8192,128,512,416,961.827,1012.195,975.267,0.2668
mixed,64,48,0.75,4.0,512,8192,256,1024,832,1150.786,1272.804,1152.644,0.0152
mixed,64,48,0.75,4.0,512,8192,512,2048,1664,1611.165,1833.735,1584.803,-0.1184
mixed,64,48,0.75,4.0,512,8192,1024,4096,3328,2301.095,2756.939,2454.439,0.3364
mixed,64,48,0.75,4.0,512,8192,2048,8192,6656,4390.672,5344.399,4394.867,0.0044
mixed,64,48,0.75,4.0,512,8192,4096,16384,13312,8826.365,11047.876,8681.53,-0.0652
mixed,64,48,0.75,4.0,1024,0,128,512,416,361.952,424.835,387.041,0.399
mixed,64,48,0.75,4.0,1024,0,256,1024,832,628.863,759.746,636.29,0.0567
mixed,64,48,0.75,4.0,1024,0,512,2048,1664,1196.963,1457.732,1196.291,-0.0026
mixed,64,48,0.75,4.0,1024,0,1024,4096,3328,2365.413,2910.086,2308.999,-0.1036
mixed,64,48,0.75,4.0,1024,0,2048,8192,6656,4732.942,5836.275,4536.014,-0.1785
mixed,64,48,0.75,4.0,1024,0,4096,16384,13312,9491.004,11676.838,8938.365,-0.2528
mixed,64,48,0.75,4.0,1024,512,128,512,416,389.441,439.745,412.672,0.4618
mixed,64,48,0.75,4.0,1024,512,256,1024,832,634.66,772.419,645.25,0.0769
mixed,64,48,0.75,4.0,1024,512,512,2048,1664,1195.395,1451.652,1197.923,0.0099
mixed,64,48,0.75,4.0,1024,512,1024,4096,3328,2353.703,2895.017,2321.767,-0.059
mixed,64,48,0.75,4.0,1024,512,2048,8192,6656,4711.791,5805.359,4544.687,-0.1528
mixed,64,48,0.75,4.0,1024,512,4096,16384,13312,9474.147,11661.058,8990.813,-0.221
mixed,64,48,0.75,4.0,1024,1024,128,512,416,445.986,481.281,468.962,0.651
mixed,64,48,0.75,4.0,1024,1024,256,1024,832,650.531,780.74,661.603,0.085
mixed,64,48,0.75,4.0,1024,1024,512,2048,1664,1183.747,1445.829,1203.939,0.077
mixed,64,48,0.75,4.0,1024,1024,1024,4096,3328,2317.703,2862.373,2318.184,0.0009
mixed,64,48,0.75,4.0,1024,1024,2048,8192,6656,4687.017,5781.584,4585.101,-0.0931
mixed,64,48,0.75,4.0,1024,1024,4096,16384,13312,9434.621,11660.13,9004.285,-0.1934
mixed,64,48,0.75,4.0,1024,2048,128,512,416,566.21,595.585,580.226,0.4771
mixed,64,48,0.75,4.0,1024,2048,256,1024,832,696.384,797.602,737.346,0.4047
mixed,64,48,0.75,4.0,1024,2048,512,2048,1664,1221.987,1461.253,1242.309,0.0849
mixed,64,48,0.75,4.0,1024,2048,1024,4096,3328,2287.942,2829.77,2310.502,0.0416
mixed,64,48,0.75,4.0,1024,2048,2048,8192,6656,4608.909,5699.081,4591.695,-0.0158
mixed,64,48,0.75,4.0,1024,2048,4096,16384,13312,9346.398,11502.761,9047.412,-0.1387
mixed,64,48,0.75,4.0,1024,4096,128,512,416,772.035,819.525,785.186,0.2769
mixed,64,48,0.75,4.0,1024,4096,256,1024,832,920.802,1015.299,946.498,0.2719
mixed,64,48,0.75,4.0,1024,4096,512,2048,1664,1270.821,1508.741,1320.419,0.2085
mixed,64,48,0.75,4.0,1024,4096,1024,4096,3328,2334.917,2831.531,2465.447,0.2628
mixed,64,48,0.75,4.0,1024,4096,2048,8192,6656,4540.908,5588.466,4514.894,-0.0248
mixed,64,48,0.75,4.0,1024,4096,4096,16384,13312,9192.348,11401.15,9087.843,-0.0473
mixed,64,48,0.75,4.0,1024,8192,128,512,416,1111.074,1164.358,1121.668,0.1988
mixed,64,48,0.75,4.0,1024,8192,256,1024,832,1299.043,1407.811,1327.429,0.261
mixed,64,48,0.75,4.0,1024,8192,512,2048,1664,1672.133,1801.381,1680.741,0.0666
mixed,64,48,0.75,4.0,1024,8192,1024,4096,3328,2436.843,2922.182,2473.866,0.0763
mixed,64,48,0.75,4.0,1024,8192,2048,8192,6656,4595.951,5554.417,4847.535,0.2625
mixed,64,48,0.75,4.0,1024,8192,4096,16384,13312,8964.476,11084.833,8936.479,-0.0132
mixed,64,48,0.75,4.0,2048,0,128,512,416,542.979,569.475,551.043,0.3043
mixed,64,48,0.75,4.0,2048,0,256,1024,832,695.939,816.61,731.552,0.2951
mixed,64,48,0.75,4.0,2048,0,512,2048,1664,1239.875,1501.412,1245.828,0.0228
mixed,64,48,0.75,4.0,2048,0,1024,4096,3328,2349.638,2881.609,2351.368,0.0033
mixed,64,48,0.75,4.0,2048,0,2048,8192,6656,4687.278,5796.21,4636.08,-0.0462
mixed,64,48,0.75,4.0,2048,0,4096,16384,13312,9455.839,11647.747,9104.774,-0.1602
mixed,64,48,0.75,4.0,2048,512,128,512,416,626.529,653.379,630.24,0.1382
mixed,64,48,0.75,4.0,2048,512,256,1024,832,743.458,851.395,767.747,0.225
mixed,64,48,0.75,4.0,2048,512,512,2048,1664,1255.653,1497.924,1266.244,0.0437
mixed,64,48,0.75,4.0,2048,512,1024,4096,3328,2358.951,2864.618,2359.433,0.001
mixed,64,48,0.75,4.0,2048,512,2048,8192,6656,4638.571,5745.459,4619.921,-0.0168
mixed,64,48,0.75,4.0,2048,512,4096,16384,13312,9408.83,11604.261,9103.485,-0.1391
mixed,64,48,0.75,4.0,2048,1024,128,512,416,711.905,737.827,723.134,0.4332
mixed,64,48,0.75,4.0,2048,1024,256,1024,832,803.842,896.163,826.275,0.243
mixed,64,48,0.75,4.0,2048,1024,512,2048,1664,1259.876,1534.629,1280.261,0.0742
mixed,64,48,0.75,4.0,2048,1024,1024,4096,3328,2359.879,2853.194,2394.44,0.0701
mixed,64,48,0.75,4.0,2048,1024,2048,8192,6656,4612.91,5703.825,4618.798,0.0054
mixed,64,48,0.75,4.0,2048,1024,4096,16384,13312,9343.898,11540.485,9128.571,-0.098
mixed,64,48,0.75,4.0,2048,2048,128,512,416,871.652,906.081,878.403,0.1961
mixed,64,48,0.75,4.0,2048,2048,256,1024,832,973.572,1025.666,987.619,0.2696
mixed,64,48,0.75,4.0,2048,2048,512,2048,1664,1297.509,1519.973,1345.028,0.2136
mixed,64,48,0.75,4.0,2048,2048,1024,4096,3328,2392.201,2928.842,2431.079,0.0724
mixed,64,48,0.75,4.0,2048,2048,2048,8192,6656,4600.589,5625.36,4604.976,0.0043
mixed,64,48,0.75,4.0,2048,2048,4096,16384,13312,9247.676,11440.036,9166.332,-0.0371
mixed,64,48,0.75,4.0,2048,4096,128,512,416,1189.924,1208.099,1195.554,0.3098
mixed,64,48,0.75,4.0,2048,4096,256,1024,832,1299.683,1359.013,1304.068,0.0739
mixed,64,48,0.75,4.0,2048,4096,512,2048,1664,1547.587,1708.454,1574.95,0.1701
mixed,64,48,0.75,4.0,2048,4096,1024,4096,3328,2383.531,2940.552,2467.973,0.1516
mixed,64,48,0.75,4.0,2048,4096,2048,8192,6656,4634.705,5653.456,4697.965,0.0621
mixed,64,48,0.75,4.0,2048,4096,4096,16384,13312,9029.753,11171.969,9060.156,0.0142
mixed,64,48,0.75,4.0,2048,8192,128,512,416,1839.749,1865.413,1852.133,0.4825
mixed,64,48,0.75,4.0,2048,8192,256,1024,832,1920.326,1985.478,1930.375,0.1542
mixed,64,48,0.75,4.0,2048,8192,512,2048,1664,2215.047,2309.287,2198.694,-0.1735
mixed,64,48,0.75,4.0,2048,8192,1024,4096,3328,2888.331,3287.082,2899.752,0.0286
mixed,64,48,0.75,4.0,2048,8192,2048,8192,6656,4681.903,5733.362,4806.767,0.1188
mixed,64,48,0.75,4.0,2048,8192,4096,16384,13312,9079.261,11143.524,9274.238,0.0945
pure,64,58,0.9062,4.0,0,0,128,512,476,148.609,159.071,154.495,0.5626
pure,64,58,0.9062,4.0,0,0,256,1024,952,227.713,244.833,229.283,0.0917
pure,64,58,0.9062,4.0,0,0,512,2048,1904,393.888,422.37,386.083,-0.274
pure,64,58,0.9062,4.0,0,0,1024,4096,3808,691.842,741.315,703.01,0.2257
pure,64,58,0.9062,4.0,0,0,2048,8192,7616,1310.437,1398.626,1307.107,-0.0378
pure,64,58,0.9062,4.0,0,0,4096,16384,15232,2552.807,2729.512,2543.429,-0.0531
mixed,64,58,0.9062,4.0,16,0,128,512,476,321.344,358.627,314.529,-0.1828
mixed,64,58,0.9062,4.0,16,0,256,1024,952,586.434,648.161,568.45,-0.2913
mixed,64,58,0.9062,4.0,16,0,512,2048,1904,1125.124,1224.484,1085.924,-0.3945
mixed,64,58,0.9062,4.0,16,0,1024,4096,3808,2256.871,2417.705,2142.663,-0.7101
mixed,64,58,0.9062,4.0,16,0,2048,8192,7616,4654.095,5049.614,4511.183,-0.3613
mixed,64,58,0.9062,4.0,16,0,4096,16384,15232,9835.965,10777.175,9069.244,-0.8146
mixed,64,58,0.9062,4.0,16,512,128,512,476,318.432,364.93,315.008,-0.0736
mixed,64,58,0.9062,4.0,16,512,256,1024,952,591.715,649.922,587.713,-0.0688
mixed,64,58,0.9062,4.0,16,512,512,2048,1904,1162.308,1237.859,1139.972,-0.2956
mixed,64,58,0.9062,4.0,16,512,1024,4096,3808,2300.327,2578.661,2307.686,0.0264
mixed,64,58,0.9062,4.0,16,512,2048,8192,7616,4780.369,5377.809,4602.858,-0.2971
mixed,64,58,0.9062,4.0,16,512,4096,16384,15232,9829.119,10889.284,9166.299,-0.6252
mixed,64,58,0.9062,4.0,16,1024,128,512,476,326.816,364.992,348.673,0.5725
mixed,64,58,0.9062,4.0,16,1024,256,1024,952,598.305,656.097,575.937,-0.387
mixed,64,58,0.9062,4.0,16,1024,512,2048,1904,1164.803,1240.58,1151.299,-0.1782
mixed,64,58,0.9062,4.0,16,1024,1024,4096,3808,2339.527,2494.025,2276.263,-0.4095
mixed,64,58,0.9062,4.0,16,1024,2048,8192,7616,4926.703,5417.392,4626.829,-0.6111
mixed,64,58,0.9062,4.0,16,1024,4096,16384,15232,10110.878,10864.135,9161.277,-1.2607
mixed,64,58,0.9062,4.0,16,2048,128,512,476,417.826,441.377,433.601,0.6698
mixed,64,58,0.9062,4.0,16,2048,256,1024,952,606.85,664.738,663.074,0.9713
mixed,64,58,0.9062,4.0,16,2048,512,2048,1904,1135.044,1242.149,1139.875,0.0451
mixed,64,58,0.9062,4.0,16,2048,1024,4096,3808,2336.293,2511.654,2290.089,-0.2635
mixed,64,58,0.9062,4.0,16,2048,2048,8192,7616,4796.493,5341.683,4641.55,-0.2842
mixed,64,58,0.9062,4.0,16,2048,4096,16384,15232,10119.166,10753.632,9181.081,-1.4785
mixed,64,58,0.9062,4.0,16,4096,128,512,476,579.907,603.843,597.568,0.7378
mixed,64,58,0.9062,4.0,16,4096,256,1024,952,779.299,822.914,834.596,1.2678
mixed,64,58,0.9062,4.0,16,4096,512,2048,1904,1192.325,1255.272,1286.34,1.4936
mixed,64,58,0.9062,4.0,16,4096,1024,4096,3808,2255.846,2435.015,2233.863,-0.1227
mixed,64,58,0.9062,4.0,16,4096,2048,8192,7616,4709.423,5144.591,4540.146,-0.389
mixed,64,58,0.9062,4.0,16,4096,4096,16384,15232,10068.285,10883.746,9289.828,-0.9546
mixed,64,58,0.9062,4.0,16,8192,128,512,476,911.01,931.78,925.858,0.7149
mixed,64,58,0.9062,4.0,16,8192,256,1024,952,1110.179,1154.462,1163.749,1.2097
mixed,64,58,0.9062,4.0,16,8192,512,2048,1904,1522.756,1587.882,1623.845,1.5522
mixed,64,58,0.9062,4.0,16,8192,1024,4096,3808,2342.631,2501.35,2607.272,1.6674
mixed,64,58,0.9062,4.0,16,8192,2048,8192,7616,4737.711,5198.32,4610.444,-0.2763
mixed,64,58,0.9062,4.0,16,8192,4096,16384,15232,10110.014,10847.266,9334.11,-1.0524
mixed,64,58,0.9062,4.0,32,0,128,512,476,322.435,358.913,317.025,-0.1483
mixed,64,58,0.9062,4.0,32,0,256,1024,952,591.841,651.746,567.042,-0.414
mixed,64,58,0.9062,4.0,32,0,512,2048,1904,1126.532,1219.651,1086.242,-0.4327
mixed,64,58,0.9062,4.0,32,0,1024,4096,3808,2372.585,2416.357,2192.072,-4.1239
mixed,64,58,0.9062,4.0,32,0,2048,8192,7616,4762.609,4925.327,4432.239,-2.0303
mixed,64,58,0.9062,4.0,32,0,4096,16384,15232,9605.66,10793.791,9065.753,-0.4544
mixed,64,58,0.9062,4.0,32,512,128,512,476,321.344,365.473,319.97,-0.0311
mixed,64,58,0.9062,4.0,32,512,256,1024,952,595.714,654.499,595.01,-0.012
mixed,64,58,0.9062,4.0,32,512,512,2048,1904,1168.709,1252.228,1147.909,-0.249
mixed,64,58,0.9062,4.0,32,512,1024,4096,3808,2312.489,2436.712,2251.719,-0.4892
mixed,64,58,0.9062,4.0,32,512,2048,8192,7616,4742.762,5447.852,4638.318,-0.1481
mixed,64,58,0.9062,4.0,32,512,4096,16384,15232,10130.43,10867.328,9145.726,-1.3363
mixed,64,58,0.9062,4.0,32,1024,128,512,476,329.344,365.474,344.897,0.4305
mixed,64,58,0.9062,4.0,32,1024,256,1024,952,596.804,659.073,581.986,-0.238
mixed,64,58,0.9062,4.0,32,1024,512,2048,1904,1158.629,1241.796,1149.059,-0.1151
mixed,64,58,0.9062,4.0,32,1024,1024,4096,3808,2262.12,2569.96,2321.32,0.1923
mixed,64,58,0.9062,4.0,32,1024,2048,8192,7616,4735.916,5451.695,4640.365,-0.1335
mixed,64,58,0.9062,4.0,32,1024,4096,16384,15232,10103.71,10878.566,9142.869,-1.24
mixed,64,58,0.9062,4.0,32,2048,128,512,476,417.505,443.04,438.016,0.8033
mixed,64,58,0.9062,4.0,32,2048,256,1024,952,608.898,661.219,662.306,1.0208
mixed,64,58,0.9062,4.0,32,2048,512,2048,1904,1150.821,1240.515,1141.059,-0.1088
mixed,64,58,0.9062,4.0,32,2048,1024,4096,3808,2295.175,2481.544,2272.838,-0.1199
mixed,64,58,0.9062,4.0,32,2048,2048,8192,7616,4793.295,5220.533,4630.862,-0.3802
mixed,64,58,0.9062,4.0,32,2048,4096,16384,15232,10112.318,10889.279,9187.546,-1.1902
mixed,64,58,0.9062,4.0,32,4096,128,512,476,587.298,606.337,598.818,0.6051
mixed,64,58,0.9062,4.0,32,4096,256,1024,952,779.555,824.835,836.161,1.2501
mixed,64,58,0.9062,4.0,32,4096,512,2048,1904,1222.499,1256.646,1282.949,1.7703
mixed,64,58,0.9062,4.0,32,4096,1024,4096,3808,2328.999,2481.766,2256.263,-0.4761
mixed,64,58,0.9062,4.0,32,4096,2048,8192,7616,4820.782,5314.185,4552.974,-0.5428
mixed,64,58,0.9062,4.0,32,4096,4096,16384,15232,9944.861,10763.552,9304.38,-0.7823
mixed,64,58,0.9062,4.0,32,8192,128,512,476,915.171,933.473,923.937,0.479
mixed,64,58,0.9062,4.0,32,8192,256,1024,952,1110.979,1152.546,1167.395,1.3572
mixed,64,58,0.9062,4.0,32,8192,512,2048,1904,1527.363,1591.334,1625.668,1.5367
mixed,64,58,0.9062,4.0,32,8192,1024,4096,3808,2390.309,2503.848,2550.793,1.4135
mixed,64,58,0.9062,4.0,32,8192,2048,8192,7616,4790.511,5280.015,4716.75,-0.1507
mixed,64,58,0.9062,4.0,32,8192,4096,16384,15232,10141.792,10858.18,9349.658,-1.1057
mixed,64,58,0.9062,4.0,64,0,128,512,476,322.913,362.723,321.184,-0.0434
mixed,64,58,0.9062,4.0,64,0,256,1024,952,596.159,653.571,574.72,-0.3734
mixed,64,58,0.9062,4.0,64,0,512,2048,1904,1156.899,1213.09,1097.539,-1.0564
mixed,64,58,0.9062,4.0,64,0,1024,4096,3808,2322.95,2445.224,2174.599,-1.2133
mixed,64,58,0.9062,4.0,64,0,2048,8192,7616,4725.038,5093.01,4429.678,-0.8027
mixed,64,58,0.9062,4.0,64,0,4096,16384,15232,10037.304,10822.056,8952.633,-1.3822
mixed,64,58,0.9062,4.0,64,512,128,512,476,321.954,366.848,320.098,-0.0413
mixed,64,58,0.9062,4.0,64,512,256,1024,952,596.033,653.154,589.506,-0.1143
mixed,64,58,0.9062,4.0,64,512,512,2048,1904,1200.675,1266.244,1152.42,-0.7359
mixed,64,58,0.9062,4.0,64,512,1024,4096,3808,2325.8,2505.353,2235.365,-0.5037
mixed,64,58,0.9062,4.0,64,512,2048,8192,7616,4678.447,5246.095,4571.919,-0.1877
mixed,64,58,0.9062,4.0,64,512,4096,16384,15232,9757.535,10847.679,9132.891,-0.573
mixed,64,58,0.9062,4.0,64,1024,128,512,476,335.073,367.268,344.704,0.2991
mixed,64,58,0.9062,4.0,64,1024,256,1024,952,600.514,665.57,580.418,-0.3089
mixed,64,58,0.9062,4.0,64,1024,512,2048,1904,1184.962,1260.324,1166.019,-0.2514
mixed,64,58,0.9062,4.0,64,1024,1024,4096,3808,2300.55,2583.208,2329.416,0.1021
mixed,64,58,0.9062,4.0,64,1024,2048,8192,7616,4777.328,5124.24,4552.943,-0.6468
mixed,64,58,0.9062,4.0,64,1024,4096,16384,15232,10031.329,10895.583,9152.347,-1.017
mixed,64,58,0.9062,4.0,64,2048,128,512,476,422.049,442.881,432.481,0.5008
mixed,64,58,0.9062,4.0,64,2048,256,1024,952,614.913,669.538,672.258,1.0498
mixed,64,58,0.9062,4.0,64,2048,512,2048,1904,1166.178,1240.738,1131.878,-0.46
mixed,64,58,0.9062,4.0,64,2048,1024,4096,3808,2336.486,2624.806,2326.566,-0.0344
mixed,64,58,0.9062,4.0,64,2048,2048,8192,7616,4804.848,5233.745,4538.476,-0.6211
mixed,64,58,0.9062,4.0,64,2048,4096,16384,15232,9830.94,10873.214,9191.677,-0.6133
mixed,64,58,0.9062,4.0,64,4096,128,512,476,579.268,609.249,604.161,0.8303
mixed,64,58,0.9062,4.0,64,4096,256,1024,952,783.619,823.619,839.65,1.4008
mixed,64,58,0.9062,4.0,64,4096,512,2048,1904,1213.539,1258.722,1285.764,1.5985
mixed,64,58,0.9062,4.0,64,4096,1024,4096,3808,2246.791,2403.622,2263.975,0.1096
mixed,64,58,0.9062,4.0,64,4096,2048,8192,7616,4769.485,5120.016,4526.508,-0.6932
mixed,64,58,0.9062,4.0,64,4096,4096,16384,15232,10110.111,10850.173,9300.188,-1.0944
mixed,64,58,0.9062,4.0,64,8192,128,512,476,912.451,937.986,929.218,0.6566
mixed,64,58,0.9062,4.0,64,8192,256,1024,952,1115.139,1159.14,1169.219,1.2291
mixed,64,58,0.9062,4.0,64,8192,512,2048,1904,1549.318,1603.238,1626.402,1.4296
mixed,64,58,0.9062,4.0,64,8192,1024,4096,3808,2317.767,2458.407,2540.422,1.5832
mixed,64,58,0.9062,4.0,64,8192,2048,8192,7616,4697.902,5061.839,4577.293,-0.3314
mixed,64,58,0.9062,4.0,64,8192,4096,16384,15232,10115.136,10849.471,9312.604,-1.0929
mixed,64,58,0.9062,4.0,128,0,128,512,476,335.457,376.61,333.248,-0.0537
mixed,64,58,0.9062,4.0,128,0,256,1024,952,608.451,669.504,599.363,-0.1489
mixed,64,58,0.9062,4.0,128,0,512,2048,1904,1179.363,1241.668,1121.634,-0.9266
mixed,64,58,0.9062,4.0,128,0,1024,4096,3808,2359.175,2449.479,2190.629,-1.8664
mixed,64,58,0.9062,4.0,128,0,2048,8192,7616,4709.87,5360.209,4446.347,-0.4052
mixed,64,58,0.9062,4.0,128,0,4096,16384,15232,10062.079,10836.479,9076.314,-1.2729
mixed,64,58,0.9062,4.0,128,512,128,512,476,335.778,372.384,336.195,0.0114
mixed,64,58,0.9062,4.0,128,512,256,1024,952,605.506,670.401,622.527,0.2623
mixed,64,58,0.9062,4.0,128,512,512,2048,1904,1222.21,1296.708,1195.557,-0.3578
mixed,64,58,0.9062,4.0,128,512,1024,4096,3808,2405.256,2589.734,2320.424,-0.4598
mixed,64,58,0.9062,4.0,128,512,2048,8192,7616,4874.156,5315.374,4644.173,-0.5212
mixed,64,58,0.9062,4.0,128,512,4096,16384,15232,10225.087,10990.557,9225.247,-1.3062
mixed,64,58,0.9062,4.0,128,1024,128,512,476,344.163,377.953,351.138,0.2064
mixed,64,58,0.9062,4.0,128,1024,256,1024,952,608.356,668.609,604.863,-0.058
mixed,64,58,0.9062,4.0,128,1024,512,2048,1904,1222.564,1291.075,1202.979,-0.2859
mixed,64,58,0.9062,4.0,128,1024,1024,4096,3808,2382.216,2576.325,2347.942,-0.1766
mixed,64,58,0.9062,4.0,128,1024,2048,8192,7616,4920.013,5393.552,4686.542,-0.493
mixed,64,58,0.9062,4.0,128,1024,4096,16384,15232,10192.413,10979.391,9250.107,-1.1974
mixed,64,58,0.9062,4.0,128,2048,128,512,476,423.903,446.082,435.873,0.5397
mixed,64,58,0.9062,4.0,128,2048,256,1024,952,624.385,671.841,693.441,1.4552
mixed,64,58,0.9062,4.0,128,2048,512,2048,1904,1190.659,1257.669,1173.795,-0.2517
mixed,64,58,0.9062,4.0,128,2048,1024,4096,3808,2414.214,2555.911,2355.366,-0.4153
mixed,64,58,0.9062,4.0,128,2048,2048,8192,7616,5049.521,5286.99,4645.868,-1.6998
mixed,64,58,0.9062,4.0,128,2048,4096,16384,15232,10129.726,10916.319,9295.582,-1.0605
mixed,64,58,0.9062,4.0,128,4096,128,512,476,596.451,615.201,602.05,0.2986
mixed,64,58,0.9062,4.0,128,4096,256,1024,952,794.338,834.405,860.997,1.6637
mixed,64,58,0.9062,4.0,128,4096,512,2048,1904,1204.548,1273.508,1324.996,1.7466
mixed,64,58,0.9062,4.0,128,4096,1024,4096,3808,2420.135,2430.948,2299.913,-11.1183
mixed,64,58,0.9062,4.0,128,4096,2048,8192,7616,4822.189,5246.704,4714.829,-0.2529
mixed,64,58,0.9062,4.0,128,4096,4096,16384,15232,10087.71,10930.847,9438.747,-0.7697
mixed,64,58,0.9062,4.0,128,8192,128,512,476,914.562,948.068,942.114,0.8223
mixed,64,58,0.9062,4.0,128,8192,256,1024,952,1125.922,1163.714,1189.86,1.6918
mixed,64,58,0.9062,4.0,128,8192,512,2048,1904,1567.939,1611.045,1653.158,1.977
mixed,64,58,0.9062,4.0,128,8192,1024,4096,3808,2435.113,2452.519,2607.368,9.8963
mixed,64,58,0.9062,4.0,128,8192,2048,8192,7616,4930.666,5241.23,4596.749,-1.0752
mixed,64,58,0.9062,4.0,128,8192,4096,16384,15232,10114.078,10884.161,9468.794,-0.8379
mixed,64,58,0.9062,4.0,256,0,128,512,476,358.912,394.275,352.291,-0.1872
mixed,64,58,0.9062,4.0,256,0,256,1024,952,668.451,729.091,638.275,-0.4976
mixed,64,58,0.9062,4.0,256,0,512,2048,1904,1311.46,1347.428,1216.033,-2.6531
mixed,64,58,0.9062,4.0,256,0,1024,4096,3808,2596.103,2576.269,2293.574,
mixed,64,58,0.9062,4.0,256,0,2048,8192,7616,5086.447,5418.639,4605.614,-1.4475
mixed,64,58,0.9062,4.0,256,0,4096,16384,15232,10174.78,10920.321,9153.659,-1.3696
mixed,64,58,0.9062,4.0,256,512,128,512,476,352.353,383.295,362.528,0.3288
mixed,64,58,0.9062,4.0,256,512,256,1024,952,657.728,714.081,663.905,0.1096
mixed,64,58,0.9062,4.0,256,512,512,2048,1904,1275.204,1378.245,1247.878,-0.2652
mixed,64,58,0.9062,4.0,256,512,1024,4096,3808,2584.296,2763.145,2419.846,-0.9195
mixed,64,58,0.9062,4.0,256,512,2048,8192,7616,5165.039,5573.109,4753.197,-1.0092
mixed,64,58,0.9062,4.0,256,512,4096,16384,15232,10364.096,11153.246,9420.473,-1.1957
mixed,64,58,0.9062,4.0,256,1024,128,512,476,356.961,387.488,370.69,0.4497
mixed,64,58,0.9062,4.0,256,1024,256,1024,952,624.74,672.865,651.842,0.5632
mixed,64,58,0.9062,4.0,256,1024,512,2048,1904,1267.972,1359.812,1253.508,-0.1575
mixed,64,58,0.9062,4.0,256,1024,1024,4096,3808,2570.249,2712.329,2432.712,-0.968
mixed,64,58,0.9062,4.0,256,1024,2048,8192,7616,5149.775,5558.674,4780.206,-0.9038
mixed,64,58,0.9062,4.0,256,1024,4096,16384,15232,10370.014,11144.995,9438.357,-1.2022
mixed,64,58,0.9062,4.0,256,2048,128,512,476,435.584,453.187,440.352,0.2709
mixed,64,58,0.9062,4.0,256,2048,256,1024,952,635.841,696.994,686.979,0.8362
mixed,64,58,0.9062,4.0,256,2048,512,2048,1904,1227.589,1272.417,1231.46,0.0864
mixed,64,58,0.9062,4.0,256,2048,1024,4096,3808,2534.343,2700.902,2451.718,-0.4961
mixed,64,58,0.9062,4.0,256,2048,2048,8192,7616,5129.072,5512.626,4807.854,-0.8375
mixed,64,58,0.9062,4.0,256,2048,4096,16384,15232,10355.265,11118.658,9451.132,-1.1844
mixed,64,58,0.9062,4.0,256,4096,128,512,476,597.28,619.618,596.193,-0.0487
mixed,64,58,0.9062,4.0,256,4096,256,1024,952,815.235,855.685,842.562,0.6756
mixed,64,58,0.9062,4.0,256,4096,512,2048,1904,1264.197,1310.084,1326.212,1.3515
mixed,64,58,0.9062,4.0,256,4096,1024,4096,3808,2382.277,2522.247,2404.936,0.1619
mixed,64,58,0.9062,4.0,256,4096,2048,8192,7616,5050.032,5408.849,4849.071,-0.5601
mixed,64,58,0.9062,4.0,256,4096,4096,16384,15232,10236.056,11029.507,9566.107,-0.8443
mixed,64,58,0.9062,4.0,256,8192,128,512,476,946.147,944.771,929.539,
mixed,64,58,0.9062,4.0,256,8192,256,1024,952,1147.555,1189.732,1175.811,0.6699
mixed,64,58,0.9062,4.0,256,8192,512,2048,1904,1592.101,1643.141,1631.264,0.7673
mixed,64,58,0.9062,4.0,256,8192,1024,4096,3808,2500.84,2614.472,2619.848,1.0473
mixed,64,58,0.9062,4.0,256,8192,2048,8192,7616,4991.542,5328.302,4871.146,-0.3575
mixed,64,58,0.9062,4.0,256,8192,4096,16384,15232,10129.598,10917.437,9643.838,-0.6166
mixed,64,58,0.9062,4.0,512,0,128,512,476,373.504,402.977,371.81,-0.0575
mixed,64,58,0.9062,4.0,512,0,256,1024,952,695.681,748.611,678.561,-0.3234
mixed,64,58,0.9062,4.0,512,0,512,2048,1904,1344.161,1456.931,1285.858,-0.517
mixed,64,58,0.9062,4.0,512,0,1024,4096,3808,2681.289,2836.808,2483.783,-1.27
mixed,64,58,0.9062,4.0,512,0,2048,8192,7616,5222.575,5623.057,4808.617,-1.0336
mixed,64,58,0.9062,4.0,512,0,4096,16384,15232,10378.657,11158.785,9332.86,-1.3405
mixed,64,58,0.9062,4.0,512,512,128,512,476,380.13,410.272,390.721,0.3514
mixed,64,58,0.9062,4.0,512,512,256,1024,952,690.051,739.234,688.833,-0.0248
mixed,64,58,0.9062,4.0,512,512,512,2048,1904,1324.516,1442.691,1295.363,-0.2467
mixed,64,58,0.9062,4.0,512,512,1024,4096,3808,2668.424,2877.352,2516.006,-0.7295
mixed,64,58,0.9062,4.0,512,512,2048,8192,7616,5353.362,5745.041,4953.388,-1.0212
mixed,64,58,0.9062,4.0,512,512,4096,16384,15232,10729.343,11521.057,9763.035,-1.2205
mixed,64,58,0.9062,4.0,512,1024,128,512,476,381.089,419.778,393.728,0.3267
mixed,64,58,0.9062,4.0,512,1024,256,1024,952,684.866,738.528,709.187,0.4532
mixed,64,58,0.9062,4.0,512,1024,512,2048,1904,1302.66,1408.548,1311.395,0.0825
mixed,64,58,0.9062,4.0,512,1024,1024,4096,3808,2629.674,2829.928,2517.511,-0.5601
mixed,64,58,0.9062,4.0,512,1024,2048,8192,7616,5306.348,5711.633,4952.142,-0.874
mixed,64,58,0.9062,4.0,512,1024,4096,16384,15232,10674.493,11478.432,9777.917,-1.1152
mixed,64,58,0.9062,4.0,512,2048,128,512,476,474.85,509.954,495.586,0.5907
mixed,64,58,0.9062,4.0,512,2048,256,1024,952,697.57,754.593,704.674,0.1246
mixed,64,58,0.9062,4.0,512,2048,512,2048,1904,1296.069,1366.464,1357.443,0.8719
mixed,64,58,0.9062,4.0,512,2048,1024,4096,3808,2588.263,2769.575,2577.032,-0.0619
mixed,64,58,0.9062,4.0,512,2048,2048,8192,7616,5250.353,5665.038,4948.495,-0.7279
mixed,64,58,0.9062,4.0,512,2048,4096,16384,15232,10629.111,11434.017,9801.566,-1.0281
mixed,64,58,0.9062,4.0,512,4096,128,512,476,640.706,679.682,664.674,0.6149
mixed,64,58,0.9062,4.0,512,4096,256,1024,952,897.058,961.796,886.883,-0.1572
mixed,64,58,0.9062,4.0,512,4096,512,2048,1904,1319.843,1424.74,1338.051,0.1736
mixed,64,58,0.9062,4.0,512,4096,1024,4096,3808,2491.431,2652.645,2626.888,0.8402
mixed,64,58,0.9062,4.0,512,4096,2048,8192,7616,5125.392,5505.041,5072.333,-0.1398
mixed,64,58,0.9062,4.0,512,4096,4096,16384,15232,10451.582,11275.489,9826.682,-0.7585
mixed,64,58,0.9062,4.0,512,8192,128,512,476,975.619,1011.62,1000.992,0.7048
mixed,64,58,0.9062,4.0,512,8192,256,1024,952,1219.555,1272.9,1212.1,-0.1398
mixed,64,58,0.9062,4.0,512,8192,512,2048,1904,1709.411,1831.556,1682.693,-0.2187
mixed,64,58,0.9062,4.0,512,8192,1024,4096,3808,2555.559,2756.298,2563.079,0.0375
mixed,64,58,0.9062,4.0,512,8192,2048,8192,7616,4950.412,5325.327,5238.293,0.7679
mixed,64,58,0.9062,4.0,512,8192,4096,16384,15232,10220.892,11042.304,10015.198,-0.2504
mixed,64,58,0.9062,4.0,1024,0,128,512,476,391.584,424.385,412.865,0.6488
mixed,64,58,0.9062,4.0,1024,0,256,1024,952,714.114,760.77,709.09,-0.1077
mixed,64,58,0.9062,4.0,1024,0,512,2048,1904,1340.739,1457.86,1333.989,-0.0576
mixed,64,58,0.9062,4.0,1024,0,1024,4096,3808,2704.839,2902.917,2566.792,-0.6969
mixed,64,58,0.9062,4.0,1024,0,2048,8192,7616,5427.116,5832.146,5051.855,-0.9265
mixed,64,58,0.9062,4.0,1024,0,4096,16384,15232,11126.174,11654.34,9942.587,-2.2409
mixed,64,58,0.9062,4.0,1024,512,128,512,476,402.721,440.035,428.865,0.7006
mixed,64,58,0.9062,4.0,1024,512,256,1024,952,711.969,768.417,722.272,0.1825
mixed,64,58,0.9062,4.0,1024,512,512,2048,1904,1341.06,1453.509,1344.42,0.0299
mixed,64,58,0.9062,4.0,1024,512,1024,4096,3808,2680.517,2887.112,2577.064,-0.5008
mixed,64,58,0.9062,4.0,1024,512,2048,8192,7616,5398.286,5801.904,5046.765,-0.8709
mixed,64,58,0.9062,4.0,1024,512,4096,16384,15232,10843.071,11654.207,9967.388,-1.0796
mixed,64,58,0.9062,4.0,1024,1024,128,512,476,456.993,482.21,475.395,0.7297
mixed,64,58,0.9062,4.0,1024,1024,256,1024,952,732.482,782.403,738.916,0.1289
mixed,64,58,0.9062,4.0,1024,1024,512,2048,1904,1333.924,1446.692,1349.732,0.1402
mixed,64,58,0.9062,4.0,1024,1024,1024,4096,3808,2638.727,2847.942,2600.871,-0.1809
mixed,64,58,0.9062,4.0,1024,1024,2048,8192,7616,5380.398,5773.423,5075.308,-0.7763
mixed,64,58,0.9062,4.0,1024,1024,4096,16384,15232,10794.465,11643.234,10006.876,-0.9279
mixed,64,58,0.9062,4.0,1024,2048,128,512,476,573.954,598.592,593.795,0.8053
mixed,64,58,0.9062,4.0,1024,2048,256,1024,952,747.105,797.377,767.267,0.4011
mixed,64,58,0.9062,4.0,1024,2048,512,2048,1904,1343.653,1456.998,1388.868,0.3989
mixed,64,58,0.9062,4.0,1024,2048,1024,4096,3808,2620.774,2815.624,2617.571,-0.0164
mixed,64,58,0.9062,4.0,1024,2048,2048,8192,7616,5294.768,5696.337,5079.113,-0.537
mixed,64,58,0.9062,4.0,1024,2048,4096,16384,15232,10737.979,11536.703,10015.198,-0.9049
mixed,64,58,0.9062,4.0,1024,4096,128,512,476,780.001,820.546,812.801,0.809
mixed,64,58,0.9062,4.0,1024,4096,256,1024,952,963.779,1015.843,969.507,0.11
mixed,64,58,0.9062,4.0,1024,4096,512,2048,1904,1377.891,1502.372,1452.837,0.6021
mixed,64,58,0.9062,4.0,1024,4096,1024,4096,3808,2616.933,2845.447,2675.973,0.2584
mixed,64,58,0.9062,4.0,1024,4096,2048,8192,7616,5175.311,5555.151,5128.688,-0.1227
mixed,64,58,0.9062,4.0,1024,4096,4096,16384,15232,10523.359,11406.816,10055.965,-0.5291
mixed,64,58,0.9062,4.0,1024,8192,128,512,476,1118.852,1156.323,1147.715,0.7703
mixed,64,58,0.9062,4.0,1024,8192,256,1024,952,1359.972,1406.564,1380.261,0.4355
mixed,64,58,0.9062,4.0,1024,8192,512,2048,1904,1760.868,1787.302,1775.811,0.5653
mixed,64,58,0.9062,4.0,1024,8192,1024,4096,3808,2668.424,2924.071,2812.968,0.5654
mixed,64,58,0.9062,4.0,1024,8192,2048,8192,7616,5194.956,5553.166,5217.582,0.0632
mixed,64,58,0.9062,4.0,1024,8192,4096,16384,15232,10325.628,11076.991,10103.387,-0.2958
mixed,64,58,0.9062,4.0,2048,0,128,512,476,545.505,569.314,560.866,0.6452
mixed,64,58,0.9062,4.0,2048,0,256,1024,952,766.69,818.274,787.939,0.4119
mixed,64,58,0.9062,4.0,2048,0,512,2048,1904,1392.968,1502.275,1406.788,0.1264
mixed,64,58,0.9062,4.0,2048,0,1024,4096,3808,2670.376,2875.495,2667.947,-0.0118
mixed,64,58,0.9062,4.0,2048,0,2048,8192,7616,5387.022,5799.507,5121.454,-0.6438
mixed,64,58,0.9062,4.0,2048,0,4096,16384,15232,10820.798,11623.2,10051.965,-0.9582
mixed,64,58,0.9062,4.0,2048,512,128,512,476,633.73,653.793,647.073,0.6651
mixed,64,58,0.9062,4.0,2048,512,256,1024,952,803.235,853.09,822.785,0.3921
mixed,64,58,0.9062,4.0,2048,512,512,2048,1904,1397.734,1498.181,1410.148,0.1236
mixed,64,58,0.9062,4.0,2048,512,1024,4096,3808,2677.831,2860.937,2690.597,0.0697
mixed,64,58,0.9062,4.0,2048,512,2048,8192,7616,5340.205,5734.958,5137.458,-0.5136
mixed,64,58,0.9062,4.0,2048,512,4096,16384,15232,10766.493,11599.681,10043.419,-0.8678
mixed,64,58,0.9062,4.0,2048,1024,128,512,476,717.537,740.513,731.488,0.6072
mixed,64,58,0.9062,4.0,2048,1024,256,1024,952,848.739,896.548,867.204,0.3862
mixed,64,58,0.9062,4.0,2048,1024,512,2048,1904,1419.173,1538.434,1440.26,0.1768
mixed,64,58,0.9062,4.0,2048,1024,1024,4096,3808,2689.096,2871.912,2695.978,0.0376
mixed,64,58,0.9062,4.0,2048,1024,2048,8192,7616,5306.927,5727.377,5185.743,-0.2882
mixed,64,58,0.9062,4.0,2048,1024,4096,16384,15232,10733.533,11559.071,10089.088,-0.7806
mixed,64,58,0.9062,4.0,2048,2048,128,512,476,876.484,903.173,897.763,0.7973
mixed,64,58,0.9062,4.0,2048,2048,256,1024,952,1005.573,1022.658,1019.332,0.8053
mixed,64,58,0.9062,4.0,2048,2048,512,2048,1904,1412.196,1519.014,1435.713,0.2202
mixed,64,58,0.9062,4.0,2048,2048,1024,4096,3808,2700.198,2917.416,2750.09,0.2297
mixed,64,58,0.9062,4.0,2048,2048,2048,8192,7616,5224.944,5626.577,5245.494,0.0512
mixed,64,58,0.9062,4.0,2048,2048,4096,16384,15232,10612.253,11455.457,10136.989,-0.5636
mixed,64,58,0.9062,4.0,2048,4096,128,512,476,1182.37,1209.476,1206.82,0.902
mixed,64,58,0.9062,4.0,2048,4096,256,1024,952,1342.788,1363.811,1335.139,-0.3638
mixed,64,58,0.9062,4.0,2048,4096,512,2048,1904,1632.293,1690.438,1661.7,0.5058
mixed,64,58,0.9062,4.0,2048,4096,1024,4096,3808,2718.278,2944.166,2768.59,0.2227
mixed,64,58,0.9062,4.0,2048,4096,2048,8192,7616,5252.623,5658.04,5326.192,0.1815
mixed,64,58,0.9062,4.0,2048,4096,4096,16384,15232,10342.429,11194.624,10200.315,-0.1668
mixed,64,58,0.9062,4.0,2048,8192,128,512,476,1845.414,1861.286,1858.885,0.8487
mixed,64,58,0.9062,4.0,2048,8192,256,1024,952,1941.798,1969.926,1951.107,0.331
mixed,64,58,0.9062,4.0,2048,8192,512,2048,1904,2242.503,2312.966,2284.872,0.6013
mixed,64,58,0.9062,4.0,2048,8192,1024,4096,3808,3119.177,3272.681,3181.8,0.408
mixed,64,58,0.9062,4.0,2048,8192,2048,8192,7616,5305.709,5746.83,5443.056,0.3114
mixed,64,58,0.9062,4.0,2048,8192,4096,16384,15232,10380.222,11184.448,10543.903,0.2035
pure,128,1,0.0078,4.0,0,0,128,512,131,109.761,253.409,136.607,0.1869
pure,128,1,0.0078,4.0,0,0,256,1024,262,154.431,422.337,172.45,0.0673
pure,128,1,0.0078,4.0,0,0,512,2048,524,258.944,757.091,256.0,-0.0059
pure,128,1,0.0078,4.0,0,0,1024,4096,1048,430.687,1421.703,430.017,-0.0007
pure,128,1,0.0078,4.0,0,0,2048,8192,2096,773.378,2732.104,771.651,-0.0009
pure,128,1,0.0078,4.0,0,0,4096,16384,4192,1454.692,5389.677,1452.357,-0.0006
mixed,128,1,0.0078,4.0,16,0,128,512,131,255.01,765.441,255.81,0.0016
mixed,128,1,0.0078,4.0,16,0,256,1024,262,426.881,1432.771,424.768,-0.0021
mixed,128,1,0.0078,4.0,16,0,512,2048,524,772.834,2783.623,783.617,0.0054
mixed,128,1,0.0078,4.0,16,0,1024,4096,1048,1456.932,5518.637,1512.9,0.0138
mixed,128,1,0.0078,4.0,16,0,2048,8192,2096,2837.768,11011.042,2965.801,0.0157
mixed,128,1,0.0078,4.0,16,0,4096,16384,4192,5630.634,22033.853,5930.544,0.0183
mixed,128,1,0.0078,4.0,16,512,128,512,131,261.793,770.562,261.151,-0.0013
mixed,128,1,0.0078,4.0,16,512,256,1024,262,444.543,1439.844,436.513,-0.0081
mixed,128,1,0.0078,4.0,16,512,512,2048,524,777.219,2783.784,794.241,0.0085
mixed,128,1,0.0078,4.0,16,512,1024,4096,1048,1457.733,5510.063,1521.252,0.0157
mixed,128,1,0.0078,4.0,16,512,2048,8192,2096,2834.31,11011.23,2971.496,0.0168
mixed,128,1,0.0078,4.0,16,512,4096,16384,4192,5649.009,22077.952,5927.534,0.017
mixed,128,1,0.0078,4.0,16,1024,128,512,131,284.224,769.089,283.553,-0.0014
mixed,128,1,0.0078,4.0,16,1024,256,1024,262,444.639,1448.74,437.859,-0.0068
mixed,128,1,0.0078,4.0,16,1024,512,2048,524,779.905,2782.28,795.522,0.0078
mixed,128,1,0.0078,4.0,16,1024,1024,4096,1048,1460.772,5502.449,1518.115,0.0142
mixed,128,1,0.0078,4.0,16,1024,2048,8192,2096,2835.526,11012.735,3002.761,0.0205
mixed,128,1,0.0078,4.0,16,1024,4096,16384,4192,5645.552,22086.624,5923.473,0.0169
mixed,128,1,0.0078,4.0,16,2048,128,512,131,369.921,795.459,367.777,-0.005
mixed,128,1,0.0078,4.0,16,2048,256,1024,262,514.115,1451.878,510.369,-0.004
mixed,128,1,0.0078,4.0,16,2048,512,2048,524,800.675,2803.047,805.443,0.0024
mixed,128,1,0.0078,4.0,16,2048,1024,4096,1048,1468.421,5518.319,1517.19,0.012
mixed,128,1,0.0078,4.0,16,2048,2048,8192,2096,2853.0,11038.207,2972.134,0.0146
mixed,128,1,0.0078,4.0,16,2048,4096,16384,4192,5633.903,22064.827,5954.707,0.0195
mixed,128,1,0.0078,4.0,16,4096,128,512,131,536.449,963.14,533.921,-0.0059
mixed,128,1,0.0078,4.0,16,4096,256,1024,262,672.642,1522.502,673.602,0.0011
mixed,128,1,0.0078,4.0,16,4096,512,2048,524,967.009,2794.471,969.729,0.0015
mixed,128,1,0.0078,4.0,16,4096,1024,4096,1048,1538.98,5542.156,1532.583,-0.0016
mixed,128,1,0.0078,4.0,16,4096,2048,8192,2096,2848.456,11036.894,2992.585,0.0176
mixed,128,1,0.0078,4.0,16,4096,4096,16384,4192,5639.791,22083.357,5952.625,0.019
mixed,128,1,0.0078,4.0,16,8192,128,512,131,859.94,1287.652,860.034,0.0002
mixed,128,1,0.0078,4.0,16,8192,256,1024,262,1007.394,1850.885,1002.755,-0.0055
mixed,128,1,0.0078,4.0,16,8192,512,2048,524,1299.777,2972.201,1306.084,0.0038
mixed,128,1,0.0078,4.0,16,8192,1024,4096,1048,1890.245,5548.688,1871.332,-0.0052
mixed,128,1,0.0078,4.0,16,8192,2048,8192,2096,3039.304,11052.96,3011.494,-0.0035
mixed,128,1,0.0078,4.0,16,8192,4096,16384,4192,5669.426,22060.159,5961.073,0.0178
mixed,128,1,0.0078,4.0,32,0,128,512,131,265.697,765.728,258.656,-0.0141
mixed,128,1,0.0078,4.0,32,0,256,1024,262,433.793,1440.419,429.024,-0.0047
mixed,128,1,0.0078,4.0,32,0,512,2048,524,774.595,2785.896,791.043,0.0082
mixed,128,1,0.0078,4.0,32,0,1024,4096,1048,1455.109,5510.288,1510.982,0.0138
mixed,128,1,0.0078,4.0,32,0,2048,8192,2096,2835.689,11021.342,2972.169,0.0167
mixed,128,1,0.0078,4.0,32,0,4096,16384,4192,5640.404,22063.451,5925.521,0.0174
mixed,128,1,0.0078,4.0,32,512,128,512,131,264.705,773.699,259.072,-0.0111
mixed,128,1,0.0078,4.0,32,512,256,1024,262,441.824,1437.413,440.416,-0.0014
mixed,128,1,0.0078,4.0,32,512,512,2048,524,783.52,2785.255,793.988,0.0052
mixed,128,1,0.0078,4.0,32,512,1024,4096,1048,1452.163,5518.257,1529.254,0.019
mixed,128,1,0.0078,4.0,32,512,2048,8192,2096,2831.338,11019.777,2973.642,0.0174
mixed,128,1,0.0078,4.0,32,512,4096,16384,4192,5652.432,22043.901,5919.281,0.0163
mixed,128,1,0.0078,4.0,32,1024,128,512,131,287.071,772.192,280.224,-0.0141
mixed,128,1,0.0078,4.0,32,1024,256,1024,262,446.498,1448.451,438.625,-0.0079
mixed,128,1,0.0078,4.0,32,1024,512,2048,524,779.555,2784.104,793.156,0.0068
mixed,128,1,0.0078,4.0,32,1024,1024,4096,1048,1471.076,5512.24,1517.251,0.0114
mixed,128,1,0.0078,4.0,32,1024,2048,8192,2096,2840.391,11014.65,2979.526,0.017
mixed,128,1,0.0078,4.0,32,1024,4096,16384,4192,5643.343,22065.438,5935.981,0.0178
mixed,128,1,0.0078,4.0,32,2048,128,512,131,368.255,794.563,368.512,0.0006
mixed,128,1,0.0078,4.0,32,2048,256,1024,262,514.593,1453.093,516.032,0.0015
mixed,128,1,0.0078,4.0,32,2048,512,2048,524,800.13,2795.655,800.547,0.0002
mixed,128,1,0.0078,4.0,32,2048,1024,4096,1048,1466.694,5535.726,1522.245,0.0137
mixed,128,1,0.0078,4.0,32,2048,2048,8192,2096,2848.457,11031.91,2970.121,0.0149
mixed,128,1,0.0078,4.0,32,2048,4096,16384,4192,5635.054,22081.502,5937.264,0.0184
mixed,128,1,0.0078,4.0,32,4096,128,512,131,536.8,963.683,535.135,-0.0039
mixed,128,1,0.0078,4.0,32,4096,256,1024,262,677.186,1523.013,682.048,0.0057
mixed,128,1,0.0078,4.0,32,4096,512,2048,524,969.089,2811.593,972.579,0.0019
mixed,128,1,0.0078,4.0,32,4096,1024,4096,1048,1539.874,5531.057,1544.068,0.0011
mixed,128,1,0.0078,4.0,32,4096,2048,8192,2096,2860.937,11045.406,2986.248,0.0153
mixed,128,1,0.0078,4.0,32,4096,4096,16384,4192,5654.896,22051.549,5936.785,0.0172
mixed,128,1,0.0078,4.0,32,8192,128,512,131,863.682,1297.892,863.777,0.0002
mixed,128,1,0.0078,4.0,32,8192,256,1024,262,1004.964,1858.309,1018.756,0.0162
mixed,128,1,0.0078,4.0,32,8192,512,2048,524,1302.018,2972.553,1300.772,-0.0007
mixed,128,1,0.0078,4.0,32,8192,1024,4096,1048,1872.454,5551.32,1882.118,0.0026
mixed,128,1,0.0078,4.0,32,8192,2048,8192,2096,3030.889,11051.23,3045.001,0.0018
mixed,128,1,0.0078,4.0,32,8192,4096,16384,4192,5668.048,22084.829,5954.159,0.0174
mixed,128,1,0.0078,4.0,64,0,128,512,131,266.753,771.971,264.641,-0.0042
mixed,128,1,0.0078,4.0,64,0,256,1024,262,440.643,1443.077,428.639,-0.012
mixed,128,1,0.0078,4.0,64,0,512,2048,524,777.86,2802.279,790.689,0.0063
mixed,128,1,0.0078,4.0,64,0,1024,4096,1048,1461.956,5521.616,1517.317,0.0136
mixed,128,1,0.0078,4.0,64,0,2048,8192,2096,2835.144,11026.584,2983.335,0.0181
mixed,128,1,0.0078,4.0,64,0,4096,16384,4192,5636.563,22050.686,5932.981,0.0181
mixed,128,1,0.0078,4.0,64,512,128,512,131,271.009,779.139,269.887,-0.0022
mixed,128,1,0.0078,4.0,64,512,256,1024,262,448.29,1444.612,439.651,-0.0087
mixed,128,1,0.0078,4.0,64,512,512,2048,524,787.875,2800.617,794.979,0.0035
mixed,128,1,0.0078,4.0,64,512,1024,4096,1048,1461.604,5524.335,1517.188,0.0137
mixed,128,1,0.0078,4.0,64,512,2048,8192,2096,2842.44,11021.151,2974.626,0.0162
mixed,128,1,0.0078,4.0,64,512,4096,16384,4192,5651.918,22071.164,5937.041,0.0174
mixed,128,1,0.0078,4.0,64,1024,128,512,131,295.138,779.33,290.624,-0.0093
mixed,128,1,0.0078,4.0,64,1024,256,1024,262,447.648,1460.067,444.257,-0.0033
mixed,128,1,0.0078,4.0,64,1024,512,2048,524,790.754,2802.632,804.034,0.0066
mixed,128,1,0.0078,4.0,64,1024,1024,4096,1048,1468.582,5532.72,1514.211,0.0112
mixed,128,1,0.0078,4.0,64,1024,2048,8192,2096,2836.08,11031.039,2986.286,0.0183
mixed,128,1,0.0078,4.0,64,1024,4096,16384,4192,5655.071,22061.823,5927.836,0.0166
mixed,128,1,0.0078,4.0,64,2048,128,512,131,376.511,806.717,380.413,0.0091
mixed,128,1,0.0078,4.0,64,2048,256,1024,262,517.5,1461.047,519.517,0.0021
mixed,128,1,0.0078,4.0,64,2048,512,2048,524,802.748,2808.785,805.786,0.0015
mixed,128,1,0.0078,4.0,64,2048,1024,4096,1048,1478.646,5525.502,1527.386,0.012
mixed,128,1,0.0078,4.0,64,2048,2048,8192,2096,2858.032,11043.773,2996.751,0.0169
mixed,128,1,0.0078,4.0,64,2048,4096,16384,4192,5656.382,22051.938,5924.511,0.0164
mixed,128,1,0.0078,4.0,64,4096,128,512,131,547.103,970.521,543.868,-0.0076
mixed,128,1,0.0078,4.0,64,4096,256,1024,262,679.614,1526.037,689.533,0.0117
mixed,128,1,0.0078,4.0,64,4096,512,2048,524,980.026,2814.863,974.683,-0.0029
mixed,128,1,0.0078,4.0,64,4096,1024,4096,1048,1545.527,5547.774,1543.574,-0.0005
mixed,128,1,0.0078,4.0,64,4096,2048,8192,2096,2861.49,11047.202,2998.705,0.0168
mixed,128,1,0.0078,4.0,64,4096,4096,16384,4192,5663.238,22081.992,5967.106,0.0185
mixed,128,1,0.0078,4.0,64,8192,128,512,131,874.139,1297.048,870.427,-0.0088
mixed,128,1,0.0078,4.0,64,8192,256,1024,262,1015.291,1862.997,1012.219,-0.0036
mixed,128,1,0.0078,4.0,64,8192,512,2048,524,1311.127,3011.087,1303.929,-0.0042
mixed,128,1,0.0078,4.0,64,8192,1024,4096,1048,1888.79,5556.707,1877.847,-0.003
mixed,128,1,0.0078,4.0,64,8192,2048,8192,2096,3036.11,11051.332,3012.303,-0.003
mixed,128,1,0.0078,4.0,64,8192,4096,16384,4192,5679.011,22057.037,5940.896,0.016
mixed,128,1,0.0078,4.0,128,0,128,512,131,268.767,755.581,264.702,-0.0084
mixed,128,1,0.0078,4.0,128,0,256,1024,262,423.869,1439.415,420.991,-0.0028
mixed,128,1,0.0078,4.0,128,0,512,2048,524,768.252,2799.378,778.875,0.0052
mixed,128,1,0.0078,4.0,128,0,1024,4096,1048,1458.265,5534.275,1524.12,0.0162
mixed,128,1,0.0078,4.0,128,0,2048,8192,2096,2849.904,11017.159,2969.583,0.0147
mixed,128,1,0.0078,4.0,128,0,4096,16384,4192,5647.397,22068.246,5950.433,0.0185
mixed,128,1,0.0078,4.0,128,512,128,512,131,270.589,770.621,268.48,-0.0042
mixed,128,1,0.0078,4.0,128,512,256,1024,262,432.798,1435.64,431.198,-0.0016
mixed,128,1,0.0078,4.0,128,512,512,2048,524,776.253,2788.209,792.413,0.008
mixed,128,1,0.0078,4.0,128,512,1024,4096,1048,1450.745,5525.22,1509.562,0.0144
mixed,128,1,0.0078,4.0,128,512,2048,8192,2096,2838.226,11031.687,2979.508,0.0172
mixed,128,1,0.0078,4.0,128,512,4096,16384,4192,5650.693,22059.828,5927.939,0.0169
mixed,128,1,0.0078,4.0,128,1024,128,512,131,294.687,768.571,298.143,0.0073
mixed,128,1,0.0078,4.0,128,1024,256,1024,262,435.229,1451.159,435.358,0.0001
mixed,128,1,0.0078,4.0,128,1024,512,2048,524,779.165,2781.395,785.372,0.0031
mixed,128,1,0.0078,4.0,128,1024,1024,4096,1048,1462.648,5516.327,1512.953,0.0124
mixed,128,1,0.0078,4.0,128,1024,2048,8192,2096,2833.425,11038.921,2979.121,0.0178
mixed,128,1,0.0078,4.0,128,1024,4096,16384,4192,5648.033,22069.335,5935.333,0.0175
mixed,128,1,0.0078,4.0,128,2048,128,512,131,384.319,780.253,382.174,-0.0054
mixed,128,1,0.0078,4.0,128,2048,256,1024,262,518.397,1439.638,525.117,0.0073
mixed,128,1,0.0078,4.0,128,2048,512,2048,524,787.196,2790.61,797.724,0.0053
mixed,128,1,0.0078,4.0,128,2048,1024,4096,1048,1462.329,5510.02,1518.009,0.0138
mixed,128,1,0.0078,4.0,128,2048,2048,8192,2096,2843.217,11035.212,2979.73,0.0167
mixed,128,1,0.0078,4.0,128,2048,4096,16384,4192,5637.862,22048.824,5915.557,0.0169
mixed,128,1,0.0078,4.0,128,4096,128,512,131,545.471,967.803,545.149,-0.0008
mixed,128,1,0.0078,4.0,128,4096,256,1024,262,687.836,1519.706,688.702,0.001
mixed,128,1,0.0078,4.0,128,4096,512,2048,524,963.864,2793.844,975.322,0.0063
mixed,128,1,0.0078,4.0,128,4096,1024,4096,1048,1521.4,5522.985,1532.375,0.0027
mixed,128,1,0.0078,4.0,128,4096,2048,8192,2096,2837.81,11006.068,2960.947,0.0151
mixed,128,1,0.0078,4.0,128,4096,4096,16384,4192,5635.334,22051.296,5950.758,0.0192
mixed,128,1,0.0078,4.0,128,8192,128,512,131,879.197,1291.483,876.124,-0.0075
mixed,128,1,0.0078,4.0,128,8192,256,1024,262,1023.739,1846.838,1023.003,-0.0009
mixed,128,1,0.0078,4.0,128,8192,512,2048,524,1293.851,2956.275,1301.563,0.0046
mixed,128,1,0.0078,4.0,128,8192,1024,4096,1048,1882.072,5500.522,1872.248,-0.0027
mixed,128,1,0.0078,4.0,128,8192,2048,8192,2096,2997.235,11010.322,3000.819,0.0004
mixed,128,1,0.0078,4.0,128,8192,4096,16384,4192,5621.352,22010.594,5917.448,0.0181
mixed,128,1,0.0078,4.0,256,0,128,512,131,266.975,733.246,263.552,-0.0073
mixed,128,1,0.0078,4.0,256,0,256,1024,262,406.494,1411.003,405.375,-0.0011
mixed,128,1,0.0078,4.0,256,0,512,2048,524,744.862,2772.79,777.245,0.016
mixed,128,1,0.0078,4.0,256,0,1024,4096,1048,1434.747,5519.464,1505.178,0.0172
mixed,128,1,0.0078,4.0,256,0,2048,8192,2096,2828.244,11019.315,2976.308,0.0181
mixed,128,1,0.0078,4.0,256,0,4096,16384,4192,5652.04,22049.19,5945.225,0.0179
mixed,128,1,0.0078,4.0,256,512,128,512,131,275.326,743.388,273.216,-0.0045
mixed,128,1,0.0078,4.0,256,512,256,1024,262,415.04,1409.851,415.487,0.0004
mixed,128,1,0.0078,4.0,256,512,512,2048,524,757.341,2779.799,766.877,0.0047
mixed,128,1,0.0078,4.0,256,512,1024,4096,1048,1430.299,5505.833,1491.512,0.015
mixed,128,1,0.0078,4.0,256,512,2048,8192,2096,2823.539,11026.227,2970.869,0.018
mixed,128,1,0.0078,4.0,256,512,4096,16384,4192,5635.434,22039.083,5923.945,0.0176
mixed,128,1,0.0078,4.0,256,1024,128,512,131,308.737,743.452,305.854,-0.0066
mixed,128,1,0.0078,4.0,256,1024,256,1024,262,422.655,1414.458,424.319,0.0017
mixed,128,1,0.0078,4.0,256,1024,512,2048,524,754.781,2751.636,793.981,0.0196
mixed,128,1,0.0078,4.0,256,1024,1024,4096,1048,1440.953,5506.923,1496.12,0.0136
mixed,128,1,0.0078,4.0,256,1024,2048,8192,2096,2812.181,11025.878,2956.31,0.0175
mixed,128,1,0.0078,4.0,256,1024,4096,16384,4192,5623.02,22065.516,5915.532,0.0178
mixed,128,1,0.0078,4.0,256,2048,128,512,131,394.719,782.877,394.656,-0.0002
mixed,128,1,0.0078,4.0,256,2048,256,1024,262,503.9,1413.916,503.072,-0.0009
mixed,128,1,0.0078,4.0,256,2048,512,2048,524,788.413,2764.149,795.549,0.0036
mixed,128,1,0.0078,4.0,256,2048,1024,4096,1048,1438.65,5473.483,1520.666,0.0203
mixed,128,1,0.0078,4.0,256,2048,2048,8192,2096,2811.701,10991.065,2978.677,0.0204
mixed,128,1,0.0078,4.0,256,2048,4096,16384,4192,5597.229,22036.591,5901.227,0.0185
mixed,128,1,0.0078,4.0,256,4096,128,512,131,559.967,952.284,559.518,-0.0011
mixed,128,1,0.0078,4.0,256,4096,256,1024,262,668.829,1449.049,665.854,-0.0038
mixed,128,1,0.0078,4.0,256,4096,512,2048,524,964.797,2754.391,967.069,0.0013
mixed,128,1,0.0078,4.0,256,4096,1024,4096,1048,1489.401,5464.3,1547.289,0.0146
mixed,128,1,0.0078,4.0,256,4096,2048,8192,2096,2804.407,10925.785,2968.98,0.0203
mixed,128,1,0.0078,4.0,256,4096,4096,16384,4192,5570.764,21973.776,5902.221,0.0202
mixed,128,1,0.0078,4.0,256,8192,128,512,131,890.718,1294.044,889.854,-0.0021
mixed,128,1,0.0078,4.0,256,8192,256,1024,262,1000.733,1880.026,1001.307,0.0007
mixed,128,1,0.0078,4.0,256,8192,512,2048,524,1301.34,2947.029,1300.22,-0.0007
mixed,128,1,0.0078,4.0,256,8192,1024,4096,1048,1895.098,5423.564,1896.41,0.0004
mixed,128,1,0.0078,4.0,256,8192,2048,8192,2096,3011.605,10858.875,3101.398,0.0114
mixed,128,1,0.0078,4.0,256,8192,4096,16384,4192,5535.181,21880.948,5881.328,0.0212
mixed,128,1,0.0078,4.0,512,0,128,512,131,306.464,731.23,303.197,-0.0077
mixed,128,1,0.0078,4.0,512,0,256,1024,262,419.328,1400.058,421.31,0.002
mixed,128,1,0.0078,4.0,512,0,512,2048,524,747.805,2767.67,770.14,0.0111
mixed,128,1,0.0078,4.0,512,0,1024,4096,1048,1428.283,5527.694,1502.073,0.018
mixed,128,1,0.0078,4.0,512,0,2048,8192,2096,2835.447,11033.851,2984.023,0.0181
mixed,128,1,0.0078,4.0,512,0,4096,16384,4192,5632.846,22076.889,5960.818,0.0199
mixed,128,1,0.0078,4.0,512,512,128,512,131,321.918,746.718,319.102,-0.0066
mixed,128,1,0.0078,4.0,512,512,256,1024,262,432.67,1403.61,432.0,-0.0007
mixed,128,1,0.0078,4.0,512,512,512,2048,524,758.878,2762.2,782.366,0.0117
mixed,128,1,0.0078,4.0,512,512,1024,4096,1048,1430.363,5513.166,1481.274,0.0125
mixed,128,1,0.0078,4.0,512,512,2048,8192,2096,2813.174,11021.885,2982.903,0.0207
mixed,128,1,0.0078,4.0,512,512,4096,16384,4192,5639.087,22051.446,5936.334,0.0181
mixed,128,1,0.0078,4.0,512,1024,128,512,131,365.758,750.526,366.751,0.0026
mixed,128,1,0.0078,4.0,512,1024,256,1024,262,442.751,1408.538,442.718,-0.0
mixed,128,1,0.0078,4.0,512,1024,512,2048,524,763.87,2748.632,790.047,0.0132
mixed,128,1,0.0078,4.0,512,1024,1024,4096,1048,1433.756,5490.577,1517.82,0.0207
mixed,128,1,0.0078,4.0,512,1024,2048,8192,2096,2803.799,11013.375,3010.679,0.0252
mixed,128,1,0.0078,4.0,512,1024,4096,16384,4192,5618.735,22042.276,5936.559,0.0194
mixed,128,1,0.0078,4.0,512,2048,128,512,131,464.383,766.333,464.287,-0.0003
mixed,128,1,0.0078,4.0,512,2048,256,1024,262,540.192,1416.763,539.871,-0.0004
mixed,128,1,0.0078,4.0,512,2048,512,2048,524,780.669,2741.593,791.806,0.0057
mixed,128,1,0.0078,4.0,512,2048,1024,4096,1048,1446.906,5429.679,1543.58,0.0243
mixed,128,1,0.0078,4.0,512,2048,2048,8192,2096,2795.257,10977.407,3031.416,0.0289
mixed,128,1,0.0078,4.0,512,2048,4096,16384,4192,5549.005,22016.385,5954.575,0.0246
mixed,128,1,0.0078,4.0,512,4096,128,512,131,636.158,946.558,633.085,-0.0099
mixed,128,1,0.0078,4.0,512,4096,256,1024,262,718.943,1497.66,719.392,0.0006
mixed,128,1,0.0078,4.0,512,4096,512,2048,524,946.781,2759.0,947.231,0.0002
mixed,128,1,0.0078,4.0,512,4096,1024,4096,1048,1553.211,5398.865,1532.636,-0.0054
mixed,128,1,0.0078,4.0,512,4096,2048,8192,2096,2829.853,10864.643,3062.745,0.029
mixed,128,1,0.0078,4.0,512,4096,4096,16384,4192,5518.449,21926.279,6040.305,0.0318
mixed,128,1,0.0078,4.0,512,8192,128,512,131,967.356,1261.661,966.59,-0.0026
mixed,128,1,0.0078,4.0,512,8192,256,1024,262,1053.437,1812.858,1051.998,-0.0019
mixed,128,1,0.0078,4.0,512,8192,512,2048,524,1267.869,2953.748,1270.749,0.0017
mixed,128,1,0.0078,4.0,512,8192,1024,4096,1048,1851.451,5449.459,1850.843,-0.0002
mixed,128,1,0.0078,4.0,512,8192,2048,8192,2096,2988.407,10754.34,3032.664,0.0057
mixed,128,1,0.0078,4.0,512,8192,4096,16384,4192,5555.441,21700.777,6100.757,0.0338
mixed,128,1,0.0078,4.0,1024,0,128,512,131,411.679,763.166,410.271,-0.004
mixed,128,1,0.0078,4.0,1024,0,256,1024,262,502.08,1422.846,499.838,-0.0024
mixed,128,1,0.0078,4.0,1024,0,512,2048,524,775.807,2766.008,778.334,0.0013
mixed,128,1,0.0078,4.0,1024,0,1024,4096,1048,1451.516,5514.673,1512.732,0.0151
mixed,128,1,0.0078,4.0,1024,0,2048,8192,2096,2825.244,11033.026,3015.482,0.0232
mixed,128,1,0.0078,4.0,1024,0,4096,16384,4192,5648.114,22095.275,5969.299,0.0195
mixed,128,1,0.0078,4.0,1024,512,128,512,131,453.244,774.076,453.824,0.0018
mixed,128,1,0.0078,4.0,1024,512,256,1024,262,532.447,1425.597,530.336,-0.0024
mixed,128,1,0.0078,4.0,1024,512,512,2048,524,790.238,2770.647,787.743,-0.0013
mixed,128,1,0.0078,4.0,1024,512,1024,4096,1048,1459.259,5508.114,1511.198,0.0128
mixed,128,1,0.0078,4.0,1024,512,2048,8192,2096,2821.69,11026.117,3035.162,0.026
mixed,128,1,0.0078,4.0,1024,512,4096,16384,4192,5629.171,22073.42,5979.54,0.0213
mixed,128,1,0.0078,4.0,1024,1024,128,512,131,516.158,781.439,516.065,-0.0004
mixed,128,1,0.0078,4.0,1024,1024,256,1024,262,574.142,1438.687,574.4,0.0003
mixed,128,1,0.0078,4.0,1024,1024,512,2048,524,794.205,2769.593,793.246,-0.0005
mixed,128,1,0.0078,4.0,1024,1024,1024,4096,1048,1467.261,5493.651,1535.805,0.017
mixed,128,1,0.0078,4.0,1024,1024,2048,8192,2096,2835.704,11026.152,3057.239,0.027
mixed,128,1,0.0078,4.0,1024,1024,4096,16384,4192,5601.746,22089.713,5971.825,0.0224
mixed,128,1,0.0078,4.0,1024,2048,128,512,131,633.695,834.717,633.085,-0.003
mixed,128,1,0.0078,4.0,1024,2048,256,1024,262,694.43,1450.973,692.126,-0.003
mixed,128,1,0.0078,4.0,1024,2048,512,2048,524,842.718,2774.714,840.734,-0.001
mixed,128,1,0.0078,4.0,1024,2048,1024,4096,1048,1488.03,5447.509,1544.765,0.0143
mixed,128,1,0.0078,4.0,1024,2048,2048,8192,2096,2837.402,10931.341,3057.339,0.0272
mixed,128,1,0.0078,4.0,1024,2048,4096,16384,4192,5566.262,22040.498,6002.928,0.0265
mixed,128,1,0.0078,4.0,1024,4096,128,512,131,860.925,1063.806,854.845,-0.03
mixed,128,1,0.0078,4.0,1024,4096,256,1024,262,932.638,1494.304,930.429,-0.0039
mixed,128,1,0.0078,4.0,1024,4096,512,2048,524,1059.325,2801.755,1066.653,0.0042
mixed,128,1,0.0078,4.0,1024,4096,1024,4096,1048,1516.637,5425.013,1524.221,0.0019
mixed,128,1,0.0078,4.0,1024,4096,2048,8192,2096,2871.226,10863.497,2977.498,0.0133
mixed,128,1,0.0078,4.0,1024,4096,4096,16384,4192,5552.085,21842.259,6083.22,0.0326
mixed,128,1,0.0078,4.0,1024,8192,128,512,131,1208.607,1510.013,1204.925,-0.0122
mixed,128,1,0.0078,4.0,1024,8192,256,1024,262,1305.949,1881.086,1308.669,0.0047
mixed,128,1,0.0078,4.0,1024,8192,512,2048,524,1521.053,2968.603,1521.979,0.0006
mixed,128,1,0.0078,4.0,1024,8192,1024,4096,1048,1900.413,5478.294,1884.603,-0.0044
mixed,128,1,0.0078,4.0,1024,8192,2048,8192,2096,3030.522,10809.163,3038.106,0.001
mixed,128,1,0.0078,4.0,1024,8192,4096,16384,4192,5626.484,21601.329,5983.799,0.0224
mixed,128,1,0.0078,4.0,2048,0,128,512,131,671.776,927.295,670.814,-0.0038
mixed,128,1,0.0078,4.0,2048,0,256,1024,262,757.216,1481.98,753.153,-0.0056
mixed,128,1,0.0078,4.0,2048,0,512,2048,524,934.336,2816.633,935.517,0.0006
mixed,128,1,0.0078,4.0,2048,0,1024,4096,1048,1510.909,5519.029,1539.164,0.007
mixed,128,1,0.0078,4.0,2048,0,2048,8192,2096,2867.002,11032.939,3064.538,0.0242
mixed,128,1,0.0078,4.0,2048,0,4096,16384,4192,5622.421,22076.346,6012.374,0.0237
mixed,128,1,0.0078,4.0,2048,512,128,512,131,757.76,988.991,756.319,-0.0062
mixed,128,1,0.0078,4.0,2048,512,256,1024,262,817.918,1516.797,816.223,-0.0024
mixed,128,1,0.0078,4.0,2048,512,512,2048,524,993.342,2820.698,994.941,0.0009
mixed,128,1,0.0078,4.0,2048,512,1024,4096,1048,1542.206,5499.798,1569.724,0.007
mixed,128,1,0.0078,4.0,2048,512,2048,8192,2096,2882.973,11008.299,3066.715,0.0226
mixed,128,1,0.0078,4.0,2048,512,4096,16384,4192,5630.652,22060.763,6015.061,0.0234
mixed,128,1,0.0078,4.0,2048,1024,128,512,131,843.647,1045.087,839.774,-0.0192
mixed,128,1,0.0078,4.0,2048,1024,256,1024,262,900.768,1544.797,898.782,-0.0031
mixed,128,1,0.0078,4.0,2048,1024,512,2048,524,1051.614,2838.97,1053.117,0.0008
mixed,128,1,0.0078,4.0,2048,1024,1024,4096,1048,1574.652,5538.775,1587.678,0.0033
mixed,128,1,0.0078,4.0,2048,1024,2048,8192,2096,2909.273,10981.421,3066.397,0.0195
mixed,128,1,0.0078,4.0,2048,1024,4096,16384,4192,5637.526,22027.263,6098.904,0.0282
mixed,128,1,0.0078,4.0,2048,2048,128,512,131,1005.408,1186.014,1003.295,-0.0117
mixed,128,1,0.0078,4.0,2048,2048,256,1024,262,1068.285,1587.455,1073.886,0.0108
mixed,128,1,0.0078,4.0,2048,2048,512,2048,524,1190.975,2890.395,1183.039,-0.0047
mixed,128,1,0.0078,4.0,2048,2048,1024,4096,1048,1608.51,5554.904,1611.228,0.0007
mixed,128,1,0.0078,4.0,2048,2048,2048,8192,2096,2957.788,10967.182,3121.754,0.0205
mixed,128,1,0.0078,4.0,2048,2048,4096,16384,4192,5669.234,21987.964,6097.878,0.0263
mixed,128,1,0.0078,4.0,2048,4096,128,512,131,1319.87,1511.039,1316.222,-0.0191
mixed,128,1,0.0078,4.0,2048,4096,256,1024,262,1378.241,1760.509,1381.757,0.0092
mixed,128,1,0.0078,4.0,2048,4096,512,2048,524,1515.294,2977.243,1511.2,-0.0028
mixed,128,1,0.0078,4.0,2048,4096,1024,4096,1048,1781.76,5661.753,1772.159,-0.0025
mixed,128,1,0.0078,4.0,2048,4096,2048,8192,2096,3026.267,11044.782,3152.922,0.0158
mixed,128,1,0.0078,4.0,2048,4096,4096,16384,4192,5805.818,21883.553,6293.62,0.0303
mixed,128,1,0.0078,4.0,2048,8192,128,512,131,1943.197,2131.644,1945.118,0.0102
mixed,128,1,0.0078,4.0,2048,8192,256,1024,262,2019.133,2410.653,2004.574,-0.0372
mixed,128,1,0.0078,4.0,2048,8192,512,2048,524,2142.239,3151.738,2139.488,-0.0027
mixed,128,1,0.0078,4.0,2048,8192,1024,4096,1048,2401.981,5817.24,2416.095,0.0041
mixed,128,1,0.0078,4.0,2048,8192,2048,8192,2096,3239.324,11165.233,3242.588,0.0004
mixed,128,1,0.0078,4.0,2048,8192,4096,16384,4192,5958.36,22014.623,6274.776,0.0197
pure,128,2,0.0156,4.0,0,0,128,512,134,109.155,253.408,136.48,0.1894
pure,128,2,0.0156,4.0,0,0,256,1024,268,154.943,422.014,173.504,0.0695
pure,128,2,0.0156,4.0,0,0,512,2048,536,263.747,756.35,262.048,-0.0034
pure,128,2,0.0156,4.0,0,0,1024,4096,1072,436.447,1421.339,437.406,0.001
pure,128,2,0.0156,4.0,0,0,2048,8192,2144,788.257,2739.322,784.224,-0.0021
pure,128,2,0.0156,4.0,0,0,4096,16384,4288,1479.071,5386.969,1479.169,0.0
mixed,128,2,0.0156,4.0,16,0,128,512,134,260.512,765.536,255.902,-0.0091
mixed,128,2,0.0156,4.0,16,0,256,1024,268,431.455,1433.086,428.991,-0.0025
mixed,128,2,0.0156,4.0,16,0,512,2048,536,777.952,2784.187,791.679,0.0068
mixed,128,2,0.0156,4.0,16,0,1024,4096,1072,1484.381,5527.192,1528.38,0.0109
mixed,128,2,0.0156,4.0,16,0,2048,8192,2144,2903.773,11015.186,3007.166,0.0127
mixed,128,2,0.0156,4.0,16,0,4096,16384,4288,5777.05,22035.557,5974.457,0.0121
mixed,128,2,0.0156,4.0,16,512,128,512,134,264.48,771.134,258.591,-0.0116
mixed,128,2,0.0156,4.0,16,512,256,1024,268,444.831,1444.19,437.952,-0.0069
mixed,128,2,0.0156,4.0,16,512,512,2048,536,787.36,2789.212,801.663,0.0071
mixed,128,2,0.0156,4.0,16,512,1024,4096,1072,1474.941,5518.33,1535.646,0.015
mixed,128,2,0.0156,4.0,16,512,2048,8192,2144,2905.21,11021.683,2999.9,0.0117
mixed,128,2,0.0156,4.0,16,512,4096,16384,4288,5770.456,22087.27,5974.331,0.0125
mixed,128,2,0.0156,4.0,16,1024,128,512,134,289.408,773.792,284.384,-0.0104
mixed,128,2,0.0156,4.0,16,1024,256,1024,268,447.744,1449.28,441.6,-0.0061
mixed,128,2,0.0156,4.0,16,1024,512,2048,536,788.544,2780.061,795.935,0.0037
mixed,128,2,0.0156,4.0,16,1024,1024,4096,1072,1492.605,5504.283,1536.286,0.0109
mixed,128,2,0.0156,4.0,16,1024,2048,8192,2144,2900.512,11018.835,3005.405,0.0129
mixed,128,2,0.0156,4.0,16,1024,4096,16384,4288,5762.33,22047.083,5982.394,0.0135
mixed,128,2,0.0156,4.0,16,2048,128,512,134,369.408,795.359,365.951,-0.0081
mixed,128,2,0.0156,4.0,16,2048,256,1024,268,510.623,1454.178,518.911,0.0088
mixed,128,2,0.0156,4.0,16,2048,512,2048,536,802.143,2806.845,812.414,0.0051
mixed,128,2,0.0156,4.0,16,2048,1024,4096,1072,1493.438,5519.618,1535.488,0.0104
mixed,128,2,0.0156,4.0,16,2048,2048,8192,2144,2903.805,11041.752,3004.669,0.0124
mixed,128,2,0.0156,4.0,16,2048,4096,16384,4288,5779.963,22057.006,6006.17,0.0139
mixed,128,2,0.0156,4.0,16,4096,128,512,134,536.446,957.408,533.921,-0.006
mixed,128,2,0.0156,4.0,16,4096,256,1024,268,681.215,1516.8,679.198,-0.0024
mixed,128,2,0.0156,4.0,16,4096,512,2048,536,973.119,2798.749,981.056,0.0043
mixed,128,2,0.0156,4.0,16,4096,1024,4096,1072,1553.246,5529.594,1560.096,0.0017
mixed,128,2,0.0156,4.0,16,4096,2048,8192,2144,2915.357,11038.805,3029.024,0.014
mixed,128,2,0.0156,4.0,16,4096,4096,16384,4288,5770.14,22079.915,6039.413,0.0165
mixed,128,2,0.0156,4.0,16,8192,128,512,134,861.119,1293.982,863.711,0.006
mixed,128,2,0.0156,4.0,16,8192,256,1024,268,1010.72,1856.096,1007.711,-0.0036
mixed,128,2,0.0156,4.0,16,8192,512,2048,536,1303.679,2984.315,1319.328,0.0093
mixed,128,2,0.0156,4.0,16,8192,1024,4096,1072,1891.774,5548.379,1909.664,0.0049
mixed,128,2,0.0156,4.0,16,8192,2048,8192,2144,3114.941,11045.815,3054.591,-0.0076
mixed,128,2,0.0156,4.0,16,8192,4096,16384,4288,5790.685,22038.257,5996.222,0.0127
mixed,128,2,0.0156,4.0,32,0,128,512,134,267.424,765.441,260.193,-0.0145
mixed,128,2,0.0156,4.0,32,0,256,1024,268,432.161,1444.798,431.136,-0.001
mixed,128,2,0.0156,4.0,32,0,512,2048,536,781.726,2788.961,797.375,0.0078
mixed,128,2,0.0156,4.0,32,0,1024,4096,1072,1484.831,5520.603,1529.279,0.011
mixed,128,2,0.0156,4.0,32,0,2048,8192,2144,2903.007,11017.783,3035.004,0.0163
mixed,128,2,0.0156,4.0,32,0,4096,16384,4288,5779.745,22069.032,5986.333,0.0127
mixed,128,2,0.0156,4.0,32,512,128,512,134,267.615,772.351,259.137,-0.0168
mixed,128,2,0.0156,4.0,32,512,256,1024,268,442.72,1439.295,442.816,0.0001
mixed,128,2,0.0156,4.0,32,512,512,2048,536,787.039,2784.256,802.24,0.0076
mixed,128,2,0.0156,4.0,32,512,1024,4096,1072,1484.384,5516.413,1526.494,0.0104
mixed,128,2,0.0156,4.0,32,512,2048,8192,2144,2907.645,11022.777,3003.581,0.0118
mixed,128,2,0.0156,4.0,32,512,4096,16384,4288,5768.475,22031.823,6012.637,0.015
mixed,128,2,0.0156,4.0,32,1024,128,512,134,288.512,771.84,285.6,-0.006
mixed,128,2,0.0156,4.0,32,1024,256,1024,268,444.575,1448.864,444.542,-0.0
mixed,128,2,0.0156,4.0,32,1024,512,2048,536,790.464,2781.149,804.798,0.0072
mixed,128,2,0.0156,4.0,32,1024,1024,4096,1072,1489.085,5529.658,1535.678,0.0115
mixed,128,2,0.0156,4.0,32,1024,2048,8192,2144,2899.902,11029.244,3005.789,0.013
mixed,128,2,0.0156,4.0,32,1024,4096,16384,4288,5765.182,22061.75,5976.769,0.013
mixed,128,2,0.0156,4.0,32,2048,128,512,134,366.271,794.208,376.384,0.0236
mixed,128,2,0.0156,4.0,32,2048,256,1024,268,513.76,1452.126,521.086,0.0078
mixed,128,2,0.0156,4.0,32,2048,512,2048,536,806.942,2799.039,810.815,0.0019
mixed,128,2,0.0156,4.0,32,2048,1024,4096,1072,1492.896,5531.26,1547.391,0.0135
mixed,128,2,0.0156,4.0,32,2048,2048,8192,2144,2902.46,11036.312,3008.127,0.013
mixed,128,2,0.0156,4.0,32,2048,4096,16384,4288,5775.868,22075.09,5993.404,0.0133
mixed,128,2,0.0156,4.0,32,4096,128,512,134,536.639,961.854,538.623,0.0047
mixed,128,2,0.0156,4.0,32,4096,256,1024,268,678.56,1520.64,690.72,0.0144
mixed,128,2,0.0156,4.0,32,4096,512,2048,536,974.431,2804.318,982.24,0.0043
mixed,128,2,0.0156,4.0,32,4096,1024,4096,1072,1569.341,5534.173,1551.264,-0.0046
mixed,128,2,0.0156,4.0,32,4096,2048,8192,2144,2921.053,11043.033,3035.999,0.0142
mixed,128,2,0.0156,4.0,32,4096,4096,16384,4288,5785.821,22061.944,6017.853,0.0143
mixed,128,2,0.0156,4.0,32,8192,128,512,134,868.062,1299.04,863.936,-0.0096
mixed,128,2,0.0156,4.0,32,8192,256,1024,268,1008.477,1856.863,1008.929,0.0005
mixed,128,2,0.0156,4.0,32,8192,512,2048,536,1305.373,2988.318,1320.095,0.0087
mixed,128,2,0.0156,4.0,32,8192,1024,4096,1072,1901.694,5560.733,1907.709,0.0016
mixed,128,2,0.0156,4.0,32,8192,2048,8192,2144,3087.807,11051.834,3060.799,-0.0034
mixed,128,2,0.0156,4.0,32,8192,4096,16384,4288,5782.494,22073.337,6045.406,0.0161
mixed,128,2,0.0156,4.0,64,0,128,512,134,267.103,770.687,265.345,-0.0035
mixed,128,2,0.0156,4.0,64,0,256,1024,268,437.536,1447.264,432.223,-0.0053
mixed,128,2,0.0156,4.0,64,0,512,2048,536,787.04,2799.965,795.934,0.0044
mixed,128,2,0.0156,4.0,64,0,1024,4096,1072,1483.135,5527.424,1534.688,0.0127
mixed,128,2,0.0156,4.0,64,0,2048,8192,2144,2908.093,11020.509,2997.984,0.0111
mixed,128,2,0.0156,4.0,64,0,4096,16384,4288,5768.863,22054.295,5982.239,0.0131
mixed,128,2,0.0156,4.0,64,512,128,512,134,274.945,776.289,269.793,-0.0103
mixed,128,2,0.0156,4.0,64,512,256,1024,268,450.654,1443.071,443.615,-0.0071
mixed,128,2,0.0156,4.0,64,512,512,2048,536,794.048,2802.464,805.984,0.0059
mixed,128,2,0.0156,4.0,64,512,1024,4096,1072,1489.76,5515.327,1534.656,0.0112
mixed,128,2,0.0156,4.0,64,512,2048,8192,2144,2913.019,11017.245,3008.96,0.0118
mixed,128,2,0.0156,4.0,64,512,4096,16384,4288,5781.377,22057.11,5989.15,0.0128
mixed,128,2,0.0156,4.0,64,1024,128,512,134,296.32,778.463,299.584,0.0068
mixed,128,2,0.0156,4.0,64,1024,256,1024,268,449.984,1460.638,449.568,-0.0004
mixed,128,2,0.0156,4.0,64,1024,512,2048,536,791.713,2796.575,807.712,0.008
mixed,128,2,0.0156,4.0,64,1024,1024,4096,1072,1497.056,5515.647,1536.896,0.0099
mixed,128,2,0.0156,4.0,64,1024,2048,8192,2144,2915.038,11031.611,3050.206,0.0167
mixed,128,2,0.0156,4.0,64,1024,4096,16384,4288,5794.625,22031.351,5984.959,0.0117
mixed,128,2,0.0156,4.0,64,2048,128,512,134,379.295,797.536,378.56,-0.0018
mixed,128,2,0.0156,4.0,64,2048,256,1024,268,516.095,1458.56,531.36,0.0162
mixed,128,2,0.0156,4.0,64,2048,512,2048,536,812.449,2813.918,815.102,0.0013
mixed,128,2,0.0156,4.0,64,2048,1024,4096,1072,1495.357,5528.478,1541.315,0.0114
mixed,128,2,0.0156,4.0,64,2048,2048,8192,2144,2918.685,11047.838,3013.248,0.0116
mixed,128,2,0.0156,4.0,64,2048,4096,16384,4288,5791.038,22060.634,5972.131,0.0111
mixed,128,2,0.0156,4.0,64,4096,128,512,134,552.001,969.183,548.673,-0.008
mixed,128,2,0.0156,4.0,64,4096,256,1024,268,680.832,1530.016,690.303,0.0112
mixed,128,2,0.0156,4.0,64,4096,512,2048,536,981.662,2818.077,986.175,0.0025
mixed,128,2,0.0156,4.0,64,4096,1024,4096,1072,1568.448,5549.307,1565.532,-0.0007
mixed,128,2,0.0156,4.0,64,4096,2048,8192,2144,2921.344,11035.356,3019.68,0.0121
mixed,128,2,0.0156,4.0,64,4096,4096,16384,4288,5794.144,22062.876,6013.726,0.0135
mixed,128,2,0.0156,4.0,64,8192,128,512,134,873.76,1297.184,875.967,0.0052
mixed,128,2,0.0156,4.0,64,8192,256,1024,268,1015.84,1858.718,1023.423,0.009
mixed,128,2,0.0156,4.0,64,8192,512,2048,536,1315.264,2992.544,1332.193,0.0101
mixed,128,2,0.0156,4.0,64,8192,1024,4096,1072,1897.15,5555.518,1909.184,0.0033
mixed,128,2,0.0156,4.0,64,8192,2048,8192,2144,3098.048,11052.285,3075.968,-0.0028
mixed,128,2,0.0156,4.0,64,8192,4096,16384,4288,5798.175,22070.782,6049.438,0.0154
mixed,128,2,0.0156,4.0,128,0,128,512,134,269.088,760.224,266.88,-0.0045
mixed,128,2,0.0156,4.0,128,0,256,1024,268,428.0,1435.424,426.463,-0.0015
mixed,128,2,0.0156,4.0,128,0,512,2048,536,775.041,2792.415,799.936,0.0123
mixed,128,2,0.0156,4.0,128,0,1024,4096,1072,1485.76,5531.678,1546.367,0.015
mixed,128,2,0.0156,4.0,128,0,2048,8192,2144,2904.353,11031.776,3005.951,0.0125
mixed,128,2,0.0156,4.0,128,0,4096,16384,4288,5773.984,22057.856,5967.202,0.0119
mixed,128,2,0.0156,4.0,128,512,128,512,134,273.696,770.655,270.816,-0.0058
mixed,128,2,0.0156,4.0,128,512,256,1024,268,435.649,1430.143,436.001,0.0004
mixed,128,2,0.0156,4.0,128,512,512,2048,536,786.88,2792.993,802.336,0.0077
mixed,128,2,0.0156,4.0,128,512,1024,4096,1072,1479.261,5520.448,1536.416,0.0141
mixed,128,2,0.0156,4.0,128,512,2048,8192,2144,2909.026,11025.404,3009.601,0.0124
mixed,128,2,0.0156,4.0,128,512,4096,16384,4288,5778.015,22072.831,6008.736,0.0142
mixed,128,2,0.0156,4.0,128,1024,128,512,134,296.705,767.426,299.328,0.0056
mixed,128,2,0.0156,4.0,128,1024,256,1024,268,441.984,1449.12,440.896,-0.0011
mixed,128,2,0.0156,4.0,128,1024,512,2048,536,782.494,2785.504,800.736,0.0091
mixed,128,2,0.0156,4.0,128,1024,1024,4096,1072,1483.392,5518.817,1528.544,0.0112
mixed,128,2,0.0156,4.0,128,1024,2048,8192,2144,2900.194,11025.792,3013.856,0.014
mixed,128,2,0.0156,4.0,128,1024,4096,16384,4288,5780.096,22048.067,5985.12,0.0126
mixed,128,2,0.0156,4.0,128,2048,128,512,134,384.033,775.776,383.393,-0.0016
mixed,128,2,0.0156,4.0,128,2048,256,1024,268,521.984,1440.704,528.705,0.0073
mixed,128,2,0.0156,4.0,128,2048,512,2048,536,788.448,2797.536,810.272,0.0109
mixed,128,2,0.0156,4.0,128,2048,1024,4096,1072,1485.504,5513.311,1541.119,0.0138
mixed,128,2,0.0156,4.0,128,2048,2048,8192,2144,2905.281,11039.006,3002.399,0.0119
mixed,128,2,0.0156,4.0,128,2048,4096,16384,4288,5764.994,22035.873,6002.275,0.0146
mixed,128,2,0.0156,4.0,128,4096,128,512,134,546.882,962.561,546.913,0.0001
mixed,128,2,0.0156,4.0,128,4096,256,1024,268,694.464,1521.761,690.527,-0.0048
mixed,128,2,0.0156,4.0,128,4096,512,2048,536,975.105,2784.032,985.632,0.0058
mixed,128,2,0.0156,4.0,128,4096,1024,4096,1072,1543.424,5519.523,1577.919,0.0087
mixed,128,2,0.0156,4.0,128,4096,2048,8192,2144,2894.592,11016.837,3023.425,0.0159
mixed,128,2,0.0156,4.0,128,4096,4096,16384,4288,5774.368,22044.256,6005.026,0.0142
mixed,128,2,0.0156,4.0,128,8192,128,512,134,877.6,1292.351,883.072,0.0132
mixed,128,2,0.0156,4.0,128,8192,256,1024,268,1024.608,1844.288,1024.994,0.0005
mixed,128,2,0.0156,4.0,128,8192,512,2048,536,1312.64,2963.997,1325.056,0.0075
mixed,128,2,0.0156,4.0,128,8192,1024,4096,1072,1885.407,5498.847,1924.479,0.0108
mixed,128,2,0.0156,4.0,128,8192,2048,8192,2144,3079.425,10996.993,3135.489,0.0071
mixed,128,2,0.0156,4.0,128,8192,4096,16384,4288,5748.032,21997.634,6053.661,0.0188
mixed,128,2,0.0156,4.0,256,0,128,512,134,270.145,733.729,266.336,-0.0082
mixed,128,2,0.0156,4.0,256,0,256,1024,268,411.647,1410.721,413.44,0.0018
mixed,128,2,0.0156,4.0,256,0,512,2048,536,755.586,2778.816,782.912,0.0135
mixed,128,2,0.0156,4.0,256,0,1024,4096,1072,1465.888,5518.049,1541.6,0.0187
mixed,128,2,0.0156,4.0,256,0,2048,8192,2144,2898.785,11048.224,3001.025,0.0125
mixed,128,2,0.0156,4.0,256,0,4096,16384,4288,5774.209,22033.796,5970.721,0.0121
mixed,128,2,0.0156,4.0,256,512,128,512,134,276.449,743.36,276.704,0.0005
mixed,128,2,0.0156,4.0,256,512,256,1024,268,419.458,1407.936,421.024,0.0016
mixed,128,2,0.0156,4.0,256,512,512,2048,536,767.104,2778.592,790.113,0.0114
mixed,128,2,0.0156,4.0,256,512,1024,4096,1072,1458.369,5507.043,1543.36,0.021
mixed,128,2,0.0156,4.0,256,512,2048,8192,2144,2892.288,11025.796,3011.167,0.0146
mixed,128,2,0.0156,4.0,256,512,4096,16384,4288,5770.332,22045.19,5986.37,0.0133
mixed,128,2,0.0156,4.0,256,1024,128,512,134,309.6,742.56,307.36,-0.0052
mixed,128,2,0.0156,4.0,256,1024,256,1024,268,427.55,1414.56,430.368,0.0029
mixed,128,2,0.0156,4.0,256,1024,512,2048,536,770.016,2754.943,804.353,0.0173
mixed,128,2,0.0156,4.0,256,1024,1024,4096,1072,1468.321,5498.694,1519.744,0.0128
mixed,128,2,0.0156,4.0,256,1024,2048,8192,2144,2874.564,11029.602,3045.345,0.0209
mixed,128,2,0.0156,4.0,256,1024,4096,16384,4288,5758.755,22068.451,5996.963,0.0146
mixed,128,2,0.0156,4.0,256,2048,128,512,134,395.84,782.623,395.616,-0.0006
mixed,128,2,0.0156,4.0,256,2048,256,1024,268,506.08,1410.88,515.329,0.0102
mixed,128,2,0.0156,4.0,256,2048,512,2048,536,797.121,2757.059,814.337,0.0088
mixed,128,2,0.0156,4.0,256,2048,1024,4096,1072,1465.056,5473.347,1559.584,0.0236
mixed,128,2,0.0156,4.0,256,2048,2048,8192,2144,2867.808,10979.582,3014.08,0.018
mixed,128,2,0.0156,4.0,256,2048,4096,16384,4288,5731.232,22037.094,5990.243,0.0159
mixed,128,2,0.0156,4.0,256,4096,128,512,134,561.759,955.745,559.137,-0.0067
mixed,128,2,0.0156,4.0,256,4096,256,1024,268,668.129,1466.658,670.305,0.0027
mixed,128,2,0.0156,4.0,256,4096,512,2048,536,975.968,2750.209,976.353,0.0002
mixed,128,2,0.0156,4.0,256,4096,1024,4096,1072,1504.96,5456.387,1595.011,0.0228
mixed,128,2,0.0156,4.0,256,4096,2048,8192,2144,2855.264,10944.004,3131.265,0.0341
mixed,128,2,0.0156,4.0,256,4096,4096,16384,4288,5697.505,21968.52,5996.931,0.0184
mixed,128,2,0.0156,4.0,256,8192,128,512,134,893.887,1297.249,892.032,-0.0046
mixed,128,2,0.0156,4.0,256,8192,256,1024,268,1005.694,1884.224,1005.185,-0.0006
mixed,128,2,0.0156,4.0,256,8192,512,2048,536,1305.024,2938.88,1307.998,0.0018
mixed,128,2,0.0156,4.0,256,8192,1024,4096,1072,1939.554,5419.331,1909.153,-0.0087
mixed,128,2,0.0156,4.0,256,8192,2048,8192,2144,3094.851,10862.21,3170.273,0.0097
mixed,128,2,0.0156,4.0,256,8192,4096,16384,4288,5673.506,21874.311,6214.403,0.0334
mixed,128,2,0.0156,4.0,512,0,128,512,134,308.736,733.408,306.272,-0.0058
mixed,128,2,0.0156,4.0,512,0,256,1024,268,423.042,1401.217,424.736,0.0017
mixed,128,2,0.0156,4.0,512,0,512,2048,536,763.361,2770.433,776.224,0.0064
mixed,128,2,0.0156,4.0,512,0,1024,4096,1072,1463.776,5523.361,1552.225,0.0218
mixed,128,2,0.0156,4.0,512,0,2048,8192,2144,2901.952,11022.051,3032.129,0.016
mixed,128,2,0.0156,4.0,512,0,4096,16384,4288,5774.401,22078.408,5983.715,0.0128
mixed,128,2,0.0156,4.0,512,512,128,512,134,322.496,745.951,319.969,-0.006
mixed,128,2,0.0156,4.0,512,512,256,1024,268,436.513,1403.456,439.295,0.0029
mixed,128,2,0.0156,4.0,512,512,512,2048,536,775.937,2764.353,792.032,0.0081
mixed,128,2,0.0156,4.0,512,512,1024,4096,1072,1463.616,5515.683,1540.16,0.0189
mixed,128,2,0.0156,4.0,512,512,2048,8192,2144,2882.784,11024.196,3033.601,0.0185
mixed,128,2,0.0156,4.0,512,512,4096,16384,4288,5768.834,22052.65,6007.267,0.0146
mixed,128,2,0.0156,4.0,512,1024,128,512,134,369.664,750.688,367.168,-0.0066
mixed,128,2,0.0156,4.0,512,1024,256,1024,268,446.272,1409.218,448.033,0.0018
mixed,128,2,0.0156,4.0,512,1024,512,2048,536,776.288,2738.85,801.6,0.0129
mixed,128,2,0.0156,4.0,512,1024,1024,4096,1072,1469.633,5502.499,1551.457,0.0203
mixed,128,2,0.0156,4.0,512,1024,2048,8192,2144,2874.498,11002.43,3059.617,0.0228
mixed,128,2,0.0156,4.0,512,1024,4096,16384,4288,5747.813,22033.225,6036.45,0.0177
mixed,128,2,0.0156,4.0,512,2048,128,512,134,465.28,767.967,464.288,-0.0033
mixed,128,2,0.0156,4.0,512,2048,256,1024,268,541.152,1420.641,541.728,0.0007
mixed,128,2,0.0156,4.0,512,2048,512,2048,536,794.657,2734.817,801.57,0.0036
mixed,128,2,0.0156,4.0,512,2048,1024,4096,1072,1473.249,5425.38,1558.592,0.0216
mixed,128,2,0.0156,4.0,512,2048,2048,8192,2144,2857.409,10961.126,3114.242,0.0317
mixed,128,2,0.0156,4.0,512,2048,4096,16384,4288,5680.579,22029.865,6087.556,0.0249
mixed,128,2,0.0156,4.0,512,4096,128,512,134,637.506,944.32,634.209,-0.0107
mixed,128,2,0.0156,4.0,512,4096,256,1024,268,720.962,1528.864,725.377,0.0055
mixed,128,2,0.0156,4.0,512,4096,512,2048,536,956.161,2767.01,958.528,0.0013
mixed,128,2,0.0156,4.0,512,4096,1024,4096,1072,1540.705,5409.347,1580.131,0.0102
mixed,128,2,0.0156,4.0,512,4096,2048,8192,2144,2875.555,10857.703,3107.329,0.029
mixed,128,2,0.0156,4.0,512,4096,4096,16384,4288,5635.94,21942.416,6242.212,0.0372
mixed,128,2,0.0156,4.0,512,8192,128,512,134,967.52,1257.25,968.864,0.0046
mixed,128,2,0.0156,4.0,512,8192,256,1024,268,1053.41,1813.664,1058.273,0.0064
mixed,128,2,0.0156,4.0,512,8192,512,2048,536,1277.152,2959.747,1285.058,0.0047
mixed,128,2,0.0156,4.0,512,8192,1024,4096,1072,1865.795,5452.195,1889.631,0.0066
mixed,128,2,0.0156,4.0,512,8192,2048,8192,2144,3049.183,10749.702,3058.272,0.0012
mixed,128,2,0.0156,4.0,512,8192,4096,16384,4288,5698.434,21689.358,6158.436,0.0288
mixed,128,2,0.0156,4.0,1024,0,128,512,134,413.888,761.92,412.129,-0.0051
mixed,128,2,0.0156,4.0,1024,0,256,1024,268,502.048,1421.152,505.408,0.0037
mixed,128,2,0.0156,4.0,1024,0,512,2048,536,792.962,2766.463,795.233,0.0012
mixed,128,2,0.0156,4.0,1024,0,1024,4096,1072,1484.352,5513.026,1551.648,0.0167
mixed,128,2,0.0156,4.0,1024,0,2048,8192,2144,2888.258,11038.985,3064.227,0.0216
mixed,128,2,0.0156,4.0,1024,0,4096,16384,4288,5770.148,22077.968,6043.78,0.0168
mixed,128,2,0.0156,4.0,1024,512,128,512,134,456.064,776.545,454.272,-0.0056
mixed,128,2,0.0156,4.0,1024,512,256,1024,268,533.375,1424.993,535.073,0.0019
mixed,128,2,0.0156,4.0,1024,512,512,2048,536,803.073,2758.246,799.84,-0.0017
mixed,128,2,0.0156,4.0,1024,512,1024,4096,1072,1484.256,5508.547,1541.76,0.0143
mixed,128,2,0.0156,4.0,1024,512,2048,8192,2144,2893.602,11026.151,3080.128,0.0229
mixed,128,2,0.0156,4.0,1024,512,4096,16384,4288,5766.724,22058.319,6049.731,0.0174
mixed,128,2,0.0156,4.0,1024,1024,128,512,134,515.744,782.816,516.193,0.0017
mixed,128,2,0.0156,4.0,1024,1024,256,1024,268,576.289,1442.144,577.442,0.0013
mixed,128,2,0.0156,4.0,1024,1024,512,2048,536,805.663,2774.496,807.552,0.001
mixed,128,2,0.0156,4.0,1024,1024,1024,4096,1072,1499.746,5500.868,1552.993,0.0133
mixed,128,2,0.0156,4.0,1024,1024,2048,8192,2144,2876.129,11011.849,3116.035,0.0295
mixed,128,2,0.0156,4.0,1024,1024,4096,16384,4288,5756.868,22069.485,6098.053,0.0209
mixed,128,2,0.0156,4.0,1024,2048,128,512,134,635.681,831.424,630.912,-0.0244
mixed,128,2,0.0156,4.0,1024,2048,256,1024,268,696.544,1453.76,697.344,0.0011
mixed,128,2,0.0156,4.0,1024,2048,512,2048,536,847.04,2774.177,851.744,0.0024
mixed,128,2,0.0156,4.0,1024,2048,1024,4096,1072,1502.528,5449.03,1558.144,0.0141
mixed,128,2,0.0156,4.0,1024,2048,2048,8192,2144,2886.114,10921.51,3097.666,0.0263
mixed,128,2,0.0156,4.0,1024,2048,4096,16384,4288,5703.107,22021.967,6149.476,0.0274
mixed,128,2,0.0156,4.0,1024,4096,128,512,134,860.866,1060.672,860.8,-0.0003
mixed,128,2,0.0156,4.0,1024,4096,256,1024,268,926.273,1507.394,930.72,0.0077
mixed,128,2,0.0156,4.0,1024,4096,512,2048,536,1066.496,2797.187,1070.654,0.0024
mixed,128,2,0.0156,4.0,1024,4096,1024,4096,1072,1543.072,5434.052,1563.778,0.0053
mixed,128,2,0.0156,4.0,1024,4096,2048,8192,2144,2923.683,10847.433,3121.539,0.025
mixed,128,2,0.0156,4.0,1024,4096,4096,16384,4288,5707.018,21836.527,6149.059,0.0274
mixed,128,2,0.0156,4.0,1024,8192,128,512,134,1206.88,1511.938,1206.466,-0.0014
mixed,128,2,0.0156,4.0,1024,8192,256,1024,268,1311.137,1876.706,1310.112,-0.0018
mixed,128,2,0.0156,4.0,1024,8192,512,2048,536,1524.066,2985.029,1530.914,0.0047
mixed,128,2,0.0156,4.0,1024,8192,1024,4096,1072,1914.368,5541.475,1948.065,0.0093
mixed,128,2,0.0156,4.0,1024,8192,2048,8192,2144,3057.729,10787.655,3079.362,0.0028
mixed,128,2,0.0156,4.0,1024,8192,4096,16384,4288,5766.661,21607.923,6107.205,0.0215
mixed,128,2,0.0156,4.0,2048,0,128,512,134,672.609,927.169,670.658,-0.0077
mixed,128,2,0.0156,4.0,2048,0,256,1024,268,755.425,1480.259,756.065,0.0009
mixed,128,2,0.0156,4.0,2048,0,512,2048,536,939.073,2812.994,942.368,0.0018
mixed,128,2,0.0156,4.0,2048,0,1024,4096,1072,1536.034,5507.715,1575.394,0.0099
mixed,128,2,0.0156,4.0,2048,0,2048,8192,2144,2920.483,11021.986,3127.039,0.0255
mixed,128,2,0.0156,4.0,2048,0,4096,16384,4288,5765.097,22066.031,6151.845,0.0237
mixed,128,2,0.0156,4.0,2048,512,128,512,134,758.017,985.825,760.001,0.0087
mixed,128,2,0.0156,4.0,2048,512,256,1024,268,817.472,1518.786,819.201,0.0025
mixed,128,2,0.0156,4.0,2048,512,512,2048,536,996.639,2818.849,1003.169,0.0036
mixed,128,2,0.0156,4.0,2048,512,1024,4096,1072,1564.544,5497.316,1598.017,0.0085
mixed,128,2,0.0156,4.0,2048,512,2048,8192,2144,2946.5,11006.983,3135.074,0.0234
mixed,128,2,0.0156,4.0,2048,512,4096,16384,4288,5753.028,22057.394,6182.63,0.0263
mixed,128,2,0.0156,4.0,2048,1024,128,512,134,842.624,1046.752,842.272,-0.0017
mixed,128,2,0.0156,4.0,2048,1024,256,1024,268,901.408,1547.234,902.497,0.0017
mixed,128,2,0.0156,4.0,2048,1024,512,2048,536,1050.689,2839.938,1058.879,0.0046
mixed,128,2,0.0156,4.0,2048,1024,1024,4096,1072,1588.992,5523.909,1616.513,0.007
mixed,128,2,0.0156,4.0,2048,1024,2048,8192,2144,2958.787,10971.433,3151.234,0.024
mixed,128,2,0.0156,4.0,2048,1024,4096,16384,4288,5779.654,22016.399,6220.902,0.0272
mixed,128,2,0.0156,4.0,2048,2048,128,512,134,1003.872,1178.272,1011.874,0.0459
mixed,128,2,0.0156,4.0,2048,2048,256,1024,268,1066.367,1586.305,1073.279,0.0133
mixed,128,2,0.0156,4.0,2048,2048,512,2048,536,1184.13,2897.956,1195.135,0.0064
mixed,128,2,0.0156,4.0,2048,2048,1024,4096,1072,1624.098,5563.366,1639.619,0.0039
mixed,128,2,0.0156,4.0,2048,2048,2048,8192,2144,3001.893,10958.986,3166.146,0.0206
mixed,128,2,0.0156,4.0,2048,2048,4096,16384,4288,5791.175,22018.486,6221.51,0.0265
mixed,128,2,0.0156,4.0,2048,4096,128,512,134,1323.202,1520.995,1324.352,0.0058
mixed,128,2,0.0156,4.0,2048,4096,256,1024,268,1391.298,1746.211,1389.25,-0.0058
mixed,128,2,0.0156,4.0,2048,4096,512,2048,536,1507.776,2966.627,1512.642,0.0033
mixed,128,2,0.0156,4.0,2048,4096,1024,4096,1072,1763.745,5690.982,1779.108,0.0039
mixed,128,2,0.0156,4.0,2048,4096,2048,8192,2144,3081.667,11024.074,3194.146,0.0142
mixed,128,2,0.0156,4.0,2048,4096,4096,16384,4288,5928.484,21804.657,6409.348,0.0303
mixed,128,2,0.0156,4.0,2048,8192,128,512,134,1945.282,2134.595,1945.504,0.0012
mixed,128,2,0.0156,4.0,2048,8192,256,1024,268,2011.491,2407.812,2006.655,-0.0122
mixed,128,2,0.0156,4.0,2048,8192,512,2048,536,2140.195,3160.259,2144.129,0.0039
mixed,128,2,0.0156,4.0,2048,8192,1024,4096,1072,2424.77,5831.556,2415.906,-0.0026
mixed,128,2,0.0156,4.0,2048,8192,2048,8192,2144,3287.712,11191.465,3240.868,-0.0059
mixed,128,2,0.0156,4.0,2048,8192,4096,16384,4288,6077.609,21979.026,6420.358,0.0216
pure,128,3,0.0234,4.0,0,0,128,512,137,109.729,253.795,138.046,0.1966
pure,128,3,0.0234,4.0,0,0,256,1024,274,157.506,421.056,175.967,0.07
pure,128,3,0.0234,4.0,0,0,512,2048,548,266.848,757.025,265.922,-0.0019
pure,128,3,0.0234,4.0,0,0,1024,4096,1096,443.326,1420.641,444.062,0.0008
pure,128,3,0.0234,4.0,0,0,2048,8192,2192,801.922,2737.539,801.118,-0.0004
pure,128,3,0.0234,4.0,0,0,4096,16384,4384,1509.571,5392.037,1512.673,0.0008
mixed,128,3,0.0234,4.0,16,0,128,512,137,260.704,764.416,258.721,-0.0039
mixed,128,3,0.0234,4.0,16,0,256,1024,274,431.49,1430.466,432.192,0.0007
mixed,128,3,0.0234,4.0,16,0,512,2048,548,785.856,2786.596,799.907,0.007
mixed,128,3,0.0234,4.0,16,0,1024,4096,1096,1507.297,5525.988,1541.729,0.0086
mixed,128,3,0.0234,4.0,16,0,2048,8192,2192,2981.283,11010.954,3071.62,0.0113
mixed,128,3,0.0234,4.0,16,0,4096,16384,4384,5910.95,22036.247,6110.951,0.0124
mixed,128,3,0.0234,4.0,16,512,128,512,137,265.601,770.497,261.185,-0.0087
mixed,128,3,0.0234,4.0,16,512,256,1024,274,444.0,1444.226,442.656,-0.0013
mixed,128,3,0.0234,4.0,16,512,512,2048,548,793.346,2784.291,808.482,0.0076
mixed,128,3,0.0234,4.0,16,512,1024,4096,1096,1508.992,5515.974,1549.316,0.0101
mixed,128,3,0.0234,4.0,16,512,2048,8192,2192,2970.468,11020.619,3044.707,0.0092
mixed,128,3,0.0234,4.0,16,512,4096,16384,4384,5899.205,22088.053,6062.118,0.0101
mixed,128,3,0.0234,4.0,16,1024,128,512,137,290.24,774.498,290.495,0.0005
mixed,128,3,0.0234,4.0,16,1024,256,1024,274,445.312,1447.778,449.793,0.0045
mixed,128,3,0.0234,4.0,16,1024,512,2048,548,795.329,2784.934,813.632,0.0092
mixed,128,3,0.0234,4.0,16,1024,1024,4096,1096,1515.491,5522.084,1552.162,0.0092
mixed,128,3,0.0234,4.0,16,1024,2048,8192,2192,2973.09,11010.889,3053.024,0.0099
mixed,128,3,0.0234,4.0,16,1024,4096,16384,4384,5902.854,22074.901,6122.984,0.0136
mixed,128,3,0.0234,4.0,16,2048,128,512,137,369.537,792.066,378.368,0.0209
mixed,128,3,0.0234,4.0,16,2048,256,1024,274,517.569,1451.81,536.929,0.0207
mixed,128,3,0.0234,4.0,16,2048,512,2048,548,818.146,2802.404,820.609,0.0012
mixed,128,3,0.0234,4.0,16,2048,1024,4096,1096,1522.017,5523.139,1570.434,0.0121
mixed,128,3,0.0234,4.0,16,2048,2048,8192,2192,2982.658,11035.465,3074.755,0.0114
mixed,128,3,0.0234,4.0,16,2048,4096,16384,4384,5908.838,22061.301,6106.15,0.0122
mixed,128,3,0.0234,4.0,16,4096,128,512,137,538.272,960.32,542.242,0.0094
mixed,128,3,0.0234,4.0,16,4096,256,1024,274,672.449,1517.57,700.576,0.0333
mixed,128,3,0.0234,4.0,16,4096,512,2048,548,980.322,2799.843,987.839,0.0041
mixed,128,3,0.0234,4.0,16,4096,1024,4096,1096,1590.242,5533.511,1585.442,-0.0012
mixed,128,3,0.0234,4.0,16,4096,2048,8192,2192,2985.059,11027.051,3101.316,0.0145
mixed,128,3,0.0234,4.0,16,4096,4096,16384,4384,5910.757,22061.559,6141.319,0.0143
mixed,128,3,0.0234,4.0,16,8192,128,512,137,862.881,1288.93,869.312,0.0151
mixed,128,3,0.0234,4.0,16,8192,256,1024,274,1012.065,1849.379,1031.939,0.0237
mixed,128,3,0.0234,4.0,16,8192,512,2048,548,1313.441,2973.411,1328.801,0.0093
mixed,128,3,0.0234,4.0,16,8192,1024,4096,1096,1946.912,5552.87,1927.043,-0.0055
mixed,128,3,0.0234,4.0,16,8192,2048,8192,2192,3158.594,11054.667,3151.171,-0.0009
mixed,128,3,0.0234,4.0,16,8192,4096,16384,4384,5917.157,22027.002,6174.086,0.0159
mixed,128,3,0.0234,4.0,32,0,128,512,137,267.104,765.633,262.016,-0.0102
mixed,128,3,0.0234,4.0,32,0,256,1024,274,435.2,1439.682,433.921,-0.0013
mixed,128,3,0.0234,4.0,32,0,512,2048,548,789.921,2784.355,798.528,0.0043
mixed,128,3,0.0234,4.0,32,0,1024,4096,1096,1510.339,5517.506,1564.226,0.0134
mixed,128,3,0.0234,4.0,32,0,2048,8192,2192,2975.202,11019.052,3072.131,0.0121
mixed,128,3,0.0234,4.0,32,0,4096,16384,4384,5917.67,22063.927,6096.964,0.0111
mixed,128,3,0.0234,4.0,32,512,128,512,137,266.305,776.48,265.249,-0.0021
mixed,128,3,0.0234,4.0,32,512,256,1024,274,444.673,1442.879,444.736,0.0001
mixed,128,3,0.0234,4.0,32,512,512,2048,548,797.505,2783.937,810.336,0.0065
mixed,128,3,0.0234,4.0,32,512,1024,4096,1096,1508.386,5523.844,1553.76,0.0113
mixed,128,3,0.0234,4.0,32,512,2048,8192,2192,2973.924,11026.604,3050.435,0.0095
mixed,128,3,0.0234,4.0,32,512,4096,16384,4384,5904.364,22035.735,6069.701,0.0102
mixed,128,3,0.0234,4.0,32,1024,128,512,137,288.288,768.16,293.698,0.0113
mixed,128,3,0.0234,4.0,32,1024,256,1024,274,446.304,1446.016,450.4,0.0041
mixed,128,3,0.0234,4.0,32,1024,512,2048,548,795.744,2786.048,814.755,0.0096
mixed,128,3,0.0234,4.0,32,1024,1024,4096,1096,1517.505,5516.263,1548.547,0.0078
mixed,128,3,0.0234,4.0,32,1024,2048,8192,2192,2984.291,11028.553,3088.58,0.013
mixed,128,3,0.0234,4.0,32,1024,4096,16384,4384,5903.529,22046.424,6116.136,0.0132
mixed,128,3,0.0234,4.0,32,2048,128,512,137,367.17,797.602,376.096,0.0207
mixed,128,3,0.0234,4.0,32,2048,256,1024,274,519.107,1451.074,539.777,0.0222
mixed,128,3,0.0234,4.0,32,2048,512,2048,548,813.632,2796.994,822.049,0.0042
mixed,128,3,0.0234,4.0,32,2048,1024,4096,1096,1517.088,5530.181,1566.242,0.0122
mixed,128,3,0.0234,4.0,32,2048,2048,8192,2192,2988.42,11032.494,3060.26,0.0089
mixed,128,3,0.0234,4.0,32,2048,4096,16384,4384,5903.785,22066.267,6120.968,0.0134
mixed,128,3,0.0234,4.0,32,4096,128,512,137,537.312,965.12,540.896,0.0084
mixed,128,3,0.0234,4.0,32,4096,256,1024,274,680.992,1527.233,700.449,0.023
mixed,128,3,0.0234,4.0,32,4096,512,2048,548,981.535,2802.914,994.177,0.0069
mixed,128,3,0.0234,4.0,32,4096,1024,4096,1096,1610.85,5545.926,1585.921,-0.0063
mixed,128,3,0.0234,4.0,32,4096,2048,8192,2192,2992.866,11037.871,3080.451,0.0109
mixed,128,3,0.0234,4.0,32,4096,4096,16384,4384,5913.896,22074.296,6129.195,0.0133
mixed,128,3,0.0234,4.0,32,8192,128,512,137,865.602,1294.049,873.407,0.0182
mixed,128,3,0.0234,4.0,32,8192,256,1024,274,1006.753,1860.002,1037.473,0.036
mixed,128,3,0.0234,4.0,32,8192,512,2048,548,1321.728,2994.052,1333.667,0.0071
mixed,128,3,0.0234,4.0,32,8192,1024,4096,1096,1933.155,5554.088,1927.33,-0.0016
mixed,128,3,0.0234,4.0,32,8192,2048,8192,2192,3138.756,11050.733,3128.514,-0.0013
mixed,128,3,0.0234,4.0,32,8192,4096,16384,4384,5918.213,22072.314,6164.968,0.0153
mixed,128,3,0.0234,4.0,64,0,128,512,137,266.336,767.296,263.17,-0.0063
mixed,128,3,0.0234,4.0,64,0,256,1024,274,441.023,1442.945,435.456,-0.0056
mixed,128,3,0.0234,4.0,64,0,512,2048,548,793.665,2801.028,806.915,0.0066
mixed,128,3,0.0234,4.0,64,0,1024,4096,1096,1510.659,5530.022,1556.161,0.0113
mixed,128,3,0.0234,4.0,64,0,2048,8192,2192,2978.213,11025.169,3055.142,0.0096
mixed,128,3,0.0234,4.0,64,0,4096,16384,4384,5910.342,22030.141,6076.71,0.0103
mixed,128,3,0.0234,4.0,64,512,128,512,137,271.777,779.392,271.2,-0.0011
mixed,128,3,0.0234,4.0,64,512,256,1024,274,449.216,1441.731,446.465,-0.0028
mixed,128,3,0.0234,4.0,64,512,512,2048,548,801.826,2798.946,813.154,0.0057
mixed,128,3,0.0234,4.0,64,512,1024,4096,1096,1515.234,5524.201,1558.307,0.0107
mixed,128,3,0.0234,4.0,64,512,2048,8192,2192,2988.258,11021.933,3052.163,0.008
mixed,128,3,0.0234,4.0,64,512,4096,16384,4384,5915.654,22084.562,6108.265,0.0119
mixed,128,3,0.0234,4.0,64,1024,128,512,137,297.153,777.76,299.392,0.0047
mixed,128,3,0.0234,4.0,64,1024,256,1024,274,455.841,1455.778,456.385,0.0005
mixed,128,3,0.0234,4.0,64,1024,512,2048,548,801.537,2800.641,817.44,0.008
mixed,128,3,0.0234,4.0,64,1024,1024,4096,1096,1520.002,5521.672,1562.498,0.0106
mixed,128,3,0.0234,4.0,64,1024,2048,8192,2192,2978.21,11027.723,3056.484,0.0097
mixed,128,3,0.0234,4.0,64,1024,4096,16384,4384,5904.072,22069.082,6107.489,0.0126
mixed,128,3,0.0234,4.0,64,2048,128,512,137,378.915,801.344,382.69,0.0089
mixed,128,3,0.0234,4.0,64,2048,256,1024,274,516.895,1460.387,535.807,0.02
mixed,128,3,0.0234,4.0,64,2048,512,2048,548,824.801,2811.299,835.423,0.0053
mixed,128,3,0.0234,4.0,64,2048,1024,4096,1096,1530.178,5527.046,1589.571,0.0149
mixed,128,3,0.0234,4.0,64,2048,2048,8192,2192,2990.238,11038.51,3092.547,0.0127
mixed,128,3,0.0234,4.0,64,2048,4096,16384,4384,5904.421,22051.579,6125.992,0.0137
mixed,128,3,0.0234,4.0,64,4096,128,512,137,547.487,972.417,551.744,0.01
mixed,128,3,0.0234,4.0,64,4096,256,1024,274,682.048,1524.674,701.472,0.0231
mixed,128,3,0.0234,4.0,64,4096,512,2048,548,988.833,2815.813,1005.056,0.0089
mixed,128,3,0.0234,4.0,64,4096,1024,4096,1096,1597.986,5538.183,1597.056,-0.0002
mixed,128,3,0.0234,4.0,64,4096,2048,8192,2192,2994.307,11046.733,3094.084,0.0124
mixed,128,3,0.0234,4.0,64,4096,4096,16384,4384,5926.374,22068.12,6110.697,0.0114
mixed,128,3,0.0234,4.0,64,8192,128,512,137,871.168,1295.392,878.945,0.0183
mixed,128,3,0.0234,4.0,64,8192,256,1024,274,1014.912,1861.378,1029.216,0.0169
mixed,128,3,0.0234,4.0,64,8192,512,2048,548,1324.738,2995.65,1337.92,0.0079
mixed,128,3,0.0234,4.0,64,8192,1024,4096,1096,1941.762,5556.103,1956.419,0.0041
mixed,128,3,0.0234,4.0,64,8192,2048,8192,2192,3185.286,11053.454,3127.651,-0.0073
mixed,128,3,0.0234,4.0,64,8192,4096,16384,4384,5940.04,22067.573,6184.265,0.0151
mixed,128,3,0.0234,4.0,128,0,128,512,137,269.441,757.826,269.217,-0.0005
mixed,128,3,0.0234,4.0,128,0,256,1024,274,431.392,1442.69,430.434,-0.0009
mixed,128,3,0.0234,4.0,128,0,512,2048,548,784.418,2788.387,810.786,0.0132
mixed,128,3,0.0234,4.0,128,0,1024,4096,1096,1507.521,5525.062,1559.52,0.0129
mixed,128,3,0.0234,4.0,128,0,2048,8192,2192,2983.618,11023.821,3041.027,0.0071
mixed,128,3,0.0234,4.0,128,0,4096,16384,4384,5914.918,22060.383,6060.291,0.009
mixed,128,3,0.0234,4.0,128,512,128,512,137,273.536,765.985,273.44,-0.0002
mixed,128,3,0.0234,4.0,128,512,256,1024,274,438.079,1436.962,442.624,0.0046
mixed,128,3,0.0234,4.0,128,512,512,2048,548,794.56,2790.532,811.296,0.0084
mixed,128,3,0.0234,4.0,128,512,1024,4096,1096,1508.195,5530.375,1571.076,0.0156
mixed,128,3,0.0234,4.0,128,512,2048,8192,2192,2964.998,11035.408,3063.492,0.0122
mixed,128,3,0.0234,4.0,128,512,4096,16384,4384,5914.761,22077.021,6099.844,0.0115
mixed,128,3,0.0234,4.0,128,1024,128,512,137,296.834,769.92,298.817,0.0042
mixed,128,3,0.0234,4.0,128,1024,256,1024,274,445.024,1450.658,448.479,0.0034
mixed,128,3,0.0234,4.0,128,1024,512,2048,548,797.794,2781.955,818.112,0.0102
mixed,128,3,0.0234,4.0,128,1024,1024,4096,1096,1508.645,5520.549,1566.146,0.0143
mixed,128,3,0.0234,4.0,128,1024,2048,8192,2192,2971.2,11041.837,3085.795,0.0142
mixed,128,3,0.0234,4.0,128,1024,4096,16384,4384,5903.366,22058.811,6095.177,0.0119
mixed,128,3,0.0234,4.0,128,2048,128,512,137,382.368,784.544,384.416,0.0051
mixed,128,3,0.0234,4.0,128,2048,256,1024,274,522.241,1440.673,537.698,0.0168
mixed,128,3,0.0234,4.0,128,2048,512,2048,548,801.249,2794.789,827.362,0.0131
mixed,128,3,0.0234,4.0,128,2048,1024,4096,1096,1513.698,5520.838,1595.555,0.0204
mixed,128,3,0.0234,4.0,128,2048,2048,8192,2192,2977.987,11028.398,3062.946,0.0106
mixed,128,3,0.0234,4.0,128,2048,4096,16384,4384,5890.185,22017.563,6099.784,0.013
mixed,128,3,0.0234,4.0,128,4096,128,512,137,550.017,963.458,549.218,-0.0019
mixed,128,3,0.0234,4.0,128,4096,256,1024,274,693.922,1517.858,701.282,0.0089
mixed,128,3,0.0234,4.0,128,4096,512,2048,548,987.234,2785.253,1029.76,0.0237
mixed,128,3,0.0234,4.0,128,4096,1024,4096,1096,1582.914,5517.512,1620.065,0.0094
mixed,128,3,0.0234,4.0,128,4096,2048,8192,2192,2968.133,11013.902,3168.741,0.0249
mixed,128,3,0.0234,4.0,128,4096,4096,16384,4384,5892.807,22042.461,6129.642,0.0147
mixed,128,3,0.0234,4.0,128,8192,128,512,137,882.913,1292.931,881.698,-0.003
mixed,128,3,0.0234,4.0,128,8192,256,1024,274,1025.889,1846.307,1026.786,0.0011
mixed,128,3,0.0234,4.0,128,8192,512,2048,548,1318.369,2958.631,1354.303,0.0219
mixed,128,3,0.0234,4.0,128,8192,1024,4096,1096,1919.619,5503.91,1982.338,0.0175
mixed,128,3,0.0234,4.0,128,8192,2048,8192,2192,3116.004,10983.858,3252.197,0.0173
mixed,128,3,0.0234,4.0,128,8192,4096,16384,4384,5871.142,21980.153,6306.025,0.027
mixed,128,3,0.0234,4.0,256,0,128,512,137,268.928,732.226,270.657,0.0037
mixed,128,3,0.0234,4.0,256,0,256,1024,274,418.497,1407.874,421.185,0.0027
mixed,128,3,0.0234,4.0,256,0,512,2048,548,771.618,2773.731,811.681,0.02
mixed,128,3,0.0234,4.0,256,0,1024,4096,1096,1496.579,5534.887,1557.698,0.0151
mixed,128,3,0.0234,4.0,256,0,2048,8192,2192,2974.276,11024.657,3055.076,0.01
mixed,128,3,0.0234,4.0,256,0,4096,16384,4384,5904.905,22058.108,6051.335,0.0091
mixed,128,3,0.0234,4.0,256,512,128,512,137,278.592,745.284,278.337,-0.0005
mixed,128,3,0.0234,4.0,256,512,256,1024,274,426.367,1408.289,428.127,0.0018
mixed,128,3,0.0234,4.0,256,512,512,2048,548,780.962,2774.626,808.127,0.0136
mixed,128,3,0.0234,4.0,256,512,1024,4096,1096,1486.402,5514.474,1577.475,0.0226
mixed,128,3,0.0234,4.0,256,512,2048,8192,2192,2955.554,11026.605,3066.627,0.0138
mixed,128,3,0.0234,4.0,256,512,4096,16384,4384,5900.871,22051.358,6086.153,0.0115
mixed,128,3,0.0234,4.0,256,1024,128,512,137,308.224,742.368,310.432,0.0051
mixed,128,3,0.0234,4.0,256,1024,256,1024,274,429.568,1414.178,435.201,0.0057
mixed,128,3,0.0234,4.0,256,1024,512,2048,548,781.184,2747.363,812.035,0.0157
mixed,128,3,0.0234,4.0,256,1024,1024,4096,1096,1491.939,5500.838,1580.13,0.022
mixed,128,3,0.0234,4.0,256,1024,2048,8192,2192,2936.452,11031.089,3119.843,0.0227
mixed,128,3,0.0234,4.0,256,1024,4096,16384,4384,5895.114,22045.63,6118.025,0.0138
mixed,128,3,0.0234,4.0,256,2048,128,512,137,397.632,785.921,397.599,-0.0001
mixed,128,3,0.0234,4.0,256,2048,256,1024,274,519.041,1414.113,511.491,-0.0084
mixed,128,3,0.0234,4.0,256,2048,512,2048,548,799.169,2756.197,829.346,0.0154
mixed,128,3,0.0234,4.0,256,2048,1024,4096,1096,1491.875,5481.225,1592.674,0.0253
mixed,128,3,0.0234,4.0,256,2048,2048,8192,2192,2939.076,10973.584,3175.747,0.0295
mixed,128,3,0.0234,4.0,256,2048,4096,16384,4384,5846.857,22041.557,6239.53,0.0242
mixed,128,3,0.0234,4.0,256,4096,128,512,137,561.216,951.648,564.608,0.0087
mixed,128,3,0.0234,4.0,256,4096,256,1024,274,678.05,1446.529,678.337,0.0004
mixed,128,3,0.0234,4.0,256,4096,512,2048,548,987.65,2749.057,984.227,-0.0019
mixed,128,3,0.0234,4.0,256,4096,1024,4096,1096,1562.722,5457.574,1613.443,0.013
mixed,128,3,0.0234,4.0,256,4096,2048,8192,2192,2931.971,10953.551,3193.605,0.0326
mixed,128,3,0.0234,4.0,256,4096,4096,16384,4384,5830.662,21967.934,6326.378,0.0307
mixed,128,3,0.0234,4.0,256,8192,128,512,137,894.24,1294.018,893.6,-0.0016
mixed,128,3,0.0234,4.0,256,8192,256,1024,274,1010.592,1883.747,1011.49,0.001
mixed,128,3,0.0234,4.0,256,8192,512,2048,548,1326.083,2947.717,1333.795,0.0048
mixed,128,3,0.0234,4.0,256,8192,1024,4096,1096,1958.372,5418.057,1940.003,-0.0053
mixed,128,3,0.0234,4.0,256,8192,2048,8192,2192,3058.179,10866.672,3184.867,0.0162
mixed,128,3,0.0234,4.0,256,8192,4096,16384,4384,5815.049,21868.542,6360.168,0.034
mixed,128,3,0.0234,4.0,512,0,128,512,137,307.491,731.073,307.969,0.0011
mixed,128,3,0.0234,4.0,512,0,256,1024,274,431.488,1399.522,432.352,0.0009
mixed,128,3,0.0234,4.0,512,0,512,2048,548,778.272,2771.204,814.946,0.0184
mixed,128,3,0.0234,4.0,512,0,1024,4096,1096,1491.171,5526.952,1572.611,0.0202
mixed,128,3,0.0234,4.0,512,0,2048,8192,2192,2970.277,11030.702,3074.499,0.0129
mixed,128,3,0.0234,4.0,512,0,4096,16384,4384,5910.018,22070.177,6097.635,0.0116
mixed,128,3,0.0234,4.0,512,512,128,512,137,323.392,747.552,323.424,0.0001
mixed,128,3,0.0234,4.0,512,512,256,1024,274,441.89,1400.899,444.673,0.0029
mixed,128,3,0.0234,4.0,512,512,512,2048,548,781.761,2768.1,813.153,0.0158
mixed,128,3,0.0234,4.0,512,512,1024,4096,1096,1483.874,5515.078,1587.331,0.0257
mixed,128,3,0.0234,4.0,512,512,2048,8192,2192,2963.333,11015.438,3106.181,0.0177
mixed,128,3,0.0234,4.0,512,512,4096,16384,4384,5897.384,22049.181,6116.01,0.0135
mixed,128,3,0.0234,4.0,512,1024,128,512,137,369.44,751.651,368.576,-0.0023
mixed,128,3,0.0234,4.0,512,1024,256,1024,274,450.657,1411.875,455.522,0.0051
mixed,128,3,0.0234,4.0,512,1024,512,2048,548,788.354,2734.372,818.657,0.0156
mixed,128,3,0.0234,4.0,512,1024,1024,4096,1096,1490.275,5506.886,1601.953,0.0278
mixed,128,3,0.0234,4.0,512,1024,2048,8192,2192,2931.459,11010.896,3128.548,0.0244
mixed,128,3,0.0234,4.0,512,1024,4096,16384,4384,5876.839,22035.199,6180.232,0.0188
mixed,128,3,0.0234,4.0,512,2048,128,512,137,466.241,769.632,465.794,-0.0015
mixed,128,3,0.0234,4.0,512,2048,256,1024,274,541.599,1417.347,545.376,0.0043
mixed,128,3,0.0234,4.0,512,2048,512,2048,548,804.672,2730.949,821.185,0.0086
mixed,128,3,0.0234,4.0,512,2048,1024,4096,1096,1505.186,5431.497,1601.22,0.0245
mixed,128,3,0.0234,4.0,512,2048,2048,8192,2192,2919.045,10974.767,3151.456,0.0289
mixed,128,3,0.0234,4.0,512,2048,4096,16384,4384,5826.025,22031.681,6273.191,0.0276
mixed,128,3,0.0234,4.0,512,4096,128,512,137,636.576,940.864,637.409,0.0027
mixed,128,3,0.0234,4.0,512,4096,256,1024,274,723.425,1528.579,728.577,0.0064
mixed,128,3,0.0234,4.0,512,4096,512,2048,548,972.258,2769.539,985.09,0.0071
mixed,128,3,0.0234,4.0,512,4096,1024,4096,1096,1576.128,5409.514,1604.513,0.0074
mixed,128,3,0.0234,4.0,512,4096,2048,8192,2192,2950.629,10860.305,3131.943,0.0229
mixed,128,3,0.0234,4.0,512,4096,4096,16384,4384,5764.743,21936.159,6343.91,0.0358
mixed,128,3,0.0234,4.0,512,8192,128,512,137,968.226,1259.776,968.833,0.0021
mixed,128,3,0.0234,4.0,512,8192,256,1024,274,1057.25,1809.827,1059.715,0.0033
mixed,128,3,0.0234,4.0,512,8192,512,2048,548,1289.474,2951.652,1294.72,0.0032
mixed,128,3,0.0234,4.0,512,8192,1024,4096,1096,1905.028,5452.936,1919.938,0.0042
mixed,128,3,0.0234,4.0,512,8192,2048,8192,2192,3126.757,10753.902,3136.869,0.0013
mixed,128,3,0.0234,4.0,512,8192,4096,16384,4384,5815.304,21705.784,6229.033,0.026
mixed,128,3,0.0234,4.0,1024,0,128,512,137,413.794,762.753,413.76,-0.0001
mixed,128,3,0.0234,4.0,1024,0,256,1024,274,505.152,1421.347,508.896,0.0041
mixed,128,3,0.0234,4.0,1024,0,512,2048,548,803.328,2772.067,809.153,0.003
mixed,128,3,0.0234,4.0,1024,0,1024,4096,1096,1508.259,5516.231,1595.042,0.0217
mixed,128,3,0.0234,4.0,1024,0,2048,8192,2192,2955.557,11029.936,3137.67,0.0226
mixed,128,3,0.0234,4.0,1024,0,4096,16384,4384,5895.081,22075.109,6144.903,0.0154
mixed,128,3,0.0234,4.0,1024,512,128,512,137,455.553,775.33,456.193,0.002
mixed,128,3,0.0234,4.0,1024,512,256,1024,274,535.489,1424.641,537.442,0.0022
mixed,128,3,0.0234,4.0,1024,512,512,2048,548,812.449,2771.844,814.144,0.0009
mixed,128,3,0.0234,4.0,1024,512,1024,4096,1096,1512.163,5510.792,1593.794,0.0204
mixed,128,3,0.0234,4.0,1024,512,2048,8192,2192,2958.949,11024.529,3138.085,0.0222
mixed,128,3,0.0234,4.0,1024,512,4096,16384,4384,5894.152,22074.019,6211.752,0.0196
mixed,128,3,0.0234,4.0,1024,1024,128,512,137,518.048,781.827,515.456,-0.0098
mixed,128,3,0.0234,4.0,1024,1024,256,1024,274,574.945,1439.968,580.129,0.006
mixed,128,3,0.0234,4.0,1024,1024,512,2048,548,821.41,2770.148,823.425,0.001
mixed,128,3,0.0234,4.0,1024,1024,1024,4096,1096,1521.409,5479.528,1611.491,0.0228
mixed,128,3,0.0234,4.0,1024,1024,2048,8192,2192,2947.81,11021.615,3137.539,0.0235
mixed,128,3,0.0234,4.0,1024,1024,4096,16384,4384,5869.802,22084.728,6298.856,0.0265
mixed,128,3,0.0234,4.0,1024,2048,128,512,137,632.61,835.424,633.122,0.0025
mixed,128,3,0.0234,4.0,1024,2048,256,1024,274,695.488,1451.554,697.857,0.0031
mixed,128,3,0.0234,4.0,1024,2048,512,2048,548,851.714,2771.493,862.017,0.0054
mixed,128,3,0.0234,4.0,1024,2048,1024,4096,1096,1533.793,5452.518,1583.428,0.0127
mixed,128,3,0.0234,4.0,1024,2048,2048,8192,2192,2955.683,10934.93,3123.845,0.0211
mixed,128,3,0.0234,4.0,1024,2048,4096,16384,4384,5811.976,22048.607,6246.092,0.0267
mixed,128,3,0.0234,4.0,1024,4096,128,512,137,860.61,1057.025,862.496,0.0096
mixed,128,3,0.0234,4.0,1024,4096,256,1024,274,931.168,1501.155,935.33,0.0073
mixed,128,3,0.0234,4.0,1024,4096,512,2048,548,1072.129,2810.339,1075.074,0.0017
mixed,128,3,0.0234,4.0,1024,4096,1024,4096,1096,1565.537,5440.487,1588.449,0.0059
mixed,128,3,0.0234,4.0,1024,4096,2048,8192,2192,2989.284,10875.631,3184.9,0.0248
mixed,128,3,0.0234,4.0,1024,4096,4096,16384,4384,5828.809,21857.885,6253.641,0.0265
mixed,128,3,0.0234,4.0,1024,8192,128,512,137,1211.679,1511.393,1210.368,-0.0044
mixed,128,3,0.0234,4.0,1024,8192,256,1024,274,1308.675,1888.387,1314.083,0.0093
mixed,128,3,0.0234,4.0,1024,8192,512,2048,548,1527.747,2986.118,1540.29,0.0086
mixed,128,3,0.0234,4.0,1024,8192,1024,4096,1096,1928.579,5532.328,1950.37,0.006
mixed,128,3,0.0234,4.0,1024,8192,2048,8192,2192,3105.221,10797.391,3130.369,0.0033
mixed,128,3,0.0234,4.0,1024,8192,4096,16384,4384,5886.121,21586.625,6401.703,0.0328
mixed,128,3,0.0234,4.0,2048,0,128,512,137,672.608,928.286,672.001,-0.0024
mixed,128,3,0.0234,4.0,2048,0,256,1024,274,756.225,1484.865,760.255,0.0055
mixed,128,3,0.0234,4.0,2048,0,512,2048,548,946.819,2804.098,951.872,0.0027
mixed,128,3,0.0234,4.0,2048,0,1024,4096,1096,1560.706,5492.681,1608.355,0.0121
mixed,128,3,0.0234,4.0,2048,0,2048,8192,2192,2984.868,11030.034,3172.869,0.0234
mixed,128,3,0.0234,4.0,2048,0,4096,16384,4384,5889.641,22084.512,6314.472,0.0262
mixed,128,3,0.0234,4.0,2048,512,128,512,137,759.808,988.289,757.186,-0.0115
mixed,128,3,0.0234,4.0,2048,512,256,1024,274,818.912,1518.019,825.057,0.0088
mixed,128,3,0.0234,4.0,2048,512,512,2048,548,1001.826,2822.34,1010.945,0.005
mixed,128,3,0.0234,4.0,2048,512,1024,4096,1096,1588.13,5496.907,1627.49,0.0101
mixed,128,3,0.0234,4.0,2048,512,2048,8192,2192,3011.11,11012.815,3196.133,0.0231
mixed,128,3,0.0234,4.0,2048,512,4096,16384,4384,5882.825,22056.772,6323.178,0.0272
mixed,128,3,0.0234,4.0,2048,1024,128,512,137,843.616,1045.313,843.043,-0.0028
mixed,128,3,0.0234,4.0,2048,1024,256,1024,274,901.698,1544.74,907.776,0.0095
mixed,128,3,0.0234,4.0,2048,1024,512,2048,548,1057.411,2836.771,1066.785,0.0053
mixed,128,3,0.0234,4.0,2048,1024,1024,4096,1096,1612.833,5534.443,1646.37,0.0086
mixed,128,3,0.0234,4.0,2048,1024,2048,8192,2192,3032.642,10972.562,3213.029,0.0227
mixed,128,3,0.0234,4.0,2048,1024,4096,16384,4384,5916.106,22027.011,6335.849,0.0261
mixed,128,3,0.0234,4.0,2048,2048,128,512,137,1010.432,1184.61,1007.298,-0.018
mixed,128,3,0.0234,4.0,2048,2048,256,1024,274,1074.848,1590.529,1075.648,0.0016
mixed,128,3,0.0234,4.0,2048,2048,512,2048,548,1186.467,2898.5,1196.769,0.006
mixed,128,3,0.0234,4.0,2048,2048,1024,4096,1096,1640.963,5557.96,1664.866,0.0061
mixed,128,3,0.0234,4.0,2048,2048,2048,8192,2192,3069.25,10979.153,3235.203,0.021
mixed,128,3,0.0234,4.0,2048,2048,4096,16384,4384,5922.377,22008.311,6455.69,0.0332
mixed,128,3,0.0234,4.0,2048,4096,128,512,137,1319.616,1506.531,1318.723,-0.0048
mixed,128,3,0.0234,4.0,2048,4096,256,1024,274,1380.802,1758.628,1384.674,0.0102
mixed,128,3,0.0234,4.0,2048,4096,512,2048,548,1518.497,2975.202,1529.058,0.0072
mixed,128,3,0.0234,4.0,2048,4096,1024,4096,1096,1772.992,5676.328,1792.931,0.0051
mixed,128,3,0.0234,4.0,2048,4096,2048,8192,2192,3183.305,11042.323,3260.228,0.0098
mixed,128,3,0.0234,4.0,2048,4096,4096,16384,4384,6070.921,21808.734,6510.412,0.0279
mixed,128,3,0.0234,4.0,2048,8192,128,512,137,1945.539,2123.236,1947.652,0.0119
mixed,128,3,0.0234,4.0,2048,8192,256,1024,274,2014.212,2400.997,2027.524,0.0344
mixed,128,3,0.0234,4.0,2048,8192,512,2048,548,2148.611,3165.507,2174.565,0.0255
mixed,128,3,0.0234,4.0,2048,8192,1024,4096,1096,2456.933,5821.67,2464.323,0.0022
mixed,128,3,0.0234,4.0,2048,8192,2048,8192,2192,3280.868,11160.306,3275.974,-0.0006
mixed,128,3,0.0234,4.0,2048,8192,4096,16384,4384,6231.175,21935.837,6569.446,0.0215
pure,128,4,0.0312,4.0,0,0,128,512,140,110.303,252.579,138.4,0.1975
pure,128,4,0.0312,4.0,0,0,256,1024,280,156.384,420.609,178.751,0.0847
pure,128,4,0.0312,4.0,0,0,512,2048,560,269.792,755.105,268.385,-0.0029
pure,128,4,0.0312,4.0,0,0,1024,4096,1120,453.407,1419.679,451.521,-0.002
pure,128,4,0.0312,4.0,0,0,2048,8192,2240,818.624,2737.795,817.349,-0.0007
pure,128,4,0.0312,4.0,0,0,4096,16384,4480,1545.605,5388.1,1547.234,0.0004
mixed,128,4,0.0312,4.0,16,0,128,512,140,262.081,769.634,260.672,-0.0028
mixed,128,4,0.0312,4.0,16,0,256,1024,280,437.793,1431.36,440.674,0.0029
mixed,128,4,0.0312,4.0,16,0,512,2048,560,795.202,2786.692,822.048,0.0135
mixed,128,4,0.0312,4.0,16,0,1024,4096,1120,1531.171,5530.024,1577.89,0.0117
mixed,128,4,0.0312,4.0,16,0,2048,8192,2240,3034.022,11019.602,3136.325,0.0128
mixed,128,4,0.0312,4.0,16,0,4096,16384,4480,6046.247,22030.017,6220.553,0.0109
mixed,128,4,0.0312,4.0,16,512,128,512,140,264.385,768.513,267.009,0.0052
mixed,128,4,0.0312,4.0,16,512,256,1024,280,445.313,1445.6,449.536,0.0042
mixed,128,4,0.0312,4.0,16,512,512,2048,560,807.137,2781.765,823.618,0.0083
mixed,128,4,0.0312,4.0,16,512,1024,4096,1120,1535.904,5514.408,1582.211,0.0116
mixed,128,4,0.0312,4.0,16,512,2048,8192,2240,3038.82,11016.878,3124.645,0.0108
mixed,128,4,0.0312,4.0,16,512,4096,16384,4480,6019.334,22076.86,6213.322,0.0121
mixed,128,4,0.0312,4.0,16,1024,128,512,140,287.2,774.401,297.536,0.0212
mixed,128,4,0.0312,4.0,16,1024,256,1024,280,450.369,1448.607,457.983,0.0076
mixed,128,4,0.0312,4.0,16,1024,512,2048,560,809.794,2785.702,829.728,0.0101
mixed,128,4,0.0312,4.0,16,1024,1024,4096,1120,1539.042,5517.64,1577.958,0.0098
mixed,128,4,0.0312,4.0,16,1024,2048,8192,2240,3038.021,11011.185,3124.421,0.0108
mixed,128,4,0.0312,4.0,16,1024,4096,16384,4480,6026.153,22063.425,6233.194,0.0129
mixed,128,4,0.0312,4.0,16,2048,128,512,140,370.051,795.041,380.384,0.0243
mixed,128,4,0.0312,4.0,16,2048,256,1024,280,518.4,1454.114,540.832,0.024
mixed,128,4,0.0312,4.0,16,2048,512,2048,560,831.073,2805.699,839.746,0.0044
mixed,128,4,0.0312,4.0,16,2048,1024,4096,1120,1551.682,5512.937,1602.85,0.0129
mixed,128,4,0.0312,4.0,16,2048,2048,8192,2240,3036.612,11041.33,3141.702,0.0131
mixed,128,4,0.0312,4.0,16,2048,4096,16384,4480,6039.401,22054.689,6241.513,0.0126
mixed,128,4,0.0312,4.0,16,4096,128,512,140,539.199,963.459,544.738,0.0131
mixed,128,4,0.0312,4.0,16,4096,256,1024,280,674.561,1515.875,713.504,0.0463
mixed,128,4,0.0312,4.0,16,4096,512,2048,560,994.051,2792.355,1008.546,0.0081
mixed,128,4,0.0312,4.0,16,4096,1024,4096,1120,1606.047,5537.479,1647.841,0.0106
mixed,128,4,0.0312,4.0,16,4096,2048,8192,2240,3049.923,11038.324,3210.565,0.0201
mixed,128,4,0.0312,4.0,16,4096,4096,16384,4480,6035.913,22078.081,6231.785,0.0122
mixed,128,4,0.0312,4.0,16,8192,128,512,140,864.45,1295.587,876.066,0.0269
mixed,128,4,0.0312,4.0,16,8192,256,1024,280,1014.21,1850.883,1041.984,0.0332
mixed,128,4,0.0312,4.0,16,8192,512,2048,560,1334.498,2978.406,1341.121,0.004
mixed,128,4,0.0312,4.0,16,8192,1024,4096,1120,1973.41,5547.208,1970.721,-0.0008
mixed,128,4,0.0312,4.0,16,8192,2048,8192,2240,3219.364,11048.017,3268.613,0.0063
mixed,128,4,0.0312,4.0,16,8192,4096,16384,4480,6055.209,22053.824,6484.169,0.0268
mixed,128,4,0.0312,4.0,32,0,128,512,140,267.105,765.536,262.816,-0.0086
mixed,128,4,0.0312,4.0,32,0,256,1024,280,438.4,1442.37,444.289,0.0059
mixed,128,4,0.0312,4.0,32,0,512,2048,560,804.258,2790.342,820.831,0.0083
mixed,128,4,0.0312,4.0,32,0,1024,4096,1120,1531.14,5516.937,1588.482,0.0144
mixed,128,4,0.0312,4.0,32,0,2048,8192,2240,3029.349,11016.53,3129.124,0.0125
mixed,128,4,0.0312,4.0,32,0,4096,16384,4480,6015.589,22068.128,6196.802,0.0113
mixed,128,4,0.0312,4.0,32,512,128,512,140,265.439,772.64,265.504,0.0001
mixed,128,4,0.0312,4.0,32,512,256,1024,280,448.354,1441.762,450.112,0.0018
mixed,128,4,0.0312,4.0,32,512,512,2048,560,808.415,2777.796,830.337,0.0111
mixed,128,4,0.0312,4.0,32,512,1024,4096,1120,1529.027,5516.906,1590.562,0.0154
mixed,128,4,0.0312,4.0,32,512,2048,8192,2240,3031.238,11017.617,3107.494,0.0095
mixed,128,4,0.0312,4.0,32,512,4096,16384,4480,6017.705,22036.61,6198.986,0.0113
mixed,128,4,0.0312,4.0,32,1024,128,512,140,286.976,769.539,296.481,0.0197
mixed,128,4,0.0312,4.0,32,1024,256,1024,280,452.641,1445.634,459.425,0.0068
mixed,128,4,0.0312,4.0,32,1024,512,2048,560,808.578,2784.772,827.713,0.0097
mixed,128,4,0.0312,4.0,32,1024,1024,4096,1120,1543.46,5525.578,1602.69,0.0149
mixed,128,4,0.0312,4.0,32,1024,2048,8192,2240,3033.862,11020.784,3128.869,0.0119
mixed,128,4,0.0312,4.0,32,1024,4096,16384,4480,6033.128,22062.404,6217.126,0.0115
mixed,128,4,0.0312,4.0,32,2048,128,512,140,371.712,791.042,382.272,0.0252
mixed,128,4,0.0312,4.0,32,2048,256,1024,280,521.408,1449.923,546.113,0.0266
mixed,128,4,0.0312,4.0,32,2048,512,2048,560,828.961,2797.667,841.377,0.0063
mixed,128,4,0.0312,4.0,32,2048,1024,4096,1120,1546.563,5527.689,1611.202,0.0162
mixed,128,4,0.0312,4.0,32,2048,2048,8192,2240,3041.186,11044.848,3120.516,0.0099
mixed,128,4,0.0312,4.0,32,2048,4096,16384,4480,6036.074,22068.992,6259.31,0.0139
mixed,128,4,0.0312,4.0,32,4096,128,512,140,535.585,967.201,553.281,0.041
mixed,128,4,0.0312,4.0,32,4096,256,1024,280,683.523,1521.862,712.671,0.0348
mixed,128,4,0.0312,4.0,32,4096,512,2048,560,1006.912,2801.668,1017.314,0.0058
mixed,128,4,0.0312,4.0,32,4096,1024,4096,1120,1619.747,5546.601,1640.707,0.0053
mixed,128,4,0.0312,4.0,32,4096,2048,8192,2240,3042.98,11041.208,3231.3,0.0235
mixed,128,4,0.0312,4.0,32,4096,4096,16384,4480,6033.513,22060.095,6253.833,0.0137
mixed,128,4,0.0312,4.0,32,8192,128,512,140,868.193,1300.45,878.752,0.0244
mixed,128,4,0.0312,4.0,32,8192,256,1024,280,1009.346,1853.475,1045.762,0.0431
mixed,128,4,0.0312,4.0,32,8192,512,2048,560,1341.218,2978.217,1340.131,-0.0007
mixed,128,4,0.0312,4.0,32,8192,1024,4096,1120,1950.211,5553.612,1974.054,0.0066
mixed,128,4,0.0312,4.0,32,8192,2048,8192,2240,3188.067,11046.257,3303.589,0.0147
mixed,128,4,0.0312,4.0,32,8192,4096,16384,4480,6055.337,22061.827,6452.748,0.0248
mixed,128,4,0.0312,4.0,64,0,128,512,140,266.209,771.586,266.211,0.0
mixed,128,4,0.0312,4.0,64,0,256,1024,280,445.955,1443.491,444.993,-0.001
mixed,128,4,0.0312,4.0,64,0,512,2048,560,805.952,2804.805,817.956,0.006
mixed,128,4,0.0312,4.0,64,0,1024,4096,1120,1540.675,5530.857,1569.983,0.0073
mixed,128,4,0.0312,4.0,64,0,2048,8192,2240,3031.747,11021.646,3103.875,0.009
mixed,128,4,0.0312,4.0,64,0,4096,16384,4480,6037.993,22052.682,6192.105,0.0096
mixed,128,4,0.0312,4.0,64,512,128,512,140,270.753,778.081,270.688,-0.0001
mixed,128,4,0.0312,4.0,64,512,256,1024,280,455.777,1443.554,457.538,0.0018
mixed,128,4,0.0312,4.0,64,512,512,2048,560,811.457,2791.622,828.003,0.0084
mixed,128,4,0.0312,4.0,64,512,1024,4096,1120,1546.851,5525.64,1576.611,0.0075
mixed,128,4,0.0312,4.0,64,512,2048,8192,2240,3034.629,11022.479,3128.422,0.0117
mixed,128,4,0.0312,4.0,64,512,4096,16384,4480,6046.789,22064.954,6207.179,0.01
mixed,128,4,0.0312,4.0,64,1024,128,512,140,295.394,780.257,310.816,0.0318
mixed,128,4,0.0312,4.0,64,1024,256,1024,280,458.337,1460.547,462.21,0.0039
mixed,128,4,0.0312,4.0,64,1024,512,2048,560,817.474,2792.707,833.121,0.0079
mixed,128,4,0.0312,4.0,64,1024,1024,4096,1120,1554.243,5525.674,1586.05,0.008
mixed,128,4,0.0312,4.0,64,1024,2048,8192,2240,3034.149,11023.791,3118.117,0.0105
mixed,128,4,0.0312,4.0,64,1024,4096,16384,4480,6026.184,22052.713,6231.078,0.0128
mixed,128,4,0.0312,4.0,64,2048,128,512,140,380.095,797.952,390.785,0.0256
mixed,128,4,0.0312,4.0,64,2048,256,1024,280,518.562,1458.145,546.817,0.0301
mixed,128,4,0.0312,4.0,64,2048,512,2048,560,834.529,2816.07,840.067,0.0028
mixed,128,4,0.0312,4.0,64,2048,1024,4096,1120,1557.473,5528.298,1629.732,0.0182
mixed,128,4,0.0312,4.0,64,2048,2048,8192,2240,3039.683,11033.105,3164.614,0.0156
mixed,128,4,0.0312,4.0,64,2048,4096,16384,4480,6040.138,22049.977,6246.762,0.0129
mixed,128,4,0.0312,4.0,64,4096,128,512,140,547.618,972.898,554.273,0.0156
mixed,128,4,0.0312,4.0,64,4096,256,1024,280,683.811,1534.018,710.433,0.0313
mixed,128,4,0.0312,4.0,64,4096,512,2048,560,1003.043,2818.723,1011.458,0.0046
mixed,128,4,0.0312,4.0,64,4096,1024,4096,1120,1657.411,5546.344,1636.612,-0.0053
mixed,128,4,0.0312,4.0,64,4096,2048,8192,2240,3052.612,11042.346,3253.03,0.0251
mixed,128,4,0.0312,4.0,64,4096,4096,16384,4480,6038.697,22072.095,6244.362,0.0128
mixed,128,4,0.0312,4.0,64,8192,128,512,140,873.441,1298.786,879.65,0.0146
mixed,128,4,0.0312,4.0,64,8192,256,1024,280,1019.457,1864.741,1046.848,0.0324
mixed,128,4,0.0312,4.0,64,8192,512,2048,560,1335.842,2985.763,1352.483,0.0101
mixed,128,4,0.0312,4.0,64,8192,1024,4096,1120,1971.779,5558.282,1980.928,0.0026
mixed,128,4,0.0312,4.0,64,8192,2048,8192,2240,3208.516,11055.506,3286.021,0.0099
mixed,128,4,0.0312,4.0,64,8192,4096,16384,4480,6055.594,22049.512,6480.581,0.0266
mixed,128,4,0.0312,4.0,128,0,128,512,140,268.808,758.9,269.512,0.0014
mixed,128,4,0.0312,4.0,128,0,256,1024,280,436.364,1436.261,437.036,0.0007
mixed,128,4,0.0312,4.0,128,0,512,2048,560,797.908,2788.966,817.716,0.0099
mixed,128,4,0.0312,4.0,128,0,1024,4096,1120,1543.142,5532.14,1579.367,0.0091
mixed,128,4,0.0312,4.0,128,0,2048,8192,2240,3029.774,11032.371,3141.744,0.014
mixed,128,4,0.0312,4.0,128,0,4096,16384,4480,6035.7,22055.693,6196.507,0.01
mixed,128,4,0.0312,4.0,128,512,128,512,140,274.887,768.882,276.488,0.0032
mixed,128,4,0.0312,4.0,128,512,256,1024,280,444.811,1431.044,445.772,0.001
mixed,128,4,0.0312,4.0,128,512,512,2048,560,807.125,2785.669,825.268,0.0092
mixed,128,4,0.0312,4.0,128,512,1024,4096,1120,1541.51,5521.256,1594.214,0.0132
mixed,128,4,0.0312,4.0,128,512,2048,8192,2240,3037.131,11033.552,3152.907,0.0145
mixed,128,4,0.0312,4.0,128,512,4096,16384,4480,6033.012,22082.588,6210.294,0.011
mixed,128,4,0.0312,4.0,128,1024,128,512,140,297.192,767.86,302.12,0.0105
mixed,128,4,0.0312,4.0,128,1024,256,1024,280,448.844,1444.227,455.082,0.0063
mixed,128,4,0.0312,4.0,128,1024,512,2048,560,807.41,2776.101,846.933,0.0201
mixed,128,4,0.0312,4.0,128,1024,1024,4096,1120,1541.029,5523.91,1600.006,0.0148
mixed,128,4,0.0312,4.0,128,1024,2048,8192,2240,3032.328,11046.315,3184.94,0.019
mixed,128,4,0.0312,4.0,128,1024,4096,16384,4480,6025.295,22079.506,6232.596,0.0129
mixed,128,4,0.0312,4.0,128,2048,128,512,140,383.434,778.739,384.936,0.0038
mixed,128,4,0.0312,4.0,128,2048,256,1024,280,529.644,1440.547,531.212,0.0017
mixed,128,4,0.0312,4.0,128,2048,512,2048,560,813.395,2795.01,851.699,0.0193
mixed,128,4,0.0312,4.0,128,2048,1024,4096,1120,1541.156,5510.882,1646.95,0.0267
mixed,128,4,0.0312,4.0,128,2048,2048,8192,2240,3032.806,11041.25,3241.548,0.0261
mixed,128,4,0.0312,4.0,128,2048,4096,16384,4480,6032.783,22039.972,6309.46,0.0173
mixed,128,4,0.0312,4.0,128,4096,128,512,140,548.269,964.056,549.772,0.0036
mixed,128,4,0.0312,4.0,128,4096,256,1024,280,696.847,1521.25,705.424,0.0104
mixed,128,4,0.0312,4.0,128,4096,512,2048,560,998.838,2792.961,1035.192,0.0203
mixed,128,4,0.0312,4.0,128,4096,1024,4096,1120,1635.942,5515.263,1648.071,0.0031
mixed,128,4,0.0312,4.0,128,4096,2048,8192,2240,3030.533,11020.927,3248.522,0.0273
mixed,128,4,0.0312,4.0,128,4096,4096,16384,4480,6027.432,22059.573,6416.371,0.0243
mixed,128,4,0.0312,4.0,128,8192,128,512,140,881.301,1293.342,883.379,0.005
mixed,128,4,0.0312,4.0,128,8192,256,1024,280,1023.929,1846.57,1035.032,0.0135
mixed,128,4,0.0312,4.0,128,8192,512,2048,560,1322.398,2963.845,1359.745,0.0228
mixed,128,4,0.0312,4.0,128,8192,1024,4096,1120,1972.557,5503.42,2003.181,0.0087
mixed,128,4,0.0312,4.0,128,8192,2048,8192,2240,3147.88,10990.009,3279.562,0.0168
mixed,128,4,0.0312,4.0,128,8192,4096,16384,4480,5999.879,21993.998,6483.314,0.0302
mixed,128,4,0.0312,4.0,256,0,128,512,140,270.438,733.36,271.14,0.0015
mixed,128,4,0.0312,4.0,256,0,256,1024,280,424.649,1407.266,423.944,-0.0007
mixed,128,4,0.0312,4.0,256,0,512,2048,560,786.481,2775.648,815.602,0.0146
mixed,128,4,0.0312,4.0,256,0,1024,4096,1120,1522.113,5520.284,1575.938,0.0135
mixed,128,4,0.0312,4.0,256,0,2048,8192,2240,3022.019,11023.795,3148.325,0.0158
mixed,128,4,0.0312,4.0,256,0,4096,16384,4480,6017.892,22055.177,6193.45,0.0109
mixed,128,4,0.0312,4.0,256,512,128,512,140,280.037,747.599,279.558,-0.001
mixed,128,4,0.0312,4.0,256,512,256,1024,280,432.937,1410.081,435.626,0.0028
mixed,128,4,0.0312,4.0,256,512,512,2048,560,791.922,2768.828,827.634,0.0181
mixed,128,4,0.0312,4.0,256,512,1024,4096,1120,1522.209,5527.609,1588.769,0.0166
mixed,128,4,0.0312,4.0,256,512,2048,8192,2240,3017.731,11040.4,3158.342,0.0175
mixed,128,4,0.0312,4.0,256,512,4096,16384,4480,6022.977,22042.462,6231.88,0.013
mixed,128,4,0.0312,4.0,256,1024,128,512,140,308.806,743.121,311.238,0.0056
mixed,128,4,0.0312,4.0,256,1024,256,1024,280,439.05,1415.903,442.569,0.0036
mixed,128,4,0.0312,4.0,256,1024,512,2048,560,796.529,2753.499,825.651,0.0149
mixed,128,4,0.0312,4.0,256,1024,1024,4096,1120,1526.846,5505.911,1611.265,0.0212
mixed,128,4,0.0312,4.0,256,1024,2048,8192,2240,3002.622,11025.575,3199.94,0.0246
mixed,128,4,0.0312,4.0,256,1024,4096,16384,4480,6010.944,22069.809,6255.907,0.0153
mixed,128,4,0.0312,4.0,256,2048,128,512,140,397.928,785.521,399.079,0.003
mixed,128,4,0.0312,4.0,256,2048,256,1024,280,522.603,1412.414,521.42,-0.0013
mixed,128,4,0.0312,4.0,256,2048,512,2048,560,824.304,2756.474,843.441,0.0099
mixed,128,4,0.0312,4.0,256,2048,1024,4096,1120,1521.086,5469.426,1641.218,0.0304
mixed,128,4,0.0312,4.0,256,2048,2048,8192,2240,3002.206,10985.739,3235.587,0.0292
mixed,128,4,0.0312,4.0,256,2048,4096,16384,4480,5995.483,22028.712,6366.145,0.0231
mixed,128,4,0.0312,4.0,256,4096,128,512,140,563.435,955.667,565.228,0.0046
mixed,128,4,0.0312,4.0,256,4096,256,1024,280,682.606,1447.934,687.726,0.0067
mixed,128,4,0.0312,4.0,256,4096,512,2048,560,999.381,2747.738,1010.357,0.0063
mixed,128,4,0.0312,4.0,256,4096,1024,4096,1120,1557.632,5453.168,1637.058,0.0204
mixed,128,4,0.0312,4.0,256,4096,2048,8192,2240,2983.644,10941.662,3243.715,0.0327
mixed,128,4,0.0312,4.0,256,4096,4096,16384,4480,5955.64,21993.949,6426.305,0.0293
mixed,128,4,0.0312,4.0,256,8192,128,512,140,896.307,1294.109,896.114,-0.0005
mixed,128,4,0.0312,4.0,256,8192,256,1024,280,1015.189,1885.893,1017.013,0.0021
mixed,128,4,0.0312,4.0,256,8192,512,2048,560,1336.666,2933.401,1340.697,0.0025
mixed,128,4,0.0312,4.0,256,8192,1024,4096,1120,1966.503,5427.981,1962.408,-0.0012
mixed,128,4,0.0312,4.0,256,8192,2048,8192,2240,3099.71,10875.672,3212.479,0.0145
mixed,128,4,0.0312,4.0,256,8192,4096,16384,4480,5926.389,21857.715,6455.615,0.0332
mixed,128,4,0.0312,4.0,512,0,128,512,140,308.263,732.814,309.19,0.0022
mixed,128,4,0.0312,4.0,512,0,256,1024,280,437.962,1398.843,440.809,0.003
mixed,128,4,0.0312,4.0,512,0,512,2048,560,796.431,2767.542,824.08,0.014
mixed,128,4,0.0312,4.0,512,0,1024,4096,1120,1518.943,5527.692,1583.935,0.0162
mixed,128,4,0.0312,4.0,512,0,2048,8192,2240,3020.892,11033.109,3149.152,0.016
mixed,128,4,0.0312,4.0,512,0,4096,16384,4480,6029.747,22077.005,6226.459,0.0123
mixed,128,4,0.0312,4.0,512,512,128,512,140,323.239,746.576,324.392,0.0027
mixed,128,4,0.0312,4.0,512,512,256,1024,280,445.479,1399.805,451.337,0.0061
mixed,128,4,0.0312,4.0,512,512,512,2048,560,799.439,2767.123,835.727,0.0184
mixed,128,4,0.0312,4.0,512,512,1024,4096,1120,1517.725,5508.686,1601.502,0.021
mixed,128,4,0.0312,4.0,512,512,2048,8192,2240,3014.747,11017.973,3158.845,0.018
mixed,128,4,0.0312,4.0,512,512,4096,16384,4480,6008.722,22057.957,6271.414,0.0164
mixed,128,4,0.0312,4.0,512,1024,128,512,140,369.416,752.721,370.151,0.0019
mixed,128,4,0.0312,4.0,512,1024,256,1024,280,454.473,1407.931,461.481,0.0074
mixed,128,4,0.0312,4.0,512,1024,512,2048,560,803.694,2743.219,833.392,0.0153
mixed,128,4,0.0312,4.0,512,1024,1024,4096,1120,1517.629,5499.528,1614.078,0.0242
mixed,128,4,0.0312,4.0,512,1024,2048,8192,2240,2987.448,11014.191,3175.227,0.0234
mixed,128,4,0.0312,4.0,512,1024,4096,16384,4480,5986.228,22042.62,6357.141,0.0231
mixed,128,4,0.0312,4.0,512,2048,128,512,140,465.576,765.681,467.015,0.0048
mixed,128,4,0.0312,4.0,512,2048,256,1024,280,545.994,1416.218,551.306,0.0061
mixed,128,4,0.0312,4.0,512,2048,512,2048,560,817.968,2742.93,835.631,0.0092
mixed,128,4,0.0312,4.0,512,2048,1024,4096,1120,1528.955,5425.35,1622.815,0.0241
mixed,128,4,0.0312,4.0,512,2048,2048,8192,2240,2980.854,10963.786,3204.894,0.0281
mixed,128,4,0.0312,4.0,512,2048,4096,16384,4480,5942.509,22047.862,6400.211,0.0284
mixed,128,4,0.0312,4.0,512,4096,128,512,140,636.844,944.4,638.828,0.0065
mixed,128,4,0.0312,4.0,512,4096,256,1024,280,724.876,1529.021,732.621,0.0096
mixed,128,4,0.0312,4.0,512,4096,512,2048,560,970.833,2759.793,993.777,0.0128
mixed,128,4,0.0312,4.0,512,4096,1024,4096,1120,1591.035,5402.435,1614.911,0.0063
mixed,128,4,0.0312,4.0,512,4096,2048,8192,2240,3006.23,10848.195,3189.591,0.0234
mixed,128,4,0.0312,4.0,512,4096,4096,16384,4480,5908.202,21918.28,6427.317,0.0324
mixed,128,4,0.0312,4.0,512,8192,128,512,140,969.746,1260.436,969.554,-0.0007
mixed,128,4,0.0312,4.0,512,8192,256,1024,280,1056.946,1815.459,1066.612,0.0127
mixed,128,4,0.0312,4.0,512,8192,512,2048,560,1296.054,2962.133,1308.982,0.0078
mixed,128,4,0.0312,4.0,512,8192,1024,4096,1120,1939.523,5451.233,1956.899,0.0049
mixed,128,4,0.0312,4.0,512,8192,2048,8192,2240,3175.255,10741.182,3251.737,0.0101
mixed,128,4,0.0312,4.0,512,8192,4096,16384,4480,5950.504,21687.421,6304.399,0.0225
mixed,128,4,0.0312,4.0,1024,0,128,512,140,412.744,763.341,415.654,0.0083
mixed,128,4,0.0312,4.0,1024,0,256,1024,280,506.729,1422.071,513.482,0.0074
mixed,128,4,0.0312,4.0,1024,0,512,2048,560,819.47,2764.432,829.295,0.0051
mixed,128,4,0.0312,4.0,1024,0,1024,4096,1120,1541.528,5509.249,1607.482,0.0166
mixed,128,4,0.0312,4.0,1024,0,2048,8192,2240,3013.206,11036.862,3194.936,0.0226
mixed,128,4,0.0312,4.0,1024,0,4096,16384,4480,6037.127,22066.172,6314.793,0.0173
mixed,128,4,0.0312,4.0,1024,512,128,512,140,454.857,775.598,456.167,0.0041
mixed,128,4,0.0312,4.0,1024,512,256,1024,280,537.352,1423.897,541.161,0.0043
mixed,128,4,0.0312,4.0,1024,512,512,2048,560,823.887,2759.535,833.518,0.005
mixed,128,4,0.0312,4.0,1024,512,1024,4096,1120,1544.762,5502.557,1618.364,0.0186
mixed,128,4,0.0312,4.0,1024,512,2048,8192,2240,3012.435,11030.62,3190.038,0.0222
mixed,128,4,0.0312,4.0,1024,512,4096,16384,4480,6028.517,22061.169,6388.781,0.0225
mixed,128,4,0.0312,4.0,1024,1024,128,512,140,516.808,781.487,518.761,0.0074
mixed,128,4,0.0312,4.0,1024,1024,256,1024,280,578.602,1441.402,585.321,0.0078
mixed,128,4,0.0312,4.0,1024,1024,512,2048,560,832.492,2764.333,836.558,0.0021
mixed,128,4,0.0312,4.0,1024,1024,1024,4096,1120,1558.97,5481.788,1633.852,0.0191
mixed,128,4,0.0312,4.0,1024,1024,2048,8192,2240,3020.37,11014.327,3180.82,0.0201
mixed,128,4,0.0312,4.0,1024,1024,4096,16384,4480,5984.161,22058.768,6402.313,0.026
mixed,128,4,0.0312,4.0,1024,2048,128,512,140,635.722,832.431,635.275,-0.0023
mixed,128,4,0.0312,4.0,1024,2048,256,1024,280,698.254,1451.895,703.594,0.0071
mixed,128,4,0.0312,4.0,1024,2048,512,2048,560,858.672,2770.061,872.143,0.007
mixed,128,4,0.0312,4.0,1024,2048,1024,4096,1120,1564.76,5461.594,1656.731,0.0236
mixed,128,4,0.0312,4.0,1024,2048,2048,8192,2240,3030.739,10933.299,3166.137,0.0171
mixed,128,4,0.0312,4.0,1024,2048,4096,16384,4480,5943.84,22032.196,6361.225,0.0259
mixed,128,4,0.0312,4.0,1024,4096,128,512,140,863.31,1057.266,865.071,0.0091
mixed,128,4,0.0312,4.0,1024,4096,256,1024,280,930.67,1496.793,934.127,0.0061
mixed,128,4,0.0312,4.0,1024,4096,512,2048,560,1077.681,2803.15,1085.714,0.0047
mixed,128,4,0.0312,4.0,1024,4096,1024,4096,1120,1600.923,5438.777,1619.068,0.0047
mixed,128,4,0.0312,4.0,1024,4096,2048,8192,2240,3057.265,10821.484,3250.068,0.0248
mixed,128,4,0.0312,4.0,1024,4096,4096,16384,4480,5960.321,21859.58,6274.342,0.0198
mixed,128,4,0.0312,4.0,1024,8192,128,512,140,1206.003,1512.088,1211.186,0.0169
mixed,128,4,0.0312,4.0,1024,8192,256,1024,280,1307.189,1875.966,1315.958,0.0154
mixed,128,4,0.0312,4.0,1024,8192,512,2048,560,1534.904,2948.112,1552.057,0.0121
mixed,128,4,0.0312,4.0,1024,8192,1024,4096,1120,1954.623,5542.297,1952.959,-0.0005
mixed,128,4,0.0312,4.0,1024,8192,2048,8192,2240,3166.706,10800.777,3168.112,0.0002
mixed,128,4,0.0312,4.0,1024,8192,4096,16384,4480,6008.67,21562.132,6579.526,0.0367
mixed,128,4,0.0312,4.0,2048,0,128,512,140,673.066,928.876,673.195,0.0005
mixed,128,4,0.0312,4.0,2048,0,256,1024,280,756.012,1481.176,762.412,0.0088
mixed,128,4,0.0312,4.0,2048,0,512,2048,560,949.103,2812.363,959.888,0.0058
mixed,128,4,0.0312,4.0,2048,0,1024,4096,1120,1595.704,5509.717,1632.089,0.0093
mixed,128,4,0.0312,4.0,2048,0,2048,8192,2240,3054.254,11024.139,3237.235,0.023
mixed,128,4,0.0312,4.0,2048,0,4096,16384,4480,6014.719,22072.21,6399.17,0.0239
mixed,128,4,0.0312,4.0,2048,512,128,512,140,756.524,984.718,762.251,0.0251
mixed,128,4,0.0312,4.0,2048,512,256,1024,280,820.238,1517.881,827.5,0.0104
mixed,128,4,0.0312,4.0,2048,512,512,2048,560,1004.975,2819.818,1016.815,0.0065
mixed,128,4,0.0312,4.0,2048,512,1024,4096,1120,1621.305,5490.994,1659.832,0.01
mixed,128,4,0.0312,4.0,2048,512,2048,8192,2240,3076.271,11006.342,3287.186,0.0266
mixed,128,4,0.0312,4.0,2048,512,4096,16384,4480,5998.305,22049.331,6433.89,0.0271
mixed,128,4,0.0312,4.0,2048,1024,128,512,140,841.9,1045.903,844.013,0.0104
mixed,128,4,0.0312,4.0,2048,1024,256,1024,280,901.295,1545.495,908.461,0.0111
mixed,128,4,0.0312,4.0,2048,1024,512,2048,560,1059.44,2850.637,1074.321,0.0083
mixed,128,4,0.0312,4.0,2048,1024,1024,4096,1120,1645.209,5532.372,1683.545,0.0099
mixed,128,4,0.0312,4.0,2048,1024,2048,8192,2240,3104.814,10967.908,3309.777,0.0261
mixed,128,4,0.0312,4.0,2048,1024,4096,16384,4480,6035.512,22041.607,6453.823,0.0261
mixed,128,4,0.0312,4.0,2048,2048,128,512,140,1011.952,1179.857,1007.919,-0.024
mixed,128,4,0.0312,4.0,2048,2048,256,1024,280,1064.721,1588.63,1076.911,0.0233
mixed,128,4,0.0312,4.0,2048,2048,512,2048,560,1184.69,2892.33,1205.265,0.012
mixed,128,4,0.0312,4.0,2048,2048,1024,4096,1120,1669.975,5555.154,1695.129,0.0065
mixed,128,4,0.0312,4.0,2048,2048,2048,8192,2240,3134.893,10952.449,3294.191,0.0204
mixed,128,4,0.0312,4.0,2048,2048,4096,16384,4480,6064.41,22003.394,6557.153,0.0309
mixed,128,4,0.0312,4.0,2048,4096,128,512,140,1319.763,1506.421,1321.94,0.0117
mixed,128,4,0.0312,4.0,2048,4096,256,1024,280,1379.06,1750.393,1391.794,0.0343
mixed,128,4,0.0312,4.0,2048,4096,512,2048,560,1521.878,2977.738,1530.933,0.0062
mixed,128,4,0.0312,4.0,2048,4096,1024,4096,1120,1779.802,5668.466,1808.249,0.0073
mixed,128,4,0.0312,4.0,2048,4096,2048,8192,2240,3229.456,11040.645,3323.822,0.0121
mixed,128,4,0.0312,4.0,2048,4096,4096,16384,4480,6197.402,21873.246,6578.775,0.0243
mixed,128,4,0.0312,4.0,2048,8192,128,512,140,1949.948,2136.958,1955.292,0.0286
mixed,128,4,0.0312,4.0,2048,8192,256,1024,280,2014.654,2392.481,2002.909,-0.0311
mixed,128,4,0.0312,4.0,2048,8192,512,2048,560,2141.953,3159.245,2176.961,0.0344
mixed,128,4,0.0312,4.0,2048,8192,1024,4096,1120,2444.067,5850.322,2459.651,0.0046
mixed,128,4,0.0312,4.0,2048,8192,2048,8192,2240,3351.92,11195.135,3346.735,-0.0007
mixed,128,4,0.0312,4.0,2048,8192,4096,16384,4480,6336.958,21999.121,6638.62,0.0193
pure,128,8,0.0625,4.0,0,0,128,512,152,110.209,253.124,143.777,0.2349
pure,128,8,0.0625,4.0,0,0,256,1024,304,158.626,420.197,187.106,0.1089
pure,128,8,0.0625,4.0,0,0,512,2048,608,284.641,756.235,285.091,0.001
pure,128,8,0.0625,4.0,0,0,1024,4096,1216,488.328,1420.595,483.463,-0.0052
pure,128,8,0.0625,4.0,0,0,2048,8192,2432,872.589,2732.261,878.445,0.0031
pure,128,8,0.0625,4.0,0,0,4096,16384,4864,1668.887,5384.651,1671.769,0.0008
mixed,128,8,0.0625,4.0,16,0,128,512,152,263.331,768.17,273.413,0.02
mixed,128,8,0.0625,4.0,16,0,256,1024,304,454.662,1436.564,472.997,0.0187
mixed,128,8,0.0625,4.0,16,0,512,2048,608,858.445,2789.733,893.739,0.0183
mixed,128,8,0.0625,4.0,16,0,1024,4096,1216,1668.406,5521.933,1727.544,0.0153
mixed,128,8,0.0625,4.0,16,0,2048,8192,2432,3288.749,11024.891,3414.125,0.0162
mixed,128,8,0.0625,4.0,16,0,4096,16384,4864,6547.93,22035.853,6783.322,0.0152
mixed,128,8,0.0625,4.0,16,512,128,512,152,266.05,772.554,276.931,0.0215
mixed,128,8,0.0625,4.0,16,512,256,1024,304,463.847,1443.699,480.776,0.0173
mixed,128,8,0.0625,4.0,16,512,512,2048,608,864.492,2786.183,896.971,0.0169
mixed,128,8,0.0625,4.0,16,512,1024,4096,1216,1667.061,5510.763,1726.423,0.0154
mixed,128,8,0.0625,4.0,16,512,2048,8192,2432,3303.469,11013.203,3404.013,0.013
mixed,128,8,0.0625,4.0,16,512,4096,16384,4864,6554.97,22071.685,6783.13,0.0147
mixed,128,8,0.0625,4.0,16,1024,128,512,152,292.646,772.555,309.221,0.0345
mixed,128,8,0.0625,4.0,16,1024,256,1024,304,472.23,1449.301,479.431,0.0074
mixed,128,8,0.0625,4.0,16,1024,512,2048,608,864.939,2784.42,902.382,0.0195
mixed,128,8,0.0625,4.0,16,1024,1024,4096,1216,1671.444,5506.153,1728.312,0.0148
mixed,128,8,0.0625,4.0,16,1024,2048,8192,2432,3297.58,11018.611,3404.495,0.0138
mixed,128,8,0.0625,4.0,16,1024,4096,16384,4864,6569.527,22082.819,6804.085,0.0151
mixed,128,8,0.0625,4.0,16,2048,128,512,152,372.776,793.709,391.301,0.044
mixed,128,8,0.0625,4.0,16,2048,256,1024,304,535.078,1454.834,568.935,0.0368
mixed,128,8,0.0625,4.0,16,2048,512,2048,608,892.332,2798.66,908.652,0.0086
mixed,128,8,0.0625,4.0,16,2048,1024,4096,1216,1677.334,5527.592,1746.485,0.018
mixed,128,8,0.0625,4.0,16,2048,2048,8192,2432,3311.531,11030.543,3422.892,0.0144
mixed,128,8,0.0625,4.0,16,2048,4096,16384,4864,6558.428,22047.872,6784.407,0.0146
mixed,128,8,0.0625,4.0,16,4096,128,512,152,539.207,961.547,563.493,0.0575
mixed,128,8,0.0625,4.0,16,4096,256,1024,304,703.914,1516.532,734.441,0.0376
mixed,128,8,0.0625,4.0,16,4096,512,2048,608,1054.893,2796.742,1070.671,0.0091
mixed,128,8,0.0625,4.0,16,4096,1024,4096,1216,1713.173,5548.168,1767.256,0.0141
mixed,128,8,0.0625,4.0,16,4096,2048,8192,2432,3310.41,11030.31,3439.498,0.0167
mixed,128,8,0.0625,4.0,16,4096,4096,16384,4864,6557.358,22076.408,6789.142,0.0149
mixed,128,8,0.0625,4.0,16,8192,128,512,152,868.778,1294.096,888.587,0.0466
mixed,128,8,0.0625,4.0,16,8192,256,1024,304,1030.38,1855.033,1065.742,0.0429
mixed,128,8,0.0625,4.0,16,8192,512,2048,608,1402.579,2973.896,1407.345,0.003
mixed,128,8,0.0625,4.0,16,8192,1024,4096,1216,2054.491,5542.373,2087.513,0.0095
mixed,128,8,0.0625,4.0,16,8192,2048,8192,2432,3403.177,11048.843,3438.282,0.0046
mixed,128,8,0.0625,4.0,16,8192,4096,16384,4864,6563.121,22056.501,6811.765,0.016
mixed,128,8,0.0625,4.0,32,0,128,512,152,264.068,766.921,275.363,0.0225
mixed,128,8,0.0625,4.0,32,0,256,1024,304,458.374,1445.522,470.759,0.0125
mixed,128,8,0.0625,4.0,32,0,512,2048,608,859.276,2791.843,890.795,0.0163
mixed,128,8,0.0625,4.0,32,0,1024,4096,1216,1669.012,5519.044,1742.2,0.019
mixed,128,8,0.0625,4.0,32,0,2048,8192,2432,3294.088,11015.377,3420.937,0.0164
mixed,128,8,0.0625,4.0,32,0,4096,16384,4864,6562.678,22066.256,6779.251,0.014
mixed,128,8,0.0625,4.0,32,512,128,512,152,270.405,775.401,278.211,0.0155
mixed,128,8,0.0625,4.0,32,512,256,1024,304,468.517,1443.505,482.696,0.0145
mixed,128,8,0.0625,4.0,32,512,512,2048,608,866.283,2785.186,900.523,0.0178
mixed,128,8,0.0625,4.0,32,512,1024,4096,1216,1667.731,5517.318,1734.102,0.0172
mixed,128,8,0.0625,4.0,32,512,2048,8192,2432,3292.903,11016.07,3418.667,0.0163
mixed,128,8,0.0625,4.0,32,512,4096,16384,4864,6551.73,22044.527,6797.746,0.0159
mixed,128,8,0.0625,4.0,32,1024,128,512,152,293.028,769.609,309.734,0.0351
mixed,128,8,0.0625,4.0,32,1024,256,1024,304,469.316,1446.738,483.109,0.0141
mixed,128,8,0.0625,4.0,32,1024,512,2048,608,868.684,2779.841,901.421,0.0171
mixed,128,8,0.0625,4.0,32,1024,1024,4096,1216,1677.782,5520.132,1742.804,0.0169
mixed,128,8,0.0625,4.0,32,1024,2048,8192,2432,3301.765,11030.854,3424.585,0.0159
mixed,128,8,0.0625,4.0,32,1024,4096,16384,4864,6557.489,22075.532,6807.667,0.0161
mixed,128,8,0.0625,4.0,32,2048,128,512,152,376.901,792.457,390.5,0.0327
mixed,128,8,0.0625,4.0,32,2048,256,1024,304,542.597,1447.506,570.31,0.0306
mixed,128,8,0.0625,4.0,32,2048,512,2048,608,890.411,2799.106,913.227,0.012
mixed,128,8,0.0625,4.0,32,2048,1024,4096,1216,1677.364,5527.688,1742.805,0.017
mixed,128,8,0.0625,4.0,32,2048,2048,8192,2432,3296.072,11041.499,3404.905,0.0141
mixed,128,8,0.0625,4.0,32,2048,4096,16384,4864,6556.876,22069.029,6797.165,0.0155
mixed,128,8,0.0625,4.0,32,4096,128,512,152,542.534,964.392,557.766,0.0361
mixed,128,8,0.0625,4.0,32,4096,256,1024,304,711.815,1522.386,734.472,0.028
mixed,128,8,0.0625,4.0,32,4096,512,2048,608,1055.916,2807.456,1081.548,0.0146
mixed,128,8,0.0625,4.0,32,4096,1024,4096,1216,1738.933,5535.453,1755.444,0.0043
mixed,128,8,0.0625,4.0,32,4096,2048,8192,2432,3306.022,11042.079,3458.725,0.0197
mixed,128,8,0.0625,4.0,32,4096,4096,16384,4864,6552.494,22053.405,6787.853,0.0152
mixed,128,8,0.0625,4.0,32,8192,128,512,152,870.348,1298.608,889.45,0.0446
mixed,128,8,0.0625,4.0,32,8192,256,1024,304,1030.22,1856.469,1069.867,0.048
mixed,128,8,0.0625,4.0,32,8192,512,2048,608,1393.264,2982.341,1415.377,0.0139
mixed,128,8,0.0625,4.0,32,8192,1024,4096,1216,2058.583,5554.177,2107.934,0.0141
mixed,128,8,0.0625,4.0,32,8192,2048,8192,2432,3407.238,11060.157,3445.223,0.005
mixed,128,8,0.0625,4.0,32,8192,4096,16384,4864,6590.411,22078.043,6827.438,0.0153
mixed,128,8,0.0625,4.0,64,0,128,512,152,271.106,772.137,277.987,0.0137
mixed,128,8,0.0625,4.0,64,0,256,1024,304,460.583,1440.111,475.621,0.0154
mixed,128,8,0.0625,4.0,64,0,512,2048,608,864.745,2799.839,893.771,0.015
mixed,128,8,0.0625,4.0,64,0,1024,4096,1216,1675.027,5528.126,1731.382,0.0146
mixed,128,8,0.0625,4.0,64,0,2048,8192,2432,3292.453,11022.395,3410.568,0.0153
mixed,128,8,0.0625,4.0,64,0,4096,16384,4864,6559.048,22068.854,6767.818,0.0135
mixed,128,8,0.0625,4.0,64,512,128,512,152,277.347,776.55,286.306,0.0179
mixed,128,8,0.0625,4.0,64,512,256,1024,304,474.629,1445.582,482.15,0.0077
mixed,128,8,0.0625,4.0,64,512,512,2048,608,871.049,2795.645,906.509,0.0184
mixed,128,8,0.0625,4.0,64,512,1024,4096,1216,1674.226,5523.996,1739.061,0.0168
mixed,128,8,0.0625,4.0,64,512,2048,8192,2432,3304.453,11011.802,3426.503,0.0158
mixed,128,8,0.0625,4.0,64,512,4096,16384,4864,6558.794,22074.259,6799.274,0.0155
mixed,128,8,0.0625,4.0,64,1024,128,512,152,300.515,777.961,316.163,0.0328
mixed,128,8,0.0625,4.0,64,1024,256,1024,304,476.069,1461.808,487.301,0.0114
mixed,128,8,0.0625,4.0,64,1024,512,2048,608,873.417,2796.863,908.043,0.018
mixed,128,8,0.0625,4.0,64,1024,1024,4096,1216,1674.066,5520.188,1754.451,0.0209
mixed,128,8,0.0625,4.0,64,1024,2048,8192,2432,3303.908,11028.728,3417.026,0.0146
mixed,128,8,0.0625,4.0,64,1024,4096,16384,4864,6566.793,22065.109,6791.786,0.0145
mixed,128,8,0.0625,4.0,64,2048,128,512,152,380.036,797.704,399.685,0.047
mixed,128,8,0.0625,4.0,64,2048,256,1024,304,543.11,1461.553,574.054,0.0337
mixed,128,8,0.0625,4.0,64,2048,512,2048,608,896.328,2812.639,911.755,0.0081
mixed,128,8,0.0625,4.0,64,2048,1024,4096,1216,1686.64,5527.675,1746.357,0.0155
mixed,128,8,0.0625,4.0,64,2048,2048,8192,2432,3307.396,11044.185,3423.301,0.015
mixed,128,8,0.0625,4.0,64,2048,4096,16384,4864,6559.559,22052.749,6791.978,0.015
mixed,128,8,0.0625,4.0,64,4096,128,512,152,551.751,970.185,569.414,0.0422
mixed,128,8,0.0625,4.0,64,4096,256,1024,304,711.146,1529.872,736.009,0.0304
mixed,128,8,0.0625,4.0,64,4096,512,2048,608,1066.476,2817.502,1079.372,0.0074
mixed,128,8,0.0625,4.0,64,4096,1024,4096,1216,1733.811,5543.484,1761.331,0.0072
mixed,128,8,0.0625,4.0,64,4096,2048,8192,2432,3322.627,11030.297,3433.285,0.0144
mixed,128,8,0.0625,4.0,64,4096,4096,16384,4864,6581.863,22057.961,6811.083,0.0148
mixed,128,8,0.0625,4.0,64,8192,128,512,152,880.105,1301.327,896.394,0.0387
mixed,128,8,0.0625,4.0,64,8192,256,1024,304,1049.42,1861.17,1070.378,0.0258
mixed,128,8,0.0625,4.0,64,8192,512,2048,608,1401.358,3002.175,1424.367,0.0144
mixed,128,8,0.0625,4.0,64,8192,1024,4096,1216,2065.688,5555.961,2111.445,0.0131
mixed,128,8,0.0625,4.0,64,8192,2048,8192,2432,3428.741,11061.525,3461.411,0.0043
mixed,128,8,0.0625,4.0,64,8192,4096,16384,4864,6588.102,22054.278,6814.568,0.0146
mixed,128,8,0.0625,4.0,128,0,128,512,152,273.505,760.329,282.051,0.0176
mixed,128,8,0.0625,4.0,128,0,256,1024,304,460.582,1436.112,463.655,0.0032
mixed,128,8,0.0625,4.0,128,0,512,2048,608,859.562,2791.933,895.85,0.0188
mixed,128,8,0.0625,4.0,128,0,1024,4096,1216,1677.457,5530.65,1728.529,0.0133
mixed,128,8,0.0625,4.0,128,0,2048,8192,2432,3296.577,11028.527,3424.58,0.0166
mixed,128,8,0.0625,4.0,128,0,4096,16384,4864,6565.635,22065.801,6776.871,0.0136
mixed,128,8,0.0625,4.0,128,512,128,512,152,280.771,767.72,286.819,0.0124
mixed,128,8,0.0625,4.0,128,512,256,1024,304,467.653,1432.43,472.935,0.0055
mixed,128,8,0.0625,4.0,128,512,512,2048,608,861.705,2784.22,899.977,0.0199
mixed,128,8,0.0625,4.0,128,512,1024,4096,1216,1666.48,5515.449,1725.522,0.0153
mixed,128,8,0.0625,4.0,128,512,2048,8192,2432,3295.874,11041.169,3430.69,0.0174
mixed,128,8,0.0625,4.0,128,512,4096,16384,4864,6585.449,22065.313,6786.661,0.013
mixed,128,8,0.0625,4.0,128,1024,128,512,152,302.915,768.36,307.299,0.0094
mixed,128,8,0.0625,4.0,128,1024,256,1024,304,470.02,1450.063,480.9,0.0111
mixed,128,8,0.0625,4.0,128,1024,512,2048,608,867.018,2782.906,903.817,0.0192
mixed,128,8,0.0625,4.0,128,1024,1024,4096,1216,1668.433,5515.542,1751.442,0.0216
mixed,128,8,0.0625,4.0,128,1024,2048,8192,2432,3302.848,11041.658,3422.563,0.0155
mixed,128,8,0.0625,4.0,128,1024,4096,16384,4864,6565.379,22078.077,6789.411,0.0144
mixed,128,8,0.0625,4.0,128,2048,128,512,152,389.38,785.927,391.077,0.0043
mixed,128,8,0.0625,4.0,128,2048,256,1024,304,550.149,1440.911,558.407,0.0093
mixed,128,8,0.0625,4.0,128,2048,512,2048,608,884.232,2796.732,903.626,0.0101
mixed,128,8,0.0625,4.0,128,2048,1024,4096,1216,1669.425,5521.178,1761.137,0.0238
mixed,128,8,0.0625,4.0,128,2048,2048,8192,2432,3294.946,11013.61,3421.986,0.0165
mixed,128,8,0.0625,4.0,128,2048,4096,16384,4864,6546.337,22054.01,6783.428,0.0153
mixed,128,8,0.0625,4.0,128,4096,128,512,152,553.029,963.753,563.718,0.026
mixed,128,8,0.0625,4.0,128,4096,256,1024,304,722.824,1518.126,729.158,0.008
mixed,128,8,0.0625,4.0,128,4096,512,2048,608,1059.82,2789.115,1075.21,0.0089
mixed,128,8,0.0625,4.0,128,4096,1024,4096,1216,1731.857,5514.359,1745.201,0.0035
mixed,128,8,0.0625,4.0,128,4096,2048,8192,2432,3289.376,10993.228,3421.314,0.0171
mixed,128,8,0.0625,4.0,128,4096,4096,16384,4864,6553.695,22044.824,6781.218,0.0147
mixed,128,8,0.0625,4.0,128,8192,128,512,152,885.353,1297.326,891.275,0.0144
mixed,128,8,0.0625,4.0,128,8192,256,1024,304,1048.81,1848.274,1057.547,0.0109
mixed,128,8,0.0625,4.0,128,8192,512,2048,608,1387.66,2963.933,1406.669,0.0121
mixed,128,8,0.0625,4.0,128,8192,1024,4096,1216,2040.564,5502.262,2091.828,0.0148
mixed,128,8,0.0625,4.0,128,8192,2048,8192,2432,3373.759,10997.295,3426.786,0.007
mixed,128,8,0.0625,4.0,128,8192,4096,16384,4864,6534.299,21999.86,6786.077,0.0163
mixed,128,8,0.0625,4.0,256,0,128,512,152,276.385,731.367,282.85,0.0142
mixed,128,8,0.0625,4.0,256,0,256,1024,304,449.734,1406.862,454.404,0.0049
mixed,128,8,0.0625,4.0,256,0,512,2048,608,838.919,2774.331,870.025,0.0161
mixed,128,8,0.0625,4.0,256,0,1024,4096,1216,1652.271,5523.059,1703.088,0.0131
mixed,128,8,0.0625,4.0,256,0,2048,8192,2432,3290.176,11039.211,3420.545,0.0168
mixed,128,8,0.0625,4.0,256,0,4096,16384,4864,6559.999,22044.913,6789.185,0.0148
mixed,128,8,0.0625,4.0,256,512,128,512,152,283.268,743.783,290.148,0.0149
mixed,128,8,0.0625,4.0,256,512,256,1024,304,460.326,1409.612,463.427,0.0033
mixed,128,8,0.0625,4.0,256,512,512,2048,608,851.433,2775.004,890.087,0.0201
mixed,128,8,0.0625,4.0,256,512,1024,4096,1216,1644.783,5510.709,1713.872,0.0179
mixed,128,8,0.0625,4.0,256,512,2048,8192,2432,3279.103,11031.399,3399.359,0.0155
mixed,128,8,0.0625,4.0,256,512,4096,16384,4864,6554.619,22029.808,6778.911,0.0145
mixed,128,8,0.0625,4.0,256,1024,128,512,152,313.732,741.415,318.531,0.0112
mixed,128,8,0.0625,4.0,256,1024,256,1024,304,463.492,1413.292,467.204,0.0039
mixed,128,8,0.0625,4.0,256,1024,512,2048,608,848.871,2746.298,888.585,0.0209
mixed,128,8,0.0625,4.0,256,1024,1024,4096,1216,1649.39,5510.451,1730.863,0.0211
mixed,128,8,0.0625,4.0,256,1024,2048,8192,2432,3269.918,11029.865,3401.661,0.017
mixed,128,8,0.0625,4.0,256,1024,4096,16384,4864,6544.351,22036.302,6776.863,0.015
mixed,128,8,0.0625,4.0,256,2048,128,512,152,400.387,784.647,406.915,0.017
mixed,128,8,0.0625,4.0,256,2048,256,1024,304,553.731,1416.109,543.11,-0.0123
mixed,128,8,0.0625,4.0,256,2048,512,2048,608,879.561,2766.199,890.823,0.006
mixed,128,8,0.0625,4.0,256,2048,1024,4096,1216,1647.79,5471.123,1722.544,0.0196
mixed,128,8,0.0625,4.0,256,2048,2048,8192,2432,3259.486,11000.514,3397.406,0.0178
mixed,128,8,0.0625,4.0,256,2048,4096,16384,4864,6495.261,22033.52,6755.482,0.0167
mixed,128,8,0.0625,4.0,256,4096,128,512,152,566.854,953.576,571.238,0.0113
mixed,128,8,0.0625,4.0,256,4096,256,1024,304,703.526,1443.438,717.19,0.0185
mixed,128,8,0.0625,4.0,256,4096,512,2048,608,1059.404,2756.377,1050.921,-0.005
mixed,128,8,0.0625,4.0,256,4096,1024,4096,1216,1695.887,5456.977,1745.008,0.0131
mixed,128,8,0.0625,4.0,256,4096,2048,8192,2432,3244.957,10929.828,3388.703,0.0187
mixed,128,8,0.0625,4.0,256,4096,4096,16384,4864,6469.403,21969.383,6712.543,0.0157
mixed,128,8,0.0625,4.0,256,8192,128,512,152,898.344,1295.052,904.264,0.0149
mixed,128,8,0.0625,4.0,256,8192,256,1024,304,1039.338,1878.608,1049.065,0.0116
mixed,128,8,0.0625,4.0,256,8192,512,2048,608,1386.925,2935.354,1377.675,-0.006
mixed,128,8,0.0625,4.0,256,8192,1024,4096,1216,2105.651,5417.104,2054.387,-0.0155
mixed,128,8,0.0625,4.0,256,8192,2048,8192,2432,3277.053,10869.889,3413.246,0.0179
mixed,128,8,0.0625,4.0,256,8192,4096,16384,4864,6435.546,21874.178,6715.805,0.0182
mixed,128,8,0.0625,4.0,512,0,128,512,152,312.899,733.606,318.051,0.0122
mixed,128,8,0.0625,4.0,512,0,256,1024,304,463.396,1401.612,468.838,0.0058
mixed,128,8,0.0625,4.0,512,0,512,2048,608,847.911,2763.382,881.191,0.0174
mixed,128,8,0.0625,4.0,512,0,1024,4096,1216,1648.461,5524.081,1715.535,0.0173
mixed,128,8,0.0625,4.0,512,0,2048,8192,2432,3286.014,11032.29,3422.621,0.0176
mixed,128,8,0.0625,4.0,512,0,4096,16384,4864,6563.068,22071.62,6773.277,0.0136
mixed,128,8,0.0625,4.0,512,512,128,512,152,326.403,746.151,333.218,0.0162
mixed,128,8,0.0625,4.0,512,512,256,1024,304,470.116,1404.524,481.06,0.0117
mixed,128,8,0.0625,4.0,512,512,512,2048,608,854.984,2763.511,883.432,0.0149
mixed,128,8,0.0625,4.0,512,512,1024,4096,1216,1652.815,5510.225,1733.741,0.021
mixed,128,8,0.0625,4.0,512,512,2048,8192,2432,3274.622,11022.37,3387.297,0.0145
mixed,128,8,0.0625,4.0,512,512,4096,16384,4864,6549.081,22064.225,6774.173,0.0145
mixed,128,8,0.0625,4.0,512,1024,128,512,152,369.828,750.63,377.125,0.0192
mixed,128,8,0.0625,4.0,512,1024,256,1024,304,477.956,1410.892,488.42,0.0112
mixed,128,8,0.0625,4.0,512,1024,512,2048,608,858.985,2750.265,886.984,0.0148
mixed,128,8,0.0625,4.0,512,1024,1024,4096,1216,1645.104,5499.024,1730.895,0.0223
mixed,128,8,0.0625,4.0,512,1024,2048,8192,2432,3246.398,11008.321,3374.748,0.0165
mixed,128,8,0.0625,4.0,512,1024,4096,16384,4864,6537.817,22023.965,6756.316,0.0141
mixed,128,8,0.0625,4.0,512,2048,128,512,152,469.443,765.766,475.171,0.0193
mixed,128,8,0.0625,4.0,512,2048,256,1024,304,554.468,1419.916,567.973,0.0156
mixed,128,8,0.0625,4.0,512,2048,512,2048,608,870.023,2741.59,889.416,0.0104
mixed,128,8,0.0625,4.0,512,2048,1024,4096,1216,1657.744,5436.335,1731.662,0.0196
mixed,128,8,0.0625,4.0,512,2048,2048,8192,2432,3235.995,10987.168,3379.453,0.0185
mixed,128,8,0.0625,4.0,512,2048,4096,16384,4864,6486.809,22038.239,6716.921,0.0148
mixed,128,8,0.0625,4.0,512,4096,128,512,152,639.238,948.584,644.806,0.018
mixed,128,8,0.0625,4.0,512,4096,256,1024,304,733.094,1534.158,749.606,0.0206
mixed,128,8,0.0625,4.0,512,4096,512,2048,608,1051.626,2758.103,1053.673,0.0012
mixed,128,8,0.0625,4.0,512,4096,1024,4096,1216,1696.43,5398.32,1745.422,0.0132
mixed,128,8,0.0625,4.0,512,4096,2048,8192,2432,3244.221,10834.977,3366.846,0.0162
mixed,128,8,0.0625,4.0,512,4096,4096,16384,4864,6396.374,21913.67,6667.225,0.0175
mixed,128,8,0.0625,4.0,512,8192,128,512,152,969.256,1258.665,980.264,0.038
mixed,128,8,0.0625,4.0,512,8192,256,1024,304,1066.631,1819.151,1079.945,0.0177
mixed,128,8,0.0625,4.0,512,8192,512,2048,608,1352.331,2959.866,1359.435,0.0044
mixed,128,8,0.0625,4.0,512,8192,1024,4096,1216,2054.354,5443.312,2068.528,0.0042
mixed,128,8,0.0625,4.0,512,8192,2048,8192,2432,3433.148,10768.154,3448.443,0.0021
mixed,128,8,0.0625,4.0,512,8192,4096,16384,4864,6437.941,21723.102,6740.918,0.0198
mixed,128,8,0.0625,4.0,1024,0,128,512,152,414.787,763.238,422.724,0.0228
mixed,128,8,0.0625,4.0,1024,0,256,1024,304,517.54,1418.924,532.068,0.0161
mixed,128,8,0.0625,4.0,1024,0,512,2048,608,876.073,2766.807,890.024,0.0074
mixed,128,8,0.0625,4.0,1024,0,1024,4096,1216,1666.636,5514.543,1748.685,0.0213
mixed,128,8,0.0625,4.0,1024,0,2048,8192,2432,3281.883,11046.3,3421.534,0.018
mixed,128,8,0.0625,4.0,1024,0,4096,16384,4864,6561.815,22084.984,6777.943,0.0139
mixed,128,8,0.0625,4.0,1024,512,128,512,152,456.548,775.368,459.875,0.0104
mixed,128,8,0.0625,4.0,1024,512,256,1024,304,544.804,1424.427,559.3,0.0165
mixed,128,8,0.0625,4.0,1024,512,512,2048,608,883.014,2763.959,889.991,0.0037
mixed,128,8,0.0625,4.0,1024,512,1024,4096,1216,1667.597,5506.991,1733.423,0.0171
mixed,128,8,0.0625,4.0,1024,512,2048,8192,2432,3270.589,11027.707,3425.563,0.02
mixed,128,8,0.0625,4.0,1024,512,4096,16384,4864,6547.8,22068.02,6800.377,0.0163
mixed,128,8,0.0625,4.0,1024,1024,128,512,152,519.141,780.903,525.347,0.0237
mixed,128,8,0.0625,4.0,1024,1024,256,1024,304,582.5,1440.266,597.221,0.0172
mixed,128,8,0.0625,4.0,1024,1024,512,2048,608,888.841,2770.968,899.43,0.0056
mixed,128,8,0.0625,4.0,1024,1024,1024,4096,1216,1681.519,5482.54,1736.175,0.0144
mixed,128,8,0.0625,4.0,1024,1024,2048,8192,2432,3268.444,11018.17,3447.26,0.0231
mixed,128,8,0.0625,4.0,1024,1024,4096,16384,4864,6519.541,22064.884,6819.1,0.0193
mixed,128,8,0.0625,4.0,1024,2048,128,512,152,636.965,833.958,641.798,0.0245
mixed,128,8,0.0625,4.0,1024,2048,256,1024,304,700.454,1452.685,713.926,0.0179
mixed,128,8,0.0625,4.0,1024,2048,512,2048,608,902.822,2774.839,920.264,0.0093
mixed,128,8,0.0625,4.0,1024,2048,1024,4096,1216,1693.262,5448.653,1771.597,0.0209
mixed,128,8,0.0625,4.0,1024,2048,2048,8192,2432,3269.562,10940.023,3424.925,0.0203
mixed,128,8,0.0625,4.0,1024,2048,4096,16384,4864,6458.26,22019.793,6844.888,0.0248
mixed,128,8,0.0625,4.0,1024,4096,128,512,152,859.303,1055.882,866.95,0.0389
mixed,128,8,0.0625,4.0,1024,4096,256,1024,304,936.135,1491.852,952.615,0.0297
mixed,128,8,0.0625,4.0,1024,4096,512,2048,608,1093.481,2806.005,1124.844,0.0183
mixed,128,8,0.0625,4.0,1024,4096,1024,4096,1216,1731.948,5439.657,1750.319,0.005
mixed,128,8,0.0625,4.0,1024,4096,2048,8192,2432,3301.883,10839.542,3464.123,0.0215
mixed,128,8,0.0625,4.0,1024,4096,4096,16384,4864,6449.971,21826.543,6894.233,0.0289
mixed,128,8,0.0625,4.0,1024,8192,128,512,152,1211.05,1513.294,1221.419,0.0343
mixed,128,8,0.0625,4.0,1024,8192,256,1024,304,1314.698,1878.609,1340.779,0.0463
mixed,128,8,0.0625,4.0,1024,8192,512,2048,608,1546.604,2961.367,1576.333,0.021
mixed,128,8,0.0625,4.0,1024,8192,1024,4096,1216,2019.28,5527.661,2025.713,0.0018
mixed,128,8,0.0625,4.0,1024,8192,2048,8192,2432,3427.067,10789.335,3487.547,0.0082
mixed,128,8,0.0625,4.0,1024,8192,4096,16384,4864,6520.243,21607.533,6844.437,0.0215
mixed,128,8,0.0625,4.0,2048,0,128,512,152,674.439,928.841,680.869,0.0253
mixed,128,8,0.0625,4.0,2048,0,256,1024,304,761.67,1481.132,776.231,0.0202
mixed,128,8,0.0625,4.0,2048,0,512,2048,608,978.345,2813.302,1001.831,0.0128
mixed,128,8,0.0625,4.0,2048,0,1024,4096,1216,1712.685,5501.964,1750.701,0.01
mixed,128,8,0.0625,4.0,2048,0,2048,8192,2432,3305.243,11022.68,3466.907,0.0209
mixed,128,8,0.0625,4.0,2048,0,4096,16384,4864,6534.739,22065.008,6826.195,0.0188
mixed,128,8,0.0625,4.0,2048,512,128,512,152,759.973,985.416,764.326,0.0193
mixed,128,8,0.0625,4.0,2048,512,256,1024,304,825.157,1516.813,839.206,0.0203
mixed,128,8,0.0625,4.0,2048,512,512,2048,608,1023.848,2818.933,1050.216,0.0147
mixed,128,8,0.0625,4.0,2048,512,1024,4096,1216,1737.486,5495.787,1774.285,0.0098
mixed,128,8,0.0625,4.0,2048,512,2048,8192,2432,3342.332,10995.124,3497.115,0.0202
mixed,128,8,0.0625,4.0,2048,512,4096,16384,4864,6515.186,22074.668,6859.574,0.0221
mixed,128,8,0.0625,4.0,2048,1024,128,512,152,842.406,1047.048,853.254,0.053
mixed,128,8,0.0625,4.0,2048,1024,256,1024,304,903.4,1543.532,920.359,0.0265
mixed,128,8,0.0625,4.0,2048,1024,512,2048,608,1071.817,2841.718,1104.522,0.0185
mixed,128,8,0.0625,4.0,2048,1024,1024,4096,1216,1763.918,5531.817,1795.502,0.0084
mixed,128,8,0.0625,4.0,2048,1024,2048,8192,2432,3347.483,10954.933,3517.948,0.0224
mixed,128,8,0.0625,4.0,2048,1024,4096,16384,4864,6539.444,22036.331,6868.278,0.0212
mixed,128,8,0.0625,4.0,2048,2048,128,512,152,1015.176,1181.386,1016.841,0.01
mixed,128,8,0.0625,4.0,2048,2048,256,1024,304,1072.713,1588.333,1092.009,0.0374
mixed,128,8,0.0625,4.0,2048,2048,512,2048,608,1198.378,2890.87,1224.519,0.0154
mixed,128,8,0.0625,4.0,2048,2048,1024,4096,1216,1794.446,5554.217,1808.813,0.0038
mixed,128,8,0.0625,4.0,2048,2048,2048,8192,2432,3391.963,10962.773,3500.893,0.0144
mixed,128,8,0.0625,4.0,2048,2048,4096,16384,4864,6574.482,22027.211,6951.062,0.0244
mixed,128,8,0.0625,4.0,2048,4096,128,512,152,1325.099,1508.364,1323.05,-0.0112
mixed,128,8,0.0625,4.0,2048,4096,256,1024,304,1395.659,1753.549,1400.523,0.0136
mixed,128,8,0.0625,4.0,2048,4096,512,2048,608,1518.22,2968.437,1560.268,0.029
mixed,128,8,0.0625,4.0,2048,4096,1024,4096,1216,1873.199,5701.45,1880.656,0.0019
mixed,128,8,0.0625,4.0,2048,4096,2048,8192,2432,3500.089,11046.161,3531.836,0.0042
mixed,128,8,0.0625,4.0,2048,4096,4096,16384,4864,6681.683,21848.105,6977.398,0.0195
mixed,128,8,0.0625,4.0,2048,8192,128,512,152,1953.775,2154.672,1953.583,-0.001
mixed,128,8,0.0625,4.0,2048,8192,256,1024,304,2026.287,2398.066,2027.023,0.002
mixed,128,8,0.0625,4.0,2048,8192,512,2048,608,2137.362,3127.641,2189.201,0.0523
mixed,128,8,0.0625,4.0,2048,8192,1024,4096,1216,2508.851,5843.664,2523.571,0.0044
mixed,128,8,0.0625,4.0,2048,8192,2048,8192,2432,3576.601,11169.335,3609.756,0.0044
mixed,128,8,0.0625,4.0,2048,8192,4096,16384,4864,6831.476,21981.318,7017.335,0.0123
pure,128,16,0.125,4.0,0,0,128,512,176,116.482,253.506,154.592,0.2781
pure,128,16,0.125,4.0,0,0,256,1024,352,175.328,420.963,205.218,0.1217
pure,128,16,0.125,4.0,0,0,512,2048,704,320.804,757.028,317.25,-0.0081
pure,128,16,0.125,4.0,0,0,1024,4096,1408,549.35,1420.49,545.827,-0.004
pure,128,16,0.125,4.0,0,0,2048,8192,2816,1005.065,2736.05,1000.871,-0.0024
pure,128,16,0.125,4.0,0,0,4096,16384,5632,1910.571,5385.192,1913.548,0.0009
mixed,128,16,0.125,4.0,16,0,128,512,176,283.233,765.958,299.328,0.0333
mixed,128,16,0.125,4.0,16,0,256,1024,352,515.749,1436.108,515.138,-0.0007
mixed,128,16,0.125,4.0,16,0,512,2048,704,988.328,2787.924,987.622,-0.0004
mixed,128,16,0.125,4.0,16,0,1024,4096,1408,1940.974,5533.928,1947.599,0.0018
mixed,128,16,0.125,4.0,16,0,2048,8192,2816,3807.068,11024.243,3865.438,0.0081
mixed,128,16,0.125,4.0,16,0,4096,16384,5632,7594.197,22021.634,7659.353,0.0045
mixed,128,16,0.125,4.0,16,512,128,512,176,291.139,769.255,307.137,0.0335
mixed,128,16,0.125,4.0,16,512,256,1024,352,521.572,1439.147,521.286,-0.0003
mixed,128,16,0.125,4.0,16,512,512,2048,704,988.424,2779.444,995.367,0.0039
mixed,128,16,0.125,4.0,16,512,1024,4096,1408,1942.542,5509.705,1955.342,0.0036
mixed,128,16,0.125,4.0,16,512,2048,8192,2816,3824.894,11012.979,3865.343,0.0056
mixed,128,16,0.125,4.0,16,512,4096,16384,5632,7576.313,22057.985,7646.744,0.0049
mixed,128,16,0.125,4.0,16,1024,128,512,176,304.58,769.318,319.457,0.032
mixed,128,16,0.125,4.0,16,1024,256,1024,352,530.34,1445.581,525.86,-0.0049
mixed,128,16,0.125,4.0,16,1024,512,2048,704,998.375,2789.301,999.527,0.0006
mixed,128,16,0.125,4.0,16,1024,1024,4096,1408,1946.383,5505.03,1953.741,0.0021
mixed,128,16,0.125,4.0,16,1024,2048,8192,2816,3808.727,11016.594,3853.85,0.0063
mixed,128,16,0.125,4.0,16,1024,4096,16384,5632,7584.024,22063.042,7641.498,0.004
mixed,128,16,0.125,4.0,16,2048,128,512,176,388.099,790.342,403.364,0.0379
mixed,128,16,0.125,4.0,16,2048,256,1024,352,605.253,1453.803,604.996,-0.0003
mixed,128,16,0.125,4.0,16,2048,512,2048,704,1000.456,2795.541,1009.19,0.0049
mixed,128,16,0.125,4.0,16,2048,1024,4096,1408,1957.039,5524.104,1954.222,-0.0008
mixed,128,16,0.125,4.0,16,2048,2048,8192,2816,3805.532,11033.809,3869.052,0.0088
mixed,128,16,0.125,4.0,16,2048,4096,16384,5632,7585.335,22063.807,7641.624,0.0039
mixed,128,16,0.125,4.0,16,4096,128,512,176,555.332,957.288,569.668,0.0357
mixed,128,16,0.125,4.0,16,4096,256,1024,352,770.984,1513.45,769.895,-0.0015
mixed,128,16,0.125,4.0,16,4096,512,2048,704,1158.858,2795.411,1165.544,0.0041
mixed,128,16,0.125,4.0,16,4096,1024,4096,1408,1968.237,5533.606,1975.055,0.0019
mixed,128,16,0.125,4.0,16,4096,2048,8192,2816,3816.795,11028.654,3858.492,0.0058
mixed,128,16,0.125,4.0,16,4096,4096,16384,5632,7586.198,22077.663,7653.463,0.0046
mixed,128,16,0.125,4.0,16,8192,128,512,176,886.919,1290.505,903.303,0.0406
mixed,128,16,0.125,4.0,16,8192,256,1024,352,1101.256,1851.085,1107.912,0.0089
mixed,128,16,0.125,4.0,16,8192,512,2048,704,1505.484,2972.376,1499.084,-0.0044
mixed,128,16,0.125,4.0,16,8192,1024,4096,1408,2271.217,5543.529,2304.274,0.0101
mixed,128,16,0.125,4.0,16,8192,2048,8192,2816,3845.309,11046.861,3911.994,0.0093
mixed,128,16,0.125,4.0,16,8192,4096,16384,5632,7617.526,22060.86,7672.536,0.0038
mixed,128,16,0.125,4.0,32,0,128,512,176,285.73,770.021,301.09,0.0317
mixed,128,16,0.125,4.0,32,0,256,1024,352,517.156,1446.988,516.26,-0.001
mixed,128,16,0.125,4.0,32,0,512,2048,704,985.832,2787.764,992.998,0.004
mixed,128,16,0.125,4.0,32,0,1024,4096,1408,1954.126,5518.567,1948.076,-0.0017
mixed,128,16,0.125,4.0,32,0,2048,8192,2816,3803.577,11022.992,3839.52,0.005
mixed,128,16,0.125,4.0,32,0,4096,16384,5632,7595.125,22052.352,7652.889,0.004
mixed,128,16,0.125,4.0,32,512,128,512,176,289.378,773.894,306.275,0.0349
mixed,128,16,0.125,4.0,32,512,256,1024,352,526.725,1443.307,520.323,-0.007
mixed,128,16,0.125,4.0,32,512,512,2048,704,989.031,2787.219,994.505,0.003
mixed,128,16,0.125,4.0,32,512,1024,4096,1408,1945.678,5518.567,1944.3,-0.0004
mixed,128,16,0.125,4.0,32,512,2048,8192,2816,3806.395,11024.624,3863.546,0.0079
mixed,128,16,0.125,4.0,32,512,4096,16384,5632,7587.256,22036.636,7657.496,0.0049
mixed,128,16,0.125,4.0,32,1024,128,512,176,305.987,770.726,321.476,0.0333
mixed,128,16,0.125,4.0,32,1024,256,1024,352,530.052,1446.954,524.389,-0.0062
mixed,128,16,0.125,4.0,32,1024,512,2048,704,998.536,2785.684,999.174,0.0004
mixed,128,16,0.125,4.0,32,1024,1024,4096,1408,1949.805,5520.265,1963.023,0.0037
mixed,128,16,0.125,4.0,32,1024,2048,8192,2816,3817.596,11031.055,3859.32,0.0058
mixed,128,16,0.125,4.0,32,1024,4096,16384,5632,7595.957,22058.937,7646.583,0.0035
mixed,128,16,0.125,4.0,32,2048,128,512,176,391.906,794.34,405.028,0.0326
mixed,128,16,0.125,4.0,32,2048,256,1024,352,613.54,1447.658,606.628,-0.0083
mixed,128,16,0.125,4.0,32,2048,512,2048,704,1000.776,2792.913,1006.056,0.0029
mixed,128,16,0.125,4.0,32,2048,1024,4096,1408,1953.388,5521.955,1958.604,0.0015
mixed,128,16,0.125,4.0,32,2048,2048,8192,2816,3812.955,11032.556,3885.82,0.0101
mixed,128,16,0.125,4.0,32,2048,4096,16384,5632,7598.45,22077.848,7663.253,0.0045
mixed,128,16,0.125,4.0,32,4096,128,512,176,555.364,959.944,578.372,0.0569
mixed,128,16,0.125,4.0,32,4096,256,1024,352,771.972,1521.738,772.452,0.0006
mixed,128,16,0.125,4.0,32,4096,512,2048,704,1169.576,2809.202,1177.255,0.0047
mixed,128,16,0.125,4.0,32,4096,1024,4096,1408,1969.261,5535.429,1979.437,0.0029
mixed,128,16,0.125,4.0,32,4096,2048,8192,2816,3824.476,11034.798,3870.395,0.0064
mixed,128,16,0.125,4.0,32,4096,4096,16384,5632,7596.311,22056.825,7662.389,0.0046
mixed,128,16,0.125,4.0,32,8192,128,512,176,889.99,1294.953,904.807,0.0366
mixed,128,16,0.125,4.0,32,8192,256,1024,352,1105.799,1853.132,1106.951,0.0015
mixed,128,16,0.125,4.0,32,8192,512,2048,704,1502.281,2979.893,1502.696,0.0003
mixed,128,16,0.125,4.0,32,8192,1024,4096,1408,2279.312,5558.184,2293.68,0.0044
mixed,128,16,0.125,4.0,32,8192,2048,8192,2816,3846.906,11046.603,3906.65,0.0083
mixed,128,16,0.125,4.0,32,8192,4096,16384,5632,7618.836,22073.973,7661.558,0.003
mixed,128,16,0.125,4.0,64,0,128,512,176,290.114,772.294,305.697,0.0323
mixed,128,16,0.125,4.0,64,0,256,1024,352,522.083,1446.218,519.557,-0.0027
mixed,128,16,0.125,4.0,64,0,512,2048,704,993.35,2793.268,1004.454,0.0062
mixed,128,16,0.125,4.0,64,0,1024,4096,1408,1953.583,5523.621,1952.555,-0.0003
mixed,128,16,0.125,4.0,64,0,2048,8192,2816,3821.017,11015.18,3857.691,0.0051
mixed,128,16,0.125,4.0,64,0,4096,16384,5632,7596.973,22070.776,7648.883,0.0036
mixed,128,16,0.125,4.0,64,512,128,512,176,299.297,778.564,308.77,0.0198
mixed,128,16,0.125,4.0,64,512,256,1024,352,531.555,1447.881,527.109,-0.0049
mixed,128,16,0.125,4.0,64,512,512,2048,704,998.952,2794.899,1003.623,0.0026
mixed,128,16,0.125,4.0,64,512,1024,4096,1408,1953.901,5523.43,1947.564,-0.0018
mixed,128,16,0.125,4.0,64,512,2048,8192,2816,3816.826,11019.339,3868.41,0.0072
mixed,128,16,0.125,4.0,64,512,4096,16384,5632,7585.588,22056.275,7647.442,0.0043
mixed,128,16,0.125,4.0,64,1024,128,512,176,314.371,780.133,330.819,0.0353
mixed,128,16,0.125,4.0,64,1024,256,1024,352,534.883,1460.332,529.347,-0.006
mixed,128,16,0.125,4.0,64,1024,512,2048,704,1003.301,2794.834,1002.087,-0.0007
mixed,128,16,0.125,4.0,64,1024,1024,4096,1408,1953.262,5518.245,1965.294,0.0034
mixed,128,16,0.125,4.0,64,1024,2048,8192,2816,3812.091,11023.729,3861.597,0.0069
mixed,128,16,0.125,4.0,64,1024,4096,16384,5632,7590.227,22069.941,7665.082,0.0052
mixed,128,16,0.125,4.0,64,2048,128,512,176,402.277,800.805,412.931,0.0267
mixed,128,16,0.125,4.0,64,2048,256,1024,352,613.67,1453.8,608.163,-0.0066
mixed,128,16,0.125,4.0,64,2048,512,2048,704,1009.799,2808.307,1014.822,0.0028
mixed,128,16,0.125,4.0,64,2048,1024,4096,1408,1961.004,5525.128,1960.972,-0.0
mixed,128,16,0.125,4.0,64,2048,2048,8192,2816,3815.225,11041.448,3884.631,0.0096
mixed,128,16,0.125,4.0,64,2048,4096,16384,5632,7609.748,22051.155,7622.066,0.0009
mixed,128,16,0.125,4.0,64,4096,128,512,176,562.274,971.75,580.739,0.0451
mixed,128,16,0.125,4.0,64,4096,256,1024,352,776.389,1527.722,786.854,0.0139
mixed,128,16,0.125,4.0,64,4096,512,2048,704,1172.967,2819.057,1166.247,-0.0041
mixed,128,16,0.125,4.0,64,4096,1024,4096,1408,1971.407,5543.044,1984.075,0.0035
mixed,128,16,0.125,4.0,64,4096,2048,8192,2816,3827.801,11052.011,3890.17,0.0086
mixed,128,16,0.125,4.0,64,4096,4096,16384,5632,7607.699,22060.722,7669.076,0.0042
mixed,128,16,0.125,4.0,64,8192,128,512,176,897.158,1291.432,909.702,0.0318
mixed,128,16,0.125,4.0,64,8192,256,1024,352,1115.049,1859.949,1112.615,-0.0033
mixed,128,16,0.125,4.0,64,8192,512,2048,704,1511.37,2995.157,1518.985,0.0051
mixed,128,16,0.125,4.0,64,8192,1024,4096,1408,2291.534,5553.06,2315.44,0.0073
mixed,128,16,0.125,4.0,64,8192,2048,8192,2816,3844.376,11049.193,3914.041,0.0097
mixed,128,16,0.125,4.0,64,8192,4096,16384,5632,7633.458,22064.785,7671.955,0.0027
mixed,128,16,0.125,4.0,128,0,128,512,176,293.665,761.348,307.329,0.0292
mixed,128,16,0.125,4.0,128,0,256,1024,352,516.451,1438.793,518.947,0.0027
mixed,128,16,0.125,4.0,128,0,512,2048,704,984.806,2787.538,996.65,0.0066
mixed,128,16,0.125,4.0,128,0,1024,4096,1408,1945.774,5529.089,1955.692,0.0028
mixed,128,16,0.125,4.0,128,0,2048,8192,2816,3819.352,11032.106,3874.108,0.0076
mixed,128,16,0.125,4.0,128,0,4096,16384,5632,7598.609,22060.401,7656.563,0.004
mixed,128,16,0.125,4.0,128,512,128,512,176,298.529,772.007,311.235,0.0268
mixed,128,16,0.125,4.0,128,512,256,1024,352,523.908,1433.898,528.516,0.0051
mixed,128,16,0.125,4.0,128,512,512,2048,704,987.111,2783.537,1009.993,0.0127
mixed,128,16,0.125,4.0,128,512,1024,4096,1408,1946.062,5520.069,1945.388,-0.0002
mixed,128,16,0.125,4.0,128,512,2048,8192,2816,3805.721,11016.744,3849.437,0.0061
mixed,128,16,0.125,4.0,128,512,4096,16384,5632,7592.658,22065.809,7621.586,0.002
mixed,128,16,0.125,4.0,128,1024,128,512,176,314.946,769.574,329.762,0.0326
mixed,128,16,0.125,4.0,128,1024,256,1024,352,528.547,1450.151,531.651,0.0034
mixed,128,16,0.125,4.0,128,1024,512,2048,704,996.422,2780.976,1004.616,0.0046
mixed,128,16,0.125,4.0,128,1024,1024,4096,1408,1944.46,5515.172,1946.573,0.0006
mixed,128,16,0.125,4.0,128,1024,2048,8192,2816,3809.529,11034.225,3855.0,0.0063
mixed,128,16,0.125,4.0,128,1024,4096,16384,5632,7601.584,22073.424,7642.995,0.0029
mixed,128,16,0.125,4.0,128,2048,128,512,176,401.282,779.846,417.379,0.0425
mixed,128,16,0.125,4.0,128,2048,256,1024,352,609.604,1440.586,610.63,0.0012
mixed,128,16,0.125,4.0,128,2048,512,2048,704,999.686,2793.523,1014.28,0.0081
mixed,128,16,0.125,4.0,128,2048,1024,4096,1408,1952.939,5516.58,1955.692,0.0008
mixed,128,16,0.125,4.0,128,2048,2048,8192,2816,3800.826,11033.062,3866.714,0.0091
mixed,128,16,0.125,4.0,128,2048,4096,16384,5632,7568.114,22033.87,7641.073,0.005
mixed,128,16,0.125,4.0,128,4096,128,512,176,563.205,967.429,583.397,0.05
mixed,128,16,0.125,4.0,128,4096,256,1024,352,775.142,1530.538,780.998,0.0078
mixed,128,16,0.125,4.0,128,4096,512,2048,704,1166.376,2786.097,1162.44,-0.0024
mixed,128,16,0.125,4.0,128,4096,1024,4096,1408,1948.012,5521.986,1964.173,0.0045
mixed,128,16,0.125,4.0,128,4096,2048,8192,2816,3803.16,10998.792,3855.003,0.0072
mixed,128,16,0.125,4.0,128,4096,4096,16384,5632,7551.443,22060.273,7643.251,0.0063
mixed,128,16,0.125,4.0,128,8192,128,512,176,900.359,1292.52,910.95,0.027
mixed,128,16,0.125,4.0,128,8192,256,1024,352,1107.047,1842.317,1111.656,0.0063
mixed,128,16,0.125,4.0,128,8192,512,2048,704,1488.233,2950.323,1494.729,0.0044
mixed,128,16,0.125,4.0,128,8192,1024,4096,1408,2262.382,5507.972,2286.704,0.0075
mixed,128,16,0.125,4.0,128,8192,2048,8192,2816,3799.834,11000.072,3884.76,0.0118
mixed,128,16,0.125,4.0,128,8192,4096,16384,5632,7566.736,22004.751,7648.467,0.0057
mixed,128,16,0.125,4.0,256,0,128,512,176,291.81,735.27,307.17,0.0346
mixed,128,16,0.125,4.0,256,0,256,1024,352,509.827,1408.81,513.252,0.0038
mixed,128,16,0.125,4.0,256,0,512,2048,704,970.982,2775.54,989.35,0.0102
mixed,128,16,0.125,4.0,256,0,1024,4096,1408,1924.523,5514.628,1938.925,0.004
mixed,128,16,0.125,4.0,256,0,2048,8192,2816,3803.384,11042.152,3854.52,0.0071
mixed,128,16,0.125,4.0,256,0,4096,16384,5632,7591.376,22044.397,7648.719,0.004
mixed,128,16,0.125,4.0,256,512,128,512,176,299.105,743.461,315.363,0.0366
mixed,128,16,0.125,4.0,256,512,256,1024,352,513.122,1408.137,521.283,0.0091
mixed,128,16,0.125,4.0,256,512,512,2048,704,975.784,2775.696,1002.117,0.0146
mixed,128,16,0.125,4.0,256,512,1024,4096,1408,1909.1,5516.423,1939.853,0.0085
mixed,128,16,0.125,4.0,256,512,2048,8192,2816,3796.279,11025.19,3860.825,0.0089
mixed,128,16,0.125,4.0,256,512,4096,16384,5632,7595.728,22047.818,7631.987,0.0025
mixed,128,16,0.125,4.0,256,1024,128,512,176,323.265,743.461,337.186,0.0331
mixed,128,16,0.125,4.0,256,1024,256,1024,352,521.859,1414.95,526.276,0.0049
mixed,128,16,0.125,4.0,256,1024,512,2048,704,980.967,2750.162,998.856,0.0101
mixed,128,16,0.125,4.0,256,1024,1024,4096,1408,1907.981,5502.405,1952.459,0.0124
mixed,128,16,0.125,4.0,256,1024,2048,8192,2816,3782.073,11033.188,3849.209,0.0093
mixed,128,16,0.125,4.0,256,1024,4096,16384,5632,7580.529,22058.599,7630.834,0.0035
mixed,128,16,0.125,4.0,256,2048,128,512,176,412.612,785.444,425.188,0.0337
mixed,128,16,0.125,4.0,256,2048,256,1024,352,592.099,1414.187,599.108,0.0085
mixed,128,16,0.125,4.0,256,2048,512,2048,704,990.791,2757.072,1007.335,0.0094
mixed,128,16,0.125,4.0,256,2048,1024,4096,1408,1915.18,5471.458,1959.531,0.0125
mixed,128,16,0.125,4.0,256,2048,2048,8192,2816,3761.655,10977.541,3855.544,0.013
mixed,128,16,0.125,4.0,256,2048,4096,16384,5632,7546.262,22032.771,7646.16,0.0069
mixed,128,16,0.125,4.0,256,4096,128,512,176,577.188,950.47,591.396,0.0381
mixed,128,16,0.125,4.0,256,4096,256,1024,352,766.597,1487.785,769.541,0.0041
mixed,128,16,0.125,4.0,256,4096,512,2048,704,1145.798,2751.09,1159.911,0.0088
mixed,128,16,0.125,4.0,256,4096,1024,4096,1408,1927.852,5462.753,1970.316,0.012
mixed,128,16,0.125,4.0,256,4096,2048,8192,2816,3762.525,10937.989,3849.239,0.0121
mixed,128,16,0.125,4.0,256,4096,4096,16384,5632,7490.126,21993.158,7598.575,0.0075
mixed,128,16,0.125,4.0,256,8192,128,512,176,907.622,1294.982,923.781,0.0417
mixed,128,16,0.125,4.0,256,8192,256,1024,352,1096.167,1874.988,1104.585,0.0108
mixed,128,16,0.125,4.0,256,8192,512,2048,704,1502.923,2932.499,1492.681,-0.0072
mixed,128,16,0.125,4.0,256,8192,1024,4096,1408,2326.062,5426.978,2270.671,-0.0179
mixed,128,16,0.125,4.0,256,8192,2048,8192,2816,3771.862,10863.715,3863.48,0.0129
mixed,128,16,0.125,4.0,256,8192,4096,16384,5632,7460.078,21844.775,7609.872,0.0104
mixed,128,16,0.125,4.0,512,0,128,512,176,319.715,733.094,337.603,0.0433
mixed,128,16,0.125,4.0,512,0,256,1024,352,518.179,1401.93,529.154,0.0124
mixed,128,16,0.125,4.0,512,0,512,2048,704,979.526,2771.729,995.016,0.0086
mixed,128,16,0.125,4.0,512,0,1024,4096,1408,1910.892,5517.382,1953.611,0.0118
mixed,128,16,0.125,4.0,512,0,2048,8192,2816,3801.944,11016.068,3835.576,0.0047
mixed,128,16,0.125,4.0,512,0,4096,16384,5632,7579.439,22073.163,7624.305,0.0031
mixed,128,16,0.125,4.0,512,512,128,512,176,333.475,746.819,354.049,0.0498
mixed,128,16,0.125,4.0,512,512,256,1024,352,524.546,1403.881,543.811,0.0219
mixed,128,16,0.125,4.0,512,512,512,2048,704,983.142,2768.498,1009.895,0.015
mixed,128,16,0.125,4.0,512,512,1024,4096,1408,1903.373,5517.987,1965.548,0.0172
mixed,128,16,0.125,4.0,512,512,2048,8192,2816,3784.854,11015.845,3867.733,0.0115
mixed,128,16,0.125,4.0,512,512,4096,16384,5632,7578.189,22065.162,7657.1,0.0054
mixed,128,16,0.125,4.0,512,1024,128,512,176,377.827,753.222,392.643,0.0395
mixed,128,16,0.125,4.0,512,1024,256,1024,352,529.602,1408.842,549.029,0.0221
mixed,128,16,0.125,4.0,512,1024,512,2048,704,988.102,2735.057,1009.031,0.012
mixed,128,16,0.125,4.0,512,1024,1024,4096,1408,1899.307,5495.843,1962.861,0.0177
mixed,128,16,0.125,4.0,512,1024,2048,8192,2816,3764.951,10997.892,3864.376,0.0137
mixed,128,16,0.125,4.0,512,1024,4096,16384,5632,7557.743,22029.962,7623.308,0.0045
mixed,128,16,0.125,4.0,512,2048,128,512,176,472.227,767.268,489.667,0.0591
mixed,128,16,0.125,4.0,512,2048,256,1024,352,592.292,1417.801,610.499,0.0221
mixed,128,16,0.125,4.0,512,2048,512,2048,704,997.766,2733.554,1010.534,0.0074
mixed,128,16,0.125,4.0,512,2048,1024,4096,1408,1915.565,5424.609,1961.099,0.013
mixed,128,16,0.125,4.0,512,2048,2048,8192,2816,3732.215,10976.196,3858.616,0.0174
mixed,128,16,0.125,4.0,512,2048,4096,16384,5632,7505.101,22032.143,7643.824,0.0095
mixed,128,16,0.125,4.0,512,4096,128,512,176,644.355,947.911,664.099,0.065
mixed,128,16,0.125,4.0,512,4096,256,1024,352,767.235,1513.13,790.852,0.0317
mixed,128,16,0.125,4.0,512,4096,512,2048,704,1145.575,2755.634,1153.608,0.005
mixed,128,16,0.125,4.0,512,4096,1024,4096,1408,1947.435,5390.623,1956.94,0.0028
mixed,128,16,0.125,4.0,512,4096,2048,8192,2816,3749.398,10816.195,3870.932,0.0172
mixed,128,16,0.125,4.0,512,4096,4096,16384,5632,7436.59,21932.55,7632.815,0.0135
mixed,128,16,0.125,4.0,512,8192,128,512,176,978.024,1260.872,995.462,0.0617
mixed,128,16,0.125,4.0,512,8192,256,1024,352,1098.887,1813.418,1124.774,0.0362
mixed,128,16,0.125,4.0,512,8192,512,2048,704,1454.312,2950.579,1469.066,0.0099
mixed,128,16,0.125,4.0,512,8192,1024,4096,1408,2246.19,5446.561,2300.174,0.0169
mixed,128,16,0.125,4.0,512,8192,2048,8192,2816,3862.425,10753.088,3854.455,-0.0012
mixed,128,16,0.125,4.0,512,8192,4096,16384,5632,7423.02,21729.186,7677.011,0.0178
mixed,128,16,0.125,4.0,1024,0,128,512,176,420.451,763.043,439.649,0.056
mixed,128,16,0.125,4.0,1024,0,256,1024,352,554.275,1421.898,583.396,0.0336
mixed,128,16,0.125,4.0,1024,0,512,2048,704,1005.51,2765.97,1017.062,0.0066
mixed,128,16,0.125,4.0,1024,0,1024,4096,1408,1916.141,5518.527,1979.885,0.0177
mixed,128,16,0.125,4.0,1024,0,2048,8192,2816,3797.079,11037.155,3872.374,0.0104
mixed,128,16,0.125,4.0,1024,0,4096,16384,5632,7582.766,22076.805,7651.918,0.0048
mixed,128,16,0.125,4.0,1024,512,128,512,176,459.459,776.451,474.339,0.0469
mixed,128,16,0.125,4.0,1024,512,256,1024,352,570.851,1423.049,599.427,0.0335
mixed,128,16,0.125,4.0,1024,512,512,2048,704,1011.876,2759.249,1020.841,0.0051
mixed,128,16,0.125,4.0,1024,512,1024,4096,1408,1923.052,5502.338,1984.494,0.0172
mixed,128,16,0.125,4.0,1024,512,2048,8192,2816,3790.87,11028.291,3882.328,0.0126
mixed,128,16,0.125,4.0,1024,512,4096,16384,5632,7568.273,22066.951,7673.294,0.0072
mixed,128,16,0.125,4.0,1024,1024,128,512,176,520.867,782.406,535.043,0.0542
mixed,128,16,0.125,4.0,1024,1024,256,1024,352,598.788,1440.745,628.421,0.0352
mixed,128,16,0.125,4.0,1024,1024,512,2048,704,1017.126,2773.746,1020.71,0.002
mixed,128,16,0.125,4.0,1024,1024,1024,4096,1408,1939.564,5492.45,1975.308,0.0101
mixed,128,16,0.125,4.0,1024,1024,2048,8192,2816,3768.248,11008.162,3896.054,0.0177
mixed,128,16,0.125,4.0,1024,1024,4096,16384,5632,7553.999,22065.533,7682.705,0.0089
mixed,128,16,0.125,4.0,1024,2048,128,512,176,638.179,830.853,656.837,0.0968
mixed,128,16,0.125,4.0,1024,2048,256,1024,352,714.372,1451.048,744.163,0.0404
mixed,128,16,0.125,4.0,1024,2048,512,2048,704,1032.102,2785.328,1034.664,0.0015
mixed,128,16,0.125,4.0,1024,2048,1024,4096,1408,1954.379,5462.177,1983.629,0.0083
mixed,128,16,0.125,4.0,1024,2048,2048,8192,2816,3770.04,10926.788,3898.2,0.0179
mixed,128,16,0.125,4.0,1024,2048,4096,16384,5632,7462.156,22021.258,7683.631,0.0152
mixed,128,16,0.125,4.0,1024,4096,128,512,176,865.668,1052.456,884.55,0.1011
mixed,128,16,0.125,4.0,1024,4096,256,1024,352,943.557,1495.657,981.095,0.068
mixed,128,16,0.125,4.0,1024,4096,512,2048,704,1182.088,2804.817,1202.726,0.0127
mixed,128,16,0.125,4.0,1024,4096,1024,4096,1408,2008.366,5453.249,1978.38,-0.0087
mixed,128,16,0.125,4.0,1024,4096,2048,8192,2816,3795.737,10819.59,3890.936,0.0136
mixed,128,16,0.125,4.0,1024,4096,4096,16384,5632,7460.718,21837.324,7758.419,0.0207
mixed,128,16,0.125,4.0,1024,8192,128,512,176,1214.375,1514.794,1246.313,0.1063
mixed,128,16,0.125,4.0,1024,8192,256,1024,352,1325.319,1890.444,1381.865,0.1001
mixed,128,16,0.125,4.0,1024,8192,512,2048,704,1613.226,2960.21,1654.825,0.0309
mixed,128,16,0.125,4.0,1024,8192,1024,4096,1408,2261.901,5499.521,2232.462,-0.0091
mixed,128,16,0.125,4.0,1024,8192,2048,8192,2816,3953.911,10792.447,3927.479,-0.0039
mixed,128,16,0.125,4.0,1024,8192,4096,16384,5632,7510.188,21574.753,7686.45,0.0125
mixed,128,16,0.125,4.0,2048,0,128,512,176,676.579,927.237,694.984,0.0734
mixed,128,16,0.125,4.0,2048,0,256,1024,352,770.596,1482.12,806.307,0.0502
mixed,128,16,0.125,4.0,2048,0,512,2048,704,1088.902,2812.141,1113.094,0.014
mixed,128,16,0.125,4.0,2048,0,1024,4096,1408,1976.429,5512.993,1993.676,0.0049
mixed,128,16,0.125,4.0,2048,0,2048,8192,2816,3804.537,11022.563,3918.741,0.0158
mixed,128,16,0.125,4.0,2048,0,4096,16384,5632,7564.143,22063.236,7715.215,0.0104
mixed,128,16,0.125,4.0,2048,512,128,512,176,760.036,986.95,776.676,0.0733
mixed,128,16,0.125,4.0,2048,512,256,1024,352,833.415,1518.025,868.995,0.052
mixed,128,16,0.125,4.0,2048,512,512,2048,704,1130.92,2824.88,1135.334,0.0026
mixed,128,16,0.125,4.0,2048,512,1024,4096,1408,1986.348,5493.666,2005.964,0.0056
mixed,128,16,0.125,4.0,2048,512,2048,8192,2816,3831.063,11002.242,3926.712,0.0133
mixed,128,16,0.125,4.0,2048,512,4096,16384,5632,7536.556,22073.673,7731.438,0.0134
mixed,128,16,0.125,4.0,2048,1024,128,512,176,850.469,1045.573,863.749,0.0681
mixed,128,16,0.125,4.0,2048,1024,256,1024,352,910.118,1547.977,941.156,0.0487
mixed,128,16,0.125,4.0,2048,1024,512,2048,704,1171.174,2847.889,1173.639,0.0015
mixed,128,16,0.125,4.0,2048,1024,1024,4096,1408,2026.956,5533.921,2035.82,0.0025
mixed,128,16,0.125,4.0,2048,1024,2048,8192,2816,3850.808,10956.865,3941.72,0.0128
mixed,128,16,0.125,4.0,2048,1024,4096,16384,5632,7546.895,22041.028,7751.728,0.0141
mixed,128,16,0.125,4.0,2048,2048,128,512,176,1009.542,1186.633,1027.91,0.1037
mixed,128,16,0.125,4.0,2048,2048,256,1024,352,1073.511,1589.0,1108.456,0.0678
mixed,128,16,0.125,4.0,2048,2048,512,2048,704,1266.374,2894.002,1281.417,0.0092
mixed,128,16,0.125,4.0,2048,2048,1024,4096,1408,2057.644,5556.642,2063.276,0.0016
mixed,128,16,0.125,4.0,2048,2048,2048,8192,2816,3913.017,10976.77,3969.847,0.008
mixed,128,16,0.125,4.0,2048,2048,4096,16384,5632,7577.423,22018.595,7797.265,0.0152
mixed,128,16,0.125,4.0,2048,4096,128,512,176,1321.671,1506.28,1336.807,0.082
mixed,128,16,0.125,4.0,2048,4096,256,1024,352,1394.151,1761.93,1424.329,0.0821
mixed,128,16,0.125,4.0,2048,4096,512,2048,704,1577.033,2971.186,1602.218,0.0181
mixed,128,16,0.125,4.0,2048,4096,1024,4096,1408,2103.725,5693.218,2067.948,-0.01
mixed,128,16,0.125,4.0,2048,4096,2048,8192,2816,4011.96,11022.306,4006.233,-0.0008
mixed,128,16,0.125,4.0,2048,4096,4096,16384,5632,7669.391,21781.635,7824.715,0.011
mixed,128,16,0.125,4.0,2048,8192,128,512,176,1945.933,2136.652,1962.638,0.0876
mixed,128,16,0.125,4.0,2048,8192,256,1024,352,2018.635,2390.831,2057.454,0.1043
mixed,128,16,0.125,4.0,2048,8192,512,2048,704,2223.246,3160.116,2236.462,0.0141
mixed,128,16,0.125,4.0,2048,8192,1024,4096,1408,2681.904,5803.366,2714.385,0.0104
mixed,128,16,0.125,4.0,2048,8192,2048,8192,2816,4075.512,11148.418,4014.518,-0.0086
mixed,128,16,0.125,4.0,2048,8192,4096,16384,5632,7861.26,21961.985,8019.695,0.0112
pure,128,32,0.25,4.0,0,0,128,512,224,132.576,252.769,169.887,0.3104
pure,128,32,0.25,4.0,0,0,256,1024,448,204.676,421.667,235.778,0.1433
pure,128,32,0.25,4.0,0,0,512,2048,896,356.193,756.066,378.37,0.0555
pure,128,32,0.25,4.0,0,0,1024,4096,1792,667.748,1421.769,668.388,0.0008
pure,128,32,0.25,4.0,0,0,2048,8192,3584,1250.696,2739.216,1248.486,-0.0015
pure,128,32,0.25,4.0,0,0,4096,16384,7168,2422.287,5387.642,2408.431,-0.0047
mixed,128,32,0.25,4.0,16,0,128,512,224,342.626,763.654,356.672,0.0334
mixed,128,32,0.25,4.0,16,0,256,1024,448,648.196,1435.241,632.035,-0.0205
mixed,128,32,0.25,4.0,16,0,512,2048,896,1269.193,2786.318,1233.481,-0.0235
mixed,128,32,0.25,4.0,16,0,1024,4096,1792,2447.342,5533.344,2383.981,-0.0205
mixed,128,32,0.25,4.0,16,0,2048,8192,3584,4813.755,11014.017,4720.253,-0.0151
mixed,128,32,0.25,4.0,16,0,4096,16384,7168,9660.798,22032.897,9388.278,-0.022
mixed,128,32,0.25,4.0,16,512,128,512,224,352.706,768.963,359.042,0.0152
mixed,128,32,0.25,4.0,16,512,256,1024,448,654.34,1441.318,638.979,-0.0195
mixed,128,32,0.25,4.0,16,512,512,2048,896,1268.23,2780.977,1242.634,-0.0169
mixed,128,32,0.25,4.0,16,512,1024,4096,1792,2449.262,5518.206,2411.727,-0.0122
mixed,128,32,0.25,4.0,16,512,2048,8192,3584,4832.637,11020.288,4753.244,-0.0128
mixed,128,32,0.25,4.0,16,512,4096,16384,7168,9650.613,22072.607,9376.63,-0.0221
mixed,128,32,0.25,4.0,16,1024,128,512,224,374.723,773.863,384.162,0.0236
mixed,128,32,0.25,4.0,16,1024,256,1024,448,657.539,1448.679,644.547,-0.0164
mixed,128,32,0.25,4.0,16,1024,512,2048,896,1284.01,2780.465,1236.423,-0.0318
mixed,128,32,0.25,4.0,16,1024,1024,4096,1792,2437.74,5509.89,2425.739,-0.0039
mixed,128,32,0.25,4.0,16,1024,2048,8192,3584,4818.365,11011.361,4760.509,-0.0093
mixed,128,32,0.25,4.0,16,1024,4096,16384,7168,9644.442,22069.793,9393.75,-0.0202
mixed,128,32,0.25,4.0,16,2048,128,512,224,456.228,796.934,473.188,0.0498
mixed,128,32,0.25,4.0,16,2048,256,1024,448,701.443,1453.864,707.301,0.0078
mixed,128,32,0.25,4.0,16,2048,512,2048,896,1284.39,2800.978,1254.28,-0.0199
mixed,128,32,0.25,4.0,16,2048,1024,4096,1792,2469.839,5527.937,2418.893,-0.0167
mixed,128,32,0.25,4.0,16,2048,2048,8192,3584,4821.755,11027.33,4772.191,-0.008
mixed,128,32,0.25,4.0,16,2048,4096,16384,7168,9648.126,22065.69,9437.911,-0.0169
mixed,128,32,0.25,4.0,16,4096,128,512,224,620.993,957.637,626.404,0.0161
mixed,128,32,0.25,4.0,16,4096,256,1024,448,874.598,1517.032,879.268,0.0073
mixed,128,32,0.25,4.0,16,4096,512,2048,896,1382.184,2791.825,1367.434,-0.0105
mixed,128,32,0.25,4.0,16,4096,1024,4096,1792,2474.991,5535.103,2438.701,-0.0119
mixed,128,32,0.25,4.0,16,4096,2048,8192,3584,4844.444,11036.675,4798.87,-0.0074
mixed,128,32,0.25,4.0,16,4096,4096,16384,7168,9669.719,22079.264,9514.486,-0.0125
mixed,128,32,0.25,4.0,16,8192,128,512,224,947.142,1294.6,958.437,0.0325
mixed,128,32,0.25,4.0,16,8192,256,1024,448,1206.534,1847.371,1211.464,0.0077
mixed,128,32,0.25,4.0,16,8192,512,2048,896,1722.057,2980.594,1703.018,-0.0151
mixed,128,32,0.25,4.0,16,8192,1024,4096,1792,2729.679,5541.027,2705.677,-0.0085
mixed,128,32,0.25,4.0,16,8192,2048,8192,3584,4860.157,11040.513,4838.684,-0.0035
mixed,128,32,0.25,4.0,16,8192,4096,16384,7168,9670.073,22043.809,9592.919,-0.0062
mixed,128,32,0.25,4.0,32,0,128,512,224,346.721,763.496,358.052,0.0272
mixed,128,32,0.25,4.0,32,0,256,1024,448,648.196,1446.985,635.589,-0.0158
mixed,128,32,0.25,4.0,32,0,512,2048,896,1270.76,2785.423,1230.822,-0.0264
mixed,128,32,0.25,4.0,32,0,1024,4096,1792,2452.781,5513.279,2406.06,-0.0153
mixed,128,32,0.25,4.0,32,0,2048,8192,3584,4819.386,11029.533,4703.483,-0.0187
mixed,128,32,0.25,4.0,32,0,4096,16384,7168,9645.498,22064.861,9379.061,-0.0215
mixed,128,32,0.25,4.0,32,512,128,512,224,356.226,775.238,363.107,0.0164
mixed,128,32,0.25,4.0,32,512,256,1024,448,656.485,1440.518,642.435,-0.0179
mixed,128,32,0.25,4.0,32,512,512,2048,896,1273.831,2781.072,1236.678,-0.0246
mixed,128,32,0.25,4.0,32,512,1024,4096,1792,2451.66,5526.113,2395.439,-0.0183
mixed,128,32,0.25,4.0,32,512,2048,8192,3584,4823.485,11022.367,4773.34,-0.0081
mixed,128,32,0.25,4.0,32,512,4096,16384,7168,9644.919,22028.348,9396.406,-0.0201
mixed,128,32,0.25,4.0,32,1024,128,512,224,376.451,771.237,381.761,0.0135
mixed,128,32,0.25,4.0,32,1024,256,1024,448,658.243,1448.68,642.499,-0.0199
mixed,128,32,0.25,4.0,32,1024,512,2048,896,1284.999,2787.567,1237.992,-0.0313
mixed,128,32,0.25,4.0,32,1024,1024,4096,1792,2445.326,5517.342,2415.055,-0.0099
mixed,128,32,0.25,4.0,32,1024,2048,8192,3584,4815.771,11016.864,4737.725,-0.0126
mixed,128,32,0.25,4.0,32,1024,4096,16384,7168,9651.222,22064.35,9393.047,-0.0208
mixed,128,32,0.25,4.0,32,2048,128,512,224,455.588,791.844,473.283,0.0526
mixed,128,32,0.25,4.0,32,2048,256,1024,448,709.059,1447.817,707.812,-0.0017
mixed,128,32,0.25,4.0,32,2048,512,2048,896,1283.367,2798.959,1254.215,-0.0192
mixed,128,32,0.25,4.0,32,2048,1024,4096,1792,2463.79,5533.857,2408.11,-0.0181
mixed,128,32,0.25,4.0,32,2048,2048,8192,3584,4828.349,11034.048,4772.955,-0.0089
mixed,128,32,0.25,4.0,32,2048,4096,16384,7168,9648.217,22076.412,9427.928,-0.0177
mixed,128,32,0.25,4.0,32,4096,128,512,224,616.036,964.356,638.147,0.0635
mixed,128,32,0.25,4.0,32,4096,256,1024,448,871.395,1518.922,880.419,0.0139
mixed,128,32,0.25,4.0,32,4096,512,2048,896,1388.711,2805.232,1381.191,-0.0053
mixed,128,32,0.25,4.0,32,4096,1024,4096,1792,2468.653,5528.16,2435.79,-0.0107
mixed,128,32,0.25,4.0,32,4096,2048,8192,3584,4843.26,11042.877,4792.542,-0.0082
mixed,128,32,0.25,4.0,32,4096,4096,16384,7168,9642.518,22056.061,9530.869,-0.009
mixed,128,32,0.25,4.0,32,8192,128,512,224,950.788,1297.959,963.907,0.0378
mixed,128,32,0.25,4.0,32,8192,256,1024,448,1207.08,1859.499,1214.694,0.0117
mixed,128,32,0.25,4.0,32,8192,512,2048,896,1719.05,2979.41,1707.976,-0.0088
mixed,128,32,0.25,4.0,32,8192,1024,4096,1792,2728.878,5550.755,2711.375,-0.0062
mixed,128,32,0.25,4.0,32,8192,2048,8192,3584,4857.115,11053.855,4841.661,-0.0025
mixed,128,32,0.25,4.0,32,8192,4096,16384,7168,9666.839,22067.007,9563.544,-0.0083
mixed,128,32,0.25,4.0,64,0,128,512,224,351.746,768.679,363.329,0.0278
mixed,128,32,0.25,4.0,64,0,256,1024,448,654.82,1442.952,644.995,-0.0125
mixed,128,32,0.25,4.0,64,0,512,2048,896,1269.959,2797.391,1230.79,-0.0256
mixed,128,32,0.25,4.0,64,0,1024,4096,1792,2458.478,5525.6,2387.92,-0.023
mixed,128,32,0.25,4.0,64,0,2048,8192,3584,4833.148,11024.703,4715.997,-0.0189
mixed,128,32,0.25,4.0,64,0,4096,16384,7168,9659.447,22053.63,9380.47,-0.0225
mixed,128,32,0.25,4.0,64,512,128,512,224,360.93,779.653,365.986,0.0121
mixed,128,32,0.25,4.0,64,512,256,1024,448,660.163,1441.832,646.787,-0.0171
mixed,128,32,0.25,4.0,64,512,512,2048,896,1280.679,2793.856,1241.297,-0.026
mixed,128,32,0.25,4.0,64,512,1024,4096,1792,2461.312,5511.551,2414.085,-0.0155
mixed,128,32,0.25,4.0,64,512,2048,8192,3584,4829.127,11029.534,4720.139,-0.0176
mixed,128,32,0.25,4.0,64,512,4096,16384,7168,9663.057,22068.327,9409.299,-0.0205
mixed,128,32,0.25,4.0,64,1024,128,512,224,381.596,780.118,382.333,0.0018
mixed,128,32,0.25,4.0,64,1024,256,1024,448,662.902,1459.567,649.336,-0.017
mixed,128,32,0.25,4.0,64,1024,512,2048,896,1291.602,2797.634,1249.523,-0.0279
mixed,128,32,0.25,4.0,64,1024,1024,4096,1792,2462.308,5519.554,2399.684,-0.0205
mixed,128,32,0.25,4.0,64,1024,2048,8192,3584,4830.767,11019.527,4757.643,-0.0118
mixed,128,32,0.25,4.0,64,1024,4096,16384,7168,9654.903,22063.404,9418.327,-0.0191
mixed,128,32,0.25,4.0,64,2048,128,512,224,473.5,800.663,480.668,0.0219
mixed,128,32,0.25,4.0,64,2048,256,1024,448,709.977,1457.647,711.13,0.0015
mixed,128,32,0.25,4.0,64,2048,512,2048,896,1291.283,2810.69,1247.219,-0.029
mixed,128,32,0.25,4.0,64,2048,1024,4096,1792,2472.773,5532.295,2431.781,-0.0134
mixed,128,32,0.25,4.0,64,2048,2048,8192,3584,4850.38,11030.154,4763.243,-0.0141
mixed,128,32,0.25,4.0,64,2048,4096,16384,7168,9659.673,22049.558,9460.218,-0.0161
mixed,128,32,0.25,4.0,64,4096,128,512,224,636.41,971.954,640.024,0.0108
mixed,128,32,0.25,4.0,64,4096,256,1024,448,881.398,1532.625,886.165,0.0073
mixed,128,32,0.25,4.0,64,4096,512,2048,896,1383.729,2814.273,1369.714,-0.0098
mixed,128,32,0.25,4.0,64,4096,1024,4096,1792,2480.037,5539.206,2449.319,-0.01
mixed,128,32,0.25,4.0,64,4096,2048,8192,3584,4843.087,11032.142,4800.015,-0.007
mixed,128,32,0.25,4.0,64,4096,4096,16384,7168,9654.556,22072.094,9514.717,-0.0113
mixed,128,32,0.25,4.0,64,8192,128,512,224,961.237,1296.147,965.399,0.0124
mixed,128,32,0.25,4.0,64,8192,256,1024,448,1212.02,1856.685,1218.611,0.0102
mixed,128,32,0.25,4.0,64,8192,512,2048,896,1721.137,2987.971,1720.431,-0.0006
mixed,128,32,0.25,4.0,64,8192,1024,4096,1792,2704.836,5554.088,2722.436,0.0062
mixed,128,32,0.25,4.0,64,8192,2048,8192,3584,4860.463,11053.712,4857.2,-0.0005
mixed,128,32,0.25,4.0,64,8192,4096,16384,7168,9674.719,22055.176,9568.992,-0.0085
mixed,128,32,0.25,4.0,128,0,128,512,224,347.611,759.671,364.99,0.0422
mixed,128,32,0.25,4.0,128,0,256,1024,448,645.914,1441.905,637.369,-0.0107
mixed,128,32,0.25,4.0,128,0,512,2048,896,1264.052,2793.317,1230.869,-0.0217
mixed,128,32,0.25,4.0,128,0,1024,4096,1792,2457.35,5524.972,2432.296,-0.0082
mixed,128,32,0.25,4.0,128,0,2048,8192,3584,4832.561,11028.755,4718.324,-0.0184
mixed,128,32,0.25,4.0,128,0,4096,16384,7168,9659.713,22061.867,9390.824,-0.0217
mixed,128,32,0.25,4.0,128,512,128,512,224,358.94,768.952,366.205,0.0177
mixed,128,32,0.25,4.0,128,512,256,1024,448,656.313,1433.172,648.345,-0.0103
mixed,128,32,0.25,4.0,128,512,512,2048,896,1263.06,2785.703,1241.813,-0.014
mixed,128,32,0.25,4.0,128,512,1024,4096,1792,2452.295,5522.091,2409.322,-0.014
mixed,128,32,0.25,4.0,128,512,2048,8192,3584,4836.979,11031.999,4741.237,-0.0155
mixed,128,32,0.25,4.0,128,512,4096,16384,7168,9654.406,22058.165,9399.499,-0.0206
mixed,128,32,0.25,4.0,128,1024,128,512,224,378.812,768.696,387.228,0.0216
mixed,128,32,0.25,4.0,128,1024,256,1024,448,654.458,1445.106,651.45,-0.0038
mixed,128,32,0.25,4.0,128,1024,512,2048,896,1276.503,2784.806,1240.855,-0.0236
mixed,128,32,0.25,4.0,128,1024,1024,4096,1792,2442.122,5527.726,2415.466,-0.0086
mixed,128,32,0.25,4.0,128,1024,2048,8192,3584,4828.338,11026.814,4752.791,-0.0122
mixed,128,32,0.25,4.0,128,1024,4096,16384,7168,9646.697,22081.884,9401.548,-0.0197
mixed,128,32,0.25,4.0,128,2048,128,512,224,465.052,784.507,475.421,0.0325
mixed,128,32,0.25,4.0,128,2048,256,1024,448,708.73,1441.49,718.01,0.0127
mixed,128,32,0.25,4.0,128,2048,512,2048,896,1270.549,2795.303,1239.381,-0.0204
mixed,128,32,0.25,4.0,128,2048,1024,4096,1792,2459.85,5503.378,2425.931,-0.0111
mixed,128,32,0.25,4.0,128,2048,2048,8192,3584,4827.031,11045.695,4782.231,-0.0072
mixed,128,32,0.25,4.0,128,2048,4096,16384,7168,9645.806,22070.98,9450.158,-0.0157
mixed,128,32,0.25,4.0,128,4096,128,512,224,624.506,968.503,640.411,0.0462
mixed,128,32,0.25,4.0,128,4096,256,1024,448,878.937,1514.452,898.392,0.0306
mixed,128,32,0.25,4.0,128,4096,512,2048,896,1367.157,2784.584,1370.708,0.0025
mixed,128,32,0.25,4.0,128,4096,1024,4096,1792,2457.674,5514.48,2451.246,-0.0021
mixed,128,32,0.25,4.0,128,4096,2048,8192,3584,4831.799,11004.454,4791.128,-0.0066
mixed,128,32,0.25,4.0,128,4096,4096,16384,7168,9631.761,22057.026,9528.85,-0.0083
mixed,128,32,0.25,4.0,128,8192,128,512,224,961.049,1296.757,964.567,0.0105
mixed,128,32,0.25,4.0,128,8192,256,1024,448,1204.79,1844.753,1230.487,0.0402
mixed,128,32,0.25,4.0,128,8192,512,2048,896,1705.266,2944.872,1765.556,0.0486
mixed,128,32,0.25,4.0,128,8192,1024,4096,1792,2671.018,5507.061,2733.064,0.0219
mixed,128,32,0.25,4.0,128,8192,2048,8192,3584,4816.92,10996.104,4832.538,0.0025
mixed,128,32,0.25,4.0,128,8192,4096,16384,7168,9612.467,21996.688,9551.058,-0.005
mixed,128,32,0.25,4.0,256,0,128,512,224,343.837,732.027,365.661,0.0562
mixed,128,32,0.25,4.0,256,0,256,1024,448,635.707,1408.341,637.275,0.002
mixed,128,32,0.25,4.0,256,0,512,2048,896,1240.854,2771.722,1232.918,-0.0052
mixed,128,32,0.25,4.0,256,0,1024,4096,1792,2444.079,5519.055,2400.588,-0.0141
mixed,128,32,0.25,4.0,256,0,2048,8192,3584,4837.433,11040.012,4757.563,-0.0129
mixed,128,32,0.25,4.0,256,0,4096,16384,7168,9645.62,22053.051,9390.649,-0.0205
mixed,128,32,0.25,4.0,256,512,128,512,224,349.182,743.546,372.86,0.06
mixed,128,32,0.25,4.0,256,512,256,1024,448,642.812,1407.413,644.476,0.0022
mixed,128,32,0.25,4.0,256,512,512,2048,896,1242.103,2771.243,1231.353,-0.007
mixed,128,32,0.25,4.0,256,512,1024,4096,1792,2435.31,5515.958,2411.438,-0.0077
mixed,128,32,0.25,4.0,256,512,2048,8192,3584,4824.314,11028.783,4728.475,-0.0154
mixed,128,32,0.25,4.0,256,512,4096,16384,7168,9640.342,22030.683,9397.497,-0.0196
mixed,128,32,0.25,4.0,256,1024,128,512,224,368.477,744.284,389.565,0.0561
mixed,128,32,0.25,4.0,256,1024,256,1024,448,645.82,1416.983,658.01,0.0158
mixed,128,32,0.25,4.0,256,1024,512,2048,896,1248.92,2759.437,1243.031,-0.0039
mixed,128,32,0.25,4.0,256,1024,1024,4096,1792,2409.712,5490.329,2401.774,-0.0026
mixed,128,32,0.25,4.0,256,1024,2048,8192,3584,4812.125,11018.159,4754.75,-0.0092
mixed,128,32,0.25,4.0,256,1024,4096,16384,7168,9648.476,22068.514,9401.18,-0.0199
mixed,128,32,0.25,4.0,256,2048,128,512,224,454.301,783.356,475.134,0.0633
mixed,128,32,0.25,4.0,256,2048,256,1024,448,696.124,1411.284,718.491,0.0313
mixed,128,32,0.25,4.0,256,2048,512,2048,896,1250.647,2760.778,1240.76,-0.0065
mixed,128,32,0.25,4.0,256,2048,1024,4096,1792,2419.087,5468.157,2419.534,0.0001
mixed,128,32,0.25,4.0,256,2048,2048,8192,3584,4778.592,10995.253,4773.889,-0.0008
mixed,128,32,0.25,4.0,256,2048,4096,16384,7168,9600.382,22039.147,9450.274,-0.0121
mixed,128,32,0.25,4.0,256,4096,128,512,224,613.948,950.841,640.667,0.0793
mixed,128,32,0.25,4.0,256,4096,256,1024,448,873.434,1456.023,888.665,0.0261
mixed,128,32,0.25,4.0,256,4096,512,2048,896,1374.392,2748.077,1395.352,0.0153
mixed,128,32,0.25,4.0,256,4096,1024,4096,1792,2415.215,5456.539,2434.321,0.0063
mixed,128,32,0.25,4.0,256,4096,2048,8192,3584,4788.415,10942.904,4777.601,-0.0018
mixed,128,32,0.25,4.0,256,4096,4096,16384,7168,9546.562,21978.192,9478.274,-0.0055
mixed,128,32,0.25,4.0,256,8192,128,512,224,951.002,1295.414,979.355,0.0823
mixed,128,32,0.25,4.0,256,8192,256,1024,448,1199.992,1877.109,1222.841,0.0337
mixed,128,32,0.25,4.0,256,8192,512,2048,896,1727.476,2983.82,1714.965,-0.01
mixed,128,32,0.25,4.0,256,8192,1024,4096,1792,2773.807,5430.142,2708.271,-0.0247
mixed,128,32,0.25,4.0,256,8192,2048,8192,3584,4772.93,10864.025,4804.353,0.0052
mixed,128,32,0.25,4.0,256,8192,4096,16384,7168,9530.435,21867.382,9465.796,-0.0052
mixed,128,32,0.25,4.0,512,0,128,512,224,353.439,733.468,396.863,0.1143
mixed,128,32,0.25,4.0,512,0,256,1024,448,643.325,1403.191,658.362,0.0198
mixed,128,32,0.25,4.0,512,0,512,2048,896,1233.112,2768.046,1233.912,0.0005
mixed,128,32,0.25,4.0,512,0,1024,4096,1792,2435.633,5533.63,2415.282,-0.0066
mixed,128,32,0.25,4.0,512,0,2048,8192,3584,4833.059,11298.97,4728.803,-0.0161
mixed,128,32,0.25,4.0,512,0,4096,16384,7168,9661.636,22060.823,9437.607,-0.0181
mixed,128,32,0.25,4.0,512,512,128,512,224,360.126,748.059,409.405,0.127
mixed,128,32,0.25,4.0,512,512,256,1024,448,652.573,1405.463,666.651,0.0187
mixed,128,32,0.25,4.0,512,512,512,2048,896,1235.738,2767.088,1247.128,0.0074
mixed,128,32,0.25,4.0,512,512,1024,4096,1792,2415.569,5516.508,2420.945,0.0017
mixed,128,32,0.25,4.0,512,512,2048,8192,3584,4812.834,11007.901,4739.397,-0.0119
mixed,128,32,0.25,4.0,512,512,4096,16384,7168,9644.52,22043.68,9417.962,-0.0183
mixed,128,32,0.25,4.0,512,1024,128,512,224,394.588,751.42,436.318,0.1169
mixed,128,32,0.25,4.0,512,1024,256,1024,448,657.403,1409.721,665.181,0.0103
mixed,128,32,0.25,4.0,512,1024,512,2048,896,1245.848,2747.856,1246.554,0.0005
mixed,128,32,0.25,4.0,512,1024,1024,4096,1792,2415.569,5501.283,2415.249,-0.0001
mixed,128,32,0.25,4.0,512,1024,2048,8192,3584,4800.486,10999.679,4757.956,-0.0069
mixed,128,32,0.25,4.0,512,1024,4096,16384,7168,9636.363,22037.067,9449.864,-0.015
mixed,128,32,0.25,4.0,512,2048,128,512,224,486.814,768.571,535.901,0.1742
mixed,128,32,0.25,4.0,512,2048,256,1024,448,691.516,1416.312,711.291,0.0273
mixed,128,32,0.25,4.0,512,2048,512,2048,896,1259.29,2737.361,1253.817,-0.0037
mixed,128,32,0.25,4.0,512,2048,1024,4096,1792,2397.715,5434.242,2423.636,0.0085
mixed,128,32,0.25,4.0,512,2048,2048,8192,3584,4751.398,10968.454,4794.662,0.007
mixed,128,32,0.25,4.0,512,2048,4096,16384,7168,9567.021,22017.992,9482.543,-0.0068
mixed,128,32,0.25,4.0,512,4096,128,512,224,659.228,945.212,710.46,0.1791
mixed,128,32,0.25,4.0,512,4096,256,1024,448,860.413,1511.864,891.611,0.0479
mixed,128,32,0.25,4.0,512,4096,512,2048,896,1351.418,2759.951,1347.77,-0.0026
mixed,128,32,0.25,4.0,512,4096,1024,4096,1792,2425.203,5412.641,2429.268,0.0014
mixed,128,32,0.25,4.0,512,4096,2048,8192,3584,4738.054,10865.961,4776.968,0.0064
mixed,128,32,0.25,4.0,512,4096,4096,16384,7168,9482.416,21917.934,9430.063,-0.0042
mixed,128,32,0.25,4.0,512,8192,128,512,224,993.883,1260.6,1044.506,0.1898
mixed,128,32,0.25,4.0,512,8192,256,1024,448,1188.313,1814.39,1224.504,0.0578
mixed,128,32,0.25,4.0,512,8192,512,2048,896,1673.943,2949.968,1684.31,0.0081
mixed,128,32,0.25,4.0,512,8192,1024,4096,1792,2616.438,5446.502,2648.883,0.0115
mixed,128,32,0.25,4.0,512,8192,2048,8192,3584,4774.084,10777.482,4840.424,0.0111
mixed,128,32,0.25,4.0,512,8192,4096,16384,7168,9427.825,21714.774,9483.73,0.0045
mixed,128,32,0.25,4.0,1024,0,128,512,224,428.285,763.228,482.654,0.1623
mixed,128,32,0.25,4.0,1024,0,256,1024,448,673.82,1419.096,708.636,0.0467
mixed,128,32,0.25,4.0,1024,0,512,2048,896,1256.953,2766.516,1255.959,-0.0007
mixed,128,32,0.25,4.0,1024,0,1024,4096,1792,2419.411,5509.604,2434.419,0.0049
mixed,128,32,0.25,4.0,1024,0,2048,8192,3584,4820.232,11035.884,4761.29,-0.0095
mixed,128,32,0.25,4.0,1024,0,4096,16384,7168,9658.864,22092.151,9426.836,-0.0187
mixed,128,32,0.25,4.0,1024,512,128,512,224,464.125,775.997,510.782,0.1496
mixed,128,32,0.25,4.0,1024,512,256,1024,448,682.204,1426.554,715.26,0.0444
mixed,128,32,0.25,4.0,1024,512,512,2048,896,1263.386,2758.289,1264.282,0.0006
mixed,128,32,0.25,4.0,1024,512,1024,4096,1792,2434.453,5503.752,2450.548,0.0052
mixed,128,32,0.25,4.0,1024,512,2048,8192,3584,4810.665,11017.872,4787.305,-0.0038
mixed,128,32,0.25,4.0,1024,512,4096,16384,7168,9657.236,22061.565,9464.244,-0.0156
mixed,128,32,0.25,4.0,1024,1024,128,512,224,525.248,781.53,569.757,0.1737
mixed,128,32,0.25,4.0,1024,1024,256,1024,448,690.237,1438.043,733.469,0.0578
mixed,128,32,0.25,4.0,1024,1024,512,2048,896,1271.835,2775.507,1267.897,-0.0026
mixed,128,32,0.25,4.0,1024,1024,1024,4096,1792,2423.447,5475.109,2451.031,0.009
mixed,128,32,0.25,4.0,1024,1024,2048,8192,3584,4786.731,11009.646,4796.908,0.0016
mixed,128,32,0.25,4.0,1024,1024,4096,16384,7168,9629.718,22052.735,9503.223,-0.0102
mixed,128,32,0.25,4.0,1024,2048,128,512,224,644.893,829.501,685.407,0.2195
mixed,128,32,0.25,4.0,1024,2048,256,1024,448,770.364,1454.009,827.773,0.084
mixed,128,32,0.25,4.0,1024,2048,512,2048,896,1282.809,2778.741,1274.427,-0.0056
mixed,128,32,0.25,4.0,1024,2048,1024,4096,1792,2442.005,5456.715,2475.801,0.0112
mixed,128,32,0.25,4.0,1024,2048,2048,8192,3584,4789.838,10940.534,4814.382,0.004
mixed,128,32,0.25,4.0,1024,2048,4096,16384,7168,9548.504,22028.454,9500.629,-0.0038
mixed,128,32,0.25,4.0,1024,4096,128,512,224,871.997,1055.004,913.562,0.2271
mixed,128,32,0.25,4.0,1024,4096,256,1024,448,996.958,1502.907,1050.782,0.1064
mixed,128,32,0.25,4.0,1024,4096,512,2048,896,1347.707,2802.42,1374.266,0.0183
mixed,128,32,0.25,4.0,1024,4096,1024,4096,1792,2497.237,5458.473,2504.087,0.0023
mixed,128,32,0.25,4.0,1024,4096,2048,8192,3584,4788.844,10847.413,4865.485,0.0127
mixed,128,32,0.25,4.0,1024,4096,4096,16384,7168,9484.282,21821.642,9516.347,0.0026
mixed,128,32,0.25,4.0,1024,8192,128,512,224,1220.57,1515.995,1285.338,0.2192
mixed,128,32,0.25,4.0,1024,8192,256,1024,448,1421.563,1884.953,1476.219,0.1179
mixed,128,32,0.25,4.0,1024,8192,512,2048,896,1782.49,2983.254,1798.553,0.0134
mixed,128,32,0.25,4.0,1024,8192,1024,4096,1792,2678.485,5516.684,2683.159,0.0016
mixed,128,32,0.25,4.0,1024,8192,2048,8192,3584,4850.354,10813.591,4886.606,0.0061
mixed,128,32,0.25,4.0,1024,8192,4096,16384,7168,9449.338,21578.929,9641.725,0.0159
mixed,128,32,0.25,4.0,2048,0,128,512,224,679.965,928.286,723.934,0.1771
mixed,128,32,0.25,4.0,2048,0,256,1024,448,851.582,1480.828,886.813,0.056
mixed,128,32,0.25,4.0,2048,0,512,2048,896,1329.626,2803.828,1356.378,0.0181
mixed,128,32,0.25,4.0,2048,0,1024,4096,1792,2469.558,5509.005,2480.951,0.0037
mixed,128,32,0.25,4.0,2048,0,2048,8192,3584,4828.112,11021.747,4838.032,0.0016
mixed,128,32,0.25,4.0,2048,0,4096,16384,7168,9649.474,22079.249,9519.838,-0.0104
mixed,128,32,0.25,4.0,2048,512,128,512,224,762.493,989.148,798.493,0.1588
mixed,128,32,0.25,4.0,2048,512,256,1024,448,913.213,1518.714,936.828,0.039
mixed,128,32,0.25,4.0,2048,512,512,2048,896,1365.147,2814.391,1375.965,0.0075
mixed,128,32,0.25,4.0,2048,512,1024,4096,1792,2482.359,5501.835,2504.598,0.0074
mixed,128,32,0.25,4.0,2048,512,2048,8192,3584,4834.864,11002.969,4859.792,0.004
mixed,128,32,0.25,4.0,2048,512,4096,16384,7168,9611.647,22069.908,9527.872,-0.0067
mixed,128,32,0.25,4.0,2048,1024,128,512,224,851.422,1045.502,882.909,0.1622
mixed,128,32,0.25,4.0,2048,1024,256,1024,448,972.509,1544.313,995.549,0.0403
mixed,128,32,0.25,4.0,2048,1024,512,2048,896,1389.051,2845.079,1381.116,-0.0054
mixed,128,32,0.25,4.0,2048,1024,1024,4096,1792,2509.4,5534.926,2534.455,0.0083
mixed,128,32,0.25,4.0,2048,1024,2048,8192,3584,4852.112,10954.076,4901.267,0.0081
mixed,128,32,0.25,4.0,2048,1024,4096,16384,7168,9593.029,22035.002,9558.308,-0.0028
mixed,128,32,0.25,4.0,2048,2048,128,512,224,1010.429,1181.116,1049.725,0.2302
mixed,128,32,0.25,4.0,2048,2048,256,1024,448,1134.619,1587.674,1159.549,0.055
mixed,128,32,0.25,4.0,2048,2048,512,2048,896,1456.924,2897.432,1437.82,-0.0133
mixed,128,32,0.25,4.0,2048,2048,1024,4096,1792,2561.239,5556.655,2529.368,-0.0106
mixed,128,32,0.25,4.0,2048,2048,2048,8192,3584,4892.562,10970.975,4970.542,0.0128
mixed,128,32,0.25,4.0,2048,2048,4096,16384,7168,9609.058,22033.852,9652.964,0.0035
mixed,128,32,0.25,4.0,2048,4096,128,512,224,1329.499,1516.346,1371.229,0.2233
mixed,128,32,0.25,4.0,2048,4096,256,1024,448,1453.629,1753.531,1484.923,0.1043
mixed,128,32,0.25,4.0,2048,4096,512,2048,896,1693.274,2973.495,1718.652,0.0198
mixed,128,32,0.25,4.0,2048,4096,1024,4096,1792,2616.152,5670.448,2566.328,-0.0163
mixed,128,32,0.25,4.0,2048,4096,2048,8192,3584,4982.448,11066.175,5009.649,0.0045
mixed,128,32,0.25,4.0,2048,4096,4096,16384,7168,9675.397,21874.49,9869.219,0.0159
mixed,128,32,0.25,4.0,2048,8192,128,512,224,1953.338,2134.587,1982.521,0.161
mixed,128,32,0.25,4.0,2048,8192,256,1024,448,2078.843,2414.713,2111.545,0.0974
mixed,128,32,0.25,4.0,2048,8192,512,2048,896,2332.954,3164.823,2341.497,0.0103
mixed,128,32,0.25,4.0,2048,8192,1024,4096,1792,2923.895,5822.51,3026.198,0.0353
mixed,128,32,0.25,4.0,2048,8192,2048,8192,3584,5138.868,11132.0,5029.684,-0.0182
mixed,128,32,0.25,4.0,2048,8192,4096,16384,7168,9802.084,21995.231,10036.996,0.0193
pure,128,64,0.5,4.0,0,0,128,512,320,163.646,251.773,198.751,0.3983
pure,128,64,0.5,4.0,0,0,256,1024,640,298.56,422.112,296.159,-0.0194
pure,128,64,0.5,4.0,0,0,512,2048,1280,507.519,755.004,502.593,-0.0199
pure,128,64,0.5,4.0,0,0,1024,4096,2560,926.685,1421.279,913.277,-0.0271
pure,128,64,0.5,4.0,0,0,2048,8192,5120,1759.771,2731.705,1739.643,-0.0207
pure,128,64,0.5,4.0,0,0,4096,16384,10240,3420.407,5386.61,3396.953,-0.0119
mixed,128,64,0.5,4.0,16,0,128,512,320,477.856,765.47,485.405,0.0262
mixed,128,64,0.5,4.0,16,0,256,1024,640,936.797,1432.058,889.664,-0.0952
mixed,128,64,0.5,4.0,16,0,512,2048,1280,1773.852,2784.28,1711.422,-0.0618
mixed,128,64,0.5,4.0,16,0,1024,4096,2560,3455.159,5530.194,3378.264,-0.0371
mixed,128,64,0.5,4.0,16,0,2048,8192,5120,6896.846,11019.554,6694.865,-0.049
mixed,128,64,0.5,4.0,16,0,4096,16384,10240,13778.749,22034.645,13351.774,-0.0517
mixed,128,64,0.5,4.0,16,512,128,512,320,484.479,771.486,483.582,-0.0031
mixed,128,64,0.5,4.0,16,512,256,1024,640,940.925,1445.563,891.325,-0.0983
mixed,128,64,0.5,4.0,16,512,512,2048,1280,1778.715,2785.946,1717.019,-0.0613
mixed,128,64,0.5,4.0,16,512,1024,4096,2560,3475.928,5522.645,3391.027,-0.0415
mixed,128,64,0.5,4.0,16,512,2048,8192,5120,6909.616,11016.645,6711.056,-0.0483
mixed,128,64,0.5,4.0,16,512,4096,16384,10240,13785.023,22081.647,13347.65,-0.0527
mixed,128,64,0.5,4.0,16,1024,128,512,320,488.928,772.221,498.402,0.0334
mixed,128,64,0.5,4.0,16,1024,256,1024,640,942.077,1447.197,895.199,-0.0928
mixed,128,64,0.5,4.0,16,1024,512,2048,1280,1766.075,2783.066,1736.285,-0.0293
mixed,128,64,0.5,4.0,16,1024,1024,4096,2560,3473.911,5508.015,3397.594,-0.0375
mixed,128,64,0.5,4.0,16,1024,2048,8192,5120,6908.751,11015.721,6709.744,-0.0485
mixed,128,64,0.5,4.0,16,1024,4096,16384,10240,13782.563,22059.633,13375.044,-0.0492
mixed,128,64,0.5,4.0,16,2048,128,512,320,565.822,796.253,582.815,0.0737
mixed,128,64,0.5,4.0,16,2048,256,1024,640,946.717,1454.269,934.782,-0.0235
mixed,128,64,0.5,4.0,16,2048,512,2048,1280,1776.411,2800.122,1738.652,-0.0369
mixed,128,64,0.5,4.0,16,2048,1024,4096,2560,3467.29,5528.851,3401.975,-0.0317
mixed,128,64,0.5,4.0,16,2048,2048,8192,5120,6898.993,11034.313,6715.835,-0.0443
mixed,128,64,0.5,4.0,16,2048,4096,16384,10240,13792.195,22065.773,13354.856,-0.0529
mixed,128,64,0.5,4.0,16,4096,128,512,320,714.526,962.463,750.432,0.1448
mixed,128,64,0.5,4.0,16,4096,256,1024,640,1103.358,1513.853,1111.327,0.0194
mixed,128,64,0.5,4.0,16,4096,512,2048,1280,1795.357,2801.402,1860.123,0.0644
mixed,128,64,0.5,4.0,16,4096,1024,4096,2560,3486.198,5547.159,3417.435,-0.0334
mixed,128,64,0.5,4.0,16,4096,2048,8192,5120,6909.874,11039.912,6738.898,-0.0414
mixed,128,64,0.5,4.0,16,4096,4096,16384,10240,13788.262,22082.009,13376.615,-0.0496
mixed,128,64,0.5,4.0,16,8192,128,512,320,1061.279,1290.717,1087.709,0.1152
mixed,128,64,0.5,4.0,16,8192,256,1024,640,1432.188,1857.82,1449.437,0.0405
mixed,128,64,0.5,4.0,16,8192,512,2048,1280,2140.956,2974.074,2201.917,0.0732
mixed,128,64,0.5,4.0,16,8192,1024,4096,2560,3572.829,5543.64,3728.539,0.079
mixed,128,64,0.5,4.0,16,8192,2048,8192,5120,6920.852,11047.342,6771.477,-0.0362
mixed,128,64,0.5,4.0,16,8192,4096,16384,10240,13789.095,22051.193,13396.04,-0.0476
mixed,128,64,0.5,4.0,32,0,128,512,320,478.56,762.206,484.255,0.0201
mixed,128,64,0.5,4.0,32,0,256,1024,640,935.712,1440.35,889.758,-0.0911
mixed,128,64,0.5,4.0,32,0,512,2048,1280,1781.725,2786.874,1709.021,-0.0723
mixed,128,64,0.5,4.0,32,0,1024,4096,2560,3461.692,5512.183,3378.042,-0.0408
mixed,128,64,0.5,4.0,32,0,2048,8192,5120,6893.971,11022.389,6699.861,-0.047
mixed,128,64,0.5,4.0,32,0,4096,16384,10240,13808.326,22052.922,13365.96,-0.0537
mixed,128,64,0.5,4.0,32,512,128,512,320,486.783,773.886,487.039,0.0009
mixed,128,64,0.5,4.0,32,512,256,1024,640,943.934,1443.004,890.718,-0.1066
mixed,128,64,0.5,4.0,32,512,512,2048,1280,1783.197,2782.942,1717.597,-0.0656
mixed,128,64,0.5,4.0,32,512,1024,4096,2560,3466.618,5517.527,3382.969,-0.0408
mixed,128,64,0.5,4.0,32,512,2048,8192,5120,6904.98,11026.796,6707.51,-0.0479
mixed,128,64,0.5,4.0,32,512,4096,16384,10240,13778.246,22033.214,13370.508,-0.0494
mixed,128,64,0.5,4.0,32,1024,128,512,320,488.544,770.334,496.991,0.03
mixed,128,64,0.5,4.0,32,1024,256,1024,640,944.542,1450.589,893.983,-0.0999
mixed,128,64,0.5,4.0,32,1024,512,2048,1280,1768.926,2788.508,1727.837,-0.0403
mixed,128,64,0.5,4.0,32,1024,1024,4096,2560,3471.291,5518.586,3392.061,-0.0387
mixed,128,64,0.5,4.0,32,1024,2048,8192,5120,6912.374,11023.09,6716.375,-0.0477
mixed,128,64,0.5,4.0,32,1024,4096,16384,10240,13781.291,22049.376,13369.007,-0.0499
mixed,128,64,0.5,4.0,32,2048,128,512,320,567.614,793.535,582.464,0.0657
mixed,128,64,0.5,4.0,32,2048,256,1024,640,948.03,1449.278,939.55,-0.0169
mixed,128,64,0.5,4.0,32,2048,512,2048,1280,1778.72,2796.252,1736.061,-0.0419
mixed,128,64,0.5,4.0,32,2048,1024,4096,2560,3464.254,5528.024,3404.092,-0.0292
mixed,128,64,0.5,4.0,32,2048,2048,8192,5120,6909.271,11021.462,6716.625,-0.0468
mixed,128,64,0.5,4.0,32,2048,4096,16384,10240,13807.269,22077.958,13384.85,-0.0511
mixed,128,64,0.5,4.0,32,4096,128,512,320,725.664,963.486,754.047,0.1193
mixed,128,64,0.5,4.0,32,4096,256,1024,640,1104.479,1520.798,1116.032,0.0278
mixed,128,64,0.5,4.0,32,4096,512,2048,1280,1807.07,2799.964,1869.278,0.0627
mixed,128,64,0.5,4.0,32,4096,1024,4096,2560,3477.726,5535.033,3415.9,-0.0301
mixed,128,64,0.5,4.0,32,4096,2048,8192,5120,6905.176,11042.834,6748.21,-0.0379
mixed,128,64,0.5,4.0,32,4096,4096,16384,10240,13804.306,22057.035,13380.112,-0.0514
mixed,128,64,0.5,4.0,32,8192,128,512,320,1067.935,1293.054,1083.87,0.0708
mixed,128,64,0.5,4.0,32,8192,256,1024,640,1432.926,1858.43,1449.47,0.0389
mixed,128,64,0.5,4.0,32,8192,512,2048,1280,2141.214,2980.48,2199.262,0.0692
mixed,128,64,0.5,4.0,32,8192,1024,4096,2560,3573.98,5553.946,3721.788,0.0747
mixed,128,64,0.5,4.0,32,8192,2048,8192,5120,6927.962,11043.605,6777.976,-0.0364
mixed,128,64,0.5,4.0,32,8192,4096,16384,10240,13785.84,22077.728,13410.709,-0.0452
mixed,128,64,0.5,4.0,64,0,128,512,320,486.273,769.473,487.872,0.0056
mixed,128,64,0.5,4.0,64,0,256,1024,640,936.509,1443.006,893.182,-0.0855
mixed,128,64,0.5,4.0,64,0,512,2048,1280,1780.062,2802.462,1735.136,-0.0439
mixed,128,64,0.5,4.0,64,0,1024,4096,2560,3474.909,5525.594,3380.7,-0.0459
mixed,128,64,0.5,4.0,64,0,2048,8192,5120,6905.401,11308.085,6705.626,-0.0454
mixed,128,64,0.5,4.0,64,0,4096,16384,10240,13795.025,22058.987,13367.028,-0.0518
mixed,128,64,0.5,4.0,64,512,128,512,320,489.696,778.911,488.096,-0.0055
mixed,128,64,0.5,4.0,64,512,256,1024,640,942.111,1448.287,894.366,-0.0943
mixed,128,64,0.5,4.0,64,512,512,2048,1280,1786.651,2800.127,1726.655,-0.0592
mixed,128,64,0.5,4.0,64,512,1024,4096,2560,3482.973,5523.798,3394.237,-0.0435
mixed,128,64,0.5,4.0,64,512,2048,8192,5120,6911.352,11015.701,6705.178,-0.0502
mixed,128,64,0.5,4.0,64,512,4096,16384,10240,13812.436,22058.378,13355.254,-0.0554
mixed,128,64,0.5,4.0,64,1024,128,512,320,495.263,778.688,504.447,0.0324
mixed,128,64,0.5,4.0,64,1024,256,1024,640,947.774,1460.735,900.001,-0.0931
mixed,128,64,0.5,4.0,64,1024,512,2048,1280,1781.214,2803.037,1735.678,-0.0446
mixed,128,64,0.5,4.0,64,1024,1024,4096,2560,3476.156,5522.361,3395.388,-0.0395
mixed,128,64,0.5,4.0,64,1024,2048,8192,5120,6903.613,11032.152,6708.186,-0.0473
mixed,128,64,0.5,4.0,64,1024,4096,16384,10240,13791.382,22075.152,13364.083,-0.0516
mixed,128,64,0.5,4.0,64,2048,128,512,320,561.12,798.431,594.463,0.1405
mixed,128,64,0.5,4.0,64,2048,256,1024,640,947.007,1462.975,950.622,0.007
mixed,128,64,0.5,4.0,64,2048,512,2048,1280,1789.536,2812.766,1746.368,-0.0422
mixed,128,64,0.5,4.0,64,2048,1024,4096,2560,3478.173,5522.459,3413.022,-0.0319
mixed,128,64,0.5,4.0,64,2048,2048,8192,5120,6909.373,11031.478,6733.786,-0.0426
mixed,128,64,0.5,4.0,64,2048,4096,16384,10240,13800.786,22069.208,13355.478,-0.0539
mixed,128,64,0.5,4.0,64,4096,128,512,320,720.929,970.591,758.688,0.1512
mixed,128,64,0.5,4.0,64,4096,256,1024,640,1108.448,1532.798,1121.088,0.0298
mixed,128,64,0.5,4.0,64,4096,512,2048,1280,1801.246,2814.814,1860.768,0.0587
mixed,128,64,0.5,4.0,64,4096,1024,4096,2560,3496.734,5542.461,3416.351,-0.0393
mixed,128,64,0.5,4.0,64,4096,2048,8192,5120,6921.271,11051.033,6745.023,-0.0427
mixed,128,64,0.5,4.0,64,4096,4096,16384,10240,13787.192,22058.805,13371.254,-0.0503
mixed,128,64,0.5,4.0,64,8192,128,512,320,1073.858,1300.287,1087.23,0.0591
mixed,128,64,0.5,4.0,64,8192,256,1024,640,1440.128,1862.592,1454.014,0.0329
mixed,128,64,0.5,4.0,64,8192,512,2048,1280,2147.582,2985.375,2219.58,0.0859
mixed,128,64,0.5,4.0,64,8192,1024,4096,2560,3549.693,5547.482,3690.333,0.0704
mixed,128,64,0.5,4.0,64,8192,2048,8192,5120,6948.67,11059.034,6778.685,-0.0414
mixed,128,64,0.5,4.0,64,8192,4096,16384,10240,13802.554,22073.271,13404.025,-0.0482
mixed,128,64,0.5,4.0,128,0,128,512,320,474.335,757.855,494.048,0.0695
mixed,128,64,0.5,4.0,128,0,256,1024,640,930.337,1437.662,891.584,-0.0764
mixed,128,64,0.5,4.0,128,0,512,2048,1280,1779.233,2793.152,1716.831,-0.0615
mixed,128,64,0.5,4.0,128,0,1024,4096,2560,3475.933,5533.469,3377.762,-0.0477
mixed,128,64,0.5,4.0,128,0,2048,8192,5120,6902.108,11017.854,6706.427,-0.0475
mixed,128,64,0.5,4.0,128,0,4096,16384,10240,13806.069,22058.102,13369.084,-0.053
mixed,128,64,0.5,4.0,128,512,128,512,320,485.601,768.416,492.32,0.0238
mixed,128,64,0.5,4.0,128,512,256,1024,640,939.455,1434.56,900.864,-0.0779
mixed,128,64,0.5,4.0,128,512,512,2048,1280,1771.743,2790.558,1728.16,-0.0428
mixed,128,64,0.5,4.0,128,512,1024,4096,2560,3470.493,5514.783,3387.838,-0.0404
mixed,128,64,0.5,4.0,128,512,2048,8192,5120,6920.605,11030.779,6705.18,-0.0524
mixed,128,64,0.5,4.0,128,512,4096,16384,10240,13804.224,22075.512,13380.186,-0.0513
mixed,128,64,0.5,4.0,128,1024,128,512,320,490.593,767.36,503.872,0.048
mixed,128,64,0.5,4.0,128,1024,256,1024,640,936.383,1447.711,905.375,-0.0606
mixed,128,64,0.5,4.0,128,1024,512,2048,1280,1765.216,2775.808,1730.271,-0.0346
mixed,128,64,0.5,4.0,128,1024,1024,4096,2560,3464.318,5509.628,3394.015,-0.0344
mixed,128,64,0.5,4.0,128,1024,2048,8192,5120,6898.4,11017.568,6717.693,-0.0439
mixed,128,64,0.5,4.0,128,1024,4096,16384,10240,13785.597,22053.756,13366.718,-0.0507
mixed,128,64,0.5,4.0,128,2048,128,512,320,575.359,772.448,590.751,0.0781
mixed,128,64,0.5,4.0,128,2048,256,1024,640,939.232,1437.95,948.096,0.0178
mixed,128,64,0.5,4.0,128,2048,512,2048,1280,1777.057,2792.606,1739.041,-0.0374
mixed,128,64,0.5,4.0,128,2048,1024,4096,2560,3456.799,5516.225,3389.79,-0.0325
mixed,128,64,0.5,4.0,128,2048,2048,8192,5120,6895.519,11036.318,6714.27,-0.0438
mixed,128,64,0.5,4.0,128,2048,4096,16384,10240,13776.445,22067.29,13360.607,-0.0502
mixed,128,64,0.5,4.0,128,4096,128,512,320,744.289,965.151,757.856,0.0614
mixed,128,64,0.5,4.0,128,4096,256,1024,640,1094.689,1514.143,1124.896,0.072
mixed,128,64,0.5,4.0,128,4096,512,2048,1280,1783.713,2787.679,1854.72,0.0707
mixed,128,64,0.5,4.0,128,4096,1024,4096,2560,3461.375,5518.651,3414.398,-0.0228
mixed,128,64,0.5,4.0,128,4096,2048,8192,5120,6890.528,10987.103,6740.637,-0.0366
mixed,128,64,0.5,4.0,128,4096,4096,16384,10240,13764.443,22051.104,13375.514,-0.0469
mixed,128,64,0.5,4.0,128,8192,128,512,320,1066.178,1292.223,1092.222,0.1152
mixed,128,64,0.5,4.0,128,8192,256,1024,640,1433.279,1846.626,1449.12,0.0383
mixed,128,64,0.5,4.0,128,8192,512,2048,1280,2123.648,2963.712,2223.328,0.1187
mixed,128,64,0.5,4.0,128,8192,1024,4096,2560,3489.44,5503.263,3670.879,0.0901
mixed,128,64,0.5,4.0,128,8192,2048,8192,5120,6862.464,10990.56,6773.473,-0.0216
mixed,128,64,0.5,4.0,128,8192,4096,16384,10240,13753.282,22005.313,13389.319,-0.0441
mixed,128,64,0.5,4.0,256,0,128,512,320,471.295,732.736,492.32,0.0804
mixed,128,64,0.5,4.0,256,0,256,1024,640,894.272,1407.616,892.224,-0.004
mixed,128,64,0.5,4.0,256,0,512,2048,1280,1754.4,2776.928,1711.648,-0.0418
mixed,128,64,0.5,4.0,256,0,1024,4096,2560,3463.424,5520.831,3380.0,-0.0405
mixed,128,64,0.5,4.0,256,0,2048,8192,5120,6892.319,11008.322,6697.953,-0.0472
mixed,128,64,0.5,4.0,256,0,4096,16384,10240,13797.567,22043.904,13358.308,-0.0533
mixed,128,64,0.5,4.0,256,512,128,512,320,478.913,744.702,499.169,0.0762
mixed,128,64,0.5,4.0,256,512,256,1024,640,908.512,1407.49,895.777,-0.0255
mixed,128,64,0.5,4.0,256,512,512,2048,1280,1733.696,2778.017,1718.656,-0.0144
mixed,128,64,0.5,4.0,256,512,1024,4096,2560,3453.538,5512.034,3386.528,-0.0326
mixed,128,64,0.5,4.0,256,512,2048,8192,5120,6891.682,11040.416,6696.96,-0.0469
mixed,128,64,0.5,4.0,256,512,4096,16384,10240,13781.798,22027.427,13364.835,-0.0506
mixed,128,64,0.5,4.0,256,1024,128,512,320,479.969,743.457,507.455,0.1043
mixed,128,64,0.5,4.0,256,1024,256,1024,640,911.008,1416.671,898.656,-0.0244
mixed,128,64,0.5,4.0,256,1024,512,2048,1280,1743.84,2756.772,1725.088,-0.0185
mixed,128,64,0.5,4.0,256,1024,1024,4096,2560,3444.0,5506.976,3389.761,-0.0263
mixed,128,64,0.5,4.0,256,1024,2048,8192,5120,6883.555,11018.947,6696.066,-0.0453
mixed,128,64,0.5,4.0,256,1024,4096,16384,10240,13776.899,22057.03,13343.94,-0.0523
mixed,128,64,0.5,4.0,256,2048,128,512,320,566.848,783.201,592.449,0.1183
mixed,128,64,0.5,4.0,256,2048,256,1024,640,920.32,1416.192,924.256,0.0079
mixed,128,64,0.5,4.0,256,2048,512,2048,1280,1748.511,2760.096,1731.072,-0.0172
mixed,128,64,0.5,4.0,256,2048,1024,4096,2560,3418.529,5467.522,3400.546,-0.0088
mixed,128,64,0.5,4.0,256,2048,2048,8192,5120,6849.762,10988.195,6719.171,-0.0316
mixed,128,64,0.5,4.0,256,2048,4096,16384,10240,13748.515,22031.816,13333.35,-0.0501
mixed,128,64,0.5,4.0,256,4096,128,512,320,725.377,954.337,760.29,0.1525
mixed,128,64,0.5,4.0,256,4096,256,1024,640,1106.336,1444.352,1086.976,-0.0573
mixed,128,64,0.5,4.0,256,4096,512,2048,1280,1772.897,2750.338,1841.44,0.0701
mixed,128,64,0.5,4.0,256,4096,1024,4096,2560,3415.01,5454.371,3411.361,-0.0018
mixed,128,64,0.5,4.0,256,4096,2048,8192,5120,6808.739,10923.555,6735.652,-0.0178
mixed,128,64,0.5,4.0,256,4096,4096,16384,10240,13697.152,21953.705,13342.238,-0.043
mixed,128,64,0.5,4.0,256,8192,128,512,320,1065.183,1293.251,1095.745,0.134
mixed,128,64,0.5,4.0,256,8192,256,1024,640,1437.41,1884.128,1437.728,0.0007
mixed,128,64,0.5,4.0,256,8192,512,2048,1280,2173.345,2943.939,2176.225,0.0037
mixed,128,64,0.5,4.0,256,8192,1024,4096,2560,3478.948,5424.836,3630.178,0.0777
mixed,128,64,0.5,4.0,256,8192,2048,8192,5120,6776.355,10875.331,6761.089,-0.0037
mixed,128,64,0.5,4.0,256,8192,4096,16384,10240,13574.719,21865.353,13370.342,-0.0247
mixed,128,64,0.5,4.0,512,0,128,512,320,482.432,735.04,519.584,0.1471
mixed,128,64,0.5,4.0,512,0,256,1024,640,896.895,1400.896,899.137,0.0044
mixed,128,64,0.5,4.0,512,0,512,2048,1280,1737.026,2767.456,1715.041,-0.0213
mixed,128,64,0.5,4.0,512,0,1024,4096,2560,3459.362,5523.55,3376.64,-0.0401
mixed,128,64,0.5,4.0,512,0,2048,8192,5120,6907.172,11028.032,6714.627,-0.0467
mixed,128,64,0.5,4.0,512,0,4096,16384,10240,13791.686,22064.426,13370.663,-0.0509
mixed,128,64,0.5,4.0,512,512,128,512,320,488.544,746.56,524.769,0.1404
mixed,128,64,0.5,4.0,512,512,256,1024,640,909.92,1399.616,903.552,-0.013
mixed,128,64,0.5,4.0,512,512,512,2048,1280,1731.873,2761.378,1718.05,-0.0134
mixed,128,64,0.5,4.0,512,512,1024,4096,2560,3447.04,5515.137,3384.037,-0.0305
mixed,128,64,0.5,4.0,512,512,2048,8192,5120,6902.44,11025.407,6713.724,-0.0458
mixed,128,64,0.5,4.0,512,512,4096,16384,10240,13791.176,22055.948,13361.063,-0.052
mixed,128,64,0.5,4.0,512,1024,128,512,320,491.873,753.279,543.873,0.1989
mixed,128,64,0.5,4.0,512,1024,256,1024,640,916.993,1407.584,910.304,-0.0136
mixed,128,64,0.5,4.0,512,1024,512,2048,1280,1733.73,2740.286,1723.555,-0.0101
mixed,128,64,0.5,4.0,512,1024,1024,4096,2560,3422.945,5496.226,3392.706,-0.0146
mixed,128,64,0.5,4.0,512,1024,2048,8192,5120,6880.323,11020.553,6714.34,-0.0401
mixed,128,64,0.5,4.0,512,1024,4096,16384,10240,13767.817,22041.516,13365.288,-0.0487
mixed,128,64,0.5,4.0,512,2048,128,512,320,563.52,769.441,618.752,0.2682
mixed,128,64,0.5,4.0,512,2048,256,1024,640,929.089,1418.144,935.008,0.0121
mixed,128,64,0.5,4.0,512,2048,512,2048,1280,1752.995,2729.637,1737.569,-0.0158
mixed,128,64,0.5,4.0,512,2048,1024,4096,2560,3393.539,5431.555,3392.803,-0.0004
mixed,128,64,0.5,4.0,512,2048,2048,8192,5120,6818.406,10974.605,6735.524,-0.0199
mixed,128,64,0.5,4.0,512,2048,4096,16384,10240,13722.697,22018.927,13355.08,-0.0443
mixed,128,64,0.5,4.0,512,4096,128,512,320,741.793,945.28,802.56,0.2986
mixed,128,64,0.5,4.0,512,4096,256,1024,640,1081.794,1508.576,1108.287,0.0621
mixed,128,64,0.5,4.0,512,4096,512,2048,1280,1799.137,2757.955,1833.793,0.0361
mixed,128,64,0.5,4.0,512,4096,1024,4096,2560,3424.387,5406.882,3406.371,-0.0091
mixed,128,64,0.5,4.0,512,4096,2048,8192,5120,6732.715,10886.409,6749.12,0.0039
mixed,128,64,0.5,4.0,512,4096,4096,16384,10240,13615.753,21934.481,13409.443,-0.0248
mixed,128,64,0.5,4.0,512,8192,128,512,320,1075.776,1259.904,1131.969,0.3052
mixed,128,64,0.5,4.0,512,8192,256,1024,640,1384.896,1815.168,1431.65,0.1087
mixed,128,64,0.5,4.0,512,8192,512,2048,1280,2117.089,2949.283,2142.497,0.0305
mixed,128,64,0.5,4.0,512,8192,1024,4096,2560,3526.403,5451.141,3567.394,0.0213
mixed,128,64,0.5,4.0,512,8192,2048,8192,5120,6791.013,10748.425,6768.901,-0.0056
mixed,128,64,0.5,4.0,512,8192,4096,16384,10240,13399.278,21725.775,13457.644,0.007
mixed,128,64,0.5,4.0,1024,0,128,512,320,526.24,763.298,575.872,0.2094
mixed,128,64,0.5,4.0,1024,0,256,1024,640,927.456,1419.071,948.96,0.0437
mixed,128,64,0.5,4.0,1024,0,512,2048,1280,1751.617,2765.25,1742.114,-0.0094
mixed,128,64,0.5,4.0,1024,0,1024,4096,2560,3460.227,5512.45,3402.082,-0.0283
mixed,128,64,0.5,4.0,1024,0,2048,8192,5120,6909.765,11048.68,6730.532,-0.0433
mixed,128,64,0.5,4.0,1024,0,4096,16384,10240,13814.189,22080.222,13379.051,-0.0526
mixed,128,64,0.5,4.0,1024,512,128,512,320,549.633,775.713,591.52,0.1853
mixed,128,64,0.5,4.0,1024,512,256,1024,640,937.537,1424.674,952.927,0.0316
mixed,128,64,0.5,4.0,1024,512,512,2048,1280,1760.992,2758.787,1748.481,-0.0125
mixed,128,64,0.5,4.0,1024,512,1024,4096,2560,3439.011,5508.519,3416.643,-0.0108
mixed,128,64,0.5,4.0,1024,512,2048,8192,5120,6899.878,11032.106,6743.172,-0.0379
mixed,128,64,0.5,4.0,1024,512,4096,16384,10240,13799.47,22066.039,13385.394,-0.0501
mixed,128,64,0.5,4.0,1024,1024,128,512,320,584.897,781.441,632.287,0.2411
mixed,128,64,0.5,4.0,1024,1024,256,1024,640,941.089,1439.328,963.2,0.0444
mixed,128,64,0.5,4.0,1024,1024,512,2048,1280,1764.194,2773.25,1754.944,-0.0092
mixed,128,64,0.5,4.0,1024,1024,1024,4096,2560,3432.323,5486.24,3410.914,-0.0104
mixed,128,64,0.5,4.0,1024,1024,2048,8192,5120,6868.103,11015.82,6748.711,-0.0288
mixed,128,64,0.5,4.0,1024,1024,4096,16384,10240,13759.821,22055.124,13407.342,-0.0425
mixed,128,64,0.5,4.0,1024,2048,128,512,320,703.425,832.512,740.001,0.2833
mixed,128,64,0.5,4.0,1024,2048,256,1024,640,958.37,1453.155,1010.464,0.1053
mixed,128,64,0.5,4.0,1024,2048,512,2048,1280,1789.41,2776.484,1761.86,-0.0279
mixed,128,64,0.5,4.0,1024,2048,1024,4096,2560,3441.475,5452.518,3428.036,-0.0067
mixed,128,64,0.5,4.0,1024,2048,2048,8192,5120,6775.944,10940.268,6772.679,-0.0008
mixed,128,64,0.5,4.0,1024,2048,4096,16384,10240,13725.484,22000.95,13416.365,-0.0374
mixed,128,64,0.5,4.0,1024,4096,128,512,320,941.154,1060.355,973.89,0.2746
mixed,128,64,0.5,4.0,1024,4096,256,1024,640,1143.971,1502.083,1188.736,0.125
mixed,128,64,0.5,4.0,1024,4096,512,2048,1280,1835.234,2796.352,1815.778,-0.0202
mixed,128,64,0.5,4.0,1024,4096,1024,4096,2560,3489.253,5448.966,3437.825,-0.0262
mixed,128,64,0.5,4.0,1024,4096,2048,8192,5120,6790.247,10858.091,6748.136,-0.0104
mixed,128,64,0.5,4.0,1024,4096,4096,16384,10240,13512.719,21888.598,13465.097,-0.0057
mixed,128,64,0.5,4.0,1024,8192,128,512,320,1315.746,1513.571,1365.153,0.2498
mixed,128,64,0.5,4.0,1024,8192,256,1024,640,1590.499,1880.194,1636.003,0.1571
mixed,128,64,0.5,4.0,1024,8192,512,2048,1280,2115.744,2968.161,2171.299,0.0652
mixed,128,64,0.5,4.0,1024,8192,1024,4096,2560,3614.66,5527.527,3569.541,-0.0236
mixed,128,64,0.5,4.0,1024,8192,2048,8192,5120,6853.639,10795.43,6812.108,-0.0105
mixed,128,64,0.5,4.0,1024,8192,4096,16384,10240,13494.352,21623.096,13446.831,-0.0058
mixed,128,64,0.5,4.0,2048,0,128,512,320,762.175,928.609,778.944,0.1008
mixed,128,64,0.5,4.0,2048,0,256,1024,640,1037.826,1484.035,1058.433,0.0462
mixed,128,64,0.5,4.0,2048,0,512,2048,1280,1801.376,2820.389,1843.587,0.0414
mixed,128,64,0.5,4.0,2048,0,1024,4096,2560,3483.269,5515.655,3451.587,-0.0156
mixed,128,64,0.5,4.0,2048,0,2048,8192,5120,6867.944,11028.619,6778.727,-0.0214
mixed,128,64,0.5,4.0,2048,0,4096,16384,10240,13780.719,22074.395,13437.932,-0.0413
mixed,128,64,0.5,4.0,2048,512,128,512,320,826.37,986.882,842.401,0.0999
mixed,128,64,0.5,4.0,2048,512,256,1024,640,1088.289,1519.201,1074.56,-0.0319
mixed,128,64,0.5,4.0,2048,512,512,2048,1280,1830.914,2815.462,1858.176,0.0277
mixed,128,64,0.5,4.0,2048,512,1024,4096,2560,3496.259,5496.614,3482.054,-0.0071
mixed,128,64,0.5,4.0,2048,512,2048,8192,5120,6856.968,11009.997,6804.456,-0.0126
mixed,128,64,0.5,4.0,2048,512,4096,16384,10240,13763.922,22063.77,13454.77,-0.0372
mixed,128,64,0.5,4.0,2048,1024,128,512,320,908.642,1046.337,931.264,0.1643
mixed,128,64,0.5,4.0,2048,1024,256,1024,640,1140.642,1545.025,1114.21,-0.0654
mixed,128,64,0.5,4.0,2048,1024,512,2048,1280,1855.555,2842.05,1869.89,0.0145
mixed,128,64,0.5,4.0,2048,1024,1024,4096,2560,3521.157,5533.382,3500.516,-0.0103
mixed,128,64,0.5,4.0,2048,1024,2048,8192,5120,6869.896,10963.085,6808.617,-0.015
mixed,128,64,0.5,4.0,2048,1024,4096,16384,10240,13775.343,22029.182,13469.103,-0.0371
mixed,128,64,0.5,4.0,2048,2048,128,512,320,1076.321,1180.833,1092.128,0.1512
mixed,128,64,0.5,4.0,2048,2048,256,1024,640,1248.449,1585.57,1251.682,0.0096
mixed,128,64,0.5,4.0,2048,2048,512,2048,1280,1895.204,2896.068,1884.482,-0.0107
mixed,128,64,0.5,4.0,2048,2048,1024,4096,2560,3568.452,5551.533,3515.493,-0.0267
mixed,128,64,0.5,4.0,2048,2048,2048,8192,5120,6905.031,10963.759,6836.298,-0.0169
mixed,128,64,0.5,4.0,2048,2048,4096,16384,10240,13711.22,22029.055,13530.514,-0.0217
mixed,128,64,0.5,4.0,2048,4096,128,512,320,1389.761,1506.019,1407.299,0.1509
mixed,128,64,0.5,4.0,2048,4096,256,1024,640,1572.931,1761.698,1571.393,-0.0081
mixed,128,64,0.5,4.0,2048,4096,512,2048,1280,1951.203,2978.052,1983.043,0.031
mixed,128,64,0.5,4.0,2048,4096,1024,4096,2560,3675.204,5682.279,3604.293,-0.0353
mixed,128,64,0.5,4.0,2048,4096,2048,8192,5120,7031.56,11041.838,6947.243,-0.021
mixed,128,64,0.5,4.0,2048,4096,4096,16384,10240,13762.964,21841.501,13578.769,-0.0228
mixed,128,64,0.5,4.0,2048,8192,128,512,320,2018.051,2141.667,2046.178,0.2275
mixed,128,64,0.5,4.0,2048,8192,256,1024,640,2204.323,2434.05,2190.724,-0.0592
mixed,128,64,0.5,4.0,2048,8192,512,2048,1280,2554.018,3156.194,2624.804,0.1176
mixed,128,64,0.5,4.0,2048,8192,1024,4096,2560,3733.509,5817.575,3764.004,0.0146
mixed,128,64,0.5,4.0,2048,8192,2048,8192,5120,7220.555,11174.35,7206.251,-0.0036
mixed,128,64,0.5,4.0,2048,8192,4096,16384,10240,13913.332,21947.903,13848.881,-0.008
pure,128,96,0.75,4.0,0,0,128,512,416,196.576,253.058,225.215,0.507
pure,128,96,0.75,4.0,0,0,256,1024,832,327.232,421.379,356.895,0.3151
pure,128,96,0.75,4.0,0,0,512,2048,1664,630.593,756.002,624.545,-0.0482
pure,128,96,0.75,4.0,0,0,1024,4096,3328,1170.178,1419.619,1159.49,-0.0428
pure,128,96,0.75,4.0,0,0,2048,8192,6656,2260.228,2729.956,2233.091,-0.0578
pure,128,96,0.75,4.0,0,0,4096,16384,13312,4391.464,5382.184,4390.054,-0.0014
mixed,128,96,0.75,4.0,16,0,128,512,416,615.777,764.321,616.225,0.003
mixed,128,96,0.75,4.0,16,0,256,1024,832,1161.729,1433.57,1156.866,-0.0179
mixed,128,96,0.75,4.0,16,0,512,2048,1664,2286.884,2785.7,2232.45,-0.1091
mixed,128,96,0.75,4.0,16,0,1024,4096,3328,4487.366,5530.471,4410.278,-0.0739
mixed,128,96,0.75,4.0,16,0,2048,8192,6656,8971.405,11019.694,8763.501,-0.1015
mixed,128,96,0.75,4.0,16,0,4096,16384,13312,17922.364,22035.488,17460.526,-0.1123
mixed,128,96,0.75,4.0,16,512,128,512,416,622.274,773.472,623.36,0.0072
mixed,128,96,0.75,4.0,16,512,256,1024,832,1158.912,1442.626,1156.77,-0.0075
mixed,128,96,0.75,4.0,16,512,512,2048,1664,2277.668,2787.651,2250.659,-0.053
mixed,128,96,0.75,4.0,16,512,1024,4096,3328,4497.415,5515.46,4427.527,-0.0686
mixed,128,96,0.75,4.0,16,512,2048,8192,6656,8964.658,11017.266,8769.325,-0.0952
mixed,128,96,0.75,4.0,16,512,4096,16384,13312,17926.583,22058.402,17414.967,-0.1238
mixed,128,96,0.75,4.0,16,1024,128,512,416,624.769,774.21,626.753,0.0133
mixed,128,96,0.75,4.0,16,1024,256,1024,832,1165.793,1446.05,1170.37,0.0163
mixed,128,96,0.75,4.0,16,1024,512,2048,1664,2282.755,2783.717,2251.522,-0.0623
mixed,128,96,0.75,4.0,16,1024,1024,4096,3328,4498.919,5514.025,4430.051,-0.0678
mixed,128,96,0.75,4.0,16,1024,2048,8192,6656,8956.555,11025.839,8784.716,-0.083
mixed,128,96,0.75,4.0,16,1024,4096,16384,13312,17928.315,22070.933,17414.806,-0.124
mixed,128,96,0.75,4.0,16,2048,128,512,416,668.802,796.033,695.201,0.2075
mixed,128,96,0.75,4.0,16,2048,256,1024,832,1174.626,1450.944,1174.947,0.0012
mixed,128,96,0.75,4.0,16,2048,512,2048,1664,2293.062,2797.092,2264.003,-0.0577
mixed,128,96,0.75,4.0,16,2048,1024,4096,3328,4490.793,5518.312,4427.686,-0.0614
mixed,128,96,0.75,4.0,16,2048,2048,8192,6656,8954.475,11025.587,8817.71,-0.066
mixed,128,96,0.75,4.0,16,2048,4096,16384,13312,17937.858,22074.595,17477.05,-0.1114
mixed,128,96,0.75,4.0,16,4096,128,512,416,840.003,957.986,863.808,0.2018
mixed,128,96,0.75,4.0,16,4096,256,1024,832,1298.242,1520.963,1330.88,0.1465
mixed,128,96,0.75,4.0,16,4096,512,2048,1664,2311.332,2800.069,2281.859,-0.0603
mixed,128,96,0.75,4.0,16,4096,1024,4096,3328,4500.967,5541.096,4445.158,-0.0537
mixed,128,96,0.75,4.0,16,4096,2048,8192,6656,8960.332,11038.64,8849.069,-0.0535
mixed,128,96,0.75,4.0,16,4096,4096,16384,13312,17927.07,22076.418,17552.929,-0.0902
mixed,128,96,0.75,4.0,16,8192,128,512,416,1172.611,1293.347,1192.067,0.1611
mixed,128,96,0.75,4.0,16,8192,256,1024,832,1648.707,1858.019,1657.891,0.0439
mixed,128,96,0.75,4.0,16,8192,512,2048,1664,2565.955,2975.139,2610.629,0.1092
mixed,128,96,0.75,4.0,16,8192,1024,4096,3328,4528.23,5543.175,4493.539,-0.0342
mixed,128,96,0.75,4.0,16,8192,2048,8192,6656,8991.405,11050.289,8869.803,-0.0591
mixed,128,96,0.75,4.0,16,8192,4096,16384,13312,17930.718,22037.475,17613.784,-0.0772
mixed,128,96,0.75,4.0,32,0,128,512,416,613.345,764.706,615.392,0.0135
mixed,128,96,0.75,4.0,32,0,256,1024,832,1153.795,1440.77,1149.602,-0.0146
mixed,128,96,0.75,4.0,32,0,512,2048,1664,2273.859,2784.039,2243.745,-0.059
mixed,128,96,0.75,4.0,32,0,1024,4096,3328,4492.038,5513.13,4417.288,-0.0732
mixed,128,96,0.75,4.0,32,0,2048,8192,6656,8961.775,11022.161,8748.687,-0.1034
mixed,128,96,0.75,4.0,32,0,4096,16384,13312,17939.228,22080.835,17447.133,-0.1188
mixed,128,96,0.75,4.0,32,512,128,512,416,622.114,775.489,622.175,0.0004
mixed,128,96,0.75,4.0,32,512,256,1024,832,1157.475,1441.953,1153.988,-0.0123
mixed,128,96,0.75,4.0,32,512,512,2048,1664,2283.043,2781.223,2239.651,-0.0871
mixed,128,96,0.75,4.0,32,512,1024,4096,3328,4487.18,5518.217,4418.855,-0.0663
mixed,128,96,0.75,4.0,32,512,2048,8192,6656,8960.524,11013.907,8783.342,-0.0863
mixed,128,96,0.75,4.0,32,512,4096,16384,13312,17914.661,22029.486,17420.7,-0.12
mixed,128,96,0.75,4.0,32,1024,128,512,416,627.49,770.785,624.002,-0.0243
mixed,128,96,0.75,4.0,32,1024,256,1024,832,1167.138,1446.945,1165.408,-0.0062
mixed,128,96,0.75,4.0,32,1024,512,2048,1664,2283.394,2788.133,2253.955,-0.0583
mixed,128,96,0.75,4.0,32,1024,1024,4096,3328,4493.48,5516.045,4430.727,-0.0614
mixed,128,96,0.75,4.0,32,1024,2048,8192,6656,8958.446,11021.938,8784.527,-0.0843
mixed,128,96,0.75,4.0,32,1024,4096,16384,13312,17933.083,22047.525,17445.31,-0.1186
mixed,128,96,0.75,4.0,32,2048,128,512,416,669.473,794.721,694.85,0.2026
mixed,128,96,0.75,4.0,32,2048,256,1024,832,1174.211,1447.999,1181.219,0.0256
mixed,128,96,0.75,4.0,32,2048,512,2048,1664,2294.211,2795.621,2264.069,-0.0601
mixed,128,96,0.75,4.0,32,2048,1024,4096,3328,4496.519,5539.369,4438.12,-0.056
mixed,128,96,0.75,4.0,32,2048,2048,8192,6656,8954.001,11034.901,8808.113,-0.0701
mixed,128,96,0.75,4.0,32,2048,4096,16384,13312,17944.988,22080.389,17528.405,-0.1007
mixed,128,96,0.75,4.0,32,4096,128,512,416,841.793,961.184,866.016,0.2029
mixed,128,96,0.75,4.0,32,4096,256,1024,832,1291.938,1522.274,1326.338,0.1493
mixed,128,96,0.75,4.0,32,4096,512,2048,1664,2303.074,2805.381,2292.995,-0.0201
mixed,128,96,0.75,4.0,32,4096,1024,4096,3328,4508.392,5544.935,4446.437,-0.0598
mixed,128,96,0.75,4.0,32,4096,2048,8192,6656,8958.831,11039.411,8837.906,-0.0581
mixed,128,96,0.75,4.0,32,4096,4096,16384,13312,17929.247,22063.27,17530.173,-0.0965
mixed,128,96,0.75,4.0,32,8192,128,512,416,1157.378,1298.178,1194.436,0.2632
mixed,128,96,0.75,4.0,32,8192,256,1024,832,1644.225,1854.435,1675.138,0.1471
mixed,128,96,0.75,4.0,32,8192,512,2048,1664,2561.444,2972.455,2623.364,0.1507
mixed,128,96,0.75,4.0,32,8192,1024,4096,3328,4516.137,5558.249,4490.535,-0.0246
mixed,128,96,0.75,4.0,32,8192,2048,8192,6656,8988.693,11041.142,8865.329,-0.0601
mixed,128,96,0.75,4.0,32,8192,4096,16384,13312,17947.04,22076.806,17600.224,-0.084
mixed,128,96,0.75,4.0,64,0,128,512,416,617.795,768.961,620.833,0.0201
mixed,128,96,0.75,4.0,64,0,256,1024,832,1162.786,1444.386,1161.538,-0.0044
mixed,128,96,0.75,4.0,64,0,512,2048,1664,2283.651,2799.621,2257.827,-0.05
mixed,128,96,0.75,4.0,64,0,1024,4096,3328,4480.65,5532.361,4423.976,-0.0539
mixed,128,96,0.75,4.0,64,0,2048,8192,6656,8978.992,11024.788,8785.679,-0.0945
mixed,128,96,0.75,4.0,64,0,4096,16384,13312,17949.759,22062.31,17434.878,-0.1252
mixed,128,96,0.75,4.0,64,512,128,512,416,627.074,778.465,628.482,0.0093
mixed,128,96,0.75,4.0,64,512,256,1024,832,1163.074,1446.532,1167.427,0.0154
mixed,128,96,0.75,4.0,64,512,512,2048,1664,2291.845,2799.686,2257.891,-0.0669
mixed,128,96,0.75,4.0,64,512,1024,4096,3328,4497.543,5513.513,4431.078,-0.0654
mixed,128,96,0.75,4.0,64,512,2048,8192,6656,8948.464,11032.433,8781.198,-0.0803
mixed,128,96,0.75,4.0,64,512,4096,16384,13312,17934.206,22064.681,17409.184,-0.1271
mixed,128,96,0.75,4.0,64,1024,128,512,416,632.128,777.378,633.602,0.0101
mixed,128,96,0.75,4.0,64,1024,256,1024,832,1173.634,1457.603,1172.479,-0.0041
mixed,128,96,0.75,4.0,64,1024,512,2048,1664,2297.028,2799.078,2267.396,-0.059
mixed,128,96,0.75,4.0,64,1024,1024,4096,3328,4495.497,5517.805,4435.719,-0.0585
mixed,128,96,0.75,4.0,64,1024,2048,8192,6656,8946.958,11018.388,8801.772,-0.0701
mixed,128,96,0.75,4.0,64,1024,4096,16384,13312,17950.723,22057.131,17458.781,-0.1198
mixed,128,96,0.75,4.0,64,2048,128,512,416,677.826,805.442,703.072,0.1978
mixed,128,96,0.75,4.0,64,2048,256,1024,832,1180.098,1462.275,1183.106,0.0107
mixed,128,96,0.75,4.0,64,2048,512,2048,1664,2303.267,2813.155,2275.301,-0.0548
mixed,128,96,0.75,4.0,64,2048,1024,4096,3328,4500.009,5523.725,4444.389,-0.0543
mixed,128,96,0.75,4.0,64,2048,2048,8192,6656,8957.296,11040.019,8805.168,-0.073
mixed,128,96,0.75,4.0,64,2048,4096,16384,13312,17954.882,22057.868,17488.862,-0.1136
mixed,128,96,0.75,4.0,64,4096,128,512,416,841.889,972.258,874.272,0.2484
mixed,128,96,0.75,4.0,64,4096,256,1024,832,1306.978,1526.436,1334.148,0.1238
mixed,128,96,0.75,4.0,64,4096,512,2048,1664,2312.358,2812.584,2297.794,-0.0291
mixed,128,96,0.75,4.0,64,4096,1024,4096,3328,4517.16,5536.107,4462.919,-0.0532
mixed,128,96,0.75,4.0,64,4096,2048,8192,6656,8958.353,11040.786,8835.632,-0.0589
mixed,128,96,0.75,4.0,64,4096,4096,16384,13312,17935.201,22078.344,17551.875,-0.0925
mixed,128,96,0.75,4.0,64,8192,128,512,416,1180.802,1293.986,1204.546,0.2098
mixed,128,96,0.75,4.0,64,8192,256,1024,832,1647.555,1859.428,1679.555,0.151
mixed,128,96,0.75,4.0,64,8192,512,2048,1664,2578.18,2996.997,2612.706,0.0824
mixed,128,96,0.75,4.0,64,8192,1024,4096,3328,4525.928,5556.583,4501.128,-0.0241
mixed,128,96,0.75,4.0,64,8192,2048,8192,6656,8984.592,11045.397,8869.483,-0.0559
mixed,128,96,0.75,4.0,64,8192,4096,16384,13312,17929.409,22045.484,17612.13,-0.0771
mixed,128,96,0.75,4.0,128,0,128,512,416,611.874,760.738,618.879,0.0471
mixed,128,96,0.75,4.0,128,0,256,1024,832,1157.059,1443.715,1161.987,0.0172
mixed,128,96,0.75,4.0,128,0,512,2048,1664,2284.102,2792.454,2244.742,-0.0774
mixed,128,96,0.75,4.0,128,0,1024,4096,3328,4490.856,5529.222,4416.36,-0.0717
mixed,128,96,0.75,4.0,128,0,2048,8192,6656,8955.665,11025.269,8778.319,-0.0857
mixed,128,96,0.75,4.0,128,0,4096,16384,13312,17936.771,22067.436,17424.995,-0.1239
mixed,128,96,0.75,4.0,128,512,128,512,416,625.889,769.633,624.706,-0.0082
mixed,128,96,0.75,4.0,128,512,256,1024,832,1153.249,1434.082,1170.881,0.0628
mixed,128,96,0.75,4.0,128,512,512,2048,1664,2277.093,2781.125,2248.996,-0.0557
mixed,128,96,0.75,4.0,128,512,1024,4096,3328,4488.775,5535.372,4422.023,-0.0638
mixed,128,96,0.75,4.0,128,512,2048,8192,6656,8937.073,11044.79,8784.561,-0.0724
mixed,128,96,0.75,4.0,128,512,4096,16384,13312,17951.107,22073.964,17435.812,-0.125
mixed,128,96,0.75,4.0,128,1024,128,512,416,624.321,767.809,629.281,0.0346
mixed,128,96,0.75,4.0,128,1024,256,1024,832,1164.129,1450.019,1170.338,0.0217
mixed,128,96,0.75,4.0,128,1024,512,2048,1664,2277.349,2785.702,2275.078,-0.0045
mixed,128,96,0.75,4.0,128,1024,1024,4096,3328,4487.177,5522.603,4433.93,-0.0514
mixed,128,96,0.75,4.0,128,1024,2048,8192,6656,8965.906,11042.936,8794.352,-0.0826
mixed,128,96,0.75,4.0,128,1024,4096,16384,13312,17942.624,22063.724,17438.532,-0.1223
mixed,128,96,0.75,4.0,128,2048,128,512,416,667.969,778.018,694.465,0.2408
mixed,128,96,0.75,4.0,128,2048,256,1024,832,1168.675,1440.228,1182.401,0.0505
mixed,128,96,0.75,4.0,128,2048,512,2048,1664,2287.462,2794.982,2270.597,-0.0332
mixed,128,96,0.75,4.0,128,2048,1024,4096,3328,4490.441,5511.562,4452.712,-0.0369
mixed,128,96,0.75,4.0,128,2048,2048,8192,6656,8974.897,11035.829,8825.582,-0.0725
mixed,128,96,0.75,4.0,128,2048,4096,16384,13312,17922.213,22027.916,17521.858,-0.0975
mixed,128,96,0.75,4.0,128,4096,128,512,416,845.825,968.034,871.043,0.2064
mixed,128,96,0.75,4.0,128,4096,256,1024,832,1285.955,1521.218,1348.002,0.2637
mixed,128,96,0.75,4.0,128,4096,512,2048,1664,2280.101,2784.198,2293.732,0.027
mixed,128,96,0.75,4.0,128,4096,1024,4096,3328,4494.858,5514.245,4457.865,-0.0363
mixed,128,96,0.75,4.0,128,4096,2048,8192,6656,8946.962,11013.205,8874.546,-0.035
mixed,128,96,0.75,4.0,128,4096,4096,16384,13312,17904.867,22049.03,17568.194,-0.0812
mixed,128,96,0.75,4.0,128,8192,128,512,416,1174.114,1293.122,1194.947,0.1751
mixed,128,96,0.75,4.0,128,8192,256,1024,832,1628.834,1842.183,1672.388,0.2041
mixed,128,96,0.75,4.0,128,8192,512,2048,1664,2544.327,2954.151,2609.892,0.16
mixed,128,96,0.75,4.0,128,8192,1024,4096,3328,4471.882,5498.983,4503.526,0.0308
mixed,128,96,0.75,4.0,128,8192,2048,8192,6656,8956.504,10998.964,8865.235,-0.0447
mixed,128,96,0.75,4.0,128,8192,4096,16384,13312,17857.381,21996.358,17626.085,-0.0559
mixed,128,96,0.75,4.0,256,0,128,512,416,598.529,733.217,607.809,0.0689
mixed,128,96,0.75,4.0,256,0,256,1024,832,1132.545,1407.139,1150.531,0.0655
mixed,128,96,0.75,4.0,256,0,512,2048,1664,2260.994,2778.408,2237.604,-0.0452
mixed,128,96,0.75,4.0,256,0,1024,4096,3328,4486.473,5523.019,4407.337,-0.0763
mixed,128,96,0.75,4.0,256,0,2048,8192,6656,8960.978,11023.925,8756.02,-0.0994
mixed,128,96,0.75,4.0,256,0,4096,16384,13312,17936.611,22031.855,17430.433,-0.1236
mixed,128,96,0.75,4.0,256,512,128,512,416,608.674,745.729,615.039,0.0464
mixed,128,96,0.75,4.0,256,512,256,1024,832,1139.62,1410.049,1155.553,0.0589
mixed,128,96,0.75,4.0,256,512,512,2048,1664,2250.63,2775.941,2251.493,0.0016
mixed,128,96,0.75,4.0,256,512,1024,4096,3328,4476.811,5516.107,4430.057,-0.045
mixed,128,96,0.75,4.0,256,512,2048,8192,6656,8955.795,11040.022,8782.741,-0.083
mixed,128,96,0.75,4.0,256,512,4096,16384,13312,17926.302,22049.131,17420.579,-0.1227
mixed,128,96,0.75,4.0,256,1024,128,512,416,608.803,743.937,620.961,0.09
mixed,128,96,0.75,4.0,256,1024,256,1024,832,1150.307,1417.122,1161.922,0.0435
mixed,128,96,0.75,4.0,256,1024,512,2048,1664,2244.007,2747.813,2265.701,0.0431
mixed,128,96,0.75,4.0,256,1024,1024,4096,3328,4472.041,5509.555,4437.701,-0.0331
mixed,128,96,0.75,4.0,256,1024,2048,8192,6656,8958.515,11024.471,8800.049,-0.0767
mixed,128,96,0.75,4.0,256,1024,4096,16384,13312,17918.823,22065.775,17501.06,-0.1007
mixed,128,96,0.75,4.0,256,2048,128,512,416,653.506,785.635,677.793,0.1838
mixed,128,96,0.75,4.0,256,2048,256,1024,832,1152.994,1415.396,1174.914,0.0835
mixed,128,96,0.75,4.0,256,2048,512,2048,1664,2258.022,2761.478,2257.38,-0.0013
mixed,128,96,0.75,4.0,256,2048,1024,4096,3328,4441.068,5475.5,4450.024,0.0087
mixed,128,96,0.75,4.0,256,2048,2048,8192,6656,8912.34,10983.129,8834.93,-0.0374
mixed,128,96,0.75,4.0,256,2048,4096,16384,13312,17891.302,22022.928,17491.268,-0.0968
mixed,128,96,0.75,4.0,256,4096,128,512,416,837.857,952.642,845.314,0.065
mixed,128,96,0.75,4.0,256,4096,256,1024,832,1317.666,1463.81,1334.339,0.1141
mixed,128,96,0.75,4.0,256,4096,512,2048,1664,2259.268,2748.483,2297.444,0.078
mixed,128,96,0.75,4.0,256,4096,1024,4096,3328,4443.149,5461.003,4459.785,0.0163
mixed,128,96,0.75,4.0,256,4096,2048,8192,6656,8852.761,10932.669,8861.811,0.0044
mixed,128,96,0.75,4.0,256,4096,4096,16384,13312,17846.311,21955.983,17556.454,-0.0705
mixed,128,96,0.75,4.0,256,8192,128,512,416,1170.049,1292.354,1181.348,0.0924
mixed,128,96,0.75,4.0,256,8192,256,1024,832,1649.091,1881.124,1658.019,0.0385
mixed,128,96,0.75,4.0,256,8192,512,2048,1664,2606.629,2939.397,2561.639,-0.1352
mixed,128,96,0.75,4.0,256,8192,1024,4096,3328,4435.978,5424.301,4527.305,0.0924
mixed,128,96,0.75,4.0,256,8192,2048,8192,6656,8843.826,10866.168,8860.371,0.0082
mixed,128,96,0.75,4.0,256,8192,4096,16384,13312,17738.82,21867.215,17644.739,-0.0228
mixed,128,96,0.75,4.0,512,0,128,512,416,607.137,734.499,615.521,0.0658
mixed,128,96,0.75,4.0,512,0,256,1024,832,1138.371,1407.106,1157.153,0.0699
mixed,128,96,0.75,4.0,512,0,512,2048,1664,2261.19,2774.339,2249.955,-0.0219
mixed,128,96,0.75,4.0,512,0,1024,4096,3328,4480.523,5524.523,4434.538,-0.044
mixed,128,96,0.75,4.0,512,0,2048,8192,6656,8956.308,11027.735,8780.398,-0.0849
mixed,128,96,0.75,4.0,512,0,4096,16384,13312,17946.375,22077.488,17429.414,-0.1251
mixed,128,96,0.75,4.0,512,512,128,512,416,615.584,745.249,621.602,0.0464
mixed,128,96,0.75,4.0,512,512,256,1024,832,1143.459,1399.459,1156.994,0.0529
mixed,128,96,0.75,4.0,512,512,512,2048,1664,2245.029,2769.062,2255.717,0.0204
mixed,128,96,0.75,4.0,512,512,1024,4096,3328,4480.679,5513.516,4449.256,-0.0304
mixed,128,96,0.75,4.0,512,512,2048,8192,6656,8953.906,11014.906,8816.243,-0.0668
mixed,128,96,0.75,4.0,512,512,4096,16384,13312,17925.031,22051.533,17474.731,-0.1091
mixed,128,96,0.75,4.0,512,1024,128,512,416,619.52,750.37,625.825,0.0482
mixed,128,96,0.75,4.0,512,1024,256,1024,832,1154.657,1408.547,1163.491,0.0348
mixed,128,96,0.75,4.0,512,1024,512,2048,1664,2234.564,2739.491,2262.725,0.0558
mixed,128,96,0.75,4.0,512,1024,1024,4096,3328,4460.072,5510.702,4452.65,-0.0071
mixed,128,96,0.75,4.0,512,1024,2048,8192,6656,8935.701,11007.126,8846.743,-0.0429
mixed,128,96,0.75,4.0,512,1024,4096,16384,13312,17920.487,22042.51,17490.884,-0.1042
mixed,128,96,0.75,4.0,512,2048,128,512,416,657.474,764.899,679.586,0.2058
mixed,128,96,0.75,4.0,512,2048,256,1024,832,1161.411,1417.666,1173.027,0.0453
mixed,128,96,0.75,4.0,512,2048,512,2048,1664,2245.636,2738.534,2264.132,0.0375
mixed,128,96,0.75,4.0,512,2048,1024,4096,3328,4405.77,5433.26,4472.55,0.065
mixed,128,96,0.75,4.0,512,2048,2048,8192,6656,8880.345,10976.282,8831.634,-0.0232
mixed,128,96,0.75,4.0,512,2048,4096,16384,13312,17871.275,22019.312,17571.622,-0.0722
mixed,128,96,0.75,4.0,512,4096,128,512,416,831.552,943.647,868.258,0.3275
mixed,128,96,0.75,4.0,512,4096,256,1024,832,1252.737,1492.835,1274.018,0.0886
mixed,128,96,0.75,4.0,512,4096,512,2048,1664,2260.004,2760.518,2276.294,0.0325
mixed,128,96,0.75,4.0,512,4096,1024,4096,3328,4405.705,5399.627,4486.221,0.081
mixed,128,96,0.75,4.0,512,4096,2048,8192,6656,8759.028,10892.857,8929.077,0.0797
mixed,128,96,0.75,4.0,512,4096,4096,16384,13312,17771.077,21899.436,17627.719,-0.0347
mixed,128,96,0.75,4.0,512,8192,128,512,416,1164.288,1261.346,1200.643,0.3746
mixed,128,96,0.75,4.0,512,8192,256,1024,832,1596.451,1816.323,1635.204,0.1763
mixed,128,96,0.75,4.0,512,8192,512,2048,1664,2509.378,2955.845,2567.204,0.1295
mixed,128,96,0.75,4.0,512,8192,1024,4096,3328,4477.417,5442.988,4486.186,0.0091
mixed,128,96,0.75,4.0,512,8192,2048,8192,6656,8742.643,10765.718,8921.907,0.0886
mixed,128,96,0.75,4.0,512,8192,4096,16384,13312,17533.991,21725.967,17785.894,0.0601
mixed,128,96,0.75,4.0,1024,0,128,512,416,639.394,760.385,661.506,0.1828
mixed,128,96,0.75,4.0,1024,0,256,1024,832,1167.778,1421.155,1176.131,0.033
mixed,128,96,0.75,4.0,1024,0,512,2048,1664,2256.228,2767.783,2286.885,0.0599
mixed,128,96,0.75,4.0,1024,0,1024,4096,3328,4488.555,5517.709,4473.871,-0.0143
mixed,128,96,0.75,4.0,1024,0,2048,8192,6656,8970.868,11036.404,8839.635,-0.0635
mixed,128,96,0.75,4.0,1024,0,4096,16384,13312,17951.814,22067.28,17500.935,-0.1096
mixed,128,96,0.75,4.0,1024,512,128,512,416,656.833,776.194,673.634,0.1408
mixed,128,96,0.75,4.0,1024,512,256,1024,832,1174.275,1425.667,1181.027,0.0269
mixed,128,96,0.75,4.0,1024,512,512,2048,1664,2254.501,2771.142,2281.542,0.0523
mixed,128,96,0.75,4.0,1024,512,1024,4096,3328,4482.249,5495.663,4489.322,0.007
mixed,128,96,0.75,4.0,1024,512,2048,8192,6656,8955.924,11017.88,8870.837,-0.0413
mixed,128,96,0.75,4.0,1024,512,4096,16384,13312,17957.572,22071.795,17541.575,-0.1011
mixed,128,96,0.75,4.0,1024,1024,128,512,416,669.314,779.841,689.699,0.1844
mixed,128,96,0.75,4.0,1024,1024,256,1024,832,1182.019,1443.491,1186.562,0.0174
mixed,128,96,0.75,4.0,1024,1024,512,2048,1664,2255.524,2770.631,2285.221,0.0577
mixed,128,96,0.75,4.0,1024,1024,1024,4096,3328,4441.358,5490.285,4493.705,0.0499
mixed,128,96,0.75,4.0,1024,1024,2048,8192,6656,8931.986,11015.061,8900.626,-0.0151
mixed,128,96,0.75,4.0,1024,1024,4096,16384,13312,17924.224,22075.659,17592.84,-0.0798
mixed,128,96,0.75,4.0,1024,2048,128,512,416,762.37,831.042,795.779,0.4865
mixed,128,96,0.75,4.0,1024,2048,256,1024,832,1193.187,1454.403,1201.122,0.0304
mixed,128,96,0.75,4.0,1024,2048,512,2048,1664,2276.23,2773.477,2284.965,0.0176
mixed,128,96,0.75,4.0,1024,2048,1024,4096,3328,4445.803,5450.028,4510.091,0.064
mixed,128,96,0.75,4.0,1024,2048,2048,8192,6656,8860.434,10940.922,8945.883,0.0411
mixed,128,96,0.75,4.0,1024,2048,4096,16384,13312,17845.45,22030.707,17679.366,-0.0397
mixed,128,96,0.75,4.0,1024,4096,128,512,416,997.091,1059.329,1023.618,0.4262
mixed,128,96,0.75,4.0,1024,4096,256,1024,832,1289.603,1493.731,1350.82,0.2999
mixed,128,96,0.75,4.0,1024,4096,512,2048,1664,2314.885,2804.966,2308.517,-0.013
mixed,128,96,0.75,4.0,1024,4096,1024,4096,3328,4455.34,5433.003,4475.498,0.0206
mixed,128,96,0.75,4.0,1024,4096,2048,8192,6656,8800.787,10849.879,8949.366,0.0725
mixed,128,96,0.75,4.0,1024,4096,4096,16384,13312,17676.069,21863.665,17809.385,0.0318
mixed,128,96,0.75,4.0,1024,8192,128,512,416,1415.813,1512.355,1436.931,0.2187
mixed,128,96,0.75,4.0,1024,8192,256,1024,832,1716.067,1886.213,1761.606,0.2676
mixed,128,96,0.75,4.0,1024,8192,512,2048,1664,2521.029,2989.254,2521.03,0.0
mixed,128,96,0.75,4.0,1024,8192,1024,4096,3328,4589.451,5525.804,4535.178,-0.058
mixed,128,96,0.75,4.0,1024,8192,2048,8192,6656,8777.752,10819.865,8926.581,0.0729
mixed,128,96,0.75,4.0,1024,8192,4096,16384,13312,17547.815,21558.672,17804.968,0.0641
mixed,128,96,0.75,4.0,2048,0,128,512,416,845.027,930.787,835.427,-0.1119
mixed,128,96,0.75,4.0,2048,0,256,1024,832,1243.49,1483.011,1276.933,0.1396
mixed,128,96,0.75,4.0,2048,0,512,2048,1664,2303.046,2817.766,2331.591,0.0555
mixed,128,96,0.75,4.0,2048,0,1024,4096,3328,4482.923,5503.565,4527.051,0.0432
mixed,128,96,0.75,4.0,2048,0,2048,8192,6656,8958.963,11026.744,8934.993,-0.0116
mixed,128,96,0.75,4.0,2048,0,4096,16384,13312,17934.545,22073.651,17651.625,-0.0684
mixed,128,96,0.75,4.0,2048,512,128,512,416,907.426,988.77,896.929,-0.129
mixed,128,96,0.75,4.0,2048,512,256,1024,832,1272.578,1517.635,1294.723,0.0904
mixed,128,96,0.75,4.0,2048,512,512,2048,1664,2319.622,2818.215,2351.558,0.0641
mixed,128,96,0.75,4.0,2048,512,1024,4096,3328,4509.835,5503.565,4552.682,0.0431
mixed,128,96,0.75,4.0,2048,512,2048,8192,6656,8933.97,10999.386,8981.461,0.023
mixed,128,96,0.75,4.0,2048,512,4096,16384,13312,17891.981,22048.465,17700.714,-0.046
mixed,128,96,0.75,4.0,2048,1024,128,512,416,971.137,1045.794,967.971,-0.0424
mixed,128,96,0.75,4.0,2048,1024,256,1024,832,1301.507,1543.431,1318.531,0.0704
mixed,128,96,0.75,4.0,2048,1024,512,2048,1664,2336.131,2844.679,2362.79,0.0524
mixed,128,96,0.75,4.0,2048,1024,1024,4096,3328,4521.322,5538.764,4577.194,0.0549
mixed,128,96,0.75,4.0,2048,1024,2048,8192,6656,8888.819,10989.113,9003.732,0.0547
mixed,128,96,0.75,4.0,2048,1024,4096,16384,13312,17885.835,22039.027,17773.478,-0.0271
mixed,128,96,0.75,4.0,2048,2048,128,512,416,1133.923,1180.195,1143.139,0.1992
mixed,128,96,0.75,4.0,2048,2048,256,1024,832,1371.618,1591.235,1378.82,0.0328
mixed,128,96,0.75,4.0,2048,2048,512,2048,1664,2399.461,2895.175,2386.982,-0.0252
mixed,128,96,0.75,4.0,2048,2048,1024,4096,3328,4559.113,5560.303,4580.235,0.0211
mixed,128,96,0.75,4.0,2048,2048,2048,8192,6656,8939.035,10963.994,9029.241,0.0445
mixed,128,96,0.75,4.0,2048,2048,4096,16384,13312,17863.273,22013.329,17828.938,-0.0083
mixed,128,96,0.75,4.0,2048,4096,128,512,416,1446.372,1506.819,1459.107,0.2107
mixed,128,96,0.75,4.0,2048,4096,256,1024,832,1644.196,1759.556,1677.763,0.291
mixed,128,96,0.75,4.0,2048,4096,512,2048,1664,2441.542,2967.527,2439.364,-0.0041
mixed,128,96,0.75,4.0,2048,4096,1024,4096,3328,4677.705,5670.796,4623.049,-0.055
mixed,128,96,0.75,4.0,2048,4096,2048,8192,6656,9000.919,11047.258,9110.996,0.0538
mixed,128,96,0.75,4.0,2048,4096,4096,16384,13312,17729.066,21879.025,18003.529,0.0661
mixed,128,96,0.75,4.0,2048,8192,128,512,416,2062.885,2117.83,2086.308,0.4263
mixed,128,96,0.75,4.0,2048,8192,256,1024,832,2284.007,2388.68,2306.276,0.2127
mixed,128,96,0.75,4.0,2048,8192,512,2048,1664,2862.214,3187.143,2875.174,0.0399
mixed,128,96,0.75,4.0,2048,8192,1024,4096,3328,4816.65,5807.247,4767.883,-0.0492
mixed,128,96,0.75,4.0,2048,8192,2048,8192,6656,9140.438,11173.337,9212.916,0.0357
mixed,128,96,0.75,4.0,2048,8192,4096,16384,13312,17960.265,21944.178,18180.555,0.0553
pure,128,115,0.8984,4.0,0,0,128,512,473,213.503,253.504,242.014,0.7128
pure,128,115,0.8984,4.0,0,0,256,1024,946,365.696,419.967,393.73,0.5166
pure,128,115,0.8984,4.0,0,0,512,2048,1892,709.059,755.488,697.795,-0.2426
pure,128,115,0.8984,4.0,0,0,1024,4096,3784,1311.044,1419.428,1310.593,-0.0042
pure,128,115,0.8984,4.0,0,0,2048,8192,7568,2539.973,2734.535,2528.582,-0.0585
pure,128,115,0.8984,4.0,0,0,4096,16384,15136,4980.78,5379.311,4976.011,-0.012
mixed,128,115,0.8984,4.0,16,0,128,512,473,676.386,766.402,681.825,0.0604
mixed,128,115,0.8984,4.0,16,0,256,1024,946,1308.835,1432.771,1284.45,-0.1968
mixed,128,115,0.8984,4.0,16,0,512,2048,1892,2564.264,2785.222,2505.731,-0.2649
mixed,128,115,0.8984,4.0,16,0,1024,4096,3784,5083.692,5540.622,4945.01,-0.3035
mixed,128,115,0.8984,4.0,16,0,2048,8192,7568,10182.49,11017.241,9840.472,-0.4097
mixed,128,115,0.8984,4.0,16,0,4096,16384,15136,20371.12,22031.155,19620.558,-0.4521
mixed,128,115,0.8984,4.0,16,512,128,512,473,683.201,770.561,691.042,0.0898
mixed,128,115,0.8984,4.0,16,512,256,1024,946,1312.581,1436.58,1289.988,-0.1822
mixed,128,115,0.8984,4.0,16,512,512,2048,1892,2576.452,2781.35,2508.195,-0.3331
mixed,128,115,0.8984,4.0,16,512,1024,4096,3784,5099.435,5511.568,4969.419,-0.3155
mixed,128,115,0.8984,4.0,16,512,2048,8192,7568,10184.217,11023.325,9852.69,-0.3951
mixed,128,115,0.8984,4.0,16,512,4096,16384,15136,20387.311,22084.118,19630.284,-0.4461
mixed,128,115,0.8984,4.0,16,1024,128,512,473,689.603,774.562,696.707,0.0836
mixed,128,115,0.8984,4.0,16,1024,256,1024,946,1322.179,1448.419,1304.101,-0.1432
mixed,128,115,0.8984,4.0,16,1024,512,2048,1892,2564.102,2782.566,2520.485,-0.1997
mixed,128,115,0.8984,4.0,16,1024,1024,4096,3784,5096.971,5513.388,4956.778,-0.3367
mixed,128,115,0.8984,4.0,16,1024,2048,8192,7568,10182.226,11009.531,9867.065,-0.3809
mixed,128,115,0.8984,4.0,16,1024,4096,16384,15136,20367.726,22073.201,19636.557,-0.4287
mixed,128,115,0.8984,4.0,16,2048,128,512,473,739.585,794.819,760.418,0.3772
mixed,128,115,0.8984,4.0,16,2048,256,1024,946,1324.164,1455.523,1306.116,-0.1374
mixed,128,115,0.8984,4.0,16,2048,512,2048,1892,2575.303,2796.36,2529.255,-0.2083
mixed,128,115,0.8984,4.0,16,2048,1024,4096,3784,5098.187,5524.749,4980.014,-0.277
mixed,128,115,0.8984,4.0,16,2048,2048,8192,7568,10196.219,11029.594,9864.44,-0.3981
mixed,128,115,0.8984,4.0,16,2048,4096,16384,15136,20407.312,22047.701,19629.647,-0.4741
mixed,128,115,0.8984,4.0,16,4096,128,512,473,907.329,957.634,929.923,0.4491
mixed,128,115,0.8984,4.0,16,4096,256,1024,946,1420.451,1515.684,1462.244,0.4388
mixed,128,115,0.8984,4.0,16,4096,512,2048,1892,2590.759,2798.789,2552.777,-0.1826
mixed,128,115,0.8984,4.0,16,4096,1024,4096,3784,5109.839,5542.384,4994.284,-0.2672
mixed,128,115,0.8984,4.0,16,4096,2048,8192,7568,10201.4,11030.553,9876.279,-0.3921
mixed,128,115,0.8984,4.0,16,4096,4096,16384,15136,20399.537,22069.748,19649.613,-0.449
mixed,128,115,0.8984,4.0,16,8192,128,512,473,1237.346,1293.7,1262.914,0.4537
mixed,128,115,0.8984,4.0,16,8192,256,1024,946,1778.052,1854.981,1806.341,0.3677
mixed,128,115,0.8984,4.0,16,8192,512,2048,1892,2798.587,2981.371,2900.859,0.5595
mixed,128,115,0.8984,4.0,16,8192,1024,4096,3784,5123.966,5555.609,5040.829,-0.1926
mixed,128,115,0.8984,4.0,16,8192,2048,8192,7568,10204.832,11055.635,9918.338,-0.3367
mixed,128,115,0.8984,4.0,16,8192,4096,16384,15136,20389.694,22059.594,19697.992,-0.4142
mixed,128,115,0.8984,4.0,32,0,128,512,473,675.48,767.766,684.629,0.0991
mixed,128,115,0.8984,4.0,32,0,256,1024,946,1308.112,1444.27,1291.598,-0.1213
mixed,128,115,0.8984,4.0,32,0,512,2048,1892,2571.999,2786.202,2505.665,-0.3097
mixed,128,115,0.8984,4.0,32,0,1024,4096,3784,5086.08,5520.38,4960.133,-0.29
mixed,128,115,0.8984,4.0,32,0,2048,8192,7568,10188.709,11014.939,9846.343,-0.4144
mixed,128,115,0.8984,4.0,32,0,4096,16384,15136,20387.691,22071.886,19621.744,-0.4548
mixed,128,115,0.8984,4.0,32,512,128,512,473,688.121,773.623,693.048,0.0576
mixed,128,115,0.8984,4.0,32,512,256,1024,946,1313.872,1442.129,1293.617,-0.1579
mixed,128,115,0.8984,4.0,32,512,512,2048,1892,2578.11,2785.695,2514.434,-0.3067
mixed,128,115,0.8984,4.0,32,512,1024,4096,3784,5100.26,5523.615,4956.357,-0.3399
mixed,128,115,0.8984,4.0,32,512,2048,8192,7568,10176.17,11022.423,9855.594,-0.3788
mixed,128,115,0.8984,4.0,32,512,4096,16384,15136,20387.759,22038.939,19636.342,-0.4551
mixed,128,115,0.8984,4.0,32,1024,128,512,473,686.938,768.727,697.498,0.1291
mixed,128,115,0.8984,4.0,32,1024,256,1024,946,1321.617,1444.016,1298.45,-0.1893
mixed,128,115,0.8984,4.0,32,1024,512,2048,1892,2565.825,2786.944,2517.764,-0.2174
mixed,128,115,0.8984,4.0,32,1024,1024,4096,3784,5088.327,5523.231,4973.35,-0.2644
mixed,128,115,0.8984,4.0,32,1024,2048,8192,7568,10184.107,11024.415,9862.992,-0.3821
mixed,128,115,0.8984,4.0,32,1024,4096,16384,15136,20379.672,22055.747,19610.115,-0.4591
mixed,128,115,0.8984,4.0,32,2048,128,512,473,742.392,794.23,758.968,0.3198
mixed,128,115,0.8984,4.0,32,2048,256,1024,946,1323.473,1449.998,1309.009,-0.1143
mixed,128,115,0.8984,4.0,32,2048,512,2048,1892,2578.051,2794.144,2535.875,-0.1952
mixed,128,115,0.8984,4.0,32,2048,1024,4096,3784,5106.823,5524.227,4999.241,-0.2577
mixed,128,115,0.8984,4.0,32,2048,2048,8192,7568,10184.207,11041.894,9877.492,-0.3576
mixed,128,115,0.8984,4.0,32,2048,4096,16384,15136,20408.833,22079.563,19626.535,-0.4682
mixed,128,115,0.8984,4.0,32,4096,128,512,473,905.622,963.511,934.615,0.5008
mixed,128,115,0.8984,4.0,32,4096,256,1024,946,1439.696,1516.494,1467.312,0.3596
mixed,128,115,0.8984,4.0,32,4096,512,2048,1892,2582.788,2807.426,2554.532,-0.1258
mixed,128,115,0.8984,4.0,32,4096,1024,4096,3784,5107.978,5538.819,4997.548,-0.2563
mixed,128,115,0.8984,4.0,32,4096,2048,8192,7568,10192.084,11038.539,9890.767,-0.356
mixed,128,115,0.8984,4.0,32,4096,4096,16384,15136,20400.136,22067.604,19652.752,-0.4482
mixed,128,115,0.8984,4.0,32,8192,128,512,473,1249.363,1298.195,1265.202,0.3244
mixed,128,115,0.8984,4.0,32,8192,256,1024,946,1770.156,1854.924,1809.42,0.4632
mixed,128,115,0.8984,4.0,32,8192,512,2048,1892,2812.994,2979.968,2873.602,0.363
mixed,128,115,0.8984,4.0,32,8192,1024,4096,3784,5126.952,5555.398,5057.418,-0.1623
mixed,128,115,0.8984,4.0,32,8192,2048,8192,7568,10211.637,11047.246,9932.473,-0.3341
mixed,128,115,0.8984,4.0,32,8192,4096,16384,15136,20372.397,22075.005,19685.268,-0.4036
mixed,128,115,0.8984,4.0,64,0,128,512,473,681.05,767.669,685.817,0.055
mixed,128,115,0.8984,4.0,64,0,256,1024,946,1314.481,1444.593,1294.835,-0.151
mixed,128,115,0.8984,4.0,64,0,512,2048,1892,2573.062,2798.085,2513.925,-0.2628
mixed,128,115,0.8984,4.0,64,0,1024,4096,3784,5110.572,5530.663,4953.708,-0.3734
mixed,128,115,0.8984,4.0,64,0,2048,8192,7568,10192.376,11028.721,9860.289,-0.3971
mixed,128,115,0.8984,4.0,64,0,4096,16384,15136,20367.698,22051.558,19613.82,-0.4477
mixed,128,115,0.8984,4.0,64,512,128,512,473,689.464,781.079,700.665,0.1223
mixed,128,115,0.8984,4.0,64,512,256,1024,946,1317.747,1446.546,1297.3,-0.1588
mixed,128,115,0.8984,4.0,64,512,512,2048,1892,2570.408,2802.308,2521.767,-0.2097
mixed,128,115,0.8984,4.0,64,512,1024,4096,3784,5105.227,5536.455,4965.103,-0.3249
mixed,128,115,0.8984,4.0,64,512,2048,8192,7568,10188.413,11029.493,9847.261,-0.4056
mixed,128,115,0.8984,4.0,64,512,4096,16384,15136,20392.154,22051.819,19612.643,-0.4697
mixed,128,115,0.8984,4.0,64,1024,128,512,473,696.824,777.273,705.306,0.1054
mixed,128,115,0.8984,4.0,64,1024,256,1024,946,1326.515,1456.273,1310.068,-0.1268
mixed,128,115,0.8984,4.0,64,1024,512,2048,1892,2576.999,2799.589,2526.666,-0.2261
mixed,128,115,0.8984,4.0,64,1024,1024,4096,3784,5108.495,5519.531,4978.834,-0.3154
mixed,128,115,0.8984,4.0,64,1024,2048,8192,7568,10179.904,11023.992,9864.323,-0.3739
mixed,128,115,0.8984,4.0,64,1024,4096,16384,15136,20376.382,22053.266,19634.505,-0.4424
mixed,128,115,0.8984,4.0,64,2048,128,512,473,754.359,800.729,768.827,0.312
mixed,128,115,0.8984,4.0,64,2048,256,1024,946,1330.132,1458.77,1318.483,-0.0906
mixed,128,115,0.8984,4.0,64,2048,512,2048,1892,2584.456,2808.836,2531.112,-0.2377
mixed,128,115,0.8984,4.0,64,2048,1024,4096,3784,5112.4,5531.021,4986.227,-0.3014
mixed,128,115,0.8984,4.0,64,2048,2048,8192,7568,10192.867,11029.219,9878.153,-0.3763
mixed,128,115,0.8984,4.0,64,2048,4096,16384,15136,20382.053,22038.358,19647.659,-0.4434
mixed,128,115,0.8984,4.0,64,4096,128,512,473,915.415,977.399,942.488,0.4368
mixed,128,115,0.8984,4.0,64,4096,256,1024,946,1445.649,1532.817,1471.604,0.2978
mixed,128,115,0.8984,4.0,64,4096,512,2048,1892,2594.953,2816.329,2560.777,-0.1544
mixed,128,115,0.8984,4.0,64,4096,1024,4096,3784,5119.827,5544.653,5018.804,-0.2378
mixed,128,115,0.8984,4.0,64,4096,2048,8192,7568,10189.639,11029.44,9898.283,-0.3469
mixed,128,115,0.8984,4.0,64,4096,4096,16384,15136,20392.972,22058.301,19643.573,-0.45
mixed,128,115,0.8984,4.0,64,8192,128,512,473,1248.118,1299.156,1268.403,0.3974
mixed,128,115,0.8984,4.0,64,8192,256,1024,946,1769.584,1865.968,1810.958,0.4293
mixed,128,115,0.8984,4.0,64,8192,512,2048,1892,2816.296,2983.847,2881.896,0.3915
mixed,128,115,0.8984,4.0,64,8192,1024,4096,3784,5135.123,5555.021,5041.942,-0.2219
mixed,128,115,0.8984,4.0,64,8192,2048,8192,7568,10203.625,11060.223,9921.994,-0.3288
mixed,128,115,0.8984,4.0,64,8192,4096,16384,15136,20396.922,22062.822,19689.304,-0.4248
mixed,128,115,0.8984,4.0,128,0,128,512,473,673.882,760.09,685.467,0.1344
mixed,128,115,0.8984,4.0,128,0,256,1024,946,1312.502,1441.812,1295.0,-0.1353
mixed,128,115,0.8984,4.0,128,0,512,2048,1892,2574.154,2788.04,2516.841,-0.268
mixed,128,115,0.8984,4.0,128,0,1024,4096,3784,5101.942,5527.761,4960.471,-0.3322
mixed,128,115,0.8984,4.0,128,0,2048,8192,7568,10181.291,11034.309,9852.654,-0.3853
mixed,128,115,0.8984,4.0,128,0,4096,16384,15136,20377.303,22054.987,19602.817,-0.4616
mixed,128,115,0.8984,4.0,128,512,128,512,473,684.216,770.299,697.307,0.1521
mixed,128,115,0.8984,4.0,128,512,256,1024,946,1309.751,1431.475,1300.661,-0.0747
mixed,128,115,0.8984,4.0,128,512,512,2048,1892,2561.356,2791.371,2520.235,-0.1788
mixed,128,115,0.8984,4.0,128,512,1024,4096,3784,5101.591,5523.124,4972.823,-0.3055
mixed,128,115,0.8984,4.0,128,512,2048,8192,7568,10199.119,11036.615,9858.296,-0.407
mixed,128,115,0.8984,4.0,128,512,4096,16384,15136,20387.131,22047.027,19638.275,-0.4511
mixed,128,115,0.8984,4.0,128,1024,128,512,473,691.834,766.745,706.137,0.1909
mixed,128,115,0.8984,4.0,128,1024,256,1024,946,1317.944,1447.895,1310.134,-0.0601
mixed,128,115,0.8984,4.0,128,1024,512,2048,1892,2561.933,2780.264,2523.345,-0.1767
mixed,128,115,0.8984,4.0,128,1024,1024,4096,3784,5100.119,5512.597,4961.305,-0.3365
mixed,128,115,0.8984,4.0,128,1024,2048,8192,7568,10196.914,11022.153,9867.055,-0.3997
mixed,128,115,0.8984,4.0,128,1024,4096,16384,15136,20383.041,22076.855,19632.099,-0.4433
mixed,128,115,0.8984,4.0,128,2048,128,512,473,744.729,782.746,754.842,0.266
mixed,128,115,0.8984,4.0,128,2048,256,1024,946,1318.776,1441.077,1322.708,0.0322
mixed,128,115,0.8984,4.0,128,2048,512,2048,1892,2579.853,2795.242,2533.93,-0.2132
mixed,128,115,0.8984,4.0,128,2048,1024,4096,3784,5084.986,5510.006,4983.708,-0.2383
mixed,128,115,0.8984,4.0,128,2048,2048,8192,7568,10179.189,11034.765,9870.165,-0.3612
mixed,128,115,0.8984,4.0,128,2048,4096,16384,15136,20375.531,22068.377,19647.951,-0.4298
mixed,128,115,0.8984,4.0,128,4096,128,512,473,902.711,966.167,928.859,0.4121
mixed,128,115,0.8984,4.0,128,4096,256,1024,946,1411.668,1519.285,1467.765,0.5213
mixed,128,115,0.8984,4.0,128,4096,512,2048,1892,2565.549,2784.715,2555.791,-0.0445
mixed,128,115,0.8984,4.0,128,4096,1024,4096,3784,5089.498,5517.624,5001.691,-0.2051
mixed,128,115,0.8984,4.0,128,4096,2048,8192,7568,10169.046,11005.904,9910.679,-0.3087
mixed,128,115,0.8984,4.0,128,4096,4096,16384,15136,20358.478,22061.315,19649.3,-0.4165
mixed,128,115,0.8984,4.0,128,8192,128,512,473,1238.07,1291.671,1263.607,0.4764
mixed,128,115,0.8984,4.0,128,8192,256,1024,946,1746.068,1845.396,1802.228,0.5654
mixed,128,115,0.8984,4.0,128,8192,512,2048,1892,2779.052,2949.995,2867.342,0.5165
mixed,128,115,0.8984,4.0,128,8192,1024,4096,3784,5081.819,5503.097,5058.461,-0.0554
mixed,128,115,0.8984,4.0,128,8192,2048,8192,7568,10149.177,11009.01,9930.361,-0.2545
mixed,128,115,0.8984,4.0,128,8192,4096,16384,15136,20330.676,21999.976,19693.302,-0.3818
mixed,128,115,0.8984,4.0,256,0,128,512,473,664.923,732.986,675.196,0.1509
mixed,128,115,0.8984,4.0,256,0,256,1024,946,1296.152,1407.894,1281.271,-0.1332
mixed,128,115,0.8984,4.0,256,0,512,2048,1892,2557.552,2777.421,2506.576,-0.2318
mixed,128,115,0.8984,4.0,256,0,1024,4096,3784,5102.647,5512.06,4953.631,-0.364
mixed,128,115,0.8984,4.0,256,0,2048,8192,7568,10194.75,11040.214,9852.797,-0.4045
mixed,128,115,0.8984,4.0,256,0,4096,16384,15136,20379.861,22045.865,19607.156,-0.4638
mixed,128,115,0.8984,4.0,256,512,128,512,473,674.844,743.226,687.74,0.1886
mixed,128,115,0.8984,4.0,256,512,256,1024,946,1296.184,1405.591,1291.158,-0.0459
mixed,128,115,0.8984,4.0,256,512,512,2048,1892,2550.833,2777.838,2517.87,-0.1452
mixed,128,115,0.8984,4.0,256,512,1024,4096,3784,5089.666,5515.36,4966.37,-0.2896
mixed,128,115,0.8984,4.0,256,512,2048,8192,7568,10179.581,11043.32,9862.272,-0.3674
mixed,128,115,0.8984,4.0,256,512,4096,16384,15136,20395.804,22025.456,19613.314,-0.4802
mixed,128,115,0.8984,4.0,256,1024,128,512,473,673.148,742.524,692.253,0.2754
mixed,128,115,0.8984,4.0,256,1024,256,1024,946,1302.839,1418.071,1300.92,-0.0167
mixed,128,115,0.8984,4.0,256,1024,512,2048,1892,2537.553,2752.94,2518.705,-0.0875
mixed,128,115,0.8984,4.0,256,1024,1024,4096,3784,5088.385,5503.004,4980.162,-0.261
mixed,128,115,0.8984,4.0,256,1024,2048,8192,7568,10176.16,11019.866,9863.81,-0.3702
mixed,128,115,0.8984,4.0,256,1024,4096,16384,15136,20382.174,22053.814,19632.58,-0.4484
mixed,128,115,0.8984,4.0,256,2048,128,512,473,716.668,782.204,737.501,0.3179
mixed,128,115,0.8984,4.0,256,2048,256,1024,946,1301.112,1415.765,1313.817,0.1108
mixed,128,115,0.8984,4.0,256,2048,512,2048,1892,2538.513,2755.951,2531.79,-0.0309
mixed,128,115,0.8984,4.0,256,2048,1024,4096,3784,5046.978,5468.865,4981.346,-0.1556
mixed,128,115,0.8984,4.0,256,2048,2048,8192,7568,10139.362,10977.469,9885.191,-0.3033
mixed,128,115,0.8984,4.0,256,2048,4096,16384,15136,20352.196,22021.978,19638.986,-0.4271
mixed,128,115,0.8984,4.0,256,4096,128,512,473,903.77,953.437,902.779,-0.02
mixed,128,115,0.8984,4.0,256,4096,256,1024,946,1432.088,1442.774,1451.511,1.8176
mixed,128,115,0.8984,4.0,256,4096,512,2048,1892,2541.68,2750.832,2563.887,0.1062
mixed,128,115,0.8984,4.0,256,4096,1024,4096,3784,5038.303,5452.0,5011.011,-0.066
mixed,128,115,0.8984,4.0,256,4096,2048,8192,7568,10104.232,10937.117,9901.735,-0.2431
mixed,128,115,0.8984,4.0,256,4096,4096,16384,15136,20301.259,21993.696,19645.487,-0.3875
mixed,128,115,0.8984,4.0,256,8192,128,512,473,1232.249,1294.455,1240.601,0.1343
mixed,128,115,0.8984,4.0,256,8192,256,1024,946,1782.196,1881.078,1753.11,-0.2941
mixed,128,115,0.8984,4.0,256,8192,512,2048,1892,2864.623,2939.855,2817.456,-0.627
mixed,128,115,0.8984,4.0,256,8192,1024,4096,3784,5014.848,5418.401,5043.457,0.0709
mixed,128,115,0.8984,4.0,256,8192,2048,8192,7568,10031.845,10869.377,9946.183,-0.1023
mixed,128,115,0.8984,4.0,256,8192,4096,16384,15136,20186.054,21875.653,19738.449,-0.2649
mixed,128,115,0.8984,4.0,512,0,128,512,473,677.18,732.061,684.509,0.1335
mixed,128,115,0.8984,4.0,512,0,256,1024,946,1302.84,1404.695,1290.999,-0.1163
mixed,128,115,0.8984,4.0,512,0,512,2048,1892,2557.042,2772.464,2514.802,-0.1961
mixed,128,115,0.8984,4.0,512,0,1024,4096,3784,5089.635,5515.905,4959.17,-0.3061
mixed,128,115,0.8984,4.0,512,0,2048,8192,7568,10191.305,11040.614,9856.971,-0.3937
mixed,128,115,0.8984,4.0,512,0,4096,16384,15136,20404.27,22067.717,19621.589,-0.4705
mixed,128,115,0.8984,4.0,512,512,128,512,473,682.268,746.075,693.243,0.172
mixed,128,115,0.8984,4.0,512,512,256,1024,946,1294.266,1401.209,1298.905,0.0434
mixed,128,115,0.8984,4.0,512,512,512,2048,1892,2542.484,2768.689,2524.756,-0.0784
mixed,128,115,0.8984,4.0,512,512,1024,4096,3784,5092.901,5516.005,4978.497,-0.2704
mixed,128,115,0.8984,4.0,512,512,2048,8192,7568,10190.632,11021.252,9887.147,-0.3654
mixed,128,115,0.8984,4.0,512,512,4096,16384,15136,20384.918,22048.429,19643.509,-0.4457
mixed,128,115,0.8984,4.0,512,1024,128,512,473,687.994,750.045,697.021,0.1455
mixed,128,115,0.8984,4.0,512,1024,256,1024,946,1303.064,1410.393,1310.458,0.0689
mixed,128,115,0.8984,4.0,512,1024,512,2048,1892,2522.74,2738.483,2522.419,-0.0015
mixed,128,115,0.8984,4.0,512,1024,1024,4096,3784,5087.172,5493.508,4999.556,-0.2156
mixed,128,115,0.8984,4.0,512,1024,2048,8192,7568,10161.962,11004.999,9883.405,-0.3304
mixed,128,115,0.8984,4.0,512,1024,4096,16384,15136,20371.862,22056.048,19640.093,-0.4345
mixed,128,115,0.8984,4.0,512,2048,128,512,473,722.077,765.596,727.55,0.1258
mixed,128,115,0.8984,4.0,512,2048,256,1024,946,1306.042,1416.279,1321.786,0.1428
mixed,128,115,0.8984,4.0,512,2048,512,2048,1892,2530.098,2735.569,2546.899,0.0818
mixed,128,115,0.8984,4.0,512,2048,1024,4096,3784,5012.295,5431.59,4998.341,-0.0333
mixed,128,115,0.8984,4.0,512,2048,2048,8192,7568,10112.461,10977.129,9941.231,-0.198
mixed,128,115,0.8984,4.0,512,2048,4096,16384,15136,20347.772,22039.927,19671.809,-0.3995
mixed,128,115,0.8984,4.0,512,4096,128,512,473,886.17,944.7,911.068,0.4254
mixed,128,115,0.8984,4.0,512,4096,256,1024,946,1398.331,1518.745,1433.241,0.2899
mixed,128,115,0.8984,4.0,512,4096,512,2048,1892,2549.746,2759.827,2575.38,0.122
mixed,128,115,0.8984,4.0,512,4096,1024,4096,3784,5011.4,5402.793,5045.704,0.0876
mixed,128,115,0.8984,4.0,512,4096,2048,8192,7568,10008.306,10865.998,9938.736,-0.0811
mixed,128,115,0.8984,4.0,512,4096,4096,16384,15136,20251.135,21929.498,19835.043,-0.2479
mixed,128,115,0.8984,4.0,512,8192,128,512,473,1214.073,1260.025,1239.13,0.5453
mixed,128,115,0.8984,4.0,512,8192,256,1024,946,1726.104,1814.519,1756.28,0.3413
mixed,128,115,0.8984,4.0,512,8192,512,2048,1892,2762.74,2952.21,2754.453,-0.0437
mixed,128,115,0.8984,4.0,512,8192,1024,4096,3784,5041.832,5449.896,5099.784,0.142
mixed,128,115,0.8984,4.0,512,8192,2048,8192,7568,9923.888,10794.062,10007.924,0.0966
mixed,128,115,0.8984,4.0,512,8192,4096,16384,15136,20038.364,21703.517,19875.683,-0.0977
mixed,128,115,0.8984,4.0,1024,0,128,512,473,703.709,762.62,723.997,0.3444
mixed,128,115,0.8984,4.0,1024,0,256,1024,946,1313.468,1420.378,1320.922,0.0697
mixed,128,115,0.8984,4.0,1024,0,512,2048,1892,2555.605,2774.356,2553.14,-0.0113
mixed,128,115,0.8984,4.0,1024,0,1024,4096,3784,5100.266,5514.632,5007.017,-0.225
mixed,128,115,0.8984,4.0,1024,0,2048,8192,7568,10203.578,11040.111,9894.323,-0.3697
mixed,128,115,0.8984,4.0,1024,0,4096,16384,15136,20411.334,22081.246,19665.131,-0.4469
mixed,128,115,0.8984,4.0,1024,512,128,512,473,709.661,775.261,736.987,0.4166
mixed,128,115,0.8984,4.0,1024,512,256,1024,946,1327.225,1424.826,1326.618,-0.0062
mixed,128,115,0.8984,4.0,1024,512,512,2048,1892,2551.476,2759.379,2560.788,0.0448
mixed,128,115,0.8984,4.0,1024,512,1024,4096,3784,5085.962,5503.592,5014.156,-0.1719
mixed,128,115,0.8984,4.0,1024,512,2048,8192,7568,10181.582,11019.761,9925.812,-0.3051
mixed,128,115,0.8984,4.0,1024,512,4096,16384,15136,20401.417,22057.698,19687.979,-0.4307
mixed,128,115,0.8984,4.0,1024,1024,128,512,473,716.54,781.212,746.333,0.4607
mixed,128,115,0.8984,4.0,1024,1024,256,1024,946,1335.741,1437.37,1336.123,0.0038
mixed,128,115,0.8984,4.0,1024,1024,512,2048,1892,2557.654,2780.052,2564.503,0.0308
mixed,128,115,0.8984,4.0,1024,1024,1024,4096,3784,5059.758,5497.003,5033.512,-0.06
mixed,128,115,0.8984,4.0,1024,1024,2048,8192,7568,10163.51,11006.709,9952.697,-0.25
mixed,128,115,0.8984,4.0,1024,1024,4096,16384,15136,20382.412,22064.198,19709.616,-0.4
mixed,128,115,0.8984,4.0,1024,2048,128,512,473,787.932,833.853,821.885,0.7394
mixed,128,115,0.8984,4.0,1024,2048,256,1024,946,1340.666,1457.563,1342.105,0.0123
mixed,128,115,0.8984,4.0,1024,2048,512,2048,1892,2563.316,2776.308,2593.527,0.1418
mixed,128,115,0.8984,4.0,1024,2048,1024,4096,3784,5041.707,5455.82,5076.78,0.0847
mixed,128,115,0.8984,4.0,1024,2048,2048,8192,7568,10087.319,10935.444,9973.052,-0.1347
mixed,128,115,0.8984,4.0,1024,2048,4096,16384,15136,20335.417,22023.526,19750.231,-0.3467
mixed,128,115,0.8984,4.0,1024,4096,128,512,473,1009.241,1061.211,1040.539,0.6022
mixed,128,115,0.8984,4.0,1024,4096,256,1024,946,1391.289,1519.389,1460.153,0.5376
mixed,128,115,0.8984,4.0,1024,4096,512,2048,1892,2606.838,2807.796,2614.837,0.0398
mixed,128,115,0.8984,4.0,1024,4096,1024,4096,3784,5026.7,5452.235,5108.589,0.1924
mixed,128,115,0.8984,4.0,1024,4096,2048,8192,7568,9969.978,10850.713,10077.208,0.1218
mixed,128,115,0.8984,4.0,1024,4096,4096,16384,15136,20175.988,21835.595,19820.31,-0.2143
mixed,128,115,0.8984,4.0,1024,8192,128,512,473,1433.179,1511.003,1483.77,0.6501
mixed,128,115,0.8984,4.0,1024,8192,256,1024,946,1798.458,1888.408,1848.44,0.5557
mixed,128,115,0.8984,4.0,1024,8192,512,2048,1892,2775.672,2957.397,2864.406,0.4883
mixed,128,115,0.8984,4.0,1024,8192,1024,4096,3784,5088.623,5513.229,5191.083,0.2413
mixed,128,115,0.8984,4.0,1024,8192,2048,8192,7568,9961.307,10794.102,10167.578,0.2477
mixed,128,115,0.8984,4.0,1024,8192,4096,16384,15136,19935.086,21573.328,20084.984,0.0915
mixed,128,115,0.8984,4.0,2048,0,128,512,473,859.037,928.54,892.092,0.4756
mixed,128,115,0.8984,4.0,2048,0,256,1024,946,1381.722,1483.385,1410.491,0.283
mixed,128,115,0.8984,4.0,2048,0,512,2048,1892,2605.655,2805.077,2600.183,-0.0274
mixed,128,115,0.8984,4.0,2048,0,1024,4096,3784,5080.204,5517.772,5069.037,-0.0255
mixed,128,115,0.8984,4.0,2048,0,2048,8192,7568,10193.787,11028.315,10000.765,-0.2313
mixed,128,115,0.8984,4.0,2048,0,4096,16384,15136,20400.697,22076.181,19761.211,-0.3817
mixed,128,115,0.8984,4.0,2048,512,128,512,473,918.141,986.686,948.253,0.4393
mixed,128,115,0.8984,4.0,2048,512,256,1024,946,1413.05,1516.827,1437.819,0.2387
mixed,128,115,0.8984,4.0,2048,512,512,2048,1892,2621.335,2822.422,2613.973,-0.0366
mixed,128,115,0.8984,4.0,2048,512,1024,4096,3784,5088.656,5493.42,5090.125,0.0036
mixed,128,115,0.8984,4.0,2048,512,2048,8192,7568,10156.256,11004.351,9998.751,-0.1857
mixed,128,115,0.8984,4.0,2048,512,4096,16384,15136,20382.846,22070.52,19818.842,-0.3342
mixed,128,115,0.8984,4.0,2048,1024,128,512,473,976.446,1045.052,1009.884,0.4874
mixed,128,115,0.8984,4.0,2048,1024,256,1024,946,1442.266,1545.467,1456.444,0.1374
mixed,128,115,0.8984,4.0,2048,1024,512,2048,1892,2627.096,2843.412,2634.007,0.0319
mixed,128,115,0.8984,4.0,2048,1024,1024,4096,3784,5134.094,5529.101,5104.557,-0.0748
mixed,128,115,0.8984,4.0,2048,1024,2048,8192,7568,10111.678,10954.558,10078.622,-0.0392
mixed,128,115,0.8984,4.0,2048,1024,4096,16384,15136,20351.452,22035.065,19843.165,-0.3019
mixed,128,115,0.8984,4.0,2048,2048,128,512,473,1137.5,1181.691,1168.443,0.7002
mixed,128,115,0.8984,4.0,2048,2048,256,1024,946,1488.028,1587.708,1511.099,0.2315
mixed,128,115,0.8984,4.0,2048,2048,512,2048,1892,2665.622,2901.847,2683.897,0.0774
mixed,128,115,0.8984,4.0,2048,2048,1024,4096,3784,5146.194,5560.016,5165.331,0.0462
mixed,128,115,0.8984,4.0,2048,2048,2048,8192,7568,10139.04,10954.844,10128.486,-0.0129
mixed,128,115,0.8984,4.0,2048,2048,4096,16384,15136,20306.144,22012.09,19951.298,-0.208
mixed,128,115,0.8984,4.0,2048,4096,128,512,473,1457.145,1509.628,1491.069,0.6464
mixed,128,115,0.8984,4.0,2048,4096,256,1024,946,1716.187,1761.37,1722.811,0.1466
mixed,128,115,0.8984,4.0,2048,4096,512,2048,1892,2711.608,2973.655,2732.088,0.0782
mixed,128,115,0.8984,4.0,2048,4096,1024,4096,3784,5242.701,5671.663,5256.396,0.0319
mixed,128,115,0.8984,4.0,2048,4096,2048,8192,7568,10193.184,11059.099,10243.58,0.0582
mixed,128,115,0.8984,4.0,2048,4096,4096,16384,15136,20115.235,21904.635,20183.521,0.0382
mixed,128,115,0.8984,4.0,2048,8192,128,512,473,2087.866,2139.514,2113.754,0.5012
mixed,128,115,0.8984,4.0,2048,8192,256,1024,946,2328.025,2435.513,2376.313,0.4492
mixed,128,115,0.8984,4.0,2048,8192,512,2048,1892,2989.209,3152.31,2989.75,0.0033
mixed,128,115,0.8984,4.0,2048,8192,1024,4096,3784,5366.577,5812.59,5368.016,0.0032
mixed,128,115,0.8984,4.0,2048,8192,2048,8192,7568,10369.792,11132.224,10441.759,0.0944
mixed,128,115,0.8984,4.0,2048,8192,4096,16384,15136,20337.085,21958.684,20437.38,0.0618
pure,256,1,0.0039,4.0,0,0,128,512,129,174.656,447.965,174.271,-0.0014
pure,256,1,0.0039,4.0,0,0,256,1024,259,270.974,802.559,270.176,-0.0015
pure,256,1,0.0039,4.0,0,0,512,2048,518,451.167,1515.355,448.607,-0.0024
pure,256,1,0.0039,4.0,0,0,1024,4096,1036,811.102,2933.814,809.756,-0.0006
pure,256,1,0.0039,4.0,0,0,2048,8192,2072,1527.293,5858.894,1527.451,0.0
pure,256,1,0.0039,4.0,0,0,4096,16384,4144,2998.584,11702.143,2950.615,-0.0055
pure,256,2,0.0078,4.0,0,0,128,512,131,176.926,445.695,175.391,-0.0057
pure,256,2,0.0078,4.0,0,0,256,1024,262,274.017,804.541,268.351,-0.0107
pure,256,2,0.0078,4.0,0,0,512,2048,524,451.134,1515.803,452.127,0.0009
pure,256,2,0.0078,4.0,0,0,1024,4096,1048,813.726,2937.112,812.862,-0.0004
pure,256,2,0.0078,4.0,0,0,2048,8192,2096,1534.426,5849.681,1526.651,-0.0018
pure,256,2,0.0078,4.0,0,0,4096,16384,4192,3017.496,11687.17,3002.136,-0.0018
pure,256,3,0.0117,4.0,0,0,128,512,132,177.503,447.327,173.824,-0.0136
pure,256,3,0.0117,4.0,0,0,256,1024,265,272.417,803.328,267.904,-0.0085
pure,256,3,0.0117,4.0,0,0,512,2048,530,458.174,1516.35,448.832,-0.0088
pure,256,3,0.0117,4.0,0,0,1024,4096,1060,821.662,2939.224,809.533,-0.0057
pure,256,3,0.0117,4.0,0,0,2048,8192,2120,1557.084,5855.6,1532.54,-0.0057
pure,256,3,0.0117,4.0,0,0,4096,16384,4240,3062.072,11688.706,2996.632,-0.0076
pure,256,4,0.0156,4.0,0,0,128,512,134,176.926,445.441,175.84,-0.004
pure,256,4,0.0156,4.0,0,0,256,1024,268,273.118,803.774,269.631,-0.0066
pure,256,4,0.0156,4.0,0,0,512,2048,536,458.912,1513.532,451.646,-0.0069
pure,256,4,0.0156,4.0,0,0,1024,4096,1072,828.928,2938.809,813.344,-0.0074
pure,256,4,0.0156,4.0,0,0,2048,8192,2144,1566.493,5865.939,1534.236,-0.0075
pure,256,4,0.0156,4.0,0,0,4096,16384,4288,3088.538,11689.317,3003.352,-0.0099
pure,256,16,0.0625,4.0,0,0,128,512,152,181.342,448.32,178.274,-0.0115
pure,256,16,0.0625,4.0,0,0,256,1024,304,281.601,806.588,275.358,-0.0119
pure,256,16,0.0625,4.0,0,0,512,2048,608,489.502,1517.564,468.542,-0.0204
pure,256,16,0.0625,4.0,0,0,1024,4096,1216,922.206,2941.371,860.222,-0.0307
pure,256,16,0.0625,4.0,0,0,2048,8192,2432,1779.898,5853.203,1648.83,-0.0322
pure,256,16,0.0625,4.0,0,0,4096,16384,4864,3502.779,11685.929,3229.208,-0.0334
pure,256,32,0.125,4.0,0,0,128,512,176,187.777,447.39,190.208,0.0094
pure,256,32,0.125,4.0,0,0,256,1024,352,307.615,802.527,302.496,-0.0103
pure,256,32,0.125,4.0,0,0,512,2048,704,563.965,1518.235,527.071,-0.0387
pure,256,32,0.125,4.0,0,0,1024,4096,1408,1079.327,2936.89,1000.957,-0.0422
pure,256,32,0.125,4.0,0,0,2048,8192,2816,2056.574,5854.739,1940.188,-0.0306
pure,256,32,0.125,4.0,0,0,4096,16384,5632,4029.848,11698.665,3825.655,-0.0266
pure,256,64,0.25,4.0,0,0,128,512,224,215.327,448.03,224.96,0.0414
pure,256,64,0.25,4.0,0,0,256,1024,448,382.815,804.477,363.36,-0.0461
pure,256,64,0.25,4.0,0,0,512,2048,896,714.59,1513.213,649.95,-0.0809
pure,256,64,0.25,4.0,0,0,1024,4096,1792,1346.587,2931.098,1240.289,-0.0671
pure,256,64,0.25,4.0,0,0,2048,8192,3584,2579.419,5858.164,2400.251,-0.0546
pure,256,64,0.25,4.0,0,0,4096,16384,7168,5118.966,11695.402,4755.158,-0.0553
pure,256,128,0.5,4.0,0,0,128,512,320,291.937,447.229,289.248,-0.0173
pure,256,128,0.5,4.0,0,0,256,1024,640,542.174,803.133,492.991,-0.1885
pure,256,128,0.5,4.0,0,0,512,2048,1280,985.247,1513.406,924.124,-0.1157
pure,256,128,0.5,4.0,0,0,1024,4096,2560,1875.74,2930.938,1736.189,-0.1323
pure,256,128,0.5,4.0,0,0,2048,8192,5120,3691.228,5853.113,3405.819,-0.132
pure,256,128,0.5,4.0,0,0,4096,16384,10240,7329.553,11701.258,6700.403,-0.1439
pure,256,192,0.75,4.0,0,0,128,512,416,369.151,446.494,352.287,-0.218
pure,256,192,0.75,4.0,0,0,256,1024,832,648.029,803.231,621.726,-0.1695
pure,256,192,0.75,4.0,0,0,512,2048,1664,1259.004,1517.469,1174.654,-0.3263
pure,256,192,0.75,4.0,0,0,1024,4096,3328,2421.18,2938.267,2283.455,-0.2663
pure,256,192,0.75,4.0,0,0,2048,8192,6656,4778.711,5848.855,4506.968,-0.2539
pure,256,192,0.75,4.0,0,0,4096,16384,13312,9540.019,11704.846,8940.304,-0.277
pure,256,230,0.8984,4.0,0,0,128,512,473,395.359,447.518,388.029,-0.1405
pure,256,230,0.8984,4.0,0,0,256,1024,946,731.964,805.601,687.584,-0.6027
pure,256,230,0.8984,4.0,0,0,512,2048,1892,1392.832,1512.926,1293.727,-0.8252
pure,256,230,0.8984,4.0,0,0,1024,4096,3784,2723.1,2944.507,2528.7,-0.878
pure,256,230,0.8984,4.0,0,0,2048,8192,7568,5415.094,5851.156,4971.608,-1.017
pure,256,230,0.8984,4.0,0,0,4096,16384,15136,10832.467,11699.151,9857.39,-1.1251
mixed,4,1,0.25,1.5,16,0,128,192,144,45.695,46.239,45.504,-0.3511
mixed,4,1,0.25,2.0,16,0,128,256,160,45.727,55.168,54.304,0.9085
mixed,4,1,0.25,8.0,16,0,128,1024,352,57.184,119.36,118.561,0.9871
mixed,4,1,0.25,16.0,16,0,128,2048,608,78.207,207.327,204.512,0.9782
mixed,8,1,0.125,1.5,16,0,128,192,136,45.119,46.016,46.272,1.2854
mixed,8,1,0.125,2.0,16,0,128,256,144,45.024,54.88,54.143,0.9252
mixed,8,1,0.125,8.0,16,0,128,1024,240,46.945,120.224,118.337,0.9742
mixed,8,1,0.125,16.0,16,0,128,2048,368,57.632,208.097,204.832,0.9783
mixed,4,2,0.5,1.5,16,0,128,192,160,45.633,46.368,45.759,0.1714
mixed,4,2,0.5,2.0,16,0,128,256,192,46.174,55.104,54.016,0.8782
pure,4,1,0.25,2.0,0,0,128,256,160,58.146,58.752,58.784,1.0528
pure,4,1,0.25,8.0,0,0,128,1024,352,59.071,66.368,62.591,0.4824
pure,4,1,0.25,16.0,0,0,128,2048,608,61.343,80.319,68.703,0.3879
