prefill_chunk,kv_prefill,n_decode,kv_decode,time_us
0,0,1,16,12.2447
0,0,1,32,12.299
0,0,1,64,12.3953
0,0,1,128,17.5997
0,0,1,256,17.7603
0,0,1,512,18.347
0,0,1,1024,20.171
0,0,1,2048,24.896
0,0,1,4096,35.9783
0,0,1,8192,51.4773
0,0,1,16384,86.2833
0,0,2,16,18.1973
0,0,2,32,18.176
0,0,2,64,18.3787
0,0,2,128,21.8347
0,0,2,256,22.1657
0,0,2,512,23.7013
0,0,2,1024,27.6913
0,0,2,2048,37.6433
0,0,2,4096,52.981
0,0,2,8192,83.435
0,0,2,16384,139.457
0,0,4,16,18.1127
0,0,4,32,18.133
0,0,4,64,18.3677
0,0,4,128,22.0807
0,0,4,256,23.0933
0,0,4,512,26.7843
0,0,4,1024,36.138
0,0,4,2048,51.0613
0,0,4,4096,80.9927
0,0,4,8192,135.893
0,0,4,16384,247.371
0,0,8,16,18.155
0,0,8,32,18.4207
0,0,8,64,18.8693
0,0,8,128,22.8587
0,0,8,256,28.8853
0,0,8,512,35.5737
0,0,8,1024,50.8487
0,0,8,2048,80.438
0,0,8,4096,134.4
0,0,8,8192,242.624
0,0,8,16384,462.283
0,0,16,16,18.8163
0,0,16,32,19.413
0,0,16,64,20.2557
0,0,16,128,29.0667
0,0,16,256,37.547
0,0,16,512,52.896
0,0,16,1024,81.6533
0,0,16,2048,138.667
0,0,16,4096,250.88
0,0,16,8192,465.238
0,0,16,16384,913.867
0,0,32,16,24.492
0,0,32,32,25.0983
0,0,32,64,27.2537
0,0,32,128,37.344
0,0,32,256,53.3443
0,0,32,512,83.477
0,0,32,1024,139.468
0,0,32,2048,251.51
0,0,32,4096,479.83
0,0,32,8192,915.533
0,0,32,16384,1818.54
0,0,64,16,34.7197
0,0,64,32,35.339
0,0,64,64,37.9733
0,0,64,128,60.758
0,0,64,256,97.3867
0,0,64,512,160.523
0,0,64,1024,287.148
0,0,64,2048,536.813
0,0,64,4096,1029.83
0,0,64,8192,2011.22
0,0,64,16384,4058.22
0,0,128,16,52.6833
0,0,128,32,54.582
0,0,128,64,59.5727
0,0,128,128,100.064
0,0,128,256,155.222
0,0,128,512,276.298
0,0,128,1024,510.583
0,0,128,2048,980.387
0,0,128,4096,1933.19
0,0,128,8192,3798.49
0,0,128,16384,7648.06
0,0,256,16,92.0113
0,0,256,32,93.5153
0,0,256,64,103.68
0,0,256,128,171.937
0,0,256,256,278.06
0,0,256,512,509.943
0,0,256,1024,971.534
0,0,256,2048,1889.83
0,0,256,4096,3741.77
0,0,256,8192,7440.46
0,0,256,16384,14870
16,0,0,0,12.8107
16,0,1,16,12.7573
16,0,1,32,12.7147
16,0,1,64,12.7257
16,0,1,128,15.0613
16,0,1,256,18.56
16,0,1,512,25.4933
16,0,1,1024,39.9253
16,0,1,2048,68.8317
16,0,1,4096,126.369
16,0,1,8192,240.779
16,0,1,16384,471.328
16,0,2,16,12.811
16,0,2,32,12.7143
16,0,2,64,12.779
16,0,2,128,15.2647
16,0,2,256,18.8167
16,0,2,512,25.984
16,0,2,1024,40.1707
16,0,2,2048,69.131
16,0,2,4096,126.741
16,0,2,8192,241.557
16,0,2,16384,473.901
16,0,4,16,12.9277
16,0,4,32,12.9173
16,0,4,64,12.9603
16,0,4,128,15.424
16,0,4,256,19.168
16,0,4,512,26.3473
16,0,4,1024,41.0883
16,0,4,2048,70.3467
16,0,4,4096,128.288
16,0,4,8192,245.228
16,0,4,16384,478.679
16,0,8,16,18.5813
16,0,8,32,18.72
16,0,8,64,18.816
16,0,8,128,24.3953
16,0,8,256,32.1597
16,0,8,512,46.474
16,0,8,1024,75.4987
16,0,8,2048,135.552
16,0,8,4096,253.845
16,0,8,8192,489.974
16,0,8,16384,964.419
16,0,16,16,29.056
16,0,16,32,29.3653
16,0,16,64,29.7923
16,0,16,128,41.5467
16,0,16,256,56.0323
16,0,16,512,85.8887
16,0,16,1024,147.105
16,0,16,2048,266.795
16,0,16,4096,511.957
16,0,16,8192,1024.1
16,0,16,16384,2091.58
16,0,32,16,45.0133
16,0,32,32,45.9733
16,0,32,64,46.6667
16,0,32,128,68.1177
16,0,32,256,97.4407
16,0,32,512,172.022
16,0,32,1024,305.42
16,0,32,2048,589.442
16,0,32,4096,1261.67
16,0,32,8192,2691.15
16,0,32,16384,5526.12
16,0,64,16,77.3863
16,0,64,32,79.2853
16,0,64,64,82.4213
16,0,64,128,131.584
16,0,64,256,226.411
16,0,64,512,436.738
16,0,64,1024,850.668
16,0,64,2048,1744.85
16,0,64,4096,3411.09
16,0,64,8192,7201.09
16,0,64,16384,14398.5
16,0,128,16,142.752
16,0,128,32,146.795
16,0,128,64,152.267
16,0,128,128,278.166
16,0,128,256,493.943
16,0,128,512,954.819
16,0,128,1024,1865.71
16,0,128,2048,3701.62
16,0,128,4096,7359.68
16,0,128,8192,14688.8
16,0,128,16384,29346.8
16,16,0,0,12.9817
16,16,1,16,12.9177
16,16,1,32,12.9173
16,16,1,64,13.0563
16,16,1,128,15.115
16,16,1,256,18.5813
16,16,1,512,25.5357
16,16,1,1024,40.0003
16,16,1,2048,68.8533
16,16,1,4096,126.347
16,16,1,8192,240.918
16,16,1,16384,471.298
16,16,2,16,13.099
16,16,2,32,13.0877
16,16,2,64,13.1413
16,16,2,128,15.2
16,16,2,256,18.859
16,16,2,512,25.888
16,16,2,1024,40.16
16,16,2,2048,68.8857
16,16,2,4096,126.625
16,16,2,8192,241.621
16,16,2,16384,474.028
16,16,4,16,13.216
16,16,4,32,13.3227
16,16,4,64,13.4077
16,16,4,128,15.4983
16,16,4,256,19.104
16,16,4,512,26.4
16,16,4,1024,41.3547
16,16,4,2048,70.3573
16,16,4,4096,128.171
16,16,4,8192,245.291
16,16,4,16384,478.593
16,16,8,16,18.8373
16,16,8,32,19.04
16,16,8,64,19.499
16,16,8,128,24.3837
16,16,8,256,32.128
16,16,8,512,46.4533
16,16,8,1024,75.9897
16,16,8,2048,135.307
16,16,8,4096,254.07
16,16,8,8192,490.357
16,16,8,16384,962.959
16,16,16,16,29.2373
16,16,16,32,29.7497
16,16,16,64,30.432
16,16,16,128,41.4513
16,16,16,256,56.075
16,16,16,512,85.909
16,16,16,1024,147.488
16,16,16,2048,266.364
16,16,16,4096,513.215
16,16,16,8192,1042.15
16,16,16,16384,2052.85
16,16,32,16,45.088
16,16,32,32,46.1333
16,16,32,64,47.0293
16,16,32,128,68.1063
16,16,32,256,97.387
16,16,32,512,172.193
16,16,32,1024,304.47
16,16,32,2048,581.474
16,16,32,4096,1287.2
16,16,32,8192,2855.15
16,16,32,16384,5549.59
16,16,64,16,77.4297
16,16,64,32,79.2957
16,16,64,64,82.7847
16,16,64,128,131.382
16,16,64,256,226.293
16,16,64,512,441.078
16,16,64,1024,843.969
16,16,64,2048,1726.63
16,16,64,4096,3431.11
16,16,64,8192,7082.59
16,16,64,16384,14210
16,16,128,16,142.603
16,16,128,32,147.051
16,16,128,64,152.224
16,16,128,128,276.566
16,16,128,256,494.23
16,16,128,512,954.83
16,16,128,1024,1867.25
16,16,128,2048,3704.57
16,16,128,4096,7368.55
16,16,128,8192,14699
16,16,128,16384,29342.7
16,32,0,0,13.0563
16,32,1,16,12.992
16,32,1,32,13.1733
16,32,1,64,13.216
16,32,1,128,15.1353
16,32,1,256,18.517
16,32,1,512,25.5893
16,32,1,1024,39.904
16,32,1,2048,68.779
16,32,1,4096,126.315
16,32,1,8192,240.875
16,32,1,16384,471.34
16,32,2,16,13.0347
16,32,2,32,13.1307
16,32,2,64,13.205
16,32,2,128,15.3067
16,32,2,256,18.8587
16,32,2,512,25.92
16,32,2,1024,40.203
16,32,2,2048,68.9707
16,32,2,4096,126.773
16,32,2,8192,241.536
16,32,2,16384,474.039
16,32,4,16,13.2587
16,32,4,32,13.355
16,32,4,64,13.5147
16,32,4,128,15.445
16,32,4,256,19.1467
16,32,4,512,26.347
16,32,4,1024,41.248
16,32,4,2048,70.0907
16,32,4,4096,128.469
16,32,4,8192,245.078
16,32,4,16384,478.518
16,32,8,16,18.8373
16,32,8,32,19.0823
16,32,8,64,19.456
16,32,8,128,24.3737
16,32,8,256,32.1387
16,32,8,512,46.4963
16,32,8,1024,76.2777
16,32,8,2048,135.307
16,32,8,4096,253.388
16,32,8,8192,490.859
16,32,8,16384,961.975
16,32,16,16,29.2377
16,32,16,32,29.792
16,32,16,64,30.432
16,32,16,128,41.4187
16,32,16,256,56.32
16,32,16,512,85.952
16,32,16,1024,146.347
16,32,16,2048,266.389
16,32,16,4096,512.15
16,32,16,8192,1037.74
16,32,16,16384,2046.34
16,32,32,16,45.0667
16,32,32,32,46.1013
16,32,32,64,47.136
16,32,32,128,68.0643
16,32,32,256,97.3337
16,32,32,512,172.139
16,32,32,1024,304.257
16,32,32,2048,594.476
16,32,32,4096,1256.27
16,32,32,8192,2850.02
16,32,32,16384,5537.67
16,32,64,16,77.3017
16,32,64,32,79.2747
16,32,64,64,82.6883
16,32,64,128,131.381
16,32,64,256,225.772
16,32,64,512,440.513
16,32,64,1024,846.903
16,32,64,2048,1738.88
16,32,64,4096,3428.11
16,32,64,8192,7191.51
16,32,64,16384,14335.1
16,32,128,16,142.646
16,32,128,32,147.009
16,32,128,64,152.523
16,32,128,128,280.759
16,32,128,256,494.028
16,32,128,512,955.896
16,32,128,1024,1865.54
16,32,128,2048,3701.46
16,32,128,4096,7359.56
16,32,128,8192,14694.1
16,32,128,16384,29338.5
16,64,0,0,13.152
16,64,1,16,13.0133
16,64,1,32,13.1307
16,64,1,64,13.1307
16,64,1,128,15.136
16,64,1,256,18.528
16,64,1,512,25.547
16,64,1,1024,39.925
16,64,1,2048,68.79
16,64,1,4096,126.421
16,64,1,8192,240.822
16,64,1,16384,471.308
16,64,2,16,12.9703
16,64,2,32,13.216
16,64,2,64,13.2373
16,64,2,128,15.2963
16,64,2,256,18.9013
16,64,2,512,25.952
16,64,2,1024,40.2027
16,64,2,2048,69.2803
16,64,2,4096,126.806
16,64,2,8192,241.569
16,64,2,16384,473.953
16,64,4,16,13.2907
16,64,4,32,13.4827
16,64,4,64,13.5683
16,64,4,128,15.4987
16,64,4,256,19.1363
16,64,4,512,26.3897
16,64,4,1024,41.3547
16,64,4,2048,70.4103
16,64,4,4096,128.299
16,64,4,8192,245.154
16,64,4,16384,479.468
16,64,8,16,18.9973
16,64,8,32,19.2213
16,64,8,64,19.52
16,64,8,128,24.5227
16,64,8,256,32.0853
16,64,8,512,46.4323
16,64,8,1024,76.011
16,64,8,2048,135.19
16,64,8,4096,253.877
16,64,8,8192,489.91
16,64,8,16384,962.253
16,64,16,16,29.3867
16,64,16,32,29.803
16,64,16,64,30.592
16,64,16,128,41.664
16,64,16,256,56.149
16,64,16,512,86.027
16,64,16,1024,146.934
16,64,16,2048,266.678
16,64,16,4096,510.87
16,64,16,8192,1020.08
16,64,16,16384,2029.78
16,64,32,16,45.0243
16,64,32,32,45.9737
16,64,32,64,46.9763
16,64,32,128,68.075
16,64,32,256,97.696
16,64,32,512,172.107
16,64,32,1024,304.694
16,64,32,2048,595.83
16,64,32,4096,1235.52
16,64,32,8192,2762.87
16,64,32,16384,5694.71
16,64,64,16,77.4717
16,64,64,32,79.3067
16,64,64,64,82.8803
16,64,64,128,131.53
16,64,64,256,226.689
16,64,64,512,440.833
16,64,64,1024,838.818
16,64,64,2048,1716.96
16,64,64,4096,3436.69
16,64,64,8192,7104.08
16,64,64,16384,14310.5
16,64,128,16,143.008
16,64,128,32,147.083
16,64,128,64,152.715
16,64,128,128,279.201
16,64,128,256,495.553
16,64,128,512,956.653
16,64,128,1024,1866.61
16,64,128,2048,3705.56
16,64,128,4096,7360.19
16,64,128,8192,14697.3
16,64,128,16384,29340
16,128,0,0,16.48
16,128,1,16,15.275
16,128,1,32,15.264
16,128,1,64,15.2427
16,128,1,128,16.3733
16,128,1,256,18.5497
16,128,1,512,25.6
16,128,1,1024,39.9573
16,128,1,2048,68.896
16,128,1,4096,126.326
16,128,1,8192,240.95
16,128,1,16384,471.436
16,128,2,16,15.3603
16,128,2,32,15.424
16,128,2,64,15.3387
16,128,2,128,16.4693
16,128,2,256,18.8267
16,128,2,512,25.8877
16,128,2,1024,40.2667
16,128,2,2048,69.024
16,128,2,4096,126.795
16,128,2,8192,241.696
16,128,2,16384,474.113
16,128,4,16,15.1147
16,128,4,32,15.2
16,128,4,64,15.3177
16,128,4,128,16.608
16,128,4,256,19.2217
16,128,4,512,26.4533
16,128,4,1024,41.376
16,128,4,2048,70.2613
16,128,4,4096,128.822
16,128,4,8192,245.281
16,128,4,16384,478.657
16,128,8,16,22.4
16,128,8,32,22.6347
16,128,8,64,22.624
16,128,8,128,25.984
16,128,8,256,32.0427
16,128,8,512,46.6667
16,128,8,1024,75.4983
16,128,8,2048,135.712
16,128,8,4096,253.771
16,128,8,8192,490.465
16,128,8,16384,965.901
16,128,16,16,32.7787
16,128,16,32,33.0777
16,128,16,64,33.76
16,128,16,128,43.125
16,128,16,256,56.5013
16,128,16,512,85.771
16,128,16,1024,150.155
16,128,16,2048,271.297
16,128,16,4096,514.71
16,128,16,8192,1036.61
16,128,16,16384,2053.54
16,128,32,16,46.6557
16,128,32,32,47.1043
16,128,32,64,47.5947
16,128,32,128,69.7387
16,128,32,256,98.4953
16,128,32,512,170.251
16,128,32,1024,310.955
16,128,32,2048,609.783
16,128,32,4096,1266.98
16,128,32,8192,2835.11
16,128,32,16384,5468.49
16,128,64,16,77.4827
16,128,64,32,79.2747
16,128,64,64,82.9013
16,128,64,128,131.99
16,128,64,256,232.236
16,128,64,512,446.828
16,128,64,1024,850.85
16,128,64,2048,1734.66
16,128,64,4096,3471.18
16,128,64,8192,7145.81
16,128,64,16384,14385.8
16,128,128,16,143.147
16,128,128,32,147.307
16,128,128,64,152.971
16,128,128,128,282.38
16,128,128,256,496.897
16,128,128,512,957.037
16,128,128,1024,1867.92
16,128,128,2048,3702.45
16,128,128,4096,7366.79
16,128,128,8192,14693.6
16,128,128,16384,29347.8
16,256,0,0,20.0427
16,256,1,16,18.741
16,256,1,32,18.656
16,256,1,64,18.6777
16,256,1,128,18.7203
16,256,1,256,19.9573
16,256,1,512,25.621
16,256,1,1024,39.9893
16,256,1,2048,68.8107
16,256,1,4096,126.39
16,256,1,8192,241.003
16,256,1,16384,471.627
16,256,2,16,18.9227
16,256,2,32,18.9547
16,256,2,64,18.9873
16,256,2,128,18.9763
16,256,2,256,20.0217
16,256,2,512,25.909
16,256,2,1024,40.2133
16,256,2,2048,68.96
16,256,2,4096,126.688
16,256,2,8192,241.857
16,256,2,16384,474.154
16,256,4,16,18.6563
16,256,4,32,18.6773
16,256,4,64,18.7837
16,256,4,128,18.8583
16,256,4,256,20.256
16,256,4,512,26.7627
16,256,4,1024,41.1947
16,256,4,2048,70.304
16,256,4,4096,128.342
16,256,4,8192,245.397
16,256,4,16384,479.063
16,256,8,16,25.973
16,256,8,32,26.1223
16,256,8,64,26.2293
16,256,8,128,29.5043
16,256,8,256,33.3973
16,256,8,512,46.72
16,256,8,1024,75.9573
16,256,8,2048,137.014
16,256,8,4096,255.435
16,256,8,8192,492.235
16,256,8,16384,965.485
16,256,16,16,36.0857
16,256,16,32,36.256
16,256,16,64,37.4503
16,256,16,128,46.3573
16,256,16,256,57.9733
16,256,16,512,85.7067
16,256,16,1024,152.821
16,256,16,2048,282.571
16,256,16,4096,532.716
16,256,16,8192,1053.94
16,256,16,16384,2088.53
16,256,32,16,51.7437
16,256,32,32,52.501
16,256,32,64,53.3013
16,256,32,128,69.835
16,256,32,256,100.896
16,256,32,512,170.72
16,256,32,1024,319.329
16,256,32,2048,612.865
16,256,32,4096,1305.03
16,256,32,8192,2704.7
16,256,32,16384,5572.4
16,256,64,16,80.203
16,256,64,32,82.027
16,256,64,64,85.9943
16,256,64,128,131.925
16,256,64,256,234.966
16,256,64,512,454.444
16,256,64,1024,868.045
16,256,64,2048,1746.51
16,256,64,4096,3473.84
16,256,64,8192,7089.64
16,256,64,16384,14317.7
16,256,128,16,143.563
16,256,128,32,147.841
16,256,128,64,153.792
16,256,128,128,281.825
16,256,128,256,498.818
16,256,128,512,957.4
16,256,128,1024,1870.68
16,256,128,2048,3710.4
16,256,128,4096,7367.83
16,256,128,8192,14692.3
16,256,128,16384,29353.2
16,512,0,0,26.9867
16,512,1,16,25.6953
16,512,1,32,25.7173
16,512,1,64,25.664
16,512,1,128,25.6963
16,512,1,256,25.7277
16,512,1,512,26.9973
16,512,1,1024,40
16,512,1,2048,68.8853
16,512,1,4096,126.539
16,512,1,8192,240.939
16,512,1,16384,471.479
16,512,2,16,25.952
16,512,2,32,25.9093
16,512,2,64,25.9947
16,512,2,128,25.9947
16,512,2,256,26.0483
16,512,2,512,26.944
16,512,2,1024,40.203
16,512,2,2048,69.28
16,512,2,4096,126.859
16,512,2,8192,241.899
16,512,2,16384,474.124
16,512,4,16,25.6853
16,512,4,32,25.6533
16,512,4,64,25.8237
16,512,4,128,25.8563
16,512,4,256,26.0797
16,512,4,512,27.274
16,512,4,1024,41.3437
16,512,4,2048,70.24
16,512,4,4096,128.533
16,512,4,8192,245.323
16,512,4,16384,479.276
16,512,8,16,32.6083
16,512,8,32,32.8747
16,512,8,64,33.1417
16,512,8,128,36.5117
16,512,8,256,40.7683
16,512,8,512,48.0753
16,512,8,1024,75.957
16,512,8,2048,136.32
16,512,8,4096,257.675
16,512,8,8192,499.777
16,512,8,16384,971.074
16,512,16,16,42.987
16,512,16,32,43.4237
16,512,16,64,44.2343
16,512,16,128,53.6963
16,512,16,256,64.3197
16,512,16,512,88.256
16,512,16,1024,148.085
16,512,16,2048,287.041
16,512,16,4096,562.817
16,512,16,8192,1124.6
16,512,16,16384,2253.02
16,512,32,16,58.763
16,512,32,32,59.6377
16,512,32,64,60.747
16,512,32,128,79.4667
16,512,32,256,102.656
16,512,32,512,174.838
16,512,32,1024,313.568
16,512,32,2048,664.183
16,512,32,4096,1433.18
16,512,32,8192,3051.94
16,512,32,16384,5780.66
16,512,64,16,88.8
16,512,64,32,90.006
16,512,64,64,92.9177
16,512,64,128,136.694
16,512,64,256,236.886
16,512,64,512,452.972
16,512,64,1024,886.084
16,512,64,2048,1769.78
16,512,64,4096,3501.57
16,512,64,8192,7180.42
16,512,64,16384,14295.4
16,512,128,16,151.148
16,512,128,32,154.646
16,512,128,64,160.001
16,512,128,128,293.494
16,512,128,256,501.356
16,512,128,512,963.704
16,512,128,1024,1872.11
16,512,128,2048,3708.77
16,512,128,4096,7366.64
16,512,128,8192,14695.8
16,512,128,16384,29349
16,1024,0,0,41.3013
16,1024,1,16,40.0323
16,1024,1,32,39.947
16,1024,1,64,39.9783
16,1024,1,128,40.0327
16,1024,1,256,40.0213
16,1024,1,512,40.0213
16,1024,1,1024,41.355
16,1024,1,2048,68.8643
16,1024,1,4096,126.507
16,1024,1,8192,241.046
16,1024,1,16384,471.542
16,1024,2,16,40.2133
16,1024,2,32,40.0533
16,1024,2,64,40.1707
16,1024,2,128,40.0853
16,1024,2,256,40.2667
16,1024,2,512,40.352
16,1024,2,1024,41.3333
16,1024,2,2048,69.067
16,1024,2,4096,127.029
16,1024,2,8192,241.867
16,1024,2,16384,474.177
16,1024,4,16,40.0323
16,1024,4,32,40.0007
16,1024,4,64,40.0107
16,1024,4,128,40.2027
16,1024,4,256,40.3627
16,1024,4,512,40.8427
16,1024,4,1024,41.835
16,1024,4,2048,70.7307
16,1024,4,4096,128.725
16,1024,4,8192,246.422
16,1024,4,16384,478.859
16,1024,8,16,46.6457
16,1024,8,32,46.8377
16,1024,8,64,47.2
16,1024,8,128,50.2827
16,1024,8,256,54.4
16,1024,8,512,61.835
16,1024,8,1024,77.9307
16,1024,8,2048,135.051
16,1024,8,4096,258.838
16,1024,8,8192,504.118
16,1024,8,16384,994.154
16,1024,16,16,56.864
16,1024,16,32,57.664
16,1024,16,64,58.5183
16,1024,16,128,67.7013
16,1024,16,256,78.4747
16,1024,16,512,101.077
16,1024,16,1024,151.424
16,1024,16,2048,283.915
16,1024,16,4096,559.64
16,1024,16,8192,1153.61
16,1024,16,16384,2334.08
16,1024,32,16,73.046
16,1024,32,32,73.856
16,1024,32,64,75.04
16,1024,32,128,93.8667
16,1024,32,256,121.419
16,1024,32,512,183.595
16,1024,32,1024,310.017
16,1024,32,2048,671.469
16,1024,32,4096,1387.81
16,1024,32,8192,2952.9
16,1024,32,16384,6073.51
16,1024,64,16,104.917
16,1024,64,32,107.051
16,1024,64,64,109.568
16,1024,64,128,154.187
16,1024,64,256,255.798
16,1024,64,512,460.406
16,1024,64,1024,869.089
16,1024,64,2048,1779.31
16,1024,64,4096,3525.9
16,1024,64,8192,7134.42
16,1024,64,16384,14268.1
16,1024,128,16,166.742
16,1024,128,32,170.262
16,1024,128,64,176.384
16,1024,128,128,302.316
16,1024,128,256,511.564
16,1024,128,512,969.614
16,1024,128,1024,1880.69
16,1024,128,2048,3719.47
16,1024,128,4096,7381.02
16,1024,128,8192,14704.6
16,1024,128,16384,29355.4
16,2048,0,0,70.0907
16,2048,1,16,68.6933
16,2048,1,32,68.7257
16,2048,1,64,68.683
16,2048,1,128,68.619
16,2048,1,256,68.683
16,2048,1,512,68.6827
16,2048,1,1024,68.8007
16,2048,1,2048,70.005
16,2048,1,4096,126.411
16,2048,1,8192,241.035
16,2048,1,16384,471.605
16,2048,2,16,68.7467
16,2048,2,32,68.8
16,2048,2,64,68.8327
16,2048,2,128,68.7893
16,2048,2,256,68.832
16,2048,2,512,68.8857
16,2048,2,1024,69.1627
16,2048,2,2048,69.888
16,2048,2,4096,126.837
16,2048,2,8192,241.857
16,2048,2,16384,474.219
16,2048,4,16,68.703
16,2048,4,32,68.736
16,2048,4,64,68.736
16,2048,4,128,68.7573
16,2048,4,256,69.013
16,2048,4,512,69.248
16,2048,4,1024,70.165
16,2048,4,2048,70.9337
16,2048,4,4096,128.918
16,2048,4,8192,246.155
16,2048,4,16384,479.958
16,2048,8,16,74.1543
16,2048,8,32,74.816
16,2048,8,64,74.9443
16,2048,8,128,77.8127
16,2048,8,256,82.528
16,2048,8,512,89.5577
16,2048,8,1024,105.984
16,2048,8,2048,137.579
16,2048,8,4096,257.845
16,2048,8,8192,501.067
16,2048,8,16384,996.886
16,2048,16,16,84.821
16,2048,16,32,84.8957
16,2048,16,64,85.43
16,2048,16,128,94.9117
16,2048,16,256,106.219
16,2048,16,512,130.838
16,2048,16,1024,176.768
16,2048,16,2048,275.679
16,2048,16,4096,553.346
16,2048,16,8192,1146.05
16,2048,16,16384,2312.99
16,2048,32,16,100.534
16,2048,32,32,101.323
16,2048,32,64,102.379
16,2048,32,128,122.443
16,2048,32,256,151.242
16,2048,32,512,214.433
16,2048,32,1024,334.454
16,2048,32,2048,602.957
16,2048,32,4096,1449.1
16,2048,32,8192,3038.68
16,2048,32,16384,5971.95
16,2048,64,16,133.494
16,2048,64,32,135.69
16,2048,64,64,139.019
16,2048,64,128,185.355
16,2048,64,256,299.211
16,2048,64,512,500.481
16,2048,64,1024,882.626
16,2048,64,2048,1772.76
16,2048,64,4096,3538.49
16,2048,64,8192,7182.16
16,2048,64,16384,14438.5
16,2048,128,16,198.133
16,2048,128,32,202.006
16,2048,128,64,208.107
16,2048,128,128,341.259
16,2048,128,256,553.026
16,2048,128,512,995.661
16,2048,128,1024,1894.3
16,2048,128,2048,3730.58
16,2048,128,4096,7383.26
16,2048,128,8192,14722.3
16,2048,128,16384,29371.5
16,4096,0,0,127.393
16,4096,1,16,125.963
16,4096,1,32,125.974
16,4096,1,64,125.984
16,4096,1,128,125.984
16,4096,1,256,126.07
16,4096,1,512,126.037
16,4096,1,1024,126.037
16,4096,1,2048,126.037
16,4096,1,4096,127.542
16,4096,1,8192,241.12
16,4096,1,16384,471.691
16,4096,2,16,126.123
16,4096,2,32,126.219
16,4096,2,64,126.048
16,4096,2,128,126.155
16,4096,2,256,126.187
16,4096,2,512,126.229
16,4096,2,1024,126.304
16,4096,2,2048,126.485
16,4096,2,4096,127.702
16,4096,2,8192,242.069
16,4096,2,16384,474.146
16,4096,4,16,125.984
16,4096,4,32,126.123
16,4096,4,64,125.984
16,4096,4,128,126.208
16,4096,4,256,126.4
16,4096,4,512,126.699
16,4096,4,1024,127.445
16,4096,4,2048,128.224
16,4096,4,4096,129.653
16,4096,4,8192,246.304
16,4096,4,16384,480.182
16,4096,8,16,130.176
16,4096,8,32,130.315
16,4096,8,64,131.2
16,4096,8,128,133.632
16,4096,8,256,137.514
16,4096,8,512,144.961
16,4096,8,1024,161.643
16,4096,8,2048,193.632
16,4096,8,4096,257.142
16,4096,8,8192,498.709
16,4096,8,16384,989.581
16,4096,16,16,139.723
16,4096,16,32,140.224
16,4096,16,64,140.714
16,4096,16,128,150.784
16,4096,16,256,162.006
16,4096,16,512,186.229
16,4096,16,1024,235.71
16,4096,16,2048,332.876
16,4096,16,4096,525.974
16,4096,16,8192,1131.43
16,4096,16,16384,2296.53
16,4096,32,16,155.712
16,4096,32,32,156.981
16,4096,32,64,157.792
16,4096,32,128,177.184
16,4096,32,256,206.784
16,4096,32,512,274.572
16,4096,32,1024,398.038
16,4096,32,2048,658.977
16,4096,32,4096,1365.57
16,4096,32,8192,3026.16
16,4096,32,16384,5989.58
16,4096,64,16,190.027
16,4096,64,32,191.169
16,4096,64,64,194.742
16,4096,64,128,243.809
16,4096,64,256,365.526
16,4096,64,512,584.567
16,4096,64,1024,992.057
16,4096,64,2048,1809.38
16,4096,64,4096,3477.43
16,4096,64,8192,7138.48
16,4096,64,16384,14432
16,4096,128,16,258.944
16,4096,128,32,261.985
16,4096,128,64,269.216
16,4096,128,128,404.492
16,4096,128,256,624.428
16,4096,128,512,1073.33
16,4096,128,1024,1964.59
16,4096,128,2048,3760.38
16,4096,128,4096,7412.69
16,4096,128,8192,14745.8
16,4096,128,16384,29391.4
16,8192,0,0,243.52
16,8192,1,16,241.728
16,8192,1,32,241.717
16,8192,1,64,241.792
16,8192,1,128,241.696
16,8192,1,256,241.696
16,8192,1,512,241.825
16,8192,1,1024,241.942
16,8192,1,2048,242.059
16,8192,1,4096,242.091
16,8192,1,8192,242.816
16,8192,1,16384,471.553
16,8192,2,16,241.824
16,8192,2,32,241.899
16,8192,2,64,241.91
16,8192,2,128,241.782
16,8192,2,256,241.964
16,8192,2,512,242.017
16,8192,2,1024,242.465
16,8192,2,2048,242.7
16,8192,2,4096,242.465
16,8192,2,8192,242.976
16,8192,2,16384,474.806
16,8192,4,16,241.718
16,8192,4,32,241.846
16,8192,4,64,241.811
16,8192,4,128,241.984
16,8192,4,256,242.325
16,8192,4,512,242.901
16,8192,4,1024,243.211
16,8192,4,2048,243.957
16,8192,4,4096,244.651
16,8192,4,8192,248.256
16,8192,4,16384,481.622
16,8192,8,16,241.867
16,8192,8,32,242.112
16,8192,8,64,241.92
16,8192,8,128,246.571
16,8192,8,256,248.608
16,8192,8,512,256.096
16,8192,8,1024,273.12
16,8192,8,2048,305.129
16,8192,8,4096,371.243
16,8192,8,8192,494.902
16,8192,8,16384,991.51
16,8192,16,16,250.337
16,8192,16,32,250.975
16,8192,16,64,251.136
16,8192,16,128,260.907
16,8192,16,256,272.448
16,8192,16,512,296.267
16,8192,16,1024,346.283
16,8192,16,2048,445.58
16,8192,16,4096,644.929
16,8192,16,8192,1085.57
16,8192,16,16384,2264.67
16,8192,32,16,265.985
16,8192,32,32,267.157
16,8192,32,64,267.66
16,8192,32,128,287.915
16,8192,32,256,316.608
16,8192,32,512,385.195
16,8192,32,1024,511.862
16,8192,32,2048,796.514
16,8192,32,4096,1460.68
16,8192,32,8192,2922.03
16,8192,32,16384,5922.76
16,8192,64,16,299.531
16,8192,64,32,301.196
16,8192,64,64,305.462
16,8192,64,128,354.497
16,8192,64,256,477.398
16,8192,64,512,712.502
16,8192,64,1024,1141.67
16,8192,64,2048,1985.99
16,8192,64,4096,3617.89
16,8192,64,8192,7226.41
16,8192,64,16384,14430.7
16,8192,128,16,369.26
16,8192,128,32,373.036
16,8192,128,64,380.502
16,8192,128,128,528.342
16,8192,128,256,754.167
16,8192,128,512,1225.2
16,8192,128,1024,2114.34
16,8192,128,2048,3884.12
16,8192,128,4096,7468.92
16,8192,128,8192,14798
16,8192,128,16384,29438.8
16,16384,0,0,476.63
16,16384,1,16,474.624
16,16384,1,32,474.688
16,16384,1,64,474.7
16,16384,1,128,474.635
16,16384,1,256,474.731
16,16384,1,512,474.839
16,16384,1,1024,475.159
16,16384,1,2048,475.008
16,16384,1,4096,475.052
16,16384,1,8192,474.859
16,16384,1,16384,475.831
16,16384,2,16,474.518
16,16384,2,32,474.614
16,16384,2,64,474.722
16,16384,2,128,474.657
16,16384,2,256,474.849
16,16384,2,512,475.339
16,16384,2,1024,475.436
16,16384,2,2048,475.34
16,16384,2,4096,475.436
16,16384,2,8192,475.542
16,16384,2,16384,478.817
16,16384,4,16,474.88
16,16384,4,32,474.838
16,16384,4,64,474.808
16,16384,4,128,474.945
16,16384,4,256,475.502
16,16384,4,512,475.957
16,16384,4,1024,476.481
16,16384,4,2048,476.716
16,16384,4,4096,477.195
16,16384,4,8192,479.222
16,16384,4,16384,483.863
16,16384,8,16,474.603
16,16384,8,32,475.094
16,16384,8,64,474.923
16,16384,8,128,475.318
16,16384,8,256,476.149
16,16384,8,512,479.574
16,16384,8,1024,495.841
16,16384,8,2048,530.177
16,16384,8,4096,603.288
16,16384,8,8192,726.893
16,16384,8,16384,973.88
16,16384,16,16,474.913
16,16384,16,32,475.244
16,16384,16,64,475.35
16,16384,16,128,481.931
16,16384,16,256,492.801
16,16384,16,512,519.852
16,16384,16,1024,568.15
16,16384,16,2048,669.857
16,16384,16,4096,883.117
16,16384,16,8192,1309.53
16,16384,16,16384,2215.56
16,16384,32,16,485.931
16,16384,32,32,488.107
16,16384,32,64,490.252
16,16384,32,128,508.897
16,16384,32,256,538.209
16,16384,32,512,606.412
16,16384,32,1024,733.527
16,16384,32,2048,1045.05
16,16384,32,4096,1750.52
16,16384,32,8192,3143.13
16,16384,32,16384,5337.42
16,16384,64,16,521.633
16,16384,64,32,523.393
16,16384,64,64,526.177
16,16384,64,128,574.689
16,16384,64,256,697.196
16,16384,64,512,930.349
16,16384,64,1024,1380.61
16,16384,64,2048,2264.93
16,16384,64,4096,3965.58
16,16384,64,8192,7239.57
16,16384,64,16384,14286.8
16,16384,128,16,589.634
16,16384,128,32,593.665
16,16384,128,64,600.684
16,16384,128,128,744.151
16,16384,128,256,982.819
16,16384,128,512,1478.21
16,16384,128,1024,2400.93
16,16384,128,2048,4218.57
16,16384,128,4096,7746.53
16,16384,128,8192,14915.8
16,16384,128,16384,29530.9
32,0,0,0,13.056
32,0,1,16,12.9493
32,0,1,32,12.9813
32,0,1,64,13.0347
32,0,1,128,15.0613
32,0,1,256,18.5493
32,0,1,512,25.5893
32,0,1,1024,40
32,0,1,2048,68.779
32,0,1,4096,126.464
32,0,1,8192,240.854
32,0,1,16384,471.35
32,0,2,16,13.1413
32,0,2,32,13.056
32,0,2,64,13.0563
32,0,2,128,15.339
32,0,2,256,18.8167
32,0,2,512,25.9307
32,0,2,1024,40.1813
32,0,2,2048,69.2267
32,0,2,4096,126.848
32,0,2,8192,241.558
32,0,2,16384,473.868
32,0,4,16,13.2267
32,0,4,32,13.248
32,0,4,64,13.227
32,0,4,128,15.4987
32,0,4,256,19.2963
32,0,4,512,26.4
32,0,4,1024,41.28
32,0,4,2048,70.677
32,0,4,4096,128.395
32,0,4,8192,245.909
32,0,4,16384,479.404
32,0,8,16,18.7947
32,0,8,32,18.9223
32,0,8,64,19.0933
32,0,8,128,24.3947
32,0,8,256,31.808
32,0,8,512,46.667
32,0,8,1024,75.872
32,0,8,2048,135.563
32,0,8,4096,253.601
32,0,8,8192,490.433
32,0,8,16384,962.829
32,0,16,16,29.1093
32,0,16,32,29.44
32,0,16,64,29.749
32,0,16,128,41.386
32,0,16,256,55.925
32,0,16,512,86.0267
32,0,16,1024,147.745
32,0,16,2048,266.763
32,0,16,4096,514.55
32,0,16,8192,1036.71
32,0,16,16384,2052.18
32,0,32,16,45.1843
32,0,32,32,46.08
32,0,32,64,46.8807
32,0,32,128,67.9463
32,0,32,256,101.291
32,0,32,512,174.496
32,0,32,1024,306.805
32,0,32,2048,588.225
32,0,32,4096,1249.49
32,0,32,8192,2706.46
32,0,32,16384,5753.57
32,0,64,16,77.5573
32,0,64,32,79.766
32,0,64,64,82.8907
32,0,64,128,131.819
32,0,64,256,227.563
32,0,64,512,444.843
32,0,64,1024,846.509
32,0,64,2048,1732.26
32,0,64,4096,3436.17
32,0,64,8192,7095.92
32,0,64,16384,14269.5
32,0,128,16,142.816
32,0,128,32,146.87
32,0,128,64,152.149
32,0,128,128,278.615
32,0,128,256,494.465
32,0,128,512,955.767
32,0,128,1024,1868.1
32,0,128,2048,3702.08
32,0,128,4096,7361.83
32,0,128,8192,14693.5
32,0,128,16384,29338.4
32,16,0,0,13.109
32,16,1,16,13.024
32,16,1,32,13.1087
32,16,1,64,13.12
32,16,1,128,15.136
32,16,1,256,18.4957
32,16,1,512,25.536
32,16,1,1024,40.032
32,16,1,2048,68.7683
32,16,1,4096,126.422
32,16,1,8192,240.917
32,16,1,16384,471.34
32,16,2,16,13.024
32,16,2,32,13.1523
32,16,2,64,13.2477
32,16,2,128,15.2747
32,16,2,256,18.8693
32,16,2,512,25.9307
32,16,2,1024,40.2667
32,16,2,2048,69.0563
32,16,2,4096,126.763
32,16,2,8192,241.611
32,16,2,16384,473.911
32,16,4,16,13.173
32,16,4,32,13.333
32,16,4,64,13.536
32,16,4,128,15.488
32,16,4,256,19.2003
32,16,4,512,26.4
32,16,4,1024,41.2587
32,16,4,2048,70.624
32,16,4,4096,128.373
32,16,4,8192,245.524
32,16,4,16384,478.529
32,16,8,16,18.976
32,16,8,32,19.136
32,16,8,64,19.4137
32,16,8,128,24.4373
32,16,8,256,32.2777
32,16,8,512,46.464
32,16,8,1024,75.7117
32,16,8,2048,134.987
32,16,8,4096,253.376
32,16,8,8192,491.51
32,16,8,16384,965.303
32,16,16,16,29.0353
32,16,16,32,29.6323
32,16,16,64,30.336
32,16,16,128,41.216
32,16,16,256,55.797
32,16,16,512,85.6643
32,16,16,1024,148.406
32,16,16,2048,267.052
32,16,16,4096,512.255
32,16,16,8192,1023.77
32,16,16,16384,2082.81
32,16,32,16,45.12
32,16,32,32,46.0587
32,16,32,64,47.0083
32,16,32,128,68.0213
32,16,32,256,100.938
32,16,32,512,174.507
32,16,32,1024,307.553
32,16,32,2048,595.073
32,16,32,4096,1261.13
32,16,32,8192,2741.2
32,16,32,16384,5162.42
32,16,64,16,77.6
32,16,64,32,79.499
32,16,64,64,83.1577
32,16,64,128,131.125
32,16,64,256,226.347
32,16,64,512,440.748
32,16,64,1024,842.551
32,16,64,2048,1737.21
32,16,64,4096,3440.41
32,16,64,8192,7163
32,16,64,16384,14206.3
32,16,128,16,142.731
32,16,128,32,146.88
32,16,128,64,152.683
32,16,128,128,282.006
32,16,128,256,494.603
32,16,128,512,956.887
32,16,128,1024,1868.09
32,16,128,2048,3701.95
32,16,128,4096,7359.48
32,16,128,8192,14696.8
32,16,128,16384,29341.6
32,32,0,0,13.1313
32,32,1,16,12.9707
32,32,1,32,13.035
32,32,1,64,13.045
32,32,1,128,15.0827
32,32,1,256,18.5283
32,32,1,512,25.5893
32,32,1,1024,40.0107
32,32,1,2048,68.8213
32,32,1,4096,126.368
32,32,1,8192,240.886
32,32,1,16384,471.349
32,32,2,16,13.1093
32,32,2,32,13.1413
32,32,2,64,13.2587
32,32,2,128,15.307
32,32,2,256,18.8693
32,32,2,512,25.9303
32,32,2,1024,40.2137
32,32,2,2048,69.1203
32,32,2,4096,126.71
32,32,2,8192,241.621
32,32,2,16384,473.868
32,32,4,16,13.2693
32,32,4,32,13.344
32,32,4,64,13.5467
32,32,4,128,15.488
32,32,4,256,19.1467
32,32,4,512,26.432
32,32,4,1024,41.2373
32,32,4,2048,70.208
32,32,4,4096,128.427
32,32,4,8192,245.419
32,32,4,16384,478.24
32,32,8,16,18.976
32,32,8,32,19.2853
32,32,8,64,19.6053
32,32,8,128,24.5013
32,32,8,256,32.2347
32,32,8,512,46.6883
32,32,8,1024,75.9687
32,32,8,2048,135.222
32,32,8,4096,253.632
32,32,8,8192,489.899
32,32,8,16384,963.226
32,32,16,16,29.1943
32,32,16,32,29.504
32,32,16,64,30.4213
32,32,16,128,41.2907
32,32,16,256,55.8297
32,32,16,512,85.9737
32,32,16,1024,147.243
32,32,16,2048,266.177
32,32,16,4096,512.758
32,32,16,8192,1029.35
32,32,16,16384,2054.41
32,32,32,16,45.109
32,32,32,32,46.0697
32,32,32,64,46.9443
32,32,32,128,68.011
32,32,32,256,101.013
32,32,32,512,173.921
32,32,32,1024,306.614
32,32,32,2048,604.139
32,32,32,4096,1238.26
32,32,32,8192,2638.15
32,32,32,16384,5440.4
32,32,64,16,77.568
32,32,64,32,79.6053
32,32,64,64,83.2423
32,32,64,128,131.232
32,32,64,256,227.392
32,32,64,512,442.188
32,32,64,1024,848.013
32,32,64,2048,1728.59
32,32,64,4096,3428.31
32,32,64,8192,7213.33
32,32,64,16384,14056.8
32,32,128,16,142.742
32,32,128,32,146.933
32,32,128,64,152.576
32,32,128,128,278.625
32,32,128,256,493.911
32,32,128,512,955.171
32,32,128,1024,1865.99
32,32,128,2048,3700.66
32,32,128,4096,7360.1
32,32,128,8192,14691.1
32,32,128,16384,29343.2
32,64,0,0,13.2693
32,64,1,16,13.035
32,64,1,32,13.1733
32,64,1,64,13.1523
32,64,1,128,15.115
32,64,1,256,18.549
32,64,1,512,25.621
32,64,1,1024,39.9893
32,64,1,2048,68.854
32,64,1,4096,126.486
32,64,1,8192,240.822
32,64,1,16384,471.425
32,64,2,16,13.1843
32,64,2,32,13.216
32,64,2,64,13.3443
32,64,2,128,15.2853
32,64,2,256,18.859
32,64,2,512,25.9627
32,64,2,1024,40.203
32,64,2,2048,69.0347
32,64,2,4096,126.731
32,64,2,8192,241.494
32,64,2,16384,474.007
32,64,4,16,13.1947
32,64,4,32,13.4187
32,64,4,64,13.5787
32,64,4,128,15.52
32,64,4,256,19.0933
32,64,4,512,26.485
32,64,4,1024,41.2907
32,64,4,2048,70.5173
32,64,4,4096,128.426
32,64,4,8192,245.313
32,64,4,16384,478.443
32,64,8,16,19.0613
32,64,8,32,19.3277
32,64,8,64,19.7117
32,64,8,128,24.5333
32,64,8,256,32.2133
32,64,8,512,46.5813
32,64,8,1024,75.7333
32,64,8,2048,135.659
32,64,8,4096,253.59
32,64,8,8192,490.251
32,64,8,16384,961.814
32,64,16,16,29.1627
32,64,16,32,29.6217
32,64,16,64,30.3463
32,64,16,128,41.269
32,64,16,256,55.9573
32,64,16,512,86.0167
32,64,16,1024,147.744
32,64,16,2048,266.925
32,64,16,4096,510.667
32,64,16,8192,1034.64
32,64,16,16384,2068.45
32,64,32,16,45.0453
32,64,32,32,46.005
32,64,32,64,46.9333
32,64,32,128,67.979
32,64,32,256,101.056
32,64,32,512,174.336
32,64,32,1024,307.147
32,64,32,2048,598.561
32,64,32,4096,1299.85
32,64,32,8192,2793.36
32,64,32,16384,5668.23
32,64,64,16,77.696
32,64,64,32,79.52
32,64,64,64,83.222
32,64,64,128,130.998
32,64,64,256,226.945
32,64,64,512,441.238
32,64,64,1024,841.772
32,64,64,2048,1748.85
32,64,64,4096,3433.67
32,64,64,8192,7162.51
32,64,64,16384,14316.5
32,64,128,16,142.731
32,64,128,32,146.955
32,64,128,64,152.726
32,64,128,128,284.172
32,64,128,256,495.319
32,64,128,512,956.898
32,64,128,1024,1867.92
32,64,128,2048,3701.36
32,64,128,4096,7362.28
32,64,128,8192,14692.8
32,64,128,16384,29342.8
32,128,0,0,16.6613
32,128,1,16,15.4347
32,128,1,32,15.4667
32,128,1,64,15.4023
32,128,1,128,16.3307
32,128,1,256,18.5597
32,128,1,512,25.622
32,128,1,1024,40.096
32,128,1,2048,68.832
32,128,1,4096,126.379
32,128,1,8192,240.949
32,128,1,16384,471.52
32,128,2,16,15.6693
32,128,2,32,15.6587
32,128,2,64,15.659
32,128,2,128,16.4377
32,128,2,256,18.88
32,128,2,512,25.9947
32,128,2,1024,40.288
32,128,2,2048,68.9067
32,128,2,4096,126.816
32,128,2,8192,241.643
32,128,2,16384,473.953
32,128,4,16,15.3067
32,128,4,32,15.3387
32,128,4,64,15.477
32,128,4,128,16.6403
32,128,4,256,19.168
32,128,4,512,26.453
32,128,4,1024,41.2267
32,128,4,2048,70.4217
32,128,4,4096,128.277
32,128,4,8192,246.134
32,128,4,16384,478.422
32,128,8,16,22.5173
32,128,8,32,22.7203
32,128,8,64,22.9973
32,128,8,128,26.261
32,128,8,256,31.9147
32,128,8,512,46.5813
32,128,8,1024,75.915
32,128,8,2048,135.84
32,128,8,4096,253.857
32,128,8,8192,491.063
32,128,8,16384,963.065
32,128,16,16,32.4913
32,128,16,32,32.992
32,128,16,64,33.5577
32,128,16,128,42.9547
32,128,16,256,56.2133
32,128,16,512,85.899
32,128,16,1024,151.18
32,128,16,2048,273.313
32,128,16,4096,522.102
32,128,16,8192,1024.65
32,128,16,16384,2000.98
32,128,32,16,47.04
32,128,32,32,47.5203
32,128,32,64,48.1283
32,128,32,128,69.9633
32,128,32,256,102.048
32,128,32,512,173.462
32,128,32,1024,316.31
32,128,32,2048,606.925
32,128,32,4096,1257.29
32,128,32,8192,2661.37
32,128,32,16384,5219.23
32,128,64,16,77.7173
32,128,64,32,79.6373
32,128,64,64,83.286
32,128,64,128,133.536
32,128,64,256,233.718
32,128,64,512,452.811
32,128,64,1024,854.36
32,128,64,2048,1743.66
32,128,64,4096,3418.48
32,128,64,8192,7172.83
32,128,64,16384,14203.6
32,128,128,16,143.179
32,128,128,32,147.36
32,128,128,64,153.259
32,128,128,128,281.815
32,128,128,256,497.068
32,128,128,512,957.624
32,128,128,1024,1868.52
32,128,128,2048,3703.17
32,128,128,4096,7361.07
32,128,128,8192,14696.1
32,128,128,16384,29331.8
32,256,0,0,20.2557
32,256,1,16,18.8697
32,256,1,32,18.9123
32,256,1,64,18.8803
32,256,1,128,18.944
32,256,1,256,19.9467
32,256,1,512,25.6213
32,256,1,1024,40
32,256,1,2048,68.8753
32,256,1,4096,126.475
32,256,1,8192,240.833
32,256,1,16384,471.734
32,256,2,16,19.1683
32,256,2,32,19.168
32,256,2,64,19.211
32,256,2,128,19.5097
32,256,2,256,20.032
32,256,2,512,26.048
32,256,2,1024,40.2133
32,256,2,2048,69.3867
32,256,2,4096,126.837
32,256,2,8192,241.622
32,256,2,16384,473.9
32,256,4,16,18.891
32,256,4,32,18.944
32,256,4,64,18.9337
32,256,4,128,19.3067
32,256,4,256,20.2027
32,256,4,512,26.5177
32,256,4,1024,41.3973
32,256,4,2048,70.5063
32,256,4,4096,128.405
32,256,4,8192,245.6
32,256,4,16384,479.085
32,256,8,16,26.0267
32,256,8,32,26.2617
32,256,8,64,26.688
32,256,8,128,29.9417
32,256,8,256,33.824
32,256,8,512,46.5383
32,256,8,1024,76.0427
32,256,8,2048,137.302
32,256,8,4096,255.136
32,256,8,8192,493.324
32,256,8,16384,963.758
32,256,16,16,36.2667
32,256,16,32,36.608
32,256,16,64,37.1097
32,256,16,128,46.3253
32,256,16,256,57.9097
32,256,16,512,86.315
32,256,16,1024,152.79
32,256,16,2048,282.901
32,256,16,4096,531.725
32,256,16,8192,1039.96
32,256,16,16384,2095.07
32,256,32,16,51.947
32,256,32,32,52.8963
32,256,32,64,53.6
32,256,32,128,70.0483
32,256,32,256,104.363
32,256,32,512,173.345
32,256,32,1024,324.097
32,256,32,2048,616.792
32,256,32,4096,1320.48
32,256,32,8192,2750.13
32,256,32,16384,5377.61
32,256,64,16,80.5557
32,256,64,32,82.4963
32,256,64,64,86.4217
32,256,64,128,132.705
32,256,64,256,236.438
32,256,64,512,457.537
32,256,64,1024,865.954
32,256,64,2048,1764.23
32,256,64,4096,3512.6
32,256,64,8192,7160.24
32,256,64,16384,14298.8
32,256,128,16,143.979
32,256,128,32,148.129
32,256,128,64,154.197
32,256,128,128,286.849
32,256,128,256,499.649
32,256,128,512,960.12
32,256,128,1024,1870.95
32,256,128,2048,3708.66
32,256,128,4096,7367.72
32,256,128,8192,14698.1
32,256,128,16384,29350.1
32,512,0,0,27.1893
32,512,1,16,25.856
32,512,1,32,25.9203
32,512,1,64,25.8773
32,512,1,128,25.9417
32,512,1,256,26.048
32,512,1,512,26.9333
32,512,1,1024,40.011
32,512,1,2048,68.8963
32,512,1,4096,126.486
32,512,1,8192,240.939
32,512,1,16384,471.703
32,512,2,16,26.261
32,512,2,32,26.3253
32,512,2,64,26.2187
32,512,2,128,26.3147
32,512,2,256,26.5923
32,512,2,512,27.0507
32,512,2,1024,40.3307
32,512,2,2048,69.2487
32,512,2,4096,126.88
32,512,2,8192,241.75
32,512,2,16384,474.029
32,512,4,16,25.9197
32,512,4,32,25.9623
32,512,4,64,25.9417
32,512,4,128,26.3467
32,512,4,256,26.901
32,512,4,512,27.4133
32,512,4,1024,41.419
32,512,4,2048,70.39
32,512,4,4096,128.439
32,512,4,8192,245.932
32,512,4,16384,478.967
32,512,8,16,32.8427
32,512,8,32,33.088
32,512,8,64,33.4933
32,512,8,128,36.6507
32,512,8,256,40.7363
32,512,8,512,48.2133
32,512,8,1024,75.7333
32,512,8,2048,136.854
32,512,8,4096,257.793
32,512,8,8192,499.778
32,512,8,16384,974.564
32,512,16,16,43.1677
32,512,16,32,43.7873
32,512,16,64,44.1713
32,512,16,128,53.7707
32,512,16,256,64.491
32,512,16,512,88.8427
32,512,16,1024,149.152
32,512,16,2048,289.131
32,512,16,4096,564.481
32,512,16,8192,1161.22
32,512,16,16384,2271.7
32,512,32,16,59.1683
32,512,32,32,59.9577
32,512,32,64,60.8427
32,512,32,128,79.9887
32,512,32,256,106.048
32,512,32,512,178.016
32,512,32,1024,317.057
32,512,32,2048,666.017
32,512,32,4096,1395.89
32,512,32,8192,2871.16
32,512,32,16384,5944.82
32,512,64,16,89.579
32,512,64,32,90.7197
32,512,64,64,93.59
32,512,64,128,137.59
32,512,64,256,237.878
32,512,64,512,453.282
32,512,64,1024,887.128
32,512,64,2048,1769.49
32,512,64,4096,3512.83
32,512,64,8192,7233.7
32,512,64,16384,14487.7
32,512,128,16,151.446
32,512,128,32,154.945
32,512,128,64,160.374
32,512,128,128,288.182
32,512,128,256,502.966
32,512,128,512,964.303
32,512,128,1024,1873.58
32,512,128,2048,3709.92
32,512,128,4096,7369.41
32,512,128,8192,14700.6
32,512,128,16384,29345
32,1024,0,0,41.4713
32,1024,1,16,40.213
32,1024,1,32,40.182
32,1024,1,64,40.2987
32,1024,1,128,40.2137
32,1024,1,256,40.3413
32,1024,1,512,40.48
32,1024,1,1024,41.408
32,1024,1,2048,68.8533
32,1024,1,4096,126.411
32,1024,1,8192,241.046
32,1024,1,16384,471.649
32,1024,2,16,40.363
32,1024,2,32,40.3307
32,1024,2,64,40.416
32,1024,2,128,40.5013
32,1024,2,256,41.1733
32,1024,2,512,41.12
32,1024,2,1024,41.333
32,1024,2,2048,68.9283
32,1024,2,4096,126.859
32,1024,2,8192,241.802
32,1024,2,16384,474.06
32,1024,4,16,40.182
32,1024,4,32,40.2453
32,1024,4,64,40.2347
32,1024,4,128,40.6293
32,1024,4,256,41.3333
32,1024,4,512,41.632
32,1024,4,1024,41.9737
32,1024,4,2048,70.5067
32,1024,4,4096,128.821
32,1024,4,8192,246.4
32,1024,4,16384,479.125
32,1024,8,16,46.7203
32,1024,8,32,47.168
32,1024,8,64,47.456
32,1024,8,128,50.5603
32,1024,8,256,54.881
32,1024,8,512,62.059
32,1024,8,1024,77.8983
32,1024,8,2048,135.455
32,1024,8,4096,258.39
32,1024,8,8192,503.019
32,1024,8,16384,991.319
32,1024,16,16,57.0667
32,1024,16,32,57.387
32,1024,16,64,58.08
32,1024,16,128,67.5947
32,1024,16,256,78.7207
32,1024,16,512,102.848
32,1024,16,1024,152.374
32,1024,16,2048,285.28
32,1024,16,4096,563.831
32,1024,16,8192,1153.54
32,1024,16,16384,2284.51
32,1024,32,16,73.2693
32,1024,32,32,73.9737
32,1024,32,64,75.2213
32,1024,32,128,94.475
32,1024,32,256,125.963
32,1024,32,512,187.467
32,1024,32,1024,313.814
32,1024,32,2048,665.888
32,1024,32,4096,1422.16
32,1024,32,8192,3057.23
32,1024,32,16384,6117.31
32,1024,64,16,105.622
32,1024,64,32,107.499
32,1024,64,64,109.963
32,1024,64,128,154.742
32,1024,64,256,257.024
32,1024,64,512,469.856
32,1024,64,1024,860.653
32,1024,64,2048,1765.52
32,1024,64,4096,3490.07
32,1024,64,8192,7198.93
32,1024,64,16384,14443.2
32,1024,128,16,166.913
32,1024,128,32,170.518
32,1024,128,64,176.353
32,1024,128,128,304.78
32,1024,128,256,510.872
32,1024,128,512,971.116
32,1024,128,1024,1883.74
32,1024,128,2048,3716.21
32,1024,128,4096,7373.14
32,1024,128,8192,14704.4
32,1024,128,16384,29357.9
32,2048,0,0,70.251
32,2048,1,16,68.9067
32,2048,1,32,68.8113
32,2048,1,64,68.8217
32,2048,1,128,68.8957
32,2048,1,256,69.0343
32,2048,1,512,69.227
32,2048,1,1024,69.1307
32,2048,1,2048,70.2187
32,2048,1,4096,126.465
32,2048,1,8192,240.886
32,2048,1,16384,471.467
32,2048,2,16,68.981
32,2048,2,32,69.045
32,2048,2,64,69.045
32,2048,2,128,69.1627
32,2048,2,256,69.3443
32,2048,2,512,69.6963
32,2048,2,1024,69.8027
32,2048,2,2048,69.9733
32,2048,2,4096,126.773
32,2048,2,8192,241.781
32,2048,2,16384,474.103
32,2048,4,16,68.8853
32,2048,4,32,68.9493
32,2048,4,64,68.9277
32,2048,4,128,69.323
32,2048,4,256,69.9313
32,2048,4,512,70.4
32,2048,4,1024,70.5493
32,2048,4,2048,71.4563
32,2048,4,4096,128.875
32,2048,4,8192,246.379
32,2048,4,16384,479.19
32,2048,8,16,74.4853
32,2048,8,32,74.496
32,2048,8,64,75.531
32,2048,8,128,78.4647
32,2048,8,256,82.592
32,2048,8,512,89.8143
32,2048,8,1024,106.357
32,2048,8,2048,137.93
32,2048,8,4096,258.144
32,2048,8,8192,503.756
32,2048,8,16384,993.346
32,2048,16,16,84.619
32,2048,16,32,84.875
32,2048,16,64,85.589
32,2048,16,128,95.0827
32,2048,16,256,106.518
32,2048,16,512,131.723
32,2048,16,1024,179.254
32,2048,16,2048,273.856
32,2048,16,4096,556.449
32,2048,16,8192,1131.28
32,2048,16,16384,2279.97
32,2048,32,16,100.651
32,2048,32,32,101.451
32,2048,32,64,102.837
32,2048,32,128,122.763
32,2048,32,256,154.582
32,2048,32,512,216.854
32,2048,32,1024,339.681
32,2048,32,2048,603.265
32,2048,32,4096,1423.01
32,2048,32,8192,2900.86
32,2048,32,16384,6114.5
32,2048,64,16,133.974
32,2048,64,32,136.106
32,2048,64,64,139.488
32,2048,64,128,185.942
32,2048,64,256,301.312
32,2048,64,512,510.017
32,2048,64,1024,898.871
32,2048,64,2048,1771.04
32,2048,64,4096,3523.4
32,2048,64,8192,7197.55
32,2048,64,16384,14349.5
32,2048,128,16,198.561
32,2048,128,32,201.91
32,2048,128,64,207.937
32,2048,128,128,338.604
32,2048,128,256,549.292
32,2048,128,512,999.011
32,2048,128,1024,1893.7
32,2048,128,2048,3729.11
32,2048,128,4096,7386.49
32,2048,128,8192,14718.2
32,2048,128,16384,29371.3
32,4096,0,0,127.68
32,4096,1,16,126.165
32,4096,1,32,126.251
32,4096,1,64,126.176
32,4096,1,128,126.315
32,4096,1,256,126.347
32,4096,1,512,126.454
32,4096,1,1024,126.613
32,4096,1,2048,126.806
32,4096,1,4096,127.808
32,4096,1,8192,240.886
32,4096,1,16384,471.51
32,4096,2,16,126.379
32,4096,2,32,126.379
32,4096,2,64,126.315
32,4096,2,128,126.465
32,4096,2,256,126.816
32,4096,2,512,126.72
32,4096,2,1024,126.997
32,4096,2,2048,127.072
32,4096,2,4096,127.702
32,4096,2,8192,242.347
32,4096,2,16384,474.316
32,4096,4,16,126.304
32,4096,4,32,126.272
32,4096,4,64,126.325
32,4096,4,128,126.645
32,4096,4,256,127.083
32,4096,4,512,127.499
32,4096,4,1024,128.097
32,4096,4,2048,128.608
32,4096,4,4096,130.091
32,4096,4,8192,246.689
32,4096,4,16384,479.841
32,4096,8,16,130.314
32,4096,8,32,131.2
32,4096,8,64,130.646
32,4096,8,128,134.016
32,4096,8,256,138.262
32,4096,8,512,145.782
32,4096,8,1024,162.454
32,4096,8,2048,194.742
32,4096,8,4096,256.512
32,4096,8,8192,500.054
32,4096,8,16384,989.925
32,4096,16,16,139.904
32,4096,16,32,140.256
32,4096,16,64,140.661
32,4096,16,128,150.603
32,4096,16,256,161.867
32,4096,16,512,186.443
32,4096,16,1024,236
32,4096,16,2048,333.707
32,4096,16,4096,532.651
32,4096,16,8192,1137.1
32,4096,16,16384,2289.14
32,4096,32,16,156.395
32,4096,32,32,156.843
32,4096,32,64,158.005
32,4096,32,128,178.016
32,4096,32,256,210.667
32,4096,32,512,278.518
32,4096,32,1024,400.619
32,4096,32,2048,665.185
32,4096,32,4096,1311.02
32,4096,32,8192,3061.23
32,4096,32,16384,5952.16
32,4096,64,16,189.355
32,4096,64,32,191.403
32,4096,64,64,195.04
32,4096,64,128,244.246
32,4096,64,256,365.59
32,4096,64,512,586.028
32,4096,64,1024,985.292
32,4096,64,2048,1814
32,4096,64,4096,3501.72
32,4096,64,8192,7218.26
32,4096,64,16384,14387.9
32,4096,128,16,258.667
32,4096,128,32,262.518
32,4096,128,64,269.878
32,4096,128,128,408.161
32,4096,128,256,624.599
32,4096,128,512,1078.41
32,4096,128,1024,1966.1
32,4096,128,2048,3757.65
32,4096,128,4096,7414.72
32,4096,128,8192,14741.4
32,4096,128,16384,29394.2
32,8192,0,0,243.595
32,8192,1,16,241.909
32,8192,1,32,242.038
32,8192,1,64,241.95
32,8192,1,128,241.952
32,8192,1,256,242.069
32,8192,1,512,242.177
32,8192,1,1024,242.23
32,8192,1,2048,242.315
32,8192,1,4096,242.347
32,8192,1,8192,242.805
32,8192,1,16384,471.339
32,8192,2,16,242.06
32,8192,2,32,242.059
32,8192,2,64,241.921
32,8192,2,128,242.347
32,8192,2,256,242.571
32,8192,2,512,242.668
32,8192,2,1024,242.699
32,8192,2,2048,242.752
32,8192,2,4096,242.752
32,8192,2,8192,242.966
32,8192,2,16384,475.659
32,8192,4,16,242.177
32,8192,4,32,242.037
32,8192,4,64,242.027
32,8192,4,128,242.56
32,8192,4,256,242.924
32,8192,4,512,243.37
32,8192,4,1024,243.349
32,8192,4,2048,243.86
32,8192,4,4096,244.811
32,8192,4,8192,248.182
32,8192,4,16384,481.398
32,8192,8,16,242.08
32,8192,8,32,242.081
32,8192,8,64,242.89
32,8192,8,128,244.917
32,8192,8,256,249.175
32,8192,8,512,256.459
32,8192,8,1024,273.857
32,8192,8,2048,306.528
32,8192,8,4096,371.488
32,8192,8,8192,494.645
32,8192,8,16384,991.457
32,8192,16,16,250.283
32,8192,16,32,250.869
32,8192,16,64,252
32,8192,16,128,260.736
32,8192,16,256,272.598
32,8192,16,512,297.003
32,8192,16,1024,347.147
32,8192,16,2048,445.334
32,8192,16,4096,657.538
32,8192,16,8192,1081.59
32,8192,16,16384,2313.24
32,8192,32,16,266.325
32,8192,32,32,267.403
32,8192,32,64,268.416
32,8192,32,128,288.353
32,8192,32,256,320.758
32,8192,32,512,387.456
32,8192,32,1024,516.609
32,8192,32,2048,801.601
32,8192,32,4096,1478.54
32,8192,32,8192,2702.48
32,8192,32,16384,5862.24
32,8192,64,16,300.554
32,8192,64,32,302.123
32,8192,64,64,305.526
32,8192,64,128,354.401
32,8192,64,256,476.288
32,8192,64,512,708.481
32,8192,64,1024,1130.76
32,8192,64,2048,1993.76
32,8192,64,4096,3574.61
32,8192,64,8192,7251.64
32,8192,64,16384,14448.1
32,8192,128,16,369.58
32,8192,128,32,373.376
32,8192,128,64,380.758
32,8192,128,128,522.401
32,8192,128,256,754.978
32,8192,128,512,1223.94
32,8192,128,1024,2119.2
32,8192,128,2048,3907.29
32,8192,128,4096,7469.04
32,8192,128,8192,14796.1
32,8192,128,16384,29436.7
32,16384,0,0,476.887
32,16384,1,16,474.785
32,16384,1,32,474.945
32,16384,1,64,474.806
32,16384,1,128,475.04
32,16384,1,256,475.062
32,16384,1,512,475.137
32,16384,1,1024,474.998
32,16384,1,2048,475.115
32,16384,1,4096,475.276
32,16384,1,8192,475.104
32,16384,1,16384,476.001
32,16384,2,16,474.955
32,16384,2,32,475.126
32,16384,2,64,474.935
32,16384,2,128,475.371
32,16384,2,256,475.458
32,16384,2,512,475.329
32,16384,2,1024,475.468
32,16384,2,2048,475.627
32,16384,2,4096,475.756
32,16384,2,8192,475.669
32,16384,2,16384,478.049
32,16384,4,16,475.062
32,16384,4,32,474.946
32,16384,4,64,475.083
32,16384,4,128,475.702
32,16384,4,256,476.053
32,16384,4,512,476.064
32,16384,4,1024,476.726
32,16384,4,2048,476.95
32,16384,4,4096,477.685
32,16384,4,8192,479.83
32,16384,4,16384,484.076
32,16384,8,16,474.852
32,16384,8,32,474.954
32,16384,8,64,475.083
32,16384,8,128,475.425
32,16384,8,256,476.448
32,16384,8,512,478.283
32,16384,8,1024,500.609
32,16384,8,2048,529.473
32,16384,8,4096,603.222
32,16384,8,8192,728.235
32,16384,8,16384,974.541
32,16384,16,16,475.371
32,16384,16,32,475.883
32,16384,16,64,475.596
32,16384,16,128,483.755
32,16384,16,256,494.635
32,16384,16,512,518.753
32,16384,16,1024,568.235
32,16384,16,2048,671.52
32,16384,16,4096,883.127
32,16384,16,8192,1346.51
32,16384,16,16384,2212.42
32,16384,32,16,486.881
32,16384,32,32,488.576
32,16384,32,64,489.75
32,16384,32,128,510.592
32,16384,32,256,541.953
32,16384,32,512,608.652
32,16384,32,1024,735.991
32,16384,32,2048,1055.31
32,16384,32,4096,1728.37
32,16384,32,8192,3271.77
32,16384,32,16384,5566.75
32,16384,64,16,521.462
32,16384,64,32,525.069
32,16384,64,64,527.168
32,16384,64,128,576.055
32,16384,64,256,699.575
32,16384,64,512,926.562
32,16384,64,1024,1382.85
32,16384,64,2048,2271.44
32,16384,64,4096,3969.66
32,16384,64,8192,7321.09
32,16384,64,16384,14261.4
32,16384,128,16,590.69
32,16384,128,32,594.519
32,16384,128,64,600.92
32,16384,128,128,753.143
32,16384,128,256,981.399
32,16384,128,512,1486.27
32,16384,128,1024,2399.75
32,16384,128,2048,4208.78
32,16384,128,4096,7748.59
32,16384,128,8192,14909.5
32,16384,128,16384,29534.4
64,0,0,0,13.3447
64,0,1,16,13.2587
64,0,1,32,13.3227
64,0,1,64,13.344
64,0,1,128,14.9227
64,0,1,256,18.3787
64,0,1,512,25.3973
64,0,1,1024,39.8187
64,0,1,2048,68.683
64,0,1,4096,126.166
64,0,1,8192,240.704
64,0,1,16384,471.36
64,0,2,16,13.344
64,0,2,32,13.4193
64,0,2,64,13.472
64,0,2,128,15.04
64,0,2,256,18.8267
64,0,2,512,25.7497
64,0,2,1024,40.0213
64,0,2,2048,69.152
64,0,2,4096,126.688
64,0,2,8192,241.472
64,0,2,16384,473.857
64,0,4,16,13.365
64,0,4,32,13.536
64,0,4,64,13.5677
64,0,4,128,15.3283
64,0,4,256,19.0293
64,0,4,512,26.5707
64,0,4,1024,41.5573
64,0,4,2048,70.581
64,0,4,4096,128.458
64,0,4,8192,246.837
64,0,4,16384,479.991
64,0,8,16,19.104
64,0,8,32,19.328
64,0,8,64,19.3383
64,0,8,128,24.5013
64,0,8,256,31.936
64,0,8,512,47.5627
64,0,8,1024,77.0243
64,0,8,2048,136.693
64,0,8,4096,255.594
64,0,8,8192,492.363
64,0,8,16384,963.479
64,0,16,16,29.4507
64,0,16,32,29.696
64,0,16,64,30.1657
64,0,16,128,41.5043
64,0,16,256,56.4587
64,0,16,512,87.0937
64,0,16,1024,150.805
64,0,16,2048,269.334
64,0,16,4096,513.59
64,0,16,8192,1057.61
64,0,16,16384,2081.76
64,0,32,16,45.387
64,0,32,32,46.5177
64,0,32,64,47.531
64,0,32,128,68.331
64,0,32,256,101.195
64,0,32,512,175.114
64,0,32,1024,308.566
64,0,32,2048,595.788
64,0,32,4096,1252.07
64,0,32,8192,2603.68
64,0,32,16384,5468.09
64,0,64,16,77.7923
64,0,64,32,79.6587
64,0,64,64,83.1043
64,0,64,128,131.851
64,0,64,256,228.897
64,0,64,512,447.67
64,0,64,1024,848.493
64,0,64,2048,1734.95
64,0,64,4096,3443.72
64,0,64,8192,7104
64,0,64,16384,14247.3
64,0,128,16,144.534
64,0,128,32,148.79
64,0,128,64,154.55
64,0,128,128,283.062
64,0,128,256,496.641
64,0,128,512,958.477
64,0,128,1024,1868.37
64,0,128,2048,3706.2
64,0,128,4096,7365.16
64,0,128,8192,14696.5
64,0,128,16384,29352.6
64,16,0,0,13.419
64,16,1,16,13.3227
64,16,1,32,13.344
64,16,1,64,13.408
64,16,1,128,15.0087
64,16,1,256,18.4003
64,16,1,512,25.3977
64,16,1,1024,39.7337
64,16,1,2048,68.5867
64,16,1,4096,126.176
64,16,1,8192,240.577
64,16,1,16384,471.382
64,16,2,16,13.3013
64,16,2,32,13.4183
64,16,2,64,13.5257
64,16,2,128,15.0827
64,16,2,256,18.6453
64,16,2,512,25.6743
64,16,2,1024,39.968
64,16,2,2048,68.9497
64,16,2,4096,126.742
64,16,2,8192,241.365
64,16,2,16384,473.836
64,16,4,16,13.3443
64,16,4,32,13.5683
64,16,4,64,13.7493
64,16,4,128,15.3493
64,16,4,256,19.1253
64,16,4,512,26.5387
64,16,4,1024,41.589
64,16,4,2048,70.475
64,16,4,4096,128.426
64,16,4,8192,246.08
64,16,4,16384,478.966
64,16,8,16,19.2533
64,16,8,32,19.5307
64,16,8,64,19.84
64,16,8,128,24.352
64,16,8,256,31.947
64,16,8,512,47.4453
64,16,8,1024,77.579
64,16,8,2048,137.344
64,16,8,4096,255.659
64,16,8,8192,491.072
64,16,8,16384,964.801
64,16,16,16,29.664
64,16,16,32,29.824
64,16,16,64,30.5493
64,16,16,128,41.3973
64,16,16,256,56.2243
64,16,16,512,87.456
64,16,16,1024,150.901
64,16,16,2048,270.422
64,16,16,4096,515.829
64,16,16,8192,1042.12
64,16,16,16384,2093.22
64,16,32,16,45.483
64,16,32,32,46.539
64,16,32,64,47.4453
64,16,32,128,68.491
64,16,32,256,100.928
64,16,32,512,175.051
64,16,32,1024,310.54
64,16,32,2048,596.886
64,16,32,4096,1253.93
64,16,32,8192,2667.23
64,16,32,16384,5264.05
64,16,64,16,77.7707
64,16,64,32,79.6587
64,16,64,64,83.456
64,16,64,128,131.883
64,16,64,256,227.723
64,16,64,512,455.349
64,16,64,1024,850.497
64,16,64,2048,1743.34
64,16,64,4096,3415.24
64,16,64,8192,7082.2
64,16,64,16384,14312.8
64,16,128,16,144.79
64,16,128,32,148.672
64,16,128,64,154.763
64,16,128,128,283.745
64,16,128,256,497.378
64,16,128,512,959.831
64,16,128,1024,1868.34
64,16,128,2048,3707.16
64,16,128,4096,7364.69
64,16,128,8192,14698.7
64,16,128,16384,29342.8
64,32,0,0,13.504
64,32,1,16,13.2697
64,32,1,32,13.3547
64,32,1,64,13.3653
64,32,1,128,15.1147
64,32,1,256,18.3677
64,32,1,512,25.3973
64,32,1,1024,39.7653
64,32,1,2048,68.6187
64,32,1,4096,126.219
64,32,1,8192,240.747
64,32,1,16384,471.305
64,32,2,16,13.3013
64,32,2,32,13.4193
64,32,2,64,13.568
64,32,2,128,15.136
64,32,2,256,18.7733
64,32,2,512,25.6423
64,32,2,1024,40.053
64,32,2,2048,68.7783
64,32,2,4096,126.538
64,32,2,8192,241.419
64,32,2,16384,473.932
64,32,4,16,13.4293
64,32,4,32,13.536
64,32,4,64,13.6423
64,32,4,128,15.3063
64,32,4,256,19.0613
64,32,4,512,26.7197
64,32,4,1024,41.4183
64,32,4,2048,70.4213
64,32,4,4096,128.438
64,32,4,8192,246.389
64,32,4,16384,479.116
64,32,8,16,19.4027
64,32,8,32,19.4457
64,32,8,64,19.8613
64,32,8,128,24.5333
64,32,8,256,32.1707
64,32,8,512,47.3177
64,32,8,1024,77.12
64,32,8,2048,136.79
64,32,8,4096,254.784
64,32,8,8192,491.83
64,32,8,16384,963.553
64,32,16,16,29.6003
64,32,16,32,29.8453
64,32,16,64,30.453
64,32,16,128,41.4083
64,32,16,256,56.4267
64,32,16,512,87.424
64,32,16,1024,150.934
64,32,16,2048,270.667
64,32,16,4096,517.356
64,32,16,8192,1026.37
64,32,16,16384,2071.86
64,32,32,16,45.5467
64,32,32,32,46.5603
64,32,32,64,47.5733
64,32,32,128,68.2887
64,32,32,256,101.419
64,32,32,512,174.859
64,32,32,1024,310.038
64,32,32,2048,586.976
64,32,32,4096,1267.37
64,32,32,8192,2715.79
64,32,32,16384,5714.75
64,32,64,16,77.825
64,32,64,32,79.637
64,32,64,64,83.2853
64,32,64,128,131.595
64,32,64,256,227.904
64,32,64,512,444.598
64,32,64,1024,846.316
64,32,64,2048,1732.44
64,32,64,4096,3434.08
64,32,64,8192,7149.66
64,32,64,16384,14190
64,32,128,16,144.608
64,32,128,32,148.747
64,32,128,64,154.486
64,32,128,128,286.102
64,32,128,256,498.507
64,32,128,512,959.511
64,32,128,1024,1869.31
64,32,128,2048,3703.99
64,32,128,4096,7369.57
64,32,128,8192,14694
64,32,128,16384,29347.9
64,64,0,0,13.5467
64,64,1,16,13.408
64,64,1,32,13.5147
64,64,1,64,13.493
64,64,1,128,14.9223
64,64,1,256,18.3467
64,64,1,512,25.3863
64,64,1,1024,39.8403
64,64,1,2048,68.5977
64,64,1,4096,126.187
64,64,1,8192,240.704
64,64,1,16384,471.28
64,64,2,16,13.472
64,64,2,32,13.5253
64,64,2,64,13.4823
64,64,2,128,15.051
64,64,2,256,18.613
64,64,2,512,25.7707
64,64,2,1024,40.021
64,64,2,2048,69.1843
64,64,2,4096,126.539
64,64,2,8192,241.355
64,64,2,16384,473.792
64,64,4,16,13.504
64,64,4,32,13.568
64,64,4,64,13.8133
64,64,4,128,15.3393
64,64,4,256,19.0933
64,64,4,512,26.6453
64,64,4,1024,41.5893
64,64,4,2048,70.56
64,64,4,4096,128.288
64,64,4,8192,246.667
64,64,4,16384,479.328
64,64,8,16,19.3813
64,64,8,32,19.6053
64,64,8,64,19.807
64,64,8,128,24.6293
64,64,8,256,32.1707
64,64,8,512,47.1787
64,64,8,1024,77.493
64,64,8,2048,136.981
64,64,8,4096,254.572
64,64,8,8192,491.371
64,64,8,16384,963.976
64,64,16,16,29.7173
64,64,16,32,30.2613
64,64,16,64,30.7097
64,64,16,128,41.568
64,64,16,256,56.3627
64,64,16,512,87.189
64,64,16,1024,151.627
64,64,16,2048,268.694
64,64,16,4096,515.723
64,64,16,8192,1042.54
64,64,16,16384,2052.65
64,64,32,16,45.5363
64,64,32,32,46.7093
64,64,32,64,47.5947
64,64,32,128,68.8107
64,64,32,256,101.558
64,64,32,512,174.933
64,64,32,1024,309.589
64,64,32,2048,590.805
64,64,32,4096,1247.3
64,64,32,8192,2839.88
64,64,32,16384,5529.47
64,64,64,16,77.9307
64,64,64,32,79.712
64,64,64,64,83.4673
64,64,64,128,132.459
64,64,64,256,228.321
64,64,64,512,444.342
64,64,64,1024,842.892
64,64,64,2048,1738.19
64,64,64,4096,3415.63
64,64,64,8192,7123.26
64,64,64,16384,14277.9
64,64,128,16,144.587
64,64,128,32,149.088
64,64,128,64,154.838
64,64,128,128,282.977
64,64,128,256,498.711
64,64,128,512,959.799
64,64,128,1024,1871.77
64,64,128,2048,3708.03
64,64,128,4096,7365.54
64,64,128,8192,14700.9
64,64,128,16384,29344.5
64,128,0,0,17.0453
64,128,1,16,15.6373
64,128,1,32,15.5943
64,128,1,64,15.6053
64,128,1,128,16.3947
64,128,1,256,18.453
64,128,1,512,25.44
64,128,1,1024,39.808
64,128,1,2048,68.5973
64,128,1,4096,126.294
64,128,1,8192,240.96
64,128,1,16384,471.222
64,128,2,16,15.9573
64,128,2,32,16.021
64,128,2,64,16.0003
64,128,2,128,16.5547
64,128,2,256,18.7203
64,128,2,512,25.7273
64,128,2,1024,40.0643
64,128,2,2048,68.9283
64,128,2,4096,126.603
64,128,2,8192,241.515
64,128,2,16384,473.941
64,128,4,16,15.499
64,128,4,32,15.5623
64,128,4,64,15.531
64,128,4,128,16.672
64,128,4,256,19.0297
64,128,4,512,26.7623
64,128,4,1024,41.568
64,128,4,2048,70.1973
64,128,4,4096,128.8
64,128,4,8192,246.549
64,128,4,16384,478.892
64,128,8,16,23.019
64,128,8,32,23.019
64,128,8,64,23.2217
64,128,8,128,26.464
64,128,8,256,32.5337
64,128,8,512,47.061
64,128,8,1024,77.504
64,128,8,2048,137.867
64,128,8,4096,256.79
64,128,8,8192,493.334
64,128,8,16384,965.356
64,128,16,16,33.0667
64,128,16,32,33.579
64,128,16,64,34.0053
64,128,16,128,43.3387
64,128,16,256,57.419
64,128,16,512,87.381
64,128,16,1024,154.688
64,128,16,2048,278.251
64,128,16,4096,525.249
64,128,16,8192,1060.31
64,128,16,16384,2074.15
64,128,32,16,48.2773
64,128,32,32,48.5557
64,128,32,64,49.269
64,128,32,128,70.5283
64,128,32,256,103.115
64,128,32,512,174.24
64,128,32,1024,318.261
64,128,32,2048,604.791
64,128,32,4096,1269.69
64,128,32,8192,2880.43
64,128,32,16384,5450.65
64,128,64,16,77.7173
64,128,64,32,79.712
64,128,64,64,83.4887
64,128,64,128,133.131
64,128,64,256,234.251
64,128,64,512,453.771
64,128,64,1024,866.401
64,128,64,2048,1747.91
64,128,64,4096,3466.26
64,128,64,8192,7151.71
64,128,64,16384,14183
64,128,128,16,144.832
64,128,128,32,148.971
64,128,128,64,155.264
64,128,128,128,287.457
64,128,128,256,501.323
64,128,128,512,961.474
64,128,128,1024,1871.19
64,128,128,2048,3709.62
64,128,128,4096,7369.12
64,128,128,8192,14694.7
64,128,128,16384,29342.5
64,256,0,0,20.5867
64,256,1,16,19.1683
64,256,1,32,19.1147
64,256,1,64,19.083
64,256,1,128,19.2427
64,256,1,256,20.0743
64,256,1,512,25.4613
64,256,1,1024,39.9143
64,256,1,2048,68.7143
64,256,1,4096,126.177
64,256,1,8192,240.715
64,256,1,16384,471.403
64,256,2,16,19.5413
64,256,2,32,19.5417
64,256,2,64,19.5837
64,256,2,128,19.7657
64,256,2,256,20.1283
64,256,2,512,25.9097
64,256,2,1024,40.1063
64,256,2,2048,69.3013
64,256,2,4096,126.741
64,256,2,8192,241.611
64,256,2,16384,473.803
64,256,4,16,19.0937
64,256,4,32,19.2
64,256,4,64,19.1787
64,256,4,128,19.734
64,256,4,256,20.2667
64,256,4,512,26.933
64,256,4,1024,41.3547
64,256,4,2048,70.6777
64,256,4,4096,128.758
64,256,4,8192,246.913
64,256,4,16384,479.19
64,256,8,16,26.55
64,256,8,32,26.7307
64,256,8,64,26.9547
64,256,8,128,30.0267
64,256,8,256,33.6427
64,256,8,512,47.3063
64,256,8,1024,77.227
64,256,8,2048,137.717
64,256,8,4096,257.59
64,256,8,8192,494.359
64,256,8,16384,966.989
64,256,16,16,36.8
64,256,16,32,37.3547
64,256,16,64,37.7493
64,256,16,128,46.9123
64,256,16,256,58.3463
64,256,16,512,87.819
64,256,16,1024,156.417
64,256,16,2048,285.654
64,256,16,4096,534.486
64,256,16,8192,1060.99
64,256,16,16384,2090.72
64,256,32,16,52.7047
64,256,32,32,53.6113
64,256,32,64,54.2723
64,256,32,128,70.7307
64,256,32,256,104.651
64,256,32,512,173.835
64,256,32,1024,324.854
64,256,32,2048,620.994
64,256,32,4096,1322.01
64,256,32,8192,2938.98
64,256,32,16384,5580.86
64,256,64,16,80.949
64,256,64,32,83.2107
64,256,64,64,86.859
64,256,64,128,132.865
64,256,64,256,236.438
64,256,64,512,449.207
64,256,64,1024,875.437
64,256,64,2048,1769.19
64,256,64,4096,3489.69
64,256,64,8192,7111.29
64,256,64,16384,14429.6
64,256,128,16,145.685
64,256,128,32,149.643
64,256,128,64,156.32
64,256,128,128,284.875
64,256,128,256,504.428
64,256,128,512,961.517
64,256,128,1024,1871.65
64,256,128,2048,3710.41
64,256,128,4096,7369.41
64,256,128,8192,14703.2
64,256,128,16384,29353.6
64,512,0,0,27.5943
64,512,1,16,26.0483
64,512,1,32,26.1017
64,512,1,64,26.1017
64,512,1,128,26.1547
64,512,1,256,26.198
64,512,1,512,27.0183
64,512,1,1024,39.883
64,512,1,2048,68.726
64,512,1,4096,126.347
64,512,1,8192,240.769
64,512,1,16384,471.457
64,512,2,16,26.528
64,512,2,32,26.56
64,512,2,64,26.6133
64,512,2,128,26.8057
64,512,2,256,26.858
64,512,2,512,27.1893
64,512,2,1024,40.2457
64,512,2,2048,69.035
64,512,2,4096,126.837
64,512,2,8192,241.547
64,512,2,16384,474.231
64,512,4,16,26.1443
64,512,4,32,26.1223
64,512,4,64,26.1227
64,512,4,128,26.7307
64,512,4,256,27.0613
64,512,4,512,27.7443
64,512,4,1024,41.8347
64,512,4,2048,70.7737
64,512,4,4096,129.184
64,512,4,8192,246.251
64,512,4,16384,480.214
64,512,8,16,33.5577
64,512,8,32,33.4403
64,512,8,64,33.771
64,512,8,128,36.864
64,512,8,256,40.9493
64,512,8,512,48.8853
64,512,8,1024,77.2377
64,512,8,2048,138.603
64,512,8,4096,260.075
64,512,8,8192,503.009
64,512,8,16384,981.048
64,512,16,16,43.6587
64,512,16,32,44.3843
64,512,16,64,44.928
64,512,16,128,54.0373
64,512,16,256,65.6
64,512,16,512,91.2963
64,512,16,1024,150.561
64,512,16,2048,289.793
64,512,16,4096,565.229
64,512,16,8192,1110.88
64,512,16,16384,2330.59
64,512,32,16,59.8723
64,512,32,32,60.8323
64,512,32,64,61.931
64,512,32,128,80.9817
64,512,32,256,107.435
64,512,32,512,178.037
64,512,32,1024,313.771
64,512,32,2048,668.663
64,512,32,4096,1380.12
64,512,32,8192,2985.91
64,512,32,16384,5906.71
64,512,64,16,90.8587
64,512,64,32,91.7123
64,512,64,64,94.3367
64,512,64,128,137.91
64,512,64,256,238.347
64,512,64,512,453.207
64,512,64,1024,878.466
64,512,64,2048,1769.89
64,512,64,4096,3516.64
64,512,64,8192,7185.62
64,512,64,16384,14398.6
64,512,128,16,153.429
64,512,128,32,157.035
64,512,128,64,162.561
64,512,128,128,295.595
64,512,128,256,505.633
64,512,128,512,968.035
64,512,128,1024,1876.88
64,512,128,2048,3712.18
64,512,128,4096,7373.46
64,512,128,8192,14703.2
64,512,128,16384,29352.9
64,1024,0,0,41.856
64,1024,1,16,40.395
64,1024,1,32,40.3843
64,1024,1,64,40.3733
64,1024,1,128,40.491
64,1024,1,256,40.576
64,1024,1,512,40.5973
64,1024,1,1024,41.4617
64,1024,1,2048,68.651
64,1024,1,4096,126.294
64,1024,1,8192,240.726
64,1024,1,16384,471.19
64,1024,2,16,40.8217
64,1024,2,32,40.8
64,1024,2,64,40.6827
64,1024,2,128,40.896
64,1024,2,256,41.2373
64,1024,2,512,41.238
64,1024,2,1024,41.8137
64,1024,2,2048,68.864
64,1024,2,4096,126.913
64,1024,2,8192,241.953
64,1024,2,16384,473.985
64,1024,4,16,40.3947
64,1024,4,32,40.4157
64,1024,4,64,40.4587
64,1024,4,128,41.0983
64,1024,4,256,41.3653
64,1024,4,512,42.0697
64,1024,4,1024,42.7943
64,1024,4,2048,71.062
64,1024,4,4096,129.269
64,1024,4,8192,246.422
64,1024,4,16384,479.66
64,1024,8,16,47.03
64,1024,8,32,47.3493
64,1024,8,64,47.552
64,1024,8,128,50.923
64,1024,8,256,54.773
64,1024,8,512,63.5093
64,1024,8,1024,79.7653
64,1024,8,2048,137.611
64,1024,8,4096,259.957
64,1024,8,8192,503.949
64,1024,8,16384,994.285
64,1024,16,16,57.5787
64,1024,16,32,57.9207
64,1024,16,64,58.4643
64,1024,16,128,67.8293
64,1024,16,256,79.7767
64,1024,16,512,105.504
64,1024,16,1024,154.284
64,1024,16,2048,286.71
64,1024,16,4096,565.303
64,1024,16,8192,1145.35
64,1024,16,16384,2319.61
64,1024,32,16,74.155
64,1024,32,32,75.0723
64,1024,32,64,75.9897
64,1024,32,128,95.36
64,1024,32,256,126.294
64,1024,32,512,188.683
64,1024,32,1024,313.547
64,1024,32,2048,647.746
64,1024,32,4096,1414.81
64,1024,32,8192,2946.37
64,1024,32,16384,5910.88
64,1024,64,16,106.112
64,1024,64,32,108.032
64,1024,64,64,110.369
64,1024,64,128,155.179
64,1024,64,256,254.892
64,1024,64,512,459.478
64,1024,64,1024,858.957
64,1024,64,2048,1776.58
64,1024,64,4096,3525.65
64,1024,64,8192,7165
64,1024,64,16384,14454.7
64,1024,128,16,169.056
64,1024,128,32,172.48
64,1024,128,64,178.699
64,1024,128,128,308.022
64,1024,128,256,514.786
64,1024,128,512,973.058
64,1024,128,1024,1883.95
64,1024,128,2048,3720.04
64,1024,128,4096,7381.58
64,1024,128,8192,14710.5
64,1024,128,16384,29362.2
64,2048,0,0,70.4963
64,2048,1,16,69.0677
64,2048,1,32,69.0773
64,2048,1,64,69.0457
64,2048,1,128,69.2373
64,2048,1,256,69.1733
64,2048,1,512,69.1733
64,2048,1,1024,69.4193
64,2048,1,2048,70.229
64,2048,1,4096,126.24
64,2048,1,8192,240.917
64,2048,1,16384,471.372
64,2048,2,16,69.3763
64,2048,2,32,69.376
64,2048,2,64,69.3867
64,2048,2,128,69.6217
64,2048,2,256,69.7067
64,2048,2,512,69.824
64,2048,2,1024,70.1017
64,2048,2,2048,70.304
64,2048,2,4096,126.838
64,2048,2,8192,241.771
64,2048,2,16384,473.985
64,2048,4,16,69.078
64,2048,4,32,69.088
64,2048,4,64,69.1733
64,2048,4,128,69.7813
64,2048,4,256,70.1227
64,2048,4,512,70.6777
64,2048,4,1024,71.2217
64,2048,4,2048,72.1707
64,2048,4,4096,129.248
64,2048,4,8192,247.414
64,2048,4,16384,479.799
64,2048,8,16,74.7413
64,2048,8,32,74.976
64,2048,8,64,75.2427
64,2048,8,128,78.2403
64,2048,8,256,82.5173
64,2048,8,512,90.9443
64,2048,8,1024,108.086
64,2048,8,2048,139.06
64,2048,8,4096,259.147
64,2048,8,8192,502.828
64,2048,8,16384,992.45
64,2048,16,16,84.992
64,2048,16,32,85.5263
64,2048,16,64,86.293
64,2048,16,128,95.3383
64,2048,16,256,107.382
64,2048,16,512,134.209
64,2048,16,1024,180.641
64,2048,16,2048,278.133
64,2048,16,4096,560.097
64,2048,16,8192,1144.24
64,2048,16,16384,2329.63
64,2048,32,16,101.696
64,2048,32,32,102.411
64,2048,32,64,103.808
64,2048,32,128,123.765
64,2048,32,256,155.488
64,2048,32,512,218.369
64,2048,32,1024,337.963
64,2048,32,2048,607.584
64,2048,32,4096,1436.04
64,2048,32,8192,3031.98
64,2048,32,16384,5943.79
64,2048,64,16,134.347
64,2048,64,32,136.545
64,2048,64,64,139.798
64,2048,64,128,186.603
64,2048,64,256,299.169
64,2048,64,512,509.772
64,2048,64,1024,893.026
64,2048,64,2048,1767.04
64,2048,64,4096,3502.39
64,2048,64,8192,7202.07
64,2048,64,16384,14444.8
64,2048,128,16,200.619
64,2048,128,32,204.129
64,2048,128,64,210.774
64,2048,128,128,347.222
64,2048,128,256,557.313
64,2048,128,512,998.157
64,2048,128,1024,1900.5
64,2048,128,2048,3733.16
64,2048,128,4096,7391.03
64,2048,128,8192,14726.2
64,2048,128,16384,29378.7
64,4096,0,0,128.032
64,4096,1,16,126.421
64,4096,1,32,126.453
64,4096,1,64,126.39
64,4096,1,128,126.432
64,4096,1,256,126.517
64,4096,1,512,126.549
64,4096,1,1024,126.741
64,4096,1,2048,126.827
64,4096,1,4096,127.84
64,4096,1,8192,240.673
64,4096,1,16384,471.276
64,4096,2,16,126.838
64,4096,2,32,126.593
64,4096,2,64,126.721
64,4096,2,128,126.892
64,4096,2,256,126.912
64,4096,2,512,127.19
64,4096,2,1024,127.51
64,4096,2,2048,127.52
64,4096,2,4096,128.053
64,4096,2,8192,242.06
64,4096,2,16384,474.059
64,4096,4,16,126.539
64,4096,4,32,126.496
64,4096,4,64,126.561
64,4096,4,128,127.126
64,4096,4,256,127.307
64,4096,4,512,128.044
64,4096,4,1024,128.747
64,4096,4,2048,129.313
64,4096,4,4096,131.211
64,4096,4,8192,247.521
64,4096,4,16384,479.628
64,4096,8,16,131.52
64,4096,8,32,131.104
64,4096,8,64,131.851
64,4096,8,128,133.76
64,4096,8,256,138.124
64,4096,8,512,146.752
64,4096,8,1024,163.745
64,4096,8,2048,196.139
64,4096,8,4096,257.612
64,4096,8,8192,502.497
64,4096,8,16384,991.756
64,4096,16,16,140.566
64,4096,16,32,140.832
64,4096,16,64,141.547
64,4096,16,128,150.688
64,4096,16,256,162.773
64,4096,16,512,189.717
64,4096,16,1024,239.489
64,4096,16,2048,333.601
64,4096,16,4096,537.441
64,4096,16,8192,1136.85
64,4096,16,16384,2332.06
64,4096,32,16,156.897
64,4096,32,32,157.516
64,4096,32,64,158.72
64,4096,32,128,178.773
64,4096,32,256,210.945
64,4096,32,512,278.816
64,4096,32,1024,402.54
64,4096,32,2048,661.687
64,4096,32,4096,1345.87
64,4096,32,8192,2995.83
64,4096,32,16384,5929.67
64,4096,64,16,189.654
64,4096,64,32,192.299
64,4096,64,64,196.15
64,4096,64,128,245.334
64,4096,64,256,364.961
64,4096,64,512,586.838
64,4096,64,1024,994.741
64,4096,64,2048,1797.09
64,4096,64,4096,3470.87
64,4096,64,8192,7167.39
64,4096,64,16384,14443.6
64,4096,128,16,260.918
64,4096,128,32,264.747
64,4096,128,64,271.329
64,4096,128,128,409.526
64,4096,128,256,628.567
64,4096,128,512,1078.62
64,4096,128,1024,1967.07
64,4096,128,2048,3763.9
64,4096,128,4096,7419.05
64,4096,128,8192,14758.4
64,4096,128,16384,29394.9
64,8192,0,0,243.883
64,8192,1,16,242.166
64,8192,1,32,242.145
64,8192,1,64,242.134
64,8192,1,128,242.123
64,8192,1,256,242.144
64,8192,1,512,242.262
64,8192,1,1024,242.304
64,8192,1,2048,242.316
64,8192,1,4096,242.293
64,8192,1,8192,243.03
64,8192,1,16384,471.159
64,8192,2,16,242.475
64,8192,2,32,242.379
64,8192,2,64,242.412
64,8192,2,128,242.71
64,8192,2,256,242.678
64,8192,2,512,242.806
64,8192,2,1024,243.019
64,8192,2,2048,243.158
64,8192,2,4096,243.221
64,8192,2,8192,243.51
64,8192,2,16384,475.424
64,8192,4,16,242.167
64,8192,4,32,242.347
64,8192,4,64,242.229
64,8192,4,128,242.806
64,8192,4,256,243.115
64,8192,4,512,243.67
64,8192,4,1024,244.321
64,8192,4,2048,244.961
64,8192,4,4096,246.039
64,8192,4,8192,248.811
64,8192,4,16384,481.314
64,8192,8,16,242.582
64,8192,8,32,242.955
64,8192,8,64,242.838
64,8192,8,128,245.995
64,8192,8,256,249.196
64,8192,8,512,258.433
64,8192,8,1024,275.744
64,8192,8,2048,308.566
64,8192,8,4096,372.919
64,8192,8,8192,495.404
64,8192,8,16384,991.758
64,8192,16,16,251.062
64,8192,16,32,251.126
64,8192,16,64,252.064
64,8192,16,128,261.196
64,8192,16,256,274.113
64,8192,16,512,299.926
64,8192,16,1024,350.603
64,8192,16,2048,447.499
64,8192,16,4096,660.973
64,8192,16,8192,1106.3
64,8192,16,16384,2286.19
64,8192,32,16,267.243
64,8192,32,32,267.308
64,8192,32,64,269.323
64,8192,32,128,290.04
64,8192,32,256,321.42
64,8192,32,512,387.521
64,8192,32,1024,515.128
64,8192,32,2048,806.551
64,8192,32,4096,1496.98
64,8192,32,8192,2937.63
64,8192,32,16384,5975.33
64,8192,64,16,300.288
64,8192,64,32,302.603
64,8192,64,64,306.198
64,8192,64,128,355.062
64,8192,64,256,476.001
64,8192,64,512,710.081
64,8192,64,1024,1139.1
64,8192,64,2048,1991.71
64,8192,64,4096,3583.29
64,8192,64,8192,7237.03
64,8192,64,16384,14440.8
64,8192,128,16,371.873
64,8192,128,32,375.329
64,8192,128,64,382.507
64,8192,128,128,532.225
64,8192,128,256,759.084
64,8192,128,512,1226.68
64,8192,128,1024,2112.23
64,8192,128,2048,3897.52
64,8192,128,4096,7480.81
64,8192,128,8192,14794.1
64,8192,128,16384,29445.3
64,16384,0,0,477.163
64,16384,1,16,475.105
64,16384,1,32,475.073
64,16384,1,64,475.317
64,16384,1,128,475.169
64,16384,1,256,475.105
64,16384,1,512,475.265
64,16384,1,1024,475.138
64,16384,1,2048,475.244
64,16384,1,4096,475.138
64,16384,1,8192,475.201
64,16384,1,16384,476.225
64,16384,2,16,475.319
64,16384,2,32,475.414
64,16384,2,64,475.202
64,16384,2,128,475.436
64,16384,2,256,475.628
64,16384,2,512,475.788
64,16384,2,1024,475.959
64,16384,2,2048,475.958
64,16384,2,4096,476.012
64,16384,2,8192,476.353
64,16384,2,16384,480.055
64,16384,4,16,475.221
64,16384,4,32,475.307
64,16384,4,64,475.337
64,16384,4,128,475.937
64,16384,4,256,475.872
64,16384,4,512,476.492
64,16384,4,1024,477.484
64,16384,4,2048,477.846
64,16384,4,4096,478.475
64,16384,4,8192,480.332
64,16384,4,16384,485.206
64,16384,8,16,475.244
64,16384,8,32,475.212
64,16384,8,64,475.404
64,16384,8,128,476.652
64,16384,8,256,477.462
64,16384,8,512,479.958
64,16384,8,1024,497.132
64,16384,8,2048,531.309
64,16384,8,4096,605.858
64,16384,8,8192,729.143
64,16384,8,16384,980.28
64,16384,16,16,475.926
64,16384,16,32,475.81
64,16384,16,64,475.948
64,16384,16,128,484.843
64,16384,16,256,494.476
64,16384,16,512,522.135
64,16384,16,1024,571.393
64,16384,16,2048,672.557
64,16384,16,4096,890.871
64,16384,16,8192,1324.5
64,16384,16,16384,2168.27
64,16384,32,16,489.59
64,16384,32,32,489.505
64,16384,32,64,490.689
64,16384,32,128,509.697
64,16384,32,256,542.167
64,16384,32,512,608.684
64,16384,32,1024,737.079
64,16384,32,2048,1035.41
64,16384,32,4096,1712.46
64,16384,32,8192,3275.28
64,16384,32,16384,5757.76
64,16384,64,16,520.641
64,16384,64,32,524.321
64,16384,64,64,528.269
64,16384,64,128,574.829
64,16384,64,256,698.327
64,16384,64,512,926.829
64,16384,64,1024,1380.9
64,16384,64,2048,2272.28
64,16384,64,4096,3958.54
64,16384,64,8192,7259.17
64,16384,64,16384,14445.2
64,16384,128,16,592.236
64,16384,128,32,596.62
64,16384,128,64,603.479
64,16384,128,128,746.008
64,16384,128,256,984.44
64,16384,128,512,1480.87
64,16384,128,1024,2413.01
64,16384,128,2048,4215.58
64,16384,128,4096,7748.1
64,16384,128,8192,14911.4
64,16384,128,16384,29540.8
128,0,0,0,13.8877
128,0,1,16,13.6327
128,0,1,32,13.7603
128,0,1,64,13.7283
128,0,1,128,15.52
128,0,1,256,18.9653
128,0,1,512,25.8027
128,0,1,1024,40.032
128,0,1,2048,68.917
128,0,1,4096,126.465
128,0,1,8192,240.875
128,0,1,16384,471.094
128,0,2,16,13.7493
128,0,2,32,13.8987
128,0,2,64,14.0053
128,0,2,128,15.8717
128,0,2,256,19.5843
128,0,2,512,26.581
128,0,2,1024,40.9283
128,0,2,2048,69.8027
128,0,2,4096,127.275
128,0,2,8192,245.537
128,0,2,16384,475.681
128,0,4,16,19.4667
128,0,4,32,19.6373
128,0,4,64,19.733
128,0,4,128,23.2107
128,0,4,256,27.4667
128,0,4,512,34.858
128,0,4,1024,48.5653
128,0,4,2048,77.0243
128,0,4,4096,133.664
128,0,4,8192,250.56
128,0,4,16384,480.14
128,0,8,16,20.7577
128,0,8,32,21.0453
128,0,8,64,21.1723
128,0,8,128,26.123
128,0,8,256,33.2803
128,0,8,512,47.6587
128,0,8,1024,77.2593
128,0,8,2048,136.449
128,0,8,4096,254.295
128,0,8,8192,490.572
128,0,8,16384,965.317
128,0,16,16,31.051
128,0,16,32,31.3177
128,0,16,64,31.99
128,0,16,128,43.1997
128,0,16,256,57.462
128,0,16,512,87.6493
128,0,16,1024,154.112
128,0,16,2048,277.356
128,0,16,4096,515.372
128,0,16,8192,1032.94
128,0,16,16384,2045.05
128,0,32,16,48.4057
128,0,32,32,49.355
128,0,32,64,50.2827
128,0,32,128,71.3707
128,0,32,256,100.139
128,0,32,512,173.643
128,0,32,1024,319.786
128,0,32,2048,608.269
128,0,32,4096,1261.82
128,0,32,8192,2720.28
128,0,32,16384,5571.33
128,0,64,16,85.6
128,0,64,32,87.339
128,0,64,64,89.3443
128,0,64,128,135.809
128,0,64,256,234.198
128,0,64,512,470.753
128,0,64,1024,860.035
128,0,64,2048,1739.32
128,0,64,4096,3466.46
128,0,64,8192,7196.65
128,0,64,16384,14323.8
128,0,128,16,157.899
128,0,128,32,161.664
128,0,128,64,166.166
128,0,128,128,287.03
128,0,128,256,497.228
128,0,128,512,961.239
128,0,128,1024,1873.09
128,0,128,2048,3709.16
128,0,128,4096,7376.69
128,0,128,8192,14694.4
128,0,128,16384,29358.6
128,16,0,0,16.0003
128,16,1,16,16.1387
128,16,1,32,16.1067
128,16,1,64,16.1063
128,16,1,128,16.1707
128,16,1,256,18.869
128,16,1,512,25.792
128,16,1,1024,40.075
128,16,1,2048,68.9817
128,16,1,4096,126.518
128,16,1,8192,240.768
128,16,1,16384,471.341
128,16,2,16,16.1707
128,16,2,32,16.2347
128,16,2,64,16.309
128,16,2,128,16.458
128,16,2,256,19.7763
128,16,2,512,26.4217
128,16,2,1024,40.939
128,16,2,2048,69.6213
128,16,2,4096,127.596
128,16,2,8192,247.681
128,16,2,16384,475.958
128,16,4,16,22.816
128,16,4,32,23.0403
128,16,4,64,23.0397
128,16,4,128,23.776
128,16,4,256,28.0537
128,16,4,512,35.1253
128,16,4,1024,49.1737
128,16,4,2048,77.1947
128,16,4,4096,134.08
128,16,4,8192,247.969
128,16,4,16384,479.746
128,16,8,16,23.9043
128,16,8,32,24.0213
128,16,8,64,24.1927
128,16,8,128,26.315
128,16,8,256,33.1627
128,16,8,512,47.584
128,16,8,1024,77.056
128,16,8,2048,136.011
128,16,8,4096,254.699
128,16,8,8192,492.236
128,16,8,16384,964.696
128,16,16,16,34.1547
128,16,16,32,34.6027
128,16,16,64,34.9653
128,16,16,128,43.424
128,16,16,256,57.333
128,16,16,512,87.3403
128,16,16,1024,155.958
128,16,16,2048,280.737
128,16,16,4096,525.366
128,16,16,8192,1046.04
128,16,16,16384,2067.25
128,16,32,16,50.8907
128,16,32,32,51.9363
128,16,32,64,52.3737
128,16,32,128,71.9573
128,16,32,256,100.053
128,16,32,512,172.48
128,16,32,1024,319.201
128,16,32,2048,623.468
128,16,32,4096,1245.62
128,16,32,8192,2811.53
128,16,32,16384,5481.84
128,16,64,16,86.2297
128,16,64,32,87.936
128,16,64,64,89.9307
128,16,64,128,136.032
128,16,64,256,233.537
128,16,64,512,468.321
128,16,64,1024,877.559
128,16,64,2048,1747.24
128,16,64,4096,3508.3
128,16,64,8192,7128.65
128,16,64,16384,14248.5
128,16,128,16,158.475
128,16,128,32,161.963
128,16,128,64,166.71
128,16,128,128,288.748
128,16,128,256,497.399
128,16,128,512,961.293
128,16,128,1024,1873.48
128,16,128,2048,3708.33
128,16,128,4096,7370.93
128,16,128,8192,14694.6
128,16,128,16384,29358
128,32,0,0,15.968
128,32,1,16,16.2987
128,32,1,32,16.2453
128,32,1,64,16.128
128,32,1,128,16.352
128,32,1,256,18.859
128,32,1,512,25.728
128,32,1,1024,40.096
128,32,1,2048,68.8747
128,32,1,4096,126.539
128,32,1,8192,240.939
128,32,1,16384,471.01
128,32,2,16,16.3093
128,32,2,32,16.3633
128,32,2,64,16.363
128,32,2,128,16.4587
128,32,2,256,19.3493
128,32,2,512,26.6453
128,32,2,1024,40.7573
128,32,2,2048,69.685
128,32,2,4096,127.425
128,32,2,8192,242.998
128,32,2,16384,480.577
128,32,4,16,22.7413
128,32,4,32,22.9973
128,32,4,64,23.072
128,32,4,128,24.0857
128,32,4,256,28.0643
128,32,4,512,35.061
128,32,4,1024,49.0457
128,32,4,2048,77.11
128,32,4,4096,134.987
128,32,4,8192,250.518
128,32,4,16384,480.087
128,32,8,16,24.1387
128,32,8,32,24.299
128,32,8,64,24.4157
128,32,8,128,26.4
128,32,8,256,33.0033
128,32,8,512,47.6907
128,32,8,1024,77.2163
128,32,8,2048,136.747
128,32,8,4096,254.155
128,32,8,8192,491.264
128,32,8,16384,964.697
128,32,16,16,34.3787
128,32,16,32,34.6767
128,32,16,64,35.0613
128,32,16,128,43.5737
128,32,16,256,57.7707
128,32,16,512,87.7547
128,32,16,1024,155.926
128,32,16,2048,279.766
128,32,16,4096,525.547
128,32,16,8192,1031.89
128,32,16,16384,2079.4
128,32,32,16,51.125
128,32,32,32,51.9683
128,32,32,64,52.512
128,32,32,128,71.9257
128,32,32,256,100.502
128,32,32,512,172.278
128,32,32,1024,320.033
128,32,32,2048,618.967
128,32,32,4096,1295.64
128,32,32,8192,2803.79
128,32,32,16384,5430.28
128,32,64,16,86.2083
128,32,64,32,87.862
128,32,64,64,89.8777
128,32,64,128,136.287
128,32,64,256,236.523
128,32,64,512,472.353
128,32,64,1024,869.057
128,32,64,2048,1745.12
128,32,64,4096,3490.37
128,32,64,8192,7153.94
128,32,64,16384,14314.6
128,32,128,16,158.496
128,32,128,32,162.134
128,32,128,64,166.816
128,32,128,128,287.851
128,32,128,256,498.006
128,32,128,512,960.963
128,32,128,1024,1870.88
128,32,128,2048,3709.68
128,32,128,4096,7371.77
128,32,128,8192,14701.8
128,32,128,16384,29354.5
128,64,0,0,15.9573
128,64,1,16,16.256
128,64,1,32,16.2457
128,64,1,64,16.1817
128,64,1,128,16.2773
128,64,1,256,19.1253
128,64,1,512,25.899
128,64,1,1024,40.0537
128,64,1,2048,68.9067
128,64,1,4096,126.507
128,64,1,8192,240.81
128,64,1,16384,471.254
128,64,2,16,16.3307
128,64,2,32,16.5233
128,64,2,64,16.4587
128,64,2,128,16.5013
128,64,2,256,19.456
128,64,2,512,26.592
128,64,2,1024,40.9923
128,64,2,2048,69.5783
128,64,2,4096,127.104
128,64,2,8192,242.411
128,64,2,16384,475.437
128,64,4,16,22.8907
128,64,4,32,23.0827
128,64,4,64,23.0617
128,64,4,128,23.7763
128,64,4,256,28.0853
128,64,4,512,35.104
128,64,4,1024,49.0887
128,64,4,2048,77.323
128,64,4,4096,135.051
128,64,4,8192,249.91
128,64,4,16384,479.478
128,64,8,16,24.021
128,64,8,32,24.2457
128,64,8,64,24.4483
128,64,8,128,26.3683
128,64,8,256,33.173
128,64,8,512,47.6797
128,64,8,1024,77.0773
128,64,8,2048,136.469
128,64,8,4096,254.464
128,64,8,8192,491.158
128,64,8,16384,964.77
128,64,16,16,34.4537
128,64,16,32,34.8163
128,64,16,64,35.2963
128,64,16,128,43.499
128,64,16,256,57.621
128,64,16,512,87.5207
128,64,16,1024,157.057
128,64,16,2048,280.342
128,64,16,4096,533.067
128,64,16,8192,1046.14
128,64,16,16384,2079.99
128,64,32,16,51.243
128,64,32,32,51.7547
128,64,32,64,52.7143
128,64,32,128,71.776
128,64,32,256,100.384
128,64,32,512,172.693
128,64,32,1024,320.726
128,64,32,2048,605.781
128,64,32,4096,1260.54
128,64,32,8192,2864.21
128,64,32,16384,5608.48
128,64,64,16,86.144
128,64,64,32,88.011
128,64,64,64,90.027
128,64,64,128,136.107
128,64,64,256,235.083
128,64,64,512,473.654
128,64,64,1024,878.177
128,64,64,2048,1747.66
128,64,64,4096,3498.54
128,64,64,8192,7125.85
128,64,64,16384,14509.3
128,64,128,16,158.518
128,64,128,32,162.219
128,64,128,64,167.008
128,64,128,128,289.516
128,64,128,256,498.433
128,64,128,512,961.164
128,64,128,1024,1873.85
128,64,128,2048,3710.84
128,64,128,4096,7370.81
128,64,128,8192,14704.8
128,64,128,16384,29347.2
128,128,0,0,17.59
128,128,1,16,16.4477
128,128,1,32,16.4267
128,128,1,64,16.4483
128,128,1,128,16.8107
128,128,1,256,18.8263
128,128,1,512,25.792
128,128,1,1024,40.0637
128,128,1,2048,68.9707
128,128,1,4096,126.539
128,128,1,8192,241.025
128,128,1,16384,471.329
128,128,2,16,16.9173
128,128,2,32,16.9493
128,128,2,64,17.0877
128,128,2,128,17.0883
128,128,2,256,19.6057
128,128,2,512,26.5067
128,128,2,1024,40.789
128,128,2,2048,70.2507
128,128,2,4096,128.629
128,128,2,8192,245.782
128,128,2,16384,475.073
128,128,4,16,23.5627
128,128,4,32,23.584
128,128,4,64,23.659
128,128,4,128,26.4217
128,128,4,256,31.2213
128,128,4,512,39.2537
128,128,4,1024,53.1943
128,128,4,2048,81.2483
128,128,4,4096,138.603
128,128,4,8192,254.689
128,128,4,16384,480.278
128,128,8,16,25.5143
128,128,8,32,25.589
128,128,8,64,25.568
128,128,8,128,27.5413
128,128,8,256,33.3653
128,128,8,512,47.6693
128,128,8,1024,76.9067
128,128,8,2048,135.787
128,128,8,4096,254.369
128,128,8,8192,491.745
128,128,8,16384,965.313
128,128,16,16,34.9127
128,128,16,32,35.4133
128,128,16,64,35.829
128,128,16,128,45.238
128,128,16,256,58.0807
128,128,16,512,86.4213
128,128,16,1024,160.598
128,128,16,2048,287.107
128,128,16,4096,541.378
128,128,16,8192,1079.07
128,128,16,16384,2119.1
128,128,32,16,52.0533
128,128,32,32,52.8
128,128,32,64,53.6853
128,128,32,128,73.654
128,128,32,256,102.251
128,128,32,512,170.731
128,128,32,1024,330.881
128,128,32,2048,642.785
128,128,32,4096,1290.88
128,128,32,8192,2784.79
128,128,32,16384,5587.01
128,128,64,16,87.0933
128,128,64,32,88.9707
128,128,64,64,90.8163
128,128,64,128,137.952
128,128,64,256,240.641
128,128,64,512,475.841
128,128,64,1024,894.562
128,128,64,2048,1774.84
128,128,64,4096,3549.97
128,128,64,8192,7252.26
128,128,64,16384,14553.2
128,128,128,16,159.329
128,128,128,32,162.881
128,128,128,64,167.499
128,128,128,128,290.144
128,128,128,256,499.468
128,128,128,512,962.114
128,128,128,1024,1873.31
128,128,128,2048,3713.46
128,128,128,4096,7374.33
128,128,128,8192,14705.7
128,128,128,16384,29353.1
128,256,0,0,21.1097
128,256,1,16,19.9573
128,256,1,32,19.893
128,256,1,64,19.9677
128,256,1,128,20
128,256,1,256,20.4377
128,256,1,512,25.8987
128,256,1,1024,40.1707
128,256,1,2048,69.0883
128,256,1,4096,126.507
128,256,1,8192,241.228
128,256,1,16384,471.254
128,256,2,16,20.3727
128,256,2,32,20.5223
128,256,2,64,20.6183
128,256,2,128,20.5547
128,256,2,256,20.843
128,256,2,512,26.88
128,256,2,1024,41.419
128,256,2,2048,69.9627
128,256,2,4096,128.64
128,256,2,8192,243.158
128,256,2,16384,486.432
128,256,4,16,27.1043
128,256,4,32,27.4133
128,256,4,64,27.1793
128,256,4,128,30.4217
128,256,4,256,33.9307
128,256,4,512,43.2963
128,256,4,1024,57.4617
128,256,4,2048,85.4507
128,256,4,4096,142.966
128,256,4,8192,258.454
128,256,4,16384,482.38
128,256,8,16,32.2133
128,256,8,32,32.5013
128,256,8,64,32.6187
128,256,8,128,33.195
128,256,8,256,35.114
128,256,8,512,48.1813
128,256,8,1024,77.0137
128,256,8,2048,136.3
128,256,8,4096,255.105
128,256,8,8192,493.111
128,256,8,16384,968.621
128,256,16,16,39.307
128,256,16,32,39.5307
128,256,16,64,39.979
128,256,16,128,48.9923
128,256,16,256,60.2133
128,256,16,512,87.1787
128,256,16,1024,163.702
128,256,16,2048,301.601
128,256,16,4096,562.082
128,256,16,8192,1085.81
128,256,16,16384,2166.24
128,256,32,16,56.5333
128,256,32,32,57.11
128,256,32,64,58.1013
128,256,32,128,76.171
128,256,32,256,104.416
128,256,32,512,170.881
128,256,32,1024,343.041
128,256,32,2048,655.745
128,256,32,4096,1340.2
128,256,32,8192,2754.4
128,256,32,16384,5544.76
128,256,64,16,91.4777
128,256,64,32,93.2373
128,256,64,64,94.8267
128,256,64,128,138.347
128,256,64,256,242.017
128,256,64,512,474.038
128,256,64,1024,910.712
128,256,64,2048,1777.58
128,256,64,4096,3548.91
128,256,64,8192,7241.8
128,256,64,16384,14603.9
128,256,128,16,160.523
128,256,128,32,164.363
128,256,128,64,168.939
128,256,128,128,293.878
128,256,128,256,503.276
128,256,128,512,963.895
128,256,128,1024,1876.19
128,256,128,2048,3712.72
128,256,128,4096,7376.61
128,256,128,8192,14702.2
128,256,128,16384,29354.8
128,512,0,0,28.192
128,512,1,16,26.869
128,512,1,32,26.8907
128,512,1,64,26.902
128,512,1,128,26.8907
128,512,1,256,26.965
128,512,1,512,27.52
128,512,1,1024,40.373
128,512,1,2048,69.2163
128,512,1,4096,126.667
128,512,1,8192,241.195
128,512,1,16384,471.608
128,512,2,16,27.872
128,512,2,32,27.9787
128,512,2,64,27.6587
128,512,2,128,28.1707
128,512,2,256,27.8077
128,512,2,512,28.1707
128,512,2,1024,41.099
128,512,2,2048,70.9867
128,512,2,4096,128.928
128,512,2,8192,245.793
128,512,2,16384,480.918
128,512,4,16,33.9843
128,512,4,32,34.144
128,512,4,64,34.24
128,512,4,128,37.5143
128,512,4,256,41.238
128,512,4,512,48.5013
128,512,4,1024,64.8753
128,512,4,2048,93.5047
128,512,4,4096,150.336
128,512,4,8192,263.031
128,512,4,16384,488.971
128,512,8,16,39.584
128,512,8,32,39.6697
128,512,8,64,39.7653
128,512,8,128,46.0587
128,512,8,256,47.7337
128,512,8,512,49.7497
128,512,8,1024,77.6323
128,512,8,2048,136.864
128,512,8,4096,257.025
128,512,8,8192,496.501
128,512,8,16384,973.986
128,512,16,16,46.944
128,512,16,32,46.8587
128,512,16,64,47.339
128,512,16,128,56.9173
128,512,16,256,67.4557
128,512,16,512,90.2937
128,512,16,1024,148.918
128,512,16,2048,313.429
128,512,16,4096,619.287
128,512,16,8192,1239.14
128,512,16,16384,2540.46
128,512,32,16,64.8003
128,512,32,32,65.504
128,512,32,64,66.421
128,512,32,128,84.758
128,512,32,256,109.547
128,512,32,512,175.413
128,512,32,1024,320.652
128,512,32,2048,716.417
128,512,32,4096,1449.45
128,512,32,8192,3096.98
128,512,32,16384,6095.55
128,512,64,16,100.416
128,512,64,32,102.198
128,512,64,64,103.958
128,512,64,128,145.633
128,512,64,256,249.26
128,512,64,512,470.06
128,512,64,1024,916.344
128,512,64,2048,1809.7
128,512,64,4096,3587.59
128,512,64,8192,7255.42
128,512,64,16384,14602.8
128,512,128,16,168.908
128,512,128,32,172.288
128,512,128,64,176.769
128,512,128,128,295.467
128,512,128,256,506.199
128,512,128,512,970.221
128,512,128,1024,1878.72
128,512,128,2048,3717.5
128,512,128,4096,7376.07
128,512,128,8192,14708
128,512,128,16384,29363.3
128,1024,0,0,42.496
128,1024,1,16,41.1413
128,1024,1,32,41.152
128,1024,1,64,41.1627
128,1024,1,128,41.1197
128,1024,1,256,41.2157
128,1024,1,512,41.3333
128,1024,1,1024,41.8667
128,1024,1,2048,69.1097
128,1024,1,4096,126.71
128,1024,1,8192,241.175
128,1024,1,16384,471.267
128,1024,2,16,41.9843
128,1024,2,32,42.0053
128,1024,2,64,41.9957
128,1024,2,128,42.059
128,1024,2,256,42.1983
128,1024,2,512,42.1653
128,1024,2,1024,42.5927
128,1024,2,2048,70.176
128,1024,2,4096,128.001
128,1024,2,8192,245.58
128,1024,2,16384,481.261
128,1024,4,16,48.096
128,1024,4,32,48.0857
128,1024,4,64,48.2133
128,1024,4,128,50.9763
128,1024,4,256,54.859
128,1024,4,512,62.5073
128,1024,4,1024,77.4083
128,1024,4,2048,109.43
128,1024,4,4096,167.479
128,1024,4,8192,287.479
128,1024,4,16384,520.269
128,1024,8,16,53.195
128,1024,8,32,53.216
128,1024,8,64,53.376
128,1024,8,128,59.3917
128,1024,8,256,66.9123
128,1024,8,512,76.4917
128,1024,8,1024,79.5747
128,1024,8,2048,136.193
128,1024,8,4096,258.36
128,1024,8,8192,500.664
128,1024,8,16384,984.496
128,1024,16,16,60.801
128,1024,16,32,61.429
128,1024,16,64,61.792
128,1024,16,128,71.7973
128,1024,16,256,81.985
128,1024,16,512,103.339
128,1024,16,1024,153.014
128,1024,16,2048,304.236
128,1024,16,4096,622.147
128,1024,16,8192,1278.81
128,1024,16,16384,2558.85
128,1024,32,16,81.558
128,1024,32,32,82.0703
128,1024,32,64,83.328
128,1024,32,128,101.206
128,1024,32,256,127.371
128,1024,32,512,191.158
128,1024,32,1024,309.164
128,1024,32,2048,694.745
128,1024,32,4096,1462.95
128,1024,32,8192,3098.28
128,1024,32,16384,6148.98
128,1024,64,16,118.081
128,1024,64,32,120.001
128,1024,64,64,121.398
128,1024,64,128,162.465
128,1024,64,256,269.751
128,1024,64,512,486.818
128,1024,64,1024,892.079
128,1024,64,2048,1805.59
128,1024,64,4096,3588.86
128,1024,64,8192,7279.9
128,1024,64,16384,14537.7
128,1024,128,16,187.041
128,1024,128,32,190.039
128,1024,128,64,195.063
128,1024,128,128,310.657
128,1024,128,256,514.189
128,1024,128,512,975.088
128,1024,128,1024,1888.37
128,1024,128,2048,3721.32
128,1024,128,4096,7391.64
128,1024,128,8192,14715.7
128,1024,128,16384,29367.1
128,2048,0,0,71.2213
128,2048,1,16,69.835
128,2048,1,32,69.7923
128,2048,1,64,69.8353
128,2048,1,128,69.8883
128,2048,1,256,69.814
128,2048,1,512,69.824
128,2048,1,1024,69.8667
128,2048,1,2048,70.4863
128,2048,1,4096,126.508
128,2048,1,8192,241.068
128,2048,1,16384,471.373
128,2048,2,16,70.5713
128,2048,2,32,70.7633
128,2048,2,64,70.7093
128,2048,2,128,70.6883
128,2048,2,256,70.6247
128,2048,2,512,70.9337
128,2048,2,1024,71.4027
128,2048,2,2048,71.616
128,2048,2,4096,128.022
128,2048,2,8192,246.134
128,2048,2,16384,475.618
128,2048,4,16,75.808
128,2048,4,32,76.3203
128,2048,4,64,76.7467
128,2048,4,128,79.1793
128,2048,4,256,82.9127
128,2048,4,512,90.689
128,2048,4,1024,105.281
128,2048,4,2048,136.15
128,2048,4,4096,197.857
128,2048,4,8192,317.453
128,2048,4,16384,550.51
128,2048,8,16,80.6723
128,2048,8,32,81.014
128,2048,8,64,81.376
128,2048,8,128,87.051
128,2048,8,256,95.1363
128,2048,8,512,109.387
128,2048,8,1024,132.288
128,2048,8,2048,138.379
128,2048,8,4096,256.225
128,2048,8,8192,500.813
128,2048,8,16384,984.474
128,2048,16,16,89.0133
128,2048,16,32,89.5683
128,2048,16,64,89.7713
128,2048,16,128,99.606
128,2048,16,256,110.582
128,2048,16,512,132.694
128,2048,16,1024,178.519
128,2048,16,2048,275.212
128,2048,16,4096,598.435
128,2048,16,8192,1267.31
128,2048,16,16384,2529.14
128,2048,32,16,109.963
128,2048,32,32,110.87
128,2048,32,64,111.724
128,2048,32,128,134.678
128,2048,32,256,165.43
128,2048,32,512,235.105
128,2048,32,1024,341.026
128,2048,32,2048,608.163
128,2048,32,4096,1444.02
128,2048,32,8192,3032.8
128,2048,32,16384,6266.19
128,2048,64,16,151.286
128,2048,64,32,152.192
128,2048,64,64,155.009
128,2048,64,128,198.604
128,2048,64,256,308.215
128,2048,64,512,526.072
128,2048,64,1024,931.396
128,2048,64,2048,1792.83
128,2048,64,4096,3598.32
128,2048,64,8192,7289.69
128,2048,64,16384,14509.6
128,2048,128,16,222.476
128,2048,128,32,224.363
128,2048,128,64,230.796
128,2048,128,128,343.405
128,2048,128,256,553.549
128,2048,128,512,1006.19
128,2048,128,1024,1902.51
128,2048,128,2048,3737.42
128,2048,128,4096,7394.54
128,2048,128,8192,14733.1
128,2048,128,16384,29385.7
128,4096,0,0,128.651
128,4096,1,16,127.243
128,4096,1,32,127.179
128,4096,1,64,127.094
128,4096,1,128,127.254
128,4096,1,256,127.265
128,4096,1,512,127.318
128,4096,1,1024,127.371
128,4096,1,2048,127.329
128,4096,1,4096,128.289
128,4096,1,8192,241.09
128,4096,1,16384,471.405
128,4096,2,16,128.161
128,4096,2,32,127.947
128,4096,2,64,128.044
128,4096,2,128,128.118
128,4096,2,256,128.065
128,4096,2,512,128.3
128,4096,2,1024,128.577
128,4096,2,2048,128.715
128,4096,2,4096,131.286
128,4096,2,8192,243.649
128,4096,2,16384,476.856
128,4096,4,16,132.556
128,4096,4,32,133.334
128,4096,4,64,132.78
128,4096,4,128,135.584
128,4096,4,256,139.041
128,4096,4,512,147.169
128,4096,4,1024,161.654
128,4096,4,2048,192.524
128,4096,4,4096,253.057
128,4096,4,8192,375.319
128,4096,4,16384,610.116
128,4096,8,16,136.887
128,4096,8,32,136.791
128,4096,8,64,137.707
128,4096,8,128,143.414
128,4096,8,256,150.977
128,4096,8,512,165.089
128,4096,8,1024,193.729
128,4096,8,2048,250.273
128,4096,8,4096,256.15
128,4096,8,8192,494.137
128,4096,8,16384,991.471
128,4096,16,16,145.739
128,4096,16,32,145.004
128,4096,16,64,145.771
128,4096,16,128,156.951
128,4096,16,256,167.852
128,4096,16,512,188.417
128,4096,16,1024,236.193
128,4096,16,2048,328.151
128,4096,16,4096,539.511
128,4096,16,8192,1216.89
128,4096,16,16384,2516.57
128,4096,32,16,165.526
128,4096,32,32,166.752
128,4096,32,64,167.51
128,4096,32,128,190.359
128,4096,32,256,223.575
128,4096,32,512,313.922
128,4096,32,1024,445.346
128,4096,32,2048,681.059
128,4096,32,4096,1339.6
128,4096,32,8192,3135.47
128,4096,32,16384,6132.07
128,4096,64,16,209.334
128,4096,64,32,211.201
128,4096,64,64,212.95
128,4096,64,128,263.404
128,4096,64,256,378.551
128,4096,64,512,595.598
128,4096,64,1024,1016.86
128,4096,64,2048,1854.41
128,4096,64,4096,3540.42
128,4096,64,8192,7272.93
128,4096,64,16384,14513.9
128,4096,128,16,289.058
128,4096,128,32,292.567
128,4096,128,64,298.903
128,4096,128,128,415.127
128,4096,128,256,629.763
128,4096,128,512,1078.82
128,4096,128,1024,1960.34
128,4096,128,2048,3769.62
128,4096,128,4096,7419.14
128,4096,128,8192,14753.3
128,4096,128,16384,29411.3
128,8192,0,0,244.545
128,8192,1,16,242.85
128,8192,1,32,242.988
128,8192,1,64,242.998
128,8192,1,128,242.988
128,8192,1,256,243.009
128,8192,1,512,243.095
128,8192,1,1024,243.137
128,8192,1,2048,243.116
128,8192,1,4096,242.988
128,8192,1,8192,243.873
128,8192,1,16384,471.32
128,8192,2,16,243.841
128,8192,2,32,243.905
128,8192,2,64,246.615
128,8192,2,128,244.108
128,8192,2,256,243.66
128,8192,2,512,244.258
128,8192,2,1024,244.374
128,8192,2,2048,244.15
128,8192,2,4096,244.587
128,8192,2,8192,247.19
128,8192,2,16384,477.037
128,8192,4,16,243.713
128,8192,4,32,244.278
128,8192,4,64,246.252
128,8192,4,128,246.656
128,8192,4,256,250.977
128,8192,4,512,260.718
128,8192,4,1024,272.887
128,8192,4,2048,305.569
128,8192,4,4096,368.652
128,8192,4,8192,488.597
128,8192,4,16384,727.002
128,8192,8,16,248.278
128,8192,8,32,247.884
128,8192,8,64,248.503
128,8192,8,128,257.996
128,8192,8,256,262.252
128,8192,8,512,277.953
128,8192,8,1024,308.428
128,8192,8,2048,366.658
128,8192,8,4096,482.253
128,8192,8,8192,491.352
128,8192,8,16384,975.055
128,8192,16,16,257.751
128,8192,16,32,259.383
128,8192,16,64,260.927
128,8192,16,128,268.77
128,8192,16,256,280.611
128,8192,16,512,303.255
128,8192,16,1024,348.524
128,8192,16,2048,441.186
128,8192,16,4096,639.96
128,8192,16,8192,1099.55
128,8192,16,16384,2455.79
128,8192,32,16,277.633
128,8192,32,32,277.836
128,8192,32,64,277.878
128,8192,32,128,301.548
128,8192,32,256,332.919
128,8192,32,512,424.493
128,8192,32,1024,586.37
128,8192,32,2048,863.609
128,8192,32,4096,1487.99
128,8192,32,8192,2785.57
128,8192,32,16384,6106.32
128,8192,64,16,319.863
128,8192,64,32,322.049
128,8192,64,64,324.641
128,8192,64,128,374.903
128,8192,64,256,493.272
128,8192,64,512,724.558
128,8192,64,1024,1161.79
128,8192,64,2048,2015.89
128,8192,64,4096,3709.83
128,8192,64,8192,7362.61
128,8192,64,16384,14564.4
128,8192,128,16,404.727
128,8192,128,32,410.081
128,8192,128,64,415.821
128,8192,128,128,545.912
128,8192,128,256,761.551
128,8192,128,512,1234.89
128,8192,128,1024,2119.79
128,8192,128,2048,3896.02
128,8192,128,4096,7504.17
128,8192,128,8192,14807.2
128,8192,128,16384,29452.3
128,16384,0,0,477.623
128,16384,1,16,476.184
128,16384,1,32,476.322
128,16384,1,64,476.246
128,16384,1,128,476.108
128,16384,1,256,476.205
128,16384,1,512,476.227
128,16384,1,1024,476.439
128,16384,1,2048,476.184
128,16384,1,4096,476.321
128,16384,1,8192,476.141
128,16384,1,16384,476.899
128,16384,2,16,477.015
128,16384,2,32,477.293
128,16384,2,64,477.133
128,16384,2,128,477.751
128,16384,2,256,477.623
128,16384,2,512,477.506
128,16384,2,1024,477.59
128,16384,2,2048,478.146
128,16384,2,4096,478.199
128,16384,2,8192,478.861
128,16384,2,16384,484.238
128,16384,4,16,476.525
128,16384,4,32,476.727
128,16384,4,64,476.6
128,16384,4,128,476.706
128,16384,4,256,477.815
128,16384,4,512,483.917
128,16384,4,1024,498.648
128,16384,4,2048,531.705
128,16384,4,4096,601.742
128,16384,4,8192,722.393
128,16384,4,16384,957.957
128,16384,8,16,476.769
128,16384,8,32,476.791
128,16384,8,64,476.709
128,16384,8,128,479.981
128,16384,8,256,486.83
128,16384,8,512,501.741
128,16384,8,1024,530.744
128,16384,8,2048,589.677
128,16384,8,4096,711.833
128,16384,8,8192,943.44
128,16384,8,16384,968.559
128,16384,16,16,486.136
128,16384,16,32,487.426
128,16384,16,64,484.067
128,16384,16,128,494.274
128,16384,16,256,506.626
128,16384,16,512,530.862
128,16384,16,1024,572.184
128,16384,16,2048,670.296
128,16384,16,4096,862.799
128,16384,16,8192,1312.36
128,16384,16,16384,2161.03
128,16384,32,16,498.199
128,16384,32,32,500.482
128,16384,32,64,505.186
128,16384,32,128,525.538
128,16384,32,256,557.581
128,16384,32,512,647.382
128,16384,32,1024,810.671
128,16384,32,2048,1180.71
128,16384,32,4096,1748.78
128,16384,32,8192,2992.25
128,16384,32,16384,5536.29
128,16384,64,16,542.861
128,16384,64,32,542.904
128,16384,64,64,546.403
128,16384,64,128,599.448
128,16384,64,256,716.515
128,16384,64,512,953.519
128,16384,64,1024,1407.44
128,16384,64,2048,2305.32
128,16384,64,4096,3998.92
128,16384,64,8192,7554.47
128,16384,64,16384,14486.4
128,16384,128,16,627.448
128,16384,128,32,629.795
128,16384,128,64,637.656
128,16384,128,128,775.363
128,16384,128,256,1002.85
128,16384,128,512,1501.08
128,16384,128,1024,2417.75
128,16384,128,2048,4209.97
128,16384,128,4096,7751.82
128,16384,128,8192,14994.3
128,16384,128,16384,29536.2
256,0,0,0,18.486
256,0,1,16,20.043
256,0,1,32,20.0217
256,0,1,64,19.861
256,0,1,128,20.1067
256,0,1,256,22.7203
256,0,1,512,29.248
256,0,1,1024,43.7653
256,0,1,2048,71.3073
256,0,1,4096,128.96
256,0,1,8192,243.329
256,0,1,16384,473.603
256,0,2,16,25.2587
256,0,2,32,25.472
256,0,2,64,25.504
256,0,2,128,26.176
256,0,2,256,29.056
256,0,2,512,36.2773
256,0,2,1024,49.8777
256,0,2,2048,77.4727
256,0,2,4096,133.579
256,0,2,8192,246.806
256,0,2,16384,476.481
256,0,4,16,26.3467
256,0,4,32,26.539
256,0,4,64,26.6133
256,0,4,128,28.1387
256,0,4,256,33.536
256,0,4,512,42.507
256,0,4,1024,56.6727
256,0,4,2048,84.8533
256,0,4,4096,141.792
256,0,4,8192,253.643
256,0,4,16384,481.944
256,0,8,16,31.936
256,0,8,32,32.171
256,0,8,64,32.117
256,0,8,128,36.384
256,0,8,256,44.32
256,0,8,512,58.0267
256,0,8,1024,86.283
256,0,8,2048,143.413
256,0,8,4096,258.605
256,0,8,8192,497.518
256,0,8,16384,972.048
256,0,16,16,41.5257
256,0,16,32,41.984
256,0,16,64,42.1977
256,0,16,128,50.9973
256,0,16,256,63.9577
256,0,16,512,91.371
256,0,16,1024,166.123
256,0,16,2048,305.452
256,0,16,4096,556.077
256,0,16,8192,1098.92
256,0,16,16384,2138.78
256,0,32,16,61.366
256,0,32,32,62.059
256,0,32,64,62.9973
256,0,32,128,83.5203
256,0,32,256,108.299
256,0,32,512,189.324
256,0,32,1024,350.444
256,0,32,2048,667.257
256,0,32,4096,1321.17
256,0,32,8192,2730.38
256,0,32,16384,5640.37
256,0,64,16,101.43
256,0,64,32,103.318
256,0,64,64,105.28
256,0,64,128,149.612
256,0,64,256,251.03
256,0,64,512,490.774
256,0,64,1024,935.588
256,0,64,2048,1824.08
256,0,64,4096,3555.01
256,0,64,8192,7210.18
256,0,64,16384,14553.2
256,0,128,16,188.193
256,0,128,32,191.713
256,0,128,64,195.745
256,0,128,128,299.756
256,0,128,256,499.245
256,0,128,512,963.813
256,0,128,1024,1875.14
256,0,128,2048,3714.66
256,0,128,4096,7378.49
256,0,128,8192,14708.7
256,0,128,16384,29362
256,16,0,0,21.76
256,16,1,16,22.699
256,16,1,32,23.2003
256,16,1,64,22.987
256,16,1,128,22.8373
256,16,1,256,22.848
256,16,1,512,28.982
256,16,1,1024,42.8803
256,16,1,2048,71.392
256,16,1,4096,129.014
256,16,1,8192,242.967
256,16,1,16384,473.624
256,16,2,16,28.6613
256,16,2,32,28.48
256,16,2,64,28.5763
256,16,2,128,29.8027
256,16,2,256,30.101
256,16,2,512,36.9177
256,16,2,1024,50.7523
256,16,2,2048,78.635
256,16,2,4096,134.507
256,16,2,8192,248.652
256,16,2,16384,476.739
256,16,4,16,29.9413
256,16,4,32,29.7493
256,16,4,64,29.9307
256,16,4,128,31.6803
256,16,4,256,34.2407
256,16,4,512,44.3843
256,16,4,1024,58.6563
256,16,4,2048,86.902
256,16,4,4096,143.328
256,16,4,8192,258.764
256,16,4,16384,484.034
256,16,8,16,34.9653
256,16,8,32,35.2107
256,16,8,64,35.5953
256,16,8,128,40.3417
256,16,8,256,45.633
256,16,8,512,59.9147
256,16,8,1024,87.2857
256,16,8,2048,145.366
256,16,8,4096,260.353
256,16,8,8192,499.224
256,16,8,16384,975.992
256,16,16,16,45.6957
256,16,16,32,45.6107
256,16,16,64,46.1763
256,16,16,128,53.8563
256,16,16,256,64.673
256,16,16,512,91.8823
256,16,16,1024,165.078
256,16,16,2048,313.538
256,16,16,4096,574.241
256,16,16,8192,1135.71
256,16,16,16384,2198.08
256,16,32,16,65.5147
256,16,32,32,65.9843
256,16,32,64,66.966
256,16,32,128,84.395
256,16,32,256,109.793
256,16,32,512,188.758
256,16,32,1024,354.477
256,16,32,2048,692.772
256,16,32,4096,1389.47
256,16,32,8192,2943.15
256,16,32,16384,5725.06
256,16,64,16,104.502
256,16,64,32,106.464
256,16,64,64,108.054
256,16,64,128,150.752
256,16,64,256,252.194
256,16,64,512,491.289
256,16,64,1024,936.719
256,16,64,2048,1822.89
256,16,64,4096,3576.4
256,16,64,8192,7172.12
256,16,64,16384,14522.6
256,16,128,16,189.42
256,16,128,32,192.78
256,16,128,64,196.982
256,16,128,128,300.929
256,16,128,256,499.416
256,16,128,512,965.199
256,16,128,1024,1875.13
256,16,128,2048,3720.06
256,16,128,4096,7376.14
256,16,128,8192,14702.3
256,16,128,16384,29360.6
256,32,0,0,21.963
256,32,1,16,23.0507
256,32,1,32,23.1147
256,32,1,64,23.3393
256,32,1,128,22.9333
256,32,1,256,22.9223
256,32,1,512,28.981
256,32,1,1024,43.0297
256,32,1,2048,71.2857
256,32,1,4096,128.886
256,32,1,8192,243.318
256,32,1,16384,473.58
256,32,2,16,28.736
256,32,2,32,28.6617
256,32,2,64,28.9707
256,32,2,128,29.611
256,32,2,256,30.1333
256,32,2,512,37.056
256,32,2,1024,50.7417
256,32,2,2048,78.4217
256,32,2,4096,134.508
256,32,2,8192,247.532
256,32,2,16384,475.853
256,32,4,16,30.1337
256,32,4,32,30.0483
256,32,4,64,30.112
256,32,4,128,31.584
256,32,4,256,34.4853
256,32,4,512,44.8213
256,32,4,1024,58.8377
256,32,4,2048,86.731
256,32,4,4096,143.392
256,32,4,8192,255.873
256,32,4,16384,483.906
256,32,8,16,35.5093
256,32,8,32,35.6053
256,32,8,64,35.947
256,32,8,128,40.4167
256,32,8,256,45.739
256,32,8,512,59.7657
256,32,8,1024,87.563
256,32,8,2048,144.439
256,32,8,4096,259.894
256,32,8,8192,498.572
256,32,8,16384,974.64
256,32,16,16,45.43
256,32,16,32,45.9627
256,32,16,64,46.3897
256,32,16,128,53.76
256,32,16,256,64.4263
256,32,16,512,91.6053
256,32,16,1024,165.174
256,32,16,2048,311.447
256,32,16,4096,571.587
256,32,16,8192,1104.3
256,32,16,16384,2216.43
256,32,32,16,65.536
256,32,32,32,66.3147
256,32,32,64,67.1147
256,32,32,128,84.331
256,32,32,256,109.653
256,32,32,512,188.951
256,32,32,1024,356.684
256,32,32,2048,685.72
256,32,32,4096,1354.68
256,32,32,8192,2813.02
256,32,32,16384,5533.62
256,32,64,16,104.875
256,32,64,32,106.176
256,32,64,64,108.139
256,32,64,128,150.592
256,32,64,256,253.132
256,32,64,512,492.834
256,32,64,1024,938.929
256,32,64,2048,1815.36
256,32,64,4096,3560.21
256,32,64,8192,7182.94
256,32,64,16384,14424.7
256,32,128,16,189.547
256,32,128,32,192.833
256,32,128,64,197.207
256,32,128,128,301.473
256,32,128,256,499.511
256,32,128,512,963.352
256,32,128,1024,1875.59
256,32,128,2048,3718.45
256,32,128,4096,7377.77
256,32,128,8192,14711.8
256,32,128,16384,29366
256,64,0,0,22.2933
256,64,1,16,23.1467
256,64,1,32,23.125
256,64,1,64,23.1147
256,64,1,128,22.784
256,64,1,256,22.9443
256,64,1,512,29.2797
256,64,1,1024,43.6803
256,64,1,2048,71.2
256,64,1,4096,128.801
256,64,1,8192,243.297
256,64,1,16384,473.293
256,64,2,16,28.8427
256,64,2,32,28.7787
256,64,2,64,28.779
256,64,2,128,29.909
256,64,2,256,30.4327
256,64,2,512,36.939
256,64,2,1024,50.7627
256,64,2,2048,78.294
256,64,2,4096,134.081
256,64,2,8192,248.844
256,64,2,16384,476.312
256,64,4,16,30.1443
256,64,4,32,30.1333
256,64,4,64,30.1757
256,64,4,128,31.8613
256,64,4,256,34.752
256,64,4,512,44.7687
256,64,4,1024,58.667
256,64,4,2048,86.8697
256,64,4,4096,144.118
256,64,4,8192,257.1
256,64,4,16384,485.676
256,64,8,16,35.5417
256,64,8,32,35.7657
256,64,8,64,35.851
256,64,8,128,40.3733
256,64,8,256,46.059
256,64,8,512,59.7657
256,64,8,1024,87.563
256,64,8,2048,144.299
256,64,8,4096,259.181
256,64,8,8192,498.967
256,64,8,16384,976.844
256,64,16,16,45.7067
256,64,16,32,46.1123
256,64,16,64,46.3577
256,64,16,128,54.048
256,64,16,256,64.555
256,64,16,512,91.477
256,64,16,1024,166.571
256,64,16,2048,311.383
256,64,16,4096,573.207
256,64,16,8192,1100.75
256,64,16,16384,2235.09
256,64,32,16,65.6753
256,64,32,32,66.411
256,64,32,64,67.1257
256,64,32,128,84.384
256,64,32,256,109.675
256,64,32,512,188.267
256,64,32,1024,357.313
256,64,32,2048,699.235
256,64,32,4096,1321.91
256,64,32,8192,2874.52
256,64,32,16384,5957.69
256,64,64,16,104.821
256,64,64,32,106.742
256,64,64,64,108.235
256,64,64,128,151.116
256,64,64,256,252.214
256,64,64,512,490.595
256,64,64,1024,936.133
256,64,64,2048,1810.25
256,64,64,4096,3586.23
256,64,64,8192,7260.88
256,64,64,16384,14487.7
256,64,128,16,189.547
256,64,128,32,192.779
256,64,128,64,197.024
256,64,128,128,300.268
256,64,128,256,500.631
256,64,128,512,965.114
256,64,128,1024,1875.58
256,64,128,2048,3720.24
256,64,128,4096,7376.53
256,64,128,8192,14711.1
256,64,128,16384,29362.3
256,128,0,0,22.357
256,128,1,16,23.4773
256,128,1,32,23.648
256,128,1,64,23.6377
256,128,1,128,23.8187
256,128,1,256,24.043
256,128,1,512,29.4613
256,128,1,1024,43.5733
256,128,1,2048,71.4777
256,128,1,4096,128.96
256,128,1,8192,243.788
256,128,1,16384,473.858
256,128,2,16,29.216
256,128,2,32,29.387
256,128,2,64,29.504
256,128,2,128,32.1813
256,128,2,256,33.5043
256,128,2,512,39.9143
256,128,2,1024,53.8137
256,128,2,2048,81.696
256,128,2,4096,137.408
256,128,2,8192,250.945
256,128,2,16384,477.57
256,128,4,16,31.1783
256,128,4,32,31.584
256,128,4,64,31.179
256,128,4,128,33.4617
256,128,4,256,35.4987
256,128,4,512,46.934
256,128,4,1024,61.4723
256,128,4,2048,89.7817
256,128,4,4096,145.878
256,128,4,8192,258.988
256,128,4,16384,483.725
256,128,8,16,36.7147
256,128,8,32,37.0137
256,128,8,64,36.9597
256,128,8,128,42.3043
256,128,8,256,47.6803
256,128,8,512,62.4537
256,128,8,1024,90.88
256,128,8,2048,150.443
256,128,8,4096,266.007
256,128,8,8192,506.658
256,128,8,16384,981.103
256,128,16,16,47.2537
256,128,16,32,47.6693
256,128,16,64,47.9573
256,128,16,128,56.2137
256,128,16,256,65.6107
256,128,16,512,92.128
256,128,16,1024,166.657
256,128,16,2048,319.543
256,128,16,4096,596.419
256,128,16,8192,1119.88
256,128,16,16384,2266.02
256,128,32,16,66.9973
256,128,32,32,67.9787
256,128,32,64,68.8107
256,128,32,128,86.4107
256,128,32,256,112.086
256,128,32,512,188.897
256,128,32,1024,361.591
256,128,32,2048,721.091
256,128,32,4096,1393.76
256,128,32,8192,2868.57
256,128,32,16384,5713.67
256,128,64,16,106.453
256,128,64,32,108.075
256,128,64,64,109.824
256,128,64,128,152.832
256,128,64,256,252.406
256,128,64,512,492.215
256,128,64,1024,942.723
256,128,64,2048,1837.81
256,128,64,4096,3646.69
256,128,64,8192,7320.82
256,128,64,16384,14661.7
256,128,128,16,190.891
256,128,128,32,194.07
256,128,128,64,198.284
256,128,128,128,303.894
256,128,128,256,503.885
256,128,128,512,964.239
256,128,128,1024,1877.43
256,128,128,2048,3718.55
256,128,128,4096,7379.38
256,128,128,8192,14714.7
256,128,128,16384,29363.5
256,256,0,0,26.2187
256,256,1,16,27.2743
256,256,1,32,27.0617
256,256,1,64,27.2963
256,256,1,128,27.2433
256,256,1,256,27.381
256,256,1,512,29.6537
256,256,1,1024,43.808
256,256,1,2048,71.552
256,256,1,4096,129.366
256,256,1,8192,243.361
256,256,1,16384,473.837
256,256,2,16,33.0773
256,256,2,32,33.184
256,256,2,64,33.1413
256,256,2,128,36.107
256,256,2,256,39.584
256,256,2,512,43.5847
256,256,2,1024,57.291
256,256,2,2048,85.8563
256,256,2,4096,141.569
256,256,2,8192,255.063
256,256,2,16384,479.127
256,256,4,16,35.3067
256,256,4,32,35.2853
256,256,4,64,35.637
256,256,4,128,38.4747
256,256,4,256,40.5867
256,256,4,512,47.6803
256,256,4,1024,64.5337
256,256,4,2048,92.939
256,256,4,4096,148.758
256,256,4,8192,261.814
256,256,4,16384,491.501
256,256,8,16,41.6323
256,256,8,32,41.792
256,256,8,64,41.76
256,256,8,128,46.368
256,256,8,256,53.2693
256,256,8,512,66.144
256,256,8,1024,95.1047
256,256,8,2048,158.923
256,256,8,4096,279.863
256,256,8,8192,520.973
256,256,8,16384,997.999
256,256,16,16,52.4267
256,256,16,32,52.8643
256,256,16,64,53.3337
256,256,16,128,62.1327
256,256,16,256,70.2933
256,256,16,512,93.2587
256,256,16,1024,165.654
256,256,16,2048,321.036
256,256,16,4096,618.019
256,256,16,8192,1194.91
256,256,16,16384,2344.45
256,256,32,16,72.6083
256,256,32,32,73.483
256,256,32,64,74.1647
256,256,32,128,92.0963
256,256,32,256,115.051
256,256,32,512,187.308
256,256,32,1024,371.062
256,256,32,2048,745.39
256,256,32,4096,1498.71
256,256,32,8192,3137.92
256,256,32,16384,5927.01
256,256,64,16,112.587
256,256,64,32,114.102
256,256,64,64,115.691
256,256,64,128,155.616
256,256,64,256,258.422
256,256,64,512,491.085
256,256,64,1024,945.251
256,256,64,2048,1852.51
256,256,64,4096,3653.64
256,256,64,8192,7297.78
256,256,64,16384,14664.7
256,256,128,16,194.038
256,256,128,32,197.024
256,256,128,64,200.865
256,256,128,128,306.092
256,256,128,256,505.207
256,256,128,512,969.53
256,256,128,1024,1879.14
256,256,128,2048,3725.74
256,256,128,4096,7381.75
256,256,128,8192,14718
256,256,128,16384,29370.5
256,512,0,0,33.952
256,512,1,16,34.2083
256,512,1,32,34.347
256,512,1,64,34.0267
256,512,1,128,34.2403
256,512,1,256,34.4427
256,512,1,512,34.614
256,512,1,1024,44.1387
256,512,1,2048,71.9683
256,512,1,4096,129.228
256,512,1,8192,243.692
256,512,1,16384,474.05
256,512,2,16,40.2137
256,512,2,32,40.2783
256,512,2,64,40.2027
256,512,2,128,43.9257
256,512,2,256,47.403
256,512,2,512,53.792
256,512,2,1024,65.387
256,512,2,2048,92.7577
256,512,2,4096,149.43
256,512,2,8192,261.932
256,512,2,16384,485.506
256,512,4,16,42.496
256,512,4,32,42.614
256,512,4,64,42.7307
256,512,4,128,46.1543
256,512,4,256,49.889
256,512,4,512,55.0187
256,512,4,1024,71.7657
256,512,4,2048,100.075
256,512,4,4096,156.203
256,512,4,8192,269.163
256,512,4,16384,496.076
256,512,8,16,52.6827
256,512,8,32,52.6933
256,512,8,64,53.056
256,512,8,128,55.7977
256,512,8,256,60.939
256,512,8,512,74.4217
256,512,8,1024,102.55
256,512,8,2048,170.721
256,512,8,4096,309.569
256,512,8,8192,564.547
256,512,8,16384,1064.77
256,512,16,16,62.6247
256,512,16,32,62.987
256,512,16,64,63.2647
256,512,16,128,72.6183
256,512,16,256,82.8697
256,512,16,512,99.2427
256,512,16,1024,150.582
256,512,16,2048,332.705
256,512,16,4096,650.958
256,512,16,8192,1273.08
256,512,16,16384,2643.08
256,512,32,16,83.4997
256,512,32,32,83.7343
256,512,32,64,84.9283
256,512,32,128,103.638
256,512,32,256,123.979
256,512,32,512,191.393
256,512,32,1024,351.777
256,512,32,2048,802.425
256,512,32,4096,1569.48
256,512,32,8192,3317.68
256,512,32,16384,6644.72
256,512,64,16,123.467
256,512,64,32,125.568
256,512,64,64,127.083
256,512,64,128,166.4
256,512,64,256,260.556
256,512,64,512,494.114
256,512,64,1024,950.074
256,512,64,2048,1855.71
256,512,64,4096,3673.22
256,512,64,8192,7341.18
256,512,64,16384,14691.5
256,512,128,16,205.75
256,512,128,32,208.492
256,512,128,64,213.024
256,512,128,128,311.596
256,512,128,256,507.906
256,512,128,512,971.065
256,512,128,1024,1883.91
256,512,128,2048,3722.37
256,512,128,4096,7385.09
256,512,128,8192,14729
256,512,128,16384,29367.1
256,1024,0,0,48.47
256,1024,1,16,48.4693
256,1024,1,32,48.3203
256,1024,1,64,48.3207
256,1024,1,128,48.459
256,1024,1,256,48.5547
256,1024,1,512,49.0777
256,1024,1,1024,49.0777
256,1024,1,2048,72.6083
256,1024,1,4096,129.622
256,1024,1,8192,243.894
256,1024,1,16384,473.975
256,1024,2,16,54.326
256,1024,2,32,54.592
256,1024,2,64,54.688
256,1024,2,128,58.1767
256,1024,2,256,61.9953
256,1024,2,512,68.2997
256,1024,2,1024,82.8593
256,1024,2,2048,108.342
256,1024,2,4096,164.875
256,1024,2,8192,275.778
256,1024,2,16384,504.364
256,1024,4,16,56.6193
256,1024,4,32,56.8103
256,1024,4,64,56.811
256,1024,4,128,60.1387
256,1024,4,256,64.2347
256,1024,4,512,71.4237
256,1024,4,1024,84.0007
256,1024,4,2048,114.155
256,1024,4,4096,171.393
256,1024,4,8192,288.876
256,1024,4,16384,521.239
256,1024,8,16,66.987
256,1024,8,32,67.5093
256,1024,8,64,67.2213
256,1024,8,128,76.3523
256,1024,8,256,81.739
256,1024,8,512,89.9413
256,1024,8,1024,118.913
256,1024,8,2048,182.113
256,1024,8,4096,321.837
256,1024,8,8192,601.09
256,1024,8,16384,1155.85
256,1024,16,16,82.6677
256,1024,16,32,83.1893
256,1024,16,64,83.3177
256,1024,16,128,92.811
256,1024,16,256,102.411
256,1024,16,512,126.155
256,1024,16,1024,158.23
256,1024,16,2048,332.941
256,1024,16,4096,659.576
256,1024,16,8192,1323.38
256,1024,16,16384,2636.77
256,1024,32,16,103.883
256,1024,32,32,104.865
256,1024,32,64,105.355
256,1024,32,128,125.109
256,1024,32,256,146.176
256,1024,32,512,208.129
256,1024,32,1024,324.993
256,1024,32,2048,809.646
256,1024,32,4096,1601.78
256,1024,32,8192,3306.69
256,1024,32,16384,6634.38
256,1024,64,16,145.568
256,1024,64,32,147.361
256,1024,64,64,148.342
256,1024,64,128,188.097
256,1024,64,256,279.18
256,1024,64,512,506.594
256,1024,64,1024,933.166
256,1024,64,2048,1858.76
256,1024,64,4096,3669.12
256,1024,64,8192,7334.22
256,1024,64,16384,14696.7
256,1024,128,16,228.235
256,1024,128,32,231.318
256,1024,128,64,235.767
256,1024,128,128,330.668
256,1024,128,256,515.746
256,1024,128,512,979.919
256,1024,128,1024,1891.61
256,1024,128,2048,3733.08
256,1024,128,4096,7397.56
256,1024,128,8192,14739.7
256,1024,128,16384,29387.9
256,2048,0,0,76.597
256,2048,1,16,77.1203
256,2048,1,32,77.1407
256,2048,1,64,77.1093
256,2048,1,128,77.27
256,2048,1,256,77.5257
256,2048,1,512,77.408
256,2048,1,1024,77.643
256,2048,1,2048,78.144
256,2048,1,4096,130.049
256,2048,1,8192,244.438
256,2048,1,16384,474.326
256,2048,2,16,82.8597
256,2048,2,32,82.656
256,2048,2,64,82.8063
256,2048,2,128,85.995
256,2048,2,256,90.87
256,2048,2,512,96.6837
256,2048,2,1024,111.489
256,2048,2,2048,139.819
256,2048,2,4096,195.83
256,2048,2,8192,312.417
256,2048,2,16384,545.442
256,2048,4,16,84.8747
256,2048,4,32,85.099
256,2048,4,64,85.6537
256,2048,4,128,88.779
256,2048,4,256,91.894
256,2048,4,512,100.128
256,2048,4,1024,115.147
256,2048,4,2048,142.293
256,2048,4,4096,201.75
256,2048,4,8192,319.606
256,2048,4,16384,553.911
256,2048,8,16,95.403
256,2048,8,32,95.5947
256,2048,8,64,95.5093
256,2048,8,128,104.63
256,2048,8,256,116.021
256,2048,8,512,137.59
256,2048,8,1024,148.289
256,2048,8,2048,205.302
256,2048,8,4096,331.095
256,2048,8,8192,638.467
256,2048,8,16384,1191.54
256,2048,16,16,111.916
256,2048,16,32,113.142
256,2048,16,64,113.782
256,2048,16,128,131.36
256,2048,16,256,144.15
256,2048,16,512,162.998
256,2048,16,1024,215.062
256,2048,16,2048,274.604
256,2048,16,4096,656.365
256,2048,16,8192,1347.64
256,2048,16,16384,2717.27
256,2048,32,16,144.587
256,2048,32,32,144.63
256,2048,32,64,146.145
256,2048,32,128,166.369
256,2048,32,256,188.364
256,2048,32,512,244.171
256,2048,32,1024,377.067
256,2048,32,2048,660.376
256,2048,32,4096,1582.51
256,2048,32,8192,3289.1
256,2048,32,16384,6573.5
256,2048,64,16,186.187
256,2048,64,32,187.959
256,2048,64,64,190.348
256,2048,64,128,232.235
256,2048,64,256,325.196
256,2048,64,512,542.53
256,2048,64,1024,964.975
256,2048,64,2048,1836.36
256,2048,64,4096,3684.74
256,2048,64,8192,7358.42
256,2048,64,16384,14680
256,2048,128,16,271.168
256,2048,128,32,275.03
256,2048,128,64,280.503
256,2048,128,128,376.151
256,2048,128,256,556.12
256,2048,128,512,1000.38
256,2048,128,1024,1907.16
256,2048,128,2048,3749.72
256,2048,128,4096,7413.33
256,2048,128,8192,14762.7
256,2048,128,16384,29406.4
256,4096,0,0,133.995
256,4096,1,16,134.293
256,4096,1,32,134.017
256,4096,1,64,134.316
256,4096,1,128,134.304
256,4096,1,256,134.529
256,4096,1,512,134.496
256,4096,1,1024,134.72
256,4096,1,2048,135.179
256,4096,1,4096,135.841
256,4096,1,8192,245.089
256,4096,1,16384,475.126
256,4096,2,16,140.832
256,4096,2,32,140.246
256,4096,2,64,140.929
256,4096,2,128,142.816
256,4096,2,256,147.713
256,4096,2,512,154.198
256,4096,2,1024,169.259
256,4096,2,2048,196.556
256,4096,2,4096,254.743
256,4096,2,8192,370.017
256,4096,2,16384,605.954
256,4096,4,16,142.006
256,4096,4,32,142.401
256,4096,4,64,141.909
256,4096,4,128,144.758
256,4096,4,256,148.535
256,4096,4,512,156.822
256,4096,4,1024,171.574
256,4096,4,2048,201.536
256,4096,4,4096,258.251
256,4096,4,8192,379.841
256,4096,4,16384,614.445
256,4096,8,16,151.318
256,4096,8,32,151.883
256,4096,8,64,153.035
256,4096,8,128,161.376
256,4096,8,256,173.046
256,4096,8,512,194.304
256,4096,8,1024,237.302
256,4096,8,2048,263.98
256,4096,8,4096,382.231
256,4096,8,8192,634.104
256,4096,8,16384,1259.14
256,4096,16,16,169.568
256,4096,16,32,169.782
256,4096,16,64,171.191
256,4096,16,128,187.745
256,4096,16,256,206.614
256,4096,16,512,241.825
256,4096,16,1024,289.537
256,4096,16,2048,393.047
256,4096,16,4096,510.423
256,4096,16,8192,1366.43
256,4096,16,16384,2678.34
256,4096,32,16,204.939
256,4096,32,32,205.963
256,4096,32,64,206.518
256,4096,32,128,242.625
256,4096,32,256,270.038
256,4096,32,512,341.708
256,4096,32,1024,488.023
256,4096,32,2048,725.763
256,4096,32,4096,1395.79
256,4096,32,8192,3265.55
256,4096,32,16384,6552.94
256,4096,64,16,268.279
256,4096,64,32,269.772
256,4096,64,64,270.934
256,4096,64,128,316.694
256,4096,64,256,401.943
256,4096,64,512,613.965
256,4096,64,1024,1055.03
256,4096,64,2048,1891.46
256,4096,64,4096,3637.38
256,4096,64,8192,7350.37
256,4096,64,16384,14674.2
256,4096,128,16,355.958
256,4096,128,32,359.681
256,4096,128,64,365.558
256,4096,128,128,462.231
256,4096,128,256,633.923
256,4096,128,512,1079.93
256,4096,128,1024,1962.6
256,4096,128,2048,3779.64
256,4096,128,4096,7460.28
256,4096,128,8192,14783.5
256,4096,128,16384,29455.6
256,8192,0,0,247.339
256,8192,1,16,248.268
256,8192,1,32,248.247
256,8192,1,64,248.375
256,8192,1,128,248.183
256,8192,1,256,247.777
256,8192,1,512,247.723
256,8192,1,1024,248.534
256,8192,1,2048,248.449
256,8192,1,4096,249.004
256,8192,1,8192,250.912
256,8192,1,16384,477.165
256,8192,2,16,253.397
256,8192,2,32,253.174
256,8192,2,64,254.582
256,8192,2,128,257.014
256,8192,2,256,260.47
256,8192,2,512,269.43
256,8192,2,1024,282.518
256,8192,2,2048,310.891
256,8192,2,4096,371.767
256,8192,2,8192,488.332
256,8192,2,16384,724.066
256,8192,4,16,256.225
256,8192,4,32,256.726
256,8192,4,64,256.736
256,8192,4,128,259.607
256,8192,4,256,263.478
256,8192,4,512,269.622
256,8192,4,1024,285.622
256,8192,4,2048,314.284
256,8192,4,4096,375.03
256,8192,4,8192,492.717
256,8192,4,16384,734.584
256,8192,8,16,265.302
256,8192,8,32,265.953
256,8192,8,64,267.318
256,8192,8,128,274.337
256,8192,8,256,288.631
256,8192,8,512,307.563
256,8192,8,1024,352.343
256,8192,8,2048,438.21
256,8192,8,4096,496.215
256,8192,8,8192,739.906
256,8192,8,16384,1262.88
256,8192,16,16,284.535
256,8192,16,32,284.428
256,8192,16,64,282.86
256,8192,16,128,302.007
256,8192,16,256,319.767
256,8192,16,512,355.713
256,8192,16,1024,427.927
256,8192,16,2048,559.597
256,8192,16,4096,758.648
256,8192,16,8192,1018.74
256,8192,16,16384,2673.94
256,8192,32,16,317.163
256,8192,32,32,319.841
256,8192,32,64,321.698
256,8192,32,128,355.586
256,8192,32,256,395.171
256,8192,32,512,493.847
256,8192,32,1024,625.932
256,8192,32,2048,936.003
256,8192,32,4096,1558.83
256,8192,32,8192,3083.76
256,8192,32,16384,6530.75
256,8192,64,16,388.812
256,8192,64,32,390.316
256,8192,64,64,394.072
256,8192,64,128,469.526
256,8192,64,256,555.469
256,8192,64,512,749.517
256,8192,64,1024,1190.81
256,8192,64,2048,2051.27
256,8192,64,4096,3739.3
256,8192,64,8192,7360.45
256,8192,64,16384,14693.9
256,8192,128,16,519.063
256,8192,128,32,520.898
256,8192,128,64,526.978
256,8192,128,128,627.095
256,8192,128,256,785.379
256,8192,128,512,1227.63
256,8192,128,1024,2109.46
256,8192,128,2048,3887.03
256,8192,128,4096,7497.74
256,8192,128,8192,14899.2
256,8192,128,16384,29537.1
256,16384,0,0,480.684
256,16384,1,16,480.142
256,16384,1,32,479.565
256,16384,1,64,479.767
256,16384,1,128,479.906
256,16384,1,256,479.672
256,16384,1,512,480.108
256,16384,1,1024,479.383
256,16384,1,2048,480.194
256,16384,1,4096,481.164
256,16384,1,8192,482.125
256,16384,1,16384,486.679
256,16384,2,16,479.938
256,16384,2,32,480.674
256,16384,2,64,478.934
256,16384,2,128,483.235
256,16384,2,256,486.2
256,16384,2,512,489.804
256,16384,2,1024,507.319
256,16384,2,2048,535.458
256,16384,2,4096,606.455
256,16384,2,8192,726.126
256,16384,2,16384,958.904
256,16384,4,16,482.264
256,16384,4,32,481.655
256,16384,4,64,481.387
256,16384,4,128,484.897
256,16384,4,256,490.977
256,16384,4,512,496.791
256,16384,4,1024,511.906
256,16384,4,2048,544.834
256,16384,4,4096,608.536
256,16384,4,8192,729.133
256,16384,4,16384,962.318
256,16384,8,16,492.301
256,16384,8,32,492.205
256,16384,8,64,494.05
256,16384,8,128,502.178
256,16384,8,256,510.925
256,16384,8,512,534.498
256,16384,8,1024,577.123
256,16384,8,2048,665.923
256,16384,8,4096,844.206
256,16384,8,8192,960.547
256,16384,8,16384,1465.6
256,16384,16,16,511.927
256,16384,16,32,512.534
256,16384,16,64,508.665
256,16384,16,128,529.603
256,16384,16,256,548.397
256,16384,16,512,583.671
256,16384,16,1024,655.769
256,16384,16,2048,801.795
256,16384,16,4096,1089.02
256,16384,16,8192,1492.61
256,16384,16,16384,2182.15
256,16384,32,16,546.178
256,16384,32,32,547.042
256,16384,32,64,549.026
256,16384,32,128,584.12
256,16384,32,256,624.804
256,16384,32,512,721.666
256,16384,32,1024,918.467
256,16384,32,2048,1249.17
256,16384,32,4096,1971.76
256,16384,32,8192,3290.49
256,16384,32,16384,6230.06
256,16384,64,16,615.661
256,16384,64,32,617.773
256,16384,64,64,620.77
256,16384,64,128,697.528
256,16384,64,256,812.099
256,16384,64,512,1032.93
256,16384,64,1024,1481.14
256,16384,64,2048,2342.45
256,16384,64,4096,4064.17
256,16384,64,8192,7468.7
256,16384,64,16384,14612.6
256,16384,128,16,766.189
256,16384,128,32,775.149
256,16384,128,64,781.827
256,16384,128,128,944.868
256,16384,128,256,1088.44
256,16384,128,512,1528.4
256,16384,128,1024,2420.84
256,16384,128,2048,4208
256,16384,128,4096,7742.87
256,16384,128,8192,14966.3
256,16384,128,16384,29777
512,0,0,0,40.2773
512,0,1,16,42.9657
512,0,1,32,43.3073
512,0,1,64,43.1783
512,0,1,128,43.3493
512,0,1,256,43.5947
512,0,1,512,47.9147
512,0,1,1024,61.2477
512,0,1,2048,89.323
512,0,1,4096,144.214
512,0,1,8192,254.646
512,0,1,16384,479.864
512,0,2,16,44.576
512,0,2,32,44.6727
512,0,2,64,44.8213
512,0,2,128,45.856
512,0,2,256,46.0267
512,0,2,512,52.1387
512,0,2,1024,67.0187
512,0,2,2048,94.464
512,0,2,4096,149.974
512,0,2,8192,261.303
512,0,2,16384,485.666
512,0,4,16,48.2453
512,0,4,32,48.5547
512,0,4,64,48.3953
512,0,4,128,49.9527
512,0,4,256,52.8
512,0,4,512,60.3523
512,0,4,1024,80.982
512,0,4,2048,114.336
512,0,4,4096,171.328
512,0,4,8192,285.74
512,0,4,16384,512.024
512,0,8,16,55.1787
512,0,8,32,55.6377
512,0,8,64,55.712
512,0,8,128,59.8507
512,0,8,256,64.5233
512,0,8,512,77.59
512,0,8,1024,109.056
512,0,8,2048,165.377
512,0,8,4096,285.377
512,0,8,8192,521.271
512,0,8,16384,995.812
512,0,16,16,68.1707
512,0,16,32,68.939
512,0,16,64,69.131
512,0,16,128,78.0913
512,0,16,256,87.595
512,0,16,512,113.43
512,0,16,1024,185.942
512,0,16,2048,364.662
512,0,16,4096,660.781
512,0,16,8192,1239.77
512,0,16,16384,2394.23
512,0,32,16,94.3257
512,0,32,32,94.8907
512,0,32,64,95.531
512,0,32,128,114.102
512,0,32,256,135.967
512,0,32,512,230.486
512,0,32,1024,421.025
512,0,32,2048,795.501
512,0,32,4096,1561.1
512,0,32,8192,3244.59
512,0,32,16384,6147.83
512,0,64,16,145.483
512,0,64,32,147.233
512,0,64,64,148.374
512,0,64,128,188.417
512,0,64,256,266.327
512,0,64,512,507.49
512,0,64,1024,967.523
512,0,64,2048,1888.4
512,0,64,4096,3719.99
512,0,64,8192,7389.64
512,0,64,16384,14682
512,0,128,16,251.606
512,0,128,32,253.836
512,0,128,64,257.76
512,0,128,128,356.13
512,0,128,256,511.949
512,0,128,512,974.554
512,0,128,1024,1883.61
512,0,128,2048,3727.42
512,0,128,4096,7396.4
512,0,128,8192,14726.3
512,0,128,16384,29374.5
512,16,0,0,46.1867
512,16,1,16,47.2213
512,16,1,32,47.126
512,16,1,64,47.552
512,16,1,128,48.6403
512,16,1,256,48.7787
512,16,1,512,49.8133
512,16,1,1024,63.4457
512,16,1,2048,91.339
512,16,1,4096,146.209
512,16,1,8192,256.918
512,16,1,16384,479.927
512,16,2,16,49.0667
512,16,2,32,49.419
512,16,2,64,49.291
512,16,2,128,50.0693
512,16,2,256,50.9657
512,16,2,512,53.4297
512,16,2,1024,70.4533
512,16,2,2048,97.7607
512,16,2,4096,152.886
512,16,2,8192,264.214
512,16,2,16384,488.066
512,16,4,16,53.131
512,16,4,32,52.395
512,16,4,64,52.8853
512,16,4,128,54.7203
512,16,4,256,57.931
512,16,4,512,63.1257
512,16,4,1024,82.7093
512,16,4,2048,119.265
512,16,4,4096,176.117
512,16,4,8192,289.622
512,16,4,16384,518.029
512,16,8,16,60.2027
512,16,8,32,59.968
512,16,8,64,60.523
512,16,8,128,65.163
512,16,8,256,69.1733
512,16,8,512,80.2887
512,16,8,1024,112.417
512,16,8,2048,169.355
512,16,8,4096,292.343
512,16,8,8192,524.546
512,16,8,16384,1002.49
512,16,16,16,73.046
512,16,16,32,73.7073
512,16,16,64,74.0377
512,16,16,128,83.1893
512,16,16,256,92.9597
512,16,16,512,115.563
512,16,16,1024,187.969
512,16,16,2048,370.775
512,16,16,4096,682.199
512,16,16,8192,1310.85
512,16,16,16384,2479.26
512,16,32,16,99.499
512,16,32,32,100.16
512,16,32,64,100.907
512,16,32,128,118.837
512,16,32,256,139.126
512,16,32,512,230.23
512,16,32,1024,426.274
512,16,32,2048,820.985
512,16,32,4096,1550.74
512,16,32,8192,3351.38
512,16,32,16384,6274.51
512,16,64,16,150.422
512,16,64,32,152.193
512,16,64,64,153.654
512,16,64,128,191.68
512,16,64,256,267.009
512,16,64,512,509.752
512,16,64,1024,968.868
512,16,64,2048,1891.33
512,16,64,4096,3718.64
512,16,64,8192,7403.5
512,16,64,16384,14721
512,16,128,16,253.377
512,16,128,32,257.451
512,16,128,64,260.481
512,16,128,128,359.138
512,16,128,256,512.386
512,16,128,512,973.316
512,16,128,1024,1886.48
512,16,128,2048,3729.75
512,16,128,4096,7396.09
512,16,128,8192,14734.5
512,16,128,16384,29389.4
512,32,0,0,46.5603
512,32,1,16,47.712
512,32,1,32,47.6373
512,32,1,64,47.4137
512,32,1,128,48.6617
512,32,1,256,48.7573
512,32,1,512,49.8453
512,32,1,1024,63.3603
512,32,1,2048,91.3383
512,32,1,4096,146.582
512,32,1,8192,257.515
512,32,1,16384,482.338
512,32,2,16,49.1413
512,32,2,32,49.643
512,32,2,64,49.5043
512,32,2,128,50.272
512,32,2,256,50.8377
512,32,2,512,53.3543
512,32,2,1024,69.6007
512,32,2,2048,98.0057
512,32,2,4096,153.302
512,32,2,8192,264.865
512,32,2,16384,487.394
512,32,4,16,52.8533
512,32,4,32,52.7147
512,32,4,64,52.832
512,32,4,128,54.8373
512,32,4,256,58.304
512,32,4,512,63.1473
512,32,4,1024,82.7203
512,32,4,2048,119.819
512,32,4,4096,176.14
512,32,4,8192,291.457
512,32,4,16384,517.988
512,32,8,16,60.1177
512,32,8,32,60.4697
512,32,8,64,60.6083
512,32,8,128,64.3103
512,32,8,256,69.0453
512,32,8,512,79.8293
512,32,8,1024,112.096
512,32,8,2048,168.683
512,32,8,4096,291.969
512,32,8,8192,526.327
512,32,8,16384,1008.3
512,32,16,16,73.0457
512,32,16,32,73.547
512,32,16,64,73.9203
512,32,16,128,83.073
512,32,16,256,92.437
512,32,16,512,116.107
512,32,16,1024,189.783
512,32,16,2048,376.855
512,32,16,4096,683.831
512,32,16,8192,1281.78
512,32,16,16384,2515.36
512,32,32,16,99.4137
512,32,32,32,100
512,32,32,64,100.683
512,32,32,128,119.115
512,32,32,256,140.075
512,32,32,512,228.534
512,32,32,1024,435.403
512,32,32,2048,804.473
512,32,32,4096,1621.51
512,32,32,8192,3274.32
512,32,32,16384,6612.87
512,32,64,16,151.275
512,32,64,32,152.353
512,32,64,64,154.059
512,32,64,128,192.14
512,32,64,256,266.401
512,32,64,512,509.975
512,32,64,1024,968.334
512,32,64,2048,1897.62
512,32,64,4096,3722.06
512,32,64,8192,7395.7
512,32,64,16384,14707.4
512,32,128,16,254.027
512,32,128,32,256.673
512,32,128,64,260.438
512,32,128,128,359.458
512,32,128,256,512.215
512,32,128,512,973.646
512,32,128,1024,1885.5
512,32,128,2048,3733.64
512,32,128,4096,7396.54
512,32,128,8192,14740.7
512,32,128,16384,29384.8
512,64,0,0,46.6667
512,64,1,16,47.5097
512,64,1,32,47.8187
512,64,1,64,47.712
512,64,1,128,48.6827
512,64,1,256,49.376
512,64,1,512,49.643
512,64,1,1024,63.616
512,64,1,2048,91.157
512,64,1,4096,146.827
512,64,1,8192,257.366
512,64,1,16384,483.526
512,64,2,16,49.4297
512,64,2,32,49.7387
512,64,2,64,49.4083
512,64,2,128,50.3573
512,64,2,256,50.72
512,64,2,512,53.6003
512,64,2,1024,70.219
512,64,2,2048,97.5367
512,64,2,4096,153.323
512,64,2,8192,264.673
512,64,2,16384,487.842
512,64,4,16,52.9813
512,64,4,32,52.854
512,64,4,64,52.8747
512,64,4,128,54.9977
512,64,4,256,58.6567
512,64,4,512,63.1683
512,64,4,1024,82.55
512,64,4,2048,119.851
512,64,4,4096,177.174
512,64,4,8192,291.254
512,64,4,16384,516.962
512,64,8,16,60.2563
512,64,8,32,60.395
512,64,8,64,60.7893
512,64,8,128,65.003
512,64,8,256,69.2803
512,64,8,512,79.9253
512,64,8,1024,112.534
512,64,8,2048,170.294
512,64,8,4096,292.235
512,64,8,8192,526.434
512,64,8,16384,1011.84
512,64,16,16,73.6327
512,64,16,32,73.8033
512,64,16,64,74.0053
512,64,16,128,82.8377
512,64,16,256,92.6613
512,64,16,512,115.584
512,64,16,1024,191.542
512,64,16,2048,374.454
512,64,16,4096,681.387
512,64,16,8192,1286.19
512,64,16,16384,2479.25
512,64,32,16,99.8933
512,64,32,32,100.149
512,64,32,64,101.173
512,64,32,128,118.901
512,64,32,256,139.745
512,64,32,512,229.793
512,64,32,1024,425.038
512,64,32,2048,822.157
512,64,32,4096,1588.4
512,64,32,8192,3349.49
512,64,32,16384,6478.5
512,64,64,16,150.88
512,64,64,32,152.129
512,64,64,64,154.294
512,64,64,128,191.66
512,64,64,256,267.468
512,64,64,512,508.545
512,64,64,1024,969.966
512,64,64,2048,1897.82
512,64,64,4096,3720.85
512,64,64,8192,7403.09
512,64,64,16384,14722.8
512,64,128,16,253.878
512,64,128,32,256.79
512,64,128,64,260.3
512,64,128,128,358.69
512,64,128,256,513.314
512,64,128,512,974.319
512,64,128,1024,1884.88
512,64,128,2048,3731.11
512,64,128,4096,7399.68
512,64,128,8192,14730.5
512,64,128,16384,29384.2
512,128,0,0,47.4673
512,128,1,16,50.059
512,128,1,32,49.8777
512,128,1,64,49.771
512,128,1,128,50.1123
512,128,1,256,50.176
512,128,1,512,52.512
512,128,1,1024,65.9417
512,128,1,2048,93.9527
512,128,1,4096,148.844
512,128,1,8192,260.129
512,128,1,16384,481.644
512,128,2,16,51.4143
512,128,2,32,51.7227
512,128,2,64,51.5837
512,128,2,128,53.2907
512,128,2,256,53.3017
512,128,2,512,54.848
512,128,2,1024,73.7817
512,128,2,2048,101.664
512,128,2,4096,156.982
512,128,2,8192,267.18
512,128,2,16384,495.714
512,128,4,16,55.477
512,128,4,32,55.104
512,128,4,64,55.3813
512,128,4,128,57.1733
512,128,4,256,60.672
512,128,4,512,65.9093
512,128,4,1024,84.171
512,128,4,2048,125.258
512,128,4,4096,181.974
512,128,4,8192,294.528
512,128,4,16384,520.877
512,128,8,16,62.539
512,128,8,32,62.87
512,128,8,64,63.0187
512,128,8,128,67.222
512,128,8,256,72.2887
512,128,8,512,82.7737
512,128,8,1024,116.406
512,128,8,2048,173.76
512,128,8,4096,296.94
512,128,8,8192,532.439
512,128,8,16384,1015.97
512,128,16,16,76.203
512,128,16,32,76.4053
512,128,16,64,76.6077
512,128,16,128,86.0373
512,128,16,256,95.211
512,128,16,512,118.219
512,128,16,1024,193.899
512,128,16,2048,372.129
512,128,16,4096,704.482
512,128,16,8192,1341.1
512,128,16,16384,2624.54
512,128,32,16,102.102
512,128,32,32,102.656
512,128,32,64,104.011
512,128,32,128,122.283
512,128,32,256,142.88
512,128,32,512,230.156
512,128,32,1024,440.077
512,128,32,2048,824.547
512,128,32,4096,1670.73
512,128,32,8192,3319.3
512,128,32,16384,6481.91
512,128,64,16,153.771
512,128,64,32,155.03
512,128,64,64,156.534
512,128,64,128,195.275
512,128,64,256,269.623
512,128,64,512,509.932
512,128,64,1024,969.018
512,128,64,2048,1899.02
512,128,64,4096,3737.66
512,128,64,8192,7432.55
512,128,64,16384,14792.5
512,128,128,16,256.651
512,128,128,32,259.425
512,128,128,64,263.446
512,128,128,128,361.142
512,128,128,256,515.287
512,128,128,512,974.724
512,128,128,1024,1885.68
512,128,128,2048,3733.12
512,128,128,4096,7399.41
512,128,128,8192,14739.7
512,128,128,16384,29390.1
512,256,0,0,54.6563
512,256,1,16,57.024
512,256,1,32,56.715
512,256,1,64,57.067
512,256,1,128,57.0243
512,256,1,256,57.0347
512,256,1,512,57.845
512,256,1,1024,69.899
512,256,1,2048,97.2587
512,256,1,4096,152.309
512,256,1,8192,262.913
512,256,1,16384,488.877
512,256,2,16,58.315
512,256,2,32,58.1013
512,256,2,64,58.368
512,256,2,128,59.6273
512,256,2,256,60.5227
512,256,2,512,60.4807
512,256,2,1024,79.296
512,256,2,2048,108.086
512,256,2,4096,163.222
512,256,2,8192,275.382
512,256,2,16384,500.183
512,256,4,16,62.0057
512,256,4,32,62.1123
512,256,4,64,62.123
512,256,4,128,64.3307
512,256,4,256,67.6697
512,256,4,512,74.0593
512,256,4,1024,89.6323
512,256,4,2048,135.328
512,256,4,4096,191.553
512,256,4,8192,304.406
512,256,4,16384,529.624
512,256,8,16,69.6967
512,256,8,32,69.707
512,256,8,64,70.507
512,256,8,128,74.7307
512,256,8,256,80.2133
512,256,8,512,89.4933
512,256,8,1024,118.955
512,256,8,2048,179.221
512,256,8,4096,309.794
512,256,8,8192,548.728
512,256,8,16384,1025.39
512,256,16,16,83.03
512,256,16,32,83.979
512,256,16,64,84
512,256,16,128,93.0353
512,256,16,256,103.499
512,256,16,512,122.966
512,256,16,1024,196.63
512,256,16,2048,380.865
512,256,16,4096,702.403
512,256,16,8192,1395.22
512,256,16,16384,2730.81
512,256,32,16,109.674
512,256,32,32,110.549
512,256,32,64,111.126
512,256,32,128,130.038
512,256,32,256,151.414
512,256,32,512,223.339
512,256,32,1024,449.794
512,256,32,2048,853.443
512,256,32,4096,1719.21
512,256,32,8192,3508.08
512,256,32,16384,6841.04
512,256,64,16,161.729
512,256,64,32,162.976
512,256,64,64,165.047
512,256,64,128,202.273
512,256,64,256,274.581
512,256,64,512,511.169
512,256,64,1024,971.481
512,256,64,2048,1900.35
512,256,64,4096,3735.55
512,256,64,8192,7446.85
512,256,64,16384,14826
512,256,128,16,264.481
512,256,128,32,267.041
512,256,128,64,271.798
512,256,128,128,367.842
512,256,128,256,517.1
512,256,128,512,976.057
512,256,128,1024,1887.31
512,256,128,2048,3732.49
512,256,128,4096,7405.22
512,256,128,8192,14745.7
512,256,128,16384,29391.3
512,512,0,0,68.6617
512,512,1,16,70.8277
512,512,1,32,70.8377
512,512,1,64,70.71
512,512,1,128,70.9333
512,512,1,256,71.2533
512,512,1,512,71.1787
512,512,1,1024,76.928
512,512,1,2048,105.046
512,512,1,4096,160.14
512,512,1,8192,271.233
512,512,1,16384,493.677
512,512,2,16,72.3413
512,512,2,32,72.5017
512,512,2,64,72.4693
512,512,2,128,73.7813
512,512,2,256,73.3867
512,512,2,512,74.5067
512,512,2,1024,82.507
512,512,2,2048,122.208
512,512,2,4096,178.71
512,512,2,8192,288.513
512,512,2,16384,513.207
512,512,4,16,75.904
512,512,4,32,75.9367
512,512,4,64,75.8403
512,512,4,128,77.664
512,512,4,256,81.4293
512,512,4,512,89.1093
512,512,4,1024,103.083
512,512,4,2048,139.755
512,512,4,4096,213.984
512,512,4,8192,327.308
512,512,4,16384,562.477
512,512,8,16,83.7983
512,512,8,32,83.6693
512,512,8,64,84.0967
512,512,8,128,89.6537
512,512,8,256,94.6667
512,512,8,512,103.968
512,512,8,1024,130.454
512,512,8,2048,196.065
512,512,8,4096,327.243
512,512,8,8192,596.183
512,512,8,16384,1128.39
512,512,16,16,98.4533
512,512,16,32,98.7097
512,512,16,64,98.8483
512,512,16,128,108.758
512,512,16,256,118.902
512,512,16,512,138.614
512,512,16,1024,199.425
512,512,16,2048,387.745
512,512,16,4096,756.43
512,512,16,8192,1483.55
512,512,16,16384,3038.84
512,512,32,16,124.865
512,512,32,32,126.112
512,512,32,64,126.508
512,512,32,128,146.326
512,512,32,256,167.265
512,512,32,512,241.43
512,512,32,1024,419.297
512,512,32,2048,891.792
512,512,32,4096,1736.89
512,512,32,8192,3475.41
512,512,32,16384,7004.57
512,512,64,16,177.537
512,512,64,32,179.329
512,512,64,64,180.321
512,512,64,128,219.212
512,512,64,256,285.11
512,512,64,512,517.996
512,512,64,1024,973.955
512,512,64,2048,1905.96
512,512,64,4096,3737.79
512,512,64,8192,7439.03
512,512,64,16384,14838
512,512,128,16,280.769
512,512,128,32,283.713
512,512,128,64,287.478
512,512,128,128,377.26
512,512,128,256,521.24
512,512,128,512,981.134
512,512,128,1024,1891.61
512,512,128,2048,3741.59
512,512,128,4096,7412.42
512,512,128,8192,14754.3
512,512,128,16384,29408.7
512,1024,0,0,96.4697
512,1024,1,16,98.4003
512,1024,1,32,98.5397
512,1024,1,64,98.56
512,1024,1,128,98.8167
512,1024,1,256,98.4107
512,1024,1,512,99.0403
512,1024,1,1024,99.02
512,1024,1,2048,119.883
512,1024,1,4096,175.659
512,1024,1,8192,286.251
512,1024,1,16384,507.073
512,1024,2,16,100.235
512,1024,2,32,99.7763
512,1024,2,64,100.139
512,1024,2,128,101.473
512,1024,2,256,100.832
512,1024,2,512,102.561
512,1024,2,1024,102.166
512,1024,2,2048,136.235
512,1024,2,4096,206.101
512,1024,2,8192,316.971
512,1024,2,16384,542.519
512,1024,4,16,103.542
512,1024,4,32,103.914
512,1024,4,64,103.755
512,1024,4,128,105.536
512,1024,4,256,108.843
512,1024,4,512,117.152
512,1024,4,1024,131.403
512,1024,4,2048,159.189
512,1024,4,4096,257.1
512,1024,4,8192,382.071
512,1024,4,16384,627.202
512,1024,8,16,111.243
512,1024,8,32,110.955
512,1024,8,64,111.126
512,1024,8,128,116.161
512,1024,8,256,123.659
512,1024,8,512,135.755
512,1024,8,1024,156.107
512,1024,8,2048,209.953
512,1024,8,4096,342.284
512,1024,8,8192,612.599
512,1024,8,16384,1175.76
512,1024,16,16,125.59
512,1024,16,32,126.081
512,1024,16,64,126.369
512,1024,16,128,138.539
512,1024,16,256,149.58
512,1024,16,512,168.566
512,1024,16,1024,220.075
512,1024,16,2048,405.495
512,1024,16,4096,775.329
512,1024,16,8192,1581.91
512,1024,16,16384,3180.65
512,1024,32,16,154.699
512,1024,32,32,155.947
512,1024,32,64,156.172
512,1024,32,128,176.171
512,1024,32,256,198.124
512,1024,32,512,268.033
512,1024,32,1024,359.382
512,1024,32,2048,900.568
512,1024,32,4096,1750.16
512,1024,32,8192,3510.32
512,1024,32,16384,7012.51
512,1024,64,16,209.292
512,1024,64,32,210.305
512,1024,64,64,210.582
512,1024,64,128,251.947
512,1024,64,256,310.774
512,1024,64,512,524.097
512,1024,64,1024,982.2
512,1024,64,2048,1909.58
512,1024,64,4096,3745.61
512,1024,64,8192,7454.51
512,1024,64,16384,14842.5
512,1024,128,16,312.854
512,1024,128,32,315.606
512,1024,128,64,320.332
512,1024,128,128,409.718
512,1024,128,256,533.922
512,1024,128,512,987.14
512,1024,128,1024,1898.96
512,1024,128,2048,3739.67
512,1024,128,4096,7424.12
512,1024,128,8192,14777.5
512,1024,128,16384,29441
512,2048,0,0,152.171
512,2048,1,16,154.582
512,2048,1,32,154.593
512,2048,1,64,154.305
512,2048,1,128,154.411
512,2048,1,256,154.401
512,2048,1,512,154.827
512,2048,1,1024,154.71
512,2048,1,2048,155.008
512,2048,1,4096,205.036
512,2048,1,8192,315.51
512,2048,1,16384,538.53
512,2048,2,16,156.097
512,2048,2,32,156.427
512,2048,2,64,156.672
512,2048,2,128,157.568
512,2048,2,256,157.12
512,2048,2,512,157.088
512,2048,2,1024,157.942
512,2048,2,2048,158.454
512,2048,2,4096,252.982
512,2048,2,8192,380.172
512,2048,2,16384,614.53
512,2048,4,16,160.054
512,2048,4,32,159.148
512,2048,4,64,159.339
512,2048,4,128,161.686
512,2048,4,256,163.84
512,2048,4,512,172.705
512,2048,4,1024,188.811
512,2048,4,2048,217.494
512,2048,4,4096,272.364
512,2048,4,8192,462.668
512,2048,4,16384,709.602
512,2048,8,16,166.73
512,2048,8,32,166.561
512,2048,8,64,166.817
512,2048,8,128,171.829
512,2048,8,256,176.161
512,2048,8,512,192.46
512,2048,8,1024,219.574
512,2048,8,2048,272.172
512,2048,8,4096,392.494
512,2048,8,8192,665.719
512,2048,8,16384,1230.59
512,2048,16,16,180.214
512,2048,16,32,181.504
512,2048,16,64,180.865
512,2048,16,128,193.014
512,2048,16,256,206.122
512,2048,16,512,227.809
512,2048,16,1024,276.309
512,2048,16,2048,367.937
512,2048,16,4096,732.77
512,2048,16,8192,1503.34
512,2048,16,16384,3141.17
512,2048,32,16,210.486
512,2048,32,32,211.83
512,2048,32,64,211.788
512,2048,32,128,233.718
512,2048,32,256,258.294
512,2048,32,512,314.561
512,2048,32,1024,477.708
512,2048,32,2048,651.031
512,2048,32,4096,1750.75
512,2048,32,8192,3495.16
512,2048,32,16384,7002.98
512,2048,64,16,267.435
512,2048,64,32,270.231
512,2048,64,64,272.236
512,2048,64,128,313.174
512,2048,64,256,369.719
512,2048,64,512,562.53
512,2048,64,1024,998.073
512,2048,64,2048,1922.93
512,2048,64,4096,3770.8
512,2048,64,8192,7469.24
512,2048,64,16384,14857.9
512,2048,128,16,375.266
512,2048,128,32,378.316
512,2048,128,64,383.628
512,2048,128,128,472.482
512,2048,128,256,586.402
512,2048,128,512,1008.64
512,2048,128,1024,1915.22
512,2048,128,2048,3778.45
512,2048,128,4096,7442.51
512,2048,128,8192,14819.3
512,2048,128,16384,29485
512,4096,0,0,264.694
512,4096,1,16,266.188
512,4096,1,32,266.945
512,4096,1,64,266.347
512,4096,1,128,266.603
512,4096,1,256,266.401
512,4096,1,512,266.551
512,4096,1,1024,266.187
512,4096,1,2048,267.542
512,4096,1,4096,268.684
512,4096,1,8192,376.865
512,4096,1,16384,603.586
512,4096,2,16,268.364
512,4096,2,32,267.905
512,4096,2,64,268.225
512,4096,2,128,269.377
512,4096,2,256,268.63
512,4096,2,512,268.876
512,4096,2,1024,267.467
512,4096,2,2048,270.646
512,4096,2,4096,270.219
512,4096,2,8192,482.54
512,4096,2,16384,727.011
512,4096,4,16,272.033
512,4096,4,32,272.246
512,4096,4,64,272.15
512,4096,4,128,273.856
512,4096,4,256,275.586
512,4096,4,512,283.692
512,4096,4,1024,296.887
512,4096,4,2048,330.754
512,4096,4,4096,387.01
512,4096,4,8192,496.288
512,4096,4,16384,868.12
512,4096,8,16,277.793
512,4096,8,32,277.686
512,4096,8,64,278.348
512,4096,8,128,282.506
512,4096,8,256,286.625
512,4096,8,512,294.358
512,4096,8,1024,332.578
512,4096,8,2048,387.852
512,4096,8,4096,503.213
512,4096,8,8192,746.572
512,4096,8,16384,1359.1
512,4096,16,16,290.454
512,4096,16,32,291.094
512,4096,16,64,291.318
512,4096,16,128,301.772
512,4096,16,256,314.967
512,4096,16,512,337.217
512,4096,16,1024,388.94
512,4096,16,2048,485.952
512,4096,16,4096,669.271
512,4096,16,8192,1568.74
512,4096,16,16384,3168.89
512,4096,32,16,319.67
512,4096,32,32,319.5
512,4096,32,64,320.556
512,4096,32,128,344.065
512,4096,32,256,375.691
512,4096,32,512,428.259
512,4096,32,1024,579.586
512,4096,32,2048,904.907
512,4096,32,4096,1452.58
512,4096,32,8192,3517.55
512,4096,32,16384,7017.36
512,4096,64,16,380.396
512,4096,64,32,381.953
512,4096,64,64,385.548
512,4096,64,128,433.261
512,4096,64,256,492.535
512,4096,64,512,642.509
512,4096,64,1024,1089.07
512,4096,64,2048,1958.75
512,4096,64,4096,3772.87
512,4096,64,8192,7525.72
512,4096,64,16384,14854.3
512,4096,128,16,496.173
512,4096,128,32,502.167
512,4096,128,64,505.933
512,4096,128,128,597.496
512,4096,128,256,705.187
512,4096,128,512,1078.77
512,4096,128,1024,1960.23
512,4096,128,2048,3795.94
512,4096,128,4096,7484.84
512,4096,128,8192,14869.4
512,4096,128,16384,29566.9
512,8192,0,0,488.215
512,8192,1,16,490.241
512,8192,1,32,489.538
512,8192,1,64,490.178
512,8192,1,128,490.828
512,8192,1,256,489.291
512,8192,1,512,490.519
512,8192,1,1024,491.437
512,8192,1,2048,490.444
512,8192,1,4096,493.334
512,8192,1,8192,497.186
512,8192,1,16384,723.768
512,8192,2,16,492.417
512,8192,2,32,492.695
512,8192,2,64,492.727
512,8192,2,128,492.46
512,8192,2,256,492.343
512,8192,2,512,492.695
512,8192,2,1024,491.478
512,8192,2,2048,493.037
512,8192,2,4096,499.852
512,8192,2,8192,504.364
512,8192,2,16384,951.578
512,8192,4,16,494.103
512,8192,4,32,494.263
512,8192,4,64,496.066
512,8192,4,128,496.162
512,8192,4,256,500.481
512,8192,4,512,507.127
512,8192,4,1024,521.462
512,8192,4,2048,552.354
512,8192,4,4096,619.394
512,8192,4,8192,723.736
512,8192,4,16384,958.094
512,8192,8,16,501.036
512,8192,8,32,500.973
512,8192,8,64,500.567
512,8192,8,128,504.172
512,8192,8,256,510.786
512,8192,8,512,520.226
512,8192,8,1024,533.007
512,8192,8,2048,598.893
512,8192,8,4096,720.696
512,8192,8,8192,959.96
512,8192,8,16384,1447.31
512,8192,16,16,513.473
512,8192,16,32,513.868
512,8192,16,64,515.479
512,8192,16,128,524.685
512,8192,16,256,537.974
512,8192,16,512,558.838
512,8192,16,1024,611.319
512,8192,16,2048,713.08
512,8192,16,4096,909.709
512,8192,16,8192,1388.62
512,8192,16,16384,3306.63
512,8192,32,16,542.156
512,8192,32,32,543.362
512,8192,32,64,543.287
512,8192,32,128,563.757
512,8192,32,256,592.535
512,8192,32,512,648.866
512,8192,32,1024,788.91
512,8192,32,2048,1134.81
512,8192,32,4096,1836.31
512,8192,32,8192,3173.69
512,8192,32,16384,7072.56
512,8192,64,16,597.591
512,8192,64,32,599.863
512,8192,64,64,603.074
512,8192,64,128,656.151
512,8192,64,256,719.405
512,8192,64,512,857.955
512,8192,64,1024,1243.71
512,8192,64,2048,2119.22
512,8192,64,4096,3876.08
512,8192,64,8192,7587.34
512,8192,64,16384,14977.4
512,8192,128,16,727.992
512,8192,128,32,735.074
512,8192,128,64,738.434
512,8192,128,128,839.693
512,8192,128,256,945.604
512,8192,128,512,1263.4
512,8192,128,1024,2130.3
512,8192,128,2048,3913.01
512,8192,128,4096,7571.8
512,8192,128,8192,14955.2
512,8192,128,16384,29642.3
512,16384,0,0,935.309
512,16384,1,16,937.646
512,16384,1,32,936.472
512,16384,1,64,936.771
512,16384,1,128,937.998
512,16384,1,256,936.855
512,16384,1,512,938.446
512,16384,1,1024,937.71
512,16384,1,2048,938.102
512,16384,1,4096,938.894
512,16384,1,8192,963.032
512,16384,1,16384,964.664
512,16384,2,16,939.865
512,16384,2,32,940.185
512,16384,2,64,940.792
512,16384,2,128,938.532
512,16384,2,256,939.075
512,16384,2,512,942.371
512,16384,2,1024,937.509
512,16384,2,2048,939.107
512,16384,2,4096,938.061
512,16384,2,8192,955.971
512,16384,2,16384,974.317
512,16384,4,16,945.219
512,16384,4,32,943.406
512,16384,4,64,943.768
512,16384,4,128,946.392
512,16384,4,256,949.144
512,16384,4,512,956.129
512,16384,4,1024,972.119
512,16384,4,2048,1000.79
512,16384,4,4096,1062.12
512,16384,4,8192,1184.04
512,16384,4,16384,1405.62
512,16384,8,16,949.58
512,16384,8,32,950.127
512,16384,8,64,949.57
512,16384,8,128,953.07
512,16384,8,256,959.032
512,16384,8,512,966.445
512,16384,8,1024,982.637
512,16384,8,2048,1011.6
512,16384,8,4096,1118.71
512,16384,8,8192,1390.55
512,16384,8,16384,1879.54
512,16384,16,16,963.076
512,16384,16,32,960.099
512,16384,16,64,962.355
512,16384,16,128,974.009
512,16384,16,256,986.552
512,16384,16,512,1006.04
512,16384,16,1024,1055.55
512,16384,16,2048,1160.72
512,16384,16,4096,1362.04
512,16384,16,8192,1779.28
512,16384,16,16384,2816.37
512,16384,32,16,990.466
512,16384,32,32,990.447
512,16384,32,64,992.025
512,16384,32,128,1014.16
512,16384,32,256,1037.72
512,16384,32,512,1091.82
512,16384,32,1024,1222.11
512,16384,32,2048,1552.01
512,16384,32,4096,2219.61
512,16384,32,8192,3620.61
512,16384,32,16384,6517.99
512,16384,64,16,1049.43
512,16384,64,32,1050.87
512,16384,64,64,1053.53
512,16384,64,128,1097.86
512,16384,64,256,1164.69
512,16384,64,512,1303.12
512,16384,64,1024,1615.47
512,16384,64,2048,2428.73
512,16384,64,4096,4201.53
512,16384,64,8192,7785.08
512,16384,64,16384,14952
512,16384,128,16,1170.69
512,16384,128,32,1181.24
512,16384,128,64,1182.69
512,16384,128,128,1292.6
512,16384,128,256,1413.23
512,16384,128,512,1673.08
512,16384,128,1024,2446
512,16384,128,2048,4189.58
512,16384,128,4096,7782.47
512,16384,128,8192,15071.8
512,16384,128,16384,29800.2
1024,0,0,0,97.963
1024,0,1,16,100.822
1024,0,1,32,99.744
1024,0,1,64,100.993
1024,0,1,128,101.206
1024,0,1,256,101.953
1024,0,1,512,102.443
1024,0,1,1024,108.075
1024,0,1,2048,137.59
1024,0,1,4096,192.907
1024,0,1,8192,303.585
1024,0,1,16384,524.823
1024,0,2,16,103.317
1024,0,2,32,102.743
1024,0,2,64,102.187
1024,0,2,128,103.488
1024,0,2,256,104.673
1024,0,2,512,107.19
1024,0,2,1024,116.407
1024,0,2,2048,148.982
1024,0,2,4096,207.393
1024,0,2,8192,318.604
1024,0,2,16384,539.33
1024,0,4,16,106.166
1024,0,4,32,107.307
1024,0,4,64,107.712
1024,0,4,128,109.728
1024,0,4,256,112.064
1024,0,4,512,117.995
1024,0,4,1024,132.139
1024,0,4,2048,174.486
1024,0,4,4096,260.61
1024,0,4,8192,378.805
1024,0,4,16384,613.122
1024,0,8,16,117.078
1024,0,8,32,117.333
1024,0,8,64,117.696
1024,0,8,128,122.805
1024,0,8,256,127.691
1024,0,8,512,137.078
1024,0,8,1024,163.68
1024,0,8,2048,252.406
1024,0,8,4096,418.615
1024,0,8,8192,713.261
1024,0,8,16384,1241.66
1024,0,16,16,135.969
1024,0,16,32,135.787
1024,0,16,64,136.043
1024,0,16,128,146.506
1024,0,16,256,156.331
1024,0,16,512,175.616
1024,0,16,1024,269.206
1024,0,16,2048,469.825
1024,0,16,4096,845.144
1024,0,16,8192,1647.9
1024,0,16,16384,3191.96
1024,0,32,16,173.344
1024,0,32,32,174.294
1024,0,32,64,174.944
1024,0,32,128,193.931
1024,0,32,256,214.582
1024,0,32,512,282.337
1024,0,32,1024,511.169
1024,0,32,2048,957.817
1024,0,32,4096,1835.57
1024,0,32,8192,3619.59
1024,0,32,16384,7197.96
1024,0,64,16,248.885
1024,0,64,32,248.993
1024,0,64,64,250.54
1024,0,64,128,289.195
1024,0,64,256,340.534
1024,0,64,512,530.199
1024,0,64,1024,993.347
1024,0,64,2048,1928.5
1024,0,64,4096,3773.7
1024,0,64,8192,7489.04
1024,0,64,16384,14904.5
1024,0,128,16,396.588
1024,0,128,32,399.361
1024,0,128,64,403.275
1024,0,128,128,499.351
1024,0,128,256,611.245
1024,0,128,512,998.542
1024,0,128,1024,1910.83
1024,0,128,2048,3766.59
1024,0,128,4096,7437.57
1024,0,128,8192,14783
1024,0,128,16384,29437.8
1024,16,0,0,106.571
1024,16,1,16,107.072
1024,16,1,32,106.784
1024,16,1,64,107.371
1024,16,1,128,108.065
1024,16,1,256,108.79
1024,16,1,512,110.646
1024,16,1,1024,112.118
1024,16,1,2048,142.539
1024,16,1,4096,198.059
1024,16,1,8192,308.086
1024,16,1,16384,530.594
1024,16,2,16,109.686
1024,16,2,32,110.197
1024,16,2,64,109.408
1024,16,2,128,111.659
1024,16,2,256,111.808
1024,16,2,512,114.315
1024,16,2,1024,120.448
1024,16,2,2048,155.072
1024,16,2,4096,214.188
1024,16,2,8192,326.71
1024,16,2,16384,545.261
1024,16,4,16,114.048
1024,16,4,32,114.934
1024,16,4,64,114.485
1024,16,4,128,117.28
1024,16,4,256,119.776
1024,16,4,512,123.574
1024,16,4,1024,136.928
1024,16,4,2048,179.222
1024,16,4,4096,269.292
1024,16,4,8192,393.143
1024,16,4,16384,617.794
1024,16,8,16,124.737
1024,16,8,32,124.715
1024,16,8,64,124.982
1024,16,8,128,129.942
1024,16,8,256,134.326
1024,16,8,512,145.419
1024,16,8,1024,169.003
1024,16,8,2048,263.361
1024,16,8,4096,433.397
1024,16,8,8192,733.976
1024,16,8,16384,1295.19
1024,16,16,16,143.03
1024,16,16,32,143.329
1024,16,16,64,144.363
1024,16,16,128,153.526
1024,16,16,256,163.104
1024,16,16,512,183.926
1024,16,16,1024,271.478
1024,16,16,2048,480.246
1024,16,16,4096,872.76
1024,16,16,8192,1688.21
1024,16,16,16384,3285.48
1024,16,32,16,181.131
1024,16,32,32,181.612
1024,16,32,64,182.304
1024,16,32,128,201.185
1024,16,32,256,221.601
1024,16,32,512,283.67
1024,16,32,1024,511.425
1024,16,32,2048,965.262
1024,16,32,4096,1845.26
1024,16,32,8192,3632.38
1024,16,32,16384,7233.23
1024,16,64,16,255.649
1024,16,64,32,256.801
1024,16,64,64,257.836
1024,16,64,128,296.758
1024,16,64,256,346.454
1024,16,64,512,529.165
1024,16,64,1024,996.462
1024,16,64,2048,1929.42
1024,16,64,4096,3783.65
1024,16,64,8192,7482.25
1024,16,64,16384,14917.9
1024,16,128,16,404.556
1024,16,128,32,407.468
1024,16,128,64,411.553
1024,16,128,128,503.789
1024,16,128,256,615.49
1024,16,128,512,1001.03
1024,16,128,1024,1911.09
1024,16,128,2048,3764.5
1024,16,128,4096,7442.15
1024,16,128,8192,14787.3
1024,16,128,16384,29453.3
1024,32,0,0,105.472
1024,32,1,16,107.093
1024,32,1,32,107.221
1024,32,1,64,107.585
1024,32,1,128,107.958
1024,32,1,256,108.523
1024,32,1,512,109.974
1024,32,1,1024,112.715
1024,32,1,2048,143.19
1024,32,1,4096,197.952
1024,32,1,8192,308.524
1024,32,1,16384,529.539
1024,32,2,16,109.493
1024,32,2,32,109.995
1024,32,2,64,109.025
1024,32,2,128,111.766
1024,32,2,256,112.032
1024,32,2,512,114.774
1024,32,2,1024,120.704
1024,32,2,2048,155.297
1024,32,2,4096,213.057
1024,32,2,8192,325.857
1024,32,2,16384,545.249
1024,32,4,16,114.187
1024,32,4,32,114.294
1024,32,4,64,114.954
1024,32,4,128,117.494
1024,32,4,256,119.68
1024,32,4,512,124.481
1024,32,4,1024,136.79
1024,32,4,2048,178.55
1024,32,4,4096,270.519
1024,32,4,8192,394.903
1024,32,4,16384,628.29
1024,32,8,16,124.726
1024,32,8,32,125.42
1024,32,8,64,124.736
1024,32,8,128,130.187
1024,32,8,256,135.104
1024,32,8,512,144.662
1024,32,8,1024,168.545
1024,32,8,2048,259.883
1024,32,8,4096,430.465
1024,32,8,8192,738.85
1024,32,8,16384,1275.12
1024,32,16,16,142.698
1024,32,16,32,143.254
1024,32,16,64,143.382
1024,32,16,128,153.494
1024,32,16,256,163.936
1024,32,16,512,182.604
1024,32,16,1024,270.986
1024,32,16,2048,473.409
1024,32,16,4096,863.927
1024,32,16,8192,1699.14
1024,32,16,16384,3286.42
1024,32,32,16,180.993
1024,32,32,32,182.049
1024,32,32,64,182.134
1024,32,32,128,200.992
1024,32,32,256,221.846
1024,32,32,512,285.238
1024,32,32,1024,512.813
1024,32,32,2048,967.683
1024,32,32,4096,1846.7
1024,32,32,8192,3606.58
1024,32,32,16384,7181.27
1024,32,64,16,255.489
1024,32,64,32,257.174
1024,32,64,64,257.91
1024,32,64,128,296.534
1024,32,64,256,347.457
1024,32,64,512,530.626
1024,32,64,1024,997.593
1024,32,64,2048,1927.92
1024,32,64,4096,3777.06
1024,32,64,8192,7496.5
1024,32,64,16384,14927.5
1024,32,128,16,404.044
1024,32,128,32,407.159
1024,32,128,64,411.031
1024,32,128,128,503.415
1024,32,128,256,615.607
1024,32,128,512,999.235
1024,32,128,1024,1912.14
1024,32,128,2048,3764.95
1024,32,128,4096,7442.51
1024,32,128,8192,14791.6
1024,32,128,16384,29443.1
1024,64,0,0,106.08
1024,64,1,16,107.349
1024,64,1,32,107.37
1024,64,1,64,107.03
1024,64,1,128,108.107
1024,64,1,256,108.918
1024,64,1,512,110.133
1024,64,1,1024,112.01
1024,64,1,2048,142.966
1024,64,1,4096,198.24
1024,64,1,8192,308.086
1024,64,1,16384,528.898
1024,64,2,16,109.324
1024,64,2,32,109.557
1024,64,2,64,110.902
1024,64,2,128,111.062
1024,64,2,256,111.563
1024,64,2,512,114.464
1024,64,2,1024,120.651
1024,64,2,2048,155.168
1024,64,2,4096,213.536
1024,64,2,8192,323.852
1024,64,2,16384,547.565
1024,64,4,16,114.997
1024,64,4,32,114.656
1024,64,4,64,114.54
1024,64,4,128,117.6
1024,64,4,256,119.787
1024,64,4,512,124.407
1024,64,4,1024,136.588
1024,64,4,2048,179.062
1024,64,4,4096,270.071
1024,64,4,8192,393.665
1024,64,4,16384,623.137
1024,64,8,16,125.078
1024,64,8,32,125.056
1024,64,8,64,124.886
1024,64,8,128,129.494
1024,64,8,256,135.051
1024,64,8,512,144.907
1024,64,8,1024,168.246
1024,64,8,2048,261.814
1024,64,8,4096,429.868
1024,64,8,8192,735.246
1024,64,8,16384,1281.63
1024,64,16,16,143.009
1024,64,16,32,142.966
1024,64,16,64,144.043
1024,64,16,128,154.229
1024,64,16,256,163.617
1024,64,16,512,182.902
1024,64,16,1024,273.174
1024,64,16,2048,478.572
1024,64,16,4096,873.741
1024,64,16,8192,1697.69
1024,64,16,16384,3271.87
1024,64,32,16,181.078
1024,64,32,32,181.142
1024,64,32,64,182.699
1024,64,32,128,201.164
1024,64,32,256,222.422
1024,64,32,512,284.982
1024,64,32,1024,514.082
1024,64,32,2048,969.955
1024,64,32,4096,1845.68
1024,64,32,8192,3620.63
1024,64,32,16384,7205.79
1024,64,64,16,255.553
1024,64,64,32,257.195
1024,64,64,64,258.465
1024,64,64,128,296.704
1024,64,64,256,347.116
1024,64,64,512,528.748
1024,64,64,1024,996.599
1024,64,64,2048,1930.16
1024,64,64,4096,3776.33
1024,64,64,8192,7492.02
1024,64,64,16384,14915.7
1024,64,128,16,404.482
1024,64,128,32,406.732
1024,64,128,64,411.126
1024,64,128,128,503.586
1024,64,128,256,615.287
1024,64,128,512,999.406
1024,64,128,1024,1911.1
1024,64,128,2048,3769.41
1024,64,128,4096,7443.16
1024,64,128,8192,14778.1
1024,64,128,16384,29451.1
1024,128,0,0,110.795
1024,128,1,16,111.84
1024,128,1,32,112.267
1024,128,1,64,112.331
1024,128,1,128,112.48
1024,128,1,256,114.337
1024,128,1,512,114.08
1024,128,1,1024,118.294
1024,128,1,2048,147.894
1024,128,1,4096,203.703
1024,128,1,8192,313.59
1024,128,1,16384,534.433
1024,128,2,16,114.902
1024,128,2,32,114.72
1024,128,2,64,114.218
1024,128,2,128,116.353
1024,128,2,256,117.515
1024,128,2,512,120.075
1024,128,2,1024,125.579
1024,128,2,2048,160.971
1024,128,2,4096,220.726
1024,128,2,8192,329.91
1024,128,2,16384,552.566
1024,128,4,16,119.19
1024,128,4,32,119.531
1024,128,4,64,119.361
1024,128,4,128,122.135
1024,128,4,256,124.577
1024,128,4,512,129.718
1024,128,4,1024,142.027
1024,128,4,2048,184.214
1024,128,4,4096,275.138
1024,128,4,8192,405.74
1024,128,4,16384,646.37
1024,128,8,16,129.387
1024,128,8,32,130.699
1024,128,8,64,130.464
1024,128,8,128,135.041
1024,128,8,256,140.513
1024,128,8,512,150.592
1024,128,8,1024,174.316
1024,128,8,2048,265.654
1024,128,8,4096,435.703
1024,128,8,8192,760.525
1024,128,8,16384,1301.62
1024,128,16,16,148.236
1024,128,16,32,148.811
1024,128,16,64,148.544
1024,128,16,128,158.593
1024,128,16,256,169.153
1024,128,16,512,188.374
1024,128,16,1024,273.963
1024,128,16,2048,459.894
1024,128,16,4096,882.297
1024,128,16,8192,1697.98
1024,128,16,16384,3281.73
1024,128,32,16,185.985
1024,128,32,32,186.667
1024,128,32,64,187.232
1024,128,32,128,207.008
1024,128,32,256,227.766
1024,128,32,512,287.521
1024,128,32,1024,518.028
1024,128,32,2048,970.2
1024,128,32,4096,1860.62
1024,128,32,8192,3640.59
1024,128,32,16384,7249.71
1024,128,64,16,261.164
1024,128,64,32,262.507
1024,128,64,64,263.094
1024,128,64,128,302.657
1024,128,64,256,351.927
1024,128,64,512,531.501
1024,128,64,1024,994.435
1024,128,64,2048,1929.32
1024,128,64,4096,3776.27
1024,128,64,8192,7502.57
1024,128,64,16384,14914.4
1024,128,128,16,409.975
1024,128,128,32,412.386
1024,128,128,64,416.641
1024,128,128,128,510.06
1024,128,128,256,620.418
1024,128,128,512,999.631
1024,128,128,1024,1912.27
1024,128,128,2048,3765.15
1024,128,128,4096,7444.35
1024,128,128,8192,14795.2
1024,128,128,16384,29448.2
1024,256,0,0,122.721
1024,256,1,16,124.545
1024,256,1,32,124.086
1024,256,1,64,124.48
1024,256,1,128,124.587
1024,256,1,256,125.888
1024,256,1,512,127.926
1024,256,1,1024,130.582
1024,256,1,2048,156.992
1024,256,1,4096,213.728
1024,256,1,8192,323.585
1024,256,1,16384,544.653
1024,256,2,16,127.456
1024,256,2,32,127.808
1024,256,2,64,127.691
1024,256,2,128,129.654
1024,256,2,256,130.902
1024,256,2,512,133.238
1024,256,2,1024,138.134
1024,256,2,2048,170.262
1024,256,2,4096,233.089
1024,256,2,8192,344.086
1024,256,2,16384,565.687
1024,256,4,16,132.427
1024,256,4,32,131.499
1024,256,4,64,131.691
1024,256,4,128,134.39
1024,256,4,256,137.846
1024,256,4,512,142.144
1024,256,4,1024,152.139
1024,256,4,2048,195.328
1024,256,4,4096,281.324
1024,256,4,8192,429.665
1024,256,4,16384,673.666
1024,256,8,16,142.017
1024,256,8,32,142.54
1024,256,8,64,142.337
1024,256,8,128,147.552
1024,256,8,256,152.8
1024,256,8,512,162.177
1024,256,8,1024,184.47
1024,256,8,2048,259.808
1024,256,8,4096,445.728
1024,256,8,8192,753.432
1024,256,8,16384,1333.86
1024,256,16,16,159.894
1024,256,16,32,160.939
1024,256,16,64,161.227
1024,256,16,128,171.222
1024,256,16,256,181.333
1024,256,16,512,201.036
1024,256,16,1024,274.113
1024,256,16,2048,449.004
1024,256,16,4096,923.918
1024,256,16,8192,1755.33
1024,256,16,16384,3340.61
1024,256,32,16,197.952
1024,256,32,32,199.5
1024,256,32,64,199.968
1024,256,32,128,219.755
1024,256,32,256,239.905
1024,256,32,512,294.166
1024,256,32,1024,517.314
1024,256,32,2048,981.198
1024,256,32,4096,1889.17
1024,256,32,8192,3698.2
1024,256,32,16384,7330.69
1024,256,64,16,274.261
1024,256,64,32,275.104
1024,256,64,64,276.278
1024,256,64,128,315.341
1024,256,64,256,365.472
1024,256,64,512,531.041
1024,256,64,1024,998.937
1024,256,64,2048,1936.07
1024,256,64,4096,3782.67
1024,256,64,8192,7496.89
1024,256,64,16384,14929.9
1024,256,128,16,423.298
1024,256,128,32,425.089
1024,256,128,64,429.549
1024,256,128,128,519.841
1024,256,128,256,630.093
1024,256,128,512,1002.44
1024,256,128,1024,1915.93
1024,256,128,2048,3771.38
1024,256,128,4096,7446.9
1024,256,128,8192,14804.4
1024,256,128,16384,29464.2
1024,512,0,0,147.713
1024,512,1,16,148.203
1024,512,1,32,149.003
1024,512,1,64,148.437
1024,512,1,128,149.772
1024,512,1,256,150.689
1024,512,1,512,153.015
1024,512,1,1024,155.168
1024,512,1,2048,176.012
1024,512,1,4096,235.243
1024,512,1,8192,346.454
1024,512,1,16384,565.506
1024,512,2,16,152.043
1024,512,2,32,152.523
1024,512,2,64,151.862
1024,512,2,128,152.363
1024,512,2,256,154.839
1024,512,2,512,157.622
1024,512,2,1024,163.489
1024,512,2,2048,187.926
1024,512,2,4096,257.291
1024,512,2,8192,367.874
1024,512,2,16384,588.322
1024,512,4,16,156.758
1024,512,4,32,156.469
1024,512,4,64,156.908
1024,512,4,128,158.827
1024,512,4,256,163.232
1024,512,4,512,167.68
1024,512,4,1024,176.246
1024,512,4,2048,215.553
1024,512,4,4096,302.209
1024,512,4,8192,470.647
1024,512,4,16384,713.218
1024,512,8,16,167.137
1024,512,8,32,166.806
1024,512,8,64,166.518
1024,512,8,128,172.129
1024,512,8,256,178.006
1024,512,8,512,188.171
1024,512,8,1024,207.542
1024,512,8,2048,274.668
1024,512,8,4096,454.849
1024,512,8,8192,830.872
1024,512,8,16384,1482.69
1024,512,16,16,185.377
1024,512,16,32,185.686
1024,512,16,64,185.964
1024,512,16,128,196.417
1024,512,16,256,207.873
1024,512,16,512,227.703
1024,512,16,1024,275.095
1024,512,16,2048,486.253
1024,512,16,4096,911.363
1024,512,16,8192,1803.77
1024,512,16,16384,3502.03
1024,512,32,16,224.011
1024,512,32,32,224.246
1024,512,32,64,225.376
1024,512,32,128,245.611
1024,512,32,256,266.508
1024,512,32,512,314.091
1024,512,32,1024,517.09
1024,512,32,2048,980.963
1024,512,32,4096,1901.76
1024,512,32,8192,3725
1024,512,32,16384,7400.84
1024,512,64,16,299.702
1024,512,64,32,300.918
1024,512,64,64,302.293
1024,512,64,128,341.196
1024,512,64,256,391.532
1024,512,64,512,536.385
1024,512,64,1024,1001.13
1024,512,64,2048,1933.09
1024,512,64,4096,3798.87
1024,512,64,8192,7519.19
1024,512,64,16384,14936.3
1024,512,128,16,449.441
1024,512,128,32,451.5
1024,512,128,64,455.885
1024,512,128,128,544.802
1024,512,128,256,647.052
1024,512,128,512,1008.03
1024,512,128,1024,1917.8
1024,512,128,2048,3770.44
1024,512,128,4096,7549.71
1024,512,128,8192,14831.2
1024,512,128,16384,29488
1024,1024,0,0,199.084
1024,1024,1,16,200.118
1024,1024,1,32,199.329
1024,1024,1,64,200.555
1024,1024,1,128,200.374
1024,1024,1,256,200.811
1024,1024,1,512,203.51
1024,1024,1,1024,206.028
1024,1024,1,2048,215.041
1024,1024,1,4096,275.36
1024,1024,1,8192,388.044
1024,1024,1,16384,608.214
1024,1024,2,16,203.094
1024,1024,2,32,202.038
1024,1024,2,64,202.731
1024,1024,2,128,202.54
1024,1024,2,256,204.982
1024,1024,2,512,210.22
1024,1024,2,1024,214.422
1024,1024,2,2048,229.388
1024,1024,2,4096,297.324
1024,1024,2,8192,417.346
1024,1024,2,16384,642.424
1024,1024,4,16,206.774
1024,1024,4,32,205.793
1024,1024,4,64,204.929
1024,1024,4,128,209.355
1024,1024,4,256,213.377
1024,1024,4,512,218.027
1024,1024,4,1024,224.833
1024,1024,4,2048,253.782
1024,1024,4,4096,343.468
1024,1024,4,8192,505.132
1024,1024,4,16384,792.995
1024,1024,8,16,216.3
1024,1024,8,32,217.025
1024,1024,8,64,216.118
1024,1024,8,128,222.561
1024,1024,8,256,227.147
1024,1024,8,512,238.593
1024,1024,8,1024,257.707
1024,1024,8,2048,313.739
1024,1024,8,4096,488.673
1024,1024,8,8192,918.563
1024,1024,8,16384,1679.12
1024,1024,16,16,235.532
1024,1024,16,32,236.395
1024,1024,16,64,236.79
1024,1024,16,128,244.96
1024,1024,16,256,256.289
1024,1024,16,512,278.071
1024,1024,16,1024,320.545
1024,1024,16,2048,504.898
1024,1024,16,4096,916.269
1024,1024,16,8192,1765.62
1024,1024,16,16384,3464.75
1024,1024,32,16,273.91
1024,1024,32,32,273.814
1024,1024,32,64,274.934
1024,1024,32,128,294.849
1024,1024,32,256,317.878
1024,1024,32,512,363.307
1024,1024,32,1024,530.934
1024,1024,32,2048,997.721
1024,1024,32,4096,1915.13
1024,1024,32,8192,3743.62
1024,1024,32,16384,7405.89
1024,1024,64,16,350.338
1024,1024,64,32,350.956
1024,1024,64,64,353.206
1024,1024,64,128,393.527
1024,1024,64,256,443.031
1024,1024,64,512,565.101
1024,1024,64,1024,1014.73
1024,1024,64,2048,1947.51
1024,1024,64,4096,3817.76
1024,1024,64,8192,7546.09
1024,1024,64,16384,14965.5
1024,1024,128,16,500.13
1024,1024,128,32,503.67
1024,1024,128,64,508.343
1024,1024,128,128,595.98
1024,1024,128,256,691.394
1024,1024,128,512,1015.77
1024,1024,128,1024,1930.82
1024,1024,128,2048,3793.45
1024,1024,128,4096,7490.99
1024,1024,128,8192,14859.8
1024,1024,128,16384,29552.7
1024,2048,0,0,310.55
1024,2048,1,16,310.987
1024,2048,1,32,311.596
1024,2048,1,64,311.009
1024,2048,1,128,312.342
1024,2048,1,256,311.894
1024,2048,1,512,311.062
1024,2048,1,1024,311.286
1024,2048,1,2048,315.863
1024,2048,1,4096,353.878
1024,2048,1,8192,471.991
1024,2048,1,16384,691.416
1024,2048,2,16,313.932
1024,2048,2,32,312.652
1024,2048,2,64,314.721
1024,2048,2,128,313.964
1024,2048,2,256,315.307
1024,2048,2,512,314.86
1024,2048,2,1024,318.145
1024,2048,2,2048,326.592
1024,2048,2,4096,370.54
1024,2048,2,8192,493.836
1024,2048,2,16384,736.855
1024,2048,4,16,318.54
1024,2048,4,32,316.449
1024,2048,4,64,315.958
1024,2048,4,128,317.419
1024,2048,4,256,317.793
1024,2048,4,512,322.625
1024,2048,4,1024,329.026
1024,2048,4,2048,339.243
1024,2048,4,4096,423.746
1024,2048,4,8192,580.43
1024,2048,4,16384,948.451
1024,2048,8,16,321.037
1024,2048,8,32,322.006
1024,2048,8,64,322.604
1024,2048,8,128,321.025
1024,2048,8,256,329.857
1024,2048,8,512,339.148
1024,2048,8,1024,359.35
1024,2048,8,2048,400.652
1024,2048,8,4096,543.245
1024,2048,8,8192,951.886
1024,2048,8,16384,1770.14
1024,2048,16,16,334.422
1024,2048,16,32,335.158
1024,2048,16,64,334.689
1024,2048,16,128,343.479
1024,2048,16,256,355.927
1024,2048,16,512,376.822
1024,2048,16,1024,421.035
1024,2048,16,2048,525.248
1024,2048,16,4096,942.637
1024,2048,16,8192,1844.82
1024,2048,16,16384,3465.32
1024,2048,32,16,372.033
1024,2048,32,32,373.057
1024,2048,32,64,374.198
1024,2048,32,128,394.785
1024,2048,32,256,416.11
1024,2048,32,512,465.857
1024,2048,32,1024,574.284
1024,2048,32,2048,959.587
1024,2048,32,4096,1869.07
1024,2048,32,8192,3789.31
1024,2048,32,16384,7427.33
1024,2048,64,16,449.217
1024,2048,64,32,450.54
1024,2048,64,64,452.396
1024,2048,64,128,496.066
1024,2048,64,256,545.346
1024,2048,64,512,648.13
1024,2048,64,1024,1051.8
1024,2048,64,2048,1976.82
1024,2048,64,4096,3862.39
1024,2048,64,8192,7601.82
1024,2048,64,16384,15026.5
1024,2048,128,16,602.146
1024,2048,128,32,605.911
1024,2048,128,64,611.362
1024,2048,128,128,699.042
1024,2048,128,256,794.169
1024,2048,128,512,1045.88
1024,2048,128,1024,1961.33
1024,2048,128,2048,3831.84
1024,2048,128,4096,7536.32
1024,2048,128,8192,14928.2
1024,2048,128,16384,29646.5
1024,4096,0,0,533.953
1024,4096,1,16,533.794
1024,4096,1,32,533.655
1024,4096,1,64,534.039
1024,4096,1,128,535.371
1024,4096,1,256,534.402
1024,4096,1,512,534.603
1024,4096,1,1024,535.874
1024,4096,1,2048,534.71
1024,4096,1,4096,541.463
1024,4096,1,8192,633.154
1024,4096,1,16384,871.725
1024,4096,2,16,536.951
1024,4096,2,32,534.785
1024,4096,2,64,536.333
1024,4096,2,128,536.568
1024,4096,2,256,537.101
1024,4096,2,512,536.513
1024,4096,2,1024,536.332
1024,4096,2,2048,539.597
1024,4096,2,4096,550.071
1024,4096,2,8192,652.098
1024,4096,2,16384,905.859
1024,4096,4,16,537.965
1024,4096,4,32,541.378
1024,4096,4,64,538.806
1024,4096,4,128,539.725
1024,4096,4,256,540.034
1024,4096,4,512,539.66
1024,4096,4,1024,542.839
1024,4096,4,2048,551.927
1024,4096,4,4096,562.519
1024,4096,4,8192,767.768
1024,4096,4,16384,1122.2
1024,4096,8,16,543.917
1024,4096,8,32,543.99
1024,4096,8,64,544.514
1024,4096,8,128,544.023
1024,4096,8,256,545.602
1024,4096,8,512,543.863
1024,4096,8,1024,561.655
1024,4096,8,2048,589.41
1024,4096,8,4096,683.692
1024,4096,8,8192,930.433
1024,4096,8,16384,1788.22
1024,4096,16,16,545.943
1024,4096,16,32,547.628
1024,4096,16,64,546.369
1024,4096,16,128,543.97
1024,4096,16,256,559.544
1024,4096,16,512,579.254
1024,4096,16,1024,619.18
1024,4096,16,2048,710.869
1024,4096,16,4096,935.586
1024,4096,16,8192,1834.01
1024,4096,16,16384,3605.08
1024,4096,32,16,575.223
1024,4096,32,32,577.132
1024,4096,32,64,576.77
1024,4096,32,128,594.829
1024,4096,32,256,616.023
1024,4096,32,512,662.306
1024,4096,32,1024,764.709
1024,4096,32,2048,1096.55
1024,4096,32,4096,1962.75
1024,4096,32,8192,3754.22
1024,4096,32,16384,7470.25
1024,4096,64,16,647.489
1024,4096,64,32,648.865
1024,4096,64,64,650.605
1024,4096,64,128,693.547
1024,4096,64,256,744.664
1024,4096,64,512,845.422
1024,4096,64,1024,1122.71
1024,4096,64,2048,2087.3
1024,4096,64,4096,3911.52
1024,4096,64,8192,7644.47
1024,4096,64,16384,15123.9
1024,4096,128,16,804.045
1024,4096,128,32,807.448
1024,4096,128,64,814.68
1024,4096,128,128,901.24
1024,4096,128,256,996.259
1024,4096,128,512,1206.42
1024,4096,128,1024,2018.21
1024,4096,128,2048,3878.72
1024,4096,128,4096,7622.14
1024,4096,128,8192,15042.8
1024,4096,128,16384,29784.7
1024,8192,0,0,980.174
1024,8192,1,16,983.108
1024,8192,1,32,981.251
1024,8192,1,64,980.804
1024,8192,1,128,982.297
1024,8192,1,256,978.19
1024,8192,1,512,983.598
1024,8192,1,1024,980.953
1024,8192,1,2048,982.147
1024,8192,1,4096,985.261
1024,8192,1,8192,985.313
1024,8192,1,16384,1203.5
1024,8192,2,16,981.912
1024,8192,2,32,979.769
1024,8192,2,64,983.758
1024,8192,2,128,983.629
1024,8192,2,256,981.699
1024,8192,2,512,982.253
1024,8192,2,1024,987.417
1024,8192,2,2048,984.045
1024,8192,2,4096,983.469
1024,8192,2,8192,996.749
1024,8192,2,16384,1217.21
1024,8192,4,16,986.648
1024,8192,4,32,985.027
1024,8192,4,64,987.135
1024,8192,4,128,987.363
1024,8192,4,256,985.868
1024,8192,4,512,986.808
1024,8192,4,1024,988.18
1024,8192,4,2048,986.764
1024,8192,4,4096,1001.2
1024,8192,4,8192,1014.76
1024,8192,4,16384,1453.27
1024,8192,8,16,990.969
1024,8192,8,32,992.205
1024,8192,8,64,991.566
1024,8192,8,128,992.536
1024,8192,8,256,990.088
1024,8192,8,512,992.034
1024,8192,8,1024,993.474
1024,8192,8,2048,1003.46
1024,8192,8,4096,1040.34
1024,8192,8,8192,1251.56
1024,8192,8,16384,1745.78
1024,8192,16,16,995.195
1024,8192,16,32,997.176
1024,8192,16,64,996.94
1024,8192,16,128,995.501
1024,8192,16,256,993.412
1024,8192,16,512,999.641
1024,8192,16,1024,1031.18
1024,8192,16,2048,1099.33
1024,8192,16,4096,1316.99
1024,8192,16,8192,1845.11
1024,8192,16,16384,3638.39
1024,8192,32,16,991.043
1024,8192,32,32,992.387
1024,8192,32,64,991.734
1024,8192,32,128,992.386
1024,8192,32,256,1025.43
1024,8192,32,512,1066.69
1024,8192,32,1024,1159.14
1024,8192,32,2048,1416.23
1024,8192,32,4096,2194.13
1024,8192,32,8192,3914.86
1024,8192,32,16384,7610.86
1024,8192,64,16,1056.2
1024,8192,64,32,1061.55
1024,8192,64,64,1062.34
1024,8192,64,128,1100.43
1024,8192,64,256,1139.61
1024,8192,64,512,1238.06
1024,8192,64,1024,1457.49
1024,8192,64,2048,2197.14
1024,8192,64,4096,4178.22
1024,8192,64,8192,7793.33
1024,8192,64,16384,15267.1
1024,8192,128,16,1201.96
1024,8192,128,32,1207.37
1024,8192,128,64,1211.82
1024,8192,128,128,1299.24
1024,8192,128,256,1397.49
1024,8192,128,512,1592.31
1024,8192,128,1024,2151.44
1024,8192,128,2048,4054.5
1024,8192,128,4096,7721.07
1024,8192,128,8192,15178.6
1024,8192,128,16384,30008.5
1024,16384,0,0,1876.74
1024,16384,1,16,1879.39
1024,16384,1,32,1878.18
1024,16384,1,64,1878.06
1024,16384,1,128,1877.69
1024,16384,1,256,1876.07
1024,16384,1,512,1879.03
1024,16384,1,1024,1879.19
1024,16384,1,2048,1876.03
1024,16384,1,4096,1881.46
1024,16384,1,8192,1879.75
1024,16384,1,16384,1885.05
1024,16384,2,16,1881.44
1024,16384,2,32,1882.11
1024,16384,2,64,1884.74
1024,16384,2,128,1885.52
1024,16384,2,256,1880.67
1024,16384,2,512,1879.95
1024,16384,2,1024,1883.67
1024,16384,2,2048,1881.55
1024,16384,2,4096,1881.33
1024,16384,2,8192,1881.69
1024,16384,2,16384,1896.53
1024,16384,4,16,1884.18
1024,16384,4,32,1884.61
1024,16384,4,64,1882.84
1024,16384,4,128,1887.45
1024,16384,4,256,1886.46
1024,16384,4,512,1883.76
1024,16384,4,1024,1886.5
1024,16384,4,2048,1887.56
1024,16384,4,4096,1887.21
1024,16384,4,8192,1894.45
1024,16384,4,16384,1926.47
1024,16384,8,16,1892.23
1024,16384,8,32,1885.24
1024,16384,8,64,1887.87
1024,16384,8,128,1891.16
1024,16384,8,256,1896.58
1024,16384,8,512,1890.57
1024,16384,8,1024,1891.2
1024,16384,8,2048,1893.98
1024,16384,8,4096,1907.95
1024,16384,8,8192,1971.15
1024,16384,8,16384,2396.12
1024,16384,16,16,1890.12
1024,16384,16,32,1894.98
1024,16384,16,64,1892.77
1024,16384,16,128,1897.67
1024,16384,16,256,1897.35
1024,16384,16,512,1897.09
1024,16384,16,1024,1893.03
1024,16384,16,2048,1958.21
1024,16384,16,4096,2071.66
1024,16384,16,8192,2600.69
1024,16384,16,16384,3917.61
1024,16384,32,16,1893.65
1024,16384,32,32,1895.11
1024,16384,32,64,1898.14
1024,16384,32,128,1894.68
1024,16384,32,256,1898.05
1024,16384,32,512,1897.7
1024,16384,32,1024,1988.89
1024,16384,32,2048,2156.94
1024,16384,32,4096,2748.88
1024,16384,32,8192,4288.61
1024,16384,32,16384,7776.84
1024,16384,64,16,1891.9
1024,16384,64,32,1889.81
1024,16384,64,64,1896.29
1024,16384,64,128,1899.76
1024,16384,64,256,1957.51
1024,16384,64,512,2065.84
1024,16384,64,1024,2262.91
1024,16384,64,2048,2749.53
1024,16384,64,4096,4256.8
1024,16384,64,8192,8230.42
1024,16384,64,16384,15464.8
1024,16384,128,16,2028.08
1024,16384,128,32,2031.42
1024,16384,128,64,2034.27
1024,16384,128,128,2118.77
1024,16384,128,256,2199.26
1024,16384,128,512,2393.81
1024,16384,128,1024,2828.46
1024,16384,128,2048,4285.11
1024,16384,128,4096,8042.12
1024,16384,128,8192,15411.5
1024,16384,128,16384,30272.6
2048,0,0,0,274.219
2048,0,1,16,276.844
2048,0,1,32,277.163
2048,0,1,64,276.001
2048,0,1,128,277.718
2048,0,1,256,279.67
2048,0,1,512,282.379
2048,0,1,1024,284.449
2048,0,1,2048,293.174
2048,0,1,4096,355.617
2048,0,1,8192,468.407
2048,0,1,16384,689.644
2048,0,2,16,279.35
2048,0,2,32,279.777
2048,0,2,64,280.056
2048,0,2,128,283.542
2048,0,2,256,285.643
2048,0,2,512,287.958
2048,0,2,1024,291.35
2048,0,2,2048,309.793
2048,0,2,4096,380.877
2048,0,2,8192,512.258
2048,0,2,16384,748.417
2048,0,4,16,289.376
2048,0,4,32,288.449
2048,0,4,64,290.134
2048,0,4,128,292.278
2048,0,4,256,292.726
2048,0,4,512,299.532
2048,0,4,1024,311.264
2048,0,4,2048,336.63
2048,0,4,4096,427.33
2048,0,4,8192,624.962
2048,0,4,16384,1027.65
2048,0,8,16,306.507
2048,0,8,32,305.185
2048,0,8,64,307.03
2048,0,8,128,309.388
2048,0,8,256,313.953
2048,0,8,512,325.153
2048,0,8,1024,345.75
2048,0,8,2048,405.644
2048,0,8,4096,589.805
2048,0,8,8192,1060.21
2048,0,8,16384,1905
2048,0,16,16,334.774
2048,0,16,32,337.355
2048,0,16,64,337.899
2048,0,16,128,347.788
2048,0,16,256,356.022
2048,0,16,512,379.49
2048,0,16,1024,425.601
2048,0,16,2048,577.357
2048,0,16,4096,1061.82
2048,0,16,8192,2009.29
2048,0,16,16384,3891.23
2048,0,32,16,394.731
2048,0,32,32,399.169
2048,0,32,64,399.298
2048,0,32,128,419.48
2048,0,32,256,441.75
2048,0,32,512,486.776
2048,0,32,1024,596.696
2048,0,32,2048,1057.22
2048,0,32,4096,2027.87
2048,0,32,8192,3915.85
2048,0,32,16384,7693.01
2048,0,64,16,514.903
2048,0,64,32,517.889
2048,0,64,64,516.983
2048,0,64,128,559.298
2048,0,64,256,607.234
2048,0,64,512,706.264
2048,0,64,1024,1052.75
2048,0,64,2048,2020.6
2048,0,64,4096,3888.88
2048,0,64,8192,7599.68
2048,0,64,16384,15015.4
2048,0,128,16,755.693
2048,0,128,32,758.829
2048,0,128,64,764.76
2048,0,128,128,851.992
2048,0,128,256,953.891
2048,0,128,512,1186.66
2048,0,128,1024,1981.14
2048,0,128,2048,3836.11
2048,0,128,4096,7528.47
2048,0,128,8192,14906.7
2048,0,128,16384,29612
2048,16,0,0,287.062
2048,16,1,16,289.504
2048,16,1,32,289.42
2048,16,1,64,293.12
2048,16,1,128,293.249
2048,16,1,256,294.252
2048,16,1,512,295.5
2048,16,1,1024,299.041
2048,16,1,2048,302.721
2048,16,1,4096,363.02
2048,16,1,8192,479.99
2048,16,1,16384,706.242
2048,16,2,16,295.723
2048,16,2,32,296.14
2048,16,2,64,293.025
2048,16,2,128,294.433
2048,16,2,256,298.092
2048,16,2,512,301.388
2048,16,2,1024,306.038
2048,16,2,2048,319.041
2048,16,2,4096,390.604
2048,16,2,8192,524.557
2048,16,2,16384,765.923
2048,16,4,16,302.7
2048,16,4,32,300.289
2048,16,4,64,300.235
2048,16,4,128,305.163
2048,16,4,256,305.59
2048,16,4,512,310.731
2048,16,4,1024,320.662
2048,16,4,2048,351.02
2048,16,4,4096,441.623
2048,16,4,8192,636.887
2048,16,4,16384,1039.49
2048,16,8,16,317.526
2048,16,8,32,318.412
2048,16,8,64,318.369
2048,16,8,128,325.398
2048,16,8,256,331.094
2048,16,8,512,341.282
2048,16,8,1024,362.359
2048,16,8,2048,416.833
2048,16,8,4096,593.708
2048,16,8,8192,1073.57
2048,16,8,16384,1942.57
2048,16,16,16,345.857
2048,16,16,32,345.836
2048,16,16,64,347.435
2048,16,16,128,360.769
2048,16,16,256,371.585
2048,16,16,512,388.577
2048,16,16,1024,433.91
2048,16,16,2048,581.26
2048,16,16,4096,1066.98
2048,16,16,8192,2020.1
2048,16,16,16384,3894.92
2048,16,32,16,406.679
2048,16,32,32,406.774
2048,16,32,64,412.396
2048,16,32,128,428.374
2048,16,32,256,451.383
2048,16,32,512,498.369
2048,16,32,1024,605.367
2048,16,32,2048,1057.1
2048,16,32,4096,2037.8
2048,16,32,8192,3926.51
2048,16,32,16384,7713.09
2048,16,64,16,527.649
2048,16,64,32,529.239
2048,16,64,64,531.159
2048,16,64,128,570.956
2048,16,64,256,620.471
2048,16,64,512,718.018
2048,16,64,1024,1055.53
2048,16,64,2048,2030.94
2048,16,64,4096,3889.76
2048,16,64,8192,7611.05
2048,16,64,16384,15030.5
2048,16,128,16,768.546
2048,16,128,32,772.056
2048,16,128,64,776.664
2048,16,128,128,864.589
2048,16,128,256,964.664
2048,16,128,512,1197.23
2048,16,128,1024,1986.53
2048,16,128,2048,3839.67
2048,16,128,4096,7538.05
2048,16,128,8192,14929.9
2048,16,128,16384,29611.4
2048,32,0,0,286.859
2048,32,1,16,293.335
2048,32,1,32,289.121
2048,32,1,64,288.609
2048,32,1,128,293.772
2048,32,1,256,293.899
2048,32,1,512,291.969
2048,32,1,1024,294.785
2048,32,1,2048,300.236
2048,32,1,4096,366.796
2048,32,1,8192,484.834
2048,32,1,16384,700.706
2048,32,2,16,293.579
2048,32,2,32,295.116
2048,32,2,64,296.801
2048,32,2,128,298.594
2048,32,2,256,298.721
2048,32,2,512,301.323
2048,32,2,1024,303.34
2048,32,2,2048,320.78
2048,32,2,4096,387.97
2048,32,2,8192,521.057
2048,32,2,16384,760.173
2048,32,4,16,302.049
2048,32,4,32,301.868
2048,32,4,64,303.756
2048,32,4,128,305.643
2048,32,4,256,307.98
2048,32,4,512,313.121
2048,32,4,1024,323.648
2048,32,4,2048,353.249
2048,32,4,4096,442.221
2048,32,4,8192,651.447
2048,32,4,16384,1064.72
2048,32,8,16,319.457
2048,32,8,32,316.161
2048,32,8,64,315.533
2048,32,8,128,323.916
2048,32,8,256,328.3
2048,32,8,512,341.462
2048,32,8,1024,361.686
2048,32,8,2048,416.394
2048,32,8,4096,590.967
2048,32,8,8192,1068.73
2048,32,8,16384,1945.89
2048,32,16,16,346.796
2048,32,16,32,347.105
2048,32,16,64,346.103
2048,32,16,128,359.68
2048,32,16,256,368.022
2048,32,16,512,389.623
2048,32,16,1024,434.86
2048,32,16,2048,581.944
2048,32,16,4096,1067.57
2048,32,16,8192,2017.38
2048,32,16,16384,3908.01
2048,32,32,16,407.649
2048,32,32,32,407.873
2048,32,32,64,408.578
2048,32,32,128,429.548
2048,32,32,256,451.628
2048,32,32,512,499.425
2048,32,32,1024,601.602
2048,32,32,2048,1058.37
2048,32,32,4096,2035.08
2048,32,32,8192,3918.38
2048,32,32,16384,7703.24
2048,32,64,16,526.764
2048,32,64,32,527.404
2048,32,64,64,531.214
2048,32,64,128,571.063
2048,32,64,256,621.207
2048,32,64,512,719.085
2048,32,64,1024,1054.98
2048,32,64,2048,2029.8
2048,32,64,4096,3894.38
2048,32,64,8192,7617.26
2048,32,64,16384,15039.2
2048,32,128,16,767.864
2048,32,128,32,771.15
2048,32,128,64,777.966
2048,32,128,128,864.835
2048,32,128,256,964.248
2048,32,128,512,1197.39
2048,32,128,1024,1987.52
2048,32,128,2048,3835.25
2048,32,128,4096,7537.15
2048,32,128,8192,14916
2048,32,128,16384,29615
2048,64,0,0,286.358
2048,64,1,16,293.282
2048,64,1,32,293.612
2048,64,1,64,293.804
2048,64,1,128,293.078
2048,64,1,256,293.505
2048,64,1,512,292.097
2048,64,1,1024,295.222
2048,64,1,2048,302.913
2048,64,1,4096,366.828
2048,64,1,8192,479.873
2048,64,1,16384,702.679
2048,64,2,16,293.014
2048,64,2,32,296.716
2048,64,2,64,295.831
2048,64,2,128,297.612
2048,64,2,256,299.884
2048,64,2,512,300.469
2048,64,2,1024,304.619
2048,64,2,2048,320.417
2048,64,2,4096,390.583
2048,64,2,8192,523.714
2048,64,2,16384,751.778
2048,64,4,16,302.999
2048,64,4,32,303.106
2048,64,4,64,298.934
2048,64,4,128,301.494
2048,64,4,256,306.688
2048,64,4,512,310.241
2048,64,4,1024,323.542
2048,64,4,2048,348.524
2048,64,4,4096,441.345
2048,64,4,8192,643.884
2048,64,4,16384,1063.84
2048,64,8,16,316.395
2048,64,8,32,318.402
2048,64,8,64,319.052
2048,64,8,128,322.935
2048,64,8,256,330.839
2048,64,8,512,338.145
2048,64,8,1024,361.098
2048,64,8,2048,415.137
2048,64,8,4096,592.141
2048,64,8,8192,1063.82
2048,64,8,16384,1943.33
2048,64,16,16,347.169
2048,64,16,32,350.166
2048,64,16,64,350.55
2048,64,16,128,361.356
2048,64,16,256,368.075
2048,64,16,512,390.518
2048,64,16,1024,437.601
2048,64,16,2048,580.738
2048,64,16,4096,1068.81
2048,64,16,8192,2025.31
2048,64,16,16384,3898.74
2048,64,32,16,406.902
2048,64,32,32,406.689
2048,64,32,64,412.161
2048,64,32,128,428.747
2048,64,32,256,454.701
2048,64,32,512,504.161
2048,64,32,1024,601.58
2048,64,32,2048,1059.93
2048,64,32,4096,2037.35
2048,64,32,8192,3927.85
2048,64,32,16384,7705.07
2048,64,64,16,527.937
2048,64,64,32,528.683
2048,64,64,64,531.68
2048,64,64,128,572.247
2048,64,64,256,621.154
2048,64,64,512,720.087
2048,64,64,1024,1054.96
2048,64,64,2048,2033.42
2048,64,64,4096,3899.08
2048,64,64,8192,7615.97
2048,64,64,16384,15050.4
2048,64,128,16,767.639
2048,64,128,32,771.97
2048,64,128,64,778.797
2048,64,128,128,863.651
2048,64,128,256,964.418
2048,64,128,512,1198.82
2048,64,128,1024,1987.15
2048,64,128,2048,3842.45
2048,64,128,4096,7539
2048,64,128,8192,14923.6
2048,64,128,16384,29620.5
2048,128,0,0,297.303
2048,128,1,16,299.254
2048,128,1,32,300.086
2048,128,1,64,300.214
2048,128,1,128,300.151
2048,128,1,256,301.654
2048,128,1,512,303.457
2048,128,1,1024,305.302
2048,128,1,2048,310.348
2048,128,1,4096,372.172
2048,128,1,8192,492.674
2048,128,1,16384,719.298
2048,128,2,16,307.116
2048,128,2,32,306.39
2048,128,2,64,303.926
2048,128,2,128,307.681
2048,128,2,256,309.484
2048,128,2,512,312.342
2048,128,2,1024,318.208
2048,128,2,2048,326.625
2048,128,2,4096,397.441
2048,128,2,8192,535.021
2048,128,2,16384,774.478
2048,128,4,16,311.083
2048,128,4,32,313.014
2048,128,4,64,312.492
2048,128,4,128,315.948
2048,128,4,256,316.545
2048,128,4,512,321.537
2048,128,4,1024,331.425
2048,128,4,2048,356.513
2048,128,4,4096,448.226
2048,128,4,8192,654.402
2048,128,4,16384,1098.16
2048,128,8,16,326.305
2048,128,8,32,327.34
2048,128,8,64,327.233
2048,128,8,128,335.084
2048,128,8,256,340.811
2048,128,8,512,347.308
2048,128,8,1024,373.292
2048,128,8,2048,425.793
2048,128,8,4096,597.73
2048,128,8,8192,1083.65
2048,128,8,16384,1955.89
2048,128,16,16,357.964
2048,128,16,32,359.478
2048,128,16,64,360.641
2048,128,16,128,371.062
2048,128,16,256,378.583
2048,128,16,512,399.446
2048,128,16,1024,444.845
2048,128,16,2048,585.645
2048,128,16,4096,1075.21
2048,128,16,8192,2039.15
2048,128,16,16384,3924.71
2048,128,32,16,417.165
2048,128,32,32,418.573
2048,128,32,64,418.188
2048,128,32,128,438.913
2048,128,32,256,464.599
2048,128,32,512,509.623
2048,128,32,1024,611.319
2048,128,32,2048,1057.98
2048,128,32,4096,2037.71
2048,128,32,8192,3927.44
2048,128,32,16384,7707.96
2048,128,64,16,537.857
2048,128,64,32,540.002
2048,128,64,64,540.054
2048,128,64,128,583.192
2048,128,64,256,630.605
2048,128,64,512,729.401
2048,128,64,1024,1061.71
2048,128,64,2048,2030.51
2048,128,64,4096,3896.02
2048,128,64,8192,7615.51
2048,128,64,16384,15036.4
2048,128,128,16,777.636
2048,128,128,32,781.485
2048,128,128,64,788.749
2048,128,128,128,873.879
2048,128,128,256,974.51
2048,128,128,512,1207.2
2048,128,128,1024,1994.74
2048,128,128,2048,3840.42
2048,128,128,4096,7534.86
2048,128,128,8192,14915.9
2048,128,128,16384,29611.3
2048,256,0,0,321.079
2048,256,1,16,324.214
2048,256,1,32,326.465
2048,256,1,64,325.964
2048,256,1,128,328.15
2048,256,1,256,329.046
2048,256,1,512,329.056
2048,256,1,1024,329.185
2048,256,1,2048,334.786
2048,256,1,4096,395.863
2048,256,1,8192,519.18
2048,256,1,16384,741.869
2048,256,2,16,328.727
2048,256,2,32,328.737
2048,256,2,64,326.379
2048,256,2,128,331.148
2048,256,2,256,330.048
2048,256,2,512,335.074
2048,256,2,1024,339.777
2048,256,2,2048,349.761
2048,256,2,4096,423.223
2048,256,2,8192,560.29
2048,256,2,16384,798.85
2048,256,4,16,335.863
2048,256,4,32,335.98
2048,256,4,64,336.941
2048,256,4,128,339.329
2048,256,4,256,343.414
2048,256,4,512,347.425
2048,256,4,1024,358.668
2048,256,4,2048,382.924
2048,256,4,4096,473.92
2048,256,4,8192,662.732
2048,256,4,16384,1128.8
2048,256,8,16,352.417
2048,256,8,32,349.036
2048,256,8,64,353.846
2048,256,8,128,358.924
2048,256,8,256,360.78
2048,256,8,512,374.038
2048,256,8,1024,396.865
2048,256,8,2048,446.221
2048,256,8,4096,605.688
2048,256,8,8192,1083
2048,256,8,16384,1985.28
2048,256,16,16,379.991
2048,256,16,32,380.406
2048,256,16,64,383.767
2048,256,16,128,394.465
2048,256,16,256,400.46
2048,256,16,512,426.508
2048,256,16,1024,467.127
2048,256,16,2048,592.994
2048,256,16,4096,1080.93
2048,256,16,8192,2052.19
2048,256,16,16384,3966.18
2048,256,32,16,441.399
2048,256,32,32,444.866
2048,256,32,64,441.538
2048,256,32,128,462.316
2048,256,32,256,483.884
2048,256,32,512,537.26
2048,256,32,1024,636.386
2048,256,32,2048,1060.31
2048,256,32,4096,2041.78
2048,256,32,8192,3938.79
2048,256,32,16384,7706.17
2048,256,64,16,561.484
2048,256,64,32,563.031
2048,256,64,64,563.98
2048,256,64,128,604.951
2048,256,64,256,656.727
2048,256,64,512,750.925
2048,256,64,1024,1072.62
2048,256,64,2048,2025.54
2048,256,64,4096,3900.18
2048,256,64,8192,7617.28
2048,256,64,16384,15054.6
2048,256,128,16,801.358
2048,256,128,32,805.133
2048,256,128,64,811.374
2048,256,128,128,896.941
2048,256,128,256,995.863
2048,256,128,512,1224.85
2048,256,128,1024,2006.5
2048,256,128,2048,3857.3
2048,256,128,4096,7541.72
2048,256,128,8192,14936.9
2048,256,128,16384,29642.4
2048,512,0,0,367.052
2048,512,1,16,371.831
2048,512,1,32,367.628
2048,512,1,64,373.227
2048,512,1,128,374.199
2048,512,1,256,370.945
2048,512,1,512,372.791
2048,512,1,1024,377.836
2048,512,1,2048,383.896
2048,512,1,4096,438.491
2048,512,1,8192,556.482
2048,512,1,16384,789.325
2048,512,2,16,375.286
2048,512,2,32,375.542
2048,512,2,64,372.332
2048,512,2,128,377.772
2048,512,2,256,378.838
2048,512,2,512,380.663
2048,512,2,1024,387.084
2048,512,2,2048,399.169
2048,512,2,4096,465.643
2048,512,2,8192,603.33
2048,512,2,16384,851.672
2048,512,4,16,382.839
2048,512,4,32,383.649
2048,512,4,64,384.524
2048,512,4,128,385.633
2048,512,4,256,385.441
2048,512,4,512,392.033
2048,512,4,1024,405.655
2048,512,4,2048,426.252
2048,512,4,4096,519.084
2048,512,4,8192,700.524
2048,512,4,16384,1183.56
2048,512,8,16,395.554
2048,512,8,32,395.564
2048,512,8,64,395.383
2048,512,8,128,400.129
2048,512,8,256,411.159
2048,512,8,512,418.711
2048,512,8,1024,441.078
2048,512,8,2048,485.527
2048,512,8,4096,632.429
2048,512,8,8192,1106.58
2048,512,8,16384,2014.09
2048,512,16,16,430.476
2048,512,16,32,430.945
2048,512,16,64,429.975
2048,512,16,128,436.854
2048,512,16,256,447.19
2048,512,16,512,473.474
2048,512,16,1024,518.06
2048,512,16,2048,629.802
2048,512,16,4096,1098.42
2048,512,16,8192,2076.35
2048,512,16,16384,3993.07
2048,512,32,16,486.764
2048,512,32,32,491.223
2048,512,32,64,487.98
2048,512,32,128,512.398
2048,512,32,256,534.689
2048,512,32,512,582.967
2048,512,32,1024,671.864
2048,512,32,2048,1068.72
2048,512,32,4096,2051.8
2048,512,32,8192,3963.77
2048,512,32,16384,7729.41
2048,512,64,16,606.893
2048,512,64,32,607.565
2048,512,64,64,609.709
2048,512,64,128,651.799
2048,512,64,256,701.206
2048,512,64,512,796.738
2048,512,64,1024,1092.58
2048,512,64,2048,2038.64
2048,512,64,4096,3912.03
2048,512,64,8192,7655.67
2048,512,64,16384,15083.5
2048,512,128,16,847.448
2048,512,128,32,851.096
2048,512,128,64,858.05
2048,512,128,128,943.672
2048,512,128,256,1038.5
2048,512,128,512,1262.59
2048,512,128,1024,2031.32
2048,512,128,2048,3878.16
2048,512,128,4096,7556.14
2048,512,128,8192,14971.9
2048,512,128,16384,29677.5
2048,1024,0,0,458.764
2048,1024,1,16,463.159
2048,1024,1,32,461.004
2048,1024,1,64,461.772
2048,1024,1,128,462.765
2048,1024,1,256,466.273
2048,1024,1,512,464.962
2048,1024,1,1024,467.937
2048,1024,1,2048,476.737
2048,1024,1,4096,516.385
2048,1024,1,8192,642.146
2048,1024,1,16384,868.622
2048,1024,2,16,469.857
2048,1024,2,32,468.918
2048,1024,2,64,469.346
2048,1024,2,128,470.402
2048,1024,2,256,471.959
2048,1024,2,512,474.551
2048,1024,2,1024,476.588
2048,1024,2,2048,489.079
2048,1024,2,4096,544.471
2048,1024,2,8192,687.234
2048,1024,2,16384,956.035
2048,1024,4,16,474.71
2048,1024,4,32,477.206
2048,1024,4,64,473.292
2048,1024,4,128,473.931
2048,1024,4,256,476.556
2048,1024,4,512,487.062
2048,1024,4,1024,495.821
2048,1024,4,2048,515.095
2048,1024,4,4096,600.823
2048,1024,4,8192,781.85
2048,1024,4,16384,1255.53
2048,1024,8,16,492.568
2048,1024,8,32,491.319
2048,1024,8,64,493.901
2048,1024,8,128,496.215
2048,1024,8,256,503.393
2048,1024,8,512,514.135
2048,1024,8,1024,533.624
2048,1024,8,2048,578.402
2048,1024,8,4096,713.549
2048,1024,8,8192,1142.97
2048,1024,8,16384,2068.5
2048,1024,16,16,516.705
2048,1024,16,32,514.999
2048,1024,16,64,521.74
2048,1024,16,128,532.056
2048,1024,16,256,543.896
2048,1024,16,512,566.231
2048,1024,16,1024,612.548
2048,1024,16,2048,702.616
2048,1024,16,4096,1128.05
2048,1024,16,8192,2102.48
2048,1024,16,16384,4042.08
2048,1024,32,16,578.156
2048,1024,32,32,577.133
2048,1024,32,64,578.125
2048,1024,32,128,602.817
2048,1024,32,256,621.976
2048,1024,32,512,668.398
2048,1024,32,1024,768.067
2048,1024,32,2048,1069.16
2048,1024,32,4096,2079.09
2048,1024,32,8192,4005.14
2048,1024,32,16384,7799.75
2048,1024,64,16,698.103
2048,1024,64,32,702.018
2048,1024,64,64,700.875
2048,1024,64,128,742.734
2048,1024,64,256,790.359
2048,1024,64,512,886.393
2048,1024,64,1024,1136.46
2048,1024,64,2048,2064.49
2048,1024,64,4096,3943.35
2048,1024,64,8192,7723.87
2048,1024,64,16384,15146.1
2048,1024,128,16,938.552
2048,1024,128,32,943.501
2048,1024,128,64,949.433
2048,1024,128,128,1034.77
2048,1024,128,256,1129.35
2048,1024,128,512,1337.73
2048,1024,128,1024,2063.94
2048,1024,128,2048,3914.74
2048,1024,128,4096,7627.98
2048,1024,128,8192,15033.8
2048,1024,128,16384,29755
2048,2048,0,0,643.201
2048,2048,1,16,646.872
2048,2048,1,32,652.461
2048,2048,1,64,650.199
2048,2048,1,128,654.711
2048,2048,1,256,651.512
2048,2048,1,512,649.612
2048,2048,1,1024,659.329
2048,2048,1,2048,664.642
2048,2048,1,4096,678.455
2048,2048,1,8192,804.025
2048,2048,1,16384,1054.07
2048,2048,2,16,654.807
2048,2048,2,32,655.927
2048,2048,2,64,657.602
2048,2048,2,128,655.106
2048,2048,2,256,656.899
2048,2048,2,512,653.848
2048,2048,2,1024,661.186
2048,2048,2,2048,675.991
2048,2048,2,4096,702.466
2048,2048,2,8192,858.86
2048,2048,2,16384,1139.61
2048,2048,4,16,656.076
2048,2048,4,32,656.642
2048,2048,4,64,655.203
2048,2048,4,128,662.455
2048,2048,4,256,659.5
2048,2048,4,512,670.336
2048,2048,4,1024,683.746
2048,2048,4,2048,699.477
2048,2048,4,4096,756.27
2048,2048,4,8192,955.128
2048,2048,4,16384,1371.56
2048,2048,8,16,676.365
2048,2048,8,32,673.644
2048,2048,8,64,669.869
2048,2048,8,128,677.08
2048,2048,8,256,677.645
2048,2048,8,512,696.321
2048,2048,8,1024,720.14
2048,2048,8,2048,762.199
2048,2048,8,4096,875.395
2048,2048,8,8192,1217.39
2048,2048,8,16384,2193.09
2048,2048,16,16,702.892
2048,2048,16,32,701.633
2048,2048,16,64,696.045
2048,2048,16,128,713.112
2048,2048,16,256,718.82
2048,2048,16,512,750.029
2048,2048,16,1024,793.229
2048,2048,16,2048,884.376
2048,2048,16,4096,1145.77
2048,2048,16,8192,2206.99
2048,2048,16,16384,4145.41
2048,2048,32,16,758.989
2048,2048,32,32,766.168
2048,2048,32,64,767.427
2048,2048,32,128,780.579
2048,2048,32,256,811.895
2048,2048,32,512,861.71
2048,2048,32,1024,949.827
2048,2048,32,2048,1145.53
2048,2048,32,4096,2147.85
2048,2048,32,8192,4064.42
2048,2048,32,16384,7898.33
2048,2048,64,16,881.079
2048,2048,64,32,881.774
2048,2048,64,64,883.586
2048,2048,64,128,926.979
2048,2048,64,256,974.445
2048,2048,64,512,1067.57
2048,2048,64,1024,1268.33
2048,2048,64,2048,2118.85
2048,2048,64,4096,4058.51
2048,2048,64,8192,7845.72
2048,2048,64,16384,15269.1
2048,2048,128,16,1123.96
2048,2048,128,32,1127.12
2048,2048,128,64,1135.56
2048,2048,128,128,1219.76
2048,2048,128,256,1312.56
2048,2048,128,512,1499.97
2048,2048,128,1024,2097.28
2048,2048,128,2048,3989.63
2048,2048,128,4096,7684.22
2048,2048,128,8192,15172
2048,2048,128,16384,29930.4
2048,4096,0,0,1012.46
2048,4096,1,16,1025.39
2048,4096,1,32,1025.08
2048,4096,1,64,1030.68
2048,4096,1,128,1027.65
2048,4096,1,256,1027.58
2048,4096,1,512,1030.25
2048,4096,1,1024,1018.98
2048,4096,1,2048,1035.72
2048,4096,1,4096,1055.63
2048,4096,1,8192,1129.94
2048,4096,1,16384,1373.05
2048,4096,2,16,1025.27
2048,4096,2,32,1033.47
2048,4096,2,64,1033.08
2048,4096,2,128,1032.91
2048,4096,2,256,1024.26
2048,4096,2,512,1025.59
2048,4096,2,1024,1037.74
2048,4096,2,2048,1050.79
2048,4096,2,4096,1073.43
2048,4096,2,8192,1173.81
2048,4096,2,16384,1477.01
2048,4096,4,16,1038.69
2048,4096,4,32,1037.41
2048,4096,4,64,1037.76
2048,4096,4,128,1039.27
2048,4096,4,256,1038.06
2048,4096,4,512,1043.71
2048,4096,4,1024,1051.42
2048,4096,4,2048,1079.01
2048,4096,4,4096,1107.52
2048,4096,4,8192,1273.2
2048,4096,4,16384,1659.39
2048,4096,8,16,1063.07
2048,4096,8,32,1054.45
2048,4096,8,64,1060.49
2048,4096,8,128,1064.02
2048,4096,8,256,1061.35
2048,4096,8,512,1062.19
2048,4096,8,1024,1079.14
2048,4096,8,2048,1133.8
2048,4096,8,4096,1213.62
2048,4096,8,8192,1475.61
2048,4096,8,16384,2373.96
2048,4096,16,16,1073.1
2048,4096,16,32,1070.88
2048,4096,16,64,1078.47
2048,4096,16,128,1079.18
2048,4096,16,256,1088.17
2048,4096,16,512,1105.07
2048,4096,16,1024,1152.87
2048,4096,16,2048,1255.69
2048,4096,16,4096,1444.41
2048,4096,16,8192,2312.59
2048,4096,16,16384,4292.65
2048,4096,32,16,1124.57
2048,4096,32,32,1124.22
2048,4096,32,64,1133.3
2048,4096,32,128,1155.99
2048,4096,32,256,1163.9
2048,4096,32,512,1213.48
2048,4096,32,1024,1316.12
2048,4096,32,2048,1503.5
2048,4096,32,4096,2216.1
2048,4096,32,8192,4212.3
2048,4096,32,16384,8033.98
2048,4096,64,16,1240.39
2048,4096,64,32,1241.02
2048,4096,64,64,1244.57
2048,4096,64,128,1287.48
2048,4096,64,256,1335.85
2048,4096,64,512,1427.3
2048,4096,64,1024,1625.04
2048,4096,64,2048,2153.27
2048,4096,64,4096,4157.06
2048,4096,64,8192,7920.6
2048,4096,64,16384,15512
2048,4096,128,16,1486.9
2048,4096,128,32,1492.86
2048,4096,128,64,1495.6
2048,4096,128,128,1583.56
2048,4096,128,256,1676.51
2048,4096,128,512,1859.23
2048,4096,128,1024,2250.8
2048,4096,128,2048,4087.63
2048,4096,128,4096,7916.71
2048,4096,128,8192,15329.7
2048,4096,128,16384,30169.2
2048,8192,0,0,1795.71
2048,8192,1,16,1800.41
2048,8192,1,32,1813.17
2048,8192,1,64,1819.79
2048,8192,1,128,1805.73
2048,8192,1,256,1817.74
2048,8192,1,512,1815
2048,8192,1,1024,1801.09
2048,8192,1,2048,1804.83
2048,8192,1,4096,1820.47
2048,8192,1,8192,1843.07
2048,8192,1,16384,2040.69
2048,8192,2,16,1819.08
2048,8192,2,32,1816.38
2048,8192,2,64,1819.41
2048,8192,2,128,1814.81
2048,8192,2,256,1812.35
2048,8192,2,512,1804.35
2048,8192,2,1024,1817.95
2048,8192,2,2048,1828.31
2048,8192,2,4096,1831.48
2048,8192,2,8192,1864.6
2048,8192,2,16384,2095.57
2048,8192,4,16,1828.77
2048,8192,4,32,1834.05
2048,8192,4,64,1825.74
2048,8192,4,128,1830.81
2048,8192,4,256,1828.28
2048,8192,4,512,1834.59
2048,8192,4,1024,1839.27
2048,8192,4,2048,1836.48
2048,8192,4,4096,1853.86
2048,8192,4,8192,1892.65
2048,8192,4,16384,2319.27
2048,8192,8,16,1832.95
2048,8192,8,32,1858.76
2048,8192,8,64,1841.57
2048,8192,8,128,1836.01
2048,8192,8,256,1853.11
2048,8192,8,512,1837.8
2048,8192,8,1024,1863.44
2048,8192,8,2048,1880.89
2048,8192,8,4096,1961.08
2048,8192,8,8192,2116.55
2048,8192,8,16384,2723.96
2048,8192,16,16,1852.61
2048,8192,16,32,1847.16
2048,8192,16,64,1867.54
2048,8192,16,128,1854.41
2048,8192,16,256,1873.94
2048,8192,16,512,1867.03
2048,8192,16,1024,1898.62
2048,8192,16,2048,1988.81
2048,8192,16,4096,2189.68
2048,8192,16,8192,2629.11
2048,8192,16,16384,4644.15
2048,8192,32,16,1883.5
2048,8192,32,32,1885.54
2048,8192,32,64,1896.08
2048,8192,32,128,1914.32
2048,8192,32,256,1935.55
2048,8192,32,512,1948.52
2048,8192,32,1024,2051.39
2048,8192,32,2048,2237.15
2048,8192,32,4096,2774.3
2048,8192,32,8192,4400.38
2048,8192,32,16384,8414.89
2048,8192,64,16,1986.3
2048,8192,64,32,1988.14
2048,8192,64,64,1986.05
2048,8192,64,128,2024.44
2048,8192,64,256,2060.51
2048,8192,64,512,2152.31
2048,8192,64,1024,2349.35
2048,8192,64,2048,2858.7
2048,8192,64,4096,4247.74
2048,8192,64,8192,8280.87
2048,8192,64,16384,15583.7
2048,8192,128,16,2216.85
2048,8192,128,32,2221.03
2048,8192,128,64,2224.08
2048,8192,128,128,2311.19
2048,8192,128,256,2402.07
2048,8192,128,512,2585.02
2048,8192,128,1024,2967.17
2048,8192,128,2048,4109.75
2048,8192,128,4096,8193.89
2048,8192,128,8192,15707.3
2048,8192,128,16384,30528.3
2048,16384,0,0,3380.34
2048,16384,1,16,3403.47
2048,16384,1,32,3397.55
2048,16384,1,64,3403.92
2048,16384,1,128,3402.31
2048,16384,1,256,3368.58
2048,16384,1,512,3375.3
2048,16384,1,1024,3395.94
2048,16384,1,2048,3407.72
2048,16384,1,4096,3376.24
2048,16384,1,8192,3405.83
2048,16384,1,16384,3430.99
2048,16384,2,16,3405.78
2048,16384,2,32,3406.32
2048,16384,2,64,3400.58
2048,16384,2,128,3408.12
2048,16384,2,256,3405.15
2048,16384,2,512,3407.33
2048,16384,2,1024,3407.1
2048,16384,2,2048,3409.58
2048,16384,2,4096,3405.62
2048,16384,2,8192,3419.92
2048,16384,2,16384,3445.13
2048,16384,4,16,3411.61
2048,16384,4,32,3385.84
2048,16384,4,64,3382.85
2048,16384,4,128,3418.36
2048,16384,4,256,3414.78
2048,16384,4,512,3420.12
2048,16384,4,1024,3389.44
2048,16384,4,2048,3421.17
2048,16384,4,4096,3434.4
2048,16384,4,8192,3466.4
2048,16384,4,16384,3508.97
2048,16384,8,16,3430.31
2048,16384,8,32,3426.48
2048,16384,8,64,3428.53
2048,16384,8,128,3427.68
2048,16384,8,256,3435.47
2048,16384,8,512,3439.72
2048,16384,8,1024,3412.73
2048,16384,8,2048,3465.12
2048,16384,8,4096,3494.31
2048,16384,8,8192,3689.07
2048,16384,8,16384,3975.72
2048,16384,16,16,3443.07
2048,16384,16,32,3451.73
2048,16384,16,64,3452.17
2048,16384,16,128,3454.86
2048,16384,16,256,3464.51
2048,16384,16,512,3466.91
2048,16384,16,1024,3453.3
2048,16384,16,2048,3496.54
2048,16384,16,4096,3675.61
2048,16384,16,8192,4027.86
2048,16384,16,16384,5092.46
2048,16384,32,16,3454.35
2048,16384,32,32,3473.5
2048,16384,32,64,3477.93
2048,16384,32,128,3482.64
2048,16384,32,256,3481.35
2048,16384,32,512,3510.92
2048,16384,32,1024,3559.36
2048,16384,32,2048,3739.68
2048,16384,32,4096,4094.35
2048,16384,32,8192,5320.28
2048,16384,32,16384,8861.83
2048,16384,64,16,3512.41
2048,16384,64,32,3507.53
2048,16384,64,64,3513.81
2048,16384,64,128,3544.39
2048,16384,64,256,3581.91
2048,16384,64,512,3655.96
2048,16384,64,1024,3811.56
2048,16384,64,2048,4197.79
2048,16384,64,4096,5643.62
2048,16384,64,8192,8626.26
2048,16384,64,16384,16396.6
2048,16384,128,16,3720.46
2048,16384,128,32,3723.3
2048,16384,128,64,3729.42
2048,16384,128,128,3799.86
2048,16384,128,256,3877.78
2048,16384,128,512,4045.75
2048,16384,128,1024,4419.07
2048,16384,128,2048,5522.56
2048,16384,128,4096,8383.59
2048,16384,128,8192,16448.5
2048,16384,128,16384,31378
