pc,n_label,skew_rate_label,kv_big_label,kp_label,alpha,n_samples
0,n<=128,sr<=15%,kvB<=16k,kp=0,0.0074,4
0,n<=128,sr<=15%,kvB<=1k,kp=0,0.041,4
0,n<=128,sr<=15%,kvB<=4k,kp=0,0.0069,4
0,n<=128,sr<=40%,kvB<=16k,kp=0,-0.0016,2
0,n<=128,sr<=40%,kvB<=1k,kp=0,0.0605,2
0,n<=128,sr<=40%,kvB<=4k,kp=0,-0.0035,2
0,n<=128,sr<=5%,kvB<=16k,kp=0,0.012,8
0,n<=128,sr<=5%,kvB<=1k,kp=0,0.0207,8
0,n<=128,sr<=5%,kvB<=4k,kp=0,0.0134,8
0,n<=128,sr<=70%,kvB<=16k,kp=0,-0.0043,2
0,n<=128,sr<=70%,kvB<=1k,kp=0,0.0569,2
0,n<=128,sr<=70%,kvB<=4k,kp=0,-0.0065,2
0,n<=128,sr>70%,kvB<=16k,kp=0,0.0189,4
0,n<=128,sr>70%,kvB<=1k,kp=0,0.1235,4
0,n<=128,sr>70%,kvB<=4k,kp=0,0.0113,4
0,n<=16,sr<=15%,kvB<=16k,kp=0,0.2369,4
0,n<=16,sr<=15%,kvB<=1k,kp=0,0.2664,4
0,n<=16,sr<=15%,kvB<=4k,kp=0,0.2291,4
0,n<=16,sr<=40%,kvB<=16k,kp=0,0.189,4
0,n<=16,sr<=40%,kvB<=1k,kp=0,0.2506,4
0,n<=16,sr<=40%,kvB<=4k,kp=0,0.2005,4
0,n<=16,sr<=70%,kvB<=16k,kp=0,0.3334,2
0,n<=16,sr<=70%,kvB<=1k,kp=0,0.3819,2
0,n<=16,sr<=70%,kvB<=4k,kp=0,0.3449,2
0,n<=16,sr>70%,kvB<=16k,kp=0,0.2239,4
0,n<=16,sr>70%,kvB<=1k,kp=0,0.2286,4
0,n<=16,sr>70%,kvB<=4k,kp=0,0.1905,4
0,n<=2,sr<=70%,kvB<=16k,kp=0,0.091,2
0,n<=2,sr<=70%,kvB<=1k,kp=0,-0.2261,2
0,n<=2,sr<=70%,kvB<=4k,kp=0,-0.344,2
0,n<=256,sr<=15%,kvB<=16k,kp=0,0.0002,4
0,n<=256,sr<=15%,kvB<=1k,kp=0,0.0467,4
0,n<=256,sr<=15%,kvB<=4k,kp=0,0.0019,4
0,n<=256,sr<=40%,kvB<=16k,kp=0,-0.0011,2
0,n<=256,sr<=40%,kvB<=1k,kp=0,0.0745,2
0,n<=256,sr<=40%,kvB<=4k,kp=0,-0.0017,2
0,n<=256,sr<=5%,kvB<=16k,kp=0,0.0009,8
0,n<=256,sr<=5%,kvB<=1k,kp=0,0.0083,8
0,n<=256,sr<=5%,kvB<=4k,kp=0,0.0018,8
0,n<=256,sr<=70%,kvB<=16k,kp=0,-0.0043,2
0,n<=256,sr<=70%,kvB<=1k,kp=0,0.0608,2
0,n<=256,sr<=70%,kvB<=4k,kp=0,-0.0048,2
0,n<=256,sr>70%,kvB<=16k,kp=0,-0.0051,4
0,n<=256,sr>70%,kvB<=1k,kp=0,0.1406,4
0,n<=256,sr>70%,kvB<=4k,kp=0,-0.0082,4
0,n<=32,sr<=15%,kvB<=16k,kp=0,0.1217,6
0,n<=32,sr<=15%,kvB<=1k,kp=0,0.1455,6
0,n<=32,sr<=15%,kvB<=4k,kp=0,0.1225,6
0,n<=32,sr<=40%,kvB<=16k,kp=0,0.109,2
0,n<=32,sr<=40%,kvB<=1k,kp=0,0.0972,2
0,n<=32,sr<=40%,kvB<=4k,kp=0,0.0759,2
0,n<=32,sr<=5%,kvB<=16k,kp=0,0.1233,2
0,n<=32,sr<=5%,kvB<=1k,kp=0,0.1318,2
0,n<=32,sr<=5%,kvB<=4k,kp=0,0.1335,2
0,n<=32,sr<=70%,kvB<=16k,kp=0,0.1452,2
0,n<=32,sr<=70%,kvB<=1k,kp=0,0.0088,2
0,n<=32,sr<=70%,kvB<=4k,kp=0,0.1226,2
0,n<=32,sr>70%,kvB<=16k,kp=0,0.1654,4
0,n<=32,sr>70%,kvB<=1k,kp=0,0.3288,4
0,n<=32,sr>70%,kvB<=4k,kp=0,0.1573,4
0,n<=4,sr<=40%,kvB<=16k,kp=0,0.0192,2
0,n<=4,sr<=40%,kvB<=1k,kp=0,0.0271,4
0,n<=4,sr<=40%,kvB<=4k,kp=0,0.0022,3
0,n<=4,sr<=70%,kvB<=16k,kp=0,-0.0211,2
0,n<=4,sr<=70%,kvB<=1k,kp=0,-0.2108,2
0,n<=4,sr<=70%,kvB<=4k,kp=0,0.0138,2
0,n<=4,sr>70%,kvB<=16k,kp=0,0.2235,2
0,n<=4,sr>70%,kvB<=1k,kp=0,0.3247,2
0,n<=4,sr>70%,kvB<=4k,kp=0,0.4321,2
0,n<=64,sr<=15%,kvB<=16k,kp=0,0.0454,4
0,n<=64,sr<=15%,kvB<=1k,kp=0,0.0536,4
0,n<=64,sr<=15%,kvB<=4k,kp=0,0.0436,4
0,n<=64,sr<=40%,kvB<=16k,kp=0,0.0226,2
0,n<=64,sr<=40%,kvB<=1k,kp=0,0.0564,2
0,n<=64,sr<=40%,kvB<=4k,kp=0,0.0205,2
0,n<=64,sr<=5%,kvB<=16k,kp=0,0.0495,6
0,n<=64,sr<=5%,kvB<=1k,kp=0,0.0318,6
0,n<=64,sr<=5%,kvB<=4k,kp=0,0.0521,6
0,n<=64,sr<=70%,kvB<=16k,kp=0,-0.0075,2
0,n<=64,sr<=70%,kvB<=1k,kp=0,-0.0222,2
0,n<=64,sr<=70%,kvB<=4k,kp=0,-0.0092,2
0,n<=64,sr>70%,kvB<=16k,kp=0,0.0294,4
0,n<=64,sr>70%,kvB<=1k,kp=0,0.1003,4
0,n<=64,sr>70%,kvB<=4k,kp=0,-0.0012,4
0,n<=8,sr<=15%,kvB<=16k,kp=0,0.0986,2
0,n<=8,sr<=15%,kvB<=1k,kp=0,0.0598,2
0,n<=8,sr<=15%,kvB<=4k,kp=0,0.0603,2
0,n<=8,sr<=40%,kvB<=16k,kp=0,0.0503,4
0,n<=8,sr<=40%,kvB<=1k,kp=0,0.0524,4
0,n<=8,sr<=40%,kvB<=4k,kp=0,0.0179,4
0,n<=8,sr<=70%,kvB<=16k,kp=0,-0.0022,2
0,n<=8,sr<=70%,kvB<=1k,kp=0,0.0801,2
0,n<=8,sr<=70%,kvB<=4k,kp=0,0.003,2
0,n<=8,sr>70%,kvB<=16k,kp=0,0.236,4
0,n<=8,sr>70%,kvB<=1k,kp=0,0.1513,4
0,n<=8,sr>70%,kvB<=4k,kp=0,0.2051,4
16,n<=128,sr<=15%,kvB<=16k,kp<=1k,0.0007,4
16,n<=128,sr<=15%,kvB<=16k,kp<=2k,0.0009,4
16,n<=128,sr<=15%,kvB<=16k,kp<=4k,0.001,4
16,n<=128,sr<=15%,kvB<=16k,kp<=512,0.0004,4
16,n<=128,sr<=15%,kvB<=16k,kp<=8k,0.0009,4
16,n<=128,sr<=15%,kvB<=16k,kp=0,0.0008,4
16,n<=128,sr<=15%,kvB<=1k,kp<=1k,0.0293,4
16,n<=128,sr<=15%,kvB<=1k,kp<=2k,0.0247,4
16,n<=128,sr<=15%,kvB<=1k,kp<=4k,0.0267,4
16,n<=128,sr<=15%,kvB<=1k,kp<=512,0.0327,4
16,n<=128,sr<=15%,kvB<=1k,kp<=8k,0.026,4
16,n<=128,sr<=15%,kvB<=1k,kp=0,0.032,4
16,n<=128,sr<=15%,kvB<=4k,kp<=1k,0.002,4
16,n<=128,sr<=15%,kvB<=4k,kp<=2k,0.0012,4
16,n<=128,sr<=15%,kvB<=4k,kp<=4k,0.0011,4
16,n<=128,sr<=15%,kvB<=4k,kp<=512,0.0016,4
16,n<=128,sr<=15%,kvB<=4k,kp<=8k,0.0007,4
16,n<=128,sr<=15%,kvB<=4k,kp=0,0.0016,4
16,n<=128,sr<=40%,kvB<=16k,kp<=1k,-0.0014,2
16,n<=128,sr<=40%,kvB<=16k,kp<=2k,-0.0011,2
16,n<=128,sr<=40%,kvB<=16k,kp<=4k,-0.0013,2
16,n<=128,sr<=40%,kvB<=16k,kp<=512,-0.0016,2
16,n<=128,sr<=40%,kvB<=16k,kp<=8k,-0.0015,2
16,n<=128,sr<=40%,kvB<=16k,kp=0,-0.0011,2
16,n<=128,sr<=40%,kvB<=1k,kp<=1k,0.0622,2
16,n<=128,sr<=40%,kvB<=1k,kp<=2k,0.0587,2
16,n<=128,sr<=40%,kvB<=1k,kp<=4k,0.063,2
16,n<=128,sr<=40%,kvB<=1k,kp<=512,0.0636,2
16,n<=128,sr<=40%,kvB<=1k,kp<=8k,0.0614,2
16,n<=128,sr<=40%,kvB<=1k,kp=0,0.0663,2
16,n<=128,sr<=40%,kvB<=4k,kp<=1k,-0.0012,2
16,n<=128,sr<=40%,kvB<=4k,kp<=2k,-0.0013,2
16,n<=128,sr<=40%,kvB<=4k,kp<=4k,-0.0009,2
16,n<=128,sr<=40%,kvB<=4k,kp<=512,-0.0009,2
16,n<=128,sr<=40%,kvB<=4k,kp<=8k,-0.0004,2
16,n<=128,sr<=40%,kvB<=4k,kp=0,-0.0007,2
16,n<=128,sr<=5%,kvB<=16k,kp<=1k,0.0023,8
16,n<=128,sr<=5%,kvB<=16k,kp<=2k,0.0022,8
16,n<=128,sr<=5%,kvB<=16k,kp<=4k,0.0023,8
16,n<=128,sr<=5%,kvB<=16k,kp<=512,0.0022,8
16,n<=128,sr<=5%,kvB<=16k,kp<=8k,0.0021,8
16,n<=128,sr<=5%,kvB<=16k,kp=0,0.0022,8
16,n<=128,sr<=5%,kvB<=1k,kp<=1k,0.0054,8
16,n<=128,sr<=5%,kvB<=1k,kp<=2k,0.0029,8
16,n<=128,sr<=5%,kvB<=1k,kp<=4k,0.0035,8
16,n<=128,sr<=5%,kvB<=1k,kp<=512,0.0055,8
16,n<=128,sr<=5%,kvB<=1k,kp<=8k,0.001,8
16,n<=128,sr<=5%,kvB<=1k,kp=0,0.008,8
16,n<=128,sr<=5%,kvB<=4k,kp<=1k,0.0026,8
16,n<=128,sr<=5%,kvB<=4k,kp<=2k,0.0026,8
16,n<=128,sr<=5%,kvB<=4k,kp<=4k,0.0014,8
16,n<=128,sr<=5%,kvB<=4k,kp<=512,0.0027,8
16,n<=128,sr<=5%,kvB<=4k,kp<=8k,0.0014,8
16,n<=128,sr<=5%,kvB<=4k,kp=0,0.0032,8
16,n<=128,sr<=70%,kvB<=16k,kp<=1k,-0.0038,2
16,n<=128,sr<=70%,kvB<=16k,kp<=2k,-0.003,2
16,n<=128,sr<=70%,kvB<=16k,kp<=4k,-0.0023,2
16,n<=128,sr<=70%,kvB<=16k,kp<=512,-0.0034,2
16,n<=128,sr<=70%,kvB<=16k,kp<=8k,-0.0001,2
16,n<=128,sr<=70%,kvB<=16k,kp=0,-0.0037,2
16,n<=128,sr<=70%,kvB<=1k,kp<=1k,0.0816,2
16,n<=128,sr<=70%,kvB<=1k,kp<=2k,0.0789,2
16,n<=128,sr<=70%,kvB<=1k,kp<=4k,0.0778,2
16,n<=128,sr<=70%,kvB<=1k,kp<=512,0.0849,2
16,n<=128,sr<=70%,kvB<=1k,kp<=8k,0.0693,2
16,n<=128,sr<=70%,kvB<=1k,kp=0,0.0919,2
16,n<=128,sr<=70%,kvB<=4k,kp<=1k,-0.0032,2
16,n<=128,sr<=70%,kvB<=4k,kp<=2k,-0.0023,2
16,n<=128,sr<=70%,kvB<=4k,kp<=4k,0.0041,2
16,n<=128,sr<=70%,kvB<=4k,kp<=512,-0.0027,2
16,n<=128,sr<=70%,kvB<=4k,kp<=8k,0.007,2
16,n<=128,sr<=70%,kvB<=4k,kp=0,-0.0046,2
16,n<=128,sr>70%,kvB<=16k,kp<=1k,-0.0046,4
16,n<=128,sr>70%,kvB<=16k,kp<=2k,-0.005,4
16,n<=128,sr>70%,kvB<=16k,kp<=4k,-0.0003,4
16,n<=128,sr>70%,kvB<=16k,kp<=512,-0.0013,4
16,n<=128,sr>70%,kvB<=16k,kp<=8k,0.0026,4
16,n<=128,sr>70%,kvB<=16k,kp=0,-0.0022,4
16,n<=128,sr>70%,kvB<=1k,kp<=1k,0.0566,4
16,n<=128,sr>70%,kvB<=1k,kp<=2k,0.0614,4
16,n<=128,sr>70%,kvB<=1k,kp<=4k,0.0812,4
16,n<=128,sr>70%,kvB<=1k,kp<=512,0.0653,4
16,n<=128,sr>70%,kvB<=1k,kp<=8k,0.0988,4
16,n<=128,sr>70%,kvB<=1k,kp=0,0.056,4
16,n<=128,sr>70%,kvB<=4k,kp<=1k,-0.0019,4
16,n<=128,sr>70%,kvB<=4k,kp<=2k,-0.0036,4
16,n<=128,sr>70%,kvB<=4k,kp<=4k,-0.0071,4
16,n<=128,sr>70%,kvB<=4k,kp<=512,-0.0039,4
16,n<=128,sr>70%,kvB<=4k,kp<=8k,-0.0002,4
16,n<=128,sr>70%,kvB<=4k,kp=0,-0.0019,4
16,n<=16,sr<=15%,kvB<=16k,kp<=1k,0.1167,4
16,n<=16,sr<=15%,kvB<=16k,kp<=2k,0.1005,4
16,n<=16,sr<=15%,kvB<=16k,kp<=4k,0.0573,4
16,n<=16,sr<=15%,kvB<=16k,kp<=512,0.1343,4
16,n<=16,sr<=15%,kvB<=16k,kp<=8k,0.0098,4
16,n<=16,sr<=15%,kvB<=16k,kp=0,0.1085,4
16,n<=16,sr<=15%,kvB<=1k,kp<=1k,0.0485,4
16,n<=16,sr<=15%,kvB<=1k,kp<=2k,0.0698,4
16,n<=16,sr<=15%,kvB<=1k,kp<=4k,0.0675,4
16,n<=16,sr<=15%,kvB<=1k,kp<=512,0.1203,4
16,n<=16,sr<=15%,kvB<=1k,kp<=8k,0.0609,4
16,n<=16,sr<=15%,kvB<=1k,kp=0,0.1409,4
16,n<=16,sr<=15%,kvB<=4k,kp<=1k,0.0993,4
16,n<=16,sr<=15%,kvB<=4k,kp<=2k,0.059,4
16,n<=16,sr<=15%,kvB<=4k,kp<=4k,0.0092,4
16,n<=16,sr<=15%,kvB<=4k,kp<=512,0.1175,4
16,n<=16,sr<=15%,kvB<=4k,kp<=8k,0.028,4
16,n<=16,sr<=15%,kvB<=4k,kp=0,0.1335,4
16,n<=16,sr<=40%,kvB<=16k,kp<=1k,0.1586,4
16,n<=16,sr<=40%,kvB<=16k,kp<=2k,0.1144,4
16,n<=16,sr<=40%,kvB<=16k,kp<=4k,0.0795,4
16,n<=16,sr<=40%,kvB<=16k,kp<=512,0.1984,4
16,n<=16,sr<=40%,kvB<=16k,kp<=8k,0.0467,4
16,n<=16,sr<=40%,kvB<=16k,kp=0,0.1729,4
16,n<=16,sr<=40%,kvB<=1k,kp<=1k,0.075,4
16,n<=16,sr<=40%,kvB<=1k,kp<=2k,0.0638,4
16,n<=16,sr<=40%,kvB<=1k,kp<=4k,0.0568,4
16,n<=16,sr<=40%,kvB<=1k,kp<=512,0.1288,4
16,n<=16,sr<=40%,kvB<=1k,kp<=8k,0.0593,4
16,n<=16,sr<=40%,kvB<=1k,kp=0,0.1516,4
16,n<=16,sr<=40%,kvB<=4k,kp<=1k,0.1054,4
16,n<=16,sr<=40%,kvB<=4k,kp<=2k,0.0888,4
16,n<=16,sr<=40%,kvB<=4k,kp<=4k,0.0731,4
16,n<=16,sr<=40%,kvB<=4k,kp<=512,0.1281,4
16,n<=16,sr<=40%,kvB<=4k,kp<=8k,0.0981,4
16,n<=16,sr<=40%,kvB<=4k,kp=0,0.1657,4
16,n<=16,sr<=70%,kvB<=16k,kp<=1k,0.3809,2
16,n<=16,sr<=70%,kvB<=16k,kp<=2k,0.3133,2
16,n<=16,sr<=70%,kvB<=16k,kp<=4k,0.2457,2
16,n<=16,sr<=70%,kvB<=16k,kp<=512,0.5043,2
16,n<=16,sr<=70%,kvB<=16k,kp<=8k,0.2523,2
16,n<=16,sr<=70%,kvB<=16k,kp=0,0.486,2
16,n<=16,sr<=70%,kvB<=1k,kp<=1k,0.0426,2
16,n<=16,sr<=70%,kvB<=1k,kp<=2k,0.0187,2
16,n<=16,sr<=70%,kvB<=1k,kp<=4k,0.0707,2
16,n<=16,sr<=70%,kvB<=1k,kp<=512,0.0961,2
16,n<=16,sr<=70%,kvB<=1k,kp<=8k,0.1408,2
16,n<=16,sr<=70%,kvB<=1k,kp=0,0.1339,2
16,n<=16,sr<=70%,kvB<=4k,kp<=1k,0.3523,2
16,n<=16,sr<=70%,kvB<=4k,kp<=2k,0.3658,2
16,n<=16,sr<=70%,kvB<=4k,kp<=4k,0.3046,2
16,n<=16,sr<=70%,kvB<=4k,kp<=512,0.4117,2
16,n<=16,sr<=70%,kvB<=4k,kp<=8k,0.438,2
16,n<=16,sr<=70%,kvB<=4k,kp=0,0.3702,2
16,n<=16,sr>70%,kvB<=16k,kp<=1k,0.9663,4
16,n<=16,sr>70%,kvB<=16k,kp<=2k,0.6878,4
16,n<=16,sr>70%,kvB<=16k,kp<=4k,0.5395,4
16,n<=16,sr>70%,kvB<=16k,kp<=512,1.282,4
16,n<=16,sr>70%,kvB<=16k,kp<=8k,0.4698,3
16,n<=16,sr>70%,kvB<=16k,kp=0,1.2141,4
16,n<=16,sr>70%,kvB<=1k,kp<=1k,0.173,4
16,n<=16,sr>70%,kvB<=1k,kp<=2k,0.1403,4
16,n<=16,sr>70%,kvB<=1k,kp<=4k,0.2674,4
16,n<=16,sr>70%,kvB<=1k,kp<=512,0.1986,4
16,n<=16,sr>70%,kvB<=1k,kp<=8k,0.3072,4
16,n<=16,sr>70%,kvB<=1k,kp=0,0.3906,4
16,n<=16,sr>70%,kvB<=4k,kp<=1k,0.7056,4
16,n<=16,sr>70%,kvB<=4k,kp<=2k,0.8294,4
16,n<=16,sr>70%,kvB<=4k,kp<=4k,1.1278,4
16,n<=16,sr>70%,kvB<=4k,kp<=512,1.3175,4
16,n<=16,sr>70%,kvB<=4k,kp<=8k,1.0587,3
16,n<=16,sr>70%,kvB<=4k,kp=0,1.4568,4
16,n<=2,sr<=70%,kvB<=16k,kp<=1k,0.591,2
16,n<=2,sr<=70%,kvB<=16k,kp<=2k,0.1568,2
16,n<=2,sr<=70%,kvB<=16k,kp<=4k,0.072,2
16,n<=2,sr<=70%,kvB<=16k,kp<=512,0.7286,2
16,n<=2,sr<=70%,kvB<=16k,kp<=8k,0.3483,2
16,n<=2,sr<=70%,kvB<=16k,kp=0,0.9318,2
16,n<=2,sr<=70%,kvB<=1k,kp<=1k,0.7338,2
16,n<=2,sr<=70%,kvB<=1k,kp<=2k,0.6108,2
16,n<=2,sr<=70%,kvB<=1k,kp<=4k,0.6526,2
16,n<=2,sr<=70%,kvB<=1k,kp<=512,0.3473,2
16,n<=2,sr<=70%,kvB<=1k,kp<=8k,0.4956,2
16,n<=2,sr<=70%,kvB<=1k,kp=0,0.1255,2
16,n<=2,sr<=70%,kvB<=4k,kp<=1k,0.0888,2
16,n<=2,sr<=70%,kvB<=4k,kp<=2k,0.3388,2
16,n<=2,sr<=70%,kvB<=4k,kp<=4k,0.7271,2
16,n<=2,sr<=70%,kvB<=4k,kp<=512,-0.0006,2
16,n<=2,sr<=70%,kvB<=4k,kp<=8k,0.4298,2
16,n<=2,sr<=70%,kvB<=4k,kp=0,0.7969,2
16,n<=32,sr<=15%,kvB<=16k,kp<=1k,0.0589,6
16,n<=32,sr<=15%,kvB<=16k,kp<=2k,0.0497,6
16,n<=32,sr<=15%,kvB<=16k,kp<=4k,0.0374,6
16,n<=32,sr<=15%,kvB<=16k,kp<=512,0.0799,6
16,n<=32,sr<=15%,kvB<=16k,kp<=8k,0.0317,6
16,n<=32,sr<=15%,kvB<=16k,kp=0,0.0768,6
16,n<=32,sr<=15%,kvB<=1k,kp<=1k,0.0589,6
16,n<=32,sr<=15%,kvB<=1k,kp<=2k,0.0536,6
16,n<=32,sr<=15%,kvB<=1k,kp<=4k,0.0433,6
16,n<=32,sr<=15%,kvB<=1k,kp<=512,0.0772,6
16,n<=32,sr<=15%,kvB<=1k,kp<=8k,0.0584,6
16,n<=32,sr<=15%,kvB<=1k,kp=0,0.1048,6
16,n<=32,sr<=15%,kvB<=4k,kp<=1k,0.0784,6
16,n<=32,sr<=15%,kvB<=4k,kp<=2k,0.0572,6
16,n<=32,sr<=15%,kvB<=4k,kp<=4k,0.0687,6
16,n<=32,sr<=15%,kvB<=4k,kp<=512,0.0869,6
16,n<=32,sr<=15%,kvB<=4k,kp<=8k,0.0487,6
16,n<=32,sr<=15%,kvB<=4k,kp=0,0.1278,6
16,n<=32,sr<=40%,kvB<=16k,kp<=1k,0.0818,2
16,n<=32,sr<=40%,kvB<=16k,kp<=2k,0.071,2
16,n<=32,sr<=40%,kvB<=16k,kp<=4k,0.0728,2
16,n<=32,sr<=40%,kvB<=16k,kp<=512,0.1088,2
16,n<=32,sr<=40%,kvB<=16k,kp<=8k,0.0559,2
16,n<=32,sr<=40%,kvB<=16k,kp=0,0.0935,2
16,n<=32,sr<=40%,kvB<=1k,kp<=1k,0.0747,2
16,n<=32,sr<=40%,kvB<=1k,kp<=2k,0.0751,2
16,n<=32,sr<=40%,kvB<=1k,kp<=4k,0.1174,2
16,n<=32,sr<=40%,kvB<=1k,kp<=512,0.0908,2
16,n<=32,sr<=40%,kvB<=1k,kp<=8k,0.1471,2
16,n<=32,sr<=40%,kvB<=1k,kp=0,0.1523,2
16,n<=32,sr<=40%,kvB<=4k,kp<=1k,0.1143,2
16,n<=32,sr<=40%,kvB<=4k,kp<=2k,0.1379,2
16,n<=32,sr<=40%,kvB<=4k,kp<=4k,0.1027,2
16,n<=32,sr<=40%,kvB<=4k,kp<=512,0.1754,2
16,n<=32,sr<=40%,kvB<=4k,kp<=8k,0.0841,2
16,n<=32,sr<=40%,kvB<=4k,kp=0,0.2333,2
16,n<=32,sr<=5%,kvB<=16k,kp<=1k,0.0467,2
16,n<=32,sr<=5%,kvB<=16k,kp<=2k,0.0426,2
16,n<=32,sr<=5%,kvB<=16k,kp<=4k,0.0426,2
16,n<=32,sr<=5%,kvB<=16k,kp<=512,0.0688,2
16,n<=32,sr<=5%,kvB<=16k,kp<=8k,0.0199,2
16,n<=32,sr<=5%,kvB<=16k,kp=0,0.0579,2
16,n<=32,sr<=5%,kvB<=1k,kp<=1k,0.0162,2
16,n<=32,sr<=5%,kvB<=1k,kp<=2k,0.0125,2
16,n<=32,sr<=5%,kvB<=1k,kp<=4k,0.0015,2
16,n<=32,sr<=5%,kvB<=1k,kp<=512,0.0385,2
16,n<=32,sr<=5%,kvB<=1k,kp<=8k,0.0119,2
16,n<=32,sr<=5%,kvB<=1k,kp=0,0.0568,2
16,n<=32,sr<=5%,kvB<=4k,kp<=1k,0.0585,2
16,n<=32,sr<=5%,kvB<=4k,kp<=2k,0.0363,2
16,n<=32,sr<=5%,kvB<=4k,kp<=4k,0.0164,2
16,n<=32,sr<=5%,kvB<=4k,kp<=512,0.0508,2
16,n<=32,sr<=5%,kvB<=4k,kp<=8k,0.0224,2
16,n<=32,sr<=5%,kvB<=4k,kp=0,0.0868,2
16,n<=32,sr<=70%,kvB<=16k,kp<=1k,0.1664,2
16,n<=32,sr<=70%,kvB<=16k,kp<=2k,0.1644,2
16,n<=32,sr<=70%,kvB<=16k,kp<=4k,0.1337,2
16,n<=32,sr<=70%,kvB<=16k,kp<=512,0.1858,2
16,n<=32,sr<=70%,kvB<=16k,kp<=8k,0.1357,2
16,n<=32,sr<=70%,kvB<=16k,kp=0,0.1973,2
16,n<=32,sr<=70%,kvB<=1k,kp<=1k,0.209,2
16,n<=32,sr<=70%,kvB<=1k,kp<=2k,0.229,2
16,n<=32,sr<=70%,kvB<=1k,kp<=4k,0.2425,2
16,n<=32,sr<=70%,kvB<=1k,kp<=512,0.1935,2
16,n<=32,sr<=70%,kvB<=1k,kp<=8k,0.2193,2
16,n<=32,sr<=70%,kvB<=1k,kp=0,0.3162,2
16,n<=32,sr<=70%,kvB<=4k,kp<=1k,0.2185,2
16,n<=32,sr<=70%,kvB<=4k,kp<=2k,0.2565,2
16,n<=32,sr<=70%,kvB<=4k,kp<=4k,0.2312,2
16,n<=32,sr<=70%,kvB<=4k,kp<=512,0.3991,2
16,n<=32,sr<=70%,kvB<=4k,kp<=8k,0.2295,2
16,n<=32,sr<=70%,kvB<=4k,kp=0,0.4622,2
16,n<=32,sr>70%,kvB<=16k,kp<=1k,0.3667,4
16,n<=32,sr>70%,kvB<=16k,kp<=2k,0.4039,4
16,n<=32,sr>70%,kvB<=16k,kp<=4k,0.3058,4
16,n<=32,sr>70%,kvB<=16k,kp<=512,0.4187,4
16,n<=32,sr>70%,kvB<=16k,kp<=8k,0.2759,4
16,n<=32,sr>70%,kvB<=16k,kp=0,0.4543,4
16,n<=32,sr>70%,kvB<=1k,kp<=1k,0.544,4
16,n<=32,sr>70%,kvB<=1k,kp<=2k,0.4044,4
16,n<=32,sr>70%,kvB<=1k,kp<=4k,0.3994,4
16,n<=32,sr>70%,kvB<=1k,kp<=512,0.4775,4
16,n<=32,sr>70%,kvB<=1k,kp<=8k,0.5139,4
16,n<=32,sr>70%,kvB<=1k,kp=0,1.053,4
16,n<=32,sr>70%,kvB<=4k,kp<=1k,0.5564,4
16,n<=32,sr>70%,kvB<=4k,kp<=2k,0.5109,4
16,n<=32,sr>70%,kvB<=4k,kp<=4k,0.5546,4
16,n<=32,sr>70%,kvB<=4k,kp<=512,0.9973,4
16,n<=32,sr>70%,kvB<=4k,kp<=8k,0.407,4
16,n<=32,sr>70%,kvB<=4k,kp=0,1.1583,4
16,n<=4,sr<=40%,kvB<=16k,kp<=1k,0.3058,2
16,n<=4,sr<=40%,kvB<=16k,kp<=2k,0.2235,2
16,n<=4,sr<=40%,kvB<=16k,kp<=4k,0.2858,2
16,n<=4,sr<=40%,kvB<=16k,kp<=512,0.4144,2
16,n<=4,sr<=40%,kvB<=16k,kp<=8k,0.2164,2
16,n<=4,sr<=40%,kvB<=16k,kp=0,0.5203,2
16,n<=4,sr<=40%,kvB<=1k,kp<=1k,0.1711,2
16,n<=4,sr<=40%,kvB<=1k,kp<=2k,0.3244,2
16,n<=4,sr<=40%,kvB<=1k,kp<=4k,0.3269,2
16,n<=4,sr<=40%,kvB<=1k,kp<=512,0.2849,2
16,n<=4,sr<=40%,kvB<=1k,kp<=8k,0.3155,2
16,n<=4,sr<=40%,kvB<=1k,kp=0,0.2818,5
16,n<=4,sr<=40%,kvB<=4k,kp<=1k,0.2938,2
16,n<=4,sr<=40%,kvB<=4k,kp<=2k,0.206,2
16,n<=4,sr<=40%,kvB<=4k,kp<=4k,0.0826,2
16,n<=4,sr<=40%,kvB<=4k,kp<=512,0.2256,2
16,n<=4,sr<=40%,kvB<=4k,kp<=8k,0.1549,2
16,n<=4,sr<=40%,kvB<=4k,kp=0,0.3917,3
16,n<=4,sr<=70%,kvB<=16k,kp<=1k,0.6197,2
16,n<=4,sr<=70%,kvB<=16k,kp<=2k,0.3719,2
16,n<=4,sr<=70%,kvB<=16k,kp<=4k,0.1889,2
16,n<=4,sr<=70%,kvB<=16k,kp<=512,0.7993,2
16,n<=4,sr<=70%,kvB<=16k,kp<=8k,0.1172,2
16,n<=4,sr<=70%,kvB<=16k,kp=0,0.9588,2
16,n<=4,sr<=70%,kvB<=1k,kp<=1k,0.0719,2
16,n<=4,sr<=70%,kvB<=1k,kp<=2k,0.5218,2
16,n<=4,sr<=70%,kvB<=1k,kp<=4k,0.5238,2
16,n<=4,sr<=70%,kvB<=1k,kp<=512,0.2936,2
16,n<=4,sr<=70%,kvB<=1k,kp<=8k,0.4475,2
16,n<=4,sr<=70%,kvB<=1k,kp=0,0.2242,4
16,n<=4,sr<=70%,kvB<=4k,kp<=1k,0.1321,2
16,n<=4,sr<=70%,kvB<=4k,kp<=2k,0.1552,2
16,n<=4,sr<=70%,kvB<=4k,kp<=4k,0.0631,2
16,n<=4,sr<=70%,kvB<=4k,kp<=512,0.2259,2
16,n<=4,sr<=70%,kvB<=4k,kp<=8k,0.3598,2
16,n<=4,sr<=70%,kvB<=4k,kp=0,0.7529,2
16,n<=4,sr>70%,kvB<=16k,kp<=1k,0.5277,2
16,n<=4,sr>70%,kvB<=16k,kp<=2k,0.2238,2
16,n<=4,sr>70%,kvB<=16k,kp<=4k,-0.0709,2
16,n<=4,sr>70%,kvB<=16k,kp<=512,0.7915,2
16,n<=4,sr>70%,kvB<=16k,kp<=8k,0.1859,2
16,n<=4,sr>70%,kvB<=16k,kp=0,0.9615,2
16,n<=4,sr>70%,kvB<=1k,kp<=1k,0.687,2
16,n<=4,sr>70%,kvB<=1k,kp<=2k,0.6662,2
16,n<=4,sr>70%,kvB<=1k,kp<=4k,0.7802,2
16,n<=4,sr>70%,kvB<=1k,kp<=512,0.356,2
16,n<=4,sr>70%,kvB<=1k,kp<=8k,0.6806,2
16,n<=4,sr>70%,kvB<=1k,kp=0,0.0761,2
16,n<=4,sr>70%,kvB<=4k,kp<=1k,-0.1307,2
16,n<=4,sr>70%,kvB<=4k,kp<=2k,0.2363,2
16,n<=4,sr>70%,kvB<=4k,kp<=4k,0.572,2
16,n<=4,sr>70%,kvB<=4k,kp<=512,-0.0251,2
16,n<=4,sr>70%,kvB<=4k,kp<=8k,0.7453,2
16,n<=4,sr>70%,kvB<=4k,kp=0,0.7324,2
16,n<=64,sr<=15%,kvB<=16k,kp<=1k,0.0094,4
16,n<=64,sr<=15%,kvB<=16k,kp<=2k,0.0088,4
16,n<=64,sr<=15%,kvB<=16k,kp<=4k,0.0087,4
16,n<=64,sr<=15%,kvB<=16k,kp<=512,0.0083,4
16,n<=64,sr<=15%,kvB<=16k,kp<=8k,0.0075,4
16,n<=64,sr<=15%,kvB<=16k,kp=0,0.0088,4
16,n<=64,sr<=15%,kvB<=1k,kp<=1k,0.0331,4
16,n<=64,sr<=15%,kvB<=1k,kp<=2k,0.0301,4
16,n<=64,sr<=15%,kvB<=1k,kp<=4k,0.0282,4
16,n<=64,sr<=15%,kvB<=1k,kp<=512,0.0399,4
16,n<=64,sr<=15%,kvB<=1k,kp<=8k,0.0373,4
16,n<=64,sr<=15%,kvB<=1k,kp=0,0.0365,4
16,n<=64,sr<=15%,kvB<=4k,kp<=1k,0.0104,4
16,n<=64,sr<=15%,kvB<=4k,kp<=2k,0.007,4
16,n<=64,sr<=15%,kvB<=4k,kp<=4k,0.001,4
16,n<=64,sr<=15%,kvB<=4k,kp<=512,0.0106,4
16,n<=64,sr<=15%,kvB<=4k,kp<=8k,-0.0003,4
16,n<=64,sr<=15%,kvB<=4k,kp=0,0.0095,4
16,n<=64,sr<=40%,kvB<=16k,kp<=1k,0.0028,2
16,n<=64,sr<=40%,kvB<=16k,kp<=2k,0.0041,2
16,n<=64,sr<=40%,kvB<=16k,kp<=4k,0.004,2
16,n<=64,sr<=40%,kvB<=16k,kp<=512,0.0041,2
16,n<=64,sr<=40%,kvB<=16k,kp<=8k,0.0036,2
16,n<=64,sr<=40%,kvB<=16k,kp=0,0.0029,2
16,n<=64,sr<=40%,kvB<=1k,kp<=1k,0.0342,2
16,n<=64,sr<=40%,kvB<=1k,kp<=2k,0.0267,2
16,n<=64,sr<=40%,kvB<=1k,kp<=4k,0.0255,2
16,n<=64,sr<=40%,kvB<=1k,kp<=512,0.0411,2
16,n<=64,sr<=40%,kvB<=1k,kp<=8k,0.0313,2
16,n<=64,sr<=40%,kvB<=1k,kp=0,0.0409,2
16,n<=64,sr<=40%,kvB<=4k,kp<=1k,0.0008,2
16,n<=64,sr<=40%,kvB<=4k,kp<=2k,0.0001,2
16,n<=64,sr<=40%,kvB<=4k,kp<=4k,-0.0008,2
16,n<=64,sr<=40%,kvB<=4k,kp<=512,0.0,2
16,n<=64,sr<=40%,kvB<=4k,kp<=8k,-0.0045,2
16,n<=64,sr<=40%,kvB<=4k,kp=0,-0.0008,2
16,n<=64,sr<=5%,kvB<=16k,kp<=1k,0.0108,6
16,n<=64,sr<=5%,kvB<=16k,kp<=2k,0.0112,6
16,n<=64,sr<=5%,kvB<=16k,kp<=4k,0.0108,6
16,n<=64,sr<=5%,kvB<=16k,kp<=512,0.0109,6
16,n<=64,sr<=5%,kvB<=16k,kp<=8k,0.0089,6
16,n<=64,sr<=5%,kvB<=16k,kp=0,0.0113,6
16,n<=64,sr<=5%,kvB<=1k,kp<=1k,0.0136,6
16,n<=64,sr<=5%,kvB<=1k,kp<=2k,0.0121,6
16,n<=64,sr<=5%,kvB<=1k,kp<=4k,0.0095,6
16,n<=64,sr<=5%,kvB<=1k,kp<=512,0.02,6
16,n<=64,sr<=5%,kvB<=1k,kp<=8k,0.0165,6
16,n<=64,sr<=5%,kvB<=1k,kp=0,0.0119,6
16,n<=64,sr<=5%,kvB<=4k,kp<=1k,0.0121,6
16,n<=64,sr<=5%,kvB<=4k,kp<=2k,0.01,6
16,n<=64,sr<=5%,kvB<=4k,kp<=4k,0.0006,6
16,n<=64,sr<=5%,kvB<=4k,kp<=512,0.0123,6
16,n<=64,sr<=5%,kvB<=4k,kp<=8k,0.0005,6
16,n<=64,sr<=5%,kvB<=4k,kp=0,0.012,6
16,n<=64,sr<=70%,kvB<=16k,kp<=1k,-0.0008,2
16,n<=64,sr<=70%,kvB<=16k,kp<=2k,-0.0003,2
16,n<=64,sr<=70%,kvB<=16k,kp<=4k,-0.0024,2
16,n<=64,sr<=70%,kvB<=16k,kp<=512,-0.0018,2
16,n<=64,sr<=70%,kvB<=16k,kp<=8k,0.0044,2
16,n<=64,sr<=70%,kvB<=16k,kp=0,-0.0004,2
16,n<=64,sr<=70%,kvB<=1k,kp<=1k,0.0013,2
16,n<=64,sr<=70%,kvB<=1k,kp<=2k,-0.0006,2
16,n<=64,sr<=70%,kvB<=1k,kp<=4k,-0.0096,2
16,n<=64,sr<=70%,kvB<=1k,kp<=512,-0.0048,2
16,n<=64,sr<=70%,kvB<=1k,kp<=8k,0.0127,2
16,n<=64,sr<=70%,kvB<=1k,kp=0,0.0034,2
16,n<=64,sr<=70%,kvB<=4k,kp<=1k,-0.0011,2
16,n<=64,sr<=70%,kvB<=4k,kp<=2k,-0.0001,2
16,n<=64,sr<=70%,kvB<=4k,kp<=4k,-0.0009,2
16,n<=64,sr<=70%,kvB<=4k,kp<=512,-0.0008,2
16,n<=64,sr<=70%,kvB<=4k,kp<=8k,-0.0053,2
16,n<=64,sr<=70%,kvB<=4k,kp=0,-0.0018,2
16,n<=64,sr>70%,kvB<=16k,kp<=1k,-0.0148,4
16,n<=64,sr>70%,kvB<=16k,kp<=2k,-0.0109,4
16,n<=64,sr>70%,kvB<=16k,kp<=4k,-0.0093,4
16,n<=64,sr>70%,kvB<=16k,kp<=512,-0.0104,4
16,n<=64,sr>70%,kvB<=16k,kp<=8k,-0.0027,4
16,n<=64,sr>70%,kvB<=16k,kp=0,-0.0089,4
16,n<=64,sr>70%,kvB<=1k,kp<=1k,0.035,4
16,n<=64,sr>70%,kvB<=1k,kp<=2k,0.0423,4
16,n<=64,sr>70%,kvB<=1k,kp<=4k,0.0668,4
16,n<=64,sr>70%,kvB<=1k,kp<=512,0.0427,4
16,n<=64,sr>70%,kvB<=1k,kp<=8k,0.0824,4
16,n<=64,sr>70%,kvB<=1k,kp=0,0.0368,4
16,n<=64,sr>70%,kvB<=4k,kp<=1k,-0.0136,4
16,n<=64,sr>70%,kvB<=4k,kp<=2k,-0.0043,4
16,n<=64,sr>70%,kvB<=4k,kp<=4k,-0.0113,4
16,n<=64,sr>70%,kvB<=4k,kp<=512,-0.0155,4
16,n<=64,sr>70%,kvB<=4k,kp<=8k,0.0052,4
16,n<=64,sr>70%,kvB<=4k,kp=0,-0.0123,4
16,n<=8,sr<=15%,kvB<=16k,kp<=1k,0.1897,2
16,n<=8,sr<=15%,kvB<=16k,kp<=2k,0.1711,2
16,n<=8,sr<=15%,kvB<=16k,kp<=4k,0.1548,2
16,n<=8,sr<=15%,kvB<=16k,kp<=512,0.1979,2
16,n<=8,sr<=15%,kvB<=16k,kp<=8k,0.0889,2
16,n<=8,sr<=15%,kvB<=16k,kp=0,0.2251,2
16,n<=8,sr<=15%,kvB<=1k,kp<=1k,0.0465,2
16,n<=8,sr<=15%,kvB<=1k,kp<=2k,0.1253,2
16,n<=8,sr<=15%,kvB<=1k,kp<=4k,0.0957,2
16,n<=8,sr<=15%,kvB<=1k,kp<=512,0.191,2
16,n<=8,sr<=15%,kvB<=1k,kp<=8k,0.0931,2
16,n<=8,sr<=15%,kvB<=1k,kp=0,0.2438,5
16,n<=8,sr<=15%,kvB<=4k,kp<=1k,0.1906,2
16,n<=8,sr<=15%,kvB<=4k,kp<=2k,0.1003,2
16,n<=8,sr<=15%,kvB<=4k,kp<=4k,-0.0437,2
16,n<=8,sr<=15%,kvB<=4k,kp<=512,0.183,2
16,n<=8,sr<=15%,kvB<=4k,kp<=8k,0.0074,2
16,n<=8,sr<=15%,kvB<=4k,kp=0,0.2145,3
16,n<=8,sr<=40%,kvB<=16k,kp<=1k,0.2612,4
16,n<=8,sr<=40%,kvB<=16k,kp<=2k,0.2081,4
16,n<=8,sr<=40%,kvB<=16k,kp<=4k,0.1134,4
16,n<=8,sr<=40%,kvB<=16k,kp<=512,0.2968,4
16,n<=8,sr<=40%,kvB<=16k,kp<=8k,0.1351,4
16,n<=8,sr<=40%,kvB<=16k,kp=0,0.3163,4
16,n<=8,sr<=40%,kvB<=1k,kp<=1k,0.0741,4
16,n<=8,sr<=40%,kvB<=1k,kp<=2k,0.0543,4
16,n<=8,sr<=40%,kvB<=1k,kp<=4k,0.1077,4
16,n<=8,sr<=40%,kvB<=1k,kp<=512,0.1944,4
16,n<=8,sr<=40%,kvB<=1k,kp<=8k,0.1013,4
16,n<=8,sr<=40%,kvB<=1k,kp=0,0.2192,4
16,n<=8,sr<=40%,kvB<=4k,kp<=1k,0.1177,4
16,n<=8,sr<=40%,kvB<=4k,kp<=2k,0.1391,4
16,n<=8,sr<=40%,kvB<=4k,kp<=4k,-0.0013,4
16,n<=8,sr<=40%,kvB<=4k,kp<=512,0.1473,4
16,n<=8,sr<=40%,kvB<=4k,kp<=8k,-0.0215,4
16,n<=8,sr<=40%,kvB<=4k,kp=0,0.2765,4
16,n<=8,sr<=70%,kvB<=16k,kp<=1k,0.4022,2
16,n<=8,sr<=70%,kvB<=16k,kp<=2k,0.3042,2
16,n<=8,sr<=70%,kvB<=16k,kp<=4k,0.175,2
16,n<=8,sr<=70%,kvB<=16k,kp<=512,0.3488,2
16,n<=8,sr<=70%,kvB<=16k,kp<=8k,0.1304,2
16,n<=8,sr<=70%,kvB<=16k,kp=0,0.336,2
16,n<=8,sr<=70%,kvB<=1k,kp<=1k,0.0278,2
16,n<=8,sr<=70%,kvB<=1k,kp<=2k,-0.0719,2
16,n<=8,sr<=70%,kvB<=1k,kp<=4k,0.1056,2
16,n<=8,sr<=70%,kvB<=1k,kp<=512,0.1454,2
16,n<=8,sr<=70%,kvB<=1k,kp<=8k,0.078,2
16,n<=8,sr<=70%,kvB<=1k,kp=0,0.199,2
16,n<=8,sr<=70%,kvB<=4k,kp<=1k,0.0905,2
16,n<=8,sr<=70%,kvB<=4k,kp<=2k,0.1234,2
16,n<=8,sr<=70%,kvB<=4k,kp<=4k,-0.0115,2
16,n<=8,sr<=70%,kvB<=4k,kp<=512,0.2033,2
16,n<=8,sr<=70%,kvB<=4k,kp<=8k,-0.1427,2
16,n<=8,sr<=70%,kvB<=4k,kp=0,0.3412,2
16,n<=8,sr>70%,kvB<=16k,kp<=1k,0.8702,4
16,n<=8,sr>70%,kvB<=16k,kp<=2k,0.6592,4
16,n<=8,sr>70%,kvB<=16k,kp<=4k,0.152,4
16,n<=8,sr>70%,kvB<=16k,kp<=512,1.0774,4
16,n<=8,sr>70%,kvB<=16k,kp<=8k,0.2459,4
16,n<=8,sr>70%,kvB<=16k,kp=0,1.1102,4
16,n<=8,sr>70%,kvB<=1k,kp<=1k,0.2634,4
16,n<=8,sr>70%,kvB<=1k,kp<=2k,0.2249,4
16,n<=8,sr>70%,kvB<=1k,kp<=4k,0.1033,4
16,n<=8,sr>70%,kvB<=1k,kp<=512,0.1879,4
16,n<=8,sr>70%,kvB<=1k,kp<=8k,0.385,4
16,n<=8,sr>70%,kvB<=1k,kp=0,0.4145,4
16,n<=8,sr>70%,kvB<=4k,kp<=1k,0.0868,4
16,n<=8,sr>70%,kvB<=4k,kp<=2k,-0.0352,4
16,n<=8,sr>70%,kvB<=4k,kp<=4k,0.1687,4
16,n<=8,sr>70%,kvB<=4k,kp<=512,0.4533,4
16,n<=8,sr>70%,kvB<=4k,kp<=8k,0.0917,4
16,n<=8,sr>70%,kvB<=4k,kp=0,0.7828,4
32,n<=128,sr<=15%,kvB<=16k,kp<=1k,0.0004,4
32,n<=128,sr<=15%,kvB<=16k,kp<=2k,0.0008,4
32,n<=128,sr<=15%,kvB<=16k,kp<=4k,0.001,4
32,n<=128,sr<=15%,kvB<=16k,kp<=512,0.001,4
32,n<=128,sr<=15%,kvB<=16k,kp<=8k,0.0007,4
32,n<=128,sr<=15%,kvB<=16k,kp=0,0.0004,4
32,n<=128,sr<=15%,kvB<=1k,kp<=1k,0.0278,4
32,n<=128,sr<=15%,kvB<=1k,kp<=2k,0.0264,4
32,n<=128,sr<=15%,kvB<=1k,kp<=4k,0.0298,4
32,n<=128,sr<=15%,kvB<=1k,kp<=512,0.0307,4
32,n<=128,sr<=15%,kvB<=1k,kp<=8k,0.0245,4
32,n<=128,sr<=15%,kvB<=1k,kp=0,0.0328,4
32,n<=128,sr<=15%,kvB<=4k,kp<=1k,0.0015,4
32,n<=128,sr<=15%,kvB<=4k,kp<=2k,0.0015,4
32,n<=128,sr<=15%,kvB<=4k,kp<=4k,0.0009,4
32,n<=128,sr<=15%,kvB<=4k,kp<=512,0.0015,4
32,n<=128,sr<=15%,kvB<=4k,kp<=8k,-0.0002,4
32,n<=128,sr<=15%,kvB<=4k,kp=0,0.0015,4
32,n<=128,sr<=40%,kvB<=16k,kp<=1k,-0.0013,2
32,n<=128,sr<=40%,kvB<=16k,kp<=2k,-0.0009,2
32,n<=128,sr<=40%,kvB<=16k,kp<=4k,-0.001,2
32,n<=128,sr<=40%,kvB<=16k,kp<=512,-0.0011,2
32,n<=128,sr<=40%,kvB<=16k,kp<=8k,-0.0014,2
32,n<=128,sr<=40%,kvB<=16k,kp=0,-0.001,2
32,n<=128,sr<=40%,kvB<=1k,kp<=1k,0.0604,2
32,n<=128,sr<=40%,kvB<=1k,kp<=2k,0.0575,2
32,n<=128,sr<=40%,kvB<=1k,kp<=4k,0.0553,2
32,n<=128,sr<=40%,kvB<=1k,kp<=512,0.0657,2
32,n<=128,sr<=40%,kvB<=1k,kp<=8k,0.0639,2
32,n<=128,sr<=40%,kvB<=1k,kp=0,0.0633,2
32,n<=128,sr<=40%,kvB<=4k,kp<=1k,-0.0017,2
32,n<=128,sr<=40%,kvB<=4k,kp<=2k,-0.0015,2
32,n<=128,sr<=40%,kvB<=4k,kp<=4k,-0.0017,2
32,n<=128,sr<=40%,kvB<=4k,kp<=512,-0.0,2
32,n<=128,sr<=40%,kvB<=4k,kp<=8k,0.0023,2
32,n<=128,sr<=40%,kvB<=4k,kp=0,-0.0005,2
32,n<=128,sr<=5%,kvB<=16k,kp<=1k,0.0024,8
32,n<=128,sr<=5%,kvB<=16k,kp<=2k,0.0024,8
32,n<=128,sr<=5%,kvB<=16k,kp<=4k,0.0022,8
32,n<=128,sr<=5%,kvB<=16k,kp<=512,0.0022,8
32,n<=128,sr<=5%,kvB<=16k,kp<=8k,0.0019,8
32,n<=128,sr<=5%,kvB<=16k,kp=0,0.0021,8
32,n<=128,sr<=5%,kvB<=1k,kp<=1k,0.0055,8
32,n<=128,sr<=5%,kvB<=1k,kp<=2k,0.0003,8
32,n<=128,sr<=5%,kvB<=1k,kp<=4k,0.0045,8
32,n<=128,sr<=5%,kvB<=1k,kp<=512,0.0047,8
32,n<=128,sr<=5%,kvB<=1k,kp<=8k,0.0057,8
32,n<=128,sr<=5%,kvB<=1k,kp=0,0.011,8
32,n<=128,sr<=5%,kvB<=4k,kp<=1k,0.0027,8
32,n<=128,sr<=5%,kvB<=4k,kp<=2k,0.0022,8
32,n<=128,sr<=5%,kvB<=4k,kp<=4k,0.0015,8
32,n<=128,sr<=5%,kvB<=4k,kp<=512,0.0034,8
32,n<=128,sr<=5%,kvB<=4k,kp<=8k,0.0007,8
32,n<=128,sr<=5%,kvB<=4k,kp=0,0.0028,8
32,n<=128,sr<=70%,kvB<=16k,kp<=1k,-0.0035,2
32,n<=128,sr<=70%,kvB<=16k,kp<=2k,-0.0036,2
32,n<=128,sr<=70%,kvB<=16k,kp<=4k,-0.0025,2
32,n<=128,sr<=70%,kvB<=16k,kp<=512,-0.0037,2
32,n<=128,sr<=70%,kvB<=16k,kp<=8k,-0.0001,2
32,n<=128,sr<=70%,kvB<=16k,kp=0,-0.0042,2
32,n<=128,sr<=70%,kvB<=1k,kp<=1k,0.0822,2
32,n<=128,sr<=70%,kvB<=1k,kp<=2k,0.074,2
32,n<=128,sr<=70%,kvB<=1k,kp<=4k,0.0679,2
32,n<=128,sr<=70%,kvB<=1k,kp<=512,0.0807,2
32,n<=128,sr<=70%,kvB<=1k,kp<=8k,0.0573,2
32,n<=128,sr<=70%,kvB<=1k,kp=0,0.0914,2
32,n<=128,sr<=70%,kvB<=4k,kp<=1k,-0.0023,2
32,n<=128,sr<=70%,kvB<=4k,kp<=2k,0.0016,2
32,n<=128,sr<=70%,kvB<=4k,kp<=4k,0.0058,2
32,n<=128,sr<=70%,kvB<=4k,kp<=512,-0.0049,2
32,n<=128,sr<=70%,kvB<=4k,kp<=8k,0.0059,2
32,n<=128,sr<=70%,kvB<=4k,kp=0,-0.0039,2
32,n<=128,sr>70%,kvB<=16k,kp<=1k,-0.003,4
32,n<=128,sr>70%,kvB<=16k,kp<=2k,-0.002,4
32,n<=128,sr>70%,kvB<=16k,kp<=4k,-0.0023,4
32,n<=128,sr>70%,kvB<=16k,kp<=512,-0.0013,4
32,n<=128,sr>70%,kvB<=16k,kp<=8k,0.0018,4
32,n<=128,sr>70%,kvB<=16k,kp=0,-0.0036,4
32,n<=128,sr>70%,kvB<=1k,kp<=1k,0.0576,4
32,n<=128,sr>70%,kvB<=1k,kp<=2k,0.0542,4
32,n<=128,sr>70%,kvB<=1k,kp<=4k,0.0797,4
32,n<=128,sr>70%,kvB<=1k,kp<=512,0.074,4
32,n<=128,sr>70%,kvB<=1k,kp<=8k,0.1034,4
32,n<=128,sr>70%,kvB<=1k,kp=0,0.0758,4
32,n<=128,sr>70%,kvB<=4k,kp<=1k,-0.0031,4
32,n<=128,sr>70%,kvB<=4k,kp<=2k,0.0005,4
32,n<=128,sr>70%,kvB<=4k,kp<=4k,-0.005,4
32,n<=128,sr>70%,kvB<=4k,kp<=512,-0.0041,4
32,n<=128,sr>70%,kvB<=4k,kp<=8k,-0.0006,4
32,n<=128,sr>70%,kvB<=4k,kp=0,-0.0051,4
32,n<=16,sr<=15%,kvB<=16k,kp<=1k,0.1199,4
32,n<=16,sr<=15%,kvB<=16k,kp<=2k,0.0921,4
32,n<=16,sr<=15%,kvB<=16k,kp<=4k,0.0492,4
32,n<=16,sr<=15%,kvB<=16k,kp<=512,0.1289,4
32,n<=16,sr<=15%,kvB<=16k,kp<=8k,0.0159,4
32,n<=16,sr<=15%,kvB<=16k,kp=0,0.115,4
32,n<=16,sr<=15%,kvB<=1k,kp<=1k,0.0469,4
32,n<=16,sr<=15%,kvB<=1k,kp<=2k,0.0658,4
32,n<=16,sr<=15%,kvB<=1k,kp<=4k,0.0737,4
32,n<=16,sr<=15%,kvB<=1k,kp<=512,0.1192,4
32,n<=16,sr<=15%,kvB<=1k,kp<=8k,0.0581,4
32,n<=16,sr<=15%,kvB<=1k,kp=0,0.1393,4
32,n<=16,sr<=15%,kvB<=4k,kp<=1k,0.1015,4
32,n<=16,sr<=15%,kvB<=4k,kp<=2k,0.0564,4
32,n<=16,sr<=15%,kvB<=4k,kp<=4k,0.0105,4
32,n<=16,sr<=15%,kvB<=4k,kp<=512,0.1214,4
32,n<=16,sr<=15%,kvB<=4k,kp<=8k,0.031,4
32,n<=16,sr<=15%,kvB<=4k,kp=0,0.1302,4
32,n<=16,sr<=40%,kvB<=16k,kp<=1k,0.1433,4
32,n<=16,sr<=40%,kvB<=16k,kp<=2k,0.1081,4
32,n<=16,sr<=40%,kvB<=16k,kp<=4k,0.075,4
32,n<=16,sr<=40%,kvB<=16k,kp<=512,0.2005,4
32,n<=16,sr<=40%,kvB<=16k,kp<=8k,0.0132,4
32,n<=16,sr<=40%,kvB<=16k,kp=0,0.1768,4
32,n<=16,sr<=40%,kvB<=1k,kp<=1k,0.0731,4
32,n<=16,sr<=40%,kvB<=1k,kp<=2k,0.0666,4
32,n<=16,sr<=40%,kvB<=1k,kp<=4k,0.06,4
32,n<=16,sr<=40%,kvB<=1k,kp<=512,0.1289,4
32,n<=16,sr<=40%,kvB<=1k,kp<=8k,0.0673,4
32,n<=16,sr<=40%,kvB<=1k,kp=0,0.153,4
32,n<=16,sr<=40%,kvB<=4k,kp<=1k,0.1078,4
32,n<=16,sr<=40%,kvB<=4k,kp<=2k,0.0884,4
32,n<=16,sr<=40%,kvB<=4k,kp<=4k,0.0601,4
32,n<=16,sr<=40%,kvB<=4k,kp<=512,0.1322,4
32,n<=16,sr<=40%,kvB<=4k,kp<=8k,0.0935,4
32,n<=16,sr<=40%,kvB<=4k,kp=0,0.1708,4
32,n<=16,sr<=70%,kvB<=16k,kp<=1k,0.3953,2
32,n<=16,sr<=70%,kvB<=16k,kp<=2k,0.2806,2
32,n<=16,sr<=70%,kvB<=16k,kp<=4k,0.245,2
32,n<=16,sr<=70%,kvB<=16k,kp<=512,0.4864,2
32,n<=16,sr<=70%,kvB<=16k,kp<=8k,0.2608,2
32,n<=16,sr<=70%,kvB<=16k,kp=0,0.4873,2
32,n<=16,sr<=70%,kvB<=1k,kp<=1k,0.0426,2
32,n<=16,sr<=70%,kvB<=1k,kp<=2k,0.0049,2
32,n<=16,sr<=70%,kvB<=1k,kp<=4k,0.0666,2
32,n<=16,sr<=70%,kvB<=1k,kp<=512,0.0977,2
32,n<=16,sr<=70%,kvB<=1k,kp<=8k,0.1674,2
32,n<=16,sr<=70%,kvB<=1k,kp=0,0.1378,2
32,n<=16,sr<=70%,kvB<=4k,kp<=1k,0.3292,2
32,n<=16,sr<=70%,kvB<=4k,kp<=2k,0.4157,2
32,n<=16,sr<=70%,kvB<=4k,kp<=4k,0.3337,2
32,n<=16,sr<=70%,kvB<=4k,kp<=512,0.4057,2
32,n<=16,sr<=70%,kvB<=4k,kp<=8k,0.4098,2
32,n<=16,sr<=70%,kvB<=4k,kp=0,0.3794,2
32,n<=16,sr>70%,kvB<=16k,kp<=1k,0.8531,4
32,n<=16,sr>70%,kvB<=16k,kp<=2k,0.731,4
32,n<=16,sr>70%,kvB<=16k,kp<=4k,0.4848,4
32,n<=16,sr>70%,kvB<=16k,kp<=512,1.2171,4
32,n<=16,sr>70%,kvB<=16k,kp<=8k,0.4931,4
32,n<=16,sr>70%,kvB<=16k,kp=0,1.1458,4
32,n<=16,sr>70%,kvB<=1k,kp<=1k,0.1825,4
32,n<=16,sr>70%,kvB<=1k,kp<=2k,0.1731,4
32,n<=16,sr>70%,kvB<=1k,kp<=4k,0.2476,4
32,n<=16,sr>70%,kvB<=1k,kp<=512,0.1909,4
32,n<=16,sr>70%,kvB<=1k,kp<=8k,0.3278,4
32,n<=16,sr>70%,kvB<=1k,kp=0,0.387,4
32,n<=16,sr>70%,kvB<=4k,kp<=1k,0.7276,4
32,n<=16,sr>70%,kvB<=4k,kp<=2k,0.7801,4
32,n<=16,sr>70%,kvB<=4k,kp<=4k,1.1172,4
32,n<=16,sr>70%,kvB<=4k,kp<=512,1.2727,4
32,n<=16,sr>70%,kvB<=4k,kp<=8k,1.0264,3
32,n<=16,sr>70%,kvB<=4k,kp=0,1.5255,4
32,n<=2,sr<=70%,kvB<=16k,kp<=1k,0.6081,2
32,n<=2,sr<=70%,kvB<=16k,kp<=2k,0.1497,2
32,n<=2,sr<=70%,kvB<=16k,kp<=4k,0.0747,2
32,n<=2,sr<=70%,kvB<=16k,kp<=512,0.7511,2
32,n<=2,sr<=70%,kvB<=16k,kp<=8k,0.3444,2
32,n<=2,sr<=70%,kvB<=16k,kp=0,0.9282,2
32,n<=2,sr<=70%,kvB<=1k,kp<=1k,0.7396,2
32,n<=2,sr<=70%,kvB<=1k,kp<=2k,0.6273,2
32,n<=2,sr<=70%,kvB<=1k,kp<=4k,0.6006,2
32,n<=2,sr<=70%,kvB<=1k,kp<=512,0.393,2
32,n<=2,sr<=70%,kvB<=1k,kp<=8k,0.283,2
32,n<=2,sr<=70%,kvB<=1k,kp=0,0.0843,2
32,n<=2,sr<=70%,kvB<=4k,kp<=1k,0.086,2
32,n<=2,sr<=70%,kvB<=4k,kp<=2k,0.347,2
32,n<=2,sr<=70%,kvB<=4k,kp<=4k,0.7104,2
32,n<=2,sr<=70%,kvB<=4k,kp<=512,-0.0112,2
32,n<=2,sr<=70%,kvB<=4k,kp<=8k,0.4192,2
32,n<=2,sr<=70%,kvB<=4k,kp=0,0.7943,2
32,n<=32,sr<=15%,kvB<=16k,kp<=1k,0.0585,6
32,n<=32,sr<=15%,kvB<=16k,kp<=2k,0.0483,6
32,n<=32,sr<=15%,kvB<=16k,kp<=4k,0.0398,6
32,n<=32,sr<=15%,kvB<=16k,kp<=512,0.0755,6
32,n<=32,sr<=15%,kvB<=16k,kp<=8k,0.0338,6
32,n<=32,sr<=15%,kvB<=16k,kp=0,0.0764,6
32,n<=32,sr<=15%,kvB<=1k,kp<=1k,0.0585,6
32,n<=32,sr<=15%,kvB<=1k,kp<=2k,0.0548,6
32,n<=32,sr<=15%,kvB<=1k,kp<=4k,0.0434,6
32,n<=32,sr<=15%,kvB<=1k,kp<=512,0.0781,6
32,n<=32,sr<=15%,kvB<=1k,kp<=8k,0.0617,6
32,n<=32,sr<=15%,kvB<=1k,kp=0,0.103,6
32,n<=32,sr<=15%,kvB<=4k,kp<=1k,0.0746,6
32,n<=32,sr<=15%,kvB<=4k,kp<=2k,0.0529,6
32,n<=32,sr<=15%,kvB<=4k,kp<=4k,0.07,6
32,n<=32,sr<=15%,kvB<=4k,kp<=512,0.0827,6
32,n<=32,sr<=15%,kvB<=4k,kp<=8k,0.0536,6
32,n<=32,sr<=15%,kvB<=4k,kp=0,0.1291,6
32,n<=32,sr<=40%,kvB<=16k,kp<=1k,0.075,2
32,n<=32,sr<=40%,kvB<=16k,kp<=2k,0.0656,2
32,n<=32,sr<=40%,kvB<=16k,kp<=4k,0.0673,2
32,n<=32,sr<=40%,kvB<=16k,kp<=512,0.0949,2
32,n<=32,sr<=40%,kvB<=16k,kp<=8k,0.0551,2
32,n<=32,sr<=40%,kvB<=16k,kp=0,0.1018,2
32,n<=32,sr<=40%,kvB<=1k,kp<=1k,0.0715,2
32,n<=32,sr<=40%,kvB<=1k,kp<=2k,0.0786,2
32,n<=32,sr<=40%,kvB<=1k,kp<=4k,0.1057,2
32,n<=32,sr<=40%,kvB<=1k,kp<=512,0.0903,2
32,n<=32,sr<=40%,kvB<=1k,kp<=8k,0.1249,2
32,n<=32,sr<=40%,kvB<=1k,kp=0,0.1493,2
32,n<=32,sr<=40%,kvB<=4k,kp<=1k,0.1095,2
32,n<=32,sr<=40%,kvB<=4k,kp<=2k,0.1386,2
32,n<=32,sr<=40%,kvB<=4k,kp<=4k,0.1118,2
32,n<=32,sr<=40%,kvB<=4k,kp<=512,0.1703,2
32,n<=32,sr<=40%,kvB<=4k,kp<=8k,0.0774,2
32,n<=32,sr<=40%,kvB<=4k,kp=0,0.2264,2
32,n<=32,sr<=5%,kvB<=16k,kp<=1k,0.0489,2
32,n<=32,sr<=5%,kvB<=16k,kp<=2k,0.0448,2
32,n<=32,sr<=5%,kvB<=16k,kp<=4k,0.0395,2
32,n<=32,sr<=5%,kvB<=16k,kp<=512,0.0712,2
32,n<=32,sr<=5%,kvB<=16k,kp<=8k,0.0205,2
32,n<=32,sr<=5%,kvB<=16k,kp=0,0.0591,2
32,n<=32,sr<=5%,kvB<=1k,kp<=1k,0.0161,2
32,n<=32,sr<=5%,kvB<=1k,kp<=2k,0.0137,2
32,n<=32,sr<=5%,kvB<=1k,kp<=4k,-0.002,2
32,n<=32,sr<=5%,kvB<=1k,kp<=512,0.0378,2
32,n<=32,sr<=5%,kvB<=1k,kp<=8k,0.0187,2
32,n<=32,sr<=5%,kvB<=1k,kp=0,0.0583,2
32,n<=32,sr<=5%,kvB<=4k,kp<=1k,0.0575,2
32,n<=32,sr<=5%,kvB<=4k,kp<=2k,0.0383,2
32,n<=32,sr<=5%,kvB<=4k,kp<=4k,0.027,2
32,n<=32,sr<=5%,kvB<=4k,kp<=512,0.0464,2
32,n<=32,sr<=5%,kvB<=4k,kp<=8k,0.0248,2
32,n<=32,sr<=5%,kvB<=4k,kp=0,0.0918,2
32,n<=32,sr<=70%,kvB<=16k,kp<=1k,0.1593,2
32,n<=32,sr<=70%,kvB<=16k,kp<=2k,0.1557,2
32,n<=32,sr<=70%,kvB<=16k,kp<=4k,0.1342,2
32,n<=32,sr<=70%,kvB<=16k,kp<=512,0.1781,2
32,n<=32,sr<=70%,kvB<=16k,kp<=8k,0.1126,2
32,n<=32,sr<=70%,kvB<=16k,kp=0,0.2031,2
32,n<=32,sr<=70%,kvB<=1k,kp<=1k,0.1815,2
32,n<=32,sr<=70%,kvB<=1k,kp<=2k,0.2274,2
32,n<=32,sr<=70%,kvB<=1k,kp<=4k,0.2102,2
32,n<=32,sr<=70%,kvB<=1k,kp<=512,0.1737,2
32,n<=32,sr<=70%,kvB<=1k,kp<=8k,0.1888,2
32,n<=32,sr<=70%,kvB<=1k,kp=0,0.2718,2
32,n<=32,sr<=70%,kvB<=4k,kp<=1k,0.2261,2
32,n<=32,sr<=70%,kvB<=4k,kp<=2k,0.2564,2
32,n<=32,sr<=70%,kvB<=4k,kp<=4k,0.2194,2
32,n<=32,sr<=70%,kvB<=4k,kp<=512,0.3881,2
32,n<=32,sr<=70%,kvB<=4k,kp<=8k,0.2283,2
32,n<=32,sr<=70%,kvB<=4k,kp=0,0.518,2
32,n<=32,sr>70%,kvB<=16k,kp<=1k,0.4034,4
32,n<=32,sr>70%,kvB<=16k,kp<=2k,0.3725,4
32,n<=32,sr>70%,kvB<=16k,kp<=4k,0.3142,4
32,n<=32,sr>70%,kvB<=16k,kp<=512,0.435,4
32,n<=32,sr>70%,kvB<=16k,kp<=8k,0.255,4
32,n<=32,sr>70%,kvB<=16k,kp=0,0.4391,4
32,n<=32,sr>70%,kvB<=1k,kp<=1k,0.5538,4
32,n<=32,sr>70%,kvB<=1k,kp<=2k,0.3282,4
32,n<=32,sr>70%,kvB<=1k,kp<=4k,0.4561,4
32,n<=32,sr>70%,kvB<=1k,kp<=512,0.5046,4
32,n<=32,sr>70%,kvB<=1k,kp<=8k,0.5659,4
32,n<=32,sr>70%,kvB<=1k,kp=0,1.0599,4
32,n<=32,sr>70%,kvB<=4k,kp<=1k,0.5206,4
32,n<=32,sr>70%,kvB<=4k,kp<=2k,0.4938,4
32,n<=32,sr>70%,kvB<=4k,kp<=4k,0.5664,4
32,n<=32,sr>70%,kvB<=4k,kp<=512,0.9773,4
32,n<=32,sr>70%,kvB<=4k,kp<=8k,0.4221,4
32,n<=32,sr>70%,kvB<=4k,kp=0,1.2613,4
32,n<=4,sr<=40%,kvB<=16k,kp<=1k,0.3041,2
32,n<=4,sr<=40%,kvB<=16k,kp<=2k,0.2137,2
32,n<=4,sr<=40%,kvB<=16k,kp<=4k,0.2863,2
32,n<=4,sr<=40%,kvB<=16k,kp<=512,0.3994,2
32,n<=4,sr<=40%,kvB<=16k,kp<=8k,0.2168,2
32,n<=4,sr<=40%,kvB<=16k,kp=0,0.5142,2
32,n<=4,sr<=40%,kvB<=1k,kp<=1k,0.1679,2
32,n<=4,sr<=40%,kvB<=1k,kp<=2k,0.3398,2
32,n<=4,sr<=40%,kvB<=1k,kp<=4k,0.2895,2
32,n<=4,sr<=40%,kvB<=1k,kp<=512,0.2853,2
32,n<=4,sr<=40%,kvB<=1k,kp<=8k,0.2488,2
32,n<=4,sr<=40%,kvB<=1k,kp=0,0.2831,2
32,n<=4,sr<=40%,kvB<=4k,kp<=1k,0.2931,2
32,n<=4,sr<=40%,kvB<=4k,kp<=2k,0.2038,2
32,n<=4,sr<=40%,kvB<=4k,kp<=4k,0.0857,2
32,n<=4,sr<=40%,kvB<=4k,kp<=512,0.2256,2
32,n<=4,sr<=40%,kvB<=4k,kp<=8k,0.157,2
32,n<=4,sr<=40%,kvB<=4k,kp=0,0.4211,2
32,n<=4,sr<=70%,kvB<=16k,kp<=1k,0.6307,2
32,n<=4,sr<=70%,kvB<=16k,kp<=2k,0.3652,2
32,n<=4,sr<=70%,kvB<=16k,kp<=4k,0.1812,2
32,n<=4,sr<=70%,kvB<=16k,kp<=512,0.8162,2
32,n<=4,sr<=70%,kvB<=16k,kp<=8k,0.1202,2
32,n<=4,sr<=70%,kvB<=16k,kp=0,0.9573,2
32,n<=4,sr<=70%,kvB<=1k,kp<=1k,0.0885,2
32,n<=4,sr<=70%,kvB<=1k,kp<=2k,0.5488,2
32,n<=4,sr<=70%,kvB<=1k,kp<=4k,0.5396,2
32,n<=4,sr<=70%,kvB<=1k,kp<=512,0.3035,2
32,n<=4,sr<=70%,kvB<=1k,kp<=8k,0.5452,2
32,n<=4,sr<=70%,kvB<=1k,kp=0,0.1807,2
32,n<=4,sr<=70%,kvB<=4k,kp<=1k,0.1243,2
32,n<=4,sr<=70%,kvB<=4k,kp<=2k,0.1602,2
32,n<=4,sr<=70%,kvB<=4k,kp<=4k,0.057,2
32,n<=4,sr<=70%,kvB<=4k,kp<=512,0.1913,2
32,n<=4,sr<=70%,kvB<=4k,kp<=8k,0.3715,2
32,n<=4,sr<=70%,kvB<=4k,kp=0,0.7362,2
32,n<=4,sr>70%,kvB<=16k,kp<=1k,0.5826,2
32,n<=4,sr>70%,kvB<=16k,kp<=2k,0.1776,2
32,n<=4,sr>70%,kvB<=16k,kp<=4k,-0.1602,2
32,n<=4,sr>70%,kvB<=16k,kp<=512,0.7453,2
32,n<=4,sr>70%,kvB<=16k,kp<=8k,0.2108,2
32,n<=4,sr>70%,kvB<=16k,kp=0,0.9628,2
32,n<=4,sr>70%,kvB<=1k,kp<=1k,0.6543,2
32,n<=4,sr>70%,kvB<=1k,kp<=2k,0.6035,2
32,n<=4,sr>70%,kvB<=1k,kp<=4k,0.7222,2
32,n<=4,sr>70%,kvB<=1k,kp<=512,0.3811,2
32,n<=4,sr>70%,kvB<=1k,kp<=8k,0.7119,2
32,n<=4,sr>70%,kvB<=1k,kp=0,0.084,2
32,n<=4,sr>70%,kvB<=4k,kp<=1k,-0.1345,2
32,n<=4,sr>70%,kvB<=4k,kp<=2k,0.2653,2
32,n<=4,sr>70%,kvB<=4k,kp<=4k,0.5583,2
32,n<=4,sr>70%,kvB<=4k,kp<=512,0.0342,2
32,n<=4,sr>70%,kvB<=4k,kp<=8k,0.7765,2
32,n<=4,sr>70%,kvB<=4k,kp=0,0.6584,2
32,n<=64,sr<=15%,kvB<=16k,kp<=1k,0.0089,4
32,n<=64,sr<=15%,kvB<=16k,kp<=2k,0.0088,4
32,n<=64,sr<=15%,kvB<=16k,kp<=4k,0.0088,4
32,n<=64,sr<=15%,kvB<=16k,kp<=512,0.0081,4
32,n<=64,sr<=15%,kvB<=16k,kp<=8k,0.0067,4
32,n<=64,sr<=15%,kvB<=16k,kp=0,0.0078,4
32,n<=64,sr<=15%,kvB<=1k,kp<=1k,0.0357,4
32,n<=64,sr<=15%,kvB<=1k,kp<=2k,0.0283,4
32,n<=64,sr<=15%,kvB<=1k,kp<=4k,0.0316,4
32,n<=64,sr<=15%,kvB<=1k,kp<=512,0.0419,4
32,n<=64,sr<=15%,kvB<=1k,kp<=8k,0.0291,4
32,n<=64,sr<=15%,kvB<=1k,kp=0,0.0371,4
32,n<=64,sr<=15%,kvB<=4k,kp<=1k,0.0094,4
32,n<=64,sr<=15%,kvB<=4k,kp<=2k,0.0074,4
32,n<=64,sr<=15%,kvB<=4k,kp<=4k,0.0027,4
32,n<=64,sr<=15%,kvB<=4k,kp<=512,0.0096,4
32,n<=64,sr<=15%,kvB<=4k,kp<=8k,-0.0004,4
32,n<=64,sr<=15%,kvB<=4k,kp=0,0.0101,4
32,n<=64,sr<=40%,kvB<=16k,kp<=1k,0.0051,2
32,n<=64,sr<=40%,kvB<=16k,kp<=2k,0.0048,2
32,n<=64,sr<=40%,kvB<=16k,kp<=4k,0.0038,2
32,n<=64,sr<=40%,kvB<=16k,kp<=512,0.004,2
32,n<=64,sr<=40%,kvB<=16k,kp<=8k,0.0019,2
32,n<=64,sr<=40%,kvB<=16k,kp=0,0.0041,2
32,n<=64,sr<=40%,kvB<=1k,kp<=1k,0.0354,2
32,n<=64,sr<=40%,kvB<=1k,kp<=2k,0.0302,2
32,n<=64,sr<=40%,kvB<=1k,kp<=4k,0.0285,2
32,n<=64,sr<=40%,kvB<=1k,kp<=512,0.0369,2
32,n<=64,sr<=40%,kvB<=1k,kp<=8k,0.0423,2
32,n<=64,sr<=40%,kvB<=1k,kp=0,0.039,2
32,n<=64,sr<=40%,kvB<=4k,kp<=1k,0.0,2
32,n<=64,sr<=40%,kvB<=4k,kp<=2k,0.0001,2
32,n<=64,sr<=40%,kvB<=4k,kp<=4k,-0.0004,2
32,n<=64,sr<=40%,kvB<=4k,kp<=512,0.002,2
32,n<=64,sr<=40%,kvB<=4k,kp<=8k,-0.0048,2
32,n<=64,sr<=40%,kvB<=4k,kp=0,-0.0007,2
32,n<=64,sr<=5%,kvB<=16k,kp<=1k,0.0099,6
32,n<=64,sr<=5%,kvB<=16k,kp<=2k,0.0116,6
32,n<=64,sr<=5%,kvB<=16k,kp<=4k,0.0103,6
32,n<=64,sr<=5%,kvB<=16k,kp<=512,0.0107,6
32,n<=64,sr<=5%,kvB<=16k,kp<=8k,0.009,6
32,n<=64,sr<=5%,kvB<=16k,kp=0,0.0106,6
32,n<=64,sr<=5%,kvB<=1k,kp<=1k,0.0139,6
32,n<=64,sr<=5%,kvB<=1k,kp<=2k,0.019,6
32,n<=64,sr<=5%,kvB<=1k,kp<=4k,0.0079,6
32,n<=64,sr<=5%,kvB<=1k,kp<=512,0.0158,6
32,n<=64,sr<=5%,kvB<=1k,kp<=8k,0.0196,6
32,n<=64,sr<=5%,kvB<=1k,kp=0,0.0172,6
32,n<=64,sr<=5%,kvB<=4k,kp<=1k,0.0118,6
32,n<=64,sr<=5%,kvB<=4k,kp<=2k,0.0095,6
32,n<=64,sr<=5%,kvB<=4k,kp<=4k,0.0008,6
32,n<=64,sr<=5%,kvB<=4k,kp<=512,0.0119,6
32,n<=64,sr<=5%,kvB<=4k,kp<=8k,0.001,6
32,n<=64,sr<=5%,kvB<=4k,kp=0,0.0114,6
32,n<=64,sr<=70%,kvB<=16k,kp<=1k,-0.0028,2
32,n<=64,sr<=70%,kvB<=16k,kp<=2k,-0.0029,2
32,n<=64,sr<=70%,kvB<=16k,kp<=4k,-0.0011,2
32,n<=64,sr<=70%,kvB<=16k,kp<=512,-0.0022,2
32,n<=64,sr<=70%,kvB<=16k,kp<=8k,0.0004,2
32,n<=64,sr<=70%,kvB<=16k,kp=0,0.0005,2
32,n<=64,sr<=70%,kvB<=1k,kp<=1k,0.0031,2
32,n<=64,sr<=70%,kvB<=1k,kp<=2k,0.0009,2
32,n<=64,sr<=70%,kvB<=1k,kp<=4k,-0.0113,2
32,n<=64,sr<=70%,kvB<=1k,kp<=512,-0.0046,2
32,n<=64,sr<=70%,kvB<=1k,kp<=8k,-0.0068,2
32,n<=64,sr<=70%,kvB<=1k,kp=0,0.0039,2
32,n<=64,sr<=70%,kvB<=4k,kp<=1k,-0.0017,2
32,n<=64,sr<=70%,kvB<=4k,kp<=2k,-0.0015,2
32,n<=64,sr<=70%,kvB<=4k,kp<=4k,0.0017,2
32,n<=64,sr<=70%,kvB<=4k,kp<=512,-0.002,2
32,n<=64,sr<=70%,kvB<=4k,kp<=8k,0.0053,2
32,n<=64,sr<=70%,kvB<=4k,kp=0,-0.0046,2
32,n<=64,sr>70%,kvB<=16k,kp<=1k,-0.0093,4
32,n<=64,sr>70%,kvB<=16k,kp<=2k,-0.0051,4
32,n<=64,sr>70%,kvB<=16k,kp<=4k,-0.0046,4
32,n<=64,sr>70%,kvB<=16k,kp<=512,-0.0095,4
32,n<=64,sr>70%,kvB<=16k,kp<=8k,0.001,4
32,n<=64,sr>70%,kvB<=16k,kp=0,-0.011,4
32,n<=64,sr>70%,kvB<=1k,kp<=1k,0.0489,4
32,n<=64,sr>70%,kvB<=1k,kp<=2k,0.0584,4
32,n<=64,sr>70%,kvB<=1k,kp<=4k,0.0575,4
32,n<=64,sr>70%,kvB<=1k,kp<=512,0.0654,4
32,n<=64,sr>70%,kvB<=1k,kp<=8k,0.1353,4
32,n<=64,sr>70%,kvB<=1k,kp=0,0.041,4
32,n<=64,sr>70%,kvB<=4k,kp<=1k,-0.0139,4
32,n<=64,sr>70%,kvB<=4k,kp<=2k,-0.0059,4
32,n<=64,sr>70%,kvB<=4k,kp<=4k,-0.0042,4
32,n<=64,sr>70%,kvB<=4k,kp<=512,-0.0148,4
32,n<=64,sr>70%,kvB<=4k,kp<=8k,0.0081,4
32,n<=64,sr>70%,kvB<=4k,kp=0,-0.0168,4
32,n<=8,sr<=15%,kvB<=16k,kp<=1k,0.1759,2
32,n<=8,sr<=15%,kvB<=16k,kp<=2k,0.1671,2
32,n<=8,sr<=15%,kvB<=16k,kp<=4k,0.1608,2
32,n<=8,sr<=15%,kvB<=16k,kp<=512,0.2004,2
32,n<=8,sr<=15%,kvB<=16k,kp<=8k,0.0906,2
32,n<=8,sr<=15%,kvB<=16k,kp=0,0.2234,2
32,n<=8,sr<=15%,kvB<=1k,kp<=1k,0.0461,2
32,n<=8,sr<=15%,kvB<=1k,kp<=2k,0.1168,2
32,n<=8,sr<=15%,kvB<=1k,kp<=4k,0.099,2
32,n<=8,sr<=15%,kvB<=1k,kp<=512,0.1888,2
32,n<=8,sr<=15%,kvB<=1k,kp<=8k,0.0934,2
32,n<=8,sr<=15%,kvB<=1k,kp=0,0.2213,2
32,n<=8,sr<=15%,kvB<=4k,kp<=1k,0.1883,2
32,n<=8,sr<=15%,kvB<=4k,kp<=2k,0.1005,2
32,n<=8,sr<=15%,kvB<=4k,kp<=4k,-0.0507,2
32,n<=8,sr<=15%,kvB<=4k,kp<=512,0.1801,2
32,n<=8,sr<=15%,kvB<=4k,kp<=8k,0.0085,2
32,n<=8,sr<=15%,kvB<=4k,kp=0,0.2225,2
32,n<=8,sr<=40%,kvB<=16k,kp<=1k,0.2714,4
32,n<=8,sr<=40%,kvB<=16k,kp<=2k,0.2005,4
32,n<=8,sr<=40%,kvB<=16k,kp<=4k,0.1159,4
32,n<=8,sr<=40%,kvB<=16k,kp<=512,0.2887,4
32,n<=8,sr<=40%,kvB<=16k,kp<=8k,0.1433,4
32,n<=8,sr<=40%,kvB<=16k,kp=0,0.3219,4
32,n<=8,sr<=40%,kvB<=1k,kp<=1k,0.0713,4
32,n<=8,sr<=40%,kvB<=1k,kp<=2k,0.0543,4
32,n<=8,sr<=40%,kvB<=1k,kp<=4k,0.1044,4
32,n<=8,sr<=40%,kvB<=1k,kp<=512,0.1944,4
32,n<=8,sr<=40%,kvB<=1k,kp<=8k,0.1014,4
32,n<=8,sr<=40%,kvB<=1k,kp=0,0.2215,4
32,n<=8,sr<=40%,kvB<=4k,kp<=1k,0.1213,4
32,n<=8,sr<=40%,kvB<=4k,kp<=2k,0.1329,4
32,n<=8,sr<=40%,kvB<=4k,kp<=4k,-0.0026,4
32,n<=8,sr<=40%,kvB<=4k,kp<=512,0.1391,4
32,n<=8,sr<=40%,kvB<=4k,kp<=8k,-0.0203,4
32,n<=8,sr<=40%,kvB<=4k,kp=0,0.2708,4
32,n<=8,sr<=70%,kvB<=16k,kp<=1k,0.4016,2
32,n<=8,sr<=70%,kvB<=16k,kp<=2k,0.2911,2
32,n<=8,sr<=70%,kvB<=16k,kp<=4k,0.1898,2
32,n<=8,sr<=70%,kvB<=16k,kp<=512,0.3593,2
32,n<=8,sr<=70%,kvB<=16k,kp<=8k,0.1606,2
32,n<=8,sr<=70%,kvB<=16k,kp=0,0.3304,2
32,n<=8,sr<=70%,kvB<=1k,kp<=1k,0.0254,2
32,n<=8,sr<=70%,kvB<=1k,kp<=2k,-0.0714,2
32,n<=8,sr<=70%,kvB<=1k,kp<=4k,0.1125,2
32,n<=8,sr<=70%,kvB<=1k,kp<=512,0.1436,2
32,n<=8,sr<=70%,kvB<=1k,kp<=8k,0.1221,2
32,n<=8,sr<=70%,kvB<=1k,kp=0,0.2006,2
32,n<=8,sr<=70%,kvB<=4k,kp<=1k,0.0837,2
32,n<=8,sr<=70%,kvB<=4k,kp<=2k,0.1123,2
32,n<=8,sr<=70%,kvB<=4k,kp<=4k,0.0042,2
32,n<=8,sr<=70%,kvB<=4k,kp<=512,0.1775,2
32,n<=8,sr<=70%,kvB<=4k,kp<=8k,-0.1183,2
32,n<=8,sr<=70%,kvB<=4k,kp=0,0.3484,2
32,n<=8,sr>70%,kvB<=16k,kp<=1k,0.9385,4
32,n<=8,sr>70%,kvB<=16k,kp<=2k,0.6208,4
32,n<=8,sr>70%,kvB<=16k,kp<=4k,0.1919,4
32,n<=8,sr>70%,kvB<=16k,kp<=512,1.0456,4
32,n<=8,sr>70%,kvB<=16k,kp<=8k,0.2619,4
32,n<=8,sr>70%,kvB<=16k,kp=0,1.0712,4
32,n<=8,sr>70%,kvB<=1k,kp<=1k,0.267,4
32,n<=8,sr>70%,kvB<=1k,kp<=2k,0.2262,4
32,n<=8,sr>70%,kvB<=1k,kp<=4k,0.0897,4
32,n<=8,sr>70%,kvB<=1k,kp<=512,0.1796,4
32,n<=8,sr>70%,kvB<=1k,kp<=8k,0.3856,4
32,n<=8,sr>70%,kvB<=1k,kp=0,0.4208,4
32,n<=8,sr>70%,kvB<=4k,kp<=1k,0.0776,4
32,n<=8,sr>70%,kvB<=4k,kp<=2k,0.0255,4
32,n<=8,sr>70%,kvB<=4k,kp<=4k,0.2353,4
32,n<=8,sr>70%,kvB<=4k,kp<=512,0.3851,4
32,n<=8,sr>70%,kvB<=4k,kp<=8k,0.0968,4
32,n<=8,sr>70%,kvB<=4k,kp=0,0.7931,4
64,n<=128,sr<=15%,kvB<=16k,kp<=1k,0.001,4
64,n<=128,sr<=15%,kvB<=16k,kp<=2k,0.0007,4
64,n<=128,sr<=15%,kvB<=16k,kp<=4k,0.0007,4
64,n<=128,sr<=15%,kvB<=16k,kp<=512,0.0005,4
64,n<=128,sr<=15%,kvB<=16k,kp<=8k,0.0009,4
64,n<=128,sr<=15%,kvB<=16k,kp=0,0.001,4
64,n<=128,sr<=15%,kvB<=1k,kp<=1k,0.0304,4
64,n<=128,sr<=15%,kvB<=1k,kp<=2k,0.0285,4
64,n<=128,sr<=15%,kvB<=1k,kp<=4k,0.0295,4
64,n<=128,sr<=15%,kvB<=1k,kp<=512,0.0344,4
64,n<=128,sr<=15%,kvB<=1k,kp<=8k,0.0251,4
64,n<=128,sr<=15%,kvB<=1k,kp=0,0.034,4
64,n<=128,sr<=15%,kvB<=4k,kp<=1k,0.0009,4
64,n<=128,sr<=15%,kvB<=4k,kp<=2k,0.0008,4
64,n<=128,sr<=15%,kvB<=4k,kp<=4k,0.0008,4
64,n<=128,sr<=15%,kvB<=4k,kp<=512,0.0014,4
64,n<=128,sr<=15%,kvB<=4k,kp<=8k,0.0009,4
64,n<=128,sr<=15%,kvB<=4k,kp=0,0.0012,4
64,n<=128,sr<=40%,kvB<=16k,kp<=1k,-0.0013,2
64,n<=128,sr<=40%,kvB<=16k,kp<=2k,-0.0011,2
64,n<=128,sr<=40%,kvB<=16k,kp<=4k,-0.0004,2
64,n<=128,sr<=40%,kvB<=16k,kp<=512,-0.0008,2
64,n<=128,sr<=40%,kvB<=16k,kp<=8k,-0.0012,2
64,n<=128,sr<=40%,kvB<=16k,kp=0,-0.0017,2
64,n<=128,sr<=40%,kvB<=1k,kp<=1k,0.0634,2
64,n<=128,sr<=40%,kvB<=1k,kp<=2k,0.0646,2
64,n<=128,sr<=40%,kvB<=1k,kp<=4k,0.0587,2
64,n<=128,sr<=40%,kvB<=1k,kp<=512,0.0653,2
64,n<=128,sr<=40%,kvB<=1k,kp<=8k,0.0564,2
64,n<=128,sr<=40%,kvB<=1k,kp=0,0.0649,2
64,n<=128,sr<=40%,kvB<=4k,kp<=1k,-0.0012,2
64,n<=128,sr<=40%,kvB<=4k,kp<=2k,-0.0017,2
64,n<=128,sr<=40%,kvB<=4k,kp<=4k,-0.0003,2
64,n<=128,sr<=40%,kvB<=4k,kp<=512,-0.0016,2
64,n<=128,sr<=40%,kvB<=4k,kp<=8k,0.0019,2
64,n<=128,sr<=40%,kvB<=4k,kp=0,-0.0005,2
64,n<=128,sr<=5%,kvB<=16k,kp<=1k,0.0023,8
64,n<=128,sr<=5%,kvB<=16k,kp<=2k,0.0024,8
64,n<=128,sr<=5%,kvB<=16k,kp<=4k,0.0022,8
64,n<=128,sr<=5%,kvB<=16k,kp<=512,0.0022,8
64,n<=128,sr<=5%,kvB<=16k,kp<=8k,0.0018,8
64,n<=128,sr<=5%,kvB<=16k,kp=0,0.0023,8
64,n<=128,sr<=5%,kvB<=1k,kp<=1k,0.0017,8
64,n<=128,sr<=5%,kvB<=1k,kp<=2k,0.0054,8
64,n<=128,sr<=5%,kvB<=1k,kp<=4k,0.0026,8
64,n<=128,sr<=5%,kvB<=1k,kp<=512,0.0073,8
64,n<=128,sr<=5%,kvB<=1k,kp<=8k,0.0059,8
64,n<=128,sr<=5%,kvB<=1k,kp=0,0.0086,8
64,n<=128,sr<=5%,kvB<=4k,kp<=1k,0.0027,8
64,n<=128,sr<=5%,kvB<=4k,kp<=2k,0.0026,8
64,n<=128,sr<=5%,kvB<=4k,kp<=4k,0.0009,8
64,n<=128,sr<=5%,kvB<=4k,kp<=512,0.003,8
64,n<=128,sr<=5%,kvB<=4k,kp<=8k,0.0012,8
64,n<=128,sr<=5%,kvB<=4k,kp=0,0.003,8
64,n<=128,sr<=70%,kvB<=16k,kp<=1k,-0.0045,2
64,n<=128,sr<=70%,kvB<=16k,kp<=2k,-0.0037,2
64,n<=128,sr<=70%,kvB<=16k,kp<=4k,-0.0029,2
64,n<=128,sr<=70%,kvB<=16k,kp<=512,-0.0044,2
64,n<=128,sr<=70%,kvB<=16k,kp<=8k,-0.0006,2
64,n<=128,sr<=70%,kvB<=16k,kp=0,-0.0041,2
64,n<=128,sr<=70%,kvB<=1k,kp<=1k,0.0831,2
64,n<=128,sr<=70%,kvB<=1k,kp<=2k,0.0754,2
64,n<=128,sr<=70%,kvB<=1k,kp<=4k,0.0734,2
64,n<=128,sr<=70%,kvB<=1k,kp<=512,0.083,2
64,n<=128,sr<=70%,kvB<=1k,kp<=8k,0.0587,2
64,n<=128,sr<=70%,kvB<=1k,kp=0,0.0987,2
64,n<=128,sr<=70%,kvB<=4k,kp<=1k,-0.0039,2
64,n<=128,sr<=70%,kvB<=4k,kp<=2k,-0.0008,2
64,n<=128,sr<=70%,kvB<=4k,kp<=4k,0.0042,2
64,n<=128,sr<=70%,kvB<=4k,kp<=512,-0.0034,2
64,n<=128,sr<=70%,kvB<=4k,kp<=8k,0.0046,2
64,n<=128,sr<=70%,kvB<=4k,kp=0,-0.004,2
64,n<=128,sr>70%,kvB<=16k,kp<=1k,-0.0035,4
64,n<=128,sr>70%,kvB<=16k,kp<=2k,-0.0051,4
64,n<=128,sr>70%,kvB<=16k,kp<=4k,-0.0008,4
64,n<=128,sr>70%,kvB<=16k,kp<=512,-0.0022,4
64,n<=128,sr>70%,kvB<=16k,kp<=8k,0.0004,4
64,n<=128,sr>70%,kvB<=16k,kp=0,-0.0043,4
64,n<=128,sr>70%,kvB<=1k,kp<=1k,0.0622,4
64,n<=128,sr>70%,kvB<=1k,kp<=2k,0.0548,4
64,n<=128,sr>70%,kvB<=1k,kp<=4k,0.0833,4
64,n<=128,sr>70%,kvB<=1k,kp<=512,0.0668,4
64,n<=128,sr>70%,kvB<=1k,kp<=8k,0.0903,4
64,n<=128,sr>70%,kvB<=1k,kp=0,0.0709,4
64,n<=128,sr>70%,kvB<=4k,kp<=1k,-0.0043,4
64,n<=128,sr>70%,kvB<=4k,kp<=2k,-0.0049,4
64,n<=128,sr>70%,kvB<=4k,kp<=4k,-0.0108,4
64,n<=128,sr>70%,kvB<=4k,kp<=512,-0.0055,4
64,n<=128,sr>70%,kvB<=4k,kp<=8k,-0.0024,4
64,n<=128,sr>70%,kvB<=4k,kp=0,-0.005,4
64,n<=16,sr<=15%,kvB<=16k,kp<=1k,0.1196,4
64,n<=16,sr<=15%,kvB<=16k,kp<=2k,0.0954,4
64,n<=16,sr<=15%,kvB<=16k,kp<=4k,0.0594,4
64,n<=16,sr<=15%,kvB<=16k,kp<=512,0.134,4
64,n<=16,sr<=15%,kvB<=16k,kp<=8k,0.0209,4
64,n<=16,sr<=15%,kvB<=16k,kp=0,0.1139,4
64,n<=16,sr<=15%,kvB<=1k,kp<=1k,0.0446,4
64,n<=16,sr<=15%,kvB<=1k,kp<=2k,0.0695,4
64,n<=16,sr<=15%,kvB<=1k,kp<=4k,0.0702,4
64,n<=16,sr<=15%,kvB<=1k,kp<=512,0.1176,4
64,n<=16,sr<=15%,kvB<=1k,kp<=8k,0.0584,4
64,n<=16,sr<=15%,kvB<=1k,kp=0,0.1373,4
64,n<=16,sr<=15%,kvB<=4k,kp<=1k,0.101,4
64,n<=16,sr<=15%,kvB<=4k,kp<=2k,0.0589,4
64,n<=16,sr<=15%,kvB<=4k,kp<=4k,0.009,4
64,n<=16,sr<=15%,kvB<=4k,kp<=512,0.1151,4
64,n<=16,sr<=15%,kvB<=4k,kp<=8k,0.0288,4
64,n<=16,sr<=15%,kvB<=4k,kp=0,0.1298,4
64,n<=16,sr<=40%,kvB<=16k,kp<=1k,0.1556,4
64,n<=16,sr<=40%,kvB<=16k,kp<=2k,0.1157,4
64,n<=16,sr<=40%,kvB<=16k,kp<=4k,0.0795,4
64,n<=16,sr<=40%,kvB<=16k,kp<=512,0.2169,4
64,n<=16,sr<=40%,kvB<=16k,kp<=8k,0.0339,4
64,n<=16,sr<=40%,kvB<=16k,kp=0,0.1847,4
64,n<=16,sr<=40%,kvB<=1k,kp<=1k,0.0725,4
64,n<=16,sr<=40%,kvB<=1k,kp<=2k,0.0668,4
64,n<=16,sr<=40%,kvB<=1k,kp<=4k,0.0557,4
64,n<=16,sr<=40%,kvB<=1k,kp<=512,0.1271,4
64,n<=16,sr<=40%,kvB<=1k,kp<=8k,0.0589,4
64,n<=16,sr<=40%,kvB<=1k,kp=0,0.1479,4
64,n<=16,sr<=40%,kvB<=4k,kp<=1k,0.109,4
64,n<=16,sr<=40%,kvB<=4k,kp<=2k,0.0875,4
64,n<=16,sr<=40%,kvB<=4k,kp<=4k,0.0653,4
64,n<=16,sr<=40%,kvB<=4k,kp<=512,0.1196,4
64,n<=16,sr<=40%,kvB<=4k,kp<=8k,0.1037,4
64,n<=16,sr<=40%,kvB<=4k,kp=0,0.1711,4
64,n<=16,sr<=70%,kvB<=16k,kp<=1k,0.3628,2
64,n<=16,sr<=70%,kvB<=16k,kp<=2k,0.2825,2
64,n<=16,sr<=70%,kvB<=16k,kp<=4k,0.2568,2
64,n<=16,sr<=70%,kvB<=16k,kp<=512,0.507,2
64,n<=16,sr<=70%,kvB<=16k,kp<=8k,0.2516,2
64,n<=16,sr<=70%,kvB<=16k,kp=0,0.4989,2
64,n<=16,sr<=70%,kvB<=1k,kp<=1k,0.0344,2
64,n<=16,sr<=70%,kvB<=1k,kp<=2k,0.0061,2
64,n<=16,sr<=70%,kvB<=1k,kp<=4k,0.0488,2
64,n<=16,sr<=70%,kvB<=1k,kp<=512,0.097,2
64,n<=16,sr<=70%,kvB<=1k,kp<=8k,0.1821,2
64,n<=16,sr<=70%,kvB<=1k,kp=0,0.1222,2
64,n<=16,sr<=70%,kvB<=4k,kp<=1k,0.3369,2
64,n<=16,sr<=70%,kvB<=4k,kp<=2k,0.4115,2
64,n<=16,sr<=70%,kvB<=4k,kp<=4k,0.2996,2
64,n<=16,sr<=70%,kvB<=4k,kp<=512,0.3636,2
64,n<=16,sr<=70%,kvB<=4k,kp<=8k,0.421,2
64,n<=16,sr<=70%,kvB<=4k,kp=0,0.3949,2
64,n<=16,sr>70%,kvB<=16k,kp<=1k,0.9516,4
64,n<=16,sr>70%,kvB<=16k,kp<=2k,0.5985,4
64,n<=16,sr>70%,kvB<=16k,kp<=4k,0.4485,4
64,n<=16,sr>70%,kvB<=16k,kp<=512,1.3499,4
64,n<=16,sr>70%,kvB<=16k,kp<=8k,0.4209,3
64,n<=16,sr>70%,kvB<=16k,kp=0,1.1924,4
64,n<=16,sr>70%,kvB<=1k,kp<=1k,0.1733,4
64,n<=16,sr>70%,kvB<=1k,kp<=2k,0.1619,4
64,n<=16,sr>70%,kvB<=1k,kp<=4k,0.2665,4
64,n<=16,sr>70%,kvB<=1k,kp<=512,0.1972,4
64,n<=16,sr>70%,kvB<=1k,kp<=8k,0.3442,4
64,n<=16,sr>70%,kvB<=1k,kp=0,0.3497,4
64,n<=16,sr>70%,kvB<=4k,kp<=1k,0.6625,4
64,n<=16,sr>70%,kvB<=4k,kp<=2k,0.7804,4
64,n<=16,sr>70%,kvB<=4k,kp<=4k,1.1796,4
64,n<=16,sr>70%,kvB<=4k,kp<=512,1.1523,4
64,n<=16,sr>70%,kvB<=4k,kp<=8k,1.0082,3
64,n<=16,sr>70%,kvB<=4k,kp=0,1.492,4
64,n<=2,sr<=70%,kvB<=16k,kp<=1k,0.5802,2
64,n<=2,sr<=70%,kvB<=16k,kp<=2k,0.1466,2
64,n<=2,sr<=70%,kvB<=16k,kp<=4k,0.0763,2
64,n<=2,sr<=70%,kvB<=16k,kp<=512,0.723,2
64,n<=2,sr<=70%,kvB<=16k,kp<=8k,0.343,2
64,n<=2,sr<=70%,kvB<=16k,kp=0,0.952,2
64,n<=2,sr<=70%,kvB<=1k,kp<=1k,0.7327,2
64,n<=2,sr<=70%,kvB<=1k,kp<=2k,0.6709,2
64,n<=2,sr<=70%,kvB<=1k,kp<=4k,0.6202,2
64,n<=2,sr<=70%,kvB<=1k,kp<=512,0.3921,2
64,n<=2,sr<=70%,kvB<=1k,kp<=8k,0.4181,2
64,n<=2,sr<=70%,kvB<=1k,kp=0,0.0919,2
64,n<=2,sr<=70%,kvB<=4k,kp<=1k,0.0939,2
64,n<=2,sr<=70%,kvB<=4k,kp<=2k,0.3421,2
64,n<=2,sr<=70%,kvB<=4k,kp<=4k,0.7139,2
64,n<=2,sr<=70%,kvB<=4k,kp<=512,-0.0022,2
64,n<=2,sr<=70%,kvB<=4k,kp<=8k,0.4212,2
64,n<=2,sr<=70%,kvB<=4k,kp=0,0.7633,2
64,n<=32,sr<=15%,kvB<=16k,kp<=1k,0.0563,6
64,n<=32,sr<=15%,kvB<=16k,kp<=2k,0.0509,6
64,n<=32,sr<=15%,kvB<=16k,kp<=4k,0.0394,6
64,n<=32,sr<=15%,kvB<=16k,kp<=512,0.0746,6
64,n<=32,sr<=15%,kvB<=16k,kp<=8k,0.035,6
64,n<=32,sr<=15%,kvB<=16k,kp=0,0.0756,6
64,n<=32,sr<=15%,kvB<=1k,kp<=1k,0.0564,6
64,n<=32,sr<=15%,kvB<=1k,kp<=2k,0.0529,6
64,n<=32,sr<=15%,kvB<=1k,kp<=4k,0.0414,6
64,n<=32,sr<=15%,kvB<=1k,kp<=512,0.0761,6
64,n<=32,sr<=15%,kvB<=1k,kp<=8k,0.0653,6
64,n<=32,sr<=15%,kvB<=1k,kp=0,0.1041,6
64,n<=32,sr<=15%,kvB<=4k,kp<=1k,0.0753,6
64,n<=32,sr<=15%,kvB<=4k,kp<=2k,0.0535,6
64,n<=32,sr<=15%,kvB<=4k,kp<=4k,0.0626,6
64,n<=32,sr<=15%,kvB<=4k,kp<=512,0.0787,6
64,n<=32,sr<=15%,kvB<=4k,kp<=8k,0.0506,6
64,n<=32,sr<=15%,kvB<=4k,kp=0,0.1344,6
64,n<=32,sr<=40%,kvB<=16k,kp<=1k,0.0836,2
64,n<=32,sr<=40%,kvB<=16k,kp<=2k,0.0688,2
64,n<=32,sr<=40%,kvB<=16k,kp<=4k,0.0766,2
64,n<=32,sr<=40%,kvB<=16k,kp<=512,0.1024,2
64,n<=32,sr<=40%,kvB<=16k,kp<=8k,0.0636,2
64,n<=32,sr<=40%,kvB<=16k,kp=0,0.0972,2
64,n<=32,sr<=40%,kvB<=1k,kp<=1k,0.0705,2
64,n<=32,sr<=40%,kvB<=1k,kp<=2k,0.078,2
64,n<=32,sr<=40%,kvB<=1k,kp<=4k,0.125,2
64,n<=32,sr<=40%,kvB<=1k,kp<=512,0.0915,2
64,n<=32,sr<=40%,kvB<=1k,kp<=8k,0.1182,2
64,n<=32,sr<=40%,kvB<=1k,kp=0,0.1535,2
64,n<=32,sr<=40%,kvB<=4k,kp<=1k,0.1045,2
64,n<=32,sr<=40%,kvB<=4k,kp<=2k,0.1403,2
64,n<=32,sr<=40%,kvB<=4k,kp<=4k,0.1128,2
64,n<=32,sr<=40%,kvB<=4k,kp<=512,0.1833,2
64,n<=32,sr<=40%,kvB<=4k,kp<=8k,0.0663,2
64,n<=32,sr<=40%,kvB<=4k,kp=0,0.2343,2
64,n<=32,sr<=5%,kvB<=16k,kp<=1k,0.044,2
64,n<=32,sr<=5%,kvB<=16k,kp<=2k,0.0472,2
64,n<=32,sr<=5%,kvB<=16k,kp<=4k,0.0477,2
64,n<=32,sr<=5%,kvB<=16k,kp<=512,0.0646,2
64,n<=32,sr<=5%,kvB<=16k,kp<=8k,0.0183,2
64,n<=32,sr<=5%,kvB<=16k,kp=0,0.0652,2
64,n<=32,sr<=5%,kvB<=1k,kp<=1k,0.0143,2
64,n<=32,sr<=5%,kvB<=1k,kp<=2k,0.0108,2
64,n<=32,sr<=5%,kvB<=1k,kp<=4k,0.0017,2
64,n<=32,sr<=5%,kvB<=1k,kp<=512,0.0382,2
64,n<=32,sr<=5%,kvB<=1k,kp<=8k,0.0101,2
64,n<=32,sr<=5%,kvB<=1k,kp=0,0.0557,2
64,n<=32,sr<=5%,kvB<=4k,kp<=1k,0.056,2
64,n<=32,sr<=5%,kvB<=4k,kp<=2k,0.0363,2
64,n<=32,sr<=5%,kvB<=4k,kp<=4k,0.0167,2
64,n<=32,sr<=5%,kvB<=4k,kp<=512,0.0466,2
64,n<=32,sr<=5%,kvB<=4k,kp<=8k,0.0177,2
64,n<=32,sr<=5%,kvB<=4k,kp=0,0.093,2
64,n<=32,sr<=70%,kvB<=16k,kp<=1k,0.18,2
64,n<=32,sr<=70%,kvB<=16k,kp<=2k,0.1536,2
64,n<=32,sr<=70%,kvB<=16k,kp<=4k,0.1249,2
64,n<=32,sr<=70%,kvB<=16k,kp<=512,0.1886,2
64,n<=32,sr<=70%,kvB<=16k,kp<=8k,0.1243,2
64,n<=32,sr<=70%,kvB<=16k,kp=0,0.2086,2
64,n<=32,sr<=70%,kvB<=1k,kp<=1k,0.1992,2
64,n<=32,sr<=70%,kvB<=1k,kp<=2k,0.2571,2
64,n<=32,sr<=70%,kvB<=1k,kp<=4k,0.2353,2
64,n<=32,sr<=70%,kvB<=1k,kp<=512,0.1905,2
64,n<=32,sr<=70%,kvB<=1k,kp<=8k,0.1753,2
64,n<=32,sr<=70%,kvB<=1k,kp=0,0.3363,2
64,n<=32,sr<=70%,kvB<=4k,kp<=1k,0.1985,2
64,n<=32,sr<=70%,kvB<=4k,kp<=2k,0.2741,2
64,n<=32,sr<=70%,kvB<=4k,kp<=4k,0.2158,2
64,n<=32,sr<=70%,kvB<=4k,kp<=512,0.3682,2
64,n<=32,sr<=70%,kvB<=4k,kp<=8k,0.2296,2
64,n<=32,sr<=70%,kvB<=4k,kp=0,0.502,2
64,n<=32,sr>70%,kvB<=16k,kp<=1k,0.3812,4
64,n<=32,sr>70%,kvB<=16k,kp<=2k,0.3837,4
64,n<=32,sr>70%,kvB<=16k,kp<=4k,0.2985,4
64,n<=32,sr>70%,kvB<=16k,kp<=512,0.4096,4
64,n<=32,sr>70%,kvB<=16k,kp<=8k,0.2666,4
64,n<=32,sr>70%,kvB<=16k,kp=0,0.4451,4
64,n<=32,sr>70%,kvB<=1k,kp<=1k,0.5221,4
64,n<=32,sr>70%,kvB<=1k,kp<=2k,0.3135,4
64,n<=32,sr>70%,kvB<=1k,kp<=4k,0.4783,4
64,n<=32,sr>70%,kvB<=1k,kp<=512,0.5271,4
64,n<=32,sr>70%,kvB<=1k,kp<=8k,0.5468,4
64,n<=32,sr>70%,kvB<=1k,kp=0,1.0872,4
64,n<=32,sr>70%,kvB<=4k,kp<=1k,0.4775,4
64,n<=32,sr>70%,kvB<=4k,kp<=2k,0.4713,4
64,n<=32,sr>70%,kvB<=4k,kp<=4k,0.5939,4
64,n<=32,sr>70%,kvB<=4k,kp<=512,0.892,4
64,n<=32,sr>70%,kvB<=4k,kp<=8k,0.3964,4
64,n<=32,sr>70%,kvB<=4k,kp=0,1.2805,4
64,n<=4,sr<=40%,kvB<=16k,kp<=1k,0.2922,2
64,n<=4,sr<=40%,kvB<=16k,kp<=2k,0.2136,2
64,n<=4,sr<=40%,kvB<=16k,kp<=4k,0.2828,2
64,n<=4,sr<=40%,kvB<=16k,kp<=512,0.4069,2
64,n<=4,sr<=40%,kvB<=16k,kp<=8k,0.2165,2
64,n<=4,sr<=40%,kvB<=16k,kp=0,0.519,2
64,n<=4,sr<=40%,kvB<=1k,kp<=1k,0.1498,2
64,n<=4,sr<=40%,kvB<=1k,kp<=2k,0.3292,2
64,n<=4,sr<=40%,kvB<=1k,kp<=4k,0.2894,2
64,n<=4,sr<=40%,kvB<=1k,kp<=512,0.2718,2
64,n<=4,sr<=40%,kvB<=1k,kp<=8k,0.2799,2
64,n<=4,sr<=40%,kvB<=1k,kp=0,0.2798,2
64,n<=4,sr<=40%,kvB<=4k,kp<=1k,0.291,2
64,n<=4,sr<=40%,kvB<=4k,kp<=2k,0.2037,2
64,n<=4,sr<=40%,kvB<=4k,kp<=4k,0.0766,2
64,n<=4,sr<=40%,kvB<=4k,kp<=512,0.2112,2
64,n<=4,sr<=40%,kvB<=4k,kp<=8k,0.1576,2
64,n<=4,sr<=40%,kvB<=4k,kp=0,0.4051,2
64,n<=4,sr<=70%,kvB<=16k,kp<=1k,0.6053,2
64,n<=4,sr<=70%,kvB<=16k,kp<=2k,0.3419,2
64,n<=4,sr<=70%,kvB<=16k,kp<=4k,0.1871,2
64,n<=4,sr<=70%,kvB<=16k,kp<=512,0.7835,2
64,n<=4,sr<=70%,kvB<=16k,kp<=8k,0.1157,2
64,n<=4,sr<=70%,kvB<=16k,kp=0,0.9489,2
64,n<=4,sr<=70%,kvB<=1k,kp<=1k,0.0757,2
64,n<=4,sr<=70%,kvB<=1k,kp<=2k,0.5461,2
64,n<=4,sr<=70%,kvB<=1k,kp<=4k,0.5106,2
64,n<=4,sr<=70%,kvB<=1k,kp<=512,0.289,2
64,n<=4,sr<=70%,kvB<=1k,kp<=8k,0.5408,2
64,n<=4,sr<=70%,kvB<=1k,kp=0,0.1286,2
64,n<=4,sr<=70%,kvB<=4k,kp<=1k,0.1223,2
64,n<=4,sr<=70%,kvB<=4k,kp<=2k,0.1613,2
64,n<=4,sr<=70%,kvB<=4k,kp<=4k,0.0811,2
64,n<=4,sr<=70%,kvB<=4k,kp<=512,0.18,2
64,n<=4,sr<=70%,kvB<=4k,kp<=8k,0.3713,2
64,n<=4,sr<=70%,kvB<=4k,kp=0,0.6932,2
64,n<=4,sr>70%,kvB<=16k,kp<=1k,0.5419,2
64,n<=4,sr>70%,kvB<=16k,kp<=2k,0.18,2
64,n<=4,sr>70%,kvB<=16k,kp<=4k,-0.072,2
64,n<=4,sr>70%,kvB<=16k,kp<=512,0.67,2
64,n<=4,sr>70%,kvB<=16k,kp<=8k,0.2012,2
64,n<=4,sr>70%,kvB<=16k,kp=0,0.95,2
64,n<=4,sr>70%,kvB<=1k,kp<=1k,0.6358,2
64,n<=4,sr>70%,kvB<=1k,kp<=2k,0.6537,2
64,n<=4,sr>70%,kvB<=1k,kp<=4k,0.7364,2
64,n<=4,sr>70%,kvB<=1k,kp<=512,0.3917,2
64,n<=4,sr>70%,kvB<=1k,kp<=8k,0.6614,2
64,n<=4,sr>70%,kvB<=1k,kp=0,-0.0278,2
64,n<=4,sr>70%,kvB<=4k,kp<=1k,-0.1097,2
64,n<=4,sr>70%,kvB<=4k,kp<=2k,0.2568,2
64,n<=4,sr>70%,kvB<=4k,kp<=4k,0.5678,2
64,n<=4,sr>70%,kvB<=4k,kp<=512,-0.0533,2
64,n<=4,sr>70%,kvB<=4k,kp<=8k,0.7456,2
64,n<=4,sr>70%,kvB<=4k,kp=0,0.6659,2
64,n<=64,sr<=15%,kvB<=16k,kp<=1k,0.0095,4
64,n<=64,sr<=15%,kvB<=16k,kp<=2k,0.0099,4
64,n<=64,sr<=15%,kvB<=16k,kp<=4k,0.0092,4
64,n<=64,sr<=15%,kvB<=16k,kp<=512,0.0093,4
64,n<=64,sr<=15%,kvB<=16k,kp<=8k,0.0057,4
64,n<=64,sr<=15%,kvB<=16k,kp=0,0.0102,4
64,n<=64,sr<=15%,kvB<=1k,kp<=1k,0.0356,4
64,n<=64,sr<=15%,kvB<=1k,kp<=2k,0.0368,4
64,n<=64,sr<=15%,kvB<=1k,kp<=4k,0.0248,4
64,n<=64,sr<=15%,kvB<=1k,kp<=512,0.0365,4
64,n<=64,sr<=15%,kvB<=1k,kp<=8k,0.0259,4
64,n<=64,sr<=15%,kvB<=1k,kp=0,0.0429,4
64,n<=64,sr<=15%,kvB<=4k,kp<=1k,0.0105,4
64,n<=64,sr<=15%,kvB<=4k,kp<=2k,0.0074,4
64,n<=64,sr<=15%,kvB<=4k,kp<=4k,0.0003,4
64,n<=64,sr<=15%,kvB<=4k,kp<=512,0.0104,4
64,n<=64,sr<=15%,kvB<=4k,kp<=8k,-0.0004,4
64,n<=64,sr<=15%,kvB<=4k,kp=0,0.0088,4
64,n<=64,sr<=40%,kvB<=16k,kp<=1k,0.0048,2
64,n<=64,sr<=40%,kvB<=16k,kp<=2k,0.0035,2
64,n<=64,sr<=40%,kvB<=16k,kp<=4k,0.0064,2
64,n<=64,sr<=40%,kvB<=16k,kp<=512,0.0054,2
64,n<=64,sr<=40%,kvB<=16k,kp<=8k,0.0029,2
64,n<=64,sr<=40%,kvB<=16k,kp=0,0.0038,2
64,n<=64,sr<=40%,kvB<=1k,kp<=1k,0.0354,2
64,n<=64,sr<=40%,kvB<=1k,kp<=2k,0.0306,2
64,n<=64,sr<=40%,kvB<=1k,kp<=4k,0.0277,2
64,n<=64,sr<=40%,kvB<=1k,kp<=512,0.0365,2
64,n<=64,sr<=40%,kvB<=1k,kp<=8k,0.0253,2
64,n<=64,sr<=40%,kvB<=1k,kp=0,0.0478,2
64,n<=64,sr<=40%,kvB<=4k,kp<=1k,0.0017,2
64,n<=64,sr<=40%,kvB<=4k,kp<=2k,-0.0008,2
64,n<=64,sr<=40%,kvB<=4k,kp<=4k,-0.002,2
64,n<=64,sr<=40%,kvB<=4k,kp<=512,0.0018,2
64,n<=64,sr<=40%,kvB<=4k,kp<=8k,-0.0062,2
64,n<=64,sr<=40%,kvB<=4k,kp=0,0.0013,2
64,n<=64,sr<=5%,kvB<=16k,kp<=1k,0.0119,6
64,n<=64,sr<=5%,kvB<=16k,kp<=2k,0.0119,6
64,n<=64,sr<=5%,kvB<=16k,kp<=4k,0.0114,6
64,n<=64,sr<=5%,kvB<=16k,kp<=512,0.0111,6
64,n<=64,sr<=5%,kvB<=16k,kp<=8k,0.0092,6
64,n<=64,sr<=5%,kvB<=16k,kp=0,0.0112,6
64,n<=64,sr<=5%,kvB<=1k,kp<=1k,0.0127,6
64,n<=64,sr<=5%,kvB<=1k,kp<=2k,0.0077,6
64,n<=64,sr<=5%,kvB<=1k,kp<=4k,0.0066,6
64,n<=64,sr<=5%,kvB<=1k,kp<=512,0.0193,6
64,n<=64,sr<=5%,kvB<=1k,kp<=8k,0.0051,6
64,n<=64,sr<=5%,kvB<=1k,kp=0,0.0176,6
64,n<=64,sr<=5%,kvB<=4k,kp<=1k,0.0122,6
64,n<=64,sr<=5%,kvB<=4k,kp<=2k,0.0102,6
64,n<=64,sr<=5%,kvB<=4k,kp<=4k,0.0012,6
64,n<=64,sr<=5%,kvB<=4k,kp<=512,0.0126,6
64,n<=64,sr<=5%,kvB<=4k,kp<=8k,0.0009,6
64,n<=64,sr<=5%,kvB<=4k,kp=0,0.0124,6
64,n<=64,sr<=70%,kvB<=16k,kp<=1k,-0.0012,2
64,n<=64,sr<=70%,kvB<=16k,kp<=2k,-0.0015,2
64,n<=64,sr<=70%,kvB<=16k,kp<=4k,0.0005,2
64,n<=64,sr<=70%,kvB<=16k,kp<=512,-0.0016,2
64,n<=64,sr<=70%,kvB<=16k,kp<=8k,0.0081,2
64,n<=64,sr<=70%,kvB<=16k,kp=0,0.0,2
64,n<=64,sr<=70%,kvB<=1k,kp<=1k,-0.0009,2
64,n<=64,sr<=70%,kvB<=1k,kp<=2k,0.0071,2
64,n<=64,sr<=70%,kvB<=1k,kp<=4k,0.0019,2
64,n<=64,sr<=70%,kvB<=1k,kp<=512,-0.0031,2
64,n<=64,sr<=70%,kvB<=1k,kp<=8k,0.0158,2
64,n<=64,sr<=70%,kvB<=1k,kp=0,0.0056,2
64,n<=64,sr<=70%,kvB<=4k,kp<=1k,0.0003,2
64,n<=64,sr<=70%,kvB<=4k,kp<=2k,0.0006,2
64,n<=64,sr<=70%,kvB<=4k,kp<=4k,-0.0008,2
64,n<=64,sr<=70%,kvB<=4k,kp<=512,-0.0019,2
64,n<=64,sr<=70%,kvB<=4k,kp<=8k,-0.0025,2
64,n<=64,sr<=70%,kvB<=4k,kp=0,-0.0028,2
64,n<=64,sr>70%,kvB<=16k,kp<=1k,-0.0064,4
64,n<=64,sr>70%,kvB<=16k,kp<=2k,-0.0066,4
64,n<=64,sr>70%,kvB<=16k,kp<=4k,-0.0005,4
64,n<=64,sr>70%,kvB<=16k,kp<=512,-0.0108,4
64,n<=64,sr>70%,kvB<=16k,kp<=8k,0.002,4
64,n<=64,sr>70%,kvB<=16k,kp=0,-0.0082,4
64,n<=64,sr>70%,kvB<=1k,kp<=1k,0.0602,4
64,n<=64,sr>70%,kvB<=1k,kp<=2k,0.0711,4
64,n<=64,sr>70%,kvB<=1k,kp<=4k,0.0535,4
64,n<=64,sr>70%,kvB<=1k,kp<=512,0.0624,4
64,n<=64,sr>70%,kvB<=1k,kp<=8k,0.0876,4
64,n<=64,sr>70%,kvB<=1k,kp=0,0.046,4
64,n<=64,sr>70%,kvB<=4k,kp<=1k,-0.0015,4
64,n<=64,sr>70%,kvB<=4k,kp<=2k,-0.0024,4
64,n<=64,sr>70%,kvB<=4k,kp<=4k,-0.0128,4
64,n<=64,sr>70%,kvB<=4k,kp<=512,-0.0151,4
64,n<=64,sr>70%,kvB<=4k,kp<=8k,0.009,4
64,n<=64,sr>70%,kvB<=4k,kp=0,-0.0036,4
64,n<=8,sr<=15%,kvB<=16k,kp<=1k,0.1806,2
64,n<=8,sr<=15%,kvB<=16k,kp<=2k,0.1718,2
64,n<=8,sr<=15%,kvB<=16k,kp<=4k,0.1533,2
64,n<=8,sr<=15%,kvB<=16k,kp<=512,0.1988,2
64,n<=8,sr<=15%,kvB<=16k,kp<=8k,0.0875,2
64,n<=8,sr<=15%,kvB<=16k,kp=0,0.225,2
64,n<=8,sr<=15%,kvB<=1k,kp<=1k,0.041,2
64,n<=8,sr<=15%,kvB<=1k,kp<=2k,0.1197,2
64,n<=8,sr<=15%,kvB<=1k,kp<=4k,0.0939,2
64,n<=8,sr<=15%,kvB<=1k,kp<=512,0.1881,2
64,n<=8,sr<=15%,kvB<=1k,kp<=8k,0.0971,2
64,n<=8,sr<=15%,kvB<=1k,kp=0,0.2143,2
64,n<=8,sr<=15%,kvB<=4k,kp<=1k,0.1873,2
64,n<=8,sr<=15%,kvB<=4k,kp<=2k,0.0987,2
64,n<=8,sr<=15%,kvB<=4k,kp<=4k,-0.0526,2
64,n<=8,sr<=15%,kvB<=4k,kp<=512,0.1796,2
64,n<=8,sr<=15%,kvB<=4k,kp<=8k,0.0054,2
64,n<=8,sr<=15%,kvB<=4k,kp=0,0.2167,2
64,n<=8,sr<=40%,kvB<=16k,kp<=1k,0.2638,4
64,n<=8,sr<=40%,kvB<=16k,kp<=2k,0.199,4
64,n<=8,sr<=40%,kvB<=16k,kp<=4k,0.1141,4
64,n<=8,sr<=40%,kvB<=16k,kp<=512,0.2953,4
64,n<=8,sr<=40%,kvB<=16k,kp<=8k,0.1464,4
64,n<=8,sr<=40%,kvB<=16k,kp=0,0.3235,4
64,n<=8,sr<=40%,kvB<=1k,kp<=1k,0.0653,4
64,n<=8,sr<=40%,kvB<=1k,kp<=2k,0.0425,4
64,n<=8,sr<=40%,kvB<=1k,kp<=4k,0.0983,4
64,n<=8,sr<=40%,kvB<=1k,kp<=512,0.1908,4
64,n<=8,sr<=40%,kvB<=1k,kp<=8k,0.0933,4
64,n<=8,sr<=40%,kvB<=1k,kp=0,0.2162,4
64,n<=8,sr<=40%,kvB<=4k,kp<=1k,0.1177,4
64,n<=8,sr<=40%,kvB<=4k,kp<=2k,0.1378,4
64,n<=8,sr<=40%,kvB<=4k,kp<=4k,0.0042,4
64,n<=8,sr<=40%,kvB<=4k,kp<=512,0.1263,4
64,n<=8,sr<=40%,kvB<=4k,kp<=8k,-0.019,4
64,n<=8,sr<=40%,kvB<=4k,kp=0,0.266,4
64,n<=8,sr<=70%,kvB<=16k,kp<=1k,0.4072,2
64,n<=8,sr<=70%,kvB<=16k,kp<=2k,0.3118,2
64,n<=8,sr<=70%,kvB<=16k,kp<=4k,0.165,2
64,n<=8,sr<=70%,kvB<=16k,kp<=512,0.3201,2
64,n<=8,sr<=70%,kvB<=16k,kp<=8k,0.1413,2
64,n<=8,sr<=70%,kvB<=16k,kp=0,0.3386,2
64,n<=8,sr<=70%,kvB<=1k,kp<=1k,0.0219,2
64,n<=8,sr<=70%,kvB<=1k,kp<=2k,-0.0734,2
64,n<=8,sr<=70%,kvB<=1k,kp<=4k,0.1126,2
64,n<=8,sr<=70%,kvB<=1k,kp<=512,0.1475,2
64,n<=8,sr<=70%,kvB<=1k,kp<=8k,0.1076,2
64,n<=8,sr<=70%,kvB<=1k,kp=0,0.1813,2
64,n<=8,sr<=70%,kvB<=4k,kp<=1k,0.1018,2
64,n<=8,sr<=70%,kvB<=4k,kp<=2k,0.1136,2
64,n<=8,sr<=70%,kvB<=4k,kp<=4k,0.0007,2
64,n<=8,sr<=70%,kvB<=4k,kp<=512,0.1865,2
64,n<=8,sr<=70%,kvB<=4k,kp<=8k,-0.1457,2
64,n<=8,sr<=70%,kvB<=4k,kp=0,0.336,2
64,n<=8,sr>70%,kvB<=16k,kp<=1k,0.9379,4
64,n<=8,sr>70%,kvB<=16k,kp<=2k,0.5379,4
64,n<=8,sr>70%,kvB<=16k,kp<=4k,0.243,4
64,n<=8,sr>70%,kvB<=16k,kp<=512,1.0568,4
64,n<=8,sr>70%,kvB<=16k,kp<=8k,0.2586,4
64,n<=8,sr>70%,kvB<=16k,kp=0,1.1323,4
64,n<=8,sr>70%,kvB<=1k,kp<=1k,0.2556,4
64,n<=8,sr>70%,kvB<=1k,kp<=2k,0.2377,4
64,n<=8,sr>70%,kvB<=1k,kp<=4k,0.1173,4
64,n<=8,sr>70%,kvB<=1k,kp<=512,0.1792,4
64,n<=8,sr>70%,kvB<=1k,kp<=8k,0.3932,4
64,n<=8,sr>70%,kvB<=1k,kp=0,0.3656,4
64,n<=8,sr>70%,kvB<=4k,kp<=1k,0.0613,4
64,n<=8,sr>70%,kvB<=4k,kp<=2k,-0.0109,4
64,n<=8,sr>70%,kvB<=4k,kp<=4k,0.1868,4
64,n<=8,sr>70%,kvB<=4k,kp<=512,0.3991,4
64,n<=8,sr>70%,kvB<=4k,kp<=8k,0.0771,4
64,n<=8,sr>70%,kvB<=4k,kp=0,0.8043,4
128,n<=128,sr<=15%,kvB<=16k,kp<=1k,0.0004,4
128,n<=128,sr<=15%,kvB<=16k,kp<=2k,0.0003,4
128,n<=128,sr<=15%,kvB<=16k,kp<=4k,0.0009,4
128,n<=128,sr<=15%,kvB<=16k,kp<=512,0.0001,4
128,n<=128,sr<=15%,kvB<=16k,kp<=8k,-0.0,4
128,n<=128,sr<=15%,kvB<=16k,kp=0,0.0004,4
128,n<=128,sr<=15%,kvB<=1k,kp<=1k,0.0359,4
128,n<=128,sr<=15%,kvB<=1k,kp<=2k,0.036,4
128,n<=128,sr<=15%,kvB<=1k,kp<=4k,0.043,4
128,n<=128,sr<=15%,kvB<=1k,kp<=512,0.0454,4
128,n<=128,sr<=15%,kvB<=1k,kp<=8k,0.0598,4
128,n<=128,sr<=15%,kvB<=1k,kp=0,0.0375,4
128,n<=128,sr<=15%,kvB<=4k,kp<=1k,0.0011,4
128,n<=128,sr<=15%,kvB<=4k,kp<=2k,0.0011,4
128,n<=128,sr<=15%,kvB<=4k,kp<=4k,0.0002,4
128,n<=128,sr<=15%,kvB<=4k,kp<=512,0.0014,4
128,n<=128,sr<=15%,kvB<=4k,kp<=8k,0.0009,4
128,n<=128,sr<=15%,kvB<=4k,kp=0,0.0007,4
128,n<=128,sr<=40%,kvB<=16k,kp<=1k,-0.002,2
128,n<=128,sr<=40%,kvB<=16k,kp<=2k,-0.0014,2
128,n<=128,sr<=40%,kvB<=16k,kp<=4k,-0.0009,2
128,n<=128,sr<=40%,kvB<=16k,kp<=512,-0.0022,2
128,n<=128,sr<=40%,kvB<=16k,kp<=8k,-0.0018,2
128,n<=128,sr<=40%,kvB<=16k,kp=0,-0.0017,2
128,n<=128,sr<=40%,kvB<=1k,kp<=1k,0.0759,2
128,n<=128,sr<=40%,kvB<=1k,kp<=2k,0.078,2
128,n<=128,sr<=40%,kvB<=1k,kp<=4k,0.0925,2
128,n<=128,sr<=40%,kvB<=1k,kp<=512,0.076,2
128,n<=128,sr<=40%,kvB<=1k,kp<=8k,0.1061,2
128,n<=128,sr<=40%,kvB<=1k,kp=0,0.0749,2
128,n<=128,sr<=40%,kvB<=4k,kp<=1k,-0.0007,2
128,n<=128,sr<=40%,kvB<=4k,kp<=2k,-0.0013,2
128,n<=128,sr<=40%,kvB<=4k,kp<=4k,-0.0008,2
128,n<=128,sr<=40%,kvB<=4k,kp<=512,0.0009,2
128,n<=128,sr<=40%,kvB<=4k,kp<=8k,0.0004,2
128,n<=128,sr<=40%,kvB<=4k,kp=0,-0.0016,2
128,n<=128,sr<=5%,kvB<=16k,kp<=1k,0.0022,8
128,n<=128,sr<=5%,kvB<=16k,kp<=2k,0.0026,8
128,n<=128,sr<=5%,kvB<=16k,kp<=4k,0.0023,8
128,n<=128,sr<=5%,kvB<=16k,kp<=512,0.0022,8
128,n<=128,sr<=5%,kvB<=16k,kp<=8k,0.0019,8
128,n<=128,sr<=5%,kvB<=16k,kp=0,0.002,8
128,n<=128,sr<=5%,kvB<=1k,kp<=1k,0.0058,8
128,n<=128,sr<=5%,kvB<=1k,kp<=2k,0.0075,8
128,n<=128,sr<=5%,kvB<=1k,kp<=4k,0.005,8
128,n<=128,sr<=5%,kvB<=1k,kp<=512,0.0084,8
128,n<=128,sr<=5%,kvB<=1k,kp<=8k,0.0085,8
128,n<=128,sr<=5%,kvB<=1k,kp=0,0.0062,8
128,n<=128,sr<=5%,kvB<=4k,kp<=1k,0.0027,8
128,n<=128,sr<=5%,kvB<=4k,kp<=2k,0.0029,8
128,n<=128,sr<=5%,kvB<=4k,kp<=4k,0.0021,8
128,n<=128,sr<=5%,kvB<=4k,kp<=512,0.003,8
128,n<=128,sr<=5%,kvB<=4k,kp<=8k,0.0011,8
128,n<=128,sr<=5%,kvB<=4k,kp=0,0.0026,8
128,n<=128,sr<=70%,kvB<=16k,kp<=1k,-0.0044,2
128,n<=128,sr<=70%,kvB<=16k,kp<=2k,-0.0042,2
128,n<=128,sr<=70%,kvB<=16k,kp<=4k,-0.0049,2
128,n<=128,sr<=70%,kvB<=16k,kp<=512,-0.0048,2
128,n<=128,sr<=70%,kvB<=16k,kp<=8k,-0.0023,2
128,n<=128,sr<=70%,kvB<=16k,kp=0,-0.0045,2
128,n<=128,sr<=70%,kvB<=1k,kp<=1k,0.0977,2
128,n<=128,sr<=70%,kvB<=1k,kp<=2k,0.1109,2
128,n<=128,sr<=70%,kvB<=1k,kp<=4k,0.1089,2
128,n<=128,sr<=70%,kvB<=1k,kp<=512,0.1072,2
128,n<=128,sr<=70%,kvB<=1k,kp<=8k,0.0998,2
128,n<=128,sr<=70%,kvB<=1k,kp=0,0.118,2
128,n<=128,sr<=70%,kvB<=4k,kp<=1k,-0.0054,2
128,n<=128,sr<=70%,kvB<=4k,kp<=2k,-0.0036,2
128,n<=128,sr<=70%,kvB<=4k,kp<=4k,0.0042,2
128,n<=128,sr<=70%,kvB<=4k,kp<=512,-0.0038,2
128,n<=128,sr<=70%,kvB<=4k,kp<=8k,0.004,2
128,n<=128,sr<=70%,kvB<=4k,kp=0,-0.0038,2
128,n<=128,sr>70%,kvB<=16k,kp<=1k,-0.0054,4
128,n<=128,sr>70%,kvB<=16k,kp<=2k,-0.0078,4
128,n<=128,sr>70%,kvB<=16k,kp<=4k,-0.0084,4
128,n<=128,sr>70%,kvB<=16k,kp<=512,-0.0069,4
128,n<=128,sr>70%,kvB<=16k,kp<=8k,-0.0102,4
128,n<=128,sr>70%,kvB<=16k,kp=0,-0.0063,4
128,n<=128,sr>70%,kvB<=1k,kp<=1k,0.0973,4
128,n<=128,sr>70%,kvB<=1k,kp<=2k,0.1053,4
128,n<=128,sr>70%,kvB<=1k,kp<=4k,0.167,4
128,n<=128,sr>70%,kvB<=1k,kp<=512,0.0952,4
128,n<=128,sr>70%,kvB<=1k,kp<=8k,0.216,4
128,n<=128,sr>70%,kvB<=1k,kp=0,0.0768,4
128,n<=128,sr>70%,kvB<=4k,kp<=1k,-0.0111,4
128,n<=128,sr>70%,kvB<=4k,kp<=2k,-0.0065,4
128,n<=128,sr>70%,kvB<=4k,kp<=4k,-0.0096,4
128,n<=128,sr>70%,kvB<=4k,kp<=512,-0.0089,4
128,n<=128,sr>70%,kvB<=4k,kp<=8k,-0.0004,4
128,n<=128,sr>70%,kvB<=4k,kp=0,-0.0097,4
128,n<=16,sr<=15%,kvB<=16k,kp<=1k,0.1042,4
128,n<=16,sr<=15%,kvB<=16k,kp<=2k,0.0771,4
128,n<=16,sr<=15%,kvB<=16k,kp<=4k,0.0233,4
128,n<=16,sr<=15%,kvB<=16k,kp<=512,0.1432,4
128,n<=16,sr<=15%,kvB<=16k,kp<=8k,-0.0085,4
128,n<=16,sr<=15%,kvB<=16k,kp=0,0.1101,4
128,n<=16,sr<=15%,kvB<=1k,kp<=1k,0.0719,4
128,n<=16,sr<=15%,kvB<=1k,kp<=2k,0.0658,4
128,n<=16,sr<=15%,kvB<=1k,kp<=4k,0.0685,4
128,n<=16,sr<=15%,kvB<=1k,kp<=512,0.1228,4
128,n<=16,sr<=15%,kvB<=1k,kp<=8k,0.0394,4
128,n<=16,sr<=15%,kvB<=1k,kp=0,0.1506,4
128,n<=16,sr<=15%,kvB<=4k,kp<=1k,0.0992,4
128,n<=16,sr<=15%,kvB<=4k,kp<=2k,0.0549,4
128,n<=16,sr<=15%,kvB<=4k,kp<=4k,0.0321,4
128,n<=16,sr<=15%,kvB<=4k,kp<=512,0.1067,4
128,n<=16,sr<=15%,kvB<=4k,kp<=8k,0.0402,4
128,n<=16,sr<=15%,kvB<=4k,kp=0,0.141,4
128,n<=16,sr<=40%,kvB<=16k,kp<=1k,0.1477,4
128,n<=16,sr<=40%,kvB<=16k,kp<=2k,0.0695,4
128,n<=16,sr<=40%,kvB<=16k,kp<=4k,0.0259,4
128,n<=16,sr<=40%,kvB<=16k,kp<=512,0.1915,4
128,n<=16,sr<=40%,kvB<=16k,kp<=8k,0.0035,4
128,n<=16,sr<=40%,kvB<=16k,kp=0,0.1787,4
128,n<=16,sr<=40%,kvB<=1k,kp<=1k,0.0852,4
128,n<=16,sr<=40%,kvB<=1k,kp<=2k,0.0638,4
128,n<=16,sr<=40%,kvB<=1k,kp<=4k,0.0539,4
128,n<=16,sr<=40%,kvB<=1k,kp<=512,0.1315,4
128,n<=16,sr<=40%,kvB<=1k,kp<=8k,0.0871,4
128,n<=16,sr<=40%,kvB<=1k,kp=0,0.1545,4
128,n<=16,sr<=40%,kvB<=4k,kp<=1k,0.1051,4
128,n<=16,sr<=40%,kvB<=4k,kp<=2k,0.0888,4
128,n<=16,sr<=40%,kvB<=4k,kp<=4k,0.0501,4
128,n<=16,sr<=40%,kvB<=4k,kp<=512,0.1142,4
128,n<=16,sr<=40%,kvB<=4k,kp<=8k,0.0574,4
128,n<=16,sr<=40%,kvB<=4k,kp=0,0.1708,4
128,n<=16,sr<=70%,kvB<=16k,kp<=1k,0.3286,2
128,n<=16,sr<=70%,kvB<=16k,kp<=2k,0.2055,2
128,n<=16,sr<=70%,kvB<=16k,kp<=4k,0.19,2
128,n<=16,sr<=70%,kvB<=16k,kp<=512,0.4329,2
128,n<=16,sr<=70%,kvB<=16k,kp<=8k,0.2052,2
128,n<=16,sr<=70%,kvB<=16k,kp=0,0.5112,2
128,n<=16,sr<=70%,kvB<=1k,kp<=1k,0.066,2
128,n<=16,sr<=70%,kvB<=1k,kp<=2k,0.018,2
128,n<=16,sr<=70%,kvB<=1k,kp<=4k,0.0849,2
128,n<=16,sr<=70%,kvB<=1k,kp<=512,0.1299,2
128,n<=16,sr<=70%,kvB<=1k,kp<=8k,-0.057,2
128,n<=16,sr<=70%,kvB<=1k,kp=0,0.1209,2
128,n<=16,sr<=70%,kvB<=4k,kp<=1k,0.2279,2
128,n<=16,sr<=70%,kvB<=4k,kp<=2k,0.3099,2
128,n<=16,sr<=70%,kvB<=4k,kp<=4k,0.2249,2
128,n<=16,sr<=70%,kvB<=4k,kp<=512,0.3487,2
128,n<=16,sr<=70%,kvB<=4k,kp<=8k,0.2574,2
128,n<=16,sr<=70%,kvB<=4k,kp=0,0.4199,2
128,n<=16,sr>70%,kvB<=16k,kp<=1k,0.7465,4
128,n<=16,sr>70%,kvB<=16k,kp<=2k,0.5862,4
128,n<=16,sr>70%,kvB<=16k,kp<=4k,0.2373,4
128,n<=16,sr>70%,kvB<=16k,kp<=512,1.2542,4
128,n<=16,sr>70%,kvB<=16k,kp<=8k,0.2372,3
128,n<=16,sr>70%,kvB<=16k,kp=0,1.602,4
128,n<=16,sr>70%,kvB<=1k,kp<=1k,0.3278,4
128,n<=16,sr>70%,kvB<=1k,kp<=2k,0.2332,4
128,n<=16,sr>70%,kvB<=1k,kp<=4k,0.1478,4
128,n<=16,sr>70%,kvB<=1k,kp<=512,0.3109,4
128,n<=16,sr>70%,kvB<=1k,kp<=8k,0.2423,4
128,n<=16,sr>70%,kvB<=1k,kp=0,0.3011,4
128,n<=16,sr>70%,kvB<=4k,kp<=1k,0.4456,4
128,n<=16,sr>70%,kvB<=4k,kp<=2k,0.5386,4
128,n<=16,sr>70%,kvB<=4k,kp<=4k,1.6711,3
128,n<=16,sr>70%,kvB<=4k,kp<=512,0.931,4
128,n<=16,sr>70%,kvB<=4k,kp<=8k,0.4901,4
128,n<=16,sr>70%,kvB<=4k,kp=0,1.5527,4
128,n<=2,sr<=70%,kvB<=16k,kp<=1k,0.2511,2
128,n<=2,sr<=70%,kvB<=16k,kp<=2k,0.1143,2
128,n<=2,sr<=70%,kvB<=16k,kp<=4k,0.3936,2
128,n<=2,sr<=70%,kvB<=16k,kp<=512,0.7254,2
128,n<=2,sr<=70%,kvB<=16k,kp<=8k,0.6868,2
128,n<=2,sr<=70%,kvB<=16k,kp=0,0.9462,2
128,n<=2,sr<=70%,kvB<=1k,kp<=1k,0.2029,2
128,n<=2,sr<=70%,kvB<=1k,kp<=2k,-0.4125,2
128,n<=2,sr<=70%,kvB<=1k,kp<=4k,0.3377,2
128,n<=2,sr<=70%,kvB<=1k,kp<=512,0.8538,2
128,n<=2,sr<=70%,kvB<=1k,kp<=8k,0.2799,2
128,n<=2,sr<=70%,kvB<=1k,kp=0,0.2316,2
128,n<=2,sr<=70%,kvB<=4k,kp<=1k,0.4699,2
128,n<=2,sr<=70%,kvB<=4k,kp<=2k,0.7167,2
128,n<=2,sr<=70%,kvB<=4k,kp<=4k,0.5958,2
128,n<=2,sr<=70%,kvB<=4k,kp<=512,0.169,2
128,n<=2,sr<=70%,kvB<=4k,kp<=8k,0.8877,2
128,n<=2,sr<=70%,kvB<=4k,kp=0,0.6199,2
128,n<=32,sr<=15%,kvB<=16k,kp<=1k,0.0519,6
128,n<=32,sr<=15%,kvB<=16k,kp<=2k,0.0411,6
128,n<=32,sr<=15%,kvB<=16k,kp<=4k,0.0294,6
128,n<=32,sr<=15%,kvB<=16k,kp<=512,0.0747,6
128,n<=32,sr<=15%,kvB<=16k,kp<=8k,0.0271,6
128,n<=32,sr<=15%,kvB<=16k,kp=0,0.0909,6
128,n<=32,sr<=15%,kvB<=1k,kp<=1k,0.0578,6
128,n<=32,sr<=15%,kvB<=1k,kp<=2k,0.0607,6
128,n<=32,sr<=15%,kvB<=1k,kp<=4k,0.0574,6
128,n<=32,sr<=15%,kvB<=1k,kp<=512,0.0769,6
128,n<=32,sr<=15%,kvB<=1k,kp<=8k,0.0539,6
128,n<=32,sr<=15%,kvB<=1k,kp=0,0.1031,6
128,n<=32,sr<=15%,kvB<=4k,kp<=1k,0.0652,6
128,n<=32,sr<=15%,kvB<=4k,kp<=2k,0.0448,6
128,n<=32,sr<=15%,kvB<=4k,kp<=4k,0.0501,6
128,n<=32,sr<=15%,kvB<=4k,kp<=512,0.0503,6
128,n<=32,sr<=15%,kvB<=4k,kp<=8k,0.0282,6
128,n<=32,sr<=15%,kvB<=4k,kp=0,0.1436,6
128,n<=32,sr<=40%,kvB<=16k,kp<=1k,0.0691,2
128,n<=32,sr<=40%,kvB<=16k,kp<=2k,0.0503,2
128,n<=32,sr<=40%,kvB<=16k,kp<=4k,0.051,2
128,n<=32,sr<=40%,kvB<=16k,kp<=512,0.105,2
128,n<=32,sr<=40%,kvB<=16k,kp<=8k,0.0412,2
128,n<=32,sr<=40%,kvB<=16k,kp=0,0.1166,2
128,n<=32,sr<=40%,kvB<=1k,kp<=1k,0.0791,2
128,n<=32,sr<=40%,kvB<=1k,kp<=2k,0.0843,2
128,n<=32,sr<=40%,kvB<=1k,kp<=4k,0.092,2
128,n<=32,sr<=40%,kvB<=1k,kp<=512,0.0834,2
128,n<=32,sr<=40%,kvB<=1k,kp<=8k,0.102,2
128,n<=32,sr<=40%,kvB<=1k,kp=0,0.1428,2
128,n<=32,sr<=40%,kvB<=4k,kp<=1k,0.0651,2
128,n<=32,sr<=40%,kvB<=4k,kp<=2k,0.1146,2
128,n<=32,sr<=40%,kvB<=4k,kp<=4k,0.0856,2
128,n<=32,sr<=40%,kvB<=4k,kp<=512,0.1124,2
128,n<=32,sr<=40%,kvB<=4k,kp<=8k,0.0206,2
128,n<=32,sr<=40%,kvB<=4k,kp=0,0.2361,2
128,n<=32,sr<=5%,kvB<=16k,kp<=1k,0.0441,2
128,n<=32,sr<=5%,kvB<=16k,kp<=2k,0.0317,2
128,n<=32,sr<=5%,kvB<=16k,kp<=4k,0.0367,2
128,n<=32,sr<=5%,kvB<=16k,kp<=512,0.0642,2
128,n<=32,sr<=5%,kvB<=16k,kp<=8k,0.0093,2
128,n<=32,sr<=5%,kvB<=16k,kp=0,0.0659,2
128,n<=32,sr<=5%,kvB<=1k,kp<=1k,0.0159,2
128,n<=32,sr<=5%,kvB<=1k,kp<=2k,0.0163,2
128,n<=32,sr<=5%,kvB<=1k,kp<=4k,0.019,2
128,n<=32,sr<=5%,kvB<=1k,kp<=512,0.0381,2
128,n<=32,sr<=5%,kvB<=1k,kp<=8k,0.0291,2
128,n<=32,sr<=5%,kvB<=1k,kp=0,0.0562,2
128,n<=32,sr<=5%,kvB<=4k,kp<=1k,0.0489,2
128,n<=32,sr<=5%,kvB<=4k,kp<=2k,0.0422,2
128,n<=32,sr<=5%,kvB<=4k,kp<=4k,0.0213,2
128,n<=32,sr<=5%,kvB<=4k,kp<=512,0.0388,2
128,n<=32,sr<=5%,kvB<=4k,kp<=8k,0.0212,2
128,n<=32,sr<=5%,kvB<=4k,kp=0,0.1025,2
128,n<=32,sr<=70%,kvB<=16k,kp<=1k,0.1455,2
128,n<=32,sr<=70%,kvB<=16k,kp<=2k,0.1133,2
128,n<=32,sr<=70%,kvB<=16k,kp<=4k,0.0914,2
128,n<=32,sr<=70%,kvB<=16k,kp<=512,0.1825,2
128,n<=32,sr<=70%,kvB<=16k,kp<=8k,0.0851,2
128,n<=32,sr<=70%,kvB<=16k,kp=0,0.2095,2
128,n<=32,sr<=70%,kvB<=1k,kp<=1k,0.1516,2
128,n<=32,sr<=70%,kvB<=1k,kp<=2k,0.1445,2
128,n<=32,sr<=70%,kvB<=1k,kp<=4k,0.1596,2
128,n<=32,sr<=70%,kvB<=1k,kp<=512,0.1447,2
128,n<=32,sr<=70%,kvB<=1k,kp<=8k,0.036,2
128,n<=32,sr<=70%,kvB<=1k,kp=0,0.2506,2
128,n<=32,sr<=70%,kvB<=4k,kp<=1k,0.1401,2
128,n<=32,sr<=70%,kvB<=4k,kp<=2k,0.1631,2
128,n<=32,sr<=70%,kvB<=4k,kp<=4k,0.103,2
128,n<=32,sr<=70%,kvB<=4k,kp<=512,0.2875,2
128,n<=32,sr<=70%,kvB<=4k,kp<=8k,0.1197,2
128,n<=32,sr<=70%,kvB<=4k,kp=0,0.4847,2
128,n<=32,sr>70%,kvB<=16k,kp<=1k,0.3382,4
128,n<=32,sr>70%,kvB<=16k,kp<=2k,0.3037,4
128,n<=32,sr>70%,kvB<=16k,kp<=4k,0.1986,4
128,n<=32,sr>70%,kvB<=16k,kp<=512,0.3826,4
128,n<=32,sr>70%,kvB<=16k,kp<=8k,0.1313,4
128,n<=32,sr>70%,kvB<=16k,kp=0,0.4692,4
128,n<=32,sr>70%,kvB<=1k,kp<=1k,0.2871,4
128,n<=32,sr>70%,kvB<=1k,kp<=2k,0.3376,4
128,n<=32,sr>70%,kvB<=1k,kp<=4k,0.3238,4
128,n<=32,sr>70%,kvB<=1k,kp<=512,0.2914,4
128,n<=32,sr>70%,kvB<=1k,kp<=8k,0.149,4
128,n<=32,sr>70%,kvB<=1k,kp=0,1.0121,4
128,n<=32,sr>70%,kvB<=4k,kp<=1k,0.2381,4
128,n<=32,sr>70%,kvB<=4k,kp<=2k,0.2196,4
128,n<=32,sr>70%,kvB<=4k,kp<=4k,0.1833,4
128,n<=32,sr>70%,kvB<=4k,kp<=512,0.8391,4
128,n<=32,sr>70%,kvB<=4k,kp<=8k,0.1423,4
128,n<=32,sr>70%,kvB<=4k,kp=0,1.4695,4
128,n<=4,sr<=40%,kvB<=16k,kp<=1k,0.2939,2
128,n<=4,sr<=40%,kvB<=16k,kp<=2k,0.2582,2
128,n<=4,sr<=40%,kvB<=16k,kp<=4k,0.2802,2
128,n<=4,sr<=40%,kvB<=16k,kp<=512,0.3648,2
128,n<=4,sr<=40%,kvB<=16k,kp<=8k,0.3151,2
128,n<=4,sr<=40%,kvB<=16k,kp=0,0.4956,2
128,n<=4,sr<=40%,kvB<=1k,kp<=1k,0.2097,2
128,n<=4,sr<=40%,kvB<=1k,kp<=2k,-0.0682,2
128,n<=4,sr<=40%,kvB<=1k,kp<=4k,0.2493,2
128,n<=4,sr<=40%,kvB<=1k,kp<=512,0.445,2
128,n<=4,sr<=40%,kvB<=1k,kp<=8k,0.2108,2
128,n<=4,sr<=40%,kvB<=1k,kp=0,0.3728,2
128,n<=4,sr<=40%,kvB<=4k,kp<=1k,0.3129,2
128,n<=4,sr<=40%,kvB<=4k,kp<=2k,0.3483,2
128,n<=4,sr<=40%,kvB<=4k,kp<=4k,-0.1101,2
128,n<=4,sr<=40%,kvB<=4k,kp<=512,0.2797,2
128,n<=4,sr<=40%,kvB<=4k,kp<=8k,-0.0674,2
128,n<=4,sr<=40%,kvB<=4k,kp=0,0.3724,2
128,n<=4,sr<=70%,kvB<=16k,kp<=1k,0.4714,2
128,n<=4,sr<=70%,kvB<=16k,kp<=2k,0.2901,2
128,n<=4,sr<=70%,kvB<=16k,kp<=4k,0.3559,2
128,n<=4,sr<=70%,kvB<=16k,kp<=512,0.6806,2
128,n<=4,sr<=70%,kvB<=16k,kp<=8k,0.3255,2
128,n<=4,sr<=70%,kvB<=16k,kp=0,0.9187,2
128,n<=4,sr<=70%,kvB<=1k,kp<=1k,0.1416,2
128,n<=4,sr<=70%,kvB<=1k,kp<=2k,-0.0608,2
128,n<=4,sr<=70%,kvB<=1k,kp<=4k,-0.0109,2
128,n<=4,sr<=70%,kvB<=1k,kp<=512,0.4896,2
128,n<=4,sr<=70%,kvB<=1k,kp<=8k,0.0953,1
128,n<=4,sr<=70%,kvB<=1k,kp=0,0.2494,2
128,n<=4,sr<=70%,kvB<=4k,kp<=1k,0.3709,2
128,n<=4,sr<=70%,kvB<=4k,kp<=2k,0.3977,2
128,n<=4,sr<=70%,kvB<=4k,kp<=4k,-0.5919,2
128,n<=4,sr<=70%,kvB<=4k,kp<=512,0.1917,2
128,n<=4,sr<=70%,kvB<=4k,kp<=8k,-0.2654,2
128,n<=4,sr<=70%,kvB<=4k,kp=0,0.5703,2
128,n<=4,sr>70%,kvB<=16k,kp<=1k,0.4676,2
128,n<=4,sr>70%,kvB<=16k,kp<=2k,0.2413,2
128,n<=4,sr>70%,kvB<=16k,kp<=4k,0.2906,2
128,n<=4,sr>70%,kvB<=16k,kp<=512,0.6067,2
128,n<=4,sr>70%,kvB<=16k,kp<=8k,0.5691,2
128,n<=4,sr>70%,kvB<=16k,kp=0,0.893,2
128,n<=4,sr>70%,kvB<=1k,kp<=1k,0.1957,2
128,n<=4,sr>70%,kvB<=1k,kp<=2k,0.3083,2
128,n<=4,sr>70%,kvB<=1k,kp<=4k,-0.1783,2
128,n<=4,sr>70%,kvB<=1k,kp<=512,0.8198,2
128,n<=4,sr>70%,kvB<=1k,kp<=8k,0.0032,2
128,n<=4,sr>70%,kvB<=1k,kp=0,0.1201,2
128,n<=4,sr>70%,kvB<=4k,kp<=1k,0.3079,2
128,n<=4,sr>70%,kvB<=4k,kp<=2k,0.622,2
128,n<=4,sr>70%,kvB<=4k,kp<=4k,0.6796,2
128,n<=4,sr>70%,kvB<=4k,kp<=512,-0.0277,2
128,n<=4,sr>70%,kvB<=4k,kp<=8k,0.1383,2
128,n<=4,sr>70%,kvB<=4k,kp=0,0.5894,2
128,n<=64,sr<=15%,kvB<=16k,kp<=1k,0.0096,4
128,n<=64,sr<=15%,kvB<=16k,kp<=2k,0.0093,4
128,n<=64,sr<=15%,kvB<=16k,kp<=4k,0.0095,4
128,n<=64,sr<=15%,kvB<=16k,kp<=512,0.0075,4
128,n<=64,sr<=15%,kvB<=16k,kp<=8k,0.0056,4
128,n<=64,sr<=15%,kvB<=16k,kp=0,0.0083,4
128,n<=64,sr<=15%,kvB<=1k,kp<=1k,0.0415,4
128,n<=64,sr<=15%,kvB<=1k,kp<=2k,0.0319,4
128,n<=64,sr<=15%,kvB<=1k,kp<=4k,0.0347,4
128,n<=64,sr<=15%,kvB<=1k,kp<=512,0.0444,4
128,n<=64,sr<=15%,kvB<=1k,kp<=8k,0.052,4
128,n<=64,sr<=15%,kvB<=1k,kp=0,0.0429,4
128,n<=64,sr<=15%,kvB<=4k,kp<=1k,0.0108,4
128,n<=64,sr<=15%,kvB<=4k,kp<=2k,0.008,4
128,n<=64,sr<=15%,kvB<=4k,kp<=4k,0.0015,4
128,n<=64,sr<=15%,kvB<=4k,kp<=512,0.0111,4
128,n<=64,sr<=15%,kvB<=4k,kp<=8k,0.0014,4
128,n<=64,sr<=15%,kvB<=4k,kp=0,0.0087,4
128,n<=64,sr<=40%,kvB<=16k,kp<=1k,0.003,2
128,n<=64,sr<=40%,kvB<=16k,kp<=2k,0.0039,2
128,n<=64,sr<=40%,kvB<=16k,kp<=4k,0.0042,2
128,n<=64,sr<=40%,kvB<=16k,kp<=512,0.0028,2
128,n<=64,sr<=40%,kvB<=16k,kp<=8k,0.0048,2
128,n<=64,sr<=40%,kvB<=16k,kp=0,0.0039,2
128,n<=64,sr<=40%,kvB<=1k,kp<=1k,0.0521,2
128,n<=64,sr<=40%,kvB<=1k,kp<=2k,0.0401,2
128,n<=64,sr<=40%,kvB<=1k,kp<=4k,0.0522,2
128,n<=64,sr<=40%,kvB<=1k,kp<=512,0.0389,2
128,n<=64,sr<=40%,kvB<=1k,kp<=8k,0.0725,2
128,n<=64,sr<=40%,kvB<=1k,kp=0,0.0381,2
128,n<=64,sr<=40%,kvB<=4k,kp<=1k,0.0028,2
128,n<=64,sr<=40%,kvB<=4k,kp<=2k,0.001,2
128,n<=64,sr<=40%,kvB<=4k,kp<=4k,-0.0015,2
128,n<=64,sr<=40%,kvB<=4k,kp<=512,0.002,2
128,n<=64,sr<=40%,kvB<=4k,kp<=8k,-0.0044,2
128,n<=64,sr<=40%,kvB<=4k,kp=0,0.0016,2
128,n<=64,sr<=5%,kvB<=16k,kp<=1k,0.0112,6
128,n<=64,sr<=5%,kvB<=16k,kp<=2k,0.0113,6
128,n<=64,sr<=5%,kvB<=16k,kp<=4k,0.0112,6
128,n<=64,sr<=5%,kvB<=16k,kp<=512,0.0108,6
128,n<=64,sr<=5%,kvB<=16k,kp<=8k,0.0089,6
128,n<=64,sr<=5%,kvB<=16k,kp=0,0.0109,6
128,n<=64,sr<=5%,kvB<=1k,kp<=1k,0.017,6
128,n<=64,sr<=5%,kvB<=1k,kp<=2k,0.0117,6
128,n<=64,sr<=5%,kvB<=1k,kp<=4k,0.0126,6
128,n<=64,sr<=5%,kvB<=1k,kp<=512,0.0196,6
128,n<=64,sr<=5%,kvB<=1k,kp<=8k,0.0181,6
128,n<=64,sr<=5%,kvB<=1k,kp=0,0.0159,6
128,n<=64,sr<=5%,kvB<=4k,kp<=1k,0.0119,6
128,n<=64,sr<=5%,kvB<=4k,kp<=2k,0.0099,6
128,n<=64,sr<=5%,kvB<=4k,kp<=4k,0.0004,6
128,n<=64,sr<=5%,kvB<=4k,kp<=512,0.0122,6
128,n<=64,sr<=5%,kvB<=4k,kp<=8k,0.0024,6
128,n<=64,sr<=5%,kvB<=4k,kp=0,0.013,6
128,n<=64,sr<=70%,kvB<=16k,kp<=1k,-0.004,2
128,n<=64,sr<=70%,kvB<=16k,kp<=2k,-0.0005,2
128,n<=64,sr<=70%,kvB<=16k,kp<=4k,0.0001,2
128,n<=64,sr<=70%,kvB<=16k,kp<=512,-0.0025,2
128,n<=64,sr<=70%,kvB<=16k,kp<=8k,0.0018,2
128,n<=64,sr<=70%,kvB<=16k,kp=0,-0.0031,2
128,n<=64,sr<=70%,kvB<=1k,kp<=1k,0.0115,2
128,n<=64,sr<=70%,kvB<=1k,kp<=2k,0.021,2
128,n<=64,sr<=70%,kvB<=1k,kp<=4k,0.0176,2
128,n<=64,sr<=70%,kvB<=1k,kp<=512,0.0227,2
128,n<=64,sr<=70%,kvB<=1k,kp<=8k,0.0516,2
128,n<=64,sr<=70%,kvB<=1k,kp=0,0.0021,2
128,n<=64,sr<=70%,kvB<=4k,kp<=1k,0.0024,2
128,n<=64,sr<=70%,kvB<=4k,kp<=2k,-0.0,2
128,n<=64,sr<=70%,kvB<=4k,kp<=4k,-0.0036,2
128,n<=64,sr<=70%,kvB<=4k,kp<=512,-0.0049,2
128,n<=64,sr<=70%,kvB<=4k,kp<=8k,-0.0132,2
128,n<=64,sr<=70%,kvB<=4k,kp=0,-0.0052,2
128,n<=64,sr>70%,kvB<=16k,kp<=1k,-0.0081,4
128,n<=64,sr>70%,kvB<=16k,kp<=2k,-0.0033,4
128,n<=64,sr>70%,kvB<=16k,kp<=4k,0.0034,4
128,n<=64,sr>70%,kvB<=16k,kp<=512,-0.0076,4
128,n<=64,sr>70%,kvB<=16k,kp<=8k,-0.0072,4
128,n<=64,sr>70%,kvB<=16k,kp=0,-0.0063,4
128,n<=64,sr>70%,kvB<=1k,kp<=1k,0.0669,4
128,n<=64,sr>70%,kvB<=1k,kp<=2k,0.1344,4
128,n<=64,sr>70%,kvB<=1k,kp<=4k,0.1698,4
128,n<=64,sr>70%,kvB<=1k,kp<=512,0.0741,4
128,n<=64,sr>70%,kvB<=1k,kp<=8k,0.2528,4
128,n<=64,sr>70%,kvB<=1k,kp=0,0.0607,4
128,n<=64,sr>70%,kvB<=4k,kp<=1k,-0.0052,4
128,n<=64,sr>70%,kvB<=4k,kp<=2k,-0.0034,4
128,n<=64,sr>70%,kvB<=4k,kp<=4k,0.003,4
128,n<=64,sr>70%,kvB<=4k,kp<=512,-0.0154,4
128,n<=64,sr>70%,kvB<=4k,kp<=8k,0.0095,4
128,n<=64,sr>70%,kvB<=4k,kp=0,-0.0113,4
128,n<=8,sr<=15%,kvB<=16k,kp<=1k,0.1971,2
128,n<=8,sr<=15%,kvB<=16k,kp<=2k,0.1599,2
128,n<=8,sr<=15%,kvB<=16k,kp<=4k,0.128,2
128,n<=8,sr<=15%,kvB<=16k,kp<=512,0.1991,2
128,n<=8,sr<=15%,kvB<=16k,kp<=8k,0.0945,2
128,n<=8,sr<=15%,kvB<=16k,kp=0,0.2215,2
128,n<=8,sr<=15%,kvB<=1k,kp<=1k,0.1049,2
128,n<=8,sr<=15%,kvB<=1k,kp<=2k,0.0899,2
128,n<=8,sr<=15%,kvB<=1k,kp<=4k,0.0996,2
128,n<=8,sr<=15%,kvB<=1k,kp<=512,0.2048,2
128,n<=8,sr<=15%,kvB<=1k,kp<=8k,0.0752,2
128,n<=8,sr<=15%,kvB<=1k,kp=0,0.2556,2
128,n<=8,sr<=15%,kvB<=4k,kp<=1k,0.1714,2
128,n<=8,sr<=15%,kvB<=4k,kp<=2k,0.1131,2
128,n<=8,sr<=15%,kvB<=4k,kp<=4k,0.0275,2
128,n<=8,sr<=15%,kvB<=4k,kp<=512,0.1905,2
128,n<=8,sr<=15%,kvB<=4k,kp<=8k,0.0464,2
128,n<=8,sr<=15%,kvB<=4k,kp=0,0.213,2
128,n<=8,sr<=40%,kvB<=16k,kp<=1k,0.2077,4
128,n<=8,sr<=40%,kvB<=16k,kp<=2k,0.1274,4
128,n<=8,sr<=40%,kvB<=16k,kp<=4k,0.1587,4
128,n<=8,sr<=40%,kvB<=16k,kp<=512,0.2745,4
128,n<=8,sr<=40%,kvB<=16k,kp<=8k,0.202,4
128,n<=8,sr<=40%,kvB<=16k,kp=0,0.3263,4
128,n<=8,sr<=40%,kvB<=1k,kp<=1k,0.1014,4
128,n<=8,sr<=40%,kvB<=1k,kp<=2k,0.0419,4
128,n<=8,sr<=40%,kvB<=1k,kp<=4k,0.0002,4
128,n<=8,sr<=40%,kvB<=1k,kp<=512,0.2331,4
128,n<=8,sr<=40%,kvB<=1k,kp<=8k,0.1808,4
128,n<=8,sr<=40%,kvB<=1k,kp=0,0.2209,4
128,n<=8,sr<=40%,kvB<=4k,kp<=1k,0.1905,4
128,n<=8,sr<=40%,kvB<=4k,kp<=2k,0.209,4
128,n<=8,sr<=40%,kvB<=4k,kp<=4k,0.0202,4
128,n<=8,sr<=40%,kvB<=4k,kp<=512,0.1562,4
128,n<=8,sr<=40%,kvB<=4k,kp<=8k,-0.0974,4
128,n<=8,sr<=40%,kvB<=4k,kp=0,0.2255,4
128,n<=8,sr<=70%,kvB<=16k,kp<=1k,0.4096,2
128,n<=8,sr<=70%,kvB<=16k,kp<=2k,0.2682,2
128,n<=8,sr<=70%,kvB<=16k,kp<=4k,0.1142,2
128,n<=8,sr<=70%,kvB<=16k,kp<=512,0.4038,2
128,n<=8,sr<=70%,kvB<=16k,kp<=8k,0.1916,2
128,n<=8,sr<=70%,kvB<=16k,kp=0,0.3407,2
128,n<=8,sr<=70%,kvB<=1k,kp<=1k,0.0226,2
128,n<=8,sr<=70%,kvB<=1k,kp<=2k,0.0569,2
128,n<=8,sr<=70%,kvB<=1k,kp<=4k,0.057,2
128,n<=8,sr<=70%,kvB<=1k,kp<=512,0.2755,2
128,n<=8,sr<=70%,kvB<=1k,kp<=8k,-0.18,2
128,n<=8,sr<=70%,kvB<=1k,kp=0,0.1625,2
128,n<=8,sr<=70%,kvB<=4k,kp<=1k,0.1769,2
128,n<=8,sr<=70%,kvB<=4k,kp<=2k,0.2746,2
128,n<=8,sr<=70%,kvB<=4k,kp<=4k,-0.0449,2
128,n<=8,sr<=70%,kvB<=4k,kp<=512,0.1635,2
128,n<=8,sr<=70%,kvB<=4k,kp<=8k,-0.0329,2
128,n<=8,sr<=70%,kvB<=4k,kp=0,0.3094,2
128,n<=8,sr>70%,kvB<=16k,kp<=1k,1.108,4
128,n<=8,sr>70%,kvB<=16k,kp<=2k,0.5691,4
128,n<=8,sr>70%,kvB<=16k,kp<=4k,0.1577,4
128,n<=8,sr>70%,kvB<=16k,kp<=512,0.933,4
128,n<=8,sr>70%,kvB<=16k,kp<=8k,0.7216,4
128,n<=8,sr>70%,kvB<=16k,kp=0,1.0826,4
128,n<=8,sr>70%,kvB<=1k,kp<=1k,0.4925,4
128,n<=8,sr>70%,kvB<=1k,kp<=2k,0.2713,4
128,n<=8,sr>70%,kvB<=1k,kp<=4k,-0.1076,4
128,n<=8,sr>70%,kvB<=1k,kp<=512,0.4933,4
128,n<=8,sr>70%,kvB<=1k,kp<=8k,0.0056,4
128,n<=8,sr>70%,kvB<=1k,kp=0,0.2567,4
128,n<=8,sr>70%,kvB<=4k,kp<=1k,0.1285,4
128,n<=8,sr>70%,kvB<=4k,kp<=2k,0.2942,4
128,n<=8,sr>70%,kvB<=4k,kp<=4k,0.5323,4
128,n<=8,sr>70%,kvB<=4k,kp<=512,0.3001,4
128,n<=8,sr>70%,kvB<=4k,kp<=8k,0.0316,4
128,n<=8,sr>70%,kvB<=4k,kp=0,0.7134,4
256,n<=128,sr<=15%,kvB<=16k,kp<=1k,-0.0002,4
256,n<=128,sr<=15%,kvB<=16k,kp<=2k,-0.0003,4
256,n<=128,sr<=15%,kvB<=16k,kp<=4k,-0.0003,4
256,n<=128,sr<=15%,kvB<=16k,kp<=512,0.0001,4
256,n<=128,sr<=15%,kvB<=16k,kp<=8k,-0.0,4
256,n<=128,sr<=15%,kvB<=16k,kp=0,0.0006,4
256,n<=128,sr<=15%,kvB<=1k,kp<=1k,0.0492,4
256,n<=128,sr<=15%,kvB<=1k,kp<=2k,0.0518,4
256,n<=128,sr<=15%,kvB<=1k,kp<=4k,0.058,4
256,n<=128,sr<=15%,kvB<=1k,kp<=512,0.0474,4
256,n<=128,sr<=15%,kvB<=1k,kp<=8k,0.0804,4
256,n<=128,sr<=15%,kvB<=1k,kp=0,0.0521,4
256,n<=128,sr<=15%,kvB<=4k,kp<=1k,0.0012,4
256,n<=128,sr<=15%,kvB<=4k,kp<=2k,0.0009,4
256,n<=128,sr<=15%,kvB<=4k,kp<=4k,0.0023,4
256,n<=128,sr<=15%,kvB<=4k,kp<=512,0.0009,4
256,n<=128,sr<=15%,kvB<=4k,kp<=8k,0.0054,4
256,n<=128,sr<=15%,kvB<=4k,kp=0,0.0006,4
256,n<=128,sr<=40%,kvB<=16k,kp<=1k,-0.0012,2
256,n<=128,sr<=40%,kvB<=16k,kp<=2k,-0.0023,2
256,n<=128,sr<=40%,kvB<=16k,kp<=4k,-0.002,2
256,n<=128,sr<=40%,kvB<=16k,kp<=512,-0.0016,2
256,n<=128,sr<=40%,kvB<=16k,kp<=8k,-0.0012,2
256,n<=128,sr<=40%,kvB<=16k,kp=0,-0.0013,2
256,n<=128,sr<=40%,kvB<=1k,kp<=1k,0.1077,2
256,n<=128,sr<=40%,kvB<=1k,kp<=2k,0.1051,2
256,n<=128,sr<=40%,kvB<=1k,kp<=4k,0.1121,2
256,n<=128,sr<=40%,kvB<=1k,kp<=512,0.0962,2
256,n<=128,sr<=40%,kvB<=1k,kp<=8k,0.1105,2
256,n<=128,sr<=40%,kvB<=1k,kp=0,0.0942,2
256,n<=128,sr<=40%,kvB<=4k,kp<=1k,0.001,2
256,n<=128,sr<=40%,kvB<=4k,kp<=2k,0.0002,2
256,n<=128,sr<=40%,kvB<=4k,kp<=4k,0.0008,2
256,n<=128,sr<=40%,kvB<=4k,kp<=512,0.0015,2
256,n<=128,sr<=40%,kvB<=4k,kp<=8k,0.0021,2
256,n<=128,sr<=40%,kvB<=4k,kp=0,-0.0001,2
256,n<=128,sr<=5%,kvB<=16k,kp<=1k,0.0017,8
256,n<=128,sr<=5%,kvB<=16k,kp<=2k,0.0017,8
256,n<=128,sr<=5%,kvB<=16k,kp<=4k,0.0021,8
256,n<=128,sr<=5%,kvB<=16k,kp<=512,0.0017,8
256,n<=128,sr<=5%,kvB<=16k,kp<=8k,0.0015,8
256,n<=128,sr<=5%,kvB<=16k,kp=0,0.0021,8
256,n<=128,sr<=5%,kvB<=1k,kp<=1k,0.0056,8
256,n<=128,sr<=5%,kvB<=1k,kp<=2k,0.006,8
256,n<=128,sr<=5%,kvB<=1k,kp<=4k,0.0059,8
256,n<=128,sr<=5%,kvB<=1k,kp<=512,0.0145,8
256,n<=128,sr<=5%,kvB<=1k,kp<=8k,0.0159,8
256,n<=128,sr<=5%,kvB<=1k,kp=0,0.0062,8
256,n<=128,sr<=5%,kvB<=4k,kp<=1k,0.002,8
256,n<=128,sr<=5%,kvB<=4k,kp<=2k,0.002,8
256,n<=128,sr<=5%,kvB<=4k,kp<=4k,0.0023,8
256,n<=128,sr<=5%,kvB<=4k,kp<=512,0.0022,8
256,n<=128,sr<=5%,kvB<=4k,kp<=8k,0.0021,8
256,n<=128,sr<=5%,kvB<=4k,kp=0,0.0022,8
256,n<=128,sr<=70%,kvB<=16k,kp<=1k,-0.0056,2
256,n<=128,sr<=70%,kvB<=16k,kp<=2k,-0.0073,2
256,n<=128,sr<=70%,kvB<=16k,kp<=4k,-0.0079,2
256,n<=128,sr<=70%,kvB<=16k,kp<=512,-0.0052,2
256,n<=128,sr<=70%,kvB<=16k,kp<=8k,-0.0083,2
256,n<=128,sr<=70%,kvB<=16k,kp=0,-0.0038,2
256,n<=128,sr<=70%,kvB<=1k,kp<=1k,0.1387,2
256,n<=128,sr<=70%,kvB<=1k,kp<=2k,0.1444,2
256,n<=128,sr<=70%,kvB<=1k,kp<=4k,0.1639,2
256,n<=128,sr<=70%,kvB<=1k,kp<=512,0.1379,2
256,n<=128,sr<=70%,kvB<=1k,kp<=8k,0.1626,2
256,n<=128,sr<=70%,kvB<=1k,kp=0,0.1569,2
256,n<=128,sr<=70%,kvB<=4k,kp<=1k,-0.0051,2
256,n<=128,sr<=70%,kvB<=4k,kp<=2k,-0.0028,2
256,n<=128,sr<=70%,kvB<=4k,kp<=4k,0.0063,2
256,n<=128,sr<=70%,kvB<=4k,kp<=512,-0.0045,2
256,n<=128,sr<=70%,kvB<=4k,kp<=8k,0.0047,2
256,n<=128,sr<=70%,kvB<=4k,kp=0,-0.0049,2
256,n<=128,sr>70%,kvB<=16k,kp<=1k,-0.0059,4
256,n<=128,sr>70%,kvB<=16k,kp<=2k,-0.0063,4
256,n<=128,sr>70%,kvB<=16k,kp<=4k,-0.0085,4
256,n<=128,sr>70%,kvB<=16k,kp<=512,-0.0078,4
256,n<=128,sr>70%,kvB<=16k,kp<=8k,-0.0163,4
256,n<=128,sr>70%,kvB<=16k,kp=0,-0.0072,4
256,n<=128,sr>70%,kvB<=1k,kp<=1k,0.186,4
256,n<=128,sr>70%,kvB<=1k,kp<=2k,0.2232,4
256,n<=128,sr>70%,kvB<=1k,kp<=4k,0.3643,4
256,n<=128,sr>70%,kvB<=1k,kp<=512,0.1518,4
256,n<=128,sr>70%,kvB<=1k,kp<=8k,0.3929,4
256,n<=128,sr>70%,kvB<=1k,kp=0,0.1504,4
256,n<=128,sr>70%,kvB<=4k,kp<=1k,-0.0098,4
256,n<=128,sr>70%,kvB<=4k,kp<=2k,-0.0116,4
256,n<=128,sr>70%,kvB<=4k,kp<=4k,-0.0025,4
256,n<=128,sr>70%,kvB<=4k,kp<=512,-0.0062,4
256,n<=128,sr>70%,kvB<=4k,kp<=8k,0.0103,4
256,n<=128,sr>70%,kvB<=4k,kp=0,-0.0032,4
256,n<=16,sr<=15%,kvB<=16k,kp<=1k,0.0841,4
256,n<=16,sr<=15%,kvB<=16k,kp<=2k,0.0563,4
256,n<=16,sr<=15%,kvB<=16k,kp<=4k,0.0119,4
256,n<=16,sr<=15%,kvB<=16k,kp<=512,0.1101,4
256,n<=16,sr<=15%,kvB<=16k,kp<=8k,0.0121,4
256,n<=16,sr<=15%,kvB<=16k,kp=0,0.1597,4
256,n<=16,sr<=15%,kvB<=1k,kp<=1k,0.0671,4
256,n<=16,sr<=15%,kvB<=1k,kp<=2k,0.0687,4
256,n<=16,sr<=15%,kvB<=1k,kp<=4k,0.0656,4
256,n<=16,sr<=15%,kvB<=1k,kp<=512,0.1068,4
256,n<=16,sr<=15%,kvB<=1k,kp<=8k,0.093,4
256,n<=16,sr<=15%,kvB<=1k,kp=0,0.1457,4
256,n<=16,sr<=15%,kvB<=4k,kp<=1k,0.0865,4
256,n<=16,sr<=15%,kvB<=4k,kp<=2k,0.0568,4
256,n<=16,sr<=15%,kvB<=4k,kp<=4k,0.0166,4
256,n<=16,sr<=15%,kvB<=4k,kp<=512,0.0876,4
256,n<=16,sr<=15%,kvB<=4k,kp<=8k,0.0116,4
256,n<=16,sr<=15%,kvB<=4k,kp=0,0.1617,4
256,n<=16,sr<=40%,kvB<=16k,kp<=1k,0.1169,4
256,n<=16,sr<=40%,kvB<=16k,kp<=2k,0.0553,4
256,n<=16,sr<=40%,kvB<=16k,kp<=4k,0.0046,4
256,n<=16,sr<=40%,kvB<=16k,kp<=512,0.1576,4
256,n<=16,sr<=40%,kvB<=16k,kp<=8k,0.0771,4
256,n<=16,sr<=40%,kvB<=16k,kp=0,0.2379,4
256,n<=16,sr<=40%,kvB<=1k,kp<=1k,0.0758,4
256,n<=16,sr<=40%,kvB<=1k,kp<=2k,0.0863,4
256,n<=16,sr<=40%,kvB<=1k,kp<=4k,0.0755,4
256,n<=16,sr<=40%,kvB<=1k,kp<=512,0.1158,4
256,n<=16,sr<=40%,kvB<=1k,kp<=8k,0.0915,4
256,n<=16,sr<=40%,kvB<=1k,kp=0,0.1472,4
256,n<=16,sr<=40%,kvB<=4k,kp<=1k,0.0752,4
256,n<=16,sr<=40%,kvB<=4k,kp<=2k,0.0833,4
256,n<=16,sr<=40%,kvB<=4k,kp<=4k,0.0222,4
256,n<=16,sr<=40%,kvB<=4k,kp<=512,0.0727,4
256,n<=16,sr<=40%,kvB<=4k,kp<=8k,0.0335,4
256,n<=16,sr<=40%,kvB<=4k,kp=0,0.1872,4
256,n<=16,sr<=70%,kvB<=16k,kp<=1k,0.2366,2
256,n<=16,sr<=70%,kvB<=16k,kp<=2k,0.1549,2
256,n<=16,sr<=70%,kvB<=16k,kp<=4k,0.0658,2
256,n<=16,sr<=70%,kvB<=16k,kp<=512,0.3115,2
256,n<=16,sr<=70%,kvB<=16k,kp<=8k,0.0795,2
256,n<=16,sr<=70%,kvB<=16k,kp=0,0.5947,2
256,n<=16,sr<=70%,kvB<=1k,kp<=1k,0.0444,2
256,n<=16,sr<=70%,kvB<=1k,kp<=2k,0.0423,2
256,n<=16,sr<=70%,kvB<=1k,kp<=4k,0.019,2
256,n<=16,sr<=70%,kvB<=1k,kp<=512,0.08,2
256,n<=16,sr<=70%,kvB<=1k,kp<=8k,0.0473,2
256,n<=16,sr<=70%,kvB<=1k,kp=0,0.1177,2
256,n<=16,sr<=70%,kvB<=4k,kp<=1k,0.1031,2
256,n<=16,sr<=70%,kvB<=4k,kp<=2k,0.2358,2
256,n<=16,sr<=70%,kvB<=4k,kp<=4k,0.1876,2
256,n<=16,sr<=70%,kvB<=4k,kp<=512,0.1147,2
256,n<=16,sr<=70%,kvB<=4k,kp<=8k,0.0774,2
256,n<=16,sr<=70%,kvB<=4k,kp=0,0.4606,2
256,n<=16,sr>70%,kvB<=16k,kp<=1k,0.538,4
256,n<=16,sr>70%,kvB<=16k,kp<=2k,0.3486,4
256,n<=16,sr>70%,kvB<=16k,kp<=4k,0.2041,4
256,n<=16,sr>70%,kvB<=16k,kp<=512,0.7544,4
256,n<=16,sr>70%,kvB<=16k,kp<=8k,0.2653,4
256,n<=16,sr>70%,kvB<=16k,kp=0,1.7383,4
256,n<=16,sr>70%,kvB<=1k,kp<=1k,0.2709,4
256,n<=16,sr>70%,kvB<=1k,kp<=2k,0.2346,4
256,n<=16,sr>70%,kvB<=1k,kp<=4k,0.2432,4
256,n<=16,sr>70%,kvB<=1k,kp<=512,0.2402,4
256,n<=16,sr>70%,kvB<=1k,kp<=8k,0.1711,4
256,n<=16,sr>70%,kvB<=1k,kp=0,0.2359,4
256,n<=16,sr>70%,kvB<=4k,kp<=1k,0.2266,4
256,n<=16,sr>70%,kvB<=4k,kp<=2k,0.308,4
256,n<=16,sr>70%,kvB<=4k,kp<=4k,0.905,4
256,n<=16,sr>70%,kvB<=4k,kp<=512,0.3761,4
256,n<=16,sr>70%,kvB<=4k,kp<=8k,0.4489,4
256,n<=16,sr>70%,kvB<=4k,kp=0,1.3824,4
256,n<=2,sr<=70%,kvB<=16k,kp<=1k,0.1425,2
256,n<=2,sr<=70%,kvB<=16k,kp<=2k,0.3311,2
256,n<=2,sr<=70%,kvB<=16k,kp<=4k,0.3588,2
256,n<=2,sr<=70%,kvB<=16k,kp<=512,0.2757,2
256,n<=2,sr<=70%,kvB<=16k,kp<=8k,0.5872,2
256,n<=2,sr<=70%,kvB<=16k,kp=0,0.8233,2
256,n<=2,sr<=70%,kvB<=1k,kp<=1k,0.4123,2
256,n<=2,sr<=70%,kvB<=1k,kp<=2k,0.3675,2
256,n<=2,sr<=70%,kvB<=1k,kp<=4k,0.4579,2
256,n<=2,sr<=70%,kvB<=1k,kp<=512,0.6088,2
256,n<=2,sr<=70%,kvB<=1k,kp<=8k,0.3332,2
256,n<=2,sr<=70%,kvB<=1k,kp=0,0.5357,2
256,n<=2,sr<=70%,kvB<=4k,kp<=1k,0.4947,2
256,n<=2,sr<=70%,kvB<=4k,kp<=2k,0.6439,2
256,n<=2,sr<=70%,kvB<=4k,kp<=4k,0.1285,2
256,n<=2,sr<=70%,kvB<=4k,kp<=512,0.4101,2
256,n<=2,sr<=70%,kvB<=4k,kp<=8k,0.2998,2
256,n<=2,sr<=70%,kvB<=4k,kp=0,0.2021,2
256,n<=32,sr<=15%,kvB<=16k,kp<=1k,0.0314,6
256,n<=32,sr<=15%,kvB<=16k,kp<=2k,0.0261,6
256,n<=32,sr<=15%,kvB<=16k,kp<=4k,0.0225,6
256,n<=32,sr<=15%,kvB<=16k,kp<=512,0.0459,6
256,n<=32,sr<=15%,kvB<=16k,kp<=8k,0.0218,6
256,n<=32,sr<=15%,kvB<=16k,kp=0,0.1049,6
256,n<=32,sr<=15%,kvB<=1k,kp<=1k,0.0598,6
256,n<=32,sr<=15%,kvB<=1k,kp<=2k,0.0606,6
256,n<=32,sr<=15%,kvB<=1k,kp<=4k,0.065,6
256,n<=32,sr<=15%,kvB<=1k,kp<=512,0.0712,6
256,n<=32,sr<=15%,kvB<=1k,kp<=8k,0.0629,6
256,n<=32,sr<=15%,kvB<=1k,kp=0,0.0916,6
256,n<=32,sr<=15%,kvB<=4k,kp<=1k,0.0504,6
256,n<=32,sr<=15%,kvB<=4k,kp<=2k,0.0248,6
256,n<=32,sr<=15%,kvB<=4k,kp<=4k,0.0162,6
256,n<=32,sr<=15%,kvB<=4k,kp<=512,0.0294,6
256,n<=32,sr<=15%,kvB<=4k,kp<=8k,0.0118,6
256,n<=32,sr<=15%,kvB<=4k,kp=0,0.1228,6
256,n<=32,sr<=40%,kvB<=16k,kp<=1k,0.0412,2
256,n<=32,sr<=40%,kvB<=16k,kp<=2k,0.0342,2
256,n<=32,sr<=40%,kvB<=16k,kp<=4k,0.0334,2
256,n<=32,sr<=40%,kvB<=16k,kp<=512,0.0583,2
256,n<=32,sr<=40%,kvB<=16k,kp<=8k,0.0308,2
256,n<=32,sr<=40%,kvB<=16k,kp=0,0.1389,2
256,n<=32,sr<=40%,kvB<=1k,kp<=1k,0.0854,2
256,n<=32,sr<=40%,kvB<=1k,kp<=2k,0.0858,2
256,n<=32,sr<=40%,kvB<=1k,kp<=4k,0.0989,2
256,n<=32,sr<=40%,kvB<=1k,kp<=512,0.0886,2
256,n<=32,sr<=40%,kvB<=1k,kp<=8k,0.1026,2
256,n<=32,sr<=40%,kvB<=1k,kp=0,0.1164,2
256,n<=32,sr<=40%,kvB<=4k,kp<=1k,0.032,2
256,n<=32,sr<=40%,kvB<=4k,kp<=2k,0.0922,2
256,n<=32,sr<=40%,kvB<=4k,kp<=4k,0.0492,2
256,n<=32,sr<=40%,kvB<=4k,kp<=512,0.0357,2
256,n<=32,sr<=40%,kvB<=4k,kp<=8k,0.0121,2
256,n<=32,sr<=40%,kvB<=4k,kp=0,0.2317,2
256,n<=32,sr<=5%,kvB<=16k,kp<=1k,0.0304,2
256,n<=32,sr<=5%,kvB<=16k,kp<=2k,0.0305,2
256,n<=32,sr<=5%,kvB<=16k,kp<=4k,0.0264,2
256,n<=32,sr<=5%,kvB<=16k,kp<=512,0.0374,2
256,n<=32,sr<=5%,kvB<=16k,kp<=8k,0.0165,2
256,n<=32,sr<=5%,kvB<=16k,kp=0,0.0947,2
256,n<=32,sr<=5%,kvB<=1k,kp<=1k,0.016,2
256,n<=32,sr<=5%,kvB<=1k,kp<=2k,0.0151,2
256,n<=32,sr<=5%,kvB<=1k,kp<=4k,0.014,2
256,n<=32,sr<=5%,kvB<=1k,kp<=512,0.0315,2
256,n<=32,sr<=5%,kvB<=1k,kp<=8k,0.0107,2
256,n<=32,sr<=5%,kvB<=1k,kp=0,0.0463,2
256,n<=32,sr<=5%,kvB<=4k,kp<=1k,0.0499,2
256,n<=32,sr<=5%,kvB<=4k,kp<=2k,0.0375,2
256,n<=32,sr<=5%,kvB<=4k,kp<=4k,0.0106,2
256,n<=32,sr<=5%,kvB<=4k,kp<=512,0.0322,2
256,n<=32,sr<=5%,kvB<=4k,kp<=8k,0.0148,2
256,n<=32,sr<=5%,kvB<=4k,kp=0,0.0969,2
256,n<=32,sr<=70%,kvB<=16k,kp<=1k,0.0632,2
256,n<=32,sr<=70%,kvB<=16k,kp<=2k,0.0589,2
256,n<=32,sr<=70%,kvB<=16k,kp<=4k,0.0416,2
256,n<=32,sr<=70%,kvB<=16k,kp<=512,0.0952,2
256,n<=32,sr<=70%,kvB<=16k,kp<=8k,0.0344,2
256,n<=32,sr<=70%,kvB<=16k,kp=0,0.2262,2
256,n<=32,sr<=70%,kvB<=1k,kp<=1k,0.073,2
256,n<=32,sr<=70%,kvB<=1k,kp<=2k,0.0979,2
256,n<=32,sr<=70%,kvB<=1k,kp<=4k,0.0346,2
256,n<=32,sr<=70%,kvB<=1k,kp<=512,0.091,2
256,n<=32,sr<=70%,kvB<=1k,kp<=8k,0.0446,2
256,n<=32,sr<=70%,kvB<=1k,kp=0,0.1048,2
256,n<=32,sr<=70%,kvB<=4k,kp<=1k,0.0711,2
256,n<=32,sr<=70%,kvB<=4k,kp<=2k,0.0597,2
256,n<=32,sr<=70%,kvB<=4k,kp<=4k,0.0379,2
256,n<=32,sr<=70%,kvB<=4k,kp<=512,0.0731,2
256,n<=32,sr<=70%,kvB<=4k,kp<=8k,0.0675,2
256,n<=32,sr<=70%,kvB<=4k,kp=0,0.5013,2
256,n<=32,sr>70%,kvB<=16k,kp<=1k,0.1226,4
256,n<=32,sr>70%,kvB<=16k,kp<=2k,0.1115,4
256,n<=32,sr>70%,kvB<=16k,kp<=4k,0.0429,4
256,n<=32,sr>70%,kvB<=16k,kp<=512,0.2022,4
256,n<=32,sr>70%,kvB<=16k,kp<=8k,0.0178,4
256,n<=32,sr>70%,kvB<=16k,kp=0,0.5255,4
256,n<=32,sr>70%,kvB<=1k,kp<=1k,0.1653,4
256,n<=32,sr>70%,kvB<=1k,kp<=2k,0.3296,4
256,n<=32,sr>70%,kvB<=1k,kp<=4k,0.1766,4
256,n<=32,sr>70%,kvB<=1k,kp<=512,0.24,4
256,n<=32,sr>70%,kvB<=1k,kp<=8k,0.2447,4
256,n<=32,sr>70%,kvB<=1k,kp=0,0.5538,4
256,n<=32,sr>70%,kvB<=4k,kp<=1k,0.0111,4
256,n<=32,sr>70%,kvB<=4k,kp<=2k,0.05,4
256,n<=32,sr>70%,kvB<=4k,kp<=4k,0.1104,4
256,n<=32,sr>70%,kvB<=4k,kp<=512,0.1284,4
256,n<=32,sr>70%,kvB<=4k,kp<=8k,0.0779,4
256,n<=32,sr>70%,kvB<=4k,kp=0,1.5029,4
256,n<=4,sr<=40%,kvB<=16k,kp<=1k,0.2561,2
256,n<=4,sr<=40%,kvB<=16k,kp<=2k,0.2367,2
256,n<=4,sr<=40%,kvB<=16k,kp<=4k,0.2757,2
256,n<=4,sr<=40%,kvB<=16k,kp<=512,0.2877,2
256,n<=4,sr<=40%,kvB<=16k,kp<=8k,0.3113,2
256,n<=4,sr<=40%,kvB<=16k,kp=0,0.4258,2
256,n<=4,sr<=40%,kvB<=1k,kp<=1k,0.0723,2
256,n<=4,sr<=40%,kvB<=1k,kp<=2k,0.1117,2
256,n<=4,sr<=40%,kvB<=1k,kp<=4k,0.2692,2
256,n<=4,sr<=40%,kvB<=1k,kp<=512,0.3079,2
256,n<=4,sr<=40%,kvB<=1k,kp<=8k,0.2033,2
256,n<=4,sr<=40%,kvB<=1k,kp=0,0.4039,2
256,n<=4,sr<=40%,kvB<=4k,kp<=1k,0.275,2
256,n<=4,sr<=40%,kvB<=4k,kp<=2k,0.3155,2
256,n<=4,sr<=40%,kvB<=4k,kp<=4k,-0.0595,2
256,n<=4,sr<=40%,kvB<=4k,kp<=512,0.2795,2
256,n<=4,sr<=40%,kvB<=4k,kp<=8k,0.1747,2
256,n<=4,sr<=40%,kvB<=4k,kp=0,0.2931,2
256,n<=4,sr<=70%,kvB<=16k,kp<=1k,0.3227,2
256,n<=4,sr<=70%,kvB<=16k,kp<=2k,0.2528,2
256,n<=4,sr<=70%,kvB<=16k,kp<=4k,0.413,2
256,n<=4,sr<=70%,kvB<=16k,kp<=512,0.4653,2
256,n<=4,sr<=70%,kvB<=16k,kp<=8k,0.4667,2
256,n<=4,sr<=70%,kvB<=16k,kp=0,0.7802,2
256,n<=4,sr<=70%,kvB<=1k,kp<=1k,0.1855,2
256,n<=4,sr<=70%,kvB<=1k,kp<=2k,-0.1454,2
256,n<=4,sr<=70%,kvB<=1k,kp<=4k,0.2548,2
256,n<=4,sr<=70%,kvB<=1k,kp<=512,0.3788,2
256,n<=4,sr<=70%,kvB<=1k,kp<=8k,0.1582,2
256,n<=4,sr<=70%,kvB<=1k,kp=0,0.3114,2
256,n<=4,sr<=70%,kvB<=4k,kp<=1k,0.3154,2
256,n<=4,sr<=70%,kvB<=4k,kp<=2k,0.3621,2
256,n<=4,sr<=70%,kvB<=4k,kp<=4k,0.362,2
256,n<=4,sr<=70%,kvB<=4k,kp<=512,0.2227,2
256,n<=4,sr<=70%,kvB<=4k,kp<=8k,-0.5664,2
256,n<=4,sr<=70%,kvB<=4k,kp=0,0.3091,2
256,n<=4,sr>70%,kvB<=16k,kp<=1k,0.1107,2
256,n<=4,sr>70%,kvB<=16k,kp<=2k,0.0104,2
256,n<=4,sr>70%,kvB<=16k,kp<=4k,0.3236,2
256,n<=4,sr>70%,kvB<=16k,kp<=512,0.504,2
256,n<=4,sr>70%,kvB<=16k,kp<=8k,0.3911,2
256,n<=4,sr>70%,kvB<=16k,kp=0,0.7256,2
256,n<=4,sr>70%,kvB<=1k,kp<=1k,0.3789,2
256,n<=4,sr>70%,kvB<=1k,kp<=2k,0.3598,2
256,n<=4,sr>70%,kvB<=1k,kp<=4k,0.1422,2
256,n<=4,sr>70%,kvB<=1k,kp<=512,0.4636,2
256,n<=4,sr>70%,kvB<=1k,kp<=8k,0.3326,2
256,n<=4,sr>70%,kvB<=1k,kp=0,0.3717,2
256,n<=4,sr>70%,kvB<=4k,kp<=1k,0.2948,2
256,n<=4,sr>70%,kvB<=4k,kp<=2k,0.3842,2
256,n<=4,sr>70%,kvB<=4k,kp<=4k,0.6102,2
256,n<=4,sr>70%,kvB<=4k,kp<=512,0.1505,2
256,n<=4,sr>70%,kvB<=4k,kp<=8k,0.4004,2
256,n<=4,sr>70%,kvB<=4k,kp=0,0.2356,2
256,n<=64,sr<=15%,kvB<=16k,kp<=1k,0.0089,4
256,n<=64,sr<=15%,kvB<=16k,kp<=2k,0.0077,4
256,n<=64,sr<=15%,kvB<=16k,kp<=4k,0.0063,4
256,n<=64,sr<=15%,kvB<=16k,kp<=512,0.0072,4
256,n<=64,sr<=15%,kvB<=16k,kp<=8k,0.0068,4
256,n<=64,sr<=15%,kvB<=16k,kp=0,0.0086,4
256,n<=64,sr<=15%,kvB<=1k,kp<=1k,0.0602,4
256,n<=64,sr<=15%,kvB<=1k,kp<=2k,0.0499,4
256,n<=64,sr<=15%,kvB<=1k,kp<=4k,0.0762,4
256,n<=64,sr<=15%,kvB<=1k,kp<=512,0.0526,4
256,n<=64,sr<=15%,kvB<=1k,kp<=8k,0.0956,4
256,n<=64,sr<=15%,kvB<=1k,kp=0,0.0516,4
256,n<=64,sr<=15%,kvB<=4k,kp<=1k,0.01,4
256,n<=64,sr<=15%,kvB<=4k,kp<=2k,0.0076,4
256,n<=64,sr<=15%,kvB<=4k,kp<=4k,0.005,4
256,n<=64,sr<=15%,kvB<=4k,kp<=512,0.0097,4
256,n<=64,sr<=15%,kvB<=4k,kp<=8k,0.0029,4
256,n<=64,sr<=15%,kvB<=4k,kp=0,0.0086,4
256,n<=64,sr<=40%,kvB<=16k,kp<=1k,0.0039,2
256,n<=64,sr<=40%,kvB<=16k,kp<=2k,0.004,2
256,n<=64,sr<=40%,kvB<=16k,kp<=4k,0.002,2
256,n<=64,sr<=40%,kvB<=16k,kp<=512,0.0008,2
256,n<=64,sr<=40%,kvB<=16k,kp<=8k,0.003,2
256,n<=64,sr<=40%,kvB<=16k,kp=0,0.0029,2
256,n<=64,sr<=40%,kvB<=1k,kp<=1k,0.0754,2
256,n<=64,sr<=40%,kvB<=1k,kp<=2k,0.0877,2
256,n<=64,sr<=40%,kvB<=1k,kp<=4k,0.11,2
256,n<=64,sr<=40%,kvB<=1k,kp<=512,0.0663,2
256,n<=64,sr<=40%,kvB<=1k,kp<=8k,0.0974,2
256,n<=64,sr<=40%,kvB<=1k,kp=0,0.0609,2
256,n<=64,sr<=40%,kvB<=4k,kp<=1k,0.0031,2
256,n<=64,sr<=40%,kvB<=4k,kp<=2k,0.0005,2
256,n<=64,sr<=40%,kvB<=4k,kp<=4k,0.0013,2
256,n<=64,sr<=40%,kvB<=4k,kp<=512,0.0031,2
256,n<=64,sr<=40%,kvB<=4k,kp<=8k,-0.0007,2
256,n<=64,sr<=40%,kvB<=4k,kp=0,-0.0017,2
256,n<=64,sr<=5%,kvB<=16k,kp<=1k,0.0114,6
256,n<=64,sr<=5%,kvB<=16k,kp<=2k,0.0107,6
256,n<=64,sr<=5%,kvB<=16k,kp<=4k,0.0099,6
256,n<=64,sr<=5%,kvB<=16k,kp<=512,0.0106,6
256,n<=64,sr<=5%,kvB<=16k,kp<=8k,0.008,6
256,n<=64,sr<=5%,kvB<=16k,kp=0,0.0102,6
256,n<=64,sr<=5%,kvB<=1k,kp<=1k,0.0203,6
256,n<=64,sr<=5%,kvB<=1k,kp<=2k,0.0183,6
256,n<=64,sr<=5%,kvB<=1k,kp<=4k,0.029,6
256,n<=64,sr<=5%,kvB<=1k,kp<=512,0.026,6
256,n<=64,sr<=5%,kvB<=1k,kp<=8k,0.0364,6
256,n<=64,sr<=5%,kvB<=1k,kp=0,0.0201,6
256,n<=64,sr<=5%,kvB<=4k,kp<=1k,0.0126,6
256,n<=64,sr<=5%,kvB<=4k,kp<=2k,0.0098,6
256,n<=64,sr<=5%,kvB<=4k,kp<=4k,0.0029,6
256,n<=64,sr<=5%,kvB<=4k,kp<=512,0.0123,6
256,n<=64,sr<=5%,kvB<=4k,kp<=8k,0.0043,6
256,n<=64,sr<=5%,kvB<=4k,kp=0,0.012,6
256,n<=64,sr<=70%,kvB<=16k,kp<=1k,-0.002,2
256,n<=64,sr<=70%,kvB<=16k,kp<=2k,-0.0032,2
256,n<=64,sr<=70%,kvB<=16k,kp<=4k,-0.0038,2
256,n<=64,sr<=70%,kvB<=16k,kp<=512,-0.0025,2
256,n<=64,sr<=70%,kvB<=16k,kp<=8k,-0.0035,2
256,n<=64,sr<=70%,kvB<=16k,kp=0,-0.0028,2
256,n<=64,sr<=70%,kvB<=1k,kp<=1k,0.0517,2
256,n<=64,sr<=70%,kvB<=1k,kp<=2k,0.0828,2
256,n<=64,sr<=70%,kvB<=1k,kp<=4k,0.1156,2
256,n<=64,sr<=70%,kvB<=1k,kp<=512,0.0422,2
256,n<=64,sr<=70%,kvB<=1k,kp<=8k,0.1361,2
256,n<=64,sr<=70%,kvB<=1k,kp=0,0.0041,2
256,n<=64,sr<=70%,kvB<=4k,kp<=1k,-0.0012,2
256,n<=64,sr<=70%,kvB<=4k,kp<=2k,-0.0006,2
256,n<=64,sr<=70%,kvB<=4k,kp<=4k,-0.0027,2
256,n<=64,sr<=70%,kvB<=4k,kp<=512,-0.0049,2
256,n<=64,sr<=70%,kvB<=4k,kp<=8k,0.002,2
256,n<=64,sr<=70%,kvB<=4k,kp=0,-0.008,2
256,n<=64,sr>70%,kvB<=16k,kp<=1k,-0.0053,4
256,n<=64,sr>70%,kvB<=16k,kp<=2k,-0.0039,4
256,n<=64,sr>70%,kvB<=16k,kp<=4k,-0.0017,4
256,n<=64,sr>70%,kvB<=16k,kp<=512,-0.0049,4
256,n<=64,sr>70%,kvB<=16k,kp<=8k,-0.0163,4
256,n<=64,sr>70%,kvB<=16k,kp=0,-0.0041,4
256,n<=64,sr>70%,kvB<=1k,kp<=1k,0.186,4
256,n<=64,sr>70%,kvB<=1k,kp<=2k,0.249,4
256,n<=64,sr>70%,kvB<=1k,kp<=4k,0.4233,4
256,n<=64,sr>70%,kvB<=1k,kp<=512,0.1539,4
256,n<=64,sr>70%,kvB<=1k,kp<=8k,0.2784,4
256,n<=64,sr>70%,kvB<=1k,kp=0,0.1565,4
256,n<=64,sr>70%,kvB<=4k,kp<=1k,-0.0071,4
256,n<=64,sr>70%,kvB<=4k,kp<=2k,-0.0115,4
256,n<=64,sr>70%,kvB<=4k,kp<=4k,0.0007,4
256,n<=64,sr>70%,kvB<=4k,kp<=512,-0.0225,4
256,n<=64,sr>70%,kvB<=4k,kp<=8k,0.0406,4
256,n<=64,sr>70%,kvB<=4k,kp=0,-0.0222,4
256,n<=8,sr<=15%,kvB<=16k,kp<=1k,0.1467,2
256,n<=8,sr<=15%,kvB<=16k,kp<=2k,0.1077,2
256,n<=8,sr<=15%,kvB<=16k,kp<=4k,0.1042,2
256,n<=8,sr<=15%,kvB<=16k,kp<=512,0.2084,2
256,n<=8,sr<=15%,kvB<=16k,kp<=8k,0.091,2
256,n<=8,sr<=15%,kvB<=16k,kp=0,0.2164,2
256,n<=8,sr<=15%,kvB<=1k,kp<=1k,0.0863,2
256,n<=8,sr<=15%,kvB<=1k,kp<=2k,0.0976,2
256,n<=8,sr<=15%,kvB<=1k,kp<=4k,0.0812,2
256,n<=8,sr<=15%,kvB<=1k,kp<=512,0.1685,2
256,n<=8,sr<=15%,kvB<=1k,kp<=8k,0.1952,2
256,n<=8,sr<=15%,kvB<=1k,kp=0,0.2593,2
256,n<=8,sr<=15%,kvB<=4k,kp<=1k,0.1704,2
256,n<=8,sr<=15%,kvB<=4k,kp<=2k,0.1255,2
256,n<=8,sr<=15%,kvB<=4k,kp<=4k,-0.0201,2
256,n<=8,sr<=15%,kvB<=4k,kp<=512,0.1673,2
256,n<=8,sr<=15%,kvB<=4k,kp<=8k,-0.0444,2
256,n<=8,sr<=15%,kvB<=4k,kp=0,0.1845,2
256,n<=8,sr<=40%,kvB<=16k,kp<=1k,0.1842,4
256,n<=8,sr<=40%,kvB<=16k,kp<=2k,0.1106,4
256,n<=8,sr<=40%,kvB<=16k,kp<=4k,0.1319,4
256,n<=8,sr<=40%,kvB<=16k,kp<=512,0.2603,4
256,n<=8,sr<=40%,kvB<=16k,kp<=8k,0.1939,4
256,n<=8,sr<=40%,kvB<=16k,kp=0,0.3349,4
256,n<=8,sr<=40%,kvB<=1k,kp<=1k,0.0799,4
256,n<=8,sr<=40%,kvB<=1k,kp<=2k,0.0676,4
256,n<=8,sr<=40%,kvB<=1k,kp<=4k,0.0989,4
256,n<=8,sr<=40%,kvB<=1k,kp<=512,0.18,4
256,n<=8,sr<=40%,kvB<=1k,kp<=8k,0.2065,4
256,n<=8,sr<=40%,kvB<=1k,kp=0,0.2347,4
256,n<=8,sr<=40%,kvB<=4k,kp<=1k,0.177,4
256,n<=8,sr<=40%,kvB<=4k,kp<=2k,0.1792,4
256,n<=8,sr<=40%,kvB<=4k,kp<=4k,-0.0036,4
256,n<=8,sr<=40%,kvB<=4k,kp<=512,0.1564,4
256,n<=8,sr<=40%,kvB<=4k,kp<=8k,-0.001,4
256,n<=8,sr<=40%,kvB<=4k,kp=0,0.1813,4
256,n<=8,sr<=70%,kvB<=16k,kp<=1k,0.2768,2
256,n<=8,sr<=70%,kvB<=16k,kp<=2k,0.098,2
256,n<=8,sr<=70%,kvB<=16k,kp<=4k,-0.0397,2
256,n<=8,sr<=70%,kvB<=16k,kp<=512,0.4917,2
256,n<=8,sr<=70%,kvB<=16k,kp<=8k,0.1105,2
256,n<=8,sr<=70%,kvB<=16k,kp=0,0.403,2
256,n<=8,sr<=70%,kvB<=1k,kp<=1k,0.0239,2
256,n<=8,sr<=70%,kvB<=1k,kp<=2k,0.0186,2
256,n<=8,sr<=70%,kvB<=1k,kp<=4k,-0.0219,2
256,n<=8,sr<=70%,kvB<=1k,kp<=512,0.184,2
256,n<=8,sr<=70%,kvB<=1k,kp<=8k,0.1556,2
256,n<=8,sr<=70%,kvB<=1k,kp=0,0.197,2
256,n<=8,sr<=70%,kvB<=4k,kp<=1k,0.1964,2
256,n<=8,sr<=70%,kvB<=4k,kp<=2k,0.2027,2
256,n<=8,sr<=70%,kvB<=4k,kp<=4k,0.0024,2
256,n<=8,sr<=70%,kvB<=4k,kp<=512,0.1828,2
256,n<=8,sr<=70%,kvB<=4k,kp<=8k,-0.123,2
256,n<=8,sr<=70%,kvB<=4k,kp=0,0.288,2
256,n<=8,sr>70%,kvB<=16k,kp<=1k,0.6044,4
256,n<=8,sr>70%,kvB<=16k,kp<=2k,0.2199,4
256,n<=8,sr>70%,kvB<=16k,kp<=4k,-0.2104,4
256,n<=8,sr>70%,kvB<=16k,kp<=512,1.1408,4
256,n<=8,sr>70%,kvB<=16k,kp<=8k,0.4371,4
256,n<=8,sr>70%,kvB<=16k,kp=0,1.0044,4
256,n<=8,sr>70%,kvB<=1k,kp<=1k,0.3187,4
256,n<=8,sr>70%,kvB<=1k,kp<=2k,0.2646,4
256,n<=8,sr>70%,kvB<=1k,kp<=4k,0.261,4
256,n<=8,sr>70%,kvB<=1k,kp<=512,0.3373,4
256,n<=8,sr>70%,kvB<=1k,kp<=8k,0.3277,4
256,n<=8,sr>70%,kvB<=1k,kp=0,0.3308,4
256,n<=8,sr>70%,kvB<=4k,kp<=1k,0.0882,4
256,n<=8,sr>70%,kvB<=4k,kp<=2k,0.3478,4
256,n<=8,sr>70%,kvB<=4k,kp<=4k,0.5163,4
256,n<=8,sr>70%,kvB<=4k,kp<=512,0.1106,4
256,n<=8,sr>70%,kvB<=4k,kp<=8k,0.1944,4
256,n<=8,sr>70%,kvB<=4k,kp=0,0.489,4
512,n<=128,sr<=15%,kvB<=16k,kp<=1k,0.0,4
512,n<=128,sr<=15%,kvB<=16k,kp<=2k,-0.0002,4
512,n<=128,sr<=15%,kvB<=16k,kp<=4k,-0.0015,4
512,n<=128,sr<=15%,kvB<=16k,kp<=512,0.0003,4
512,n<=128,sr<=15%,kvB<=16k,kp<=8k,0.0008,4
512,n<=128,sr<=15%,kvB<=16k,kp=0,-0.0001,4
512,n<=128,sr<=15%,kvB<=1k,kp<=1k,0.0679,4
512,n<=128,sr<=15%,kvB<=1k,kp<=2k,0.07,4
512,n<=128,sr<=15%,kvB<=1k,kp<=4k,0.0392,4
512,n<=128,sr<=15%,kvB<=1k,kp<=512,0.0721,4
512,n<=128,sr<=15%,kvB<=1k,kp<=8k,0.1021,4
512,n<=128,sr<=15%,kvB<=1k,kp=0,0.0675,4
512,n<=128,sr<=15%,kvB<=4k,kp<=1k,0.0046,4
512,n<=128,sr<=15%,kvB<=4k,kp<=2k,0.006,4
512,n<=128,sr<=15%,kvB<=4k,kp<=4k,0.0091,4
512,n<=128,sr<=15%,kvB<=4k,kp<=512,0.0024,4
512,n<=128,sr<=15%,kvB<=4k,kp<=8k,0.0163,4
512,n<=128,sr<=15%,kvB<=4k,kp=0,0.0029,4
512,n<=128,sr<=40%,kvB<=16k,kp<=1k,-0.0015,2
512,n<=128,sr<=40%,kvB<=16k,kp<=2k,-0.002,2
512,n<=128,sr<=40%,kvB<=16k,kp<=4k,-0.0032,2
512,n<=128,sr<=40%,kvB<=16k,kp<=512,-0.0021,2
512,n<=128,sr<=40%,kvB<=16k,kp<=8k,-0.0056,2
512,n<=128,sr<=40%,kvB<=16k,kp=0,-0.0015,2
512,n<=128,sr<=40%,kvB<=1k,kp<=1k,0.1229,2
512,n<=128,sr<=40%,kvB<=1k,kp<=2k,0.1324,2
512,n<=128,sr<=40%,kvB<=1k,kp<=4k,0.1369,2
512,n<=128,sr<=40%,kvB<=1k,kp<=512,0.1195,2
512,n<=128,sr<=40%,kvB<=1k,kp<=8k,0.19,2
512,n<=128,sr<=40%,kvB<=1k,kp=0,0.1127,2
512,n<=128,sr<=40%,kvB<=4k,kp<=1k,0.0086,2
512,n<=128,sr<=40%,kvB<=4k,kp<=2k,0.006,2
512,n<=128,sr<=40%,kvB<=4k,kp<=4k,0.0041,2
512,n<=128,sr<=40%,kvB<=4k,kp<=512,0.01,2
512,n<=128,sr<=40%,kvB<=4k,kp<=8k,0.0079,2
512,n<=128,sr<=40%,kvB<=4k,kp=0,0.0081,2
512,n<=128,sr<=5%,kvB<=16k,kp<=1k,0.0017,8
512,n<=128,sr<=5%,kvB<=16k,kp<=2k,0.0015,8
512,n<=128,sr<=5%,kvB<=16k,kp<=4k,0.0011,8
512,n<=128,sr<=5%,kvB<=16k,kp<=512,0.0016,8
512,n<=128,sr<=5%,kvB<=16k,kp<=8k,0.0012,8
512,n<=128,sr<=5%,kvB<=16k,kp=0,0.0019,8
512,n<=128,sr<=5%,kvB<=1k,kp<=1k,0.0063,8
512,n<=128,sr<=5%,kvB<=1k,kp<=2k,0.0128,8
512,n<=128,sr<=5%,kvB<=1k,kp<=4k,0.0074,8
512,n<=128,sr<=5%,kvB<=1k,kp<=512,0.0067,8
512,n<=128,sr<=5%,kvB<=1k,kp<=8k,0.0296,8
512,n<=128,sr<=5%,kvB<=1k,kp=0,0.0061,8
512,n<=128,sr<=5%,kvB<=4k,kp<=1k,0.0027,8
512,n<=128,sr<=5%,kvB<=4k,kp<=2k,0.0032,8
512,n<=128,sr<=5%,kvB<=4k,kp<=4k,0.0041,8
512,n<=128,sr<=5%,kvB<=4k,kp<=512,0.003,8
512,n<=128,sr<=5%,kvB<=4k,kp<=8k,0.0095,8
512,n<=128,sr<=5%,kvB<=4k,kp=0,0.0036,8
512,n<=128,sr<=70%,kvB<=16k,kp<=1k,-0.0031,2
512,n<=128,sr<=70%,kvB<=16k,kp<=2k,-0.0033,2
512,n<=128,sr<=70%,kvB<=16k,kp<=4k,-0.0079,2
512,n<=128,sr<=70%,kvB<=16k,kp<=512,-0.0035,2
512,n<=128,sr<=70%,kvB<=16k,kp<=8k,-0.0126,2
512,n<=128,sr<=70%,kvB<=16k,kp=0,-0.005,2
512,n<=128,sr<=70%,kvB<=1k,kp<=1k,0.1451,2
512,n<=128,sr<=70%,kvB<=1k,kp<=2k,0.1683,2
512,n<=128,sr<=70%,kvB<=1k,kp<=4k,0.1524,2
512,n<=128,sr<=70%,kvB<=1k,kp<=512,0.1706,2
512,n<=128,sr<=70%,kvB<=1k,kp<=8k,0.1412,2
512,n<=128,sr<=70%,kvB<=1k,kp=0,0.2106,2
512,n<=128,sr<=70%,kvB<=4k,kp<=1k,0.0009,2
512,n<=128,sr<=70%,kvB<=4k,kp<=2k,-0.0017,2
512,n<=128,sr<=70%,kvB<=4k,kp<=4k,0.012,2
512,n<=128,sr<=70%,kvB<=4k,kp<=512,0.0023,2
512,n<=128,sr<=70%,kvB<=4k,kp<=8k,0.0152,2
512,n<=128,sr<=70%,kvB<=4k,kp=0,0.0018,2
512,n<=128,sr>70%,kvB<=16k,kp<=1k,-0.0014,4
512,n<=128,sr>70%,kvB<=16k,kp<=2k,0.0025,4
512,n<=128,sr>70%,kvB<=16k,kp<=4k,-0.0042,4
512,n<=128,sr>70%,kvB<=16k,kp<=512,-0.0003,4
512,n<=128,sr>70%,kvB<=16k,kp<=8k,-0.0113,4
512,n<=128,sr>70%,kvB<=16k,kp=0,-0.0044,4
512,n<=128,sr>70%,kvB<=1k,kp<=1k,0.3505,4
512,n<=128,sr>70%,kvB<=1k,kp<=2k,0.4069,4
512,n<=128,sr>70%,kvB<=1k,kp<=4k,0.3724,4
512,n<=128,sr>70%,kvB<=1k,kp<=512,0.2953,4
512,n<=128,sr>70%,kvB<=1k,kp<=8k,0.4208,4
512,n<=128,sr>70%,kvB<=1k,kp=0,0.3037,4
512,n<=128,sr>70%,kvB<=4k,kp<=1k,-0.0169,4
512,n<=128,sr>70%,kvB<=4k,kp<=2k,-0.0158,4
512,n<=128,sr>70%,kvB<=4k,kp<=4k,-0.0035,4
512,n<=128,sr>70%,kvB<=4k,kp<=512,-0.0172,4
512,n<=128,sr>70%,kvB<=4k,kp<=8k,0.0291,4
512,n<=128,sr>70%,kvB<=4k,kp=0,-0.0097,4
512,n<=16,sr<=15%,kvB<=16k,kp<=1k,0.0691,4
512,n<=16,sr<=15%,kvB<=16k,kp<=2k,0.0562,4
512,n<=16,sr<=15%,kvB<=16k,kp<=4k,0.0221,4
512,n<=16,sr<=15%,kvB<=16k,kp<=512,0.0672,4
512,n<=16,sr<=15%,kvB<=16k,kp<=8k,0.0507,4
512,n<=16,sr<=15%,kvB<=16k,kp=0,0.1158,4
512,n<=16,sr<=15%,kvB<=1k,kp<=1k,0.071,4
512,n<=16,sr<=15%,kvB<=1k,kp<=2k,0.0737,4
512,n<=16,sr<=15%,kvB<=1k,kp<=4k,0.067,4
512,n<=16,sr<=15%,kvB<=1k,kp<=512,0.0804,4
512,n<=16,sr<=15%,kvB<=1k,kp<=8k,0.0938,4
512,n<=16,sr<=15%,kvB<=1k,kp=0,0.1287,4
512,n<=16,sr<=15%,kvB<=4k,kp<=1k,0.0646,4
512,n<=16,sr<=15%,kvB<=4k,kp<=2k,0.0552,4
512,n<=16,sr<=15%,kvB<=4k,kp<=4k,0.0115,4
512,n<=16,sr<=15%,kvB<=4k,kp<=512,0.0618,4
512,n<=16,sr<=15%,kvB<=4k,kp<=8k,0.024,4
512,n<=16,sr<=15%,kvB<=4k,kp=0,0.0828,4
512,n<=16,sr<=40%,kvB<=16k,kp<=1k,0.0588,4
512,n<=16,sr<=40%,kvB<=16k,kp<=2k,0.0491,4
512,n<=16,sr<=40%,kvB<=16k,kp<=4k,-0.0016,4
512,n<=16,sr<=40%,kvB<=16k,kp<=512,0.0705,4
512,n<=16,sr<=40%,kvB<=16k,kp<=8k,0.0709,4
512,n<=16,sr<=40%,kvB<=16k,kp=0,0.1349,4
512,n<=16,sr<=40%,kvB<=1k,kp<=1k,0.0793,4
512,n<=16,sr<=40%,kvB<=1k,kp<=2k,0.0783,4
512,n<=16,sr<=40%,kvB<=1k,kp<=4k,0.0755,4
512,n<=16,sr<=40%,kvB<=1k,kp<=512,0.0943,4
512,n<=16,sr<=40%,kvB<=1k,kp<=8k,0.1147,4
512,n<=16,sr<=40%,kvB<=1k,kp=0,0.1258,4
512,n<=16,sr<=40%,kvB<=4k,kp<=1k,0.0569,4
512,n<=16,sr<=40%,kvB<=4k,kp<=2k,0.0619,4
512,n<=16,sr<=40%,kvB<=4k,kp<=4k,-0.0022,4
512,n<=16,sr<=40%,kvB<=4k,kp<=512,0.0502,4
512,n<=16,sr<=40%,kvB<=4k,kp<=8k,0.0117,4
512,n<=16,sr<=40%,kvB<=4k,kp=0,0.0412,4
512,n<=16,sr<=70%,kvB<=16k,kp<=1k,0.0756,2
512,n<=16,sr<=70%,kvB<=16k,kp<=2k,0.0453,2
512,n<=16,sr<=70%,kvB<=16k,kp<=4k,-0.0193,2
512,n<=16,sr<=70%,kvB<=16k,kp<=512,0.1124,2
512,n<=16,sr<=70%,kvB<=16k,kp<=8k,0.0125,2
512,n<=16,sr<=70%,kvB<=16k,kp=0,0.3215,2
512,n<=16,sr<=70%,kvB<=1k,kp<=1k,0.0366,2
512,n<=16,sr<=70%,kvB<=1k,kp<=2k,0.0415,2
512,n<=16,sr<=70%,kvB<=1k,kp<=4k,0.0572,2
512,n<=16,sr<=70%,kvB<=1k,kp<=512,0.0929,2
512,n<=16,sr<=70%,kvB<=1k,kp<=8k,0.1018,2
512,n<=16,sr<=70%,kvB<=1k,kp=0,0.0973,2
512,n<=16,sr<=70%,kvB<=4k,kp<=1k,0.1098,2
512,n<=16,sr<=70%,kvB<=4k,kp<=2k,0.1016,2
512,n<=16,sr<=70%,kvB<=4k,kp<=4k,0.021,2
512,n<=16,sr<=70%,kvB<=4k,kp<=512,-0.0262,2
512,n<=16,sr<=70%,kvB<=4k,kp<=8k,0.0549,2
512,n<=16,sr<=70%,kvB<=4k,kp=0,0.1374,2
512,n<=16,sr>70%,kvB<=16k,kp<=1k,0.1612,4
512,n<=16,sr>70%,kvB<=16k,kp<=2k,0.0762,4
512,n<=16,sr>70%,kvB<=16k,kp<=4k,0.0249,4
512,n<=16,sr>70%,kvB<=16k,kp<=512,0.2406,4
512,n<=16,sr>70%,kvB<=16k,kp<=8k,0.1183,4
512,n<=16,sr>70%,kvB<=16k,kp=0,0.8702,4
512,n<=16,sr>70%,kvB<=1k,kp<=1k,0.2278,4
512,n<=16,sr>70%,kvB<=1k,kp<=2k,0.2024,4
512,n<=16,sr>70%,kvB<=1k,kp<=4k,0.2364,4
512,n<=16,sr>70%,kvB<=1k,kp<=512,0.2771,4
512,n<=16,sr>70%,kvB<=1k,kp<=8k,0.1792,4
512,n<=16,sr>70%,kvB<=1k,kp=0,0.2143,4
512,n<=16,sr>70%,kvB<=4k,kp<=1k,-0.1392,4
512,n<=16,sr>70%,kvB<=4k,kp<=2k,0.0407,4
512,n<=16,sr>70%,kvB<=4k,kp<=4k,0.0789,4
512,n<=16,sr>70%,kvB<=4k,kp<=512,0.0196,4
512,n<=16,sr>70%,kvB<=4k,kp<=8k,0.0184,4
512,n<=16,sr>70%,kvB<=4k,kp=0,0.3481,4
512,n<=2,sr<=70%,kvB<=16k,kp<=1k,0.2834,2
512,n<=2,sr<=70%,kvB<=16k,kp<=2k,0.4688,2
512,n<=2,sr<=70%,kvB<=16k,kp<=4k,0.5623,2
512,n<=2,sr<=70%,kvB<=16k,kp<=512,0.2103,2
512,n<=2,sr<=70%,kvB<=16k,kp<=8k,0.6018,2
512,n<=2,sr<=70%,kvB<=16k,kp=0,0.2947,2
512,n<=2,sr<=70%,kvB<=1k,kp<=1k,0.1229,2
512,n<=2,sr<=70%,kvB<=1k,kp<=2k,0.2553,2
512,n<=2,sr<=70%,kvB<=1k,kp<=4k,0.3021,2
512,n<=2,sr<=70%,kvB<=1k,kp<=512,0.1551,2
512,n<=2,sr<=70%,kvB<=1k,kp<=8k,0.3321,2
512,n<=2,sr<=70%,kvB<=1k,kp=0,0.447,2
512,n<=2,sr<=70%,kvB<=4k,kp<=1k,0.4813,2
512,n<=2,sr<=70%,kvB<=4k,kp<=2k,0.6384,2
512,n<=2,sr<=70%,kvB<=4k,kp<=4k,-0.067,2
512,n<=2,sr<=70%,kvB<=4k,kp<=512,0.4924,2
512,n<=2,sr<=70%,kvB<=4k,kp<=8k,0.2379,2
512,n<=2,sr<=70%,kvB<=4k,kp=0,0.4086,2
512,n<=32,sr<=15%,kvB<=16k,kp<=1k,0.0249,6
512,n<=32,sr<=15%,kvB<=16k,kp<=2k,0.0235,6
512,n<=32,sr<=15%,kvB<=16k,kp<=4k,0.0216,6
512,n<=32,sr<=15%,kvB<=16k,kp<=512,0.0274,6
512,n<=32,sr<=15%,kvB<=16k,kp<=8k,0.0227,6
512,n<=32,sr<=15%,kvB<=16k,kp=0,0.0922,6
512,n<=32,sr<=15%,kvB<=1k,kp<=1k,0.059,6
512,n<=32,sr<=15%,kvB<=1k,kp<=2k,0.067,6
512,n<=32,sr<=15%,kvB<=1k,kp<=4k,0.0696,6
512,n<=32,sr<=15%,kvB<=1k,kp<=512,0.0637,6
512,n<=32,sr<=15%,kvB<=1k,kp<=8k,0.0634,6
512,n<=32,sr<=15%,kvB<=1k,kp=0,0.0757,6
512,n<=32,sr<=15%,kvB<=4k,kp<=1k,0.0288,6
512,n<=32,sr<=15%,kvB<=4k,kp<=2k,0.0258,6
512,n<=32,sr<=15%,kvB<=4k,kp<=4k,0.0152,6
512,n<=32,sr<=15%,kvB<=4k,kp<=512,0.0263,6
512,n<=32,sr<=15%,kvB<=4k,kp<=8k,0.0082,6
512,n<=32,sr<=15%,kvB<=4k,kp=0,0.0289,6
512,n<=32,sr<=40%,kvB<=16k,kp<=1k,0.0201,2
512,n<=32,sr<=40%,kvB<=16k,kp<=2k,0.0165,2
512,n<=32,sr<=40%,kvB<=16k,kp<=4k,0.021,2
512,n<=32,sr<=40%,kvB<=16k,kp<=512,0.0213,2
512,n<=32,sr<=40%,kvB<=16k,kp<=8k,0.0463,2
512,n<=32,sr<=40%,kvB<=16k,kp=0,0.1236,2
512,n<=32,sr<=40%,kvB<=1k,kp<=1k,0.0865,2
512,n<=32,sr<=40%,kvB<=1k,kp<=2k,0.1103,2
512,n<=32,sr<=40%,kvB<=1k,kp<=4k,0.1165,2
512,n<=32,sr<=40%,kvB<=1k,kp<=512,0.1009,2
512,n<=32,sr<=40%,kvB<=1k,kp<=8k,0.111,2
512,n<=32,sr<=40%,kvB<=1k,kp=0,0.0963,2
512,n<=32,sr<=40%,kvB<=4k,kp<=1k,0.0187,2
512,n<=32,sr<=40%,kvB<=4k,kp<=2k,0.0199,2
512,n<=32,sr<=40%,kvB<=4k,kp<=4k,0.014,2
512,n<=32,sr<=40%,kvB<=4k,kp<=512,0.0106,2
512,n<=32,sr<=40%,kvB<=4k,kp<=8k,0.0109,2
512,n<=32,sr<=40%,kvB<=4k,kp=0,0.0271,2
512,n<=32,sr<=5%,kvB<=16k,kp<=1k,0.028,2
512,n<=32,sr<=5%,kvB<=16k,kp<=2k,0.0287,2
512,n<=32,sr<=5%,kvB<=16k,kp<=4k,0.0283,2
512,n<=32,sr<=5%,kvB<=16k,kp<=512,0.0291,2
512,n<=32,sr<=5%,kvB<=16k,kp<=8k,0.0198,2
512,n<=32,sr<=5%,kvB<=16k,kp=0,0.0665,2
512,n<=32,sr<=5%,kvB<=1k,kp<=1k,0.0147,2
512,n<=32,sr<=5%,kvB<=1k,kp<=2k,0.0159,2
512,n<=32,sr<=5%,kvB<=1k,kp<=4k,0.0172,2
512,n<=32,sr<=5%,kvB<=1k,kp<=512,0.0203,2
512,n<=32,sr<=5%,kvB<=1k,kp<=8k,0.014,2
512,n<=32,sr<=5%,kvB<=1k,kp=0,0.0357,2
512,n<=32,sr<=5%,kvB<=4k,kp<=1k,0.0353,2
512,n<=32,sr<=5%,kvB<=4k,kp<=2k,0.0323,2
512,n<=32,sr<=5%,kvB<=4k,kp<=4k,0.0217,2
512,n<=32,sr<=5%,kvB<=4k,kp<=512,0.032,2
512,n<=32,sr<=5%,kvB<=4k,kp<=8k,0.0217,2
512,n<=32,sr<=5%,kvB<=4k,kp=0,0.0354,2
512,n<=32,sr<=70%,kvB<=16k,kp<=1k,0.0076,2
512,n<=32,sr<=70%,kvB<=16k,kp<=2k,0.0098,2
512,n<=32,sr<=70%,kvB<=16k,kp<=4k,0.0096,2
512,n<=32,sr<=70%,kvB<=16k,kp<=512,0.0126,2
512,n<=32,sr<=70%,kvB<=16k,kp<=8k,0.0122,2
512,n<=32,sr<=70%,kvB<=16k,kp=0,0.2734,2
512,n<=32,sr<=70%,kvB<=1k,kp<=1k,0.0321,2
512,n<=32,sr<=70%,kvB<=1k,kp<=2k,0.0552,2
512,n<=32,sr<=70%,kvB<=1k,kp<=4k,0.0542,2
512,n<=32,sr<=70%,kvB<=1k,kp<=512,0.0874,2
512,n<=32,sr<=70%,kvB<=1k,kp<=8k,0.0488,2
512,n<=32,sr<=70%,kvB<=1k,kp=0,0.0844,2
512,n<=32,sr<=70%,kvB<=4k,kp<=1k,0.0117,2
512,n<=32,sr<=70%,kvB<=4k,kp<=2k,0.0409,2
512,n<=32,sr<=70%,kvB<=4k,kp<=4k,0.0097,2
512,n<=32,sr<=70%,kvB<=4k,kp<=512,0.0137,2
512,n<=32,sr<=70%,kvB<=4k,kp<=8k,0.0067,2
512,n<=32,sr<=70%,kvB<=4k,kp=0,0.1696,2
512,n<=32,sr>70%,kvB<=16k,kp<=1k,0.0454,4
512,n<=32,sr>70%,kvB<=16k,kp<=2k,0.0336,4
512,n<=32,sr>70%,kvB<=16k,kp<=4k,0.0296,4
512,n<=32,sr>70%,kvB<=16k,kp<=512,0.0418,4
512,n<=32,sr>70%,kvB<=16k,kp<=8k,0.0345,4
512,n<=32,sr>70%,kvB<=16k,kp=0,0.5529,4
512,n<=32,sr>70%,kvB<=1k,kp<=1k,0.1453,4
512,n<=32,sr>70%,kvB<=1k,kp<=2k,0.2322,4
512,n<=32,sr>70%,kvB<=1k,kp<=4k,0.2903,4
512,n<=32,sr>70%,kvB<=1k,kp<=512,0.1599,4
512,n<=32,sr>70%,kvB<=1k,kp<=8k,0.2973,4
512,n<=32,sr>70%,kvB<=1k,kp=0,0.1243,4
512,n<=32,sr>70%,kvB<=4k,kp<=1k,0.0068,4
512,n<=32,sr>70%,kvB<=4k,kp<=2k,0.0511,4
512,n<=32,sr>70%,kvB<=4k,kp<=4k,0.0919,4
512,n<=32,sr>70%,kvB<=4k,kp<=512,0.0166,4
512,n<=32,sr>70%,kvB<=4k,kp<=8k,0.0296,4
512,n<=32,sr>70%,kvB<=4k,kp=0,0.6757,4
512,n<=4,sr<=40%,kvB<=16k,kp<=1k,0.2623,2
512,n<=4,sr<=40%,kvB<=16k,kp<=2k,0.3049,2
512,n<=4,sr<=40%,kvB<=16k,kp<=4k,0.3656,2
512,n<=4,sr<=40%,kvB<=16k,kp<=512,0.2535,2
512,n<=4,sr<=40%,kvB<=16k,kp<=8k,0.2924,2
512,n<=4,sr<=40%,kvB<=16k,kp=0,0.3092,2
512,n<=4,sr<=40%,kvB<=1k,kp<=1k,0.1073,2
512,n<=4,sr<=40%,kvB<=1k,kp<=2k,0.1402,2
512,n<=4,sr<=40%,kvB<=1k,kp<=4k,0.3109,2
512,n<=4,sr<=40%,kvB<=1k,kp<=512,0.1618,2
512,n<=4,sr<=40%,kvB<=1k,kp<=8k,0.2184,2
512,n<=4,sr<=40%,kvB<=1k,kp=0,0.3478,2
512,n<=4,sr<=40%,kvB<=4k,kp<=1k,0.2789,2
512,n<=4,sr<=40%,kvB<=4k,kp<=2k,0.2603,2
512,n<=4,sr<=40%,kvB<=4k,kp<=4k,-0.0836,2
512,n<=4,sr<=40%,kvB<=4k,kp<=512,0.3132,2
512,n<=4,sr<=40%,kvB<=4k,kp<=8k,0.0962,2
512,n<=4,sr<=40%,kvB<=4k,kp=0,0.2953,2
512,n<=4,sr<=70%,kvB<=16k,kp<=1k,0.2393,2
512,n<=4,sr<=70%,kvB<=16k,kp<=2k,0.3271,2
512,n<=4,sr<=70%,kvB<=16k,kp<=4k,0.3684,2
512,n<=4,sr<=70%,kvB<=16k,kp<=512,0.2572,2
512,n<=4,sr<=70%,kvB<=16k,kp<=8k,0.4476,2
512,n<=4,sr<=70%,kvB<=16k,kp=0,0.4783,2
512,n<=4,sr<=70%,kvB<=1k,kp<=1k,0.0745,2
512,n<=4,sr<=70%,kvB<=1k,kp<=2k,0.137,2
512,n<=4,sr<=70%,kvB<=1k,kp<=4k,0.1841,2
512,n<=4,sr<=70%,kvB<=1k,kp<=512,0.1252,2
512,n<=4,sr<=70%,kvB<=1k,kp<=8k,0.1146,2
512,n<=4,sr<=70%,kvB<=1k,kp=0,0.2774,2
512,n<=4,sr<=70%,kvB<=4k,kp<=1k,0.2868,2
512,n<=4,sr<=70%,kvB<=4k,kp<=2k,0.3313,2
512,n<=4,sr<=70%,kvB<=4k,kp<=4k,0.1534,2
512,n<=4,sr<=70%,kvB<=4k,kp<=512,0.2964,2
512,n<=4,sr<=70%,kvB<=4k,kp<=8k,0.1599,2
512,n<=4,sr<=70%,kvB<=4k,kp=0,0.2692,2
512,n<=4,sr>70%,kvB<=16k,kp<=1k,0.0732,2
512,n<=4,sr>70%,kvB<=16k,kp<=2k,0.2221,2
512,n<=4,sr>70%,kvB<=16k,kp<=4k,0.2609,2
512,n<=4,sr>70%,kvB<=16k,kp<=512,0.0262,2
512,n<=4,sr>70%,kvB<=16k,kp<=8k,0.3932,2
512,n<=4,sr>70%,kvB<=16k,kp=0,0.5025,2
512,n<=4,sr>70%,kvB<=1k,kp<=1k,0.1884,2
512,n<=4,sr>70%,kvB<=1k,kp<=2k,0.2476,2
512,n<=4,sr>70%,kvB<=1k,kp<=4k,0.3341,2
512,n<=4,sr>70%,kvB<=1k,kp<=512,0.3938,2
512,n<=4,sr>70%,kvB<=1k,kp<=8k,0.3432,2
512,n<=4,sr>70%,kvB<=1k,kp=0,0.4129,2
512,n<=4,sr>70%,kvB<=4k,kp<=1k,0.2714,2
512,n<=4,sr>70%,kvB<=4k,kp<=2k,0.2505,2
512,n<=4,sr>70%,kvB<=4k,kp<=4k,0.2527,2
512,n<=4,sr>70%,kvB<=4k,kp<=512,0.2956,2
512,n<=4,sr>70%,kvB<=4k,kp<=8k,0.5035,2
512,n<=4,sr>70%,kvB<=4k,kp=0,0.1291,2
512,n<=64,sr<=15%,kvB<=16k,kp<=1k,0.0093,4
512,n<=64,sr<=15%,kvB<=16k,kp<=2k,0.0091,4
512,n<=64,sr<=15%,kvB<=16k,kp<=4k,0.007,4
512,n<=64,sr<=15%,kvB<=16k,kp<=512,0.0086,4
512,n<=64,sr<=15%,kvB<=16k,kp<=8k,0.0084,4
512,n<=64,sr<=15%,kvB<=16k,kp=0,0.0093,4
512,n<=64,sr<=15%,kvB<=1k,kp<=1k,0.0805,4
512,n<=64,sr<=15%,kvB<=1k,kp<=2k,0.0483,4
512,n<=64,sr<=15%,kvB<=1k,kp<=4k,0.0693,4
512,n<=64,sr<=15%,kvB<=1k,kp<=512,0.0653,4
512,n<=64,sr<=15%,kvB<=1k,kp<=8k,0.0986,4
512,n<=64,sr<=15%,kvB<=1k,kp=0,0.0604,4
512,n<=64,sr<=15%,kvB<=4k,kp<=1k,0.0123,4
512,n<=64,sr<=15%,kvB<=4k,kp<=2k,0.0113,4
512,n<=64,sr<=15%,kvB<=4k,kp<=4k,0.008,4
512,n<=64,sr<=15%,kvB<=4k,kp<=512,0.0079,4
512,n<=64,sr<=15%,kvB<=4k,kp<=8k,0.0119,4
512,n<=64,sr<=15%,kvB<=4k,kp=0,0.0086,4
512,n<=64,sr<=40%,kvB<=16k,kp<=1k,0.007,2
512,n<=64,sr<=40%,kvB<=16k,kp<=2k,0.005,2
512,n<=64,sr<=40%,kvB<=16k,kp<=4k,0.0009,2
512,n<=64,sr<=40%,kvB<=16k,kp<=512,0.0051,2
512,n<=64,sr<=40%,kvB<=16k,kp<=8k,-0.0026,2
512,n<=64,sr<=40%,kvB<=16k,kp=0,0.0062,2
512,n<=64,sr<=40%,kvB<=1k,kp<=1k,0.1111,2
512,n<=64,sr<=40%,kvB<=1k,kp<=2k,0.0966,2
512,n<=64,sr<=40%,kvB<=1k,kp<=4k,0.1093,2
512,n<=64,sr<=40%,kvB<=1k,kp<=512,0.0773,2
512,n<=64,sr<=40%,kvB<=1k,kp<=8k,0.1101,2
512,n<=64,sr<=40%,kvB<=1k,kp=0,0.0876,2
512,n<=64,sr<=40%,kvB<=4k,kp<=1k,-0.0017,2
512,n<=64,sr<=40%,kvB<=4k,kp<=2k,-0.0035,2
512,n<=64,sr<=40%,kvB<=4k,kp<=4k,-0.0054,2
512,n<=64,sr<=40%,kvB<=4k,kp<=512,-0.007,2
512,n<=64,sr<=40%,kvB<=4k,kp<=8k,-0.0083,2
512,n<=64,sr<=40%,kvB<=4k,kp=0,-0.0046,2
512,n<=64,sr<=5%,kvB<=16k,kp<=1k,0.0109,6
512,n<=64,sr<=5%,kvB<=16k,kp<=2k,0.0102,6
512,n<=64,sr<=5%,kvB<=16k,kp<=4k,0.0092,6
512,n<=64,sr<=5%,kvB<=16k,kp<=512,0.0109,6
512,n<=64,sr<=5%,kvB<=16k,kp<=8k,0.009,6
512,n<=64,sr<=5%,kvB<=16k,kp=0,0.0128,6
512,n<=64,sr<=5%,kvB<=1k,kp<=1k,0.0362,6
512,n<=64,sr<=5%,kvB<=1k,kp<=2k,0.0441,6
512,n<=64,sr<=5%,kvB<=1k,kp<=4k,0.058,6
512,n<=64,sr<=5%,kvB<=1k,kp<=512,0.0177,6
512,n<=64,sr<=5%,kvB<=1k,kp<=8k,0.0544,6
512,n<=64,sr<=5%,kvB<=1k,kp=0,0.027,6
512,n<=64,sr<=5%,kvB<=4k,kp<=1k,0.0132,6
512,n<=64,sr<=5%,kvB<=4k,kp<=2k,0.0123,6
512,n<=64,sr<=5%,kvB<=4k,kp<=4k,0.0089,6
512,n<=64,sr<=5%,kvB<=4k,kp<=512,0.0124,6
512,n<=64,sr<=5%,kvB<=4k,kp<=8k,0.0103,6
512,n<=64,sr<=5%,kvB<=4k,kp=0,0.0124,6
512,n<=64,sr<=70%,kvB<=16k,kp<=1k,0.0028,2
512,n<=64,sr<=70%,kvB<=16k,kp<=2k,0.0032,2
512,n<=64,sr<=70%,kvB<=16k,kp<=4k,0.0004,2
512,n<=64,sr<=70%,kvB<=16k,kp<=512,-0.0004,2
512,n<=64,sr<=70%,kvB<=16k,kp<=8k,-0.0084,2
512,n<=64,sr<=70%,kvB<=16k,kp=0,0.0005,2
512,n<=64,sr<=70%,kvB<=1k,kp<=1k,0.1095,2
512,n<=64,sr<=70%,kvB<=1k,kp<=2k,0.1155,2
512,n<=64,sr<=70%,kvB<=1k,kp<=4k,0.1414,2
512,n<=64,sr<=70%,kvB<=1k,kp<=512,0.0923,2
512,n<=64,sr<=70%,kvB<=1k,kp<=8k,0.1748,2
512,n<=64,sr<=70%,kvB<=1k,kp=0,0.0333,2
512,n<=64,sr<=70%,kvB<=4k,kp<=1k,-0.0064,2
512,n<=64,sr<=70%,kvB<=4k,kp<=2k,-0.0081,2
512,n<=64,sr<=70%,kvB<=4k,kp<=4k,0.0149,2
512,n<=64,sr<=70%,kvB<=4k,kp<=512,-0.0146,2
512,n<=64,sr<=70%,kvB<=4k,kp<=8k,0.0202,2
512,n<=64,sr<=70%,kvB<=4k,kp=0,-0.0051,2
512,n<=64,sr>70%,kvB<=16k,kp<=1k,0.0104,4
512,n<=64,sr>70%,kvB<=16k,kp<=2k,0.008,4
512,n<=64,sr>70%,kvB<=16k,kp<=4k,0.0193,4
512,n<=64,sr>70%,kvB<=16k,kp<=512,0.0051,4
512,n<=64,sr>70%,kvB<=16k,kp<=8k,0.0184,4
512,n<=64,sr>70%,kvB<=16k,kp=0,-0.005,4
512,n<=64,sr>70%,kvB<=1k,kp<=1k,0.3909,4
512,n<=64,sr>70%,kvB<=1k,kp<=2k,0.4334,4
512,n<=64,sr>70%,kvB<=1k,kp<=4k,0.4908,4
512,n<=64,sr>70%,kvB<=1k,kp<=512,0.3596,4
512,n<=64,sr>70%,kvB<=1k,kp<=8k,0.401,4
512,n<=64,sr>70%,kvB<=1k,kp=0,0.2887,4
512,n<=64,sr>70%,kvB<=4k,kp<=1k,-0.0014,4
512,n<=64,sr>70%,kvB<=4k,kp<=2k,0.012,4
512,n<=64,sr>70%,kvB<=4k,kp<=4k,0.0187,4
512,n<=64,sr>70%,kvB<=4k,kp<=512,-0.0091,4
512,n<=64,sr>70%,kvB<=4k,kp<=8k,0.0639,4
512,n<=64,sr>70%,kvB<=4k,kp=0,-0.0042,4
512,n<=8,sr<=15%,kvB<=16k,kp<=1k,0.155,2
512,n<=8,sr<=15%,kvB<=16k,kp<=2k,0.1106,2
512,n<=8,sr<=15%,kvB<=16k,kp<=4k,0.1515,2
512,n<=8,sr<=15%,kvB<=16k,kp<=512,0.1495,2
512,n<=8,sr<=15%,kvB<=16k,kp<=8k,0.1157,2
512,n<=8,sr<=15%,kvB<=16k,kp=0,0.204,2
512,n<=8,sr<=15%,kvB<=1k,kp<=1k,0.0936,2
512,n<=8,sr<=15%,kvB<=1k,kp<=2k,0.0984,2
512,n<=8,sr<=15%,kvB<=1k,kp<=4k,0.1278,2
512,n<=8,sr<=15%,kvB<=1k,kp<=512,0.1111,2
512,n<=8,sr<=15%,kvB<=1k,kp<=8k,0.1337,2
512,n<=8,sr<=15%,kvB<=1k,kp=0,0.2234,2
512,n<=8,sr<=15%,kvB<=4k,kp<=1k,0.1629,2
512,n<=8,sr<=15%,kvB<=4k,kp<=2k,0.1123,2
512,n<=8,sr<=15%,kvB<=4k,kp<=4k,-0.016,2
512,n<=8,sr<=15%,kvB<=4k,kp<=512,0.1601,2
512,n<=8,sr<=15%,kvB<=4k,kp<=8k,0.0585,2
512,n<=8,sr<=15%,kvB<=4k,kp=0,0.1663,2
512,n<=8,sr<=40%,kvB<=16k,kp<=1k,0.1361,4
512,n<=8,sr<=40%,kvB<=16k,kp<=2k,0.1234,4
512,n<=8,sr<=40%,kvB<=16k,kp<=4k,0.142,4
512,n<=8,sr<=40%,kvB<=16k,kp<=512,0.1691,4
512,n<=8,sr<=40%,kvB<=16k,kp<=8k,0.1937,4
512,n<=8,sr<=40%,kvB<=16k,kp=0,0.2317,4
512,n<=8,sr<=40%,kvB<=1k,kp<=1k,0.0799,4
512,n<=8,sr<=40%,kvB<=1k,kp<=2k,0.0701,4
512,n<=8,sr<=40%,kvB<=1k,kp<=4k,0.1163,4
512,n<=8,sr<=40%,kvB<=1k,kp<=512,0.1125,4
512,n<=8,sr<=40%,kvB<=1k,kp<=8k,0.143,4
512,n<=8,sr<=40%,kvB<=1k,kp=0,0.2141,4
512,n<=8,sr<=40%,kvB<=4k,kp<=1k,0.1505,4
512,n<=8,sr<=40%,kvB<=4k,kp<=2k,0.1597,4
512,n<=8,sr<=40%,kvB<=4k,kp<=4k,-0.0334,4
512,n<=8,sr<=40%,kvB<=4k,kp<=512,0.145,4
512,n<=8,sr<=40%,kvB<=4k,kp<=8k,-0.0081,4
512,n<=8,sr<=40%,kvB<=4k,kp=0,0.1563,4
512,n<=8,sr<=70%,kvB<=16k,kp<=1k,0.1496,2
512,n<=8,sr<=70%,kvB<=16k,kp<=2k,0.1187,2
512,n<=8,sr<=70%,kvB<=16k,kp<=4k,-0.0487,2
512,n<=8,sr<=70%,kvB<=16k,kp<=512,0.2212,2
512,n<=8,sr<=70%,kvB<=16k,kp<=8k,0.1551,2
512,n<=8,sr<=70%,kvB<=16k,kp=0,0.4256,2
512,n<=8,sr<=70%,kvB<=1k,kp<=1k,0.0569,2
512,n<=8,sr<=70%,kvB<=1k,kp<=2k,0.0344,2
512,n<=8,sr<=70%,kvB<=1k,kp<=4k,0.0816,2
512,n<=8,sr<=70%,kvB<=1k,kp<=512,0.1305,2
512,n<=8,sr<=70%,kvB<=1k,kp<=8k,0.1233,2
512,n<=8,sr<=70%,kvB<=1k,kp=0,0.1947,2
512,n<=8,sr<=70%,kvB<=4k,kp<=1k,0.1621,2
512,n<=8,sr<=70%,kvB<=4k,kp<=2k,0.1999,2
512,n<=8,sr<=70%,kvB<=4k,kp<=4k,-0.0544,2
512,n<=8,sr<=70%,kvB<=4k,kp<=512,0.1121,2
512,n<=8,sr<=70%,kvB<=4k,kp<=8k,-0.0319,2
512,n<=8,sr<=70%,kvB<=4k,kp=0,0.12,2
512,n<=8,sr>70%,kvB<=16k,kp<=1k,0.2246,4
512,n<=8,sr>70%,kvB<=16k,kp<=2k,0.1659,4
512,n<=8,sr>70%,kvB<=16k,kp<=4k,-0.1422,4
512,n<=8,sr>70%,kvB<=16k,kp<=512,0.5979,4
512,n<=8,sr>70%,kvB<=16k,kp<=8k,0.3581,4
512,n<=8,sr>70%,kvB<=16k,kp=0,0.9522,4
512,n<=8,sr>70%,kvB<=1k,kp<=1k,0.2274,4
512,n<=8,sr>70%,kvB<=1k,kp<=2k,0.2527,4
512,n<=8,sr>70%,kvB<=1k,kp<=4k,0.2282,4
512,n<=8,sr>70%,kvB<=1k,kp<=512,0.3366,4
512,n<=8,sr>70%,kvB<=1k,kp<=8k,0.3021,4
512,n<=8,sr>70%,kvB<=1k,kp=0,0.3406,4
512,n<=8,sr>70%,kvB<=4k,kp<=1k,0.0606,4
512,n<=8,sr>70%,kvB<=4k,kp<=2k,0.1954,4
512,n<=8,sr>70%,kvB<=4k,kp<=4k,0.4263,4
512,n<=8,sr>70%,kvB<=4k,kp<=512,0.2839,4
512,n<=8,sr>70%,kvB<=4k,kp<=8k,0.1417,4
512,n<=8,sr>70%,kvB<=4k,kp=0,0.2099,4
1024,n<=128,sr<=15%,kvB<=16k,kp<=1k,-0.0009,4
1024,n<=128,sr<=15%,kvB<=16k,kp<=2k,-0.0017,4
1024,n<=128,sr<=15%,kvB<=16k,kp<=4k,-0.0009,4
1024,n<=128,sr<=15%,kvB<=16k,kp<=512,-0.0005,4
1024,n<=128,sr<=15%,kvB<=16k,kp<=8k,0.0038,4
1024,n<=128,sr<=15%,kvB<=16k,kp=0,0.0006,4
1024,n<=128,sr<=15%,kvB<=1k,kp<=1k,0.0797,4
1024,n<=128,sr<=15%,kvB<=1k,kp<=2k,0.0838,4
1024,n<=128,sr<=15%,kvB<=1k,kp<=4k,0.0873,4
1024,n<=128,sr<=15%,kvB<=1k,kp<=512,0.1057,4
1024,n<=128,sr<=15%,kvB<=1k,kp<=8k,0.0758,4
1024,n<=128,sr<=15%,kvB<=1k,kp=0,0.0601,4
1024,n<=128,sr<=15%,kvB<=4k,kp<=1k,0.0076,4
1024,n<=128,sr<=15%,kvB<=4k,kp<=2k,0.0112,4
1024,n<=128,sr<=15%,kvB<=4k,kp<=4k,0.0013,4
1024,n<=128,sr<=15%,kvB<=4k,kp<=512,0.0133,4
1024,n<=128,sr<=15%,kvB<=4k,kp<=8k,0.0025,4
1024,n<=128,sr<=15%,kvB<=4k,kp=0,0.006,4
1024,n<=128,sr<=40%,kvB<=16k,kp<=1k,0.0006,2
1024,n<=128,sr<=40%,kvB<=16k,kp<=2k,-0.0014,2
1024,n<=128,sr<=40%,kvB<=16k,kp<=4k,-0.0016,2
1024,n<=128,sr<=40%,kvB<=16k,kp<=512,0.0001,2
1024,n<=128,sr<=40%,kvB<=16k,kp<=8k,-0.0152,2
1024,n<=128,sr<=40%,kvB<=16k,kp=0,-0.0004,2
1024,n<=128,sr<=40%,kvB<=1k,kp<=1k,0.1181,2
1024,n<=128,sr<=40%,kvB<=1k,kp<=2k,0.1207,2
1024,n<=128,sr<=40%,kvB<=1k,kp<=4k,0.1962,2
1024,n<=128,sr<=40%,kvB<=1k,kp<=512,0.1407,2
1024,n<=128,sr<=40%,kvB<=1k,kp<=8k,0.088,2
1024,n<=128,sr<=40%,kvB<=1k,kp=0,0.1286,2
1024,n<=128,sr<=40%,kvB<=4k,kp<=1k,0.008,2
1024,n<=128,sr<=40%,kvB<=4k,kp<=2k,-0.0007,2
1024,n<=128,sr<=40%,kvB<=4k,kp<=4k,-0.0253,2
1024,n<=128,sr<=40%,kvB<=4k,kp<=512,0.013,2
1024,n<=128,sr<=40%,kvB<=4k,kp<=8k,0.0164,2
1024,n<=128,sr<=40%,kvB<=4k,kp=0,0.0176,2
1024,n<=128,sr<=5%,kvB<=16k,kp<=1k,0.0014,8
1024,n<=128,sr<=5%,kvB<=16k,kp<=2k,0.0012,8
1024,n<=128,sr<=5%,kvB<=16k,kp<=4k,0.0002,8
1024,n<=128,sr<=5%,kvB<=16k,kp<=512,0.0023,8
1024,n<=128,sr<=5%,kvB<=16k,kp<=8k,-0.0006,8
1024,n<=128,sr<=5%,kvB<=16k,kp=0,0.0025,8
1024,n<=128,sr<=5%,kvB<=1k,kp<=1k,0.0091,8
1024,n<=128,sr<=5%,kvB<=1k,kp<=2k,0.0106,8
1024,n<=128,sr<=5%,kvB<=1k,kp<=4k,0.0284,8
1024,n<=128,sr<=5%,kvB<=1k,kp<=512,0.0103,8
1024,n<=128,sr<=5%,kvB<=1k,kp<=8k,0.0584,8
1024,n<=128,sr<=5%,kvB<=1k,kp=0,0.0073,8
1024,n<=128,sr<=5%,kvB<=4k,kp<=1k,0.0072,8
1024,n<=128,sr<=5%,kvB<=4k,kp<=2k,0.014,8
1024,n<=128,sr<=5%,kvB<=4k,kp<=4k,0.0025,8
1024,n<=128,sr<=5%,kvB<=4k,kp<=512,0.0029,8
1024,n<=128,sr<=5%,kvB<=4k,kp<=8k,0.0095,8
1024,n<=128,sr<=5%,kvB<=4k,kp=0,0.0033,8
1024,n<=128,sr<=70%,kvB<=16k,kp<=1k,0.0013,2
1024,n<=128,sr<=70%,kvB<=16k,kp<=2k,-0.0019,2
1024,n<=128,sr<=70%,kvB<=16k,kp<=4k,-0.0077,2
1024,n<=128,sr<=70%,kvB<=16k,kp<=512,-0.0018,2
1024,n<=128,sr<=70%,kvB<=16k,kp<=8k,-0.0223,2
1024,n<=128,sr<=70%,kvB<=16k,kp=0,-0.002,2
1024,n<=128,sr<=70%,kvB<=1k,kp<=1k,0.1093,2
1024,n<=128,sr<=70%,kvB<=1k,kp<=2k,0.0991,2
1024,n<=128,sr<=70%,kvB<=1k,kp<=4k,0.1324,2
1024,n<=128,sr<=70%,kvB<=1k,kp<=512,0.0981,2
1024,n<=128,sr<=70%,kvB<=1k,kp<=8k,0.1259,2
1024,n<=128,sr<=70%,kvB<=1k,kp=0,0.1957,2
1024,n<=128,sr<=70%,kvB<=4k,kp<=1k,0.0095,2
1024,n<=128,sr<=70%,kvB<=4k,kp<=2k,0.0025,2
1024,n<=128,sr<=70%,kvB<=4k,kp<=4k,0.0033,2
1024,n<=128,sr<=70%,kvB<=4k,kp<=512,0.0264,2
1024,n<=128,sr<=70%,kvB<=4k,kp<=8k,0.0217,2
1024,n<=128,sr<=70%,kvB<=4k,kp=0,0.0229,2
1024,n<=128,sr>70%,kvB<=16k,kp<=1k,0.0096,4
1024,n<=128,sr>70%,kvB<=16k,kp<=2k,0.0091,4
1024,n<=128,sr>70%,kvB<=16k,kp<=4k,0.0151,4
1024,n<=128,sr>70%,kvB<=16k,kp<=512,0.0055,4
1024,n<=128,sr>70%,kvB<=16k,kp<=8k,0.0022,4
1024,n<=128,sr>70%,kvB<=16k,kp=0,0.0031,4
1024,n<=128,sr>70%,kvB<=1k,kp<=1k,0.3497,4
1024,n<=128,sr>70%,kvB<=1k,kp<=2k,0.4266,4
1024,n<=128,sr>70%,kvB<=1k,kp<=4k,0.402,4
1024,n<=128,sr>70%,kvB<=1k,kp<=512,0.437,4
1024,n<=128,sr>70%,kvB<=1k,kp<=8k,0.4819,3
1024,n<=128,sr>70%,kvB<=1k,kp=0,0.4663,4
1024,n<=128,sr>70%,kvB<=4k,kp<=1k,-0.015,4
1024,n<=128,sr>70%,kvB<=4k,kp<=2k,-0.0261,4
1024,n<=128,sr>70%,kvB<=4k,kp<=4k,0.0236,4
1024,n<=128,sr>70%,kvB<=4k,kp<=512,-0.0124,4
1024,n<=128,sr>70%,kvB<=4k,kp<=8k,0.0329,4
1024,n<=128,sr>70%,kvB<=4k,kp=0,-0.0049,4
1024,n<=16,sr<=15%,kvB<=16k,kp<=1k,0.0595,4
1024,n<=16,sr<=15%,kvB<=16k,kp<=2k,0.0542,4
1024,n<=16,sr<=15%,kvB<=16k,kp<=4k,0.0668,4
1024,n<=16,sr<=15%,kvB<=16k,kp<=512,0.0591,4
1024,n<=16,sr<=15%,kvB<=16k,kp<=8k,0.0456,4
1024,n<=16,sr<=15%,kvB<=16k,kp=0,0.06,4
1024,n<=16,sr<=15%,kvB<=1k,kp<=1k,0.0982,4
1024,n<=16,sr<=15%,kvB<=1k,kp<=2k,0.0547,4
1024,n<=16,sr<=15%,kvB<=1k,kp<=4k,0.0907,4
1024,n<=16,sr<=15%,kvB<=1k,kp<=512,0.072,4
1024,n<=16,sr<=15%,kvB<=1k,kp<=8k,0.2001,4
1024,n<=16,sr<=15%,kvB<=1k,kp=0,0.0875,4
1024,n<=16,sr<=15%,kvB<=4k,kp<=1k,0.0634,4
1024,n<=16,sr<=15%,kvB<=4k,kp<=2k,0.0395,4
1024,n<=16,sr<=15%,kvB<=4k,kp<=4k,-0.0356,4
1024,n<=16,sr<=15%,kvB<=4k,kp<=512,0.0653,4
1024,n<=16,sr<=15%,kvB<=4k,kp<=8k,0.052,4
1024,n<=16,sr<=15%,kvB<=4k,kp=0,0.0696,4
1024,n<=16,sr<=40%,kvB<=16k,kp<=1k,0.0562,4
1024,n<=16,sr<=40%,kvB<=16k,kp<=2k,0.0589,4
1024,n<=16,sr<=40%,kvB<=16k,kp<=4k,0.0541,4
1024,n<=16,sr<=40%,kvB<=16k,kp<=512,0.0554,4
1024,n<=16,sr<=40%,kvB<=16k,kp<=8k,0.0757,4
1024,n<=16,sr<=40%,kvB<=16k,kp=0,0.058,4
1024,n<=16,sr<=40%,kvB<=1k,kp<=1k,0.0821,4
1024,n<=16,sr<=40%,kvB<=1k,kp<=2k,0.0719,4
1024,n<=16,sr<=40%,kvB<=1k,kp<=4k,0.0802,4
1024,n<=16,sr<=40%,kvB<=1k,kp<=512,0.0609,4
1024,n<=16,sr<=40%,kvB<=1k,kp<=8k,-0.0092,4
1024,n<=16,sr<=40%,kvB<=1k,kp=0,0.0945,4
1024,n<=16,sr<=40%,kvB<=4k,kp<=1k,0.0802,4
1024,n<=16,sr<=40%,kvB<=4k,kp<=2k,0.0764,4
1024,n<=16,sr<=40%,kvB<=4k,kp<=4k,-0.0497,4
1024,n<=16,sr<=40%,kvB<=4k,kp<=512,0.056,4
1024,n<=16,sr<=40%,kvB<=4k,kp<=8k,0.1142,4
1024,n<=16,sr<=40%,kvB<=4k,kp=0,0.0546,4
1024,n<=16,sr<=70%,kvB<=16k,kp<=1k,0.0324,2
1024,n<=16,sr<=70%,kvB<=16k,kp<=2k,0.0329,2
1024,n<=16,sr<=70%,kvB<=16k,kp<=4k,-0.0154,2
1024,n<=16,sr<=70%,kvB<=16k,kp<=512,0.0515,2
1024,n<=16,sr<=70%,kvB<=16k,kp<=8k,0.0666,2
1024,n<=16,sr<=70%,kvB<=16k,kp=0,0.0622,2
1024,n<=16,sr<=70%,kvB<=1k,kp<=1k,0.1523,2
1024,n<=16,sr<=70%,kvB<=1k,kp<=2k,0.0314,2
1024,n<=16,sr<=70%,kvB<=1k,kp<=4k,-0.0118,2
1024,n<=16,sr<=70%,kvB<=1k,kp<=512,0.0446,2
1024,n<=16,sr<=70%,kvB<=1k,kp<=8k,-0.0503,2
1024,n<=16,sr<=70%,kvB<=1k,kp=0,0.1105,2
1024,n<=16,sr<=70%,kvB<=4k,kp<=1k,0.0465,2
1024,n<=16,sr<=70%,kvB<=4k,kp<=2k,0.0441,2
1024,n<=16,sr<=70%,kvB<=4k,kp<=4k,0.0465,2
1024,n<=16,sr<=70%,kvB<=4k,kp<=512,0.0034,2
1024,n<=16,sr<=70%,kvB<=4k,kp<=8k,0.082,2
1024,n<=16,sr<=70%,kvB<=4k,kp=0,0.0244,2
1024,n<=16,sr>70%,kvB<=16k,kp<=1k,0.068,4
1024,n<=16,sr>70%,kvB<=16k,kp<=2k,0.0021,4
1024,n<=16,sr>70%,kvB<=16k,kp<=4k,0.0992,4
1024,n<=16,sr>70%,kvB<=16k,kp<=512,0.1118,4
1024,n<=16,sr>70%,kvB<=16k,kp<=8k,0.0131,4
1024,n<=16,sr>70%,kvB<=16k,kp=0,0.1885,4
1024,n<=16,sr>70%,kvB<=1k,kp<=1k,0.0371,4
1024,n<=16,sr>70%,kvB<=1k,kp<=2k,0.2227,4
1024,n<=16,sr>70%,kvB<=1k,kp<=4k,0.2493,4
1024,n<=16,sr>70%,kvB<=1k,kp<=512,0.2591,4
1024,n<=16,sr>70%,kvB<=1k,kp<=8k,0.1967,3
1024,n<=16,sr>70%,kvB<=1k,kp=0,0.3214,4
1024,n<=16,sr>70%,kvB<=4k,kp<=1k,0.0787,4
1024,n<=16,sr>70%,kvB<=4k,kp<=2k,-0.0922,4
1024,n<=16,sr>70%,kvB<=4k,kp<=4k,0.22,4
1024,n<=16,sr>70%,kvB<=4k,kp<=512,-0.0291,4
1024,n<=16,sr>70%,kvB<=4k,kp<=8k,0.3427,4
1024,n<=16,sr>70%,kvB<=4k,kp=0,0.0207,4
1024,n<=2,sr<=70%,kvB<=16k,kp<=1k,0.4625,2
1024,n<=2,sr<=70%,kvB<=16k,kp<=2k,0.4736,2
1024,n<=2,sr<=70%,kvB<=16k,kp<=4k,0.5255,2
1024,n<=2,sr<=70%,kvB<=16k,kp<=512,0.4658,2
1024,n<=2,sr<=70%,kvB<=16k,kp<=8k,0.7288,1
1024,n<=2,sr<=70%,kvB<=16k,kp=0,0.299,2
1024,n<=2,sr<=70%,kvB<=1k,kp<=1k,0.4324,2
1024,n<=2,sr<=70%,kvB<=1k,kp<=2k,0.7774,2
1024,n<=2,sr<=70%,kvB<=1k,kp<=4k,0.4463,2
1024,n<=2,sr<=70%,kvB<=1k,kp<=512,0.0384,2
1024,n<=2,sr<=70%,kvB<=1k,kp<=8k,-0.0026,2
1024,n<=2,sr<=70%,kvB<=1k,kp=0,0.2446,2
1024,n<=2,sr<=70%,kvB<=4k,kp<=1k,0.4366,2
1024,n<=2,sr<=70%,kvB<=4k,kp<=2k,0.5233,2
1024,n<=2,sr<=70%,kvB<=4k,kp<=4k,0.1655,1
1024,n<=2,sr<=70%,kvB<=4k,kp<=512,0.4866,2
1024,n<=2,sr<=70%,kvB<=4k,kp<=8k,1.0355,2
1024,n<=2,sr<=70%,kvB<=4k,kp=0,0.475,2
1024,n<=32,sr<=15%,kvB<=16k,kp<=1k,0.0277,6
1024,n<=32,sr<=15%,kvB<=16k,kp<=2k,0.0201,6
1024,n<=32,sr<=15%,kvB<=16k,kp<=4k,0.0214,6
1024,n<=32,sr<=15%,kvB<=16k,kp<=512,0.0284,6
1024,n<=32,sr<=15%,kvB<=16k,kp<=8k,0.0367,6
1024,n<=32,sr<=15%,kvB<=16k,kp=0,0.0259,6
1024,n<=32,sr<=15%,kvB<=1k,kp<=1k,0.0625,6
1024,n<=32,sr<=15%,kvB<=1k,kp<=2k,0.0948,6
1024,n<=32,sr<=15%,kvB<=1k,kp<=4k,0.0754,6
1024,n<=32,sr<=15%,kvB<=1k,kp<=512,0.0711,6
1024,n<=32,sr<=15%,kvB<=1k,kp<=8k,0.1034,6
1024,n<=32,sr<=15%,kvB<=1k,kp=0,0.074,6
1024,n<=32,sr<=15%,kvB<=4k,kp<=1k,0.0384,6
1024,n<=32,sr<=15%,kvB<=4k,kp<=2k,0.0181,6
1024,n<=32,sr<=15%,kvB<=4k,kp<=4k,0.0362,6
1024,n<=32,sr<=15%,kvB<=4k,kp<=512,0.0253,6
1024,n<=32,sr<=15%,kvB<=4k,kp<=8k,0.0007,6
1024,n<=32,sr<=15%,kvB<=4k,kp=0,0.027,6
1024,n<=32,sr<=40%,kvB<=16k,kp<=1k,0.0342,2
1024,n<=32,sr<=40%,kvB<=16k,kp<=2k,0.0303,2
1024,n<=32,sr<=40%,kvB<=16k,kp<=4k,0.0263,2
1024,n<=32,sr<=40%,kvB<=16k,kp<=512,0.0311,2
1024,n<=32,sr<=40%,kvB<=16k,kp<=8k,0.0138,2
1024,n<=32,sr<=40%,kvB<=16k,kp=0,0.0221,2
1024,n<=32,sr<=40%,kvB<=1k,kp<=1k,0.1122,2
1024,n<=32,sr<=40%,kvB<=1k,kp<=2k,0.1913,2
1024,n<=32,sr<=40%,kvB<=1k,kp<=4k,0.1167,2
1024,n<=32,sr<=40%,kvB<=1k,kp<=512,0.0988,2
1024,n<=32,sr<=40%,kvB<=1k,kp<=8k,0.2235,2
1024,n<=32,sr<=40%,kvB<=1k,kp=0,0.1096,2
1024,n<=32,sr<=40%,kvB<=4k,kp<=1k,0.0381,2
1024,n<=32,sr<=40%,kvB<=4k,kp<=2k,0.0023,2
1024,n<=32,sr<=40%,kvB<=4k,kp<=4k,-0.0423,2
1024,n<=32,sr<=40%,kvB<=4k,kp<=512,0.0443,2
1024,n<=32,sr<=40%,kvB<=4k,kp<=8k,-0.037,2
1024,n<=32,sr<=40%,kvB<=4k,kp=0,0.0164,2
1024,n<=32,sr<=5%,kvB<=16k,kp<=1k,0.0297,2
1024,n<=32,sr<=5%,kvB<=16k,kp<=2k,0.0288,2
1024,n<=32,sr<=5%,kvB<=16k,kp<=4k,0.0307,2
1024,n<=32,sr<=5%,kvB<=16k,kp<=512,0.0302,2
1024,n<=32,sr<=5%,kvB<=16k,kp<=8k,0.0406,2
1024,n<=32,sr<=5%,kvB<=16k,kp=0,0.0295,2
1024,n<=32,sr<=5%,kvB<=1k,kp<=1k,0.017,2
1024,n<=32,sr<=5%,kvB<=1k,kp<=2k,0.0237,2
1024,n<=32,sr<=5%,kvB<=1k,kp<=4k,0.019,2
1024,n<=32,sr<=5%,kvB<=1k,kp<=512,0.0037,2
1024,n<=32,sr<=5%,kvB<=1k,kp<=8k,0.0471,2
1024,n<=32,sr<=5%,kvB<=1k,kp=0,0.0224,2
1024,n<=32,sr<=5%,kvB<=4k,kp<=1k,0.0257,2
1024,n<=32,sr<=5%,kvB<=4k,kp<=2k,0.032,2
1024,n<=32,sr<=5%,kvB<=4k,kp<=4k,-0.0044,2
1024,n<=32,sr<=5%,kvB<=4k,kp<=512,0.0391,2
1024,n<=32,sr<=5%,kvB<=4k,kp<=8k,0.0344,2
1024,n<=32,sr<=5%,kvB<=4k,kp=0,0.0393,2
1024,n<=32,sr<=70%,kvB<=16k,kp<=1k,0.0224,2
1024,n<=32,sr<=70%,kvB<=16k,kp<=2k,0.0243,2
1024,n<=32,sr<=70%,kvB<=16k,kp<=4k,0.0192,2
1024,n<=32,sr<=70%,kvB<=16k,kp<=512,0.0246,2
1024,n<=32,sr<=70%,kvB<=16k,kp<=8k,0.036,2
1024,n<=32,sr<=70%,kvB<=16k,kp=0,0.0179,2
1024,n<=32,sr<=70%,kvB<=1k,kp<=1k,0.0607,2
1024,n<=32,sr<=70%,kvB<=1k,kp<=2k,0.0902,2
1024,n<=32,sr<=70%,kvB<=1k,kp<=4k,-0.0136,2
1024,n<=32,sr<=70%,kvB<=1k,kp<=512,-0.0109,2
1024,n<=32,sr<=70%,kvB<=1k,kp<=8k,-0.1875,2
1024,n<=32,sr<=70%,kvB<=1k,kp=0,0.0621,2
1024,n<=32,sr<=70%,kvB<=4k,kp<=1k,0.0375,2
1024,n<=32,sr<=70%,kvB<=4k,kp<=2k,0.0188,2
1024,n<=32,sr<=70%,kvB<=4k,kp<=4k,0.0134,2
1024,n<=32,sr<=70%,kvB<=4k,kp<=512,0.0296,2
1024,n<=32,sr<=70%,kvB<=4k,kp<=8k,-0.1011,2
1024,n<=32,sr<=70%,kvB<=4k,kp=0,0.0116,2
1024,n<=32,sr>70%,kvB<=16k,kp<=1k,0.0927,4
1024,n<=32,sr>70%,kvB<=16k,kp<=2k,0.0711,4
1024,n<=32,sr>70%,kvB<=16k,kp<=4k,-0.0112,4
1024,n<=32,sr>70%,kvB<=16k,kp<=512,0.0771,4
1024,n<=32,sr>70%,kvB<=16k,kp<=8k,0.0426,4
1024,n<=32,sr>70%,kvB<=16k,kp=0,0.0577,4
1024,n<=32,sr>70%,kvB<=1k,kp<=1k,0.2746,4
1024,n<=32,sr>70%,kvB<=1k,kp<=2k,0.2978,4
1024,n<=32,sr>70%,kvB<=1k,kp<=4k,0.1058,4
1024,n<=32,sr>70%,kvB<=1k,kp<=512,0.2458,4
1024,n<=32,sr>70%,kvB<=1k,kp<=8k,0.102,4
1024,n<=32,sr>70%,kvB<=1k,kp=0,0.2379,4
1024,n<=32,sr>70%,kvB<=4k,kp<=1k,0.0976,4
1024,n<=32,sr>70%,kvB<=4k,kp<=2k,-0.0181,4
1024,n<=32,sr>70%,kvB<=4k,kp<=4k,-0.0224,4
1024,n<=32,sr>70%,kvB<=4k,kp<=512,0.0687,4
1024,n<=32,sr>70%,kvB<=4k,kp<=8k,0.144,4
1024,n<=32,sr>70%,kvB<=4k,kp=0,0.0598,4
1024,n<=4,sr<=40%,kvB<=16k,kp<=1k,0.2742,2
1024,n<=4,sr<=40%,kvB<=16k,kp<=2k,0.286,2
1024,n<=4,sr<=40%,kvB<=16k,kp<=4k,0.3513,2
1024,n<=4,sr<=40%,kvB<=16k,kp<=512,0.2676,2
1024,n<=4,sr<=40%,kvB<=16k,kp<=8k,0.2948,2
1024,n<=4,sr<=40%,kvB<=16k,kp=0,0.2494,2
1024,n<=4,sr<=40%,kvB<=1k,kp<=1k,0.1003,2
1024,n<=4,sr<=40%,kvB<=1k,kp<=2k,0.4584,2
1024,n<=4,sr<=40%,kvB<=1k,kp<=4k,0.1949,2
1024,n<=4,sr<=40%,kvB<=1k,kp<=512,0.0938,2
1024,n<=4,sr<=40%,kvB<=1k,kp<=8k,0.7287,2
1024,n<=4,sr<=40%,kvB<=1k,kp=0,0.1375,2
1024,n<=4,sr<=40%,kvB<=4k,kp<=1k,0.2543,2
1024,n<=4,sr<=40%,kvB<=4k,kp<=2k,0.1465,2
1024,n<=4,sr<=40%,kvB<=4k,kp<=4k,0.0244,2
1024,n<=4,sr<=40%,kvB<=4k,kp<=512,0.2837,2
1024,n<=4,sr<=40%,kvB<=4k,kp<=8k,0.2044,2
1024,n<=4,sr<=40%,kvB<=4k,kp=0,0.3136,2
1024,n<=4,sr<=70%,kvB<=16k,kp<=1k,0.28,2
1024,n<=4,sr<=70%,kvB<=16k,kp<=2k,0.2621,2
1024,n<=4,sr<=70%,kvB<=16k,kp<=4k,0.2286,2
1024,n<=4,sr<=70%,kvB<=16k,kp<=512,0.21,2
1024,n<=4,sr<=70%,kvB<=16k,kp<=8k,0.4729,2
1024,n<=4,sr<=70%,kvB<=16k,kp=0,0.2137,2
1024,n<=4,sr<=70%,kvB<=1k,kp<=1k,0.206,2
1024,n<=4,sr<=70%,kvB<=1k,kp<=2k,0.4056,2
1024,n<=4,sr<=70%,kvB<=1k,kp<=4k,-0.1684,2
1024,n<=4,sr<=70%,kvB<=1k,kp<=512,0.0728,2
1024,n<=4,sr<=70%,kvB<=1k,kp<=8k,0.1288,2
1024,n<=4,sr<=70%,kvB<=1k,kp=0,0.1676,2
1024,n<=4,sr<=70%,kvB<=4k,kp<=1k,0.2656,2
1024,n<=4,sr<=70%,kvB<=4k,kp<=2k,0.2132,2
1024,n<=4,sr<=70%,kvB<=4k,kp<=4k,-0.0243,2
1024,n<=4,sr<=70%,kvB<=4k,kp<=512,0.2486,2
1024,n<=4,sr<=70%,kvB<=4k,kp<=8k,-0.0353,2
1024,n<=4,sr<=70%,kvB<=4k,kp=0,0.2827,2
1024,n<=4,sr>70%,kvB<=16k,kp<=1k,0.2037,2
1024,n<=4,sr>70%,kvB<=16k,kp<=2k,0.3819,2
1024,n<=4,sr>70%,kvB<=16k,kp<=4k,0.0935,2
1024,n<=4,sr>70%,kvB<=16k,kp<=512,0.1261,2
1024,n<=4,sr>70%,kvB<=16k,kp<=8k,0.3652,2
1024,n<=4,sr>70%,kvB<=16k,kp=0,-0.0322,2
1024,n<=4,sr>70%,kvB<=1k,kp<=1k,0.0058,2
1024,n<=4,sr>70%,kvB<=1k,kp<=2k,0.1083,2
1024,n<=4,sr>70%,kvB<=1k,kp<=4k,0.8892,2
1024,n<=4,sr>70%,kvB<=1k,kp<=512,0.2722,2
1024,n<=4,sr>70%,kvB<=1k,kp<=8k,-0.9641,1
1024,n<=4,sr>70%,kvB<=1k,kp=0,0.4973,2
1024,n<=4,sr>70%,kvB<=4k,kp<=1k,0.2535,2
1024,n<=4,sr>70%,kvB<=4k,kp<=2k,0.2526,2
1024,n<=4,sr>70%,kvB<=4k,kp<=4k,-0.4011,2
1024,n<=4,sr>70%,kvB<=4k,kp<=512,0.1663,2
1024,n<=4,sr>70%,kvB<=4k,kp<=8k,0.4415,2
1024,n<=4,sr>70%,kvB<=4k,kp=0,0.2949,2
1024,n<=64,sr<=15%,kvB<=16k,kp<=1k,0.005,4
1024,n<=64,sr<=15%,kvB<=16k,kp<=2k,0.0047,4
1024,n<=64,sr<=15%,kvB<=16k,kp<=4k,0.0078,4
1024,n<=64,sr<=15%,kvB<=16k,kp<=512,0.0046,4
1024,n<=64,sr<=15%,kvB<=16k,kp<=8k,0.0021,4
1024,n<=64,sr<=15%,kvB<=16k,kp=0,0.0068,4
1024,n<=64,sr<=15%,kvB<=1k,kp<=1k,0.114,4
1024,n<=64,sr<=15%,kvB<=1k,kp<=2k,0.1088,4
1024,n<=64,sr<=15%,kvB<=1k,kp<=4k,0.1097,4
1024,n<=64,sr<=15%,kvB<=1k,kp<=512,0.0783,4
1024,n<=64,sr<=15%,kvB<=1k,kp<=8k,-0.0081,4
1024,n<=64,sr<=15%,kvB<=1k,kp=0,0.07,4
1024,n<=64,sr<=15%,kvB<=4k,kp<=1k,0.0137,4
1024,n<=64,sr<=15%,kvB<=4k,kp<=2k,0.0137,4
1024,n<=64,sr<=15%,kvB<=4k,kp<=4k,0.0454,4
1024,n<=64,sr<=15%,kvB<=4k,kp<=512,0.0208,4
1024,n<=64,sr<=15%,kvB<=4k,kp<=8k,-0.007,4
1024,n<=64,sr<=15%,kvB<=4k,kp=0,0.0114,4
1024,n<=64,sr<=40%,kvB<=16k,kp<=1k,0.0033,2
1024,n<=64,sr<=40%,kvB<=16k,kp<=2k,0.004,2
1024,n<=64,sr<=40%,kvB<=16k,kp<=4k,-0.0058,2
1024,n<=64,sr<=40%,kvB<=16k,kp<=512,0.0022,2
1024,n<=64,sr<=40%,kvB<=16k,kp<=8k,0.006,2
1024,n<=64,sr<=40%,kvB<=16k,kp=0,0.0035,2
1024,n<=64,sr<=40%,kvB<=1k,kp<=1k,0.1519,2
1024,n<=64,sr<=40%,kvB<=1k,kp<=2k,0.0876,2
1024,n<=64,sr<=40%,kvB<=1k,kp<=4k,0.0736,2
1024,n<=64,sr<=40%,kvB<=1k,kp<=512,0.1129,2
1024,n<=64,sr<=40%,kvB<=1k,kp<=8k,0.0328,2
1024,n<=64,sr<=40%,kvB<=1k,kp=0,0.1032,2
1024,n<=64,sr<=40%,kvB<=4k,kp<=1k,-0.0107,2
1024,n<=64,sr<=40%,kvB<=4k,kp<=2k,-0.0023,2
1024,n<=64,sr<=40%,kvB<=4k,kp<=4k,0.0043,2
1024,n<=64,sr<=40%,kvB<=4k,kp<=512,-0.0174,2
1024,n<=64,sr<=40%,kvB<=4k,kp<=8k,-0.0088,2
1024,n<=64,sr<=40%,kvB<=4k,kp=0,-0.0157,2
1024,n<=64,sr<=5%,kvB<=16k,kp<=1k,0.0096,6
1024,n<=64,sr<=5%,kvB<=16k,kp<=2k,0.0092,6
1024,n<=64,sr<=5%,kvB<=16k,kp<=4k,0.0094,6
1024,n<=64,sr<=5%,kvB<=16k,kp<=512,0.0113,6
1024,n<=64,sr<=5%,kvB<=16k,kp<=8k,0.005,6
1024,n<=64,sr<=5%,kvB<=16k,kp=0,0.0106,6
1024,n<=64,sr<=5%,kvB<=1k,kp<=1k,0.0271,6
1024,n<=64,sr<=5%,kvB<=1k,kp<=2k,0.0401,6
1024,n<=64,sr<=5%,kvB<=1k,kp<=4k,0.0942,6
1024,n<=64,sr<=5%,kvB<=1k,kp<=512,0.0348,6
1024,n<=64,sr<=5%,kvB<=1k,kp<=8k,0.0612,6
1024,n<=64,sr<=5%,kvB<=1k,kp=0,0.0204,6
1024,n<=64,sr<=5%,kvB<=4k,kp<=1k,0.0125,6
1024,n<=64,sr<=5%,kvB<=4k,kp<=2k,0.0196,6
1024,n<=64,sr<=5%,kvB<=4k,kp<=4k,0.0161,6
1024,n<=64,sr<=5%,kvB<=4k,kp<=512,0.0157,6
1024,n<=64,sr<=5%,kvB<=4k,kp<=8k,0.0279,6
1024,n<=64,sr<=5%,kvB<=4k,kp=0,0.0144,6
1024,n<=64,sr<=70%,kvB<=16k,kp<=1k,-0.0021,2
1024,n<=64,sr<=70%,kvB<=16k,kp<=2k,0.0054,2
1024,n<=64,sr<=70%,kvB<=16k,kp<=4k,0.0116,2
1024,n<=64,sr<=70%,kvB<=16k,kp<=512,-0.0002,2
1024,n<=64,sr<=70%,kvB<=16k,kp<=8k,0.003,2
1024,n<=64,sr<=70%,kvB<=16k,kp=0,0.0006,2
1024,n<=64,sr<=70%,kvB<=1k,kp<=1k,0.1892,2
1024,n<=64,sr<=70%,kvB<=1k,kp<=2k,-0.0561,2
1024,n<=64,sr<=70%,kvB<=1k,kp<=4k,0.1727,2
1024,n<=64,sr<=70%,kvB<=1k,kp<=512,-0.0274,2
1024,n<=64,sr<=70%,kvB<=1k,kp<=8k,0.1198,2
1024,n<=64,sr<=70%,kvB<=1k,kp=0,0.0713,2
1024,n<=64,sr<=70%,kvB<=4k,kp<=1k,-0.0372,2
1024,n<=64,sr<=70%,kvB<=4k,kp<=2k,-0.0242,2
1024,n<=64,sr<=70%,kvB<=4k,kp<=4k,0.0236,2
1024,n<=64,sr<=70%,kvB<=4k,kp<=512,-0.0487,2
1024,n<=64,sr<=70%,kvB<=4k,kp<=8k,0.0169,2
1024,n<=64,sr<=70%,kvB<=4k,kp=0,-0.0415,2
1024,n<=64,sr>70%,kvB<=16k,kp<=1k,0.0273,4
1024,n<=64,sr>70%,kvB<=16k,kp<=2k,0.0456,4
1024,n<=64,sr>70%,kvB<=16k,kp<=4k,0.0591,4
1024,n<=64,sr>70%,kvB<=16k,kp<=512,0.0141,4
1024,n<=64,sr>70%,kvB<=16k,kp<=8k,-0.0186,4
1024,n<=64,sr>70%,kvB<=16k,kp=0,0.0032,4
1024,n<=64,sr>70%,kvB<=1k,kp<=1k,0.3154,4
1024,n<=64,sr>70%,kvB<=1k,kp<=2k,0.414,4
1024,n<=64,sr>70%,kvB<=1k,kp<=4k,0.3228,4
1024,n<=64,sr>70%,kvB<=1k,kp<=512,0.3634,4
1024,n<=64,sr>70%,kvB<=1k,kp<=8k,0.8494,3
1024,n<=64,sr>70%,kvB<=1k,kp=0,0.4012,4
1024,n<=64,sr>70%,kvB<=4k,kp<=1k,-0.0186,4
1024,n<=64,sr>70%,kvB<=4k,kp<=2k,0.0098,4
1024,n<=64,sr>70%,kvB<=4k,kp<=4k,0.0529,4
1024,n<=64,sr>70%,kvB<=4k,kp<=512,-0.0302,4
1024,n<=64,sr>70%,kvB<=4k,kp<=8k,0.1836,4
1024,n<=64,sr>70%,kvB<=4k,kp=0,-0.049,4
1024,n<=8,sr<=15%,kvB<=16k,kp<=1k,0.1317,2
1024,n<=8,sr<=15%,kvB<=16k,kp<=2k,0.1464,2
1024,n<=8,sr<=15%,kvB<=16k,kp<=4k,0.1701,2
1024,n<=8,sr<=15%,kvB<=16k,kp<=512,0.1263,2
1024,n<=8,sr<=15%,kvB<=16k,kp<=8k,0.1578,2
1024,n<=8,sr<=15%,kvB<=16k,kp=0,0.1359,2
1024,n<=8,sr<=15%,kvB<=1k,kp<=1k,0.1075,2
1024,n<=8,sr<=15%,kvB<=1k,kp<=2k,0.1034,2
1024,n<=8,sr<=15%,kvB<=1k,kp<=4k,0.0714,2
1024,n<=8,sr<=15%,kvB<=1k,kp<=512,0.0896,2
1024,n<=8,sr<=15%,kvB<=1k,kp<=8k,0.0568,2
1024,n<=8,sr<=15%,kvB<=1k,kp=0,0.1297,2
1024,n<=8,sr<=15%,kvB<=4k,kp<=1k,0.1409,2
1024,n<=8,sr<=15%,kvB<=4k,kp<=2k,0.0989,2
1024,n<=8,sr<=15%,kvB<=4k,kp<=4k,0.0329,2
1024,n<=8,sr<=15%,kvB<=4k,kp<=512,0.1516,2
1024,n<=8,sr<=15%,kvB<=4k,kp<=8k,0.1857,2
1024,n<=8,sr<=15%,kvB<=4k,kp=0,0.1497,2
1024,n<=8,sr<=40%,kvB<=16k,kp<=1k,0.1104,4
1024,n<=8,sr<=40%,kvB<=16k,kp<=2k,0.1172,4
1024,n<=8,sr<=40%,kvB<=16k,kp<=4k,0.1519,4
1024,n<=8,sr<=40%,kvB<=16k,kp<=512,0.1225,4
1024,n<=8,sr<=40%,kvB<=16k,kp<=8k,0.1287,4
1024,n<=8,sr<=40%,kvB<=16k,kp=0,0.1291,4
1024,n<=8,sr<=40%,kvB<=1k,kp<=1k,0.1838,4
1024,n<=8,sr<=40%,kvB<=1k,kp<=2k,0.0794,4
1024,n<=8,sr<=40%,kvB<=1k,kp<=4k,0.0959,4
1024,n<=8,sr<=40%,kvB<=1k,kp<=512,0.0509,4
1024,n<=8,sr<=40%,kvB<=1k,kp<=8k,-0.0249,4
1024,n<=8,sr<=40%,kvB<=1k,kp=0,0.1369,4
1024,n<=8,sr<=40%,kvB<=4k,kp<=1k,0.1329,4
1024,n<=8,sr<=40%,kvB<=4k,kp<=2k,0.1326,4
1024,n<=8,sr<=40%,kvB<=4k,kp<=4k,0.0519,4
1024,n<=8,sr<=40%,kvB<=4k,kp<=512,0.1474,4
1024,n<=8,sr<=40%,kvB<=4k,kp<=8k,0.003,4
1024,n<=8,sr<=40%,kvB<=4k,kp=0,0.1403,4
1024,n<=8,sr<=70%,kvB<=16k,kp<=1k,0.0942,2
1024,n<=8,sr<=70%,kvB<=16k,kp<=2k,0.1534,2
1024,n<=8,sr<=70%,kvB<=16k,kp<=4k,0.1564,2
1024,n<=8,sr<=70%,kvB<=16k,kp<=512,0.0992,2
1024,n<=8,sr<=70%,kvB<=16k,kp<=8k,0.1382,2
1024,n<=8,sr<=70%,kvB<=16k,kp=0,0.1302,2
1024,n<=8,sr<=70%,kvB<=1k,kp<=1k,0.012,2
1024,n<=8,sr<=70%,kvB<=1k,kp<=2k,0.2692,2
1024,n<=8,sr<=70%,kvB<=1k,kp<=4k,0.0359,2
1024,n<=8,sr<=70%,kvB<=1k,kp<=512,0.0417,2
1024,n<=8,sr<=70%,kvB<=1k,kp<=8k,-0.039,2
1024,n<=8,sr<=70%,kvB<=1k,kp=0,0.1494,2
1024,n<=8,sr<=70%,kvB<=4k,kp<=1k,0.1949,2
1024,n<=8,sr<=70%,kvB<=4k,kp<=2k,0.1354,2
1024,n<=8,sr<=70%,kvB<=4k,kp<=4k,-0.1447,2
1024,n<=8,sr<=70%,kvB<=4k,kp<=512,0.1599,2
1024,n<=8,sr<=70%,kvB<=4k,kp<=8k,-0.007,2
1024,n<=8,sr<=70%,kvB<=4k,kp=0,0.1269,2
1024,n<=8,sr>70%,kvB<=16k,kp<=1k,0.1083,4
1024,n<=8,sr>70%,kvB<=16k,kp<=2k,0.1479,4
1024,n<=8,sr>70%,kvB<=16k,kp<=4k,0.0006,3
1024,n<=8,sr>70%,kvB<=16k,kp<=512,0.1463,4
1024,n<=8,sr>70%,kvB<=16k,kp<=8k,0.0059,4
1024,n<=8,sr>70%,kvB<=16k,kp=0,0.2647,4
1024,n<=8,sr>70%,kvB<=1k,kp<=1k,0.1984,4
1024,n<=8,sr>70%,kvB<=1k,kp<=2k,0.2874,4
1024,n<=8,sr>70%,kvB<=1k,kp<=4k,0.5592,3
1024,n<=8,sr>70%,kvB<=1k,kp<=512,0.2731,4
1024,n<=8,sr>70%,kvB<=1k,kp<=8k,0.0855,4
1024,n<=8,sr>70%,kvB<=1k,kp=0,0.3022,4
1024,n<=8,sr>70%,kvB<=4k,kp<=1k,0.2374,4
1024,n<=8,sr>70%,kvB<=4k,kp<=2k,0.2544,4
1024,n<=8,sr>70%,kvB<=4k,kp<=4k,0.0131,4
1024,n<=8,sr>70%,kvB<=4k,kp<=512,0.1519,4
1024,n<=8,sr>70%,kvB<=4k,kp<=8k,-0.2102,4
1024,n<=8,sr>70%,kvB<=4k,kp=0,0.0318,4
2048,n<=128,sr<=15%,kvB<=16k,kp<=1k,-0.0101,4
2048,n<=128,sr<=15%,kvB<=16k,kp<=2k,-0.0035,4
2048,n<=128,sr<=15%,kvB<=16k,kp<=4k,-0.0026,4
2048,n<=128,sr<=15%,kvB<=16k,kp<=512,-0.0048,4
2048,n<=128,sr<=15%,kvB<=16k,kp<=8k,-0.0095,4
2048,n<=128,sr<=15%,kvB<=16k,kp=0,-0.0032,4
2048,n<=128,sr<=15%,kvB<=1k,kp<=1k,0.1104,4
2048,n<=128,sr<=15%,kvB<=1k,kp<=2k,0.047,4
2048,n<=128,sr<=15%,kvB<=1k,kp<=4k,0.0528,4
2048,n<=128,sr<=15%,kvB<=1k,kp<=512,0.0869,4
2048,n<=128,sr<=15%,kvB<=1k,kp<=8k,0.0489,4
2048,n<=128,sr<=15%,kvB<=1k,kp=0,0.0787,4
2048,n<=128,sr<=15%,kvB<=4k,kp<=1k,0.0093,4
2048,n<=128,sr<=15%,kvB<=4k,kp<=2k,0.0057,4
2048,n<=128,sr<=15%,kvB<=4k,kp<=4k,0.0012,4
2048,n<=128,sr<=15%,kvB<=4k,kp<=512,-0.0074,4
2048,n<=128,sr<=15%,kvB<=4k,kp<=8k,0.0011,4
2048,n<=128,sr<=15%,kvB<=4k,kp=0,0.0056,4
2048,n<=128,sr<=40%,kvB<=16k,kp<=1k,0.0032,2
2048,n<=128,sr<=40%,kvB<=16k,kp<=2k,0.003,2
2048,n<=128,sr<=40%,kvB<=16k,kp<=4k,0.0031,2
2048,n<=128,sr<=40%,kvB<=16k,kp<=512,-0.0021,2
2048,n<=128,sr<=40%,kvB<=16k,kp<=8k,-0.0097,2
2048,n<=128,sr<=40%,kvB<=16k,kp=0,-0.0002,2
2048,n<=128,sr<=40%,kvB<=1k,kp<=1k,0.1745,2
2048,n<=128,sr<=40%,kvB<=1k,kp<=2k,0.1087,2
2048,n<=128,sr<=40%,kvB<=1k,kp<=4k,0.2229,2
2048,n<=128,sr<=40%,kvB<=1k,kp<=512,0.1138,2
2048,n<=128,sr<=40%,kvB<=1k,kp<=8k,0.018,2
2048,n<=128,sr<=40%,kvB<=1k,kp=0,0.1981,2
2048,n<=128,sr<=40%,kvB<=4k,kp<=1k,-0.0061,2
2048,n<=128,sr<=40%,kvB<=4k,kp<=2k,0.0329,2
2048,n<=128,sr<=40%,kvB<=4k,kp<=4k,-0.0223,2
2048,n<=128,sr<=40%,kvB<=4k,kp<=512,0.023,2
2048,n<=128,sr<=40%,kvB<=4k,kp<=8k,0.0308,2
2048,n<=128,sr<=40%,kvB<=4k,kp=0,0.0149,2
2048,n<=128,sr<=5%,kvB<=16k,kp<=1k,-0.0004,8
2048,n<=128,sr<=5%,kvB<=16k,kp<=2k,-0.001,8
2048,n<=128,sr<=5%,kvB<=16k,kp<=4k,-0.0031,8
2048,n<=128,sr<=5%,kvB<=16k,kp<=512,0.0019,8
2048,n<=128,sr<=5%,kvB<=16k,kp<=8k,-0.0008,8
2048,n<=128,sr<=5%,kvB<=16k,kp=0,0.001,8
2048,n<=128,sr<=5%,kvB<=1k,kp<=1k,0.0383,8
2048,n<=128,sr<=5%,kvB<=1k,kp<=2k,0.0659,8
2048,n<=128,sr<=5%,kvB<=1k,kp<=4k,0.0027,8
2048,n<=128,sr<=5%,kvB<=1k,kp<=512,0.0179,8
2048,n<=128,sr<=5%,kvB<=1k,kp<=8k,-0.0549,8
2048,n<=128,sr<=5%,kvB<=1k,kp=0,0.0091,8
2048,n<=128,sr<=5%,kvB<=4k,kp<=1k,0.0024,8
2048,n<=128,sr<=5%,kvB<=4k,kp<=2k,-0.0055,8
2048,n<=128,sr<=5%,kvB<=4k,kp<=4k,0.0125,8
2048,n<=128,sr<=5%,kvB<=4k,kp<=512,0.0108,8
2048,n<=128,sr<=5%,kvB<=4k,kp<=8k,0.0064,8
2048,n<=128,sr<=5%,kvB<=4k,kp=0,0.0009,8
2048,n<=128,sr<=70%,kvB<=16k,kp<=1k,0.0044,2
2048,n<=128,sr<=70%,kvB<=16k,kp<=2k,0.0057,2
2048,n<=128,sr<=70%,kvB<=16k,kp<=4k,0.0055,2
2048,n<=128,sr<=70%,kvB<=16k,kp<=512,-0.0039,2
2048,n<=128,sr<=70%,kvB<=16k,kp<=8k,0.0035,2
2048,n<=128,sr<=70%,kvB<=16k,kp=0,-0.0014,2
2048,n<=128,sr<=70%,kvB<=1k,kp<=1k,0.1474,2
2048,n<=128,sr<=70%,kvB<=1k,kp<=2k,0.1292,2
2048,n<=128,sr<=70%,kvB<=1k,kp<=4k,0.2018,2
2048,n<=128,sr<=70%,kvB<=1k,kp<=512,-0.0388,2
2048,n<=128,sr<=70%,kvB<=1k,kp<=8k,-0.0052,2
2048,n<=128,sr<=70%,kvB<=1k,kp=0,0.0509,2
2048,n<=128,sr<=70%,kvB<=4k,kp<=1k,0.0516,2
2048,n<=128,sr<=70%,kvB<=4k,kp<=2k,-0.0185,2
2048,n<=128,sr<=70%,kvB<=4k,kp<=4k,-0.0452,2
2048,n<=128,sr<=70%,kvB<=4k,kp<=512,0.0629,2
2048,n<=128,sr<=70%,kvB<=4k,kp<=8k,-0.0179,2
2048,n<=128,sr<=70%,kvB<=4k,kp=0,0.0592,2
2048,n<=128,sr>70%,kvB<=16k,kp<=1k,-0.0218,4
2048,n<=128,sr>70%,kvB<=16k,kp<=2k,-0.0239,4
2048,n<=128,sr>70%,kvB<=16k,kp<=4k,-0.0185,4
2048,n<=128,sr>70%,kvB<=16k,kp<=512,-0.0197,4
2048,n<=128,sr>70%,kvB<=16k,kp<=8k,-0.0447,4
2048,n<=128,sr>70%,kvB<=16k,kp=0,-0.0043,4
2048,n<=128,sr>70%,kvB<=1k,kp<=1k,0.0028,4
2048,n<=128,sr>70%,kvB<=1k,kp<=2k,0.3694,4
2048,n<=128,sr>70%,kvB<=1k,kp<=4k,0.4551,4
2048,n<=128,sr>70%,kvB<=1k,kp<=512,0.0962,4
2048,n<=128,sr>70%,kvB<=1k,kp<=8k,0.1888,3
2048,n<=128,sr>70%,kvB<=1k,kp=0,0.1996,4
2048,n<=128,sr>70%,kvB<=4k,kp<=1k,0.0295,4
2048,n<=128,sr>70%,kvB<=4k,kp<=2k,0.0524,4
2048,n<=128,sr>70%,kvB<=4k,kp<=4k,0.2561,4
2048,n<=128,sr>70%,kvB<=4k,kp<=512,-0.0052,4
2048,n<=128,sr>70%,kvB<=4k,kp<=8k,0.1305,4
2048,n<=128,sr>70%,kvB<=4k,kp=0,0.0106,4
2048,n<=16,sr<=15%,kvB<=16k,kp<=1k,0.0656,4
2048,n<=16,sr<=15%,kvB<=16k,kp<=2k,0.0726,4
2048,n<=16,sr<=15%,kvB<=16k,kp<=4k,0.071,4
2048,n<=16,sr<=15%,kvB<=16k,kp<=512,0.0731,4
2048,n<=16,sr<=15%,kvB<=16k,kp<=8k,0.0292,4
2048,n<=16,sr<=15%,kvB<=16k,kp=0,0.0752,4
2048,n<=16,sr<=15%,kvB<=1k,kp<=1k,0.0585,4
2048,n<=16,sr<=15%,kvB<=1k,kp<=2k,0.0458,4
2048,n<=16,sr<=15%,kvB<=1k,kp<=4k,0.2243,3
2048,n<=16,sr<=15%,kvB<=1k,kp<=512,-0.0296,4
2048,n<=16,sr<=15%,kvB<=1k,kp<=8k,-0.1559,3
2048,n<=16,sr<=15%,kvB<=1k,kp=0,-0.0074,4
2048,n<=16,sr<=15%,kvB<=4k,kp<=1k,0.039,4
2048,n<=16,sr<=15%,kvB<=4k,kp<=2k,-0.0388,4
2048,n<=16,sr<=15%,kvB<=4k,kp<=4k,0.0171,4
2048,n<=16,sr<=15%,kvB<=4k,kp<=512,0.0978,4
2048,n<=16,sr<=15%,kvB<=4k,kp<=8k,-0.082,4
2048,n<=16,sr<=15%,kvB<=4k,kp=0,0.0811,4
2048,n<=16,sr<=40%,kvB<=16k,kp<=1k,0.05,4
2048,n<=16,sr<=40%,kvB<=16k,kp<=2k,0.0839,4
2048,n<=16,sr<=40%,kvB<=16k,kp<=4k,0.1009,4
2048,n<=16,sr<=40%,kvB<=16k,kp<=512,0.0498,4
2048,n<=16,sr<=40%,kvB<=16k,kp<=8k,0.0374,4
2048,n<=16,sr<=40%,kvB<=16k,kp=0,0.0612,4
2048,n<=16,sr<=40%,kvB<=1k,kp<=1k,0.034,4
2048,n<=16,sr<=40%,kvB<=1k,kp<=2k,-0.0593,4
2048,n<=16,sr<=40%,kvB<=1k,kp<=4k,0.3467,4
2048,n<=16,sr<=40%,kvB<=1k,kp<=512,0.1342,4
2048,n<=16,sr<=40%,kvB<=1k,kp<=8k,1.0686,4
2048,n<=16,sr<=40%,kvB<=1k,kp=0,0.0806,4
2048,n<=16,sr<=40%,kvB<=4k,kp<=1k,0.0776,4
2048,n<=16,sr<=40%,kvB<=4k,kp<=2k,-0.0274,4
2048,n<=16,sr<=40%,kvB<=4k,kp<=4k,0.0355,4
2048,n<=16,sr<=40%,kvB<=4k,kp<=512,0.1352,4
2048,n<=16,sr<=40%,kvB<=4k,kp<=8k,0.0797,4
2048,n<=16,sr<=40%,kvB<=4k,kp=0,0.0473,4
2048,n<=16,sr<=70%,kvB<=16k,kp<=1k,0.0543,2
2048,n<=16,sr<=70%,kvB<=16k,kp<=2k,0.0286,2
2048,n<=16,sr<=70%,kvB<=16k,kp<=4k,0.1205,2
2048,n<=16,sr<=70%,kvB<=16k,kp<=512,0.0421,2
2048,n<=16,sr<=70%,kvB<=16k,kp<=8k,0.0606,2
2048,n<=16,sr<=70%,kvB<=16k,kp=0,0.0437,2
2048,n<=16,sr<=70%,kvB<=1k,kp<=1k,0.1753,2
2048,n<=16,sr<=70%,kvB<=1k,kp<=2k,-0.0705,2
2048,n<=16,sr<=70%,kvB<=1k,kp<=4k,0.2065,2
2048,n<=16,sr<=70%,kvB<=1k,kp<=512,-0.2771,2
2048,n<=16,sr<=70%,kvB<=1k,kp<=8k,0.4874,1
2048,n<=16,sr<=70%,kvB<=1k,kp=0,0.0315,2
2048,n<=16,sr<=70%,kvB<=4k,kp<=1k,0.0048,2
2048,n<=16,sr<=70%,kvB<=4k,kp<=2k,0.1959,2
2048,n<=16,sr<=70%,kvB<=4k,kp<=4k,-0.1094,2
2048,n<=16,sr<=70%,kvB<=4k,kp<=512,0.1644,2
2048,n<=16,sr<=70%,kvB<=4k,kp<=8k,-0.1603,2
2048,n<=16,sr<=70%,kvB<=4k,kp=0,0.0342,2
2048,n<=16,sr>70%,kvB<=16k,kp<=1k,0.012,4
2048,n<=16,sr>70%,kvB<=16k,kp<=2k,0.0058,4
2048,n<=16,sr>70%,kvB<=16k,kp<=4k,0.1004,4
2048,n<=16,sr>70%,kvB<=16k,kp<=512,0.0732,4
2048,n<=16,sr>70%,kvB<=16k,kp<=8k,0.0811,4
2048,n<=16,sr>70%,kvB<=16k,kp=0,0.0683,4
2048,n<=16,sr>70%,kvB<=1k,kp<=1k,0.5331,3
2048,n<=16,sr>70%,kvB<=1k,kp<=2k,0.6641,3
2048,n<=16,sr>70%,kvB<=1k,kp<=4k,0.2218,3
2048,n<=16,sr>70%,kvB<=1k,kp<=512,0.1976,2
2048,n<=16,sr>70%,kvB<=1k,kp<=8k,1.4013,2
2048,n<=16,sr>70%,kvB<=1k,kp=0,0.4932,4
2048,n<=16,sr>70%,kvB<=4k,kp<=1k,0.0839,4
2048,n<=16,sr>70%,kvB<=4k,kp<=2k,-0.1746,4
2048,n<=16,sr>70%,kvB<=4k,kp<=4k,0.3794,3
2048,n<=16,sr>70%,kvB<=4k,kp<=512,0.0678,4
2048,n<=16,sr>70%,kvB<=4k,kp<=8k,-0.4554,2
2048,n<=16,sr>70%,kvB<=4k,kp=0,0.0248,4
2048,n<=2,sr<=70%,kvB<=16k,kp<=1k,0.6336,2
2048,n<=2,sr<=70%,kvB<=16k,kp<=2k,0.5104,2
2048,n<=2,sr<=70%,kvB<=16k,kp<=4k,0.5671,2
2048,n<=2,sr<=70%,kvB<=16k,kp<=512,0.3857,2
2048,n<=2,sr<=70%,kvB<=16k,kp<=8k,0.0158,2
2048,n<=2,sr<=70%,kvB<=16k,kp=0,0.3854,2
2048,n<=2,sr<=70%,kvB<=1k,kp<=1k,0.8431,1
2048,n<=2,sr<=70%,kvB<=1k,kp<=4k,2.0515,1
2048,n<=2,sr<=70%,kvB<=1k,kp<=512,0.3984,2
2048,n<=2,sr<=70%,kvB<=1k,kp<=8k,0.6406,1
2048,n<=2,sr<=70%,kvB<=1k,kp=0,-1.0762,1
2048,n<=2,sr<=70%,kvB<=4k,kp<=1k,0.3097,2
2048,n<=2,sr<=70%,kvB<=4k,kp<=2k,0.0608,2
2048,n<=2,sr<=70%,kvB<=4k,kp<=4k,0.0472,2
2048,n<=2,sr<=70%,kvB<=4k,kp<=512,0.1093,2
2048,n<=2,sr<=70%,kvB<=4k,kp<=8k,0.4604,2
2048,n<=2,sr<=70%,kvB<=4k,kp=0,0.6644,2
2048,n<=32,sr<=15%,kvB<=16k,kp<=1k,0.0119,6
2048,n<=32,sr<=15%,kvB<=16k,kp<=2k,0.0177,6
2048,n<=32,sr<=15%,kvB<=16k,kp<=4k,0.0171,6
2048,n<=32,sr<=15%,kvB<=16k,kp<=512,0.0249,6
2048,n<=32,sr<=15%,kvB<=16k,kp<=8k,0.0218,6
2048,n<=32,sr<=15%,kvB<=16k,kp=0,0.0189,6
2048,n<=32,sr<=15%,kvB<=1k,kp<=1k,0.0615,6
2048,n<=32,sr<=15%,kvB<=1k,kp<=2k,0.1661,6
2048,n<=32,sr<=15%,kvB<=1k,kp<=4k,-0.0005,6
2048,n<=32,sr<=15%,kvB<=1k,kp<=512,0.1014,6
2048,n<=32,sr<=15%,kvB<=1k,kp<=8k,0.1707,6
2048,n<=32,sr<=15%,kvB<=1k,kp=0,0.0732,6
2048,n<=32,sr<=15%,kvB<=4k,kp<=1k,0.0393,6
2048,n<=32,sr<=15%,kvB<=4k,kp<=2k,0.0315,6
2048,n<=32,sr<=15%,kvB<=4k,kp<=4k,-0.003,6
2048,n<=32,sr<=15%,kvB<=4k,kp<=512,0.0319,6
2048,n<=32,sr<=15%,kvB<=4k,kp<=8k,-0.0159,6
2048,n<=32,sr<=15%,kvB<=4k,kp=0,0.0348,6
2048,n<=32,sr<=40%,kvB<=16k,kp<=1k,0.0383,2
2048,n<=32,sr<=40%,kvB<=16k,kp<=2k,0.0288,2
2048,n<=32,sr<=40%,kvB<=16k,kp<=4k,0.0323,2
2048,n<=32,sr<=40%,kvB<=16k,kp<=512,0.0324,2
2048,n<=32,sr<=40%,kvB<=16k,kp<=8k,0.0042,2
2048,n<=32,sr<=40%,kvB<=16k,kp=0,0.0359,2
2048,n<=32,sr<=40%,kvB<=1k,kp<=1k,0.192,2
2048,n<=32,sr<=40%,kvB<=1k,kp<=2k,0.2758,2
2048,n<=32,sr<=40%,kvB<=1k,kp<=4k,0.4291,2
2048,n<=32,sr<=40%,kvB<=1k,kp<=512,0.131,2
2048,n<=32,sr<=40%,kvB<=1k,kp<=8k,0.1003,2
2048,n<=32,sr<=40%,kvB<=1k,kp=0,0.1383,2
2048,n<=32,sr<=40%,kvB<=4k,kp<=1k,0.0177,2
2048,n<=32,sr<=40%,kvB<=4k,kp<=2k,0.0836,2
2048,n<=32,sr<=40%,kvB<=4k,kp<=4k,0.0179,2
2048,n<=32,sr<=40%,kvB<=4k,kp<=512,0.0525,2
2048,n<=32,sr<=40%,kvB<=4k,kp<=8k,0.0735,2
2048,n<=32,sr<=40%,kvB<=4k,kp=0,0.0417,2
2048,n<=32,sr<=5%,kvB<=16k,kp<=1k,0.0191,2
2048,n<=32,sr<=5%,kvB<=16k,kp<=2k,0.0237,2
2048,n<=32,sr<=5%,kvB<=16k,kp<=4k,0.0415,2
2048,n<=32,sr<=5%,kvB<=16k,kp<=512,0.0286,2
2048,n<=32,sr<=5%,kvB<=16k,kp<=8k,0.0241,2
2048,n<=32,sr<=5%,kvB<=16k,kp=0,0.0339,2
2048,n<=32,sr<=5%,kvB<=1k,kp<=1k,-0.1194,2
2048,n<=32,sr<=5%,kvB<=1k,kp<=2k,0.2392,2
2048,n<=32,sr<=5%,kvB<=1k,kp<=4k,-0.01,2
2048,n<=32,sr<=5%,kvB<=1k,kp<=512,0.0474,2
2048,n<=32,sr<=5%,kvB<=1k,kp<=8k,0.1743,2
2048,n<=32,sr<=5%,kvB<=1k,kp=0,0.084,2
2048,n<=32,sr<=5%,kvB<=4k,kp<=1k,0.0466,2
2048,n<=32,sr<=5%,kvB<=4k,kp<=2k,0.0367,2
2048,n<=32,sr<=5%,kvB<=4k,kp<=4k,0.0391,2
2048,n<=32,sr<=5%,kvB<=4k,kp<=512,0.0516,2
2048,n<=32,sr<=5%,kvB<=4k,kp<=8k,0.02,2
2048,n<=32,sr<=5%,kvB<=4k,kp=0,0.0492,2
2048,n<=32,sr<=70%,kvB<=16k,kp<=1k,0.0197,2
2048,n<=32,sr<=70%,kvB<=16k,kp<=2k,0.0192,2
2048,n<=32,sr<=70%,kvB<=16k,kp<=4k,0.0229,2
2048,n<=32,sr<=70%,kvB<=16k,kp<=512,0.0214,2
2048,n<=32,sr<=70%,kvB<=16k,kp<=8k,0.0334,2
2048,n<=32,sr<=70%,kvB<=16k,kp=0,0.0126,2
2048,n<=32,sr<=70%,kvB<=1k,kp<=1k,0.1688,2
2048,n<=32,sr<=70%,kvB<=1k,kp<=2k,0.0255,2
2048,n<=32,sr<=70%,kvB<=1k,kp<=4k,-0.0802,2
2048,n<=32,sr<=70%,kvB<=1k,kp<=512,0.4119,2
2048,n<=32,sr<=70%,kvB<=1k,kp<=8k,0.0517,2
2048,n<=32,sr<=70%,kvB<=1k,kp=0,0.0277,2
2048,n<=32,sr<=70%,kvB<=4k,kp<=1k,-0.0508,2
2048,n<=32,sr<=70%,kvB<=4k,kp<=2k,0.0918,2
2048,n<=32,sr<=70%,kvB<=4k,kp<=4k,-0.1022,2
2048,n<=32,sr<=70%,kvB<=4k,kp<=512,-0.0109,2
2048,n<=32,sr<=70%,kvB<=4k,kp<=8k,-0.0447,2
2048,n<=32,sr<=70%,kvB<=4k,kp=0,0.0051,2
2048,n<=32,sr>70%,kvB<=16k,kp<=1k,0.084,4
2048,n<=32,sr>70%,kvB<=16k,kp<=2k,0.0034,4
2048,n<=32,sr>70%,kvB<=16k,kp<=4k,0.0331,4
2048,n<=32,sr>70%,kvB<=16k,kp<=512,0.0867,4
2048,n<=32,sr>70%,kvB<=16k,kp<=8k,0.0783,4
2048,n<=32,sr>70%,kvB<=16k,kp=0,0.0982,4
2048,n<=32,sr>70%,kvB<=1k,kp<=1k,0.3793,3
2048,n<=32,sr>70%,kvB<=1k,kp<=2k,0.4594,3
2048,n<=32,sr>70%,kvB<=1k,kp<=4k,0.39,4
2048,n<=32,sr>70%,kvB<=1k,kp<=512,0.1843,4
2048,n<=32,sr>70%,kvB<=1k,kp<=8k,-0.3019,4
2048,n<=32,sr>70%,kvB<=1k,kp=0,0.209,4
2048,n<=32,sr>70%,kvB<=4k,kp<=1k,0.0341,4
2048,n<=32,sr>70%,kvB<=4k,kp<=2k,0.2124,4
2048,n<=32,sr>70%,kvB<=4k,kp<=4k,0.275,4
2048,n<=32,sr>70%,kvB<=4k,kp<=512,-0.0,4
2048,n<=32,sr>70%,kvB<=4k,kp<=8k,-0.0297,4
2048,n<=32,sr>70%,kvB<=4k,kp=0,0.102,4
2048,n<=4,sr<=40%,kvB<=16k,kp<=1k,0.3191,2
2048,n<=4,sr<=40%,kvB<=16k,kp<=2k,0.1944,2
2048,n<=4,sr<=40%,kvB<=16k,kp<=4k,0.2501,2
2048,n<=4,sr<=40%,kvB<=16k,kp<=512,0.2912,2
2048,n<=4,sr<=40%,kvB<=16k,kp<=8k,0.2115,2
2048,n<=4,sr<=40%,kvB<=16k,kp=0,0.2795,2
2048,n<=4,sr<=40%,kvB<=1k,kp<=1k,1.1352,2
2048,n<=4,sr<=40%,kvB<=1k,kp<=2k,-0.7582,1
2048,n<=4,sr<=40%,kvB<=1k,kp<=4k,0.4469,2
2048,n<=4,sr<=40%,kvB<=1k,kp<=512,-0.0355,1
2048,n<=4,sr<=40%,kvB<=1k,kp<=8k,-0.3049,2
2048,n<=4,sr<=40%,kvB<=1k,kp=0,0.5612,2
2048,n<=4,sr<=40%,kvB<=4k,kp<=1k,0.0298,2
2048,n<=4,sr<=40%,kvB<=4k,kp<=2k,-0.1219,2
2048,n<=4,sr<=40%,kvB<=4k,kp<=4k,-0.0405,2
2048,n<=4,sr<=40%,kvB<=4k,kp<=512,0.1899,2
2048,n<=4,sr<=40%,kvB<=4k,kp=0,0.0748,2
2048,n<=4,sr<=70%,kvB<=16k,kp<=1k,0.3769,2
2048,n<=4,sr<=70%,kvB<=16k,kp<=2k,0.2067,2
2048,n<=4,sr<=70%,kvB<=16k,kp<=4k,0.0506,2
2048,n<=4,sr<=70%,kvB<=16k,kp<=512,0.2466,2
2048,n<=4,sr<=70%,kvB<=16k,kp<=8k,0.1802,2
2048,n<=4,sr<=70%,kvB<=16k,kp=0,0.2974,2
2048,n<=4,sr<=70%,kvB<=1k,kp<=1k,0.9116,2
2048,n<=4,sr<=70%,kvB<=1k,kp<=2k,0.208,2
2048,n<=4,sr<=70%,kvB<=1k,kp<=4k,0.2697,1
2048,n<=4,sr<=70%,kvB<=1k,kp<=512,1.1091,1
2048,n<=4,sr<=70%,kvB<=1k,kp<=8k,-0.3581,1
2048,n<=4,sr<=70%,kvB<=1k,kp=0,-0.1068,2
2048,n<=4,sr<=70%,kvB<=4k,kp<=1k,0.4788,2
2048,n<=4,sr<=70%,kvB<=4k,kp<=2k,-0.2427,2
2048,n<=4,sr<=70%,kvB<=4k,kp<=4k,-0.1842,1
2048,n<=4,sr<=70%,kvB<=4k,kp<=512,0.2943,2
2048,n<=4,sr<=70%,kvB<=4k,kp<=8k,0.1134,1
2048,n<=4,sr<=70%,kvB<=4k,kp=0,0.0758,2
2048,n<=4,sr>70%,kvB<=16k,kp<=1k,0.4198,2
2048,n<=4,sr>70%,kvB<=16k,kp<=2k,0.626,2
2048,n<=4,sr>70%,kvB<=16k,kp<=4k,0.1748,2
2048,n<=4,sr>70%,kvB<=16k,kp<=512,0.341,2
2048,n<=4,sr>70%,kvB<=16k,kp<=8k,0.141,2
2048,n<=4,sr>70%,kvB<=16k,kp=0,0.2995,2
2048,n<=4,sr>70%,kvB<=1k,kp<=1k,-0.02,1
2048,n<=4,sr>70%,kvB<=1k,kp<=2k,-0.0721,1
2048,n<=4,sr>70%,kvB<=1k,kp<=4k,1.3435,1
2048,n<=4,sr>70%,kvB<=1k,kp<=512,-0.1294,2
2048,n<=4,sr>70%,kvB<=1k,kp<=8k,1.6947,1
2048,n<=4,sr>70%,kvB<=1k,kp=0,0.7171,1
2048,n<=4,sr>70%,kvB<=4k,kp<=1k,0.2485,1
2048,n<=4,sr>70%,kvB<=4k,kp<=2k,0.3227,2
2048,n<=4,sr>70%,kvB<=4k,kp<=4k,5.7167,1
2048,n<=4,sr>70%,kvB<=4k,kp<=512,0.0453,2
2048,n<=4,sr>70%,kvB<=4k,kp<=8k,0.3556,2
2048,n<=4,sr>70%,kvB<=4k,kp=0,0.105,2
2048,n<=64,sr<=15%,kvB<=16k,kp<=1k,-0.0042,4
2048,n<=64,sr<=15%,kvB<=16k,kp<=2k,-0.0015,4
2048,n<=64,sr<=15%,kvB<=16k,kp<=4k,0.004,4
2048,n<=64,sr<=15%,kvB<=16k,kp<=512,-0.0042,4
2048,n<=64,sr<=15%,kvB<=16k,kp<=8k,0.001,4
2048,n<=64,sr<=15%,kvB<=16k,kp=0,-0.0033,4
2048,n<=64,sr<=15%,kvB<=1k,kp<=1k,0.0583,4
2048,n<=64,sr<=15%,kvB<=1k,kp<=2k,0.111,4
2048,n<=64,sr<=15%,kvB<=1k,kp<=4k,0.1909,4
2048,n<=64,sr<=15%,kvB<=1k,kp<=512,0.0445,4
2048,n<=64,sr<=15%,kvB<=1k,kp<=8k,0.0665,4
2048,n<=64,sr<=15%,kvB<=1k,kp=0,0.084,4
2048,n<=64,sr<=15%,kvB<=4k,kp<=1k,0.0267,4
2048,n<=64,sr<=15%,kvB<=4k,kp<=2k,0.0006,4
2048,n<=64,sr<=15%,kvB<=4k,kp<=4k,-0.0128,4
2048,n<=64,sr<=15%,kvB<=4k,kp<=512,0.0161,4
2048,n<=64,sr<=15%,kvB<=4k,kp<=8k,0.0174,4
2048,n<=64,sr<=15%,kvB<=4k,kp=0,0.0118,4
2048,n<=64,sr<=40%,kvB<=16k,kp<=1k,-0.0191,2
2048,n<=64,sr<=40%,kvB<=16k,kp<=2k,-0.0105,2
2048,n<=64,sr<=40%,kvB<=16k,kp<=4k,0.0018,2
2048,n<=64,sr<=40%,kvB<=16k,kp<=512,-0.0198,2
2048,n<=64,sr<=40%,kvB<=16k,kp<=8k,0.0129,2
2048,n<=64,sr<=40%,kvB<=16k,kp=0,-0.0142,2
2048,n<=64,sr<=40%,kvB<=1k,kp<=1k,0.2096,2
2048,n<=64,sr<=40%,kvB<=1k,kp<=2k,0.0752,2
2048,n<=64,sr<=40%,kvB<=1k,kp<=4k,0.1939,2
2048,n<=64,sr<=40%,kvB<=1k,kp<=512,0.1424,2
2048,n<=64,sr<=40%,kvB<=1k,kp<=8k,0.2503,2
2048,n<=64,sr<=40%,kvB<=1k,kp=0,0.2377,2
2048,n<=64,sr<=40%,kvB<=4k,kp<=1k,-0.0409,2
2048,n<=64,sr<=40%,kvB<=4k,kp<=2k,0.0143,2
2048,n<=64,sr<=40%,kvB<=4k,kp<=4k,-0.0131,2
2048,n<=64,sr<=40%,kvB<=4k,kp<=512,-0.0102,2
2048,n<=64,sr<=40%,kvB<=4k,kp<=8k,-0.0317,2
2048,n<=64,sr<=40%,kvB<=4k,kp=0,0.0072,2
2048,n<=64,sr<=5%,kvB<=16k,kp<=1k,0.0083,6
2048,n<=64,sr<=5%,kvB<=16k,kp<=2k,0.0068,6
2048,n<=64,sr<=5%,kvB<=16k,kp<=4k,0.0086,6
2048,n<=64,sr<=5%,kvB<=16k,kp<=512,0.0064,6
2048,n<=64,sr<=5%,kvB<=16k,kp<=8k,0.0071,6
2048,n<=64,sr<=5%,kvB<=16k,kp=0,0.008,6
2048,n<=64,sr<=5%,kvB<=1k,kp<=1k,0.0482,6
2048,n<=64,sr<=5%,kvB<=1k,kp<=2k,0.0011,6
2048,n<=64,sr<=5%,kvB<=1k,kp<=4k,0.1471,6
2048,n<=64,sr<=5%,kvB<=1k,kp<=512,0.0033,6
2048,n<=64,sr<=5%,kvB<=1k,kp<=8k,-0.0061,6
2048,n<=64,sr<=5%,kvB<=1k,kp=0,0.0634,6
2048,n<=64,sr<=5%,kvB<=4k,kp<=1k,0.0252,6
2048,n<=64,sr<=5%,kvB<=4k,kp<=2k,0.0149,6
2048,n<=64,sr<=5%,kvB<=4k,kp<=4k,0.0296,6
2048,n<=64,sr<=5%,kvB<=4k,kp<=512,0.0194,6
2048,n<=64,sr<=5%,kvB<=4k,kp<=8k,-0.0182,6
2048,n<=64,sr<=5%,kvB<=4k,kp=0,0.0255,6
2048,n<=64,sr<=70%,kvB<=16k,kp<=1k,-0.0429,2
2048,n<=64,sr<=70%,kvB<=16k,kp<=2k,-0.0344,2
2048,n<=64,sr<=70%,kvB<=16k,kp<=4k,-0.0146,2
2048,n<=64,sr<=70%,kvB<=16k,kp<=512,-0.0388,2
2048,n<=64,sr<=70%,kvB<=16k,kp<=8k,-0.0469,2
2048,n<=64,sr<=70%,kvB<=16k,kp=0,-0.0322,2
2048,n<=64,sr<=70%,kvB<=1k,kp<=1k,0.2254,2
2048,n<=64,sr<=70%,kvB<=1k,kp<=2k,0.4145,2
2048,n<=64,sr<=70%,kvB<=1k,kp<=4k,0.3889,2
2048,n<=64,sr<=70%,kvB<=1k,kp<=512,-0.2464,2
2048,n<=64,sr<=70%,kvB<=1k,kp<=8k,-0.0647,2
2048,n<=64,sr<=70%,kvB<=1k,kp=0,0.1427,2
2048,n<=64,sr<=70%,kvB<=4k,kp<=1k,-0.0213,2
2048,n<=64,sr<=70%,kvB<=4k,kp<=2k,-0.0444,2
2048,n<=64,sr<=70%,kvB<=4k,kp<=4k,0.0567,2
2048,n<=64,sr<=70%,kvB<=4k,kp<=512,-0.0201,2
2048,n<=64,sr<=70%,kvB<=4k,kp<=8k,-0.0662,2
2048,n<=64,sr<=70%,kvB<=4k,kp=0,-0.0353,2
2048,n<=64,sr>70%,kvB<=16k,kp<=1k,-0.0202,4
2048,n<=64,sr>70%,kvB<=16k,kp<=2k,-0.0482,4
2048,n<=64,sr>70%,kvB<=16k,kp<=4k,-0.0733,4
2048,n<=64,sr>70%,kvB<=16k,kp<=512,-0.0338,4
2048,n<=64,sr>70%,kvB<=16k,kp<=8k,-0.0478,4
2048,n<=64,sr>70%,kvB<=16k,kp=0,-0.0469,4
2048,n<=64,sr>70%,kvB<=1k,kp<=1k,0.4378,4
2048,n<=64,sr>70%,kvB<=1k,kp<=2k,0.3354,4
2048,n<=64,sr>70%,kvB<=1k,kp<=4k,0.1386,3
2048,n<=64,sr>70%,kvB<=1k,kp<=512,0.2641,4
2048,n<=64,sr>70%,kvB<=1k,kp<=8k,-0.0969,3
2048,n<=64,sr>70%,kvB<=1k,kp=0,0.2346,4
2048,n<=64,sr>70%,kvB<=4k,kp<=1k,0.1233,4
2048,n<=64,sr>70%,kvB<=4k,kp<=2k,0.1257,4
2048,n<=64,sr>70%,kvB<=4k,kp<=4k,0.0891,4
2048,n<=64,sr>70%,kvB<=4k,kp<=512,0.0244,4
2048,n<=64,sr>70%,kvB<=4k,kp<=8k,-0.1794,4
2048,n<=64,sr>70%,kvB<=4k,kp=0,0.0506,4
2048,n<=8,sr<=15%,kvB<=16k,kp<=1k,0.1343,2
2048,n<=8,sr<=15%,kvB<=16k,kp<=2k,0.1808,2
2048,n<=8,sr<=15%,kvB<=16k,kp<=4k,0.0823,2
2048,n<=8,sr<=15%,kvB<=16k,kp<=512,0.1547,2
2048,n<=8,sr<=15%,kvB<=16k,kp<=8k,0.1305,2
2048,n<=8,sr<=15%,kvB<=16k,kp=0,0.1351,2
2048,n<=8,sr<=15%,kvB<=1k,kp<=1k,-0.2755,2
2048,n<=8,sr<=15%,kvB<=1k,kp<=2k,0.1802,2
2048,n<=8,sr<=15%,kvB<=1k,kp<=4k,0.5548,2
2048,n<=8,sr<=15%,kvB<=1k,kp<=512,0.1302,2
2048,n<=8,sr<=15%,kvB<=1k,kp<=8k,0.7415,2
2048,n<=8,sr<=15%,kvB<=1k,kp=0,0.124,2
2048,n<=8,sr<=15%,kvB<=4k,kp<=1k,0.1496,2
2048,n<=8,sr<=15%,kvB<=4k,kp<=2k,0.064,2
2048,n<=8,sr<=15%,kvB<=4k,kp<=4k,-0.0116,2
2048,n<=8,sr<=15%,kvB<=4k,kp<=512,0.0705,2
2048,n<=8,sr<=15%,kvB<=4k,kp<=8k,-0.207,2
2048,n<=8,sr<=15%,kvB<=4k,kp=0,0.0182,2
2048,n<=8,sr<=40%,kvB<=16k,kp<=1k,0.1328,4
2048,n<=8,sr<=40%,kvB<=16k,kp<=2k,0.1939,4
2048,n<=8,sr<=40%,kvB<=16k,kp<=4k,0.1538,4
2048,n<=8,sr<=40%,kvB<=16k,kp<=512,0.1368,4
2048,n<=8,sr<=40%,kvB<=16k,kp<=8k,0.0483,4
2048,n<=8,sr<=40%,kvB<=16k,kp=0,0.1273,4
2048,n<=8,sr<=40%,kvB<=1k,kp<=1k,0.4085,4
2048,n<=8,sr<=40%,kvB<=1k,kp<=2k,0.3912,4
2048,n<=8,sr<=40%,kvB<=1k,kp<=4k,1.515,2
2048,n<=8,sr<=40%,kvB<=1k,kp<=512,0.1304,4
2048,n<=8,sr<=40%,kvB<=1k,kp<=8k,0.7234,4
2048,n<=8,sr<=40%,kvB<=1k,kp=0,0.0305,4
2048,n<=8,sr<=40%,kvB<=4k,kp<=1k,0.1138,4
2048,n<=8,sr<=40%,kvB<=4k,kp<=2k,-0.0414,4
2048,n<=8,sr<=40%,kvB<=4k,kp<=4k,0.0694,4
2048,n<=8,sr<=40%,kvB<=4k,kp<=512,0.093,4
2048,n<=8,sr<=40%,kvB<=4k,kp<=8k,0.0936,4
2048,n<=8,sr<=40%,kvB<=4k,kp=0,0.1182,4
2048,n<=8,sr<=70%,kvB<=16k,kp<=1k,0.1772,2
2048,n<=8,sr<=70%,kvB<=16k,kp<=2k,0.1579,2
2048,n<=8,sr<=70%,kvB<=16k,kp<=4k,0.2137,2
2048,n<=8,sr<=70%,kvB<=16k,kp<=512,0.1686,2
2048,n<=8,sr<=70%,kvB<=16k,kp<=8k,0.1344,2
2048,n<=8,sr<=70%,kvB<=16k,kp=0,0.0698,2
2048,n<=8,sr<=70%,kvB<=1k,kp<=1k,0.1284,2
2048,n<=8,sr<=70%,kvB<=1k,kp<=2k,0.3598,2
2048,n<=8,sr<=70%,kvB<=1k,kp<=4k,0.451,2
2048,n<=8,sr<=70%,kvB<=1k,kp<=512,0.1818,2
2048,n<=8,sr<=70%,kvB<=1k,kp<=8k,-6.7906,2
2048,n<=8,sr<=70%,kvB<=1k,kp=0,-0.9655,1
2048,n<=8,sr<=70%,kvB<=4k,kp<=1k,0.0035,2
2048,n<=8,sr<=70%,kvB<=4k,kp<=2k,0.1346,2
2048,n<=8,sr<=70%,kvB<=4k,kp<=4k,0.153,2
2048,n<=8,sr<=70%,kvB<=4k,kp<=512,0.1829,2
2048,n<=8,sr<=70%,kvB<=4k,kp<=8k,0.2836,2
2048,n<=8,sr<=70%,kvB<=4k,kp=0,0.0755,2
2048,n<=8,sr>70%,kvB<=16k,kp<=1k,-0.0005,4
2048,n<=8,sr>70%,kvB<=16k,kp<=2k,-0.0482,4
2048,n<=8,sr>70%,kvB<=16k,kp<=4k,0.1532,4
2048,n<=8,sr>70%,kvB<=16k,kp<=512,0.1539,4
2048,n<=8,sr>70%,kvB<=16k,kp<=8k,0.2369,4
2048,n<=8,sr>70%,kvB<=16k,kp=0,0.0121,4
2048,n<=8,sr>70%,kvB<=1k,kp<=1k,-0.1993,4
2048,n<=8,sr>70%,kvB<=1k,kp<=2k,2.1986,4
2048,n<=8,sr>70%,kvB<=1k,kp<=4k,0.3254,3
2048,n<=8,sr>70%,kvB<=1k,kp<=512,0.3285,2
2048,n<=8,sr>70%,kvB<=1k,kp=0,0.2279,3
2048,n<=8,sr>70%,kvB<=4k,kp<=1k,0.2451,4
2048,n<=8,sr>70%,kvB<=4k,kp<=2k,-0.2602,3
2048,n<=8,sr>70%,kvB<=4k,kp<=4k,-0.0556,3
2048,n<=8,sr>70%,kvB<=4k,kp<=512,0.1593,4
2048,n<=8,sr>70%,kvB<=4k,kp<=8k,0.149,3
2048,n<=8,sr>70%,kvB<=4k,kp=0,-0.0414,4
