prefill_chunk,kv_prefill,n_decode,kv_decode,time_us
0,0,1,16,12.363
0,0,1,32,12.416
0,0,1,64,12.4907
0,0,1,128,17.8133
0,0,1,256,18.2293
0,0,1,512,19.8507
0,0,1,1024,23.8723
0,0,1,2048,34.9227
0,0,1,4096,49.7283
0,0,1,8192,80.287
0,0,1,16384,136.885
0,0,2,16,18.1227
0,0,2,32,18.2187
0,0,2,64,18.453
0,0,2,128,22.1977
0,0,2,256,23.328
0,0,2,512,27.0397
0,0,2,1024,36.7893
0,0,2,2048,51.9893
0,0,2,4096,82.3673
0,0,2,8192,136.992
0,0,2,16384,248.363
0,0,4,16,18.592
0,0,4,32,18.9967
0,0,4,64,19.3057
0,0,4,128,23.2213
0,0,4,256,27.9463
0,0,4,512,36.3413
0,0,4,1024,51.3493
0,0,4,2048,80.5433
0,0,4,4096,134.87
0,0,4,8192,242.932
0,0,4,16384,459.146
0,0,8,16,18.9657
0,0,8,32,19.5307
0,0,8,64,20.6083
0,0,8,128,29.824
0,0,8,256,39.1573
0,0,8,512,53.248
0,0,8,1024,83.1147
0,0,8,2048,141.333
0,0,8,4096,253.952
0,0,8,8192,466.101
0,0,8,16384,909.611
0,0,16,16,24.5757
0,0,16,32,25.3547
0,0,16,64,27.4237
0,0,16,128,37.9737
0,0,16,256,54.1973
0,0,16,512,86.6877
0,0,16,1024,145.547
0,0,16,2048,260.138
0,0,16,4096,490.986
0,0,16,8192,915.403
0,0,16,16384,1818.91
0,0,32,16,35.4127
0,0,32,32,36.128
0,0,32,64,39.691
0,0,32,128,61.12
0,0,32,256,95.0617
0,0,32,512,158.645
0,0,32,1024,280.874
0,0,32,2048,522.741
0,0,32,4096,1014.24
0,0,32,8192,2006.72
0,0,32,16384,4002.09
0,0,64,16,55.9253
0,0,64,32,57.6427
0,0,64,64,61.9513
0,0,64,128,98.5263
0,0,64,256,159.615
0,0,64,512,283.423
0,0,64,1024,517.791
0,0,64,2048,985.674
0,0,64,4096,1924.7
0,0,64,8192,3826.83
0,0,64,16384,7652.34
0,0,128,16,94.421
0,0,128,32,95.7977
0,0,128,64,102.922
0,0,128,128,177.408
0,0,128,256,284.416
0,0,128,512,517.386
0,0,128,1024,980.235
0,0,128,2048,1905.05
0,0,128,4096,3752.41
0,0,128,8192,7464.75
0,0,128,16384,14891
0,0,256,16,182.869
0,0,256,32,187.712
0,0,256,64,203.872
0,0,256,128,330.912
0,0,256,256,546.996
0,0,256,512,1013.55
0,0,256,1024,1926.9
0,0,256,2048,3770.07
0,0,256,4096,7428.19
0,0,256,8192,14767.9
0,0,256,16384,29421.3
16,0,0,0,12.5657
16,0,1,16,17.813
16,0,1,32,17.8773
16,0,1,64,18.0583
16,0,1,128,23.0933
16,0,1,256,30.0907
16,0,1,512,37.269
16,0,1,1024,51.189
16,0,1,2048,78.688
16,0,1,4096,134.379
16,0,1,8192,245.899
16,0,1,16384,475.251
16,0,2,16,22.976
16,0,2,32,23.0617
16,0,2,64,23.2957
16,0,2,128,29.056
16,0,2,256,36.2877
16,0,2,512,51.008
16,0,2,1024,79.9677
16,0,2,2048,136.597
16,0,2,4096,250.635
16,0,2,8192,481.791
16,0,2,16384,950.239
16,0,4,16,28.5227
16,0,4,32,28.9173
16,0,4,64,29.472
16,0,4,128,41.0343
16,0,4,256,55.082
16,0,4,512,83.1573
16,0,4,1024,139.019
16,0,4,2048,253.824
16,0,4,4096,481.578
16,0,4,8192,931.124
16,0,4,16384,1829.74
16,0,8,16,44.1703
16,0,8,32,45.056
16,0,8,64,45.9623
16,0,8,128,67.4673
16,0,8,256,92.6187
16,0,8,512,142.091
16,0,8,1024,241.77
16,0,8,2048,442.783
16,0,8,4096,839.189
16,0,8,8192,1639.15
16,0,8,16384,3788.62
16,0,16,16,76.3627
16,0,16,32,78.112
16,0,16,64,79.829
16,0,16,128,121.397
16,0,16,256,167.828
16,0,16,512,259.572
16,0,16,1024,455.53
16,0,16,2048,841.556
16,0,16,4096,2015.09
16,0,16,8192,5114.91
16,0,16,16384,10835.4
16,0,32,16,142.912
16,0,32,32,146.336
16,0,32,64,149.291
16,0,32,128,229.962
16,0,32,256,323.819
16,0,32,512,558.933
16,0,32,1024,1107.08
16,0,32,2048,2740.37
16,0,32,4096,6385.67
16,0,32,8192,12916.5
16,0,32,16384,26297
16,0,64,16,269.962
16,0,64,32,277.429
16,0,64,64,283.401
16,0,64,128,455.541
16,0,64,256,843.17
16,0,64,512,1827.41
16,0,64,1024,3591.48
16,0,64,2048,7240.67
16,0,64,4096,14548.5
16,0,64,8192,29105.6
16,0,64,16384,58250.5
16,0,128,16,531.776
16,0,128,32,544.394
16,0,128,64,566.645
16,0,128,128,1014.76
16,0,128,256,1907.83
16,0,128,512,3742.09
16,0,128,1024,7381.38
16,0,128,2048,14723.4
16,0,128,4096,29334.3
16,0,128,8192,58651.8
16,0,128,16384,117200
16,16,0,0,12.832
16,16,1,16,18.0907
16,16,1,32,18.2187
16,16,1,64,18.4113
16,16,1,128,23.136
16,16,1,256,30.3783
16,16,1,512,37.621
16,16,1,1024,51.3387
16,16,1,2048,79.1677
16,16,1,4096,134.56
16,16,1,8192,246.571
16,16,1,16384,476.747
16,16,2,16,23.424
16,16,2,32,23.584
16,16,2,64,24.043
16,16,2,128,29.2587
16,16,2,256,36.6083
16,16,2,512,51.3917
16,16,2,1024,80.1277
16,16,2,2048,136.341
16,16,2,4096,250.699
16,16,2,8192,482.068
16,16,2,16384,949.931
16,16,4,16,28.896
16,16,4,32,29.4293
16,16,4,64,30.0587
16,16,4,128,41.0133
16,16,4,256,55.179
16,16,4,512,83.029
16,16,4,1024,139.424
16,16,4,2048,255.157
16,16,4,4096,479.85
16,16,4,8192,930.74
16,16,4,16384,1832.29
16,16,8,16,44.7047
16,16,8,32,45.5467
16,16,8,64,46.528
16,16,8,128,67.4987
16,16,8,256,92.608
16,16,8,512,141.813
16,16,8,1024,241.653
16,16,8,2048,442.592
16,16,8,4096,837.747
16,16,8,8192,1651.04
16,16,8,16384,3785.5
16,16,16,16,76.8207
16,16,16,32,78.2183
16,16,16,64,80.7893
16,16,16,128,121.269
16,16,16,256,167.872
16,16,16,512,259.744
16,16,16,1024,456
16,16,16,2048,848.158
16,16,16,4096,1938.86
16,16,16,8192,5157.51
16,16,16,16384,11275.8
16,16,32,16,143.168
16,16,32,32,146.73
16,16,32,64,149.547
16,16,32,128,230.08
16,16,32,256,324.096
16,16,32,512,558.571
16,16,32,1024,1084.3
16,16,32,2048,2835.93
16,16,32,4096,6427.23
16,16,32,8192,13122.1
16,16,32,16384,26489.5
16,16,64,16,269.771
16,16,64,32,277.781
16,16,64,64,283.818
16,16,64,128,455.061
16,16,64,256,854.88
16,16,64,512,1834.45
16,16,64,1024,3597.61
16,16,64,2048,7234.48
16,16,64,4096,14555.5
16,16,64,8192,29009.4
16,16,64,16384,58121.7
16,16,128,16,531.733
16,16,128,32,544.565
16,16,128,64,566.379
16,16,128,128,1026.33
16,16,128,256,1908.41
16,16,128,512,3747.87
16,16,128,1024,7386.51
16,16,128,2048,14742.9
16,16,128,4096,29338.3
16,16,128,8192,58655.8
16,16,128,16384,117198
16,32,0,0,12.8853
16,32,1,16,18.24
16,32,1,32,18.4853
16,32,1,64,18.6133
16,32,1,128,23.1463
16,32,1,256,30.5387
16,32,1,512,37.6533
16,32,1,1024,51.52
16,32,1,2048,79.4447
16,32,1,4096,135.53
16,32,1,8192,246.475
16,32,1,16384,475.445
16,32,2,16,23.563
16,32,2,32,23.776
16,32,2,64,24.1067
16,32,2,128,29.1307
16,32,2,256,36.747
16,32,2,512,51.467
16,32,2,1024,80.416
16,32,2,2048,136.352
16,32,2,4096,251.723
16,32,2,8192,481.908
16,32,2,16384,951.477
16,32,4,16,29.0453
16,32,4,32,29.5043
16,32,4,64,30.1333
16,32,4,128,41.088
16,32,4,256,55.2853
16,32,4,512,83.0617
16,32,4,1024,138.763
16,32,4,2048,252.874
16,32,4,4096,477.61
16,32,4,8192,931.306
16,32,4,16384,1834.96
16,32,8,16,44.672
16,32,8,32,45.547
16,32,8,64,46.6883
16,32,8,128,67.2533
16,32,8,256,92.7253
16,32,8,512,142.027
16,32,8,1024,241.643
16,32,8,2048,442.772
16,32,8,4096,839.424
16,32,8,8192,1651.05
16,32,8,16384,3715.84
16,32,16,16,76.8
16,32,16,32,78.527
16,32,16,64,80.448
16,32,16,128,121.227
16,32,16,256,167.978
16,32,16,512,259.595
16,32,16,1024,455.701
16,32,16,2048,844.639
16,32,16,4096,1915.21
16,32,16,8192,5161.04
16,32,16,16384,11144
16,32,32,16,143.136
16,32,32,32,146.486
16,32,32,64,149.685
16,32,32,128,230.357
16,32,32,256,324.128
16,32,32,512,562.624
16,32,32,1024,1082.24
16,32,32,2048,2905.52
16,32,32,4096,6291.51
16,32,32,8192,13098.4
16,32,32,16384,26308.3
16,32,64,16,269.909
16,32,64,32,277.6
16,32,64,64,283.776
16,32,64,128,455.371
16,32,64,256,822.368
16,32,64,512,1831.32
16,32,64,1024,3594.5
16,32,64,2048,7267.38
16,32,64,4096,14578.4
16,32,64,8192,28990.3
16,32,64,16384,58341.2
16,32,128,16,532.277
16,32,128,32,552.842
16,32,128,64,567.52
16,32,128,128,1024.42
16,32,128,256,1908.98
16,32,128,512,3746.15
16,32,128,1024,7385.24
16,32,128,2048,14724
16,32,128,4096,29341
16,32,128,8192,58646.5
16,32,128,16384,117173
16,64,0,0,13.0347
16,64,1,16,18.3677
16,64,1,32,18.5813
16,64,1,64,18.7627
16,64,1,128,23.1677
16,64,1,256,30.6133
16,64,1,512,37.7173
16,64,1,1024,51.616
16,64,1,2048,79.7223
16,64,1,4096,135.029
16,64,1,8192,246.378
16,64,1,16384,475.755
16,64,2,16,23.669
16,64,2,32,24.043
16,64,2,64,24.3097
16,64,2,128,29.493
16,64,2,256,36.9173
16,64,2,512,51.296
16,64,2,1024,80.1497
16,64,2,2048,136.351
16,64,2,4096,251.179
16,64,2,8192,482.827
16,64,2,16384,950.017
16,64,4,16,29.2267
16,64,4,32,29.7707
16,64,4,64,30.1547
16,64,4,128,41.152
16,64,4,256,55.4023
16,64,4,512,83.1577
16,64,4,1024,138.88
16,64,4,2048,252.672
16,64,4,4096,477.365
16,64,4,8192,930.1
16,64,4,16384,1839.76
16,64,8,16,44.992
16,64,8,32,45.8773
16,64,8,64,46.912
16,64,8,128,67.4343
16,64,8,256,92.5113
16,64,8,512,142.058
16,64,8,1024,241.622
16,64,8,2048,443.541
16,64,8,4096,839.701
16,64,8,8192,1638.78
16,64,8,16384,3853.59
16,64,16,16,76.875
16,64,16,32,78.5493
16,64,16,64,80.768
16,64,16,128,121.344
16,64,16,256,168.32
16,64,16,512,259.754
16,64,16,1024,456.267
16,64,16,2048,853.033
16,64,16,4096,2010.81
16,64,16,8192,5190.97
16,64,16,16384,11000.4
16,64,32,16,143.136
16,64,32,32,146.837
16,64,32,64,149.856
16,64,32,128,230.667
16,64,32,256,324.383
16,64,32,512,565.823
16,64,32,1024,1107.42
16,64,32,2048,2852.54
16,64,32,4096,6382.59
16,64,32,8192,13240.1
16,64,32,16384,26024.9
16,64,64,16,270.262
16,64,64,32,277.888
16,64,64,64,283.893
16,64,64,128,455.221
16,64,64,256,842.677
16,64,64,512,1830.99
16,64,64,1024,3599.4
16,64,64,2048,7258.73
16,64,64,4096,14567.5
16,64,64,8192,28977.1
16,64,64,16384,58203.4
16,64,128,16,533.472
16,64,128,32,549.92
16,64,128,64,567.52
16,64,128,128,1025.29
16,64,128,256,1911.71
16,64,128,512,3749.5
16,64,128,1024,7388.93
16,64,128,2048,14727.1
16,64,128,4096,29339.3
16,64,128,8192,58645.1
16,64,128,16384,117181
16,128,0,0,16.416
16,128,1,16,23.4883
16,128,1,32,23.4347
16,128,1,64,23.4663
16,128,1,128,25.3873
16,128,1,256,30.5813
16,128,1,512,44.5653
16,128,1,1024,58.528
16,128,1,2048,86.2293
16,128,1,4096,142.272
16,128,1,8192,253.653
16,128,1,16384,476.704
16,128,2,16,27.328
16,128,2,32,27.467
16,128,2,64,27.7763
16,128,2,128,33.8133
16,128,2,256,41.0133
16,128,2,512,55.253
16,128,2,1024,83.6373
16,128,2,2048,139.818
16,128,2,4096,254.133
16,128,2,8192,483.423
16,128,2,16384,952.586
16,128,4,16,35.6903
16,128,4,32,35.9467
16,128,4,64,36.2663
16,128,4,128,43.2213
16,128,4,256,55.5737
16,128,4,512,83.616
16,128,4,1024,139.36
16,128,4,2048,254.656
16,128,4,4096,480.022
16,128,4,8192,925.973
16,128,4,16384,1834.22
16,128,8,16,51.2533
16,128,8,32,51.9787
16,128,8,64,52.832
16,128,8,128,69.6743
16,128,8,256,93.1627
16,128,8,512,142.378
16,128,8,1024,241.184
16,128,8,2048,442.261
16,128,8,4096,840.522
16,128,8,8192,1654.56
16,128,8,16384,3907.19
16,128,16,16,83.2537
16,128,16,32,84.8743
16,128,16,64,86.3577
16,128,16,128,123.744
16,128,16,256,169.995
16,128,16,512,260.182
16,128,16,1024,469.344
16,128,16,2048,876.554
16,128,16,4096,2078.33
16,128,16,8192,5096.14
16,128,16,16384,11137.9
16,128,32,16,145.984
16,128,32,32,149.205
16,128,32,64,152.694
16,128,32,128,234.869
16,128,32,256,329.088
16,128,32,512,578.048
16,128,32,1024,1190.06
16,128,32,2048,2824.49
16,128,32,4096,6413.46
16,128,32,8192,13089.3
16,128,32,16384,26306.1
16,128,64,16,272.64
16,128,64,32,279.936
16,128,64,64,286.165
16,128,64,128,459.776
16,128,64,256,858.336
16,128,64,512,1846.59
16,128,64,1024,3612.34
16,128,64,2048,7248.73
16,128,64,4096,14538.7
16,128,64,8192,29029.1
16,128,64,16384,57982
16,128,128,16,534.592
16,128,128,32,547.093
16,128,128,64,563.414
16,128,128,128,1028.57
16,128,128,256,1909.42
16,128,128,512,3752.4
16,128,128,1024,7393.11
16,128,128,2048,14731.5
16,128,128,4096,29344.7
16,128,128,8192,58654.6
16,128,128,16384,117206
16,256,0,0,20.0533
16,256,1,16,30.3147
16,256,1,32,30.5817
16,256,1,64,30.8477
16,256,1,128,31.0933
16,256,1,256,33.0983
16,256,1,512,44.619
16,256,1,1024,65.7387
16,256,1,2048,93.7493
16,256,1,4096,150.016
16,256,1,8192,260.597
16,256,1,16384,483.574
16,256,2,16,31.061
16,256,2,32,31.4243
16,256,2,64,31.4457
16,256,2,128,37.7387
16,256,2,256,44.7787
16,256,2,512,58.6243
16,256,2,1024,88.2987
16,256,2,2048,144.427
16,256,2,4096,257.664
16,256,2,8192,485.237
16,256,2,16384,953.557
16,256,4,16,41.1733
16,256,4,32,41.611
16,256,4,64,42.0587
16,256,4,128,49.472
16,256,4,256,57.8877
16,256,4,512,84.0423
16,256,4,1024,139.285
16,256,4,2048,252.832
16,256,4,4096,484.032
16,256,4,8192,938.186
16,256,4,16384,1848.03
16,256,8,16,56.6293
16,256,8,32,57.696
16,256,8,64,58.5387
16,256,8,128,76.2027
16,256,8,256,95.3813
16,256,8,512,143.211
16,256,8,1024,240.8
16,256,8,2048,442.069
16,256,8,4096,846.229
16,256,8,8192,1673.12
16,256,8,16384,3896.07
16,256,16,16,88.6933
16,256,16,32,90.4533
16,256,16,64,92.5653
16,256,16,128,130.208
16,256,16,256,171.595
16,256,16,512,261.088
16,256,16,1024,486.827
16,256,16,2048,962.336
16,256,16,4096,2264.06
16,256,16,8192,5226.85
16,256,16,16384,11051.8
16,256,32,16,151.605
16,256,32,32,154.912
16,256,32,64,158.41
16,256,32,128,236.299
16,256,32,256,335.104
16,256,32,512,577.441
16,256,32,1024,1303.59
16,256,32,2048,2971.54
16,256,32,4096,6394.36
16,256,32,8192,13161.7
16,256,32,16384,26412
16,256,64,16,277.962
16,256,64,32,284.757
16,256,64,64,290.965
16,256,64,128,461.194
16,256,64,256,867.573
16,256,64,512,1852.58
16,256,64,1024,3631.87
16,256,64,2048,7258.14
16,256,64,4096,14589.5
16,256,64,8192,29096.3
16,256,64,16384,58358.8
16,256,128,16,543.381
16,256,128,32,550.016
16,256,128,64,566.251
16,256,128,128,1053.41
16,256,128,256,1919.4
16,256,128,512,3758.4
16,256,128,1024,7395.53
16,256,128,2048,14737
16,256,128,4096,29350.6
16,256,128,8192,58649
16,256,128,16384,117203
16,512,0,0,27.104
16,512,1,16,37.4933
16,512,1,32,37.6427
16,512,1,64,37.9947
16,512,1,128,44.3513
16,512,1,256,44.8533
16,512,1,512,47.3703
16,512,1,1024,73.0453
16,512,1,2048,107.563
16,512,1,4096,163.05
16,512,1,8192,274.261
16,512,1,16384,496.395
16,512,2,16,42.9973
16,512,2,32,43.381
16,512,2,64,43.4667
16,512,2,128,45.3333
16,512,2,256,52.2773
16,512,2,512,66.0053
16,512,2,1024,94.9017
16,512,2,2048,150.848
16,512,2,4096,262.187
16,512,2,8192,487.925
16,512,2,16384,954.922
16,512,4,16,50.7947
16,512,4,32,50.9867
16,512,4,64,51.093
16,512,4,128,61.8347
16,512,4,256,70.8693
16,512,4,512,86.2827
16,512,4,1024,140.917
16,512,4,2048,252.981
16,512,4,4096,483.808
16,512,4,8192,939.637
16,512,4,16384,1866.2
16,512,8,16,68.299
16,512,8,32,68.981
16,512,8,64,69.92
16,512,8,128,88.288
16,512,8,256,108.768
16,512,8,512,145.6
16,512,8,1024,242.645
16,512,8,2048,447.787
16,512,8,4096,884.565
16,512,8,8192,1858.35
16,512,8,16384,4044.62
16,512,16,16,100.011
16,512,16,32,101.781
16,512,16,64,103.296
16,512,16,128,142.133
16,512,16,256,184.384
16,512,16,512,264.694
16,512,16,1024,466.88
16,512,16,2048,1130.47
16,512,16,4096,2418.2
16,512,16,8192,5529.59
16,512,16,16384,11543.1
16,512,32,16,162.721
16,512,32,32,166.837
16,512,32,64,169.867
16,512,32,128,248.16
16,512,32,256,340.331
16,512,32,512,568.81
16,512,32,1024,1349.16
16,512,32,2048,3209.63
16,512,32,4096,6645.75
16,512,32,8192,13351.4
16,512,32,16384,26643.5
16,512,64,16,290.348
16,512,64,32,296.694
16,512,64,64,302.55
16,512,64,128,469.174
16,512,64,256,887.413
16,512,64,512,1857.81
16,512,64,1024,3656.96
16,512,64,2048,7300.86
16,512,64,4096,14591.8
16,512,64,8192,29147
16,512,64,16384,58401.1
16,512,128,16,556.182
16,512,128,32,559.851
16,512,128,64,577.003
16,512,128,128,1045.86
16,512,128,256,1936.44
16,512,128,512,3774.49
16,512,128,1024,7411.65
16,512,128,2048,14753.6
16,512,128,4096,29367.6
16,512,128,8192,58665.9
16,512,128,16384,117229
16,1024,0,0,41.4293
16,1024,1,16,51.403
16,1024,1,32,52.16
16,1024,1,64,51.8507
16,1024,1,128,58.1437
16,1024,1,256,65.3333
16,1024,1,512,72.875
16,1024,1,1024,76.1063
16,1024,1,2048,129.461
16,1024,1,4096,191.893
16,1024,1,8192,303.531
16,1024,1,16384,526.464
16,1024,2,16,57.5893
16,1024,2,32,57.6213
16,1024,2,64,58.0053
16,1024,2,128,67.4773
16,1024,2,256,73.5573
16,1024,2,512,80.587
16,1024,2,1024,108.075
16,1024,2,2048,167.115
16,1024,2,4096,281.93
16,1024,2,8192,505.558
16,1024,2,16384,962.783
16,1024,4,16,72.608
16,1024,4,32,73.3653
16,1024,4,64,72.2027
16,1024,4,128,82.048
16,1024,4,256,90.7203
16,1024,4,512,113.387
16,1024,4,1024,144.512
16,1024,4,2048,254.186
16,1024,4,4096,482.827
16,1024,4,8192,965.557
16,1024,4,16384,1940.59
16,1024,8,16,88.4587
16,1024,8,32,89.4073
16,1024,8,64,90.08
16,1024,8,128,110.144
16,1024,8,256,129.899
16,1024,8,512,172.651
16,1024,8,1024,246.869
16,1024,8,2048,444.287
16,1024,8,4096,954.145
16,1024,8,8192,2070.53
16,1024,8,16384,4411.74
16,1024,16,16,120.97
16,1024,16,32,122.293
16,1024,16,64,123.818
16,1024,16,128,164.085
16,1024,16,256,208.042
16,1024,16,512,291.765
16,1024,16,1024,461.323
16,1024,16,2048,931.328
16,1024,16,4096,2757.44
16,1024,16,8192,5981.19
16,1024,16,16384,12142.2
16,1024,32,16,186.837
16,1024,32,32,190.805
16,1024,32,64,192.949
16,1024,32,128,271.979
16,1024,32,256,365.408
16,1024,32,512,603.02
16,1024,32,1024,1232.06
16,1024,32,2048,3212.37
16,1024,32,4096,6744.16
16,1024,32,8192,13480.5
16,1024,32,16384,26953.4
16,1024,64,16,313.601
16,1024,64,32,320.139
16,1024,64,64,325.738
16,1024,64,128,494.752
16,1024,64,256,948.16
16,1024,64,512,1890.09
16,1024,64,1024,3670.27
16,1024,64,2048,7326.26
16,1024,64,4096,14578.6
16,1024,64,8192,29158.3
16,1024,64,16384,58381.3
16,1024,128,16,571.2
16,1024,128,32,584.192
16,1024,128,64,600.608
16,1024,128,128,1093.21
16,1024,128,256,1968.36
16,1024,128,512,3800.63
16,1024,128,1024,7449.67
16,1024,128,2048,14784.2
16,1024,128,4096,29393.5
16,1024,128,8192,58703.9
16,1024,128,16384,117235
16,2048,0,0,70.2187
16,2048,1,16,79.36
16,2048,1,32,79.7543
16,2048,1,64,79.904
16,2048,1,128,86.1333
16,2048,1,256,93.0557
16,2048,1,512,107.37
16,2048,1,1024,128.896
16,2048,1,2048,135.083
16,2048,1,4096,241.696
16,2048,1,8192,365.419
16,2048,1,16384,604.619
16,2048,2,16,85.6533
16,2048,2,32,86.1017
16,2048,2,64,86.56
16,2048,2,128,95.8613
16,2048,2,256,106.56
16,2048,2,512,126.848
16,2048,2,1024,137.547
16,2048,2,2048,194.016
16,2048,2,4096,312.086
16,2048,2,8192,550.71
16,2048,2,16384,1023.35
16,2048,4,16,101.131
16,2048,4,32,100.864
16,2048,4,64,101.578
16,2048,4,128,121.12
16,2048,4,256,131.392
16,2048,4,512,148.629
16,2048,4,1024,199.36
16,2048,4,2048,260.768
16,2048,4,4096,484.437
16,2048,4,8192,958.41
16,2048,4,16384,1960.92
16,2048,8,16,127.616
16,2048,8,32,129.066
16,2048,8,64,129.995
16,2048,8,128,148.459
16,2048,8,256,177.728
16,2048,8,512,209.877
16,2048,8,1024,301.984
16,2048,8,2048,449.611
16,2048,8,4096,936.884
16,2048,8,8192,2324.53
16,2048,8,16384,4559.94
16,2048,16,16,163.296
16,2048,16,32,165.824
16,2048,16,64,167.391
16,2048,16,128,208.48
16,2048,16,256,253.354
16,2048,16,512,342.282
16,2048,16,1024,516.929
16,2048,16,2048,867.936
16,2048,16,4096,2685.16
16,2048,16,8192,6059.2
16,2048,16,16384,11961.9
16,2048,32,16,230.699
16,2048,32,32,233.824
16,2048,32,64,237.237
16,2048,32,128,315.584
16,2048,32,256,414.848
16,2048,32,512,674.518
16,2048,32,1024,1339.35
16,2048,32,2048,3038.05
16,2048,32,4096,6778.81
16,2048,32,8192,13595.7
16,2048,32,16384,27137.6
16,2048,64,16,359.243
16,2048,64,32,365.941
16,2048,64,64,371.371
16,2048,64,128,543.051
16,2048,64,256,1042.9
16,2048,64,512,1982.59
16,2048,64,1024,3730.11
16,2048,64,2048,7344.32
16,2048,64,4096,14670.7
16,2048,64,8192,29177.9
16,2048,64,16384,58262.8
16,2048,128,16,624.491
16,2048,128,32,630.304
16,2048,128,64,648.694
16,2048,128,128,1161.46
16,2048,128,256,2037.89
16,2048,128,512,3873
16,2048,128,1024,7497.83
16,2048,128,2048,14850.6
16,2048,128,4096,29448.9
16,2048,128,8192,58757.6
16,2048,128,16384,117308
16,4096,0,0,127.691
16,4096,1,16,134.837
16,4096,1,32,135.37
16,4096,1,64,135.296
16,4096,1,128,142.454
16,4096,1,256,149.611
16,4096,1,512,162.955
16,4096,1,1024,191.936
16,4096,1,2048,241.291
16,4096,1,4096,252.331
16,4096,1,8192,470.507
16,4096,1,16384,712.182
16,4096,2,16,142.667
16,4096,2,32,143.158
16,4096,2,64,142.773
16,4096,2,128,152.107
16,4096,2,256,162.4
16,4096,2,512,183.371
16,4096,2,1024,225.782
16,4096,2,2048,254.869
16,4096,2,4096,363.734
16,4096,2,8192,601.824
16,4096,2,16384,1082.85
16,4096,4,16,157.483
16,4096,4,32,157.867
16,4096,4,64,158.102
16,4096,4,128,178.048
16,4096,4,256,198.464
16,4096,4,512,239.84
16,4096,4,1024,276.224
16,4096,4,2048,372.747
16,4096,4,4096,494.593
16,4096,4,8192,947.755
16,4096,4,16384,2020.66
16,4096,8,16,183.712
16,4096,8,32,185.034
16,4096,8,64,186.709
16,4096,8,128,223.403
16,4096,8,256,252.8
16,4096,8,512,299.723
16,4096,8,1024,391.008
16,4096,8,2048,558.763
16,4096,8,4096,855.05
16,4096,8,8192,2175.14
16,4096,8,16384,4782.94
16,4096,16,16,240.736
16,4096,16,32,245.152
16,4096,16,64,245.12
16,4096,16,128,291.339
16,4096,16,256,336.043
16,4096,16,512,420.821
16,4096,16,1024,619.285
16,4096,16,2048,975.873
16,4096,16,4096,2418.19
16,4096,16,8192,6062.42
16,4096,16,16384,12243.8
16,4096,32,16,311.755
16,4096,32,32,314.677
16,4096,32,64,320.171
16,4096,32,128,404.298
16,4096,32,256,498.411
16,4096,32,512,796.363
16,4096,32,1024,1561.86
16,4096,32,2048,3313.74
16,4096,32,4096,6762.79
16,4096,32,8192,13730.8
16,4096,32,16384,27331.9
16,4096,64,16,448.118
16,4096,64,32,450.411
16,4096,64,64,460.011
16,4096,64,128,635.702
16,4096,64,256,1208.19
16,4096,64,512,2144.8
16,4096,64,1024,3913.96
16,4096,64,2048,7514.11
16,4096,64,4096,14777.2
16,4096,64,8192,29328.3
16,4096,64,16384,58522.6
16,4096,128,16,717.28
16,4096,128,32,724.278
16,4096,128,64,755.99
16,4096,128,128,1305.5
16,4096,128,256,2187.36
16,4096,128,512,4036.3
16,4096,128,1024,7650.09
16,4096,128,2048,14952.5
16,4096,128,4096,29555.7
16,4096,128,8192,58873.9
16,4096,128,16384,117423
16,8192,0,0,244.321
16,8192,1,16,246.869
16,8192,1,32,247.392
16,8192,1,64,247.104
16,8192,1,128,253.483
16,8192,1,256,259.211
16,8192,1,512,274.528
16,8192,1,1024,302.848
16,8192,1,2048,367.723
16,8192,1,4096,480.736
16,8192,1,8192,488.555
16,8192,1,16384,935.297
16,8192,2,16,254.176
16,8192,2,32,255.275
16,8192,2,64,255.595
16,8192,2,128,264.074
16,8192,2,256,274.645
16,8192,2,512,296.523
16,8192,2,1024,336.554
16,8192,2,2048,425.771
16,8192,2,4096,484.096
16,8192,2,8192,707.488
16,8192,2,16384,1193.08
16,8192,4,16,270.646
16,8192,4,32,270.293
16,8192,4,64,271.253
16,8192,4,128,291.67
16,8192,4,256,311.392
16,8192,4,512,352.181
16,8192,4,1024,434.88
16,8192,4,2048,533.184
16,8192,4,4096,713.13
16,8192,4,8192,960.693
16,8192,4,16384,1933.31
16,8192,8,16,297.313
16,8192,8,32,298.209
16,8192,8,64,300.075
16,8192,8,128,335.83
16,8192,8,256,374.592
16,8192,8,512,451.243
16,8192,8,1024,543.883
16,8192,8,2048,730.57
16,8192,8,4096,1077.16
16,8192,8,8192,1734.24
16,8192,8,16384,4900.08
16,8192,16,16,358.262
16,8192,16,32,360.117
16,8192,16,64,361.771
16,8192,16,128,436.875
16,8192,16,256,499.349
16,8192,16,512,602.71
16,8192,16,1024,823.67
16,8192,16,2048,1204.34
16,8192,16,4096,2528.64
16,8192,16,8192,5763.07
16,8192,16,16384,12482
16,8192,32,16,472.714
16,8192,32,32,474.592
16,8192,32,64,480.801
16,8192,32,128,568.555
16,8192,32,256,702.72
16,8192,32,512,1030.3
16,8192,32,1024,1812.98
16,8192,32,2048,3519.17
16,8192,32,4096,7094.92
16,8192,32,8192,13606.6
16,8192,32,16384,27390.8
16,8192,64,16,614.005
16,8192,64,32,621.035
16,8192,64,64,631.115
16,8192,64,128,874.731
16,8192,64,256,1421.64
16,8192,64,512,2415.78
16,8192,64,1024,4212.44
16,8192,64,2048,7816.18
16,8192,64,4096,15011.3
16,8192,64,8192,29495.7
16,8192,64,16384,58802.7
16,8192,128,16,891.606
16,8192,128,32,911.809
16,8192,128,64,985.654
16,8192,128,128,1564.51
16,8192,128,256,2459.64
16,8192,128,512,4355.35
16,8192,128,1024,7972.19
16,8192,128,2048,15246.4
16,8192,128,4096,29884
16,8192,128,8192,59098.8
16,8192,128,16384,117650
16,16384,0,0,477.493
16,16384,1,16,479.019
16,16384,1,32,478.689
16,16384,1,64,478.998
16,16384,1,128,480.075
16,16384,1,256,484.491
16,16384,1,512,497.782
16,16384,1,1024,526.357
16,16384,1,2048,606.485
16,16384,1,4096,715.467
16,16384,1,8192,942.166
16,16384,1,16384,960.224
16,16384,2,16,479.488
16,16384,2,32,481.302
16,16384,2,64,480.95
16,16384,2,128,489.557
16,16384,2,256,500.544
16,16384,2,512,521.451
16,16384,2,1024,563.264
16,16384,2,2048,663.265
16,16384,2,4096,828.278
16,16384,2,8192,949.291
16,16384,2,16384,1396.95
16,16384,4,16,495.264
16,16384,4,32,497.547
16,16384,4,64,496.95
16,16384,4,128,517.43
16,16384,4,256,539.563
16,16384,4,512,578.113
16,16384,4,1024,667.093
16,16384,4,2048,839.179
16,16384,4,4096,1060.01
16,16384,4,8192,1399.79
16,16384,4,16384,1972.85
16,16384,8,16,522.39
16,16384,8,32,523.979
16,16384,8,64,527.829
16,16384,8,128,562.155
16,16384,8,256,601.409
16,16384,8,512,675.242
16,16384,8,1024,834.347
16,16384,8,2048,1075.09
16,16384,8,4096,1425.16
16,16384,8,8192,2259.32
16,16384,8,16384,4064.65
16,16384,16,16,581.472
16,16384,16,32,587.862
16,16384,16,64,589.472
16,16384,16,128,665.345
16,16384,16,256,742.987
16,16384,16,512,919.189
16,16384,16,1024,1209.77
16,16384,16,2048,1815.9
16,16384,16,4096,3324.36
16,16384,16,8192,6447.43
16,16384,16,16384,12042.7
16,16384,32,16,699.371
16,16384,32,32,702.806
16,16384,32,64,709.301
16,16384,32,128,881.718
16,16384,32,256,1110.33
16,16384,32,512,1478.67
16,16384,32,1024,2319.93
16,16384,32,2048,4239.19
16,16384,32,4096,7761.23
16,16384,32,8192,14348.2
16,16384,32,16384,27310.2
16,16384,64,16,961.473
16,16384,64,32,979.585
16,16384,64,64,1008.96
16,16384,64,128,1325.55
16,16384,64,256,1824.99
16,16384,64,512,2873.81
16,16384,64,1024,4785.35
16,16384,64,2048,8454.66
16,16384,64,4096,15659.3
16,16384,64,8192,30002.5
16,16384,64,16384,59048.3
16,16384,128,16,1258.59
16,16384,128,32,1350.26
16,16384,128,64,1446.95
16,16384,128,128,1956.12
16,16384,128,256,2992.89
16,16384,128,512,4961.68
16,16384,128,1024,8608.67
16,16384,128,2048,15904.8
16,16384,128,4096,30401
16,16384,128,8192,59549.6
16,16384,128,16384,118095
32,0,0,0,13.1627
32,0,1,16,18.56
32,0,1,32,18.624
32,0,1,64,18.8267
32,0,1,128,23.4777
32,0,1,256,30.8373
32,0,1,512,37.9203
32,0,1,1024,51.8617
32,0,1,2048,79.925
32,0,1,4096,135.872
32,0,1,8192,246.165
32,0,1,16384,476.235
32,0,2,16,23.776
32,0,2,32,23.915
32,0,2,64,24.1173
32,0,2,128,29.6427
32,0,2,256,37.088
32,0,2,512,51.68
32,0,2,1024,80.4267
32,0,2,2048,136.395
32,0,2,4096,251.403
32,0,2,8192,479.894
32,0,2,16384,949.92
32,0,4,16,29.376
32,0,4,32,29.6747
32,0,4,64,30.2293
32,0,4,128,41.429
32,0,4,256,55.595
32,0,4,512,83.637
32,0,4,1024,139.829
32,0,4,2048,254.101
32,0,4,4096,479.958
32,0,4,8192,932.693
32,0,4,16384,1827.82
32,0,8,16,45.0773
32,0,8,32,45.8567
32,0,8,64,46.5707
32,0,8,128,67.7653
32,0,8,256,92.8957
32,0,8,512,142.368
32,0,8,1024,241.759
32,0,8,2048,442.464
32,0,8,4096,840.832
32,0,8,8192,1639.64
32,0,8,16384,3802.11
32,0,16,16,76.5653
32,0,16,32,78.2827
32,0,16,64,80.1173
32,0,16,128,121.451
32,0,16,256,167.883
32,0,16,512,259.701
32,0,16,1024,455.595
32,0,16,2048,843.755
32,0,16,4096,1875.75
32,0,16,8192,5167.64
32,0,16,16384,11023.1
32,0,32,16,143.029
32,0,32,32,146.624
32,0,32,64,149.632
32,0,32,128,230.773
32,0,32,256,324.096
32,0,32,512,564.619
32,0,32,1024,1060.88
32,0,32,2048,2840.4
32,0,32,4096,6467.59
32,0,32,8192,13321.8
32,0,32,16384,26211.3
32,0,64,16,270.571
32,0,64,32,277.92
32,0,64,64,283.797
32,0,64,128,455.957
32,0,64,256,854.785
32,0,64,512,1837.72
32,0,64,1024,3601.32
32,0,64,2048,7238.52
32,0,64,4096,14558.3
32,0,64,8192,29014.3
32,0,64,16384,58295.2
32,0,128,16,531.916
32,0,128,32,545.91
32,0,128,64,560.331
32,0,128,128,1030.84
32,0,128,256,1908.46
32,0,128,512,3749.74
32,0,128,1024,7390.35
32,0,128,2048,14745.2
32,0,128,4096,29340.4
32,0,128,8192,58647.7
32,0,128,16384,117196
32,16,0,0,13.2587
32,16,1,16,18.6987
32,16,1,32,18.8587
32,16,1,64,19.0187
32,16,1,128,23.477
32,16,1,256,30.9867
32,16,1,512,38.208
32,16,1,1024,51.9253
32,16,1,2048,80.0643
32,16,1,4096,135.691
32,16,1,8192,247.862
32,16,1,16384,475.413
32,16,2,16,23.989
32,16,2,32,24.384
32,16,2,64,24.5437
32,16,2,128,29.685
32,16,2,256,37.1837
32,16,2,512,51.659
32,16,2,1024,80.8317
32,16,2,2048,137.088
32,16,2,4096,251.521
32,16,2,8192,483.669
32,16,2,16384,948.769
32,16,4,16,29.5467
32,16,4,32,30.048
32,16,4,64,30.496
32,16,4,128,41.5037
32,16,4,256,55.5947
32,16,4,512,83.6053
32,16,4,1024,139.786
32,16,4,2048,255.541
32,16,4,4096,480.214
32,16,4,8192,931.617
32,16,4,16384,1828.94
32,16,8,16,45.2053
32,16,8,32,46.1333
32,16,8,64,47.1673
32,16,8,128,67.7873
32,16,8,256,93.1843
32,16,8,512,142.389
32,16,8,1024,241.483
32,16,8,2048,442.539
32,16,8,4096,840.139
32,16,8,8192,1642.05
32,16,8,16384,3784.29
32,16,16,16,76.843
32,16,16,32,78.6773
32,16,16,64,80.597
32,16,16,128,121.365
32,16,16,256,167.925
32,16,16,512,259.925
32,16,16,1024,457.355
32,16,16,2048,845.281
32,16,16,4096,1944.8
32,16,16,8192,4987.45
32,16,16,16384,11102.7
32,16,32,16,143.05
32,16,32,32,146.795
32,16,32,64,149.909
32,16,32,128,230.667
32,16,32,256,324.757
32,16,32,512,563.415
32,16,32,1024,1097.63
32,16,32,2048,2864.14
32,16,32,4096,6419.16
32,16,32,8192,12918.4
32,16,32,16384,25992
32,16,64,16,270.656
32,16,64,32,278.016
32,16,64,64,284.373
32,16,64,128,456.044
32,16,64,256,835.489
32,16,64,512,1833.94
32,16,64,1024,3595.56
32,16,64,2048,7269.3
32,16,64,4096,14568
32,16,64,8192,28963.6
32,16,64,16384,58348
32,16,128,16,532.448
32,16,128,32,544.534
32,16,128,64,561.877
32,16,128,128,1020.59
32,16,128,256,1910.59
32,16,128,512,3748.38
32,16,128,1024,7387.74
32,16,128,2048,14726.5
32,16,128,4096,29341.1
32,16,128,8192,58648.6
32,16,128,16384,117193
32,32,0,0,13.1733
32,32,1,16,18.731
32,32,1,32,18.8163
32,32,1,64,19.008
32,32,1,128,23.4773
32,32,1,256,30.976
32,32,1,512,38.1867
32,32,1,1024,51.904
32,32,1,2048,80.1603
32,32,1,4096,134.965
32,32,1,8192,247.787
32,32,1,16384,475.723
32,32,2,16,24.0857
32,32,2,32,24.3523
32,32,2,64,24.6293
32,32,2,128,29.568
32,32,2,256,37.2053
32,32,2,512,51.9893
32,32,2,1024,80.437
32,32,2,2048,136.992
32,32,2,4096,250.805
32,32,2,8192,481.686
32,32,2,16384,948.918
32,32,4,16,29.728
32,32,4,32,29.92
32,32,4,64,30.6667
32,32,4,128,41.5043
32,32,4,256,55.4557
32,32,4,512,83.669
32,32,4,1024,139.712
32,32,4,2048,255.285
32,32,4,4096,480.469
32,32,4,8192,933.375
32,32,4,16384,1817.81
32,32,8,16,45.3227
32,32,8,32,46.1013
32,32,8,64,47.1893
32,32,8,128,67.7973
32,32,8,256,93.1947
32,32,8,512,142.518
32,32,8,1024,241.6
32,32,8,2048,444.043
32,32,8,4096,839.414
32,32,8,8192,1645.14
32,32,8,16384,3756.75
32,32,16,16,76.6933
32,32,16,32,78.4747
32,32,16,64,80.7043
32,32,16,128,121.355
32,32,16,256,168.011
32,32,16,512,259.638
32,32,16,1024,456.725
32,32,16,2048,845.857
32,32,16,4096,2038.73
32,32,16,8192,5059.31
32,32,16,16384,11001.5
32,32,32,16,143.082
32,32,32,32,146.741
32,32,32,64,149.792
32,32,32,128,230.624
32,32,32,256,325.088
32,32,32,512,570.187
32,32,32,1024,1100.87
32,32,32,2048,2807.86
32,32,32,4096,6448.71
32,32,32,8192,13030.5
32,32,32,16384,26189.7
32,32,64,16,270.613
32,32,64,32,278.166
32,32,64,64,284.416
32,32,64,128,456.587
32,32,64,256,848.459
32,32,64,512,1832.71
32,32,64,1024,3598.01
32,32,64,2048,7244.43
32,32,64,4096,14543.8
32,32,64,8192,29099.8
32,32,64,16384,57979.2
32,32,128,16,531.446
32,32,128,32,545.623
32,32,128,64,567.105
32,32,128,128,1029.11
32,32,128,256,1909.55
32,32,128,512,3749.2
32,32,128,1024,7390.88
32,32,128,2048,14759.8
32,32,128,4096,29341
32,32,128,8192,58659.4
32,32,128,16384,117200
32,64,0,0,13.4827
32,64,1,16,19.0613
32,64,1,32,19.072
32,64,1,64,19.2967
32,64,1,128,23.637
32,64,1,256,31.0297
32,64,1,512,38.315
32,64,1,1024,52.2453
32,64,1,2048,80.2987
32,64,1,4096,135.818
32,64,1,8192,246.804
32,64,1,16384,475.87
32,64,2,16,24.3413
32,64,2,32,24.6187
32,64,2,64,24.9493
32,64,2,128,29.9093
32,64,2,256,37.387
32,64,2,512,52.1607
32,64,2,1024,80.651
32,64,2,2048,136.981
32,64,2,4096,250.987
32,64,2,8192,481.547
32,64,2,16384,949.494
32,64,4,16,29.984
32,64,4,32,30.368
32,64,4,64,30.8587
32,64,4,128,41.5253
32,64,4,256,55.7973
32,64,4,512,83.776
32,64,4,1024,139.68
32,64,4,2048,254.912
32,64,4,4096,482.699
32,64,4,8192,933.441
32,64,4,16384,1829.6
32,64,8,16,45.6213
32,64,8,32,46.5273
32,64,8,64,47.6053
32,64,8,128,67.8067
32,64,8,256,93.2693
32,64,8,512,142.389
32,64,8,1024,241.526
32,64,8,2048,442.273
32,64,8,4096,840.981
32,64,8,8192,1642.74
32,64,8,16384,3780.05
32,64,16,16,77.152
32,64,16,32,78.677
32,64,16,64,81.067
32,64,16,128,121.493
32,64,16,256,168.107
32,64,16,512,260.074
32,64,16,1024,457.334
32,64,16,2048,850.635
32,64,16,4096,1932.85
32,64,16,8192,5017.52
32,64,16,16384,10912.4
32,64,32,16,143.178
32,64,32,32,146.698
32,64,32,64,149.6
32,64,32,128,230.88
32,64,32,256,325.014
32,64,32,512,573.367
32,64,32,1024,1123.83
32,64,32,2048,2792.78
32,64,32,4096,6310.86
32,64,32,8192,13093.1
32,64,32,16384,26160.5
32,64,64,16,270.709
32,64,64,32,278.187
32,64,64,64,284.491
32,64,64,128,456.16
32,64,64,256,852.939
32,64,64,512,1842.62
32,64,64,1024,3592.7
32,64,64,2048,7254.45
32,64,64,4096,14546.6
32,64,64,8192,29041
32,64,64,16384,58129.4
32,64,128,16,533.132
32,64,128,32,545.643
32,64,128,64,565.739
32,64,128,128,1022.28
32,64,128,256,1910.11
32,64,128,512,3752.27
32,64,128,1024,7392.79
32,64,128,2048,14750.6
32,64,128,4096,29342.9
32,64,128,8192,58644.1
32,64,128,16384,117176
32,128,0,0,16.9707
32,128,1,16,24.3307
32,128,1,32,24.3307
32,128,1,64,24.3307
32,128,1,128,26.0053
32,128,1,256,30.9443
32,128,1,512,45.2163
32,128,1,1024,59.1997
32,128,1,2048,86.9973
32,128,1,4096,142.603
32,128,1,8192,254.634
32,128,1,16384,482.016
32,128,2,16,27.9253
32,128,2,32,28.16
32,128,2,64,28.2883
32,128,2,128,34.443
32,128,2,256,41.0247
32,128,2,512,55.6053
32,128,2,1024,84.48
32,128,2,2048,140.49
32,128,2,4096,254.539
32,128,2,8192,482.891
32,128,2,16384,952.278
32,128,4,16,36.512
32,128,4,32,36.9387
32,128,4,64,37.152
32,128,4,128,43.712
32,128,4,256,55.7663
32,128,4,512,84.4587
32,128,4,1024,139.744
32,128,4,2048,255.083
32,128,4,4096,481.483
32,128,4,8192,934.848
32,128,4,16384,1817.96
32,128,8,16,52.107
32,128,8,32,52.7897
32,128,8,64,53.7707
32,128,8,128,70.1223
32,128,8,256,93.493
32,128,8,512,143.018
32,128,8,1024,241.44
32,128,8,2048,443.008
32,128,8,4096,842.582
32,128,8,8192,1661.32
32,128,8,16384,3900.47
32,128,16,16,83.904
32,128,16,32,85.28
32,128,16,64,86.9547
32,128,16,128,123.936
32,128,16,256,169.59
32,128,16,512,260.512
32,128,16,1024,469.633
32,128,16,2048,884.769
32,128,16,4096,1998.62
32,128,16,8192,5117.18
32,128,16,16384,10986.4
32,128,32,16,146.272
32,128,32,32,149.941
32,128,32,64,153.121
32,128,32,128,234.954
32,128,32,256,329.697
32,128,32,512,576.843
32,128,32,1024,1153.32
32,128,32,2048,2791.14
32,128,32,4096,6393.86
32,128,32,8192,13029.1
32,128,32,16384,26174.4
32,128,64,16,273.781
32,128,64,32,280.374
32,128,64,64,287.072
32,128,64,128,461.771
32,128,64,256,859.222
32,128,64,512,1850.9
32,128,64,1024,3626.57
32,128,64,2048,7290.16
32,128,64,4096,14539.2
32,128,64,8192,29143
32,128,64,16384,58237
32,128,128,16,540.491
32,128,128,32,547.073
32,128,128,64,570.198
32,128,128,128,1034.85
32,128,128,256,1909.83
32,128,128,512,3751.51
32,128,128,1024,7391.44
32,128,128,2048,14735.5
32,128,128,4096,29343.4
32,128,128,8192,58656.7
32,128,128,16384,117189
32,256,0,0,20.448
32,256,1,16,31.008
32,256,1,32,31.2427
32,256,1,64,31.413
32,256,1,128,31.7543
32,256,1,256,33.7173
32,256,1,512,44.96
32,256,1,1024,66.6773
32,256,1,2048,94.87
32,256,1,4096,150.443
32,256,1,8192,261.835
32,256,1,16384,485.067
32,256,2,16,31.8183
32,256,2,32,31.9467
32,256,2,64,32.193
32,256,2,128,38.2823
32,256,2,256,45.3333
32,256,2,512,59.349
32,256,2,1024,88.373
32,256,2,2048,144.95
32,256,2,4096,258.731
32,256,2,8192,486.166
32,256,2,16384,952.011
32,256,4,16,41.8453
32,256,4,32,42.3573
32,256,4,64,42.8053
32,256,4,128,50.752
32,256,4,256,58.5067
32,256,4,512,84.469
32,256,4,1024,139.957
32,256,4,2048,253.248
32,256,4,4096,482.539
32,256,4,8192,936.842
32,256,4,16384,1840.43
32,256,8,16,57.376
32,256,8,32,58.4113
32,256,8,64,59.3707
32,256,8,128,77.2587
32,256,8,256,96.277
32,256,8,512,143.179
32,256,8,1024,240.971
32,256,8,2048,442.699
32,256,8,4096,844.96
32,256,8,8192,1690.02
32,256,8,16384,3852.52
32,256,16,16,89.0453
32,256,16,32,90.8907
32,256,16,64,92.5873
32,256,16,128,130.731
32,256,16,256,172.128
32,256,16,512,262.047
32,256,16,1024,489.13
32,256,16,2048,969.836
32,256,16,4096,2208.77
32,256,16,8192,5442.2
32,256,16,16384,11042.2
32,256,32,16,151.926
32,256,32,32,155.541
32,256,32,64,159.168
32,256,32,128,236.917
32,256,32,256,336.106
32,256,32,512,565.505
32,256,32,1024,1278.97
32,256,32,2048,3014.87
32,256,32,4096,6407.22
32,256,32,8192,13126.4
32,256,32,16384,26311.5
32,256,64,16,278.784
32,256,64,32,285.889
32,256,64,64,292.16
32,256,64,128,462.613
32,256,64,256,868.023
32,256,64,512,1859.31
32,256,64,1024,3644.88
32,256,64,2048,7277.35
32,256,64,4096,14545.9
32,256,64,8192,29085.1
32,256,64,16384,58249.6
32,256,128,16,538.721
32,256,128,32,556.875
32,256,128,64,567.776
32,256,128,128,1032.76
32,256,128,256,1926.22
32,256,128,512,3761.77
32,256,128,1024,7398.22
32,256,128,2048,14743.2
32,256,128,4096,29361.6
32,256,128,8192,58665
32,256,128,16384,117219
32,512,0,0,27.52
32,512,1,16,38.1443
32,512,1,32,38.5493
32,512,1,64,38.603
32,512,1,128,44.96
32,512,1,256,45.6107
32,512,1,512,47.8933
32,512,1,1024,73.4617
32,512,1,2048,107.947
32,512,1,4096,163.584
32,512,1,8192,276.213
32,512,1,16384,500.811
32,512,2,16,43.9573
32,512,2,32,44.2663
32,512,2,64,44.2987
32,512,2,128,46.4217
32,512,2,256,52.939
32,512,2,512,66.581
32,512,2,1024,95.6267
32,512,2,2048,152.118
32,512,2,4096,264.448
32,512,2,8192,491.243
32,512,2,16384,954.176
32,512,4,16,51.7867
32,512,4,32,51.9043
32,512,4,64,52.299
32,512,4,128,62.5493
32,512,4,256,72.2453
32,512,4,512,87.0287
32,512,4,1024,141.301
32,512,4,2048,252.917
32,512,4,4096,481.985
32,512,4,8192,945.719
32,512,4,16384,1851.2
32,512,8,16,69.1413
32,512,8,32,69.696
32,512,8,64,70.5917
32,512,8,128,89.0347
32,512,8,256,109.749
32,512,8,512,146.368
32,512,8,1024,243.509
32,512,8,2048,447.691
32,512,8,4096,892.876
32,512,8,8192,1872.25
32,512,8,16384,4018.38
32,512,16,16,100.533
32,512,16,32,102.293
32,512,16,64,103.883
32,512,16,128,142.453
32,512,16,256,185.066
32,512,16,512,265.974
32,512,16,1024,468.416
32,512,16,2048,1111.64
32,512,16,4096,2515.98
32,512,16,8192,5651.02
32,512,16,16384,11406.4
32,512,32,16,163.253
32,512,32,32,167.125
32,512,32,64,170.475
32,512,32,128,248.747
32,512,32,256,341.376
32,512,32,512,569.942
32,512,32,1024,1376.02
32,512,32,2048,3200.58
32,512,32,4096,6702.48
32,512,32,8192,13341.1
32,512,32,16384,26594.3
32,512,64,16,291.061
32,512,64,32,297.195
32,512,64,64,303.606
32,512,64,128,472.139
32,512,64,256,900.96
32,512,64,512,1858.6
32,512,64,1024,3664.09
32,512,64,2048,7326.84
32,512,64,4096,14584.9
32,512,64,8192,29149.8
32,512,64,16384,58194.3
32,512,128,16,557.068
32,512,128,32,560.95
32,512,128,64,578.251
32,512,128,128,1057.28
32,512,128,256,1937.32
32,512,128,512,3776.1
32,512,128,1024,7418.61
32,512,128,2048,14780.7
32,512,128,4096,29367.8
32,512,128,8192,58687.9
32,512,128,16384,117213
32,1024,0,0,41.835
32,1024,1,16,52.107
32,1024,1,32,52.3517
32,1024,1,64,52.544
32,1024,1,128,58.5387
32,1024,1,256,65.9203
32,1024,1,512,73.6213
32,1024,1,1024,76.8533
32,1024,1,2048,129.664
32,1024,1,4096,192.192
32,1024,1,8192,304.694
32,1024,1,16384,524.875
32,1024,2,16,58.0693
32,1024,2,32,58.539
32,1024,2,64,58.6137
32,1024,2,128,67.744
32,1024,2,256,74.1977
32,1024,2,512,81.3547
32,1024,2,1024,108.565
32,1024,2,2048,167.626
32,1024,2,4096,283.253
32,1024,2,8192,504.929
32,1024,2,16384,961.942
32,1024,4,16,73.419
32,1024,4,32,73.888
32,1024,4,64,73.184
32,1024,4,128,83.392
32,1024,4,256,91.7227
32,1024,4,512,114.411
32,1024,4,1024,145.408
32,1024,4,2048,254.667
32,1024,4,4096,481.248
32,1024,4,8192,964.565
32,1024,4,16384,1928.62
32,1024,8,16,89.4613
32,1024,8,32,90.133
32,1024,8,64,91.157
32,1024,8,128,110.859
32,1024,8,256,130.272
32,1024,8,512,173.504
32,1024,8,1024,247.051
32,1024,8,2048,445.6
32,1024,8,4096,962.51
32,1024,8,8192,2133.23
32,1024,8,16384,4386.74
32,1024,16,16,121.205
32,1024,16,32,122.443
32,1024,16,64,124.949
32,1024,16,128,164.544
32,1024,16,256,209.056
32,1024,16,512,292.502
32,1024,16,1024,462.582
32,1024,16,2048,1000.47
32,1024,16,4096,2748.66
32,1024,16,8192,5861.99
32,1024,16,16384,12155.9
32,1024,32,16,186.902
32,1024,32,32,191.051
32,1024,32,64,194.475
32,1024,32,128,272.022
32,1024,32,256,366.144
32,1024,32,512,595.158
32,1024,32,1024,1189.56
32,1024,32,2048,3231.68
32,1024,32,4096,6755.16
32,1024,32,8192,13548.1
32,1024,32,16384,26872.2
32,1024,64,16,314.955
32,1024,64,32,321.558
32,1024,64,64,327.062
32,1024,64,128,495.926
32,1024,64,256,945.1
32,1024,64,512,1903.95
32,1024,64,1024,3654.6
32,1024,64,2048,7334.79
32,1024,64,4096,14556.9
32,1024,64,8192,29111.9
32,1024,64,16384,58276.1
32,1024,128,16,572.502
32,1024,128,32,583.254
32,1024,128,64,610.21
32,1024,128,128,1087.16
32,1024,128,256,1966.17
32,1024,128,512,3805.89
32,1024,128,1024,7443.8
32,1024,128,2048,14799.5
32,1024,128,4096,29399.4
32,1024,128,8192,58705.6
32,1024,128,16384,117258
32,2048,0,0,70.571
32,2048,1,16,79.6907
32,2048,1,32,80.6607
32,2048,1,64,80.1067
32,2048,1,128,86.4533
32,2048,1,256,94.176
32,2048,1,512,107.744
32,2048,1,1024,130.251
32,2048,1,2048,135.552
32,2048,1,4096,242.187
32,2048,1,8192,366.998
32,2048,1,16384,605.686
32,2048,2,16,86.41
32,2048,2,32,86.8163
32,2048,2,64,86.9337
32,2048,2,128,96.128
32,2048,2,256,106.72
32,2048,2,512,127.392
32,2048,2,1024,137.846
32,2048,2,2048,194.517
32,2048,2,4096,314.091
32,2048,2,8192,550.699
32,2048,2,16384,1012.36
32,2048,4,16,101.824
32,2048,4,32,102.219
32,2048,4,64,102.304
32,2048,4,128,121.962
32,2048,4,256,132.235
32,2048,4,512,150.251
32,2048,4,1024,199.563
32,2048,4,2048,262.208
32,2048,4,4096,486.57
32,2048,4,8192,969.173
32,2048,4,16384,1962.16
32,2048,8,16,128.704
32,2048,8,32,129.771
32,2048,8,64,130.368
32,2048,8,128,149.888
32,2048,8,256,178.646
32,2048,8,512,210.646
32,2048,8,1024,302.869
32,2048,8,2048,449.568
32,2048,8,4096,885.208
32,2048,8,8192,2353.56
32,2048,8,16384,4453.37
32,2048,16,16,164.022
32,2048,16,32,166.133
32,2048,16,64,167.403
32,2048,16,128,208.885
32,2048,16,256,253.718
32,2048,16,512,343.605
32,2048,16,1024,516.875
32,2048,16,2048,862.358
32,2048,16,4096,2736.64
32,2048,16,8192,6088.53
32,2048,16,16384,12074.7
32,2048,32,16,230.454
32,2048,32,32,233.995
32,2048,32,64,236.875
32,2048,32,128,317.184
32,2048,32,256,417.442
32,2048,32,512,685.611
32,2048,32,1024,1332.21
32,2048,32,2048,3051.55
32,2048,32,4096,6814.99
32,2048,32,8192,13503.1
32,2048,32,16384,26914.6
32,2048,64,16,360.32
32,2048,64,32,367.446
32,2048,64,64,371.797
32,2048,64,128,543.873
32,2048,64,256,1052.63
32,2048,64,512,1980.25
32,2048,64,1024,3730.14
32,2048,64,2048,7374.82
32,2048,64,4096,14674.5
32,2048,64,8192,29293.7
32,2048,64,16384,58341.2
32,2048,128,16,617.857
32,2048,128,32,630.316
32,2048,128,64,650.539
32,2048,128,128,1170.24
32,2048,128,256,2043.48
32,2048,128,512,3880.79
32,2048,128,1024,7506.66
32,2048,128,2048,14839.7
32,2048,128,4096,29454
32,2048,128,8192,58773.7
32,2048,128,16384,117320
32,4096,0,0,127.914
32,4096,1,16,135.499
32,4096,1,32,136.512
32,4096,1,64,136.374
32,4096,1,128,142.603
32,4096,1,256,150.613
32,4096,1,512,163.819
32,4096,1,1024,192.918
32,4096,1,2048,241.514
32,4096,1,4096,252.981
32,4096,1,8192,478.465
32,4096,1,16384,715.841
32,4096,2,16,142.325
32,4096,2,32,143.947
32,4096,2,64,142.613
32,4096,2,128,152.299
32,4096,2,256,163.414
32,4096,2,512,184.129
32,4096,2,1024,226.475
32,4096,2,2048,254.913
32,4096,2,4096,365.804
32,4096,2,8192,601.409
32,4096,2,16384,1082.81
32,4096,4,16,158.315
32,4096,4,32,159.146
32,4096,4,64,159.541
32,4096,4,128,178.72
32,4096,4,256,198.891
32,4096,4,512,239.776
32,4096,4,1024,276.821
32,4096,4,2048,374.016
32,4096,4,4096,495.67
32,4096,4,8192,948.63
32,4096,4,16384,1993.25
32,4096,8,16,184.438
32,4096,8,32,186.859
32,4096,8,64,187.851
32,4096,8,128,223.371
32,4096,8,256,254.048
32,4096,8,512,300.278
32,4096,8,1024,391.244
32,4096,8,2048,559.019
32,4096,8,4096,855.382
32,4096,8,8192,2311.88
32,4096,8,16384,4783.59
32,4096,16,16,240.555
32,4096,16,32,245.535
32,4096,16,64,246.315
32,4096,16,128,292.48
32,4096,16,256,336.971
32,4096,16,512,422.774
32,4096,16,1024,620.128
32,4096,16,2048,987.136
32,4096,16,4096,2378.44
32,4096,16,8192,6045.19
32,4096,16,16384,12290
32,4096,32,16,310.806
32,4096,32,32,317.419
32,4096,32,64,319.136
32,4096,32,128,404.32
32,4096,32,256,498.987
32,4096,32,512,791.03
32,4096,32,1024,1526.66
32,4096,32,2048,3297.82
32,4096,32,4096,6768.06
32,4096,32,8192,13655
32,4096,32,16384,26947.5
32,4096,64,16,446.624
32,4096,64,32,454.412
32,4096,64,64,460.054
32,4096,64,128,638.7
32,4096,64,256,1198.47
32,4096,64,512,2143.02
32,4096,64,1024,3909.17
32,4096,64,2048,7498.75
32,4096,64,4096,14790.6
32,4096,64,8192,29323
32,4096,64,16384,58442.9
32,4096,128,16,719.915
32,4096,128,32,733.504
32,4096,128,64,750.251
32,4096,128,128,1300.69
32,4096,128,256,2204.99
32,4096,128,512,4041.31
32,4096,128,1024,7653.9
32,4096,128,2048,14963.2
32,4096,128,4096,29566.6
32,4096,128,8192,58881.5
32,4096,128,16384,117426
32,8192,0,0,243.85
32,8192,1,16,247.989
32,8192,1,32,248.203
32,8192,1,64,248.726
32,8192,1,128,253.814
32,8192,1,256,261.238
32,8192,1,512,275.157
32,8192,1,1024,303.861
32,8192,1,2048,368.299
32,8192,1,4096,481.333
32,8192,1,8192,489.441
32,8192,1,16384,937.813
32,8192,2,16,255.37
32,8192,2,32,255.467
32,8192,2,64,256.139
32,8192,2,128,265.334
32,8192,2,256,275.84
32,8192,2,512,296.363
32,8192,2,1024,338.272
32,8192,2,2048,425.728
32,8192,2,4096,485.951
32,8192,2,8192,708.096
32,8192,2,16384,1191.59
32,8192,4,16,271.04
32,8192,4,32,271.424
32,8192,4,64,272.278
32,8192,4,128,291.062
32,8192,4,256,311.361
32,8192,4,512,353.227
32,8192,4,1024,435.061
32,8192,4,2048,538.454
32,8192,4,4096,715.489
32,8192,4,8192,958.582
32,8192,4,16384,1926.25
32,8192,8,16,297.834
32,8192,8,32,299.307
32,8192,8,64,300.416
32,8192,8,128,335.873
32,8192,8,256,375.712
32,8192,8,512,452.054
32,8192,8,1024,542.389
32,8192,8,2048,732.608
32,8192,8,4096,1074.69
32,8192,8,8192,1669.05
32,8192,8,16384,4723.54
32,8192,16,16,357.313
32,8192,16,32,359.232
32,8192,16,64,362.176
32,8192,16,128,437.152
32,8192,16,256,496.715
32,8192,16,512,601.878
32,8192,16,1024,827.787
32,8192,16,2048,1225.04
32,8192,16,4096,2525.58
32,8192,16,8192,5799.18
32,8192,16,16384,12309.3
32,8192,32,16,467.552
32,8192,32,32,475.744
32,8192,32,64,480.619
32,8192,32,128,572.715
32,8192,32,256,704.107
32,8192,32,512,1054.09
32,8192,32,1024,1865.03
32,8192,32,2048,3574.35
32,8192,32,4096,7071.74
32,8192,32,8192,13578.6
32,8192,32,16384,27425.2
32,8192,64,16,614.155
32,8192,64,32,625.697
32,8192,64,64,627.382
32,8192,64,128,883.713
32,8192,64,256,1444.43
32,8192,64,512,2347.55
32,8192,64,1024,4304.6
32,8192,64,2048,7828.1
32,8192,64,4096,15003.7
32,8192,64,8192,29515.6
32,8192,64,16384,58716.6
32,8192,128,16,902.348
32,8192,128,32,912.054
32,8192,128,64,990.625
32,8192,128,128,1528.22
32,8192,128,256,2464.89
32,8192,128,512,4349.56
32,8192,128,1024,7986.93
32,8192,128,2048,15265.5
32,8192,128,4096,29789.6
32,8192,128,8192,59113.5
32,8192,128,16384,117648
32,16384,0,0,477.334
32,16384,1,16,479.328
32,16384,1,32,479.222
32,16384,1,64,479.435
32,16384,1,128,480.832
32,16384,1,256,484.619
32,16384,1,512,500.64
32,16384,1,1024,526.155
32,16384,1,2048,608.726
32,16384,1,4096,718.166
32,16384,1,8192,941.036
32,16384,1,16384,965.483
32,16384,2,16,479.702
32,16384,2,32,480.587
32,16384,2,64,482.262
32,16384,2,128,490.721
32,16384,2,256,502.155
32,16384,2,512,522.432
32,16384,2,1024,563.605
32,16384,2,2048,664.545
32,16384,2,4096,827.19
32,16384,2,8192,947.564
32,16384,2,16384,1398.16
32,16384,4,16,495.51
32,16384,4,32,496.288
32,16384,4,64,498.41
32,16384,4,128,516.384
32,16384,4,256,538.443
32,16384,4,512,578.783
32,16384,4,1024,666.689
32,16384,4,2048,838.209
32,16384,4,4096,1063.26
32,16384,4,8192,1401.45
32,16384,4,16384,1958.94
32,16384,8,16,524.108
32,16384,8,32,527.456
32,16384,8,64,527.627
32,16384,8,128,564.565
32,16384,8,256,604.107
32,16384,8,512,676.171
32,16384,8,1024,839.318
32,16384,8,2048,1068.06
32,16384,8,4096,1437.02
32,16384,8,8192,2332.45
32,16384,8,16384,4209.12
32,16384,16,16,583.2
32,16384,16,32,587.264
32,16384,16,64,586.241
32,16384,16,128,662.646
32,16384,16,256,745.728
32,16384,16,512,919.937
32,16384,16,1024,1216.98
32,16384,16,2048,1820.85
32,16384,16,4096,3378.57
32,16384,16,8192,6558.37
32,16384,16,16384,12046.2
32,16384,32,16,700.353
32,16384,32,32,704.576
32,16384,32,64,709.292
32,16384,32,128,880.502
32,16384,32,256,1114.71
32,16384,32,512,1483.53
32,16384,32,1024,2308.47
32,16384,32,2048,4075.26
32,16384,32,4096,7594.14
32,16384,32,8192,14292.7
32,16384,32,16384,27453.4
32,16384,64,16,963.489
32,16384,64,32,983.362
32,16384,64,64,1010.67
32,16384,64,128,1284.09
32,16384,64,256,1846.97
32,16384,64,512,2831.24
32,16384,64,1024,4768.58
32,16384,64,2048,8450.62
32,16384,64,4096,15666.1
32,16384,64,8192,29996.6
32,16384,64,16384,59083.9
32,16384,128,16,1277.41
32,16384,128,32,1316.13
32,16384,128,64,1427.96
32,16384,128,128,1866.91
32,16384,128,256,2974.85
32,16384,128,512,4944.18
32,16384,128,1024,8614.69
32,16384,128,2048,15917.8
32,16384,128,4096,30394.7
32,16384,128,8192,59563.8
32,16384,128,16384,118084
64,0,0,0,13.707
64,0,1,16,19.1893
64,0,1,32,19.3487
64,0,1,64,19.6267
64,0,1,128,23.4783
64,0,1,256,30.965
64,0,1,512,38.944
64,0,1,1024,52.7147
64,0,1,2048,80.63
64,0,1,4096,136.277
64,0,1,8192,247.435
64,0,1,16384,475.872
64,0,2,16,24.5007
64,0,2,32,24.81
64,0,2,64,24.8533
64,0,2,128,30.2187
64,0,2,256,37.92
64,0,2,512,52.0107
64,0,2,1024,81.0453
64,0,2,2048,137.206
64,0,2,4096,251.851
64,0,2,8192,482.241
64,0,2,16384,949.538
64,0,4,16,30.1437
64,0,4,32,30.6237
64,0,4,64,30.9013
64,0,4,128,41.3443
64,0,4,256,55.5413
64,0,4,512,83.6057
64,0,4,1024,139.318
64,0,4,2048,253.569
64,0,4,4096,481.761
64,0,4,8192,930.455
64,0,4,16384,1844.35
64,0,8,16,45.7387
64,0,8,32,46.5387
64,0,8,64,47.3813
64,0,8,128,68.053
64,0,8,256,93.2053
64,0,8,512,141.867
64,0,8,1024,241.536
64,0,8,2048,442.474
64,0,8,4096,839.232
64,0,8,8192,1648.83
64,0,8,16384,3857.4
64,0,16,16,77.28
64,0,16,32,78.9227
64,0,16,64,80.79
64,0,16,128,121.867
64,0,16,256,167.743
64,0,16,512,259.723
64,0,16,1024,459.233
64,0,16,2048,849.985
64,0,16,4096,1926.38
64,0,16,8192,4893.35
64,0,16,16384,11066.6
64,0,32,16,143.307
64,0,32,32,146.923
64,0,32,64,149.963
64,0,32,128,231.585
64,0,32,256,326.091
64,0,32,512,585.665
64,0,32,1024,1159.73
64,0,32,2048,2784.99
64,0,32,4096,6314.19
64,0,32,8192,13057.1
64,0,32,16384,26399.3
64,0,64,16,271.435
64,0,64,32,278.721
64,0,64,64,284.939
64,0,64,128,458.338
64,0,64,256,852.438
64,0,64,512,1837.24
64,0,64,1024,3592.94
64,0,64,2048,7275.51
64,0,64,4096,14521.2
64,0,64,8192,29102
64,0,64,16384,58112.9
64,0,128,16,537.088
64,0,128,32,550.273
64,0,128,64,572.321
64,0,128,128,1032.08
64,0,128,256,1912.14
64,0,128,512,3754.7
64,0,128,1024,7396.35
64,0,128,2048,14763.4
64,0,128,4096,29344.3
64,0,128,8192,58651.9
64,0,128,16384,117189
64,16,0,0,13.7177
64,16,1,16,19.3707
64,16,1,32,19.5947
64,16,1,64,19.659
64,16,1,128,23.595
64,16,1,256,30.9863
64,16,1,512,38.9437
64,16,1,1024,52.928
64,16,1,2048,80.8213
64,16,1,4096,137.045
64,16,1,8192,247.456
64,16,1,16384,476.044
64,16,2,16,24.7787
64,16,2,32,24.9813
64,16,2,64,25.2373
64,16,2,128,30.1867
64,16,2,256,37.9733
64,16,2,512,52.2987
64,16,2,1024,81.0673
64,16,2,2048,137.557
64,16,2,4096,251.861
64,16,2,8192,483.36
64,16,2,16384,948.385
64,16,4,16,30.4107
64,16,4,32,30.827
64,16,4,64,31.2213
64,16,4,128,41.3337
64,16,4,256,55.8293
64,16,4,512,83.723
64,16,4,1024,139.499
64,16,4,2048,253.643
64,16,4,4096,480.768
64,16,4,8192,931.32
64,16,4,16384,1839.91
64,16,8,16,46.1013
64,16,8,32,46.784
64,16,8,64,47.7653
64,16,8,128,68.064
64,16,8,256,93.3227
64,16,8,512,142.25
64,16,8,1024,241.013
64,16,8,2048,444.523
64,16,8,4096,840.746
64,16,8,8192,1639.97
64,16,8,16384,3838.68
64,16,16,16,77.4937
64,16,16,32,79.2327
64,16,16,64,81.1947
64,16,16,128,122.016
64,16,16,256,168.587
64,16,16,512,260.117
64,16,16,1024,457.408
64,16,16,2048,845.91
64,16,16,4096,2041.47
64,16,16,8192,5074.96
64,16,16,16384,11146.5
64,16,32,16,143.467
64,16,32,32,147.157
64,16,32,64,150.198
64,16,32,128,231.724
64,16,32,256,326.624
64,16,32,512,575.424
64,16,32,1024,1147.64
64,16,32,2048,2828.97
64,16,32,4096,6388.28
64,16,32,8192,13053.3
64,16,32,16384,25995.8
64,16,64,16,271.691
64,16,64,32,278.698
64,16,64,64,285.419
64,16,64,128,458.167
64,16,64,256,845.473
64,16,64,512,1848.27
64,16,64,1024,3605.25
64,16,64,2048,7287.55
64,16,64,4096,14559.4
64,16,64,8192,29081.3
64,16,64,16384,57969.7
64,16,128,16,537.452
64,16,128,32,555.18
64,16,128,64,571.841
64,16,128,128,1037.8
64,16,128,256,1918.92
64,16,128,512,3755.44
64,16,128,1024,7395.61
64,16,128,2048,14740.4
64,16,128,4096,29432.4
64,16,128,8192,58657.6
64,16,128,16384,117213
64,32,0,0,13.835
64,32,1,16,19.5627
64,32,1,32,19.5413
64,32,1,64,19.8613
64,32,1,128,23.552
64,32,1,256,31.0717
64,32,1,512,39.0827
64,32,1,1024,53.099
64,32,1,2048,80.811
64,32,1,4096,136.8
64,32,1,8192,250.24
64,32,1,16384,475.435
64,32,2,16,24.672
64,32,2,32,25.1413
64,32,2,64,25.291
64,32,2,128,30.251
64,32,2,256,37.984
64,32,2,512,52.427
64,32,2,1024,80.992
64,32,2,2048,137.515
64,32,2,4096,251.435
64,32,2,8192,482.571
64,32,2,16384,948.885
64,32,4,16,30.624
64,32,4,32,30.9973
64,32,4,64,31.456
64,32,4,128,41.5463
64,32,4,256,55.926
64,32,4,512,83.5307
64,32,4,1024,139.552
64,32,4,2048,253.622
64,32,4,4096,482.934
64,32,4,8192,933.215
64,32,4,16384,1837.06
64,32,8,16,46.272
64,32,8,32,47.104
64,32,8,64,48.0107
64,32,8,128,68.1067
64,32,8,256,93.3333
64,32,8,512,142.336
64,32,8,1024,241.408
64,32,8,2048,443.468
64,32,8,4096,839.67
64,32,8,8192,1654.16
64,32,8,16384,3801.34
64,32,16,16,77.8137
64,32,16,32,79.6803
64,32,16,64,81.344
64,32,16,128,121.877
64,32,16,256,168.299
64,32,16,512,259.989
64,32,16,1024,460.256
64,32,16,2048,850.188
64,32,16,4096,1835.21
64,32,16,8192,5076.99
64,32,16,16384,10922.3
64,32,32,16,143.179
64,32,32,32,147.253
64,32,32,64,150.219
64,32,32,128,231.638
64,32,32,256,326.71
64,32,32,512,586.273
64,32,32,1024,1136.12
64,32,32,2048,2818.99
64,32,32,4096,6398.61
64,32,32,8192,13120.6
64,32,32,16384,26571.2
64,32,64,16,271.776
64,32,64,32,278.891
64,32,64,64,285.248
64,32,64,128,458.112
64,32,64,256,857.568
64,32,64,512,1849.77
64,32,64,1024,3607.98
64,32,64,2048,7272.43
64,32,64,4096,14560.5
64,32,64,8192,29078.3
64,32,64,16384,58085.3
64,32,128,16,537.718
64,32,128,32,552.939
64,32,128,64,565.782
64,32,128,128,1031
64,32,128,256,1916.63
64,32,128,512,3756.55
64,32,128,1024,7397.3
64,32,128,2048,14758.7
64,32,128,4096,29350.7
64,32,128,8192,58652.3
64,32,128,16384,117196
64,64,0,0,13.9947
64,64,1,16,19.616
64,64,1,32,19.744
64,64,1,64,19.946
64,64,1,128,23.552
64,64,1,256,31.008
64,64,1,512,39.4347
64,64,1,1024,53.056
64,64,1,2048,80.7893
64,64,1,4096,136.544
64,64,1,8192,248.768
64,64,1,16384,476.31
64,64,2,16,24.704
64,64,2,32,25.1523
64,64,2,64,25.4393
64,64,2,128,30.56
64,64,2,256,38.1547
64,64,2,512,52.5123
64,64,2,1024,81.2053
64,64,2,2048,136.512
64,64,2,4096,252.299
64,64,2,8192,481.526
64,64,2,16384,946.913
64,64,4,16,30.9653
64,64,4,32,31.3497
64,64,4,64,31.616
64,64,4,128,41.6213
64,64,4,256,56.0633
64,64,4,512,83.52
64,64,4,1024,139.456
64,64,4,2048,254.176
64,64,4,4096,482.166
64,64,4,8192,930.315
64,64,4,16384,1838.06
64,64,8,16,46.7413
64,64,8,32,47.52
64,64,8,64,48.4797
64,64,8,128,68.288
64,64,8,256,93.7817
64,64,8,512,142.528
64,64,8,1024,241.803
64,64,8,2048,443.008
64,64,8,4096,841.238
64,64,8,8192,1650.98
64,64,8,16384,3783.43
64,64,16,16,78.432
64,64,16,32,80.267
64,64,16,64,81.9307
64,64,16,128,121.973
64,64,16,256,168.523
64,64,16,512,260.427
64,64,16,1024,459.008
64,64,16,2048,849.036
64,64,16,4096,1862.88
64,64,16,8192,4905.95
64,64,16,16384,11041
64,64,32,16,143.552
64,64,32,32,147.158
64,64,32,64,150.368
64,64,32,128,232
64,64,32,256,326.688
64,64,32,512,580.533
64,64,32,1024,1145.39
64,64,32,2048,2850.55
64,64,32,4096,6430.13
64,64,32,8192,13102.5
64,64,32,16384,26242.3
64,64,64,16,271.947
64,64,64,32,279.019
64,64,64,64,285.654
64,64,64,128,458.219
64,64,64,256,859.595
64,64,64,512,1848.72
64,64,64,1024,3614.38
64,64,64,2048,7253.59
64,64,64,4096,14555.4
64,64,64,8192,29116.8
64,64,64,16384,58172.5
64,64,128,16,538.699
64,64,128,32,553.11
64,64,128,64,567.542
64,64,128,128,1041.25
64,64,128,256,1914.15
64,64,128,512,3759.92
64,64,128,1024,7396.16
64,64,128,2048,14743.8
64,64,128,4096,29352.8
64,64,128,8192,58662.7
64,64,128,16384,117187
64,128,0,0,17.483
64,128,1,16,25.3123
64,128,1,32,25.4293
64,128,1,64,25.4187
64,128,1,128,26.5707
64,128,1,256,31.1253
64,128,1,512,45.344
64,128,1,1024,60.5013
64,128,1,2048,88.832
64,128,1,4096,143.797
64,128,1,8192,257.216
64,128,1,16384,479.82
64,128,2,16,28.5547
64,128,2,32,28.8433
64,128,2,64,28.96
64,128,2,128,34.8693
64,128,2,256,41.2583
64,128,2,512,56.2453
64,128,2,1024,85.0457
64,128,2,2048,141.174
64,128,2,4096,254.987
64,128,2,8192,483.702
64,128,2,16384,949.271
64,128,4,16,37.5147
64,128,4,32,37.6003
64,128,4,64,37.824
64,128,4,128,44.1067
64,128,4,256,56.2453
64,128,4,512,84.3203
64,128,4,1024,139.392
64,128,4,2048,252.565
64,128,4,4096,483.84
64,128,4,8192,936.224
64,128,4,16384,1834.06
64,128,8,16,52.9917
64,128,8,32,53.5893
64,128,8,64,54.336
64,128,8,128,70.7097
64,128,8,256,94.0693
64,128,8,512,142.88
64,128,8,1024,241.237
64,128,8,2048,442.058
64,128,8,4096,842.902
64,128,8,8192,1660.77
64,128,8,16384,3785.7
64,128,16,16,84.5333
64,128,16,32,85.9837
64,128,16,64,87.6803
64,128,16,128,125.217
64,128,16,256,169.547
64,128,16,512,260.843
64,128,16,1024,472.001
64,128,16,2048,908.214
64,128,16,4096,2121.98
64,128,16,8192,5099.2
64,128,16,16384,11251.5
64,128,32,16,147.594
64,128,32,32,151.157
64,128,32,64,154.23
64,128,32,128,235.563
64,128,32,256,332.801
64,128,32,512,581.505
64,128,32,1024,1240.13
64,128,32,2048,2856.96
64,128,32,4096,6431.94
64,128,32,8192,13093.7
64,128,32,16384,26165.9
64,128,64,16,274.806
64,128,64,32,281.76
64,128,64,64,288.064
64,128,64,128,462.934
64,128,64,256,863.383
64,128,64,512,1858.83
64,128,64,1024,3629.82
64,128,64,2048,7258.76
64,128,64,4096,14574.5
64,128,64,8192,29087.4
64,128,64,16384,58184.1
64,128,128,16,540.469
64,128,128,32,558.315
64,128,128,64,569.419
64,128,128,128,1035.87
64,128,128,256,1922
64,128,128,512,3761.65
64,128,128,1024,7398.75
64,128,128,2048,14739.6
64,128,128,4096,29351.3
64,128,128,8192,58638.2
64,128,128,16384,117196
64,256,0,0,20.9067
64,256,1,16,31.3923
64,256,1,32,31.5737
64,256,1,64,31.9463
64,256,1,128,32.768
64,256,1,256,34.144
64,256,1,512,45.055
64,256,1,1024,68.1917
64,256,1,2048,95.552
64,256,1,4096,151.691
64,256,1,8192,264.149
64,256,1,16384,485.931
64,256,2,16,33.227
64,256,2,32,32.8113
64,256,2,64,33.195
64,256,2,128,38.976
64,256,2,256,45.9523
64,256,2,512,59.7333
64,256,2,1024,88.9387
64,256,2,2048,145.344
64,256,2,4096,260.278
64,256,2,8192,485.355
64,256,2,16384,950.172
64,256,4,16,42.656
64,256,4,32,43.1033
64,256,4,64,43.5417
64,256,4,128,51.1467
64,256,4,256,59.0187
64,256,4,512,84.416
64,256,4,1024,139.936
64,256,4,2048,252.096
64,256,4,4096,480.854
64,256,4,8192,937.921
64,256,4,16384,1848.74
64,256,8,16,57.984
64,256,8,32,58.9657
64,256,8,64,60.0317
64,256,8,128,77.7813
64,256,8,256,96.5973
64,256,8,512,143.734
64,256,8,1024,241.696
64,256,8,2048,443.756
64,256,8,4096,853.942
64,256,8,8192,1735.51
64,256,8,16384,4005.37
64,256,16,16,89.5467
64,256,16,32,91.1047
64,256,16,64,93.1523
64,256,16,128,131.349
64,256,16,256,173.067
64,256,16,512,261.708
64,256,16,1024,488.064
64,256,16,2048,965.644
64,256,16,4096,2286.15
64,256,16,8192,5268.45
64,256,16,16384,10974.1
64,256,32,16,152.992
64,256,32,32,156.533
64,256,32,64,159.925
64,256,32,128,238.421
64,256,32,256,337.526
64,256,32,512,568.299
64,256,32,1024,1315.55
64,256,32,2048,2924.46
64,256,32,4096,6458.44
64,256,32,8192,13210
64,256,32,16384,26457
64,256,64,16,280.277
64,256,64,32,287.254
64,256,64,64,293.323
64,256,64,128,464.694
64,256,64,256,855.223
64,256,64,512,1863.1
64,256,64,1024,3655.28
64,256,64,2048,7282.83
64,256,64,4096,14540.3
64,256,64,8192,29150
64,256,64,16384,58168.6
64,256,128,16,543.98
64,256,128,32,558.827
64,256,128,64,576.939
64,256,128,128,1054.1
64,256,128,256,1932.75
64,256,128,512,3769.9
64,256,128,1024,7407.79
64,256,128,2048,14754.1
64,256,128,4096,29363.6
64,256,128,8192,58672.8
64,256,128,16384,117294
64,512,0,0,27.9787
64,512,1,16,38.486
64,512,1,32,38.9123
64,512,1,64,39.0933
64,512,1,128,45.2693
64,512,1,256,46.6453
64,512,1,512,48.768
64,512,1,1024,73.7173
64,512,1,2048,109.675
64,512,1,4096,165.472
64,512,1,8192,277.355
64,512,1,16384,499.712
64,512,2,16,44.4267
64,512,2,32,44.9497
64,512,2,64,45.1947
64,512,2,128,47.488
64,512,2,256,53.1943
64,512,2,512,67.3813
64,512,2,1024,96.32
64,512,2,2048,152.449
64,512,2,4096,265.824
64,512,2,8192,488.438
64,512,2,16384,953.196
64,512,4,16,52.8747
64,512,4,32,52.6613
64,512,4,64,52.8743
64,512,4,128,62.848
64,512,4,256,72.7147
64,512,4,512,87.264
64,512,4,1024,141.643
64,512,4,2048,252.149
64,512,4,4096,483.318
64,512,4,8192,944.343
64,512,4,16384,1859.76
64,512,8,16,69.8347
64,512,8,32,70.5067
64,512,8,64,71.2323
64,512,8,128,89.632
64,512,8,256,110.741
64,512,8,512,146.667
64,512,8,1024,243.136
64,512,8,2048,447.84
64,512,8,4096,904.95
64,512,8,8192,1894.67
64,512,8,16384,4090.22
64,512,16,16,101.056
64,512,16,32,102.773
64,512,16,64,104.693
64,512,16,128,142.602
64,512,16,256,185.824
64,512,16,512,267.148
64,512,16,1024,468.182
64,512,16,2048,1164.59
64,512,16,4096,2542.86
64,512,16,8192,5745.99
64,512,16,16384,11482.5
64,512,32,16,164.555
64,512,32,32,168.396
64,512,32,64,171.477
64,512,32,128,250.304
64,512,32,256,343.179
64,512,32,512,573.729
64,512,32,1024,1359.67
64,512,32,2048,3238.87
64,512,32,4096,6578.6
64,512,32,8192,13392.5
64,512,32,16384,26788.8
64,512,64,16,293.034
64,512,64,32,298.859
64,512,64,64,304.832
64,512,64,128,473.291
64,512,64,256,918.903
64,512,64,512,1861.91
64,512,64,1024,3662.89
64,512,64,2048,7344.5
64,512,64,4096,14568.9
64,512,64,8192,29132.4
64,512,64,16384,58270.5
64,512,128,16,558.273
64,512,128,32,569.218
64,512,128,64,590.87
64,512,128,128,1053.7
64,512,128,256,1946.97
64,512,128,512,3786.02
64,512,128,1024,7423.88
64,512,128,2048,14791.1
64,512,128,4096,29378.9
64,512,128,8192,58667.2
64,512,128,16384,117222
64,1024,0,0,42.3787
64,1024,1,16,52.288
64,1024,1,32,52.576
64,1024,1,64,53.0883
64,1024,1,128,59.104
64,1024,1,256,66.5177
64,1024,1,512,75.0187
64,1024,1,1024,78.7627
64,1024,1,2048,130.197
64,1024,1,4096,195.819
64,1024,1,8192,309.12
64,1024,1,16384,528.875
64,1024,2,16,58.8053
64,1024,2,32,59.4667
64,1024,2,64,59.3707
64,1024,2,128,68.3097
64,1024,2,256,75.6053
64,1024,2,512,81.888
64,1024,2,1024,109.642
64,1024,2,2048,168.588
64,1024,2,4096,284.576
64,1024,2,8192,517.964
64,1024,2,16384,966.31
64,1024,4,16,74.4107
64,1024,4,32,74.5497
64,1024,4,64,74.176
64,1024,4,128,83.616
64,1024,4,256,91.9787
64,1024,4,512,115.019
64,1024,4,1024,145.856
64,1024,4,2048,254.646
64,1024,4,4096,484.001
64,1024,4,8192,967.873
64,1024,4,16384,1938.87
64,1024,8,16,90.1763
64,1024,8,32,90.848
64,1024,8,64,92.0427
64,1024,8,128,111.072
64,1024,8,256,130.891
64,1024,8,512,174.368
64,1024,8,1024,248.086
64,1024,8,2048,445.036
64,1024,8,4096,950.839
64,1024,8,8192,2143.92
64,1024,8,16384,4410.14
64,1024,16,16,122.4
64,1024,16,32,123.594
64,1024,16,64,125.27
64,1024,16,128,164.789
64,1024,16,256,209.813
64,1024,16,512,294.475
64,1024,16,1024,463.297
64,1024,16,2048,993.281
64,1024,16,4096,2761.32
64,1024,16,8192,6001.83
64,1024,16,16384,12138.8
64,1024,32,16,188.054
64,1024,32,32,191.957
64,1024,32,64,194.752
64,1024,32,128,273.781
64,1024,32,256,368.513
64,1024,32,512,595.702
64,1024,32,1024,1168.05
64,1024,32,2048,3236.52
64,1024,32,4096,6760.7
64,1024,32,8192,13546.2
64,1024,32,16384,27370.3
64,1024,64,16,315.787
64,1024,64,32,322.069
64,1024,64,64,328.395
64,1024,64,128,498.252
64,1024,64,256,959.148
64,1024,64,512,1906.07
64,1024,64,1024,3675.82
64,1024,64,2048,7373.72
64,1024,64,4096,14579.6
64,1024,64,8192,29204.1
64,1024,64,16384,58333.9
64,1024,128,16,584.15
64,1024,128,32,589.537
64,1024,128,64,607.041
64,1024,128,128,1102.24
64,1024,128,256,1973.93
64,1024,128,512,3814.93
64,1024,128,1024,7451.63
64,1024,128,2048,14804.4
64,1024,128,4096,29409.5
64,1024,128,8192,58717.7
64,1024,128,16384,117252
64,2048,0,0,71.1363
64,2048,1,16,80.832
64,2048,1,32,81.3973
64,2048,1,64,80.832
64,2048,1,128,87.2533
64,2048,1,256,94.2507
64,2048,1,512,108.341
64,2048,1,1024,131.552
64,2048,1,2048,137.579
64,2048,1,4096,242.155
64,2048,1,8192,371.211
64,2048,1,16384,608.033
64,2048,2,16,86.7627
64,2048,2,32,87.1893
64,2048,2,64,87.9253
64,2048,2,128,96.4047
64,2048,2,256,107.275
64,2048,2,512,128.769
64,2048,2,1024,138.891
64,2048,2,2048,195.755
64,2048,2,4096,316.065
64,2048,2,8192,551.691
64,2048,2,16384,1025.64
64,2048,4,16,102.379
64,2048,4,32,102.251
64,2048,4,64,103.061
64,2048,4,128,122.134
64,2048,4,256,132.427
64,2048,4,512,150.528
64,2048,4,1024,201.014
64,2048,4,2048,262.411
64,2048,4,4096,486.251
64,2048,4,8192,962.742
64,2048,4,16384,1981.49
64,2048,8,16,129.355
64,2048,8,32,130.091
64,2048,8,64,131.211
64,2048,8,128,149.813
64,2048,8,256,178.698
64,2048,8,512,211.638
64,2048,8,1024,304.416
64,2048,8,2048,450.134
64,2048,8,4096,896.012
64,2048,8,8192,2186.22
64,2048,8,16384,4482.11
64,2048,16,16,164.757
64,2048,16,32,166.87
64,2048,16,64,168.277
64,2048,16,128,210.155
64,2048,16,256,254.219
64,2048,16,512,344.566
64,2048,16,1024,515.798
64,2048,16,2048,867.532
64,2048,16,4096,2680.24
64,2048,16,8192,6037.08
64,2048,16,16384,12111.9
64,2048,32,16,231.03
64,2048,32,32,234.507
64,2048,32,64,238.112
64,2048,32,128,318.453
64,2048,32,256,420.086
64,2048,32,512,687.617
64,2048,32,1024,1284.94
64,2048,32,2048,3125.98
64,2048,32,4096,6838.91
64,2048,32,8192,13635.1
64,2048,32,16384,26712.5
64,2048,64,16,361.45
64,2048,64,32,367.873
64,2048,64,64,374.486
64,2048,64,128,545.836
64,2048,64,256,1051.22
64,2048,64,512,1996.41
64,2048,64,1024,3752.9
64,2048,64,2048,7396.16
64,2048,64,4096,14680.4
64,2048,64,8192,29255.3
64,2048,64,16384,58322.8
64,2048,128,16,633.089
64,2048,128,32,644.598
64,2048,128,64,662.518
64,2048,128,128,1174.96
64,2048,128,256,2048.68
64,2048,128,512,3882.64
64,2048,128,1024,7509.89
64,2048,128,2048,14847.3
64,2048,128,4096,29455.3
64,2048,128,8192,58767.8
64,2048,128,16384,117332
64,4096,0,0,128.597
64,4096,1,16,135.349
64,4096,1,32,135.915
64,4096,1,64,136.565
64,4096,1,128,143.126
64,4096,1,256,151.339
64,4096,1,512,164.054
64,4096,1,1024,193.739
64,4096,1,2048,245.985
64,4096,1,4096,254.208
64,4096,1,8192,475.638
64,4096,1,16384,716.546
64,4096,2,16,143.168
64,4096,2,32,143.328
64,4096,2,64,143.36
64,4096,2,128,152.289
64,4096,2,256,163.969
64,4096,2,512,184.832
64,4096,2,1024,226.933
64,4096,2,2048,256
64,4096,2,4096,367.83
64,4096,2,8192,605.376
64,4096,2,16384,1083.6
64,4096,4,16,159.456
64,4096,4,32,160
64,4096,4,64,160.918
64,4096,4,128,178.421
64,4096,4,256,199.147
64,4096,4,512,240.022
64,4096,4,1024,278.133
64,4096,4,2048,373.195
64,4096,4,4096,495.756
64,4096,4,8192,947.052
64,4096,4,16384,2004.27
64,4096,8,16,186.517
64,4096,8,32,186.315
64,4096,8,64,188.32
64,4096,8,128,224.928
64,4096,8,256,254.23
64,4096,8,512,301.26
64,4096,8,1024,392.011
64,4096,8,2048,559.702
64,4096,8,4096,853.921
64,4096,8,8192,2249.81
64,4096,8,16384,4738.69
64,4096,16,16,241.354
64,4096,16,32,245.557
64,4096,16,64,246.656
64,4096,16,128,291.979
64,4096,16,256,336.694
64,4096,16,512,423.744
64,4096,16,1024,617.429
64,4096,16,2048,983.68
64,4096,16,4096,2221.45
64,4096,16,8192,6031.32
64,4096,16,16384,12210.3
64,4096,32,16,312.907
64,4096,32,32,317.28
64,4096,32,64,317.782
64,4096,32,128,406.912
64,4096,32,256,501.899
64,4096,32,512,802.732
64,4096,32,1024,1511.55
64,4096,32,2048,3297.93
64,4096,32,4096,6709.44
64,4096,32,8192,13783.3
64,4096,32,16384,27264.3
64,4096,64,16,448.715
64,4096,64,32,455.296
64,4096,64,64,460.513
64,4096,64,128,641.697
64,4096,64,256,1185.23
64,4096,64,512,2154.72
64,4096,64,1024,3928.45
64,4096,64,2048,7506.62
64,4096,64,4096,14782.2
64,4096,64,8192,29359.1
64,4096,64,16384,58470.3
64,4096,128,16,723.286
64,4096,128,32,742.754
64,4096,128,64,757.633
64,4096,128,128,1312.17
64,4096,128,256,2215.73
64,4096,128,512,4051.45
64,4096,128,1024,7660.14
64,4096,128,2048,14982.5
64,4096,128,4096,29578.7
64,4096,128,8192,58890.7
64,4096,128,16384,117435
64,8192,0,0,244.533
64,8192,1,16,247.254
64,8192,1,32,248.021
64,8192,1,64,248.395
64,8192,1,128,254.156
64,8192,1,256,262.187
64,8192,1,512,276.245
64,8192,1,1024,305.354
64,8192,1,2048,369.942
64,8192,1,4096,482.059
64,8192,1,8192,490.336
64,8192,1,16384,939.724
64,8192,2,16,255.595
64,8192,2,32,256.309
64,8192,2,64,257.654
64,8192,2,128,267.67
64,8192,2,256,276.907
64,8192,2,512,297.024
64,8192,2,1024,340.693
64,8192,2,2048,427.414
64,8192,2,4096,484.993
64,8192,2,8192,709.708
64,8192,2,16384,1186.01
64,8192,4,16,272.331
64,8192,4,32,272.704
64,8192,4,64,272.544
64,8192,4,128,291.243
64,8192,4,256,312.459
64,8192,4,512,352.81
64,8192,4,1024,437.067
64,8192,4,2048,542.934
64,8192,4,4096,712.266
64,8192,4,8192,960.258
64,8192,4,16384,1912.61
64,8192,8,16,299.317
64,8192,8,32,300.341
64,8192,8,64,299.882
64,8192,8,128,336.789
64,8192,8,256,376.662
64,8192,8,512,452.331
64,8192,8,1024,543.989
64,8192,8,2048,732.726
64,8192,8,4096,1074.68
64,8192,8,8192,1671.06
64,8192,8,16384,4730.61
64,8192,16,16,357.793
64,8192,16,32,360.021
64,8192,16,64,362.091
64,8192,16,128,438.23
64,8192,16,256,498.933
64,8192,16,512,599.159
64,8192,16,1024,840.224
64,8192,16,2048,1209.67
64,8192,16,4096,2466.42
64,8192,16,8192,5867.52
64,8192,16,16384,12547.3
64,8192,32,16,473.739
64,8192,32,32,476.246
64,8192,32,64,477.472
64,8192,32,128,569.709
64,8192,32,256,703.339
64,8192,32,512,1066.39
64,8192,32,1024,1828.34
64,8192,32,2048,3616.04
64,8192,32,4096,7082.82
64,8192,32,8192,13713.5
64,8192,32,16384,27412.7
64,8192,64,16,615.798
64,8192,64,32,620.065
64,8192,64,64,634.593
64,8192,64,128,882.572
64,8192,64,256,1421.31
64,8192,64,512,2419.95
64,8192,64,1024,4202.52
64,8192,64,2048,7827.43
64,8192,64,4096,15029.4
64,8192,64,8192,29442.3
64,8192,64,16384,58675.5
64,8192,128,16,896.044
64,8192,128,32,917.175
64,8192,128,64,999.713
64,8192,128,128,1564.63
64,8192,128,256,2473.55
64,8192,128,512,4366.26
64,8192,128,1024,7981.2
64,8192,128,2048,15264.4
64,8192,128,4096,29805.9
64,8192,128,8192,59095.2
64,8192,128,16384,117654
64,16384,0,0,477.888
64,16384,1,16,480.107
64,16384,1,32,480.171
64,16384,1,64,480.361
64,16384,1,128,481.63
64,16384,1,256,485.129
64,16384,1,512,500.585
64,16384,1,1024,528.158
64,16384,1,2048,608.99
64,16384,1,4096,718.248
64,16384,1,8192,941.512
64,16384,1,16384,965.661
64,16384,2,16,481.844
64,16384,2,32,480.915
64,16384,2,64,480.724
64,16384,2,128,491.006
64,16384,2,256,503.828
64,16384,2,512,523.401
64,16384,2,1024,565.075
64,16384,2,2048,665.715
64,16384,2,4096,829.288
64,16384,2,8192,950.119
64,16384,2,16384,1398.98
64,16384,4,16,496.051
64,16384,4,32,496.232
64,16384,4,64,499.433
64,16384,4,128,516.798
64,16384,4,256,537.79
64,16384,4,512,579.016
64,16384,4,1024,668.927
64,16384,4,2048,839.208
64,16384,4,4096,1064.01
64,16384,4,8192,1400.2
64,16384,4,16384,1935.37
64,16384,8,16,523.688
64,16384,8,32,527.134
64,16384,8,64,526.942
64,16384,8,128,562.985
64,16384,8,256,601.608
64,16384,8,512,677.736
64,16384,8,1024,836.284
64,16384,8,2048,1085.12
64,16384,8,4096,1427.25
64,16384,8,8192,2296.11
64,16384,8,16384,4166.5
64,16384,16,16,582.963
64,16384,16,32,584.126
64,16384,16,64,586.047
64,16384,16,128,663.539
64,16384,16,256,744.562
64,16384,16,512,921.201
64,16384,16,1024,1221.21
64,16384,16,2048,1782.69
64,16384,16,4096,3385.06
64,16384,16,8192,6481.75
64,16384,16,16384,11897.5
64,16384,32,16,699.818
64,16384,32,32,706.291
64,16384,32,64,709.171
64,16384,32,128,886.033
64,16384,32,256,1095.7
64,16384,32,512,1504.87
64,16384,32,1024,2360.57
64,16384,32,2048,4160.04
64,16384,32,4096,7692.43
64,16384,32,8192,14367.7
64,16384,32,16384,27303.9
64,16384,64,16,952.989
64,16384,64,32,976.893
64,16384,64,64,1013.95
64,16384,64,128,1320.2
64,16384,64,256,1805.82
64,16384,64,512,2915.18
64,16384,64,1024,4776.8
64,16384,64,2048,8470.06
64,16384,64,4096,15687.6
64,16384,64,8192,30008.3
64,16384,64,16384,59165.2
64,16384,128,16,1278.17
64,16384,128,32,1360.67
64,16384,128,64,1437.9
64,16384,128,128,1971.56
64,16384,128,256,2954.37
64,16384,128,512,4976.29
64,16384,128,1024,8620.37
64,16384,128,2048,15927.9
64,16384,128,4096,30413
64,16384,128,8192,59582.4
64,16384,128,16384,118112
128,0,0,0,21.2693
128,0,1,16,25.9413
128,0,1,32,26.2613
128,0,1,64,26.4747
128,0,1,128,30.1867
128,0,1,256,34.0473
128,0,1,512,45.3333
128,0,1,1024,61.2373
128,0,1,2048,88.8533
128,0,1,4096,147.082
128,0,1,8192,258.826
128,0,1,16384,489.128
128,0,2,16,30.2507
128,0,2,32,30.6667
128,0,2,64,31.2213
128,0,2,128,35.744
128,0,2,256,45.323
128,0,2,512,59.7223
128,0,2,1024,87.5947
128,0,2,2048,144.448
128,0,2,4096,256.704
128,0,2,8192,482.431
128,0,2,16384,946.013
128,0,4,16,38.2397
128,0,4,32,38.6027
128,0,4,64,38.9543
128,0,4,128,49.984
128,0,4,256,64.1917
128,0,4,512,88.608
128,0,4,1024,143.765
128,0,4,2048,259.263
128,0,4,4096,484.819
128,0,4,8192,937.884
128,0,4,16384,1852.14
128,0,8,16,55.1143
128,0,8,32,56.4797
128,0,8,64,57.184
128,0,8,128,78.2187
128,0,8,256,103.136
128,0,8,512,150.314
128,0,8,1024,245.556
128,0,8,2048,451.752
128,0,8,4096,854.801
128,0,8,8192,1672.54
128,0,8,16384,3700.47
128,0,16,16,89.3543
128,0,16,32,91.1353
128,0,16,64,92.7353
128,0,16,128,134.421
128,0,16,256,180.479
128,0,16,512,270.943
128,0,16,1024,481.257
128,0,16,2048,909.266
128,0,16,4096,2110.05
128,0,16,8192,5033.05
128,0,16,16384,11269.1
128,0,32,16,159.605
128,0,32,32,162.901
128,0,32,64,165.77
128,0,32,128,248.17
128,0,32,256,343.018
128,0,32,512,646.355
128,0,32,1024,1235.31
128,0,32,2048,2787.24
128,0,32,4096,6365.76
128,0,32,8192,13041.3
128,0,32,16384,26264.9
128,0,64,16,306.089
128,0,64,32,312.362
128,0,64,64,318.73
128,0,64,128,488.457
128,0,64,256,891.175
128,0,64,512,1884
128,0,64,1024,3629.49
128,0,64,2048,7271.53
128,0,64,4096,14562.5
128,0,64,8192,29139.8
128,0,64,16384,58085.9
128,0,128,16,591.934
128,0,128,32,605.225
128,0,128,64,619.283
128,0,128,128,1059.71
128,0,128,256,1918.09
128,0,128,512,3764.58
128,0,128,1024,7399.87
128,0,128,2048,14749.9
128,0,128,4096,29353.1
128,0,128,8192,58675.5
128,0,128,16384,117199
128,16,0,0,24.7147
128,16,1,16,29.44
128,16,1,32,29.8773
128,16,1,64,29.728
128,16,1,128,31.7763
128,16,1,256,36.4477
128,16,1,512,45.9093
128,16,1,1024,64.992
128,16,1,2048,93.0017
128,16,1,4096,149.504
128,16,1,8192,261.172
128,16,1,16384,485.748
128,16,2,16,34.08
128,16,2,32,34.2293
128,16,2,64,34.9333
128,16,2,128,37.6747
128,16,2,256,45.119
128,16,2,512,62.6347
128,16,2,1024,89.9833
128,16,2,2048,143.851
128,16,2,4096,257.62
128,16,2,8192,485.823
128,16,2,16384,955.741
128,16,4,16,42.4213
128,16,4,32,43.285
128,16,4,64,43.1787
128,16,4,128,51.4453
128,16,4,256,65.685
128,16,4,512,91.178
128,16,4,1024,142.709
128,16,4,2048,258.165
128,16,4,4096,485.299
128,16,4,8192,941.288
128,16,4,16384,1850.15
128,16,8,16,59.9787
128,16,8,32,60.9273
128,16,8,64,62.101
128,16,8,128,79.445
128,16,8,256,104.352
128,16,8,512,152.747
128,16,8,1024,246.698
128,16,8,2048,447.338
128,16,8,4096,854.271
128,16,8,8192,1688.63
128,16,8,16384,3850.04
128,16,16,16,94.3463
128,16,16,32,96.7467
128,16,16,64,98.4
128,16,16,128,136.149
128,16,16,256,182.57
128,16,16,512,273.108
128,16,16,1024,493.566
128,16,16,2048,954.013
128,16,16,4096,2163.59
128,16,16,8192,4996.84
128,16,16,16384,11127.3
128,16,32,16,163.156
128,16,32,32,166.474
128,16,32,64,169.631
128,16,32,128,250.975
128,16,32,256,345.535
128,16,32,512,620.083
128,16,32,1024,1266.79
128,16,32,2048,2922.58
128,16,32,4096,6401.89
128,16,32,8192,13047.2
128,16,32,16384,26130.1
128,16,64,16,308.063
128,16,64,32,313.93
128,16,64,64,319.124
128,16,64,128,489.716
128,16,64,256,891.634
128,16,64,512,1880.86
128,16,64,1024,3644.85
128,16,64,2048,7284.75
128,16,64,4096,14546.7
128,16,64,8192,29046.7
128,16,64,16384,58198.9
128,16,128,16,599.818
128,16,128,32,607.369
128,16,128,64,622.782
128,16,128,128,1033.25
128,16,128,256,1918.85
128,16,128,512,3764.07
128,16,128,1024,7408.03
128,16,128,2048,14748
128,16,128,4096,29356.6
128,16,128,8192,58661.6
128,16,128,16384,117225
128,32,0,0,25.0767
128,32,1,16,29.589
128,32,1,32,29.867
128,32,1,64,29.9947
128,32,1,128,32.2027
128,32,1,256,36.7893
128,32,1,512,46.0473
128,32,1,1024,65.1203
128,32,1,2048,93.0347
128,32,1,4096,150.324
128,32,1,8192,261.205
128,32,1,16384,487.22
128,32,2,16,34.3253
128,32,2,32,34.8053
128,32,2,64,35.1143
128,32,2,128,38.048
128,32,2,256,45.248
128,32,2,512,62.4853
128,32,2,1024,88.362
128,32,2,2048,144.149
128,32,2,4096,258.015
128,32,2,8192,486.857
128,32,2,16384,953.299
128,32,4,16,42.7947
128,32,4,32,43.1573
128,32,4,64,43.776
128,32,4,128,52.4053
128,32,4,256,65.1413
128,32,4,512,91.8613
128,32,4,1024,142.186
128,32,4,2048,255.008
128,32,4,4096,485.066
128,32,4,8192,944.886
128,32,4,16384,1850.48
128,32,8,16,60.544
128,32,8,32,61.0983
128,32,8,64,62.3147
128,32,8,128,80.3093
128,32,8,256,104.395
128,32,8,512,151.701
128,32,8,1024,245.695
128,32,8,2048,452.874
128,32,8,4096,851.946
128,32,8,8192,1695.22
128,32,8,16384,3875.3
128,32,16,16,94.368
128,32,16,32,96.4157
128,32,16,64,98.3997
128,32,16,128,137.333
128,32,16,256,183.103
128,32,16,512,275.883
128,32,16,1024,489.513
128,32,16,2048,966.451
128,32,16,4096,2180.82
128,32,16,8192,5088.84
128,32,16,16384,11265.4
128,32,32,16,163.999
128,32,32,32,167.115
128,32,32,64,169.983
128,32,32,128,251.339
128,32,32,256,344.362
128,32,32,512,639.774
128,32,32,1024,1305.98
128,32,32,2048,2953.87
128,32,32,4096,6449.61
128,32,32,8192,13080.5
128,32,32,16384,26558.8
128,32,64,16,309.418
128,32,64,32,314.473
128,32,64,64,320.66
128,32,64,128,490.24
128,32,64,256,898.015
128,32,64,512,1884.08
128,32,64,1024,3645.88
128,32,64,2048,7289.97
128,32,64,4096,14570.5
128,32,64,8192,29159.2
128,32,64,16384,58188.8
128,32,128,16,595.221
128,32,128,32,616.447
128,32,128,64,620.713
128,32,128,128,1034.57
128,32,128,256,1918.59
128,32,128,512,3765.82
128,32,128,1024,7402.67
128,32,128,2048,14749.1
128,32,128,4096,29363
128,32,128,8192,58679
128,32,128,16384,117227
128,64,0,0,25.685
128,64,1,16,29.6213
128,64,1,32,30.101
128,64,1,64,30.08
128,64,1,128,32.0213
128,64,1,256,36.49
128,64,1,512,45.5573
128,64,1,1024,65.6427
128,64,1,2048,93.1737
128,64,1,4096,150.56
128,64,1,8192,262.804
128,64,1,16384,486.175
128,64,2,16,34.4107
128,64,2,32,34.9973
128,64,2,64,34.9333
128,64,2,128,38.1967
128,64,2,256,44.8107
128,64,2,512,62.869
128,64,2,1024,88.9597
128,64,2,2048,144.096
128,64,2,4096,257.621
128,64,2,8192,487.071
128,64,2,16384,953.993
128,64,4,16,42.7947
128,64,4,32,43.2103
128,64,4,64,43.968
128,64,4,128,52.2453
128,64,4,256,65.2583
128,64,4,512,91.1147
128,64,4,1024,144.17
128,64,4,2048,257.749
128,64,4,4096,487.37
128,64,4,8192,954.206
128,64,4,16384,1871.68
128,64,8,16,60.832
128,64,8,32,61.9947
128,64,8,64,62.2717
128,64,8,128,79.648
128,64,8,256,104.458
128,64,8,512,151.349
128,64,8,1024,247.37
128,64,8,2048,449.94
128,64,8,4096,854.112
128,64,8,8192,1689.38
128,64,8,16384,3909.93
128,64,16,16,94.72
128,64,16,32,96.3947
128,64,16,64,97.5783
128,64,16,128,136.555
128,64,16,256,183.146
128,64,16,512,275.84
128,64,16,1024,492.244
128,64,16,2048,985.832
128,64,16,4096,2139.32
128,64,16,8192,5219.85
128,64,16,16384,11220.2
128,64,32,16,164.064
128,64,32,32,167.221
128,64,32,64,169.855
128,64,32,128,253.034
128,64,32,256,345.695
128,64,32,512,617.245
128,64,32,1024,1277.53
128,64,32,2048,3001.36
128,64,32,4096,6350.65
128,64,32,8192,13242.4
128,64,32,16384,26475.9
128,64,64,16,308.127
128,64,64,32,314.271
128,64,64,64,320.213
128,64,64,128,490.697
128,64,64,256,894.315
128,64,64,512,1879.48
128,64,64,1024,3635.18
128,64,64,2048,7271.18
128,64,64,4096,14608.1
128,64,64,8192,29070.3
128,64,64,16384,58088.9
128,64,128,16,603.924
128,64,128,32,615.444
128,64,128,64,620.82
128,64,128,128,1043.92
128,64,128,256,1922.67
128,64,128,512,3767.24
128,64,128,1024,7404.37
128,64,128,2048,14749
128,64,128,4096,29362.5
128,64,128,8192,58654.7
128,64,128,16384,117220
128,128,0,0,28.9063
128,128,1,16,32.5007
128,128,1,32,32.7147
128,128,1,64,33.3543
128,128,1,128,36.6397
128,128,1,256,41.0137
128,128,1,512,48.5227
128,128,1,1024,72.714
128,128,1,2048,100.81
128,128,1,4096,157.301
128,128,1,8192,271.84
128,128,1,16384,502.463
128,128,2,16,36.8427
128,128,2,32,36.896
128,128,2,64,37.0773
128,128,2,128,43.9253
128,128,2,256,50.5813
128,128,2,512,66.4213
128,128,2,1024,95.1143
128,128,2,2048,150.677
128,128,2,4096,263.232
128,128,2,8192,488.436
128,128,2,16384,948.98
128,128,4,16,45.696
128,128,4,32,46.8797
128,128,4,64,46.709
128,128,4,128,55.968
128,128,4,256,67.9997
128,128,4,512,95.989
128,128,4,1024,143.263
128,128,4,2048,256.981
128,128,4,4096,484.874
128,128,4,8192,942.783
128,128,4,16384,1849.01
128,128,8,16,63.392
128,128,8,32,64.1713
128,128,8,64,64.9813
128,128,8,128,83.499
128,128,8,256,106.987
128,128,8,512,157.205
128,128,8,1024,248.597
128,128,8,2048,455.338
128,128,8,4096,876.17
128,128,8,8192,1763.97
128,128,8,16384,3854.46
128,128,16,16,97.7383
128,128,16,32,99.925
128,128,16,64,101.12
128,128,16,128,141.302
128,128,16,256,185.439
128,128,16,512,279.125
128,128,16,1024,501.012
128,128,16,2048,1043.41
128,128,16,4096,2284.11
128,128,16,8192,4992.49
128,128,16,16384,11321.7
128,128,32,16,167.327
128,128,32,32,170.581
128,128,32,64,172.971
128,128,32,128,257.045
128,128,32,256,351.637
128,128,32,512,636.319
128,128,32,1024,1364.43
128,128,32,2048,2962.86
128,128,32,4096,6486.15
128,128,32,8192,13178.1
128,128,32,16384,26679.3
128,128,64,16,311.435
128,128,64,32,318.25
128,128,64,64,323.904
128,128,64,128,494.666
128,128,64,256,892.223
128,128,64,512,1887.39
128,128,64,1024,3669.64
128,128,64,2048,7309.62
128,128,64,4096,14607.5
128,128,64,8192,29197.5
128,128,64,16384,58297.3
128,128,128,16,598.58
128,128,128,32,611.871
128,128,128,64,624.521
128,128,128,128,1046.27
128,128,128,256,1931.74
128,128,128,512,3771.92
128,128,128,1024,7412.68
128,128,128,2048,14761.1
128,128,128,4096,29366.2
128,128,128,8192,58677.8
128,128,128,16384,117224
128,256,0,0,36.704
128,256,1,16,39.744
128,256,1,32,39.9147
128,256,1,64,40.128
128,256,1,128,43.5193
128,256,1,256,48.0743
128,256,1,512,56.3097
128,256,1,1024,73.92
128,256,1,2048,111.285
128,256,1,4096,168.287
128,256,1,8192,280.629
128,256,1,16384,510.506
128,256,2,16,46.08
128,256,2,32,46.528
128,256,2,64,46.6343
128,256,2,128,49.12
128,256,2,256,58.731
128,256,2,512,69.3227
128,256,2,1024,103.851
128,256,2,2048,158.645
128,256,2,4096,271.039
128,256,2,8192,497.098
128,256,2,16384,951.145
128,256,4,16,53.568
128,256,4,32,53.568
128,256,4,64,54.5277
128,256,4,128,63.5413
128,256,4,256,74.2183
128,256,4,512,100.917
128,256,4,1024,151.583
128,256,4,2048,257.248
128,256,4,4096,486.89
128,256,4,8192,947.52
128,256,4,16384,1860.78
128,256,8,16,71.8613
128,256,8,32,72.469
128,256,8,64,74.048
128,256,8,128,92.8003
128,256,8,256,113.695
128,256,8,512,160.245
128,256,8,1024,256.117
128,256,8,2048,458.911
128,256,8,4096,901.781
128,256,8,8192,1858.65
128,256,8,16384,4011.63
128,256,16,16,106.304
128,256,16,32,107.968
128,256,16,64,110.368
128,256,16,128,149.131
128,256,16,256,191.563
128,256,16,512,284.02
128,256,16,1024,514.656
128,256,16,2048,1163.76
128,256,16,4096,2615.03
128,256,16,8192,5586.62
128,256,16,16384,11610.6
128,256,32,16,175.402
128,256,32,32,179.413
128,256,32,64,182.378
128,256,32,128,262.699
128,256,32,256,357.845
128,256,32,512,626.655
128,256,32,1024,1501.64
128,256,32,2048,3165.52
128,256,32,4096,6557.36
128,256,32,8192,13289.8
128,256,32,16384,26433.3
128,256,64,16,320.661
128,256,64,32,327.189
128,256,64,64,332.031
128,256,64,128,498.634
128,256,64,256,929.322
128,256,64,512,1892.94
128,256,64,1024,3693.24
128,256,64,2048,7326.36
128,256,64,4096,14608.9
128,256,64,8192,29161.7
128,256,64,16384,58374.1
128,256,128,16,604.735
128,256,128,32,615.305
128,256,128,64,630.271
128,256,128,128,1050.52
128,256,128,256,1934.49
128,256,128,512,3776.73
128,256,128,1024,7414.71
128,256,128,2048,14758.7
128,256,128,4096,29373.8
128,256,128,8192,58677.2
128,256,128,16384,117245
128,512,0,0,51.0293
128,512,1,16,53.365
128,512,1,32,54.037
128,512,1,64,53.9517
128,512,1,128,57.3867
128,512,1,256,61.8557
128,512,1,512,69.1627
128,512,1,1024,84.4803
128,512,1,2048,131.807
128,512,1,4096,187.754
128,512,1,8192,300.832
128,512,1,16384,525.707
128,512,2,16,59.4133
128,512,2,32,59.2853
128,512,2,64,59.936
128,512,2,128,67.0197
128,512,2,256,68.9493
128,512,2,512,87.658
128,512,2,1024,108.043
128,512,2,2048,175.477
128,512,2,4096,286.112
128,512,2,8192,505.237
128,512,2,16384,969.769
128,512,4,16,67.744
128,512,4,32,68.7247
128,512,4,64,69.8453
128,512,4,128,78.176
128,512,4,256,88.811
128,512,4,512,108.971
128,512,4,1024,163.381
128,512,4,2048,260.383
128,512,4,4096,490.881
128,512,4,8192,970.196
128,512,4,16384,1908.16
128,512,8,16,87.1787
128,512,8,32,87.8933
128,512,8,64,89.418
128,512,8,128,106.934
128,512,8,256,128.992
128,512,8,512,169.077
128,512,8,1024,268.768
128,512,8,2048,474.165
128,512,8,4096,1012.65
128,512,8,8192,2043.32
128,512,8,16384,4434.21
128,512,16,16,122.57
128,512,16,32,124.309
128,512,16,64,125.824
128,512,16,128,166.24
128,512,16,256,209.162
128,512,16,512,294.261
128,512,16,1024,549.417
128,512,16,2048,1434.76
128,512,16,4096,2965.15
128,512,16,8192,6014.53
128,512,16,16384,11976.3
128,512,32,16,192.106
128,512,32,32,194.9
128,512,32,64,198.005
128,512,32,128,278.901
128,512,32,256,368.363
128,512,32,512,610.122
128,512,32,1024,1420.01
128,512,32,2048,3362.81
128,512,32,4096,6853.43
128,512,32,8192,13774.7
128,512,32,16384,27545.5
128,512,64,16,336.736
128,512,64,32,342.826
128,512,64,64,348.501
128,512,64,128,514.143
128,512,64,256,941.246
128,512,64,512,1898.73
128,512,64,1024,3708.02
128,512,64,2048,7360.66
128,512,64,4096,14614.6
128,512,64,8192,29249.4
128,512,64,16384,58355.1
128,512,128,16,629.696
128,512,128,32,631.796
128,512,128,64,646.421
128,512,128,128,1071.89
128,512,128,256,1949.8
128,512,128,512,3792.57
128,512,128,1024,7431.51
128,512,128,2048,14771.6
128,512,128,4096,29387.8
128,512,128,8192,58713.4
128,512,128,16384,117262
128,1024,0,0,79.5307
128,1024,1,16,81.3013
128,1024,1,32,81.5677
128,1024,1,64,81.6
128,1024,1,128,85.642
128,1024,1,256,88.2877
128,1024,1,512,96.694
128,1024,1,1024,111.765
128,1024,1,2048,142.752
128,1024,1,4096,232.384
128,1024,1,8192,346.09
128,1024,1,16384,568.01
128,1024,2,16,86.944
128,1024,2,32,87.1467
128,1024,2,64,88.0427
128,1024,2,128,93.834
128,1024,2,256,101.792
128,1024,2,512,111.935
128,1024,2,1024,144.554
128,1024,2,2048,192.512
128,1024,2,4096,315.189
128,1024,2,8192,550.442
128,1024,2,16384,1005.83
128,1024,4,16,95.5307
128,1024,4,32,96.1067
128,1024,4,64,96.3093
128,1024,4,128,110.56
128,1024,4,256,119.915
128,1024,4,512,138.645
128,1024,4,1024,180.704
128,1024,4,2048,290.453
128,1024,4,4096,484.843
128,1024,4,8192,1008.56
128,1024,4,16384,2085.32
128,1024,8,16,117.259
128,1024,8,32,118.368
128,1024,8,64,118.559
128,1024,8,128,139.861
128,1024,8,256,162.315
128,1024,8,512,201.514
128,1024,8,1024,283.477
128,1024,8,2048,486.719
128,1024,8,4096,1093.15
128,1024,8,8192,2316.02
128,1024,8,16384,4853.23
128,1024,16,16,154.197
128,1024,16,32,155.285
128,1024,16,64,156.811
128,1024,16,128,196.832
128,1024,16,256,240.331
128,1024,16,512,322.592
128,1024,16,1024,500.213
128,1024,16,2048,1316.09
128,1024,16,4096,3148.07
128,1024,16,8192,6378.06
128,1024,16,16384,12890.4
128,1024,32,16,225.717
128,1024,32,32,227.787
128,1024,32,64,230.496
128,1024,32,128,310.378
128,1024,32,256,403.519
128,1024,32,512,662.207
128,1024,32,1024,1196.37
128,1024,32,2048,3407.88
128,1024,32,4096,6930.84
128,1024,32,8192,13818.7
128,1024,32,16384,27451.7
128,1024,64,16,370.154
128,1024,64,32,376.64
128,1024,64,64,381.451
128,1024,64,128,548.597
128,1024,64,256,980.853
128,1024,64,512,1935.35
128,1024,64,1024,3706.69
128,1024,64,2048,7387.69
128,1024,64,4096,14668.7
128,1024,64,8192,29206.7
128,1024,64,16384,58486.7
128,1024,128,16,662.665
128,1024,128,32,666.111
128,1024,128,64,680.341
128,1024,128,128,1105.49
128,1024,128,256,1977.91
128,1024,128,512,3820.68
128,1024,128,1024,7461.86
128,1024,128,2048,14803.4
128,1024,128,4096,29410.2
128,1024,128,8192,58731.3
128,1024,128,16384,117297
128,2048,0,0,134.656
128,2048,1,16,137.344
128,2048,1,32,137.269
128,2048,1,64,137.163
128,2048,1,128,140.469
128,2048,1,256,144.321
128,2048,1,512,152.021
128,2048,1,1024,168.726
128,2048,1,2048,195.669
128,2048,1,4096,257.706
128,2048,1,8192,427.083
128,2048,1,16384,660.864
128,2048,2,16,142.154
128,2048,2,32,142.816
128,2048,2,64,142.368
128,2048,2,128,150.197
128,2048,2,256,157.354
128,2048,2,512,171.104
128,2048,2,1024,193.536
128,2048,2,2048,256.223
128,2048,2,4096,364.224
128,2048,2,8192,604.959
128,2048,2,16384,1073.71
128,2048,4,16,149.92
128,2048,4,32,150.591
128,2048,4,64,152.491
128,2048,4,128,162.709
128,2048,4,256,173.387
128,2048,4,512,195.51
128,2048,4,1024,240.181
128,2048,4,2048,323.22
128,2048,4,4096,552.831
128,2048,4,8192,1013.51
128,2048,4,16384,2142.34
128,2048,8,16,171.925
128,2048,8,32,173.269
128,2048,8,64,175.36
128,2048,8,128,197.877
128,2048,8,256,221.643
128,2048,8,512,269.301
128,2048,8,1024,342.047
128,2048,8,2048,517.547
128,2048,8,4096,979.39
128,2048,8,8192,2505.76
128,2048,8,16384,4952.68
128,2048,16,16,214.101
128,2048,16,32,215.562
128,2048,16,64,216.277
128,2048,16,128,259.828
128,2048,16,256,302.25
128,2048,16,512,391.083
128,2048,16,1024,564.875
128,2048,16,2048,919.22
128,2048,16,4096,3056.03
128,2048,16,8192,6511.34
128,2048,16,16384,12935.1
128,2048,32,16,287.104
128,2048,32,32,288.991
128,2048,32,64,291.424
128,2048,32,128,375.904
128,2048,32,256,470.538
128,2048,32,512,826.41
128,2048,32,1024,1367.69
128,2048,32,2048,3140.47
128,2048,32,4096,6919.92
128,2048,32,8192,13833.1
128,2048,32,16384,27343.6
128,2048,64,16,435.605
128,2048,64,32,440.064
128,2048,64,64,446.666
128,2048,64,128,615.626
128,2048,64,256,1091.87
128,2048,64,512,2018.24
128,2048,64,1024,3786.17
128,2048,64,2048,7394.25
128,2048,64,4096,14746
128,2048,64,8192,29378.1
128,2048,64,16384,58452.1
128,2048,128,16,719.157
128,2048,128,32,734.56
128,2048,128,64,752.799
128,2048,128,128,1191.19
128,2048,128,256,2054.55
128,2048,128,512,3893.54
128,2048,128,1024,7522.52
128,2048,128,2048,14865.2
128,2048,128,4096,29472.9
128,2048,128,8192,58806
128,2048,128,16384,117337
128,4096,0,0,245.952
128,4096,1,16,247.819
128,4096,1,32,250.773
128,4096,1,64,247.883
128,4096,1,128,251.52
128,4096,1,256,257.461
128,4096,1,512,262.965
128,4096,1,1024,280.341
128,4096,1,2048,312.063
128,4096,1,4096,367.423
128,4096,1,8192,482.304
128,4096,1,16384,824.842
128,4096,2,16,253.408
128,4096,2,32,255.605
128,4096,2,64,253.504
128,4096,2,128,259.008
128,4096,2,256,269.685
128,4096,2,512,281.685
128,4096,2,1024,310.549
128,4096,2,2048,361.887
128,4096,2,4096,479.008
128,4096,2,8192,705.706
128,4096,2,16384,1186.16
128,4096,4,16,261.12
128,4096,4,32,261.141
128,4096,4,64,262.006
128,4096,4,128,271.36
128,4096,4,256,283.03
128,4096,4,512,308.149
128,4096,4,1024,360.032
128,4096,4,2048,441.003
128,4096,4,4096,607.85
128,4096,4,8192,1076
128,4096,4,16384,2145.85
128,4096,8,16,283.04
128,4096,8,32,285.205
128,4096,8,64,282.688
128,4096,8,128,306.443
128,4096,8,256,333.226
128,4096,8,512,382.08
128,4096,8,1024,472.469
128,4096,8,2048,629.674
128,4096,8,4096,978.571
128,4096,8,8192,2554.02
128,4096,8,16384,5616.23
128,4096,16,16,324.715
128,4096,16,32,324.404
128,4096,16,64,326.016
128,4096,16,128,379.328
128,4096,16,256,426.698
128,4096,16,512,521.503
128,4096,16,1024,730.644
128,4096,16,2048,1160.02
128,4096,16,4096,2186.82
128,4096,16,8192,6487.42
128,4096,16,16384,13035.6
128,4096,32,16,405.77
128,4096,32,32,410.208
128,4096,32,64,414.176
128,4096,32,128,499.914
128,4096,32,256,597.888
128,4096,32,512,970.196
128,4096,32,1024,1700.06
128,4096,32,2048,3242.35
128,4096,32,4096,6811.1
128,4096,32,8192,13959.6
128,4096,32,16384,27764.6
128,4096,64,16,560.32
128,4096,64,32,564.448
128,4096,64,64,571.978
128,4096,64,128,747.434
128,4096,64,256,1251.16
128,4096,64,512,2182.67
128,4096,64,1024,3959.95
128,4096,64,2048,7561.43
128,4096,64,4096,14813.6
128,4096,64,8192,29404.1
128,4096,64,16384,58638.7
128,4096,128,16,850.805
128,4096,128,32,866.954
128,4096,128,64,889.706
128,4096,128,128,1340.38
128,4096,128,256,2222.55
128,4096,128,512,4052.42
128,4096,128,1024,7665.31
128,4096,128,2048,14989
128,4096,128,4096,29591.6
128,4096,128,8192,58898.2
128,4096,128,16384,117470
128,8192,0,0,468.373
128,8192,1,16,470.827
128,8192,1,32,470.282
128,8192,1,64,474.763
128,8192,1,128,478.858
128,8192,1,256,482.431
128,8192,1,512,484.693
128,8192,1,1024,500.575
128,8192,1,2048,531.946
128,8192,1,4096,597.835
128,8192,1,8192,710.848
128,8192,1,16384,941.024
128,8192,2,16,474.656
128,8192,2,32,478.997
128,8192,2,64,473.962
128,8192,2,128,484.021
128,8192,2,256,487.563
128,8192,2,512,506.784
128,8192,2,1024,531.21
128,8192,2,2048,591.936
128,8192,2,4096,696.714
128,8192,2,8192,925.94
128,8192,2,16384,1387.96
128,8192,4,16,483.295
128,8192,4,32,484.757
128,8192,4,64,488.17
128,8192,4,128,498.037
128,8192,4,256,505.045
128,8192,4,512,526.752
128,8192,4,1024,576.831
128,8192,4,2048,698.762
128,8192,4,4096,839.391
128,8192,4,8192,1177.9
128,8192,4,16384,2159.82
128,8192,8,16,503.637
128,8192,8,32,504.938
128,8192,8,64,509.066
128,8192,8,128,527.37
128,8192,8,256,553.045
128,8192,8,512,609.78
128,8192,8,1024,723.584
128,8192,8,2048,908.17
128,8192,8,4096,1201.3
128,8192,8,8192,1905.02
128,8192,8,16384,5319.2
128,8192,16,16,543.052
128,8192,16,32,544.042
128,8192,16,64,546.389
128,8192,16,128,593.162
128,8192,16,256,650.219
128,8192,16,512,767.338
128,8192,16,1024,1016.05
128,8192,16,2048,1578.1
128,8192,16,4096,3037.86
128,8192,16,8192,6055.76
128,8192,16,16384,13108.7
128,8192,32,16,628.895
128,8192,32,32,628.458
128,8192,32,64,638.122
128,8192,32,128,735.284
128,8192,32,256,898.112
128,8192,32,512,1339.6
128,8192,32,1024,2048.89
128,8192,32,2048,3735.16
128,8192,32,4096,7197.28
128,8192,32,8192,13833.6
128,8192,32,16384,27908.6
128,8192,64,16,802.794
128,8192,64,32,810.249
128,8192,64,64,814.571
128,8192,64,128,1015.06
128,8192,64,256,1497.61
128,8192,64,512,2403.23
128,8192,64,1024,4248.54
128,8192,64,2048,7876.66
128,8192,64,4096,15055.4
128,8192,64,8192,29631.7
128,8192,64,16384,58832
128,8192,128,16,1110.07
128,8192,128,32,1146.94
128,8192,128,64,1175.63
128,8192,128,128,1616.65
128,8192,128,256,2507.37
128,8192,128,512,4364.32
128,8192,128,1024,7993.54
128,8192,128,2048,15293.9
128,8192,128,4096,29821
128,8192,128,8192,59166
128,8192,128,16384,117714
128,16384,0,0,917.429
128,16384,1,16,919.925
128,16384,1,32,920.533
128,16384,1,64,920.287
128,16384,1,128,921.94
128,16384,1,256,926.335
128,16384,1,512,935.23
128,16384,1,1024,951.54
128,16384,1,2048,990.986
128,16384,1,4096,1062.14
128,16384,1,8192,1169
128,16384,1,16384,1386.42
128,16384,2,16,925.098
128,16384,2,32,923.765
128,16384,2,64,924.799
128,16384,2,128,928.81
128,16384,2,256,931.274
128,16384,2,512,947.755
128,16384,2,1024,976.63
128,16384,2,2048,1043.26
128,16384,2,4096,1161.88
128,16384,2,8192,1369.08
128,16384,2,16384,1829.59
128,16384,4,16,932.17
128,16384,4,32,932.33
128,16384,4,64,932.576
128,16384,4,128,942.729
128,16384,4,256,954.623
128,16384,4,512,976.736
128,16384,4,1024,1022.33
128,16384,4,2048,1130.02
128,16384,4,4096,1368.56
128,16384,4,8192,1642.3
128,16384,4,16384,2340
128,16384,8,16,950.965
128,16384,8,32,952.33
128,16384,8,64,962.057
128,16384,8,128,976.693
128,16384,8,256,999.926
128,16384,8,512,1049.95
128,16384,8,1024,1166.91
128,16384,8,2048,1402.76
128,16384,8,4096,1844.38
128,16384,8,8192,2750.52
128,16384,8,16384,4889.77
128,16384,16,16,990.218
128,16384,16,32,993.331
128,16384,16,64,994.4
128,16384,16,128,1037.89
128,16384,16,256,1088.66
128,16384,16,512,1221.01
128,16384,16,1024,1502.92
128,16384,16,2048,2262.75
128,16384,16,4096,3597.25
128,16384,16,8192,6660.12
128,16384,16,16384,12524.1
128,16384,32,16,1074.35
128,16384,32,32,1075.75
128,16384,32,64,1080.02
128,16384,32,128,1178.05
128,16384,32,256,1368.97
128,16384,32,512,1790.74
128,16384,32,1024,2651.8
128,16384,32,2048,4435.32
128,16384,32,4096,7836.36
128,16384,32,8192,14513.5
128,16384,32,16384,27827.6
128,16384,64,16,1258.11
128,16384,64,32,1269.27
128,16384,64,64,1289.73
128,16384,64,128,1538.81
128,16384,64,256,1974.51
128,16384,64,512,2902.58
128,16384,64,1024,4854.51
128,16384,64,2048,8504.71
128,16384,64,4096,15709.5
128,16384,64,8192,30085.6
128,16384,64,16384,59214.1
128,16384,128,16,1620.63
128,16384,128,32,1639.9
128,16384,128,64,1678.11
128,16384,128,128,2172.42
128,16384,128,256,3063.82
128,16384,128,512,4961.51
128,16384,128,1024,8626.01
128,16384,128,2048,15931
128,16384,128,4096,30414.3
128,16384,128,8192,59614.1
128,16384,128,16384,118243
256,0,0,0,43.1147
256,0,1,16,47.0503
256,0,1,32,47.4027
256,0,1,64,46.9653
256,0,1,128,49.3437
256,0,1,256,54.0053
256,0,1,512,64.992
256,0,1,1024,86.7093
256,0,1,2048,122.688
256,0,1,4096,179.275
256,0,1,8192,294.219
256,0,1,16384,521.504
256,0,2,16,52.288
256,0,2,32,52.7033
256,0,2,64,52.5543
256,0,2,128,56.842
256,0,2,256,64.672
256,0,2,512,80.3523
256,0,2,1024,112.629
256,0,2,2048,166.657
256,0,2,4096,280.757
256,0,2,8192,509.141
256,0,2,16384,969.248
256,0,4,16,62.7307
256,0,4,32,63.232
256,0,4,64,63.264
256,0,4,128,72.2453
256,0,4,256,86.1973
256,0,4,512,112.384
256,0,4,1024,162.784
256,0,4,2048,269.589
256,0,4,4096,500.714
256,0,4,8192,965.727
256,0,4,16384,1905.91
256,0,8,16,83.8507
256,0,8,32,84.256
256,0,8,64,85.0553
256,0,8,128,103.179
256,0,8,256,128.48
256,0,8,512,176.021
256,0,8,1024,271.2
256,0,8,2048,484.833
256,0,8,4096,927.636
256,0,8,8192,1831.12
256,0,8,16384,3769.61
256,0,16,16,124.832
256,0,16,32,126.07
256,0,16,64,126.913
256,0,16,128,167.584
256,0,16,256,212.651
256,0,16,512,305.024
256,0,16,1024,599.659
256,0,16,2048,1168.23
256,0,16,4096,2508.62
256,0,16,8192,5307.84
256,0,16,16384,11521.1
256,0,32,16,206.005
256,0,32,32,208.501
256,0,32,64,211.19
256,0,32,128,294.506
256,0,32,256,388.278
256,0,32,512,838.24
256,0,32,1024,1520.07
256,0,32,2048,3055.15
256,0,32,4096,6498.22
256,0,32,8192,13294.6
256,0,32,16384,26665.7
256,0,64,16,372.544
256,0,64,32,379.553
256,0,64,64,380.885
256,0,64,128,549.034
256,0,64,256,924.726
256,0,64,512,1917.72
256,0,64,1024,3727.28
256,0,64,2048,7358.54
256,0,64,4096,14687.2
256,0,64,8192,29260.2
256,0,64,16384,58405.2
256,0,128,16,714.123
256,0,128,32,739.413
256,0,128,64,740.426
256,0,128,128,1151.72
256,0,128,256,1938.13
256,0,128,512,3780.05
256,0,128,1024,7426.45
256,0,128,2048,14780.8
256,0,128,4096,29384.8
256,0,128,8192,58705.9
256,0,128,16384,117251
256,16,0,0,49.3117
256,16,1,16,54.208
256,16,1,32,53.8027
256,16,1,64,54.2297
256,16,1,128,56.224
256,16,1,256,58.8267
256,16,1,512,69.0133
256,16,1,1024,89.952
256,16,1,2048,132.245
256,16,1,4096,189.931
256,16,1,8192,303.125
256,16,1,16384,532.213
256,16,2,16,59.6587
256,16,2,32,59.4557
256,16,2,64,59.296
256,16,2,128,64
256,16,2,256,68.96
256,16,2,512,84.789
256,16,2,1024,115.883
256,16,2,2048,173.066
256,16,2,4096,285.248
256,16,2,8192,514.463
256,16,2,16384,971.445
256,16,4,16,70.24
256,16,4,32,70.208
256,16,4,64,70.7733
256,16,4,128,79.5833
256,16,4,256,90.7417
256,16,4,512,115.808
256,16,4,1024,168.299
256,16,4,2048,273.461
256,16,4,4096,500.555
256,16,4,8192,967.232
256,16,4,16384,1903.85
256,16,8,16,90.464
256,16,8,32,91.4883
256,16,8,64,91.7653
256,16,8,128,111.253
256,16,8,256,133.152
256,16,8,512,181.386
256,16,8,1024,276.267
256,16,8,2048,493.6
256,16,8,4096,976.597
256,16,8,8192,1974.42
256,16,8,16384,4231.31
256,16,16,16,132.213
256,16,16,32,133.813
256,16,16,64,134.72
256,16,16,128,173.973
256,16,16,256,218.539
256,16,16,512,311.798
256,16,16,1024,590.635
256,16,16,2048,1225.68
256,16,16,4096,2710.05
256,16,16,8192,5725.24
256,16,16,16384,11784.8
256,16,32,16,214.699
256,16,32,32,217.92
256,16,32,64,219.136
256,16,32,128,298.827
256,16,32,256,395.05
256,16,32,512,827.19
256,16,32,1024,1586.21
256,16,32,2048,3170.14
256,16,32,4096,6601.93
256,16,32,8192,13531.3
256,16,32,16384,26565.9
256,16,64,16,380.512
256,16,64,32,382.176
256,16,64,64,387.062
256,16,64,128,558.71
256,16,64,256,932.373
256,16,64,512,1922.56
256,16,64,1024,3726.44
256,16,64,2048,7370.8
256,16,64,4096,14683.8
256,16,64,8192,29282.6
256,16,64,16384,58373.4
256,16,128,16,719.904
256,16,128,32,734.528
256,16,128,64,750.07
256,16,128,128,1136.79
256,16,128,256,1934.32
256,16,128,512,3782.38
256,16,128,1024,7425.81
256,16,128,2048,14769.7
256,16,128,4096,29393.8
256,16,128,8192,58715.7
256,16,128,16384,117252
256,32,0,0,50.0267
256,32,1,16,53.9947
256,32,1,32,54.5067
256,32,1,64,54.4427
256,32,1,128,56.9383
256,32,1,256,59.0933
256,32,1,512,69.835
256,32,1,1024,91.2637
256,32,1,2048,133.269
256,32,1,4096,190.656
256,32,1,8192,303.765
256,32,1,16384,531.264
256,32,2,16,59.7333
256,32,2,32,59.9153
256,32,2,64,60.0323
256,32,2,128,64.32
256,32,2,256,69.4933
256,32,2,512,85.2907
256,32,2,1024,115.829
256,32,2,2048,171.915
256,32,2,4096,285.92
256,32,2,8192,515.275
256,32,2,16384,972.96
256,32,4,16,70.3787
256,32,4,32,70.4213
256,32,4,64,70.8267
256,32,4,128,80.0747
256,32,4,256,90.1013
256,32,4,512,116.811
256,32,4,1024,170.241
256,32,4,2048,273.675
256,32,4,4096,500.992
256,32,4,8192,970.112
256,32,4,16384,1899.87
256,32,8,16,91.1463
256,32,8,32,91.5417
256,32,8,64,93.1733
256,32,8,128,111.626
256,32,8,256,133.11
256,32,8,512,181.163
256,32,8,1024,276.299
256,32,8,2048,492.074
256,32,8,4096,987.093
256,32,8,8192,2014.96
256,32,8,16384,4114.67
256,32,16,16,132.577
256,32,16,32,132.704
256,32,16,64,135.829
256,32,16,128,174.56
256,32,16,256,220.875
256,32,16,512,314.571
256,32,16,1024,611.893
256,32,16,2048,1224.57
256,32,16,4096,2652.6
256,32,16,8192,5835.01
256,32,16,16384,11740.6
256,32,32,16,212.234
256,32,32,32,218.026
256,32,32,64,221.141
256,32,32,128,299.936
256,32,32,256,394.741
256,32,32,512,813.12
256,32,32,1024,1580.14
256,32,32,2048,3180.91
256,32,32,4096,6638.93
256,32,32,8192,13326.2
256,32,32,16384,26783.5
256,32,64,16,375.531
256,32,64,32,387.051
256,32,64,64,390.56
256,32,64,128,559.242
256,32,64,256,932.768
256,32,64,512,1917.6
256,32,64,1024,3731.99
256,32,64,2048,7335.9
256,32,64,4096,14680.9
256,32,64,8192,29155.8
256,32,64,16384,58368.3
256,32,128,16,719.691
256,32,128,32,729.654
256,32,128,64,745.589
256,32,128,128,1140.18
256,32,128,256,1942.43
256,32,128,512,3781.83
256,32,128,1024,7422.11
256,32,128,2048,14776.2
256,32,128,4096,29394.2
256,32,128,8192,58705.1
256,32,128,16384,117266
256,64,0,0,50.2507
256,64,1,16,54.1867
256,64,1,32,54.4747
256,64,1,64,54.7413
256,64,1,128,56.928
256,64,1,256,58.976
256,64,1,512,69.643
256,64,1,1024,90.5067
256,64,1,2048,131.957
256,64,1,4096,190.43
256,64,1,8192,300.608
256,64,1,16384,532.736
256,64,2,16,59.4877
256,64,2,32,59.776
256,64,2,64,60.406
256,64,2,128,64.0213
256,64,2,256,69.301
256,64,2,512,84.9917
256,64,2,1024,115.477
256,64,2,2048,173.387
256,64,2,4096,286.336
256,64,2,8192,519.243
256,64,2,16384,978.668
256,64,4,16,70.2297
256,64,4,32,70.56
256,64,4,64,70.5813
256,64,4,128,80.448
256,64,4,256,90.2187
256,64,4,512,117.398
256,64,4,1024,168.277
256,64,4,2048,272.48
256,64,4,4096,499.605
256,64,4,8192,976.919
256,64,4,16384,1908.2
256,64,8,16,91.3917
256,64,8,32,91.296
256,64,8,64,92.7893
256,64,8,128,110.4
256,64,8,256,133.301
256,64,8,512,181.611
256,64,8,1024,277.376
256,64,8,2048,491.615
256,64,8,4096,982.634
256,64,8,8192,1957.08
256,64,8,16384,4182.39
256,64,16,16,132.853
256,64,16,32,133.93
256,64,16,64,134.251
256,64,16,128,174.07
256,64,16,256,219.029
256,64,16,512,309.131
256,64,16,1024,593.451
256,64,16,2048,1205.88
256,64,16,4096,2628.67
256,64,16,8192,5772.11
256,64,16,16384,11984.5
256,64,32,16,212.81
256,64,32,32,217.461
256,64,32,64,220.096
256,64,32,128,301.558
256,64,32,256,393.366
256,64,32,512,826.283
256,64,32,1024,1587.41
256,64,32,2048,3220.61
256,64,32,4096,6552.8
256,64,32,8192,13297.4
256,64,32,16384,26618.6
256,64,64,16,376.384
256,64,64,32,383.274
256,64,64,64,387.477
256,64,64,128,553.483
256,64,64,256,922.646
256,64,64,512,1922.41
256,64,64,1024,3736.17
256,64,64,2048,7383.99
256,64,64,4096,14629.4
256,64,64,8192,29278.1
256,64,64,16384,58392.3
256,64,128,16,720
256,64,128,32,734.795
256,64,128,64,743.456
256,64,128,128,1141.55
256,64,128,256,1942.28
256,64,128,512,3785.48
256,64,128,1024,7424.77
256,64,128,2048,14782.8
256,64,128,4096,29393.5
256,64,128,8192,58715.5
256,64,128,16384,117266
256,128,0,0,57.1733
256,128,1,16,59.3067
256,128,1,32,59.1467
256,128,1,64,59.6373
256,128,1,128,61.3013
256,128,1,256,63.328
256,128,1,512,76.224
256,128,1,1024,96.2347
256,128,1,2048,136.555
256,128,1,4096,200.651
256,128,1,8192,317.259
256,128,1,16384,546.624
256,128,2,16,64.9067
256,128,2,32,64.8427
256,128,2,64,65.1627
256,128,2,128,70.4103
256,128,2,256,74.944
256,128,2,512,90.7527
256,128,2,1024,122.475
256,128,2,2048,178.944
256,128,2,4096,293.792
256,128,2,8192,520.437
256,128,2,16384,983.807
256,128,4,16,75.7553
256,128,4,32,76.5337
256,128,4,64,76.118
256,128,4,128,85.4187
256,128,4,256,96.1707
256,128,4,512,121.845
256,128,4,1024,175.723
256,128,4,2048,278.229
256,128,4,4096,504.693
256,128,4,8192,981.782
256,128,4,16384,1916.26
256,128,8,16,96.6507
256,128,8,32,98.8587
256,128,8,64,98.997
256,128,8,128,117.429
256,128,8,256,138.955
256,128,8,512,187.435
256,128,8,1024,283.018
256,128,8,2048,510.88
256,128,8,4096,1044.46
256,128,8,8192,2026.65
256,128,8,16384,4305.63
256,128,16,16,138.027
256,128,16,32,139.573
256,128,16,64,140.864
256,128,16,128,180.555
256,128,16,256,226.283
256,128,16,512,317.792
256,128,16,1024,611.435
256,128,16,2048,1284.06
256,128,16,4096,2794.14
256,128,16,8192,5893.17
256,128,16,16384,11866.7
256,128,32,16,218.73
256,128,32,32,224.277
256,128,32,64,226.059
256,128,32,128,305.728
256,128,32,256,399.488
256,128,32,512,825.547
256,128,32,1024,1641.08
256,128,32,2048,3269.32
256,128,32,4096,6711.71
256,128,32,8192,13581.1
256,128,32,16384,26969.2
256,128,64,16,381.439
256,128,64,32,388.021
256,128,64,64,397.024
256,128,64,128,561.024
256,128,64,256,956.576
256,128,64,512,1925.55
256,128,64,1024,3732.95
256,128,64,2048,7390.27
256,128,64,4096,14697
256,128,64,8192,29294.1
256,128,64,16384,58467.8
256,128,128,16,723.659
256,128,128,32,737.952
256,128,128,64,750.037
256,128,128,128,1146.25
256,128,128,256,1942.82
256,128,128,512,3786.23
256,128,128,1024,7422.68
256,128,128,2048,14769.5
256,128,128,4096,29397.6
256,128,128,8192,58706.7
256,128,128,16384,117255
256,256,0,0,71.5303
256,256,1,16,73.088
256,256,1,32,72.7573
256,256,1,64,72.6933
256,256,1,128,73.8133
256,256,1,256,75.8827
256,256,1,512,83.4883
256,256,1,1024,107.573
256,256,1,2048,150.038
256,256,1,4096,222.112
256,256,1,8192,335.744
256,256,1,16384,568.949
256,256,2,16,77.8453
256,256,2,32,77.9093
256,256,2,64,77.9307
256,256,2,128,83.1357
256,256,2,256,87.7013
256,256,2,512,100.864
256,256,2,1024,131.243
256,256,2,2048,193.706
256,256,2,4096,302.752
256,256,2,8192,529.248
256,256,2,16384,989.899
256,256,4,16,88.7787
256,256,4,32,89.9947
256,256,4,64,89.1627
256,256,4,128,99.232
256,256,4,256,110.154
256,256,4,512,131.883
256,256,4,1024,184.107
256,256,4,2048,291.477
256,256,4,4096,506.773
256,256,4,8192,1024.37
256,256,4,16384,2000.96
256,256,8,16,110.656
256,256,8,32,110.443
256,256,8,64,111.169
256,256,8,128,130.508
256,256,8,256,152.831
256,256,8,512,199.936
256,256,8,1024,295.425
256,256,8,2048,524.981
256,256,8,4096,1120.39
256,256,8,8192,2217.25
256,256,8,16384,4659.35
256,256,16,16,151.082
256,256,16,32,151.872
256,256,16,64,155.712
256,256,16,128,195.947
256,256,16,256,236.875
256,256,16,512,327.413
256,256,16,1024,593.834
256,256,16,2048,1390.43
256,256,16,4096,2916.83
256,256,16,8192,6054.43
256,256,16,16384,12149.9
256,256,32,16,235.104
256,256,32,32,236.47
256,256,32,64,239.925
256,256,32,128,320.608
256,256,32,256,413.781
256,256,32,512,802.016
256,256,32,1024,1704.04
256,256,32,2048,3485.03
256,256,32,4096,6893.35
256,256,32,8192,13862.2
256,256,32,16384,27255.1
256,256,64,16,399.222
256,256,64,32,404.341
256,256,64,64,406.889
256,256,64,128,571.147
256,256,64,256,952.939
256,256,64,512,1931.56
256,256,64,1024,3745.4
256,256,64,2048,7411
256,256,64,4096,14711.4
256,256,64,8192,29341.1
256,256,64,16384,58446.6
256,256,128,16,739.488
256,256,128,32,751.766
256,256,128,64,765.077
256,256,128,128,1153.22
256,256,128,256,1949.02
256,256,128,512,3790.41
256,256,128,1024,7435.15
256,256,128,2048,14792.8
256,256,128,4096,29408.3
256,256,128,8192,58727.2
256,256,128,16384,117279
256,512,0,0,100.48
256,512,1,16,98.891
256,512,1,32,99.3707
256,512,1,64,99.253
256,512,1,128,100.278
256,512,1,256,102.486
256,512,1,512,104.288
256,512,1,1024,126.966
256,512,1,2048,167.328
256,512,1,4096,246.24
256,512,1,8192,373.568
256,512,1,16384,602.699
256,512,2,16,103.296
256,512,2,32,103.04
256,512,2,64,103.179
256,512,2,128,107.766
256,512,2,256,113.227
256,512,2,512,122.975
256,512,2,1024,152.352
256,512,2,2048,219.35
256,512,2,4096,325.024
256,512,2,8192,553.227
256,512,2,16384,1009.33
256,512,4,16,114.123
256,512,4,32,114.155
256,512,4,64,114.56
256,512,4,128,124.629
256,512,4,256,135.615
256,512,4,512,159.947
256,512,4,1024,206.859
256,512,4,2048,311.552
256,512,4,4096,523.851
256,512,4,8192,1080.05
256,512,4,16384,2082.56
256,512,8,16,135.798
256,512,8,32,137.355
256,512,8,64,137.355
256,512,8,128,156.32
256,512,8,256,178.965
256,512,8,512,221.75
256,512,8,1024,316.331
256,512,8,2048,552
256,512,8,4096,1212.93
256,512,8,8192,2432.45
256,512,8,16384,4939.98
256,512,16,16,179.445
256,512,16,32,180.01
256,512,16,64,179.989
256,512,16,128,220.256
256,512,16,256,266.208
256,512,16,512,347.734
256,512,16,1024,653.771
256,512,16,2048,1576.05
256,512,16,4096,3153.79
256,512,16,8192,6469.66
256,512,16,16384,13011.3
256,512,32,16,261.366
256,512,32,32,264.234
256,512,32,64,265.963
256,512,32,128,348.48
256,512,32,256,435.499
256,512,32,512,747.094
256,512,32,1024,1680.95
256,512,32,2048,3583.2
256,512,32,4096,7045.34
256,512,32,8192,14130.3
256,512,32,16384,28228.7
256,512,64,16,421.856
256,512,64,32,429.888
256,512,64,64,438.742
256,512,64,128,597.654
256,512,64,256,978.185
256,512,64,512,1942.86
256,512,64,1024,3757.21
256,512,64,2048,7417.96
256,512,64,4096,14726.4
256,512,64,8192,29364.9
256,512,64,16384,58545
256,512,128,16,767.616
256,512,128,32,779.382
256,512,128,64,776.811
256,512,128,128,1160.95
256,512,128,256,1970.68
256,512,128,512,3807.94
256,512,128,1024,7445.66
256,512,128,2048,14800.9
256,512,128,4096,29425.8
256,512,128,8192,58750.5
256,512,128,16384,117301
256,1024,0,0,157.131
256,1024,1,16,153.323
256,1024,1,32,152.033
256,1024,1,64,151.925
256,1024,1,128,153.899
256,1024,1,256,155.52
256,1024,1,512,157.877
256,1024,1,1024,161.152
256,1024,1,2048,212.618
256,1024,1,4096,288.992
256,1024,1,8192,456.032
256,1024,1,16384,687.541
256,1024,2,16,157.238
256,1024,2,32,155.285
256,1024,2,64,155.733
256,1024,2,128,158.219
256,1024,2,256,162.837
256,1024,2,512,176.374
256,1024,2,1024,193.632
256,1024,2,2048,253.355
256,1024,2,4096,376.49
256,1024,2,8192,598.646
256,1024,2,16384,1081.48
256,1024,4,16,165.173
256,1024,4,32,164.373
256,1024,4,64,166.112
256,1024,4,128,175.701
256,1024,4,256,186.219
256,1024,4,512,205.76
256,1024,4,1024,256.085
256,1024,4,2048,352.758
256,1024,4,4096,564.629
256,1024,4,8192,1108.96
256,1024,4,16384,2225.92
256,1024,8,16,185.931
256,1024,8,32,186.475
256,1024,8,64,189.494
256,1024,8,128,207.764
256,1024,8,256,231.755
256,1024,8,512,271.83
256,1024,8,1024,365.057
256,1024,8,2048,564.63
256,1024,8,4096,1317.5
256,1024,8,8192,2621.17
256,1024,8,16384,5194.68
256,1024,16,16,229.909
256,1024,16,32,230.689
256,1024,16,64,231.776
256,1024,16,128,272.32
256,1024,16,256,317.846
256,1024,16,512,403.755
256,1024,16,1024,600.48
256,1024,16,2048,1559.98
256,1024,16,4096,3307.18
256,1024,16,8192,6683.72
256,1024,16,16384,13330.6
256,1024,32,16,313.27
256,1024,32,32,315.104
256,1024,32,64,318.485
256,1024,32,128,401.344
256,1024,32,256,488.298
256,1024,32,512,874.731
256,1024,32,1024,1295.4
256,1024,32,2048,3586.98
256,1024,32,4096,7173.76
256,1024,32,8192,14148.4
256,1024,32,16384,28356.5
256,1024,64,16,475.861
256,1024,64,32,481.877
256,1024,64,64,486.955
256,1024,64,128,651.904
256,1024,64,256,1024.38
256,1024,64,512,1977.37
256,1024,64,1024,3768.58
256,1024,64,2048,7454.53
256,1024,64,4096,14770.9
256,1024,64,8192,29418.3
256,1024,64,16384,58608.6
256,1024,128,16,825.216
256,1024,128,32,832.299
256,1024,128,64,832.469
256,1024,128,128,1233.47
256,1024,128,256,1993.03
256,1024,128,512,3836.97
256,1024,128,1024,7480.69
256,1024,128,2048,14823.4
256,1024,128,4096,29465.7
256,1024,128,8192,58798.5
256,1024,128,16384,117365
256,2048,0,0,267.52
256,2048,1,16,263.744
256,2048,1,32,263.626
256,2048,1,64,264.15
256,2048,1,128,263.756
256,2048,1,256,265.525
256,2048,1,512,266.144
256,2048,1,1024,268.682
256,2048,1,2048,273.675
256,2048,1,4096,382.581
256,2048,1,8192,542.987
256,2048,1,16384,856.128
256,2048,2,16,265.888
256,2048,2,32,266.635
256,2048,2,64,267.062
256,2048,2,128,266.059
256,2048,2,256,267.605
256,2048,2,512,272.032
256,2048,2,1024,303.275
256,2048,2,2048,331.488
256,2048,2,4096,450.753
256,2048,2,8192,717.109
256,2048,2,16384,1153.24
256,2048,4,16,270.208
256,2048,4,32,273.451
256,2048,4,64,273.12
256,2048,4,128,279.04
256,2048,4,256,287.797
256,2048,4,512,307.542
256,2048,4,1024,348.566
256,2048,4,2048,457.515
256,2048,4,4096,639.861
256,2048,4,8192,1176.39
256,2048,4,16384,2343.87
256,2048,8,16,290.262
256,2048,8,32,292.236
256,2048,8,64,288.544
256,2048,8,128,307.766
256,2048,8,256,330.72
256,2048,8,512,375.296
256,2048,8,1024,457.238
256,2048,8,2048,656.342
256,2048,8,4096,1051.52
256,2048,8,8192,2917.3
256,2048,8,16384,5723.55
256,2048,16,16,331.477
256,2048,16,32,327.723
256,2048,16,64,338.645
256,2048,16,128,376.512
256,2048,16,256,421.814
256,2048,16,512,507.477
256,2048,16,1024,694.667
256,2048,16,2048,1095.5
256,2048,16,4096,3327.95
256,2048,16,8192,6920.52
256,2048,16,16384,13326.4
256,2048,32,16,413.963
256,2048,32,32,419.328
256,2048,32,64,420.266
256,2048,32,128,507.019
256,2048,32,256,599.83
256,2048,32,512,957.707
256,2048,32,1024,1640.68
256,2048,32,2048,3137.86
256,2048,32,4096,7210.23
256,2048,32,8192,14324.2
256,2048,32,16384,28402.6
256,2048,64,16,581.802
256,2048,64,32,586.785
256,2048,64,64,598.326
256,2048,64,128,758.688
256,2048,64,256,1123.92
256,2048,64,512,2053.72
256,2048,64,1024,3840.38
256,2048,64,2048,7454.54
256,2048,64,4096,14840
256,2048,64,8192,29488.2
256,2048,64,16384,58715.3
256,2048,128,16,917.963
256,2048,128,32,964.064
256,2048,128,64,963.211
256,2048,128,128,1348.63
256,2048,128,256,2069.67
256,2048,128,512,3900.37
256,2048,128,1024,7537.52
256,2048,128,2048,14890.1
256,2048,128,4096,29529.4
256,2048,128,8192,58896.2
256,2048,128,16384,117491
256,4096,0,0,483.639
256,4096,1,16,484.138
256,4096,1,32,484.501
256,4096,1,64,484.321
256,4096,1,128,485.899
256,4096,1,256,483.68
256,4096,1,512,485.43
256,4096,1,1024,484.47
256,4096,1,2048,490.998
256,4096,1,4096,499.691
256,4096,1,8192,716.748
256,4096,1,16384,1069.53
256,4096,2,16,488.223
256,4096,2,32,488.822
256,4096,2,64,487.915
256,4096,2,128,489.099
256,4096,2,256,486.88
256,4096,2,512,492
256,4096,2,1024,493.078
256,4096,2,2048,554.645
256,4096,2,4096,617.483
256,4096,2,8192,854.081
256,4096,2,16384,1425.19
256,4096,4,16,493.12
256,4096,4,32,491.275
256,4096,4,64,490.741
256,4096,4,128,498.667
256,4096,4,256,495.627
256,4096,4,512,517.345
256,4096,4,1024,551.029
256,4096,4,2048,635.404
256,4096,4,4096,854.699
256,4096,4,8192,1213.41
256,4096,4,16384,2373.29
256,4096,8,16,503.531
256,4096,8,32,501.185
256,4096,8,64,504.065
256,4096,8,128,507.967
256,4096,8,256,531.851
256,4096,8,512,575.415
256,4096,8,1024,672.608
256,4096,8,2048,833.856
256,4096,8,4096,1224.96
256,4096,8,8192,2391.54
256,4096,8,16384,6141.69
256,4096,16,16,536.885
256,4096,16,32,535.7
256,4096,16,64,532.971
256,4096,16,128,578.475
256,4096,16,256,620.501
256,4096,16,512,711.157
256,4096,16,1024,949.078
256,4096,16,2048,1540.12
256,4096,16,4096,2561.85
256,4096,16,8192,6920
256,4096,16,16384,13838.4
256,4096,32,16,618.027
256,4096,32,32,619.243
256,4096,32,64,621.601
256,4096,32,128,708.427
256,4096,32,256,800.469
256,4096,32,512,1198.49
256,4096,32,1024,1938.44
256,4096,32,2048,3584.4
256,4096,32,4096,7100.3
256,4096,32,8192,14412.9
256,4096,32,16384,28622.1
256,4096,64,16,784.929
256,4096,64,32,792.875
256,4096,64,64,796.236
256,4096,64,128,975.926
256,4096,64,256,1298.85
256,4096,64,512,2218.51
256,4096,64,1024,4002.08
256,4096,64,2048,7622.82
256,4096,64,4096,14932.1
256,4096,64,8192,29654
256,4096,64,16384,58912.4
256,4096,128,16,1130.2
256,4096,128,32,1146.49
256,4096,128,64,1176.93
256,4096,128,128,1579.97
256,4096,128,256,2242.02
256,4096,128,512,4068.19
256,4096,128,1024,7673.11
256,4096,128,2048,14998.3
256,4096,128,4096,29672.6
256,4096,128,8192,59035.4
256,4096,128,16384,117710
256,8192,0,0,923.905
256,8192,1,16,931.349
256,8192,1,32,922.379
256,8192,1,64,923.969
256,8192,1,128,937.227
256,8192,1,256,934.273
256,8192,1,512,930.369
256,8192,1,1024,934.657
256,8192,1,2048,930.764
256,8192,1,4096,934.368
256,8192,1,8192,951.797
256,8192,1,16384,1408.84
256,8192,2,16,936.854
256,8192,2,32,938.027
256,8192,2,64,930.752
256,8192,2,128,932.95
256,8192,2,256,931.542
256,8192,2,512,936.821
256,8192,2,1024,936.428
256,8192,2,2048,936.427
256,8192,2,4096,1059.27
256,8192,2,8192,1179.71
256,8192,2,16384,1652.99
256,8192,4,16,935.86
256,8192,4,32,938.072
256,8192,4,64,944.844
256,8192,4,128,943.713
256,8192,4,256,934.646
256,8192,4,512,932.982
256,8192,4,1024,974.677
256,8192,4,2048,1036.41
256,8192,4,4096,1209.46
256,8192,4,8192,1647.29
256,8192,4,16384,2390.34
256,8192,8,16,954.486
256,8192,8,32,952.609
256,8192,8,64,955.116
256,8192,8,128,954.763
256,8192,8,256,955.893
256,8192,8,512,982.241
256,8192,8,1024,1067.69
256,8192,8,2048,1279.77
256,8192,8,4096,1594.24
256,8192,8,8192,2390.59
256,8192,8,16384,5889.24
256,8192,16,16,963.83
256,8192,16,32,964.939
256,8192,16,64,962.646
256,8192,16,128,989.141
256,8192,16,256,1025.75
256,8192,16,512,1112.43
256,8192,16,1024,1342.24
256,8192,16,2048,2155.01
256,8192,16,4096,3485.85
256,8192,16,8192,6395.33
256,8192,16,16384,14170.4
256,8192,32,16,1031.93
256,8192,32,32,1039.39
256,8192,32,64,1031.92
256,8192,32,128,1112.37
256,8192,32,256,1219.65
256,8192,32,512,1563.17
256,8192,32,1024,2328.12
256,8192,32,2048,4061.94
256,8192,32,4096,7366.19
256,8192,32,8192,14296.2
256,8192,32,16384,28967.3
256,8192,64,16,1201.55
256,8192,64,32,1206.31
256,8192,64,64,1222.88
256,8192,64,128,1389.21
256,8192,64,256,1670.26
256,8192,64,512,2523.28
256,8192,64,1024,4319.66
256,8192,64,2048,7931.07
256,8192,64,4096,15168.6
256,8192,64,8192,29754.2
256,8192,64,16384,59265.9
256,8192,128,16,1580.98
256,8192,128,32,1575.8
256,8192,128,64,1622.9
256,8192,128,128,2003.32
256,8192,128,256,2622.33
256,8192,128,512,4388.89
256,8192,128,1024,8002.51
256,8192,128,2048,15274.9
256,8192,128,4096,29860.5
256,8192,128,8192,59294.6
256,8192,128,16384,118150
256,16384,0,0,1809.52
256,16384,1,16,1819.52
256,16384,1,32,1817.48
256,16384,1,64,1819.16
256,16384,1,128,1818.21
256,16384,1,256,1822.32
256,16384,1,512,1817.76
256,16384,1,1024,1815.06
256,16384,1,2048,1817.68
256,16384,1,4096,1820.55
256,16384,1,8192,1834.56
256,16384,1,16384,1873.23
256,16384,2,16,1824.74
256,16384,2,32,1819.7
256,16384,2,64,1825.92
256,16384,2,128,1820.06
256,16384,2,256,1820.43
256,16384,2,512,1833.45
256,16384,2,1024,1823.94
256,16384,2,2048,1815.93
256,16384,2,4096,1849.3
256,16384,2,8192,2086.3
256,16384,2,16384,2324.73
256,16384,4,16,1830.97
256,16384,4,32,1833.48
256,16384,4,64,1843.69
256,16384,4,128,1832.73
256,16384,4,256,1846.06
256,16384,4,512,1837.06
256,16384,4,1024,1842.88
256,16384,4,2048,1896.7
256,16384,4,4096,2013.07
256,16384,4,8192,2352.67
256,16384,4,16384,3252.39
256,16384,8,16,1839.23
256,16384,8,32,1841.2
256,16384,8,64,1847.41
256,16384,8,128,1852.46
256,16384,8,256,1853.29
256,16384,8,512,1872.19
256,16384,8,1024,1931.23
256,16384,8,2048,2075.28
256,16384,8,4096,2619.96
256,16384,8,8192,3600.99
256,16384,8,16384,5883.08
256,16384,16,16,1872.26
256,16384,16,32,1847.81
256,16384,16,64,1876.16
256,16384,16,128,1878.42
256,16384,16,256,1904.26
256,16384,16,512,1946.71
256,16384,16,1024,2197.56
256,16384,16,2048,2860.02
256,16384,16,4096,4390.65
256,16384,16,8192,7551.56
256,16384,16,16384,13843.6
256,16384,32,16,1888.45
256,16384,32,32,1904.6
256,16384,32,64,1908.64
256,16384,32,128,1969.72
256,16384,32,256,2037.36
256,16384,32,512,2326.31
256,16384,32,1024,3076.88
256,16384,32,2048,4689.37
256,16384,32,4096,8125
256,16384,32,8192,14979
256,16384,32,16384,28544.9
256,16384,64,16,2043.52
256,16384,64,32,2034.96
256,16384,64,64,2053.03
256,16384,64,128,2238.95
256,16384,64,256,2462.99
256,16384,64,512,3209.55
256,16384,64,1024,4962.43
256,16384,64,2048,8572.25
256,16384,64,4096,15852
256,16384,64,8192,30472.5
256,16384,64,16384,59704.5
256,16384,128,16,2430.27
256,16384,128,32,2422.45
256,16384,128,64,2463.86
256,16384,128,128,2835.68
256,16384,128,256,3377.48
256,16384,128,512,5035.34
256,16384,128,1024,8659.07
256,16384,128,2048,15935.5
256,16384,128,4096,30435
256,16384,128,8192,59746.1
256,16384,128,16384,118481
512,0,0,0,101.835
512,0,1,16,105.611
512,0,1,32,107.521
512,0,1,64,107.456
512,0,1,128,109.29
512,0,1,256,111.403
512,0,1,512,118.251
512,0,1,1024,143.659
512,0,1,2048,187.051
512,0,1,4096,271.125
512,0,1,8192,392.012
512,0,1,16384,609.867
512,0,2,16,112.469
512,0,2,32,114.688
512,0,2,64,113.311
512,0,2,128,118.848
512,0,2,256,123.179
512,0,2,512,136.341
512,0,2,1024,173.014
512,0,2,2048,232.598
512,0,2,4096,345.974
512,0,2,8192,588.139
512,0,2,16384,1058.78
512,0,4,16,128.885
512,0,4,32,126.379
512,0,4,64,127.744
512,0,4,128,137.152
512,0,4,256,149.152
512,0,4,512,172.171
512,0,4,1024,228.619
512,0,4,2048,331.691
512,0,4,4096,577.92
512,0,4,8192,1110.61
512,0,4,16384,2154.18
512,0,8,16,152.416
512,0,8,32,153.878
512,0,8,64,157.013
512,0,8,128,176.405
512,0,8,256,196.406
512,0,8,512,243.893
512,0,8,1024,345.771
512,0,8,2048,647.553
512,0,8,4096,1282.6
512,0,8,8192,2499.66
512,0,8,16384,4885.46
512,0,16,16,208.043
512,0,16,32,210.795
512,0,16,64,210.486
512,0,16,128,255.904
512,0,16,256,291.872
512,0,16,512,389.526
512,0,16,1024,789.857
512,0,16,2048,1601.58
512,0,16,4096,3079.32
512,0,16,8192,6213.63
512,0,16,16384,12577.1
512,0,32,16,321.419
512,0,32,32,320.16
512,0,32,64,318.187
512,0,32,128,399.275
512,0,32,256,501.408
512,0,32,512,925.109
512,0,32,1024,1844.5
512,0,32,2048,3586.61
512,0,32,4096,7055.91
512,0,32,8192,13936.6
512,0,32,16384,27871.7
512,0,64,16,527.265
512,0,64,32,531.862
512,0,64,64,535.884
512,0,64,128,703.904
512,0,64,256,985.259
512,0,64,512,1964.45
512,0,64,1024,3793.61
512,0,64,2048,7469.53
512,0,64,4096,14786.7
512,0,64,8192,29421.5
512,0,64,16384,58600.8
512,0,128,16,966.988
512,0,128,32,1010.06
512,0,128,64,987.745
512,0,128,128,1410.64
512,0,128,256,1987.21
512,0,128,512,3816.19
512,0,128,1024,7466.64
512,0,128,2048,14828.1
512,0,128,4096,29445.5
512,0,128,8192,58769.2
512,0,128,16384,117306
512,16,0,0,112.448
512,16,1,16,118.412
512,16,1,32,117.472
512,16,1,64,118.048
512,16,1,128,124.044
512,16,1,256,123.659
512,16,1,512,127.253
512,16,1,1024,150.869
512,16,1,2048,196.342
512,16,1,4096,279.445
512,16,1,8192,411.701
512,16,1,16384,633.59
512,16,2,16,126.304
512,16,2,32,127.349
512,16,2,64,124.512
512,16,2,128,130.731
512,16,2,256,134.251
512,16,2,512,145.963
512,16,2,1024,178.293
512,16,2,2048,250.208
512,16,2,4096,364.715
512,16,2,8192,592.459
512,16,2,16384,1043.92
512,16,4,16,138.475
512,16,4,32,140.363
512,16,4,64,139.925
512,16,4,128,149.312
512,16,4,256,161.195
512,16,4,512,183.478
512,16,4,1024,236.619
512,16,4,2048,347.968
512,16,4,4096,588.523
512,16,4,8192,1137.9
512,16,4,16384,2128.98
512,16,8,16,166.838
512,16,8,32,168.096
512,16,8,64,171.84
512,16,8,128,192.512
512,16,8,256,207.84
512,16,8,512,252.512
512,16,8,1024,350.368
512,16,8,2048,650.155
512,16,8,4096,1321.89
512,16,8,8192,2544.18
512,16,8,16384,4886.92
512,16,16,16,220.523
512,16,16,32,223.819
512,16,16,64,224.928
512,16,16,128,262.538
512,16,16,256,306.198
512,16,16,512,405.356
512,16,16,1024,809.186
512,16,16,2048,1675.55
512,16,16,4096,3197.52
512,16,16,8192,6272.69
512,16,16,16384,12685.6
512,16,32,16,322.123
512,16,32,32,332.256
512,16,32,64,334.219
512,16,32,128,421.931
512,16,32,256,500.971
512,16,32,512,925.29
512,16,32,1024,1875.23
512,16,32,2048,3634.89
512,16,32,4096,7146.16
512,16,32,8192,14140.3
512,16,32,16384,27896.1
512,16,64,16,555.467
512,16,64,32,541.387
512,16,64,64,547.968
512,16,64,128,736.353
512,16,64,256,983.436
512,16,64,512,1961.36
512,16,64,1024,3799.84
512,16,64,2048,7480.41
512,16,64,4096,14795.2
512,16,64,8192,29411.4
512,16,64,16384,58641.6
512,16,128,16,991.745
512,16,128,32,1014.1
512,16,128,64,1010.36
512,16,128,128,1431.28
512,16,128,256,1988.68
512,16,128,512,3817.54
512,16,128,1024,7462.85
512,16,128,2048,14830
512,16,128,4096,29448.6
512,16,128,8192,58766.6
512,16,128,16384,117349
512,32,0,0,113.088
512,32,1,16,118.059
512,32,1,32,118.795
512,32,1,64,119.765
512,32,1,128,122.283
512,32,1,256,125.088
512,32,1,512,129.142
512,32,1,1024,152.811
512,32,1,2048,194.709
512,32,1,4096,286.091
512,32,1,8192,409.92
512,32,1,16384,640.843
512,32,2,16,126.859
512,32,2,32,128.555
512,32,2,64,127.051
512,32,2,128,129.216
512,32,2,256,136.555
512,32,2,512,146.315
512,32,2,1024,178.934
512,32,2,2048,241.792
512,32,2,4096,357.952
512,32,2,8192,587.809
512,32,2,16384,1062.33
512,32,4,16,142.4
512,32,4,32,142.4
512,32,4,64,139.745
512,32,4,128,150.016
512,32,4,256,159.925
512,32,4,512,187.989
512,32,4,1024,238.165
512,32,4,2048,345.099
512,32,4,4096,581.803
512,32,4,8192,1147.22
512,32,4,16384,2131.68
512,32,8,16,166.421
512,32,8,32,167.894
512,32,8,64,169.717
512,32,8,128,186.486
512,32,8,256,209.195
512,32,8,512,251.349
512,32,8,1024,351.616
512,32,8,2048,657.814
512,32,8,4096,1298.41
512,32,8,8192,2547.05
512,32,8,16384,5058.02
512,32,16,16,219.616
512,32,16,32,225.846
512,32,16,64,219.691
512,32,16,128,270.219
512,32,16,256,304.96
512,32,16,512,401.174
512,32,16,1024,766.475
512,32,16,2048,1661.52
512,32,16,4096,3155.53
512,32,16,8192,6374.73
512,32,16,16384,12768.4
512,32,32,16,328.331
512,32,32,32,331.691
512,32,32,64,335.158
512,32,32,128,423.584
512,32,32,256,511.958
512,32,32,512,937.025
512,32,32,1024,1877.75
512,32,32,2048,3641.99
512,32,32,4096,7133.94
512,32,32,8192,14123.2
512,32,32,16384,27849.2
512,32,64,16,542.251
512,32,64,32,559.937
512,32,64,64,550.741
512,32,64,128,713.772
512,32,64,256,991.297
512,32,64,512,1960.24
512,32,64,1024,3794.7
512,32,64,2048,7497.31
512,32,64,4096,14796.9
512,32,64,8192,29456.6
512,32,64,16384,58631
512,32,128,16,978.678
512,32,128,32,1017.6
512,32,128,64,1022.47
512,32,128,128,1395.08
512,32,128,256,1989.79
512,32,128,512,3820.79
512,32,128,1024,7471.97
512,32,128,2048,14856.6
512,32,128,4096,29455.5
512,32,128,8192,58805.5
512,32,128,16384,117430
512,64,0,0,115.467
512,64,1,16,118.016
512,64,1,32,119.083
512,64,1,64,118.272
512,64,1,128,121.995
512,64,1,256,123.798
512,64,1,512,129.504
512,64,1,1024,154.187
512,64,1,2048,195.765
512,64,1,4096,280.843
512,64,1,8192,422.763
512,64,1,16384,638.156
512,64,2,16,126.165
512,64,2,32,126.091
512,64,2,64,125.877
512,64,2,128,130.635
512,64,2,256,137.217
512,64,2,512,148.405
512,64,2,1024,182.667
512,64,2,2048,246.165
512,64,2,4096,358.998
512,64,2,8192,588.833
512,64,2,16384,1045.15
512,64,4,16,140.48
512,64,4,32,139.339
512,64,4,64,139.392
512,64,4,128,151.328
512,64,4,256,159.296
512,64,4,512,183.99
512,64,4,1024,241.761
512,64,4,2048,344.555
512,64,4,4096,600.011
512,64,4,8192,1141.6
512,64,4,16384,2143.1
512,64,8,16,166.293
512,64,8,32,166.326
512,64,8,64,169.782
512,64,8,128,189.792
512,64,8,256,205.142
512,64,8,512,258.069
512,64,8,1024,351.264
512,64,8,2048,669.931
512,64,8,4096,1291.52
512,64,8,8192,2579.62
512,64,8,16384,5195.58
512,64,16,16,224.235
512,64,16,32,221.623
512,64,16,64,222.08
512,64,16,128,266.411
512,64,16,256,306.23
512,64,16,512,397.014
512,64,16,1024,795.307
512,64,16,2048,1711.27
512,64,16,4096,3229.06
512,64,16,8192,6356.44
512,64,16,16384,12987.2
512,64,32,16,326.272
512,64,32,32,330.624
512,64,32,64,332.33
512,64,32,128,416.268
512,64,32,256,501.633
512,64,32,512,915.936
512,64,32,1024,1881.63
512,64,32,2048,3668.56
512,64,32,4096,7128.75
512,64,32,8192,14160.8
512,64,32,16384,27924.5
512,64,64,16,554.166
512,64,64,32,546.923
512,64,64,64,553.985
512,64,64,128,727.851
512,64,64,256,1002.35
512,64,64,512,1962.69
512,64,64,1024,3800.18
512,64,64,2048,7496
512,64,64,4096,14798.9
512,64,64,8192,29425
512,64,64,16384,58628.5
512,64,128,16,959.532
512,64,128,32,1006.86
512,64,128,64,1018.52
512,64,128,128,1393.71
512,64,128,256,1994.03
512,64,128,512,3821.65
512,64,128,1024,7473.08
512,64,128,2048,14861.5
512,64,128,4096,29459.6
512,64,128,8192,58775.9
512,64,128,16384,117341
512,128,0,0,122.891
512,128,1,16,128.427
512,128,1,32,128.768
512,128,1,64,129.323
512,128,1,128,132.661
512,128,1,256,137.12
512,128,1,512,139.658
512,128,1,1024,166.091
512,128,1,2048,210.806
512,128,1,4096,290.55
512,128,1,8192,427.777
512,128,1,16384,665.004
512,128,2,16,135.488
512,128,2,32,135.136
512,128,2,64,137.088
512,128,2,128,140.725
512,128,2,256,145.473
512,128,2,512,156.566
512,128,2,1024,190.87
512,128,2,2048,261.579
512,128,2,4096,379.638
512,128,2,8192,615.094
512,128,2,16384,1054.88
512,128,4,16,149.568
512,128,4,32,148.992
512,128,4,64,151.691
512,128,4,128,160.021
512,128,4,256,175.381
512,128,4,512,195.883
512,128,4,1024,249.643
512,128,4,2048,355.382
512,128,4,4096,616.641
512,128,4,8192,1149.03
512,128,4,16384,2231.83
512,128,8,16,182.113
512,128,8,32,182.347
512,128,8,64,178.624
512,128,8,128,201.056
512,128,8,256,221.173
512,128,8,512,264.405
512,128,8,1024,363.52
512,128,8,2048,672.353
512,128,8,4096,1346.59
512,128,8,8192,2610.2
512,128,8,16384,5066.95
512,128,16,16,231.51
512,128,16,32,233.504
512,128,16,64,234.25
512,128,16,128,279.766
512,128,16,256,317.398
512,128,16,512,408.587
512,128,16,1024,775.947
512,128,16,2048,1689.35
512,128,16,4096,3317.69
512,128,16,8192,6427.3
512,128,16,16384,12847.1
512,128,32,16,333.601
512,128,32,32,345.953
512,128,32,64,344.875
512,128,32,128,425.632
512,128,32,256,519.573
512,128,32,512,943.329
512,128,32,1024,1890.36
512,128,32,2048,3667.08
512,128,32,4096,7192.79
512,128,32,8192,14167.4
512,128,32,16384,28308.5
512,128,64,16,555.383
512,128,64,32,553.174
512,128,64,64,561.75
512,128,64,128,734.294
512,128,64,256,1000.79
512,128,64,512,1964.9
512,128,64,1024,3795.94
512,128,64,2048,7487.85
512,128,64,4096,14811.2
512,128,64,8192,29490.4
512,128,64,16384,58696.4
512,128,128,16,987.286
512,128,128,32,1026.89
512,128,128,64,1031.24
512,128,128,128,1384.43
512,128,128,256,2006.19
512,128,128,512,3826.02
512,128,128,1024,7465.47
512,128,128,2048,14827.8
512,128,128,4096,29463.2
512,128,128,8192,58800
512,128,128,16384,117349
512,256,0,0,146.475
512,256,1,16,154.561
512,256,1,32,156.235
512,256,1,64,155.669
512,256,1,128,158.955
512,256,1,256,158.987
512,256,1,512,167.371
512,256,1,1024,183.755
512,256,1,2048,228.384
512,256,1,4096,313.42
512,256,1,8192,475.958
512,256,1,16384,707.265
512,256,2,16,162.687
512,256,2,32,163.243
512,256,2,64,161.419
512,256,2,128,165.099
512,256,2,256,170.208
512,256,2,512,182.155
512,256,2,1024,211.019
512,256,2,2048,274.379
512,256,2,4096,394.336
512,256,2,8192,628.129
512,256,2,16384,1099.76
512,256,4,16,175.424
512,256,4,32,174.987
512,256,4,64,173.685
512,256,4,128,188.737
512,256,4,256,200.256
512,256,4,512,217.547
512,256,4,1024,272.896
512,256,4,2048,373.067
512,256,4,4096,620.907
512,256,4,8192,1235.02
512,256,4,16384,2298.66
512,256,8,16,200.288
512,256,8,32,206.219
512,256,8,64,201.931
512,256,8,128,224.256
512,256,8,256,244.918
512,256,8,512,287.734
512,256,8,1024,394.347
512,256,8,2048,651.736
512,256,8,4096,1421.17
512,256,8,8192,2772.6
512,256,8,16384,5368.85
512,256,16,16,259.328
512,256,16,32,260.704
512,256,16,64,255.531
512,256,16,128,299.894
512,256,16,256,346.923
512,256,16,512,425.216
512,256,16,1024,762.945
512,256,16,2048,1760.94
512,256,16,4096,3379.65
512,256,16,8192,6643.88
512,256,16,16384,13065.3
512,256,32,16,371.883
512,256,32,32,366.966
512,256,32,64,375.958
512,256,32,128,448.609
512,256,32,256,536.139
512,256,32,512,922.273
512,256,32,1024,1903.35
512,256,32,2048,3692.96
512,256,32,4096,7253.85
512,256,32,8192,14406.8
512,256,32,16384,28676.3
512,256,64,16,593.825
512,256,64,32,593.238
512,256,64,64,582.443
512,256,64,128,752.342
512,256,64,256,1009.02
512,256,64,512,1974.64
512,256,64,1024,3802.05
512,256,64,2048,7496.54
512,256,64,4096,14821.4
512,256,64,8192,29484.8
512,256,64,16384,58748.2
512,256,128,16,1045.18
512,256,128,32,1030.77
512,256,128,64,1045.14
512,256,128,128,1442.06
512,256,128,256,2013.57
512,256,128,512,3832.51
512,256,128,1024,7473
512,256,128,2048,14850.4
512,256,128,4096,29480.1
512,256,128,8192,58809.6
512,256,128,16384,117378
512,512,0,0,192.267
512,512,1,16,198.593
512,512,1,32,199.392
512,512,1,64,199.201
512,512,1,128,200.395
512,512,1,256,203.947
512,512,1,512,208.737
512,512,1,1024,222.517
512,512,1,2048,269.867
512,512,1,4096,358.934
512,512,1,8192,528.844
512,512,1,16384,762.444
512,512,2,16,206.027
512,512,2,32,209.077
512,512,2,64,209.547
512,512,2,128,214.016
512,512,2,256,216.79
512,512,2,512,227.104
512,512,2,1024,255.392
512,512,2,2048,319.286
512,512,2,4096,446.581
512,512,2,8192,689.665
512,512,2,16384,1152.78
512,512,4,16,222.272
512,512,4,32,221.921
512,512,4,64,222.54
512,512,4,128,228.299
512,512,4,256,241.429
512,512,4,512,261.814
512,512,4,1024,313.536
512,512,4,2048,416.47
512,512,4,4096,664.224
512,512,4,8192,1257.39
512,512,4,16384,2427.28
512,512,8,16,252.405
512,512,8,32,252.737
512,512,8,64,249.931
512,512,8,128,274.955
512,512,8,256,287.926
512,512,8,512,333.377
512,512,8,1024,426.656
512,512,8,2048,694.956
512,512,8,4096,1483.72
512,512,8,8192,2937.2
512,512,8,16384,5882.1
512,512,16,16,306.294
512,512,16,32,309.035
512,512,16,64,302.529
512,512,16,128,345.121
512,512,16,256,399.499
512,512,16,512,478.742
512,512,16,1024,815.884
512,512,16,2048,1826.3
512,512,16,4096,3590.69
512,512,16,8192,6896.06
512,512,16,16384,13543.9
512,512,32,16,415.435
512,512,32,32,411.158
512,512,32,64,413.013
512,512,32,128,500.556
512,512,32,256,587.873
512,512,32,512,957.376
512,512,32,1024,1872.43
512,512,32,2048,3757.36
512,512,32,4096,7367.53
512,512,32,8192,14566.3
512,512,32,16384,28881.2
512,512,64,16,636.566
512,512,64,32,632.065
512,512,64,64,646.752
512,512,64,128,799.222
512,512,64,256,1040.56
512,512,64,512,1988.6
512,512,64,1024,3821.21
512,512,64,2048,7518.14
512,512,64,4096,14851.7
512,512,64,8192,29557.5
512,512,64,16384,58816.5
512,512,128,16,1036.44
512,512,128,32,1108.2
512,512,128,64,1083.69
512,512,128,128,1438.69
512,512,128,256,2033.92
512,512,128,512,3847.53
512,512,128,1024,7490.54
512,512,128,2048,14880.5
512,512,128,4096,29504.3
512,512,128,8192,58883.1
512,512,128,16384,117443
512,1024,0,0,294.112
512,1024,1,16,296.225
512,1024,1,32,289.004
512,1024,1,64,296.501
512,1024,1,128,293.814
512,1024,1,256,295.286
512,1024,1,512,301.398
512,1024,1,1024,309.238
512,1024,1,2048,349.558
512,1024,1,4096,446.251
512,1024,1,8192,605.323
512,1024,1,16384,937.985
512,1024,2,16,300.363
512,1024,2,32,300.16
512,1024,2,64,298.55
512,1024,2,128,303.265
512,1024,2,256,305.835
512,1024,2,512,321.451
512,1024,2,1024,340.363
512,1024,2,2048,404.662
512,1024,2,4096,532.812
512,1024,2,8192,776.15
512,1024,2,16384,1294.21
512,1024,4,16,319.136
512,1024,4,32,312.47
512,1024,4,64,308.95
512,1024,4,128,329.931
512,1024,4,256,332.544
512,1024,4,512,359.425
512,1024,4,1024,408.406
512,1024,4,2048,513.931
512,1024,4,4096,729.729
512,1024,4,8192,1314.12
512,1024,4,16384,2646.02
512,1024,8,16,348.534
512,1024,8,32,348.64
512,1024,8,64,342.88
512,1024,8,128,370.955
512,1024,8,256,383.531
512,1024,8,512,440.555
512,1024,8,1024,516.128
512,1024,8,2048,768.811
512,1024,8,4096,1429.3
512,1024,8,8192,3167.66
512,1024,8,16384,6372.49
512,1024,16,16,402.401
512,1024,16,32,397.622
512,1024,16,64,396.822
512,1024,16,128,442.357
512,1024,16,256,489.782
512,1024,16,512,577.11
512,1024,16,1024,800.705
512,1024,16,2048,1614.46
512,1024,16,4096,3663.1
512,1024,16,8192,7185
512,1024,16,16384,14025.5
512,1024,32,16,498.615
512,1024,32,32,513.398
512,1024,32,64,508.011
512,1024,32,128,601.121
512,1024,32,256,698.198
512,1024,32,512,990.529
512,1024,32,1024,1559.63
512,1024,32,2048,3787.66
512,1024,32,4096,7414.29
512,1024,32,8192,14670.7
512,1024,32,16384,29069.5
512,1024,64,16,719.073
512,1024,64,32,734.849
512,1024,64,64,746.092
512,1024,64,128,892.811
512,1024,64,256,1136.5
512,1024,64,512,2021.57
512,1024,64,1024,3856.34
512,1024,64,2048,7553.86
512,1024,64,4096,14923
512,1024,64,8192,29640.9
512,1024,64,16384,58919.4
512,1024,128,16,1174.77
512,1024,128,32,1195.11
512,1024,128,64,1192.76
512,1024,128,128,1599.81
512,1024,128,256,2080.79
512,1024,128,512,3873.76
512,1024,128,1024,7526.1
512,1024,128,2048,14905.9
512,1024,128,4096,29591.6
512,1024,128,8192,58946.1
512,1024,128,16384,117573
512,2048,0,0,483.041
512,2048,1,16,498.774
512,2048,1,32,496.972
512,2048,1,64,493.782
512,2048,1,128,492.8
512,2048,1,256,492.171
512,2048,1,512,494.977
512,2048,1,1024,502.496
512,2048,1,2048,519.318
512,2048,1,4096,605.803
512,2048,1,8192,800.428
512,2048,1,16384,1179.9
512,2048,2,16,502.721
512,2048,2,32,496.524
512,2048,2,64,497.654
512,2048,2,128,488.225
512,2048,2,256,493.014
512,2048,2,512,514.145
512,2048,2,1024,541.131
512,2048,2,2048,578.465
512,2048,2,4096,691.531
512,2048,2,8192,967.767
512,2048,2,16384,1453.35
512,2048,4,16,499.904
512,2048,4,32,503.35
512,2048,4,64,504.608
512,2048,4,128,506.112
512,2048,4,256,518.892
512,2048,4,512,544.204
512,2048,4,1024,590.785
512,2048,4,2048,680.556
512,2048,4,4096,902.22
512,2048,4,8192,1477.63
512,2048,4,16384,2780.15
512,2048,8,16,524.939
512,2048,8,32,523.798
512,2048,8,64,523.638
512,2048,8,128,551.02
512,2048,8,256,573.931
512,2048,8,512,617.696
512,2048,8,1024,710.689
512,2048,8,2048,885.335
512,2048,8,4096,1352.39
512,2048,8,8192,3295.6
512,2048,8,16384,6673.59
512,2048,16,16,580.268
512,2048,16,32,594.038
512,2048,16,64,592.395
512,2048,16,128,622.881
512,2048,16,256,683.681
512,2048,16,512,771.233
512,2048,16,1024,956.033
512,2048,16,2048,1373.96
512,2048,16,4096,3528.29
512,2048,16,8192,7257.49
512,2048,16,16384,14369.8
512,2048,32,16,686.721
512,2048,32,32,696.405
512,2048,32,64,693.889
512,2048,32,128,782.518
512,2048,32,256,873.601
512,2048,32,512,1075.45
512,2048,32,1024,2003.53
512,2048,32,2048,3312.7
512,2048,32,4096,7497.87
512,2048,32,8192,14826
512,2048,32,16384,29308.1
512,2048,64,16,903.969
512,2048,64,32,907.019
512,2048,64,64,935.638
512,2048,64,128,1117.51
512,2048,64,256,1325.17
512,2048,64,512,2110.88
512,2048,64,1024,3927.47
512,2048,64,2048,7647.25
512,2048,64,4096,15035.1
512,2048,64,8192,29850.4
512,2048,64,16384,59109.6
512,2048,128,16,1365.2
512,2048,128,32,1365.42
512,2048,128,64,1386.31
512,2048,128,128,1812.13
512,2048,128,256,2223.78
512,2048,128,512,3940.18
512,2048,128,1024,7593.26
512,2048,128,2048,15019.8
512,2048,128,4096,29700.6
512,2048,128,8192,59103.6
512,2048,128,16384,117746
512,4096,0,0,875.264
512,4096,1,16,866.071
512,4096,1,32,872.716
512,4096,1,64,891.606
512,4096,1,128,887.382
512,4096,1,256,894.518
512,4096,1,512,877.985
512,4096,1,1024,874.988
512,4096,1,2048,890.38
512,4096,1,4096,919.703
512,4096,1,8192,1105.09
512,4096,1,16384,1446.37
512,4096,2,16,877.292
512,4096,2,32,876.065
512,4096,2,64,883.286
512,4096,2,128,888.129
512,4096,2,256,889.59
512,4096,2,512,883.126
512,4096,2,1024,889.099
512,4096,2,2048,945.792
512,4096,2,4096,1010.56
512,4096,2,8192,1290.32
512,4096,2,16384,1866.74
512,4096,4,16,909.868
512,4096,4,32,890.987
512,4096,4,64,916.428
512,4096,4,128,892.514
512,4096,4,256,916.534
512,4096,4,512,922.092
512,4096,4,1024,978.252
512,4096,4,2048,1038.37
512,4096,4,4096,1266.69
512,4096,4,8192,1621.6
512,4096,4,16384,2830.71
512,4096,8,16,915.372
512,4096,8,32,936.354
512,4096,8,64,907.499
512,4096,8,128,944.865
512,4096,8,256,925.89
512,4096,8,512,1010.36
512,4096,8,1024,1088.77
512,4096,8,2048,1238.03
512,4096,8,4096,1624.35
512,4096,8,8192,2894.74
512,4096,8,16384,6995.28
512,4096,16,16,967.713
512,4096,16,32,988.566
512,4096,16,64,951.905
512,4096,16,128,990.988
512,4096,16,256,1056.68
512,4096,16,512,1152.08
512,4096,16,1024,1357.06
512,4096,16,2048,1929.24
512,4096,16,4096,3078.57
512,4096,16,8192,7409.47
512,4096,16,16384,14496.4
512,4096,32,16,1054.96
512,4096,32,32,1084.19
512,4096,32,64,1078.78
512,4096,32,128,1151.07
512,4096,32,256,1249.07
512,4096,32,512,1471.52
512,4096,32,1024,2175.59
512,4096,32,2048,3949.23
512,4096,32,4096,7290.76
512,4096,32,8192,14950.7
512,4096,32,16384,29760.3
512,4096,64,16,1277.19
512,4096,64,32,1321.97
512,4096,64,64,1311.41
512,4096,64,128,1490.59
512,4096,64,256,1720.67
512,4096,64,512,2276.2
512,4096,64,1024,4180.7
512,4096,64,2048,7750.73
512,4096,64,4096,15154.3
512,4096,64,8192,30072.9
512,4096,64,16384,59569.1
512,4096,128,16,1715.31
512,4096,128,32,1787.55
512,4096,128,64,1781.94
512,4096,128,128,2197.28
512,4096,128,256,2580.5
512,4096,128,512,4095.86
512,4096,128,1024,7760.26
512,4096,128,2048,15087.4
512,4096,128,4096,29939.1
512,4096,128,8192,59446.8
512,4096,128,16384,118127
512,8192,0,0,1630.19
512,8192,1,16,1660.77
512,8192,1,32,1668.91
512,8192,1,64,1656.47
512,8192,1,128,1683.94
512,8192,1,256,1653.66
512,8192,1,512,1649.55
512,8192,1,1024,1653.31
512,8192,1,2048,1694.73
512,8192,1,4096,1700.82
512,8192,1,8192,1692.95
512,8192,1,16384,2116.5
512,8192,2,16,1701.94
512,8192,2,32,1654.66
512,8192,2,64,1654.97
512,8192,2,128,1714.1
512,8192,2,256,1699.88
512,8192,2,512,1661.47
512,8192,2,1024,1657.11
512,8192,2,2048,1672.34
512,8192,2,4096,1801.81
512,8192,2,8192,1905.29
512,8192,2,16384,2447.3
512,8192,4,16,1667.63
512,8192,4,32,1666.22
512,8192,4,64,1696.53
512,8192,4,128,1710.2
512,8192,4,256,1714.88
512,8192,4,512,1680.25
512,8192,4,1024,1751.52
512,8192,4,2048,1780.23
512,8192,4,4096,1952.08
512,8192,4,8192,2379.3
512,8192,4,16384,3151.53
512,8192,8,16,1686.89
512,8192,8,32,1716.1
512,8192,8,64,1686.81
512,8192,8,128,1748.84
512,8192,8,256,1748.85
512,8192,8,512,1741.57
512,8192,8,1024,1857.73
512,8192,8,2048,2025.8
512,8192,8,4096,2334.38
512,8192,8,8192,3182.21
512,8192,8,16384,7222.77
512,8192,16,16,1723.55
512,8192,16,32,1719.52
512,8192,16,64,1728.23
512,8192,16,128,1779.06
512,8192,16,256,1834.33
512,8192,16,512,1901.82
512,8192,16,1024,2126.37
512,8192,16,2048,2631.49
512,8192,16,4096,4316.77
512,8192,16,8192,7465.36
512,8192,16,16384,15126.5
512,8192,32,16,1799.63
512,8192,32,32,1810.49
512,8192,32,64,1826.09
512,8192,32,128,1924.35
512,8192,32,256,2039.09
512,8192,32,512,2192.81
512,8192,32,1024,2770.71
512,8192,32,2048,4454.15
512,8192,32,4096,7944.94
512,8192,32,8192,14997.4
512,8192,32,16384,29998.1
512,8192,64,16,2020.76
512,8192,64,32,2089.55
512,8192,64,64,2038.95
512,8192,64,128,2216.96
512,8192,64,256,2481.89
512,8192,64,512,2869.81
512,8192,64,1024,4440.94
512,8192,64,2048,8081.95
512,8192,64,4096,15567
512,8192,64,8192,30357.3
512,8192,64,16384,60079.3
512,8192,128,16,2586.3
512,8192,128,32,2605.58
512,8192,128,64,2607.1
512,8192,128,128,3000.82
512,8192,128,256,3360.86
512,8192,128,512,4517.49
512,8192,128,1024,8172.47
512,8192,128,2048,15512.4
512,8192,128,4096,30142.2
512,8192,128,8192,59902.4
512,8192,128,16384,118779
512,16384,0,0,3256.36
512,16384,1,16,3286.87
512,16384,1,32,3212.3
512,16384,1,64,3219.37
512,16384,1,128,3268.52
512,16384,1,256,3212.9
512,16384,1,512,3294.08
512,16384,1,1024,3220.27
512,16384,1,2048,3293.31
512,16384,1,4096,3304.78
512,16384,1,8192,3270.54
512,16384,1,16384,3314.83
512,16384,2,16,3283.83
512,16384,2,32,3214.67
512,16384,2,64,3218.27
512,16384,2,128,3224.2
512,16384,2,256,3292.69
512,16384,2,512,3264.77
512,16384,2,1024,3228.24
512,16384,2,2048,3270.79
512,16384,2,4096,3323.15
512,16384,2,8192,3465.44
512,16384,2,16384,3730.72
512,16384,4,16,3251.99
512,16384,4,32,3310.72
512,16384,4,64,3258.51
512,16384,4,128,3275.23
512,16384,4,256,3314.1
512,16384,4,512,3318.79
512,16384,4,1024,3293.35
512,16384,4,2048,3380.03
512,16384,4,4096,3504.64
512,16384,4,8192,3843.84
512,16384,4,16384,4675.88
512,16384,8,16,3247.68
512,16384,8,32,3274.3
512,16384,8,64,3279.19
512,16384,8,128,3285.47
512,16384,8,256,3293.74
512,16384,8,512,3368.15
512,16384,8,1024,3421.68
512,16384,8,2048,3533.14
512,16384,8,4096,4030.8
512,16384,8,8192,5485.35
512,16384,8,16384,7795.2
512,16384,16,16,3279.99
512,16384,16,32,3330.48
512,16384,16,64,3278.99
512,16384,16,128,3311.4
512,16384,16,256,3368.41
512,16384,16,512,3464.95
512,16384,16,1024,3573.1
512,16384,16,2048,4009.75
512,16384,16,4096,5873.41
512,16384,16,8192,8944.41
512,16384,16,16384,15339.3
512,16384,32,16,3372.68
512,16384,32,32,3435.56
512,16384,32,64,3450.98
512,16384,32,128,3418.91
512,16384,32,256,3584.73
512,16384,32,512,3760.44
512,16384,32,1024,4251.15
512,16384,32,2048,5751.78
512,16384,32,4096,8971.3
512,16384,32,8192,16088.4
512,16384,32,16384,30142.4
512,16384,64,16,3606.93
512,16384,64,32,3536.79
512,16384,64,64,3602.92
512,16384,64,128,3755.44
512,16384,64,256,3937.64
512,16384,64,512,4460.78
512,16384,64,1024,5466.15
512,16384,64,2048,8829.69
512,16384,64,4096,16258.9
512,16384,64,8192,31250.4
512,16384,64,16384,60616.4
512,16384,128,16,4176.22
512,16384,128,32,4197.42
512,16384,128,64,4201.67
512,16384,128,128,4505.79
512,16384,128,256,4912.1
512,16384,128,512,5762.05
512,16384,128,1024,8759.19
512,16384,128,2048,16135.6
512,16384,128,4096,30945.4
512,16384,128,8192,60405.7
512,16384,128,16384,119709
1024,0,0,0,281.856
1024,0,1,16,290.411
1024,0,1,32,295.456
1024,0,1,64,295.093
1024,0,1,128,297.91
1024,0,1,256,301.995
1024,0,1,512,314.486
1024,0,1,1024,321.121
1024,0,1,2048,370.924
1024,0,1,4096,466.005
1024,0,1,8192,643.574
1024,0,1,16384,954.38
1024,0,2,16,302.87
1024,0,2,32,305.398
1024,0,2,64,305.217
1024,0,2,128,309.985
1024,0,2,256,318.454
1024,0,2,512,326.421
1024,0,2,1024,354.977
1024,0,2,2048,423.659
1024,0,2,4096,556.342
1024,0,2,8192,863.756
1024,0,2,16384,1371.08
1024,0,4,16,333.121
1024,0,4,32,324.939
1024,0,4,64,333.419
1024,0,4,128,336.641
1024,0,4,256,346.914
1024,0,4,512,372.502
1024,0,4,1024,417.643
1024,0,4,2048,540.47
1024,0,4,4096,864.79
1024,0,4,8192,1524.15
1024,0,4,16384,2752.45
1024,0,8,16,366.773
1024,0,8,32,367.276
1024,0,8,64,376.235
1024,0,8,128,399.179
1024,0,8,256,417.376
1024,0,8,512,465.452
1024,0,8,1024,570.07
1024,0,8,2048,940.428
1024,0,8,4096,1777.59
1024,0,8,8192,3354.71
1024,0,8,16384,6486.1
1024,0,16,16,446.594
1024,0,16,32,447.318
1024,0,16,64,460.725
1024,0,16,128,491.617
1024,0,16,256,544.46
1024,0,16,512,627.735
1024,0,16,1024,990.689
1024,0,16,2048,1947.15
1024,0,16,4096,3746.85
1024,0,16,8192,7296.94
1024,0,16,16384,14150.7
1024,0,32,16,623.67
1024,0,32,32,617.708
1024,0,32,64,624.971
1024,0,32,128,726.476
1024,0,32,256,803.745
1024,0,32,512,1052.15
1024,0,32,1024,2003.94
1024,0,32,2048,3886.7
1024,0,32,4096,7542.31
1024,0,32,8192,14801.8
1024,0,32,16384,29179.8
1024,0,64,16,935.244
1024,0,64,32,975.991
1024,0,64,64,960.418
1024,0,64,128,1141.69
1024,0,64,256,1330.63
1024,0,64,512,2039.79
1024,0,64,1024,3886.28
1024,0,64,2048,7613.64
1024,0,64,4096,14954.4
1024,0,64,8192,29672.6
1024,0,64,16384,58957.7
1024,0,128,16,1630.48
1024,0,128,32,1596.86
1024,0,128,64,1668.59
1024,0,128,128,2064.84
1024,0,128,256,2463.81
1024,0,128,512,3924.17
1024,0,128,1024,7554.33
1024,0,128,2048,14955.2
1024,0,128,4096,29585.3
1024,0,128,8192,58950.6
1024,0,128,16384,117518
1024,16,0,0,306.571
1024,16,1,16,320.396
1024,16,1,32,319.606
1024,16,1,64,320
1024,16,1,128,328.961
1024,16,1,256,333.258
1024,16,1,512,341.686
1024,16,1,1024,341.729
1024,16,1,2048,389.9
1024,16,1,4096,487.446
1024,16,1,8192,654.87
1024,16,1,16384,1013.43
1024,16,2,16,329.196
1024,16,2,32,329.152
1024,16,2,64,335.317
1024,16,2,128,336.054
1024,16,2,256,342.987
1024,16,2,512,352.886
1024,16,2,1024,384.832
1024,16,2,2048,443.681
1024,16,2,4096,582.166
1024,16,2,8192,867.479
1024,16,2,16384,1442.18
1024,16,4,16,357.056
1024,16,4,32,352.769
1024,16,4,64,356.299
1024,16,4,128,359.169
1024,16,4,256,372.726
1024,16,4,512,406.582
1024,16,4,1024,444.438
1024,16,4,2048,554.774
1024,16,4,4096,865.793
1024,16,4,8192,1565.61
1024,16,4,16384,2831.82
1024,16,8,16,398.796
1024,16,8,32,395.083
1024,16,8,64,396.832
1024,16,8,128,412.406
1024,16,8,256,438.827
1024,16,8,512,482.006
1024,16,8,1024,574.7
1024,16,8,2048,919.201
1024,16,8,4096,1796.53
1024,16,8,8192,3424.83
1024,16,8,16384,6341.57
1024,16,16,16,487.872
1024,16,16,32,486.401
1024,16,16,64,487.616
1024,16,16,128,517.462
1024,16,16,256,580.908
1024,16,16,512,650.592
1024,16,16,1024,988.066
1024,16,16,2048,1961.08
1024,16,16,4096,3791.28
1024,16,16,8192,7373.81
1024,16,16,16384,14328.6
1024,16,32,16,637.825
1024,16,32,32,643.265
1024,16,32,64,669.174
1024,16,32,128,728.683
1024,16,32,256,854.273
1024,16,32,512,1049.28
1024,16,32,1024,2001.86
1024,16,32,2048,3894.19
1024,16,32,4096,7572.51
1024,16,32,8192,14842.4
1024,16,32,16384,29238.2
1024,16,64,16,963.062
1024,16,64,32,989.089
1024,16,64,64,998.358
1024,16,64,128,1158.78
1024,16,64,256,1353.87
1024,16,64,512,2030.37
1024,16,64,1024,3889.31
1024,16,64,2048,7611.32
1024,16,64,4096,14979.3
1024,16,64,8192,29677.2
1024,16,64,16384,58989.1
1024,16,128,16,1660.14
1024,16,128,32,1636.6
1024,16,128,64,1692.39
1024,16,128,128,2118.38
1024,16,128,256,2538.71
1024,16,128,512,3917.42
1024,16,128,1024,7568.85
1024,16,128,2048,14952.2
1024,16,128,4096,29602.8
1024,16,128,8192,58962.3
1024,16,128,16384,117547
1024,32,0,0,316.022
1024,32,1,16,328.352
1024,32,1,32,328.064
1024,32,1,64,328.225
1024,32,1,128,324.096
1024,32,1,256,327.872
1024,32,1,512,330.486
1024,32,1,1024,343.915
1024,32,1,2048,398.443
1024,32,1,4096,484.683
1024,32,1,8192,675.98
1024,32,1,16384,998.807
1024,32,2,16,333.835
1024,32,2,32,332.182
1024,32,2,64,328.907
1024,32,2,128,341.579
1024,32,2,256,341.953
1024,32,2,512,360.694
1024,32,2,1024,384.811
1024,32,2,2048,445.611
1024,32,2,4096,581.973
1024,32,2,8192,863.553
1024,32,2,16384,1418.26
1024,32,4,16,348.171
1024,32,4,32,349.707
1024,32,4,64,349.153
1024,32,4,128,370.913
1024,32,4,256,376.929
1024,32,4,512,393.633
1024,32,4,1024,454.528
1024,32,4,2048,555.243
1024,32,4,4096,887.298
1024,32,4,8192,1600.31
1024,32,4,16384,2796.79
1024,32,8,16,391.2
1024,32,8,32,402.369
1024,32,8,64,403.509
1024,32,8,128,427.872
1024,32,8,256,436.609
1024,32,8,512,480.833
1024,32,8,1024,579.094
1024,32,8,2048,945.272
1024,32,8,4096,1782.45
1024,32,8,8192,3402.67
1024,32,8,16384,6494.72
1024,32,16,16,473.121
1024,32,16,32,474.998
1024,32,16,64,482.198
1024,32,16,128,515.883
1024,32,16,256,565.335
1024,32,16,512,646.85
1024,32,16,1024,995.521
1024,32,16,2048,1961.47
1024,32,16,4096,3796.14
1024,32,16,8192,7380.06
1024,32,16,16384,14295
1024,32,32,16,643.52
1024,32,32,32,645.602
1024,32,32,64,654.241
1024,32,32,128,732.002
1024,32,32,256,839.468
1024,32,32,512,1078.88
1024,32,32,1024,2003.12
1024,32,32,2048,3896.98
1024,32,32,4096,7573.42
1024,32,32,8192,14829.6
1024,32,32,16384,29241.4
1024,32,64,16,954.732
1024,32,64,32,972.098
1024,32,64,64,999.841
1024,32,64,128,1185.19
1024,32,64,256,1390.25
1024,32,64,512,2030.9
1024,32,64,1024,3890.92
1024,32,64,2048,7619.67
1024,32,64,4096,14984
1024,32,64,8192,29671
1024,32,64,16384,58984.6
1024,32,128,16,1616.46
1024,32,128,32,1687.17
1024,32,128,64,1647.94
1024,32,128,128,2032.62
1024,32,128,256,2561.21
1024,32,128,512,3921.99
1024,32,128,1024,7560.86
1024,32,128,2048,14963.8
1024,32,128,4096,29614.4
1024,32,128,8192,58954
1024,32,128,16384,117562
1024,64,0,0,318.187
1024,64,1,16,323.478
1024,64,1,32,320.395
1024,64,1,64,321.142
1024,64,1,128,320.63
1024,64,1,256,332.341
1024,64,1,512,331.168
1024,64,1,1024,341.004
1024,64,1,2048,397.44
1024,64,1,4096,490.956
1024,64,1,8192,657.345
1024,64,1,16384,989.453
1024,64,2,16,333.877
1024,64,2,32,331.649
1024,64,2,64,330.197
1024,64,2,128,346.934
1024,64,2,256,350.795
1024,64,2,512,360.267
1024,64,2,1024,383.52
1024,64,2,2048,445.003
1024,64,2,4096,578.241
1024,64,2,8192,864.161
1024,64,2,16384,1434.42
1024,64,4,16,356.854
1024,64,4,32,360.481
1024,64,4,64,351.403
1024,64,4,128,361.046
1024,64,4,256,372.64
1024,64,4,512,407.499
1024,64,4,1024,454.369
1024,64,4,2048,557.014
1024,64,4,4096,869.42
1024,64,4,8192,1555.72
1024,64,4,16384,2820.91
1024,64,8,16,393.814
1024,64,8,32,391.766
1024,64,8,64,398.955
1024,64,8,128,415.648
1024,64,8,256,445.121
1024,64,8,512,489.643
1024,64,8,1024,592.321
1024,64,8,2048,935.628
1024,64,8,4096,1794.5
1024,64,8,8192,3457.97
1024,64,8,16384,6483.92
1024,64,16,16,476.513
1024,64,16,32,471.084
1024,64,16,64,488.321
1024,64,16,128,521.729
1024,64,16,256,564.16
1024,64,16,512,657.238
1024,64,16,1024,993.708
1024,64,16,2048,1965.04
1024,64,16,4096,3792.64
1024,64,16,8192,7405.31
1024,64,16,16384,14317.6
1024,64,32,16,638.038
1024,64,32,32,650.924
1024,64,32,64,645.761
1024,64,32,128,750.102
1024,64,32,256,808.033
1024,64,32,512,1051.3
1024,64,32,1024,2003.53
1024,64,32,2048,3899.86
1024,64,32,4096,7561.3
1024,64,32,8192,14861.8
1024,64,32,16384,29243.5
1024,64,64,16,959.276
1024,64,64,32,1003.84
1024,64,64,64,978.465
1024,64,64,128,1141.59
1024,64,64,256,1411.86
1024,64,64,512,2031.13
1024,64,64,1024,3894.18
1024,64,64,2048,7630.71
1024,64,64,4096,14995.8
1024,64,64,8192,29682.8
1024,64,64,16384,58997
1024,64,128,16,1649.74
1024,64,128,32,1658.82
1024,64,128,64,1633.26
1024,64,128,128,2044.99
1024,64,128,256,2537.15
1024,64,128,512,3927.11
1024,64,128,1024,7569.67
1024,64,128,2048,14973.5
1024,64,128,4096,29614.1
1024,64,128,8192,58981.7
1024,64,128,16384,117556
1024,128,0,0,335.414
1024,128,1,16,351.425
1024,128,1,32,341.835
1024,128,1,64,349.707
1024,128,1,128,343.296
1024,128,1,256,346.379
1024,128,1,512,353.686
1024,128,1,1024,369.58
1024,128,1,2048,415.03
1024,128,1,4096,509.003
1024,128,1,8192,684.353
1024,128,1,16384,1031.88
1024,128,2,16,352.055
1024,128,2,32,350.316
1024,128,2,64,355.307
1024,128,2,128,357.045
1024,128,2,256,364.161
1024,128,2,512,381.825
1024,128,2,1024,402.251
1024,128,2,2048,479.499
1024,128,2,4096,599.083
1024,128,2,8192,908.823
1024,128,2,16384,1439.91
1024,128,4,16,382.592
1024,128,4,32,382.294
1024,128,4,64,381.654
1024,128,4,128,383.883
1024,128,4,256,396.214
1024,128,4,512,427.531
1024,128,4,1024,470.156
1024,128,4,2048,578.88
1024,128,4,4096,885.707
1024,128,4,8192,1591.73
1024,128,4,16384,2852.06
1024,128,8,16,422.123
1024,128,8,32,423.648
1024,128,8,64,424.619
1024,128,8,128,436.107
1024,128,8,256,461.195
1024,128,8,512,504.043
1024,128,8,1024,594.551
1024,128,8,2048,950.615
1024,128,8,4096,1807.01
1024,128,8,8192,3510.44
1024,128,8,16384,6550.25
1024,128,16,16,499.713
1024,128,16,32,494.625
1024,128,16,64,497.974
1024,128,16,128,546.017
1024,128,16,256,581.623
1024,128,16,512,696.62
1024,128,16,1024,997.463
1024,128,16,2048,1943.75
1024,128,16,4096,3836.35
1024,128,16,8192,7441.41
1024,128,16,16384,14353.8
1024,128,32,16,669.494
1024,128,32,32,683.884
1024,128,32,64,664.78
1024,128,32,128,766.913
1024,128,32,256,843.927
1024,128,32,512,1088.88
1024,128,32,1024,2010.36
1024,128,32,2048,3905.46
1024,128,32,4096,7578.87
1024,128,32,8192,14880.7
1024,128,32,16384,29287.7
1024,128,64,16,1001.64
1024,128,64,32,978.935
1024,128,64,64,1011.35
1024,128,64,128,1171.11
1024,128,64,256,1412.54
1024,128,64,512,2035.02
1024,128,64,1024,3895.7
1024,128,64,2048,7621.58
1024,128,64,4096,14992.8
1024,128,64,8192,29680.4
1024,128,64,16384,59001.3
1024,128,128,16,1698.53
1024,128,128,32,1637.87
1024,128,128,64,1717.47
1024,128,128,128,2136.7
1024,128,128,256,2570.88
1024,128,128,512,3946.16
1024,128,128,1024,7568.38
1024,128,128,2048,14962.5
1024,128,128,4096,29613.3
1024,128,128,8192,58964.1
1024,128,128,16384,117567
1024,256,0,0,381.003
1024,256,1,16,388.694
1024,256,1,32,392.331
1024,256,1,64,390.977
1024,256,1,128,390.912
1024,256,1,256,404.321
1024,256,1,512,406.635
1024,256,1,1024,423.136
1024,256,1,2048,467.084
1024,256,1,4096,552.811
1024,256,1,8192,734.071
1024,256,1,16384,1075.33
1024,256,2,16,400.32
1024,256,2,32,398.113
1024,256,2,64,398.773
1024,256,2,128,404.374
1024,256,2,256,407.148
1024,256,2,512,423.809
1024,256,2,1024,443.809
1024,256,2,2048,514.241
1024,256,2,4096,644.918
1024,256,2,8192,924.546
1024,256,2,16384,1495.13
1024,256,4,16,416.118
1024,256,4,32,415.275
1024,256,4,64,422.987
1024,256,4,128,441.942
1024,256,4,256,447.969
1024,256,4,512,461.92
1024,256,4,1024,505.804
1024,256,4,2048,628.374
1024,256,4,4096,914.53
1024,256,4,8192,1581.93
1024,256,4,16384,2995.82
1024,256,8,16,466.06
1024,256,8,32,462.667
1024,256,8,64,462.038
1024,256,8,128,486.102
1024,256,8,256,506.571
1024,256,8,512,549.878
1024,256,8,1024,656.897
1024,256,8,2048,956.588
1024,256,8,4096,1804.15
1024,256,8,8192,3519.9
1024,256,8,16384,6681.84
1024,256,16,16,539.382
1024,256,16,32,542.753
1024,256,16,64,527.99
1024,256,16,128,592.161
1024,256,16,256,629.793
1024,256,16,512,736.631
1024,256,16,1024,1012.11
1024,256,16,2048,1907.6
1024,256,16,4096,3875.53
1024,256,16,8192,7525.81
1024,256,16,16384,14536.9
1024,256,32,16,716.567
1024,256,32,32,736.183
1024,256,32,64,726.219
1024,256,32,128,833.922
1024,256,32,256,908.599
1024,256,32,512,1108.96
1024,256,32,1024,2013.25
1024,256,32,2048,3913.84
1024,256,32,4096,7637.13
1024,256,32,8192,14946.8
1024,256,32,16384,29439.9
1024,256,64,16,1041.57
1024,256,64,32,1010.9
1024,256,64,64,1077.12
1024,256,64,128,1207.89
1024,256,64,256,1438.32
1024,256,64,512,2064.14
1024,256,64,1024,3905.09
1024,256,64,2048,7634.77
1024,256,64,4096,15017.3
1024,256,64,8192,29720.2
1024,256,64,16384,59045.8
1024,256,128,16,1641.65
1024,256,128,32,1731.12
1024,256,128,64,1724.35
1024,256,128,128,2150.41
1024,256,128,256,2635.01
1024,256,128,512,3963.85
1024,256,128,1024,7575.2
1024,256,128,2048,14969.3
1024,256,128,4096,29660.1
1024,256,128,8192,59008.5
1024,256,128,16384,117581
1024,512,0,0,482.241
1024,512,1,16,477.174
1024,512,1,32,476.736
1024,512,1,64,482.443
1024,512,1,128,484.844
1024,512,1,256,482.646
1024,512,1,512,489.409
1024,512,1,1024,516.023
1024,512,1,2048,539.372
1024,512,1,4096,641.079
1024,512,1,8192,837.43
1024,512,1,16384,1174.06
1024,512,2,16,488.278
1024,512,2,32,488.534
1024,512,2,64,494.806
1024,512,2,128,496.897
1024,512,2,256,501.772
1024,512,2,512,512.385
1024,512,2,1024,530.838
1024,512,2,2048,614.956
1024,512,2,4096,734.135
1024,512,2,8192,1006.4
1024,512,2,16384,1613.83
1024,512,4,16,509.633
1024,512,4,32,522.593
1024,512,4,64,507.766
1024,512,4,128,524.033
1024,512,4,256,529.889
1024,512,4,512,571.585
1024,512,4,1024,619.724
1024,512,4,2048,708.961
1024,512,4,4096,991.948
1024,512,4,8192,1636.12
1024,512,4,16384,3134.01
1024,512,8,16,557.451
1024,512,8,32,561.207
1024,512,8,64,551.318
1024,512,8,128,593.462
1024,512,8,256,593.42
1024,512,8,512,643.137
1024,512,8,1024,727.607
1024,512,8,2048,994.221
1024,512,8,4096,1743.95
1024,512,8,8192,3679.71
1024,512,8,16384,7115.51
1024,512,16,16,632.887
1024,512,16,32,638.209
1024,512,16,64,632.086
1024,512,16,128,674.731
1024,512,16,256,746.315
1024,512,16,512,809.867
1024,512,16,1024,1036.76
1024,512,16,2048,1966.84
1024,512,16,4096,3910.63
1024,512,16,8192,7615.88
1024,512,16,16384,14772
1024,512,32,16,801.783
1024,512,32,32,834.732
1024,512,32,64,829.506
1024,512,32,128,932.076
1024,512,32,256,993.25
1024,512,32,512,1215.42
1024,512,32,1024,2015.93
1024,512,32,2048,3942.96
1024,512,32,4096,7689.8
1024,512,32,8192,15043.2
1024,512,32,16384,29620.3
1024,512,64,16,1164.23
1024,512,64,32,1166.65
1024,512,64,64,1159.71
1024,512,64,128,1322.81
1024,512,64,256,1520.2
1024,512,64,512,2122.67
1024,512,64,1024,3918.21
1024,512,64,2048,7661.77
1024,512,64,4096,15103.1
1024,512,64,8192,29807.5
1024,512,64,16384,59147.7
1024,512,128,16,1855.41
1024,512,128,32,1825.19
1024,512,128,64,1836.15
1024,512,128,128,2257.08
1024,512,128,256,2626.02
1024,512,128,512,3985.64
1024,512,128,1024,7580.8
1024,512,128,2048,15002.2
1024,512,128,4096,29740.9
1024,512,128,8192,59083
1024,512,128,16384,117806
1024,1024,0,0,651.041
1024,1024,1,16,662.71
1024,1024,1,32,658.945
1024,1024,1,64,662.955
1024,1024,1,128,660.353
1024,1024,1,256,667.457
1024,1024,1,512,671.958
1024,1024,1,1024,685.622
1024,1024,1,2048,729.995
1024,1024,1,4096,834.487
1024,1024,1,8192,992.652
1024,1024,1,16384,1342.54
1024,1024,2,16,669.473
1024,1024,2,32,687.809
1024,1024,2,64,672.118
1024,1024,2,128,685.984
1024,1024,2,256,683.5
1024,1024,2,512,694.082
1024,1024,2,1024,734.338
1024,1024,2,2048,766.497
1024,1024,2,4096,918.796
1024,1024,2,8192,1180.91
1024,1024,2,16384,1760.22
1024,1024,4,16,692.118
1024,1024,4,32,693.687
1024,1024,4,64,688.886
1024,1024,4,128,709.334
1024,1024,4,256,728.759
1024,1024,4,512,741.857
1024,1024,4,1024,803.201
1024,1024,4,2048,881.441
1024,1024,4,4096,1115.84
1024,1024,4,8192,1670.53
1024,1024,4,16384,3364.57
1024,1024,8,16,735.052
1024,1024,8,32,739.158
1024,1024,8,64,733.772
1024,1024,8,128,772.844
1024,1024,8,256,803.51
1024,1024,8,512,825.111
1024,1024,8,1024,912.023
1024,1024,8,2048,1115.63
1024,1024,8,4096,1806.43
1024,1024,8,8192,3742.14
1024,1024,8,16384,7365.32
1024,1024,16,16,811.169
1024,1024,16,32,810.06
1024,1024,16,64,812.417
1024,1024,16,128,861.026
1024,1024,16,256,919.713
1024,1024,16,512,1007.68
1024,1024,16,1024,1225.58
1024,1024,16,2048,1953.67
1024,1024,16,4096,3951.9
1024,1024,16,8192,7705.74
1024,1024,16,16384,15011.6
1024,1024,32,16,982.049
1024,1024,32,32,1023.23
1024,1024,32,64,994.956
1024,1024,32,128,1124.31
1024,1024,32,256,1171.06
1024,1024,32,512,1413.2
1024,1024,32,1024,2041.34
1024,1024,32,2048,4010.33
1024,1024,32,4096,7755.38
1024,1024,32,8192,15245.7
1024,1024,32,16384,29853.1
1024,1024,64,16,1364.1
1024,1024,64,32,1312.51
1024,1024,64,64,1348.66
1024,1024,64,128,1553.53
1024,1024,64,256,1784.17
1024,1024,64,512,2224.04
1024,1024,64,1024,3953.39
1024,1024,64,2048,7700.26
1024,1024,64,4096,15211.9
1024,1024,64,8192,30033.8
1024,1024,64,16384,59376.7
1024,1024,128,16,2014.46
1024,1024,128,32,2061.95
1024,1024,128,64,2002
1024,1024,128,128,2409.51
1024,1024,128,256,2917.52
1024,1024,128,512,4099.49
1024,1024,128,1024,7645.26
1024,1024,128,2048,15059.2
1024,1024,128,4096,29855.3
1024,1024,128,8192,59260.7
1024,1024,128,16384,117899
1024,2048,0,0,1023.8
1024,2048,1,16,1031.64
1024,2048,1,32,1024.92
1024,2048,1,64,1026.15
1024,2048,1,128,1057.81
1024,2048,1,256,1027.63
1024,2048,1,512,1037.31
1024,2048,1,1024,1052.73
1024,2048,1,2048,1064.9
1024,2048,1,4096,1190.85
1024,2048,1,8192,1333.08
1024,2048,1,16384,1703.52
1024,2048,2,16,1041.95
1024,2048,2,32,1041
1024,2048,2,64,1066.35
1024,2048,2,128,1076.68
1024,2048,2,256,1050.32
1024,2048,2,512,1089.51
1024,2048,2,1024,1098.41
1024,2048,2,2048,1123.17
1024,2048,2,4096,1246.76
1024,2048,2,8192,1578.94
1024,2048,2,16384,2156.33
1024,2048,4,16,1072.61
1024,2048,4,32,1056.25
1024,2048,4,64,1054.87
1024,2048,4,128,1096.28
1024,2048,4,256,1077.77
1024,2048,4,512,1138.88
1024,2048,4,1024,1158.87
1024,2048,4,2048,1260.77
1024,2048,4,4096,1468.78
1024,2048,4,8192,2008.81
1024,2048,4,16384,3576.57
1024,2048,8,16,1107.03
1024,2048,8,32,1108.2
1024,2048,8,64,1097.63
1024,2048,8,128,1128.6
1024,2048,8,256,1179.55
1024,2048,8,512,1193.61
1024,2048,8,1024,1313.22
1024,2048,8,2048,1510.58
1024,2048,8,4096,2030.24
1024,2048,8,8192,3924.22
1024,2048,8,16384,7754
1024,2048,16,16,1170.7
1024,2048,16,32,1198.42
1024,2048,16,64,1214.04
1024,2048,16,128,1218.73
1024,2048,16,256,1319.22
1024,2048,16,512,1425.7
1024,2048,16,1024,1576.22
1024,2048,16,2048,2067.55
1024,2048,16,4096,4097.22
1024,2048,16,8192,7938.81
1024,2048,16,16384,15342.5
1024,2048,32,16,1391.99
1024,2048,32,32,1410.96
1024,2048,32,64,1398.18
1024,2048,32,128,1502.09
1024,2048,32,256,1560.62
1024,2048,32,512,1745.59
1024,2048,32,1024,2270.01
1024,2048,32,2048,4060.35
1024,2048,32,4096,7869.92
1024,2048,32,8192,15494.7
1024,2048,32,16384,30308.8
1024,2048,64,16,1687.32
1024,2048,64,32,1731.16
1024,2048,64,64,1742.36
1024,2048,64,128,1939.93
1024,2048,64,256,2099.88
1024,2048,64,512,2547.68
1024,2048,64,1024,4159.56
1024,2048,64,2048,7767.48
1024,2048,64,4096,15368.9
1024,2048,64,8192,30336.9
1024,2048,64,16384,59811.9
1024,2048,128,16,2305.45
1024,2048,128,32,2439.07
1024,2048,128,64,2378.07
1024,2048,128,128,2777.51
1024,2048,128,256,3228.57
1024,2048,128,512,4215.49
1024,2048,128,1024,7728.43
1024,2048,128,2048,15267.7
1024,2048,128,4096,30017.5
1024,2048,128,8192,59582.5
1024,2048,128,16384,118260
1024,4096,0,0,1768.37
1024,4096,1,16,1828.94
1024,4096,1,32,1766.26
1024,4096,1,64,1770.54
1024,4096,1,128,1830.71
1024,4096,1,256,1769.52
1024,4096,1,512,1848.98
1024,4096,1,1024,1803.44
1024,4096,1,2048,1823.02
1024,4096,1,4096,1819.12
1024,4096,1,8192,2096.71
1024,4096,1,16384,2386.21
1024,4096,2,16,1770.32
1024,4096,2,32,1806.85
1024,4096,2,64,1776.26
1024,4096,2,128,1812.95
1024,4096,2,256,1862.79
1024,4096,2,512,1805.53
1024,4096,2,1024,1849.27
1024,4096,2,2048,1852.75
1024,4096,2,4096,1958.34
1024,4096,2,8192,2309.75
1024,4096,2,16384,2861.66
1024,4096,4,16,1797.07
1024,4096,4,32,1820.77
1024,4096,4,64,1846.56
1024,4096,4,128,1852.53
1024,4096,4,256,1877.78
1024,4096,4,512,1838.15
1024,4096,4,1024,1902.36
1024,4096,4,2048,1965.07
1024,4096,4,4096,2198.39
1024,4096,4,8192,2644.11
1024,4096,4,16384,4142.22
1024,4096,8,16,1886.39
1024,4096,8,32,1829.62
1024,4096,8,64,1843.43
1024,4096,8,128,1921.31
1024,4096,8,256,1876.15
1024,4096,8,512,1933.97
1024,4096,8,1024,2059.39
1024,4096,8,2048,2223.9
1024,4096,8,4096,2631.48
1024,4096,8,8192,3883.29
1024,4096,8,16384,8081.85
1024,4096,16,16,1912.03
1024,4096,16,32,1959.91
1024,4096,16,64,1899.55
1024,4096,16,128,1965.9
1024,4096,16,256,2000.18
1024,4096,16,512,2167.4
1024,4096,16,1024,2285.92
1024,4096,16,2048,2702.21
1024,4096,16,4096,4169.76
1024,4096,16,8192,8326.71
1024,4096,16,16384,15497.1
1024,4096,32,16,2148.65
1024,4096,32,32,2154.22
1024,4096,32,64,2192.11
1024,4096,32,128,2200.65
1024,4096,32,256,2344.33
1024,4096,32,512,2496.67
1024,4096,32,1024,3018.33
1024,4096,32,2048,4380.98
1024,4096,32,4096,8195.73
1024,4096,32,8192,15634.3
1024,4096,32,16384,30973.7
1024,4096,64,16,2417.1
1024,4096,64,32,2468.1
1024,4096,64,64,2408.3
1024,4096,64,128,2672.19
1024,4096,64,256,2897.22
1024,4096,64,512,3243.65
1024,4096,64,1024,4300.34
1024,4096,64,2048,8366.88
1024,4096,64,4096,15590.6
1024,4096,64,8192,30684
1024,4096,64,16384,60647.7
1024,4096,128,16,3145.42
1024,4096,128,32,3202.13
1024,4096,128,64,3172.58
1024,4096,128,128,3571.23
1024,4096,128,256,4070.22
1024,4096,128,512,4934.91
1024,4096,128,1024,8050.19
1024,4096,128,2048,15465.3
1024,4096,128,4096,30530.3
1024,4096,128,8192,60099.2
1024,4096,128,16384,118995
1024,8192,0,0,3326.34
1024,8192,1,16,3256.96
1024,8192,1,32,3359.51
1024,8192,1,64,3251.53
1024,8192,1,128,3351.72
1024,8192,1,256,3235.42
1024,8192,1,512,3355.99
1024,8192,1,1024,3406.33
1024,8192,1,2048,3359.74
1024,8192,1,4096,3392.57
1024,8192,1,8192,3388.43
1024,8192,1,16384,3854.73
1024,8192,2,16,3389.65
1024,8192,2,32,3294.77
1024,8192,2,64,3349.5
1024,8192,2,128,3313.63
1024,8192,2,256,3256.26
1024,8192,2,512,3334.19
1024,8192,2,1024,3424.38
1024,8192,2,2048,3350.03
1024,8192,2,4096,3420.03
1024,8192,2,8192,3693.96
1024,8192,2,16384,4280.3
1024,8192,4,16,3428.92
1024,8192,4,32,3373.62
1024,8192,4,64,3293.34
1024,8192,4,128,3273.35
1024,8192,4,256,3339.97
1024,8192,4,512,3390.78
1024,8192,4,1024,3382.57
1024,8192,4,2048,3464.72
1024,8192,4,4096,3613.66
1024,8192,4,8192,4012.25
1024,8192,4,16384,5069.59
1024,8192,8,16,3397.32
1024,8192,8,32,3462.99
1024,8192,8,64,3298.86
1024,8192,8,128,3341.23
1024,8192,8,256,3447.13
1024,8192,8,512,3478.79
1024,8192,8,1024,3459.38
1024,8192,8,2048,3764.31
1024,8192,8,4096,4223.26
1024,8192,8,8192,5017.8
1024,8192,8,16384,8271.71
1024,8192,16,16,3497.24
1024,8192,16,32,3441.49
1024,8192,16,64,3441.71
1024,8192,16,128,3400.69
1024,8192,16,256,3599.41
1024,8192,16,512,3636.21
1024,8192,16,1024,3763.81
1024,8192,16,2048,4267.3
1024,8192,16,4096,5516.18
1024,8192,16,8192,8667.6
1024,8192,16,16384,17033.9
1024,8192,32,16,3687.64
1024,8192,32,32,3648.57
1024,8192,32,64,3586.48
1024,8192,32,128,3762.13
1024,8192,32,256,3847.77
1024,8192,32,512,3947.66
1024,8192,32,1024,4558.4
1024,8192,32,2048,5645.3
1024,8192,32,4096,9114.84
1024,8192,32,8192,16793
1024,8192,32,16384,31302.7
1024,8192,64,16,3995.37
1024,8192,64,32,4014.18
1024,8192,64,64,4011.71
1024,8192,64,128,4267.3
1024,8192,64,256,4473.72
1024,8192,64,512,4882.26
1024,8192,64,1024,5741.56
1024,8192,64,2048,8643.43
1024,8192,64,4096,16723.9
1024,8192,64,8192,31096.1
1024,8192,64,16384,61485.5
1024,8192,128,16,4690.98
1024,8192,128,32,4826.08
1024,8192,128,64,4776.41
1024,8192,128,128,5208.4
1024,8192,128,256,5602.53
1024,8192,128,512,6368.64
1024,8192,128,1024,8495.66
1024,8192,128,2048,16225.6
1024,8192,128,4096,30967.9
1024,8192,128,8192,61310.5
1024,8192,128,16384,120072
1024,16384,0,0,6174.64
1024,16384,1,16,6186.27
1024,16384,1,32,6344.03
1024,16384,1,64,6386.56
1024,16384,1,128,6415.75
1024,16384,1,256,6187.78
1024,16384,1,512,6344.59
1024,16384,1,1024,6339.72
1024,16384,1,2048,6204.55
1024,16384,1,4096,6345.26
1024,16384,1,8192,6517.34
1024,16384,1,16384,6535.46
1024,16384,2,16,6450.31
1024,16384,2,32,6320.36
1024,16384,2,64,6379.79
1024,16384,2,128,6288.63
1024,16384,2,256,6444.59
1024,16384,2,512,6419.57
1024,16384,2,1024,6282.55
1024,16384,2,2048,6490.68
1024,16384,2,4096,6560.84
1024,16384,2,8192,6548.82
1024,16384,2,16384,6852.04
1024,16384,4,16,6447.57
1024,16384,4,32,6375.69
1024,16384,4,64,6482.76
1024,16384,4,128,6437.71
1024,16384,4,256,6449.12
1024,16384,4,512,6498.47
1024,16384,4,1024,6533.89
1024,16384,4,2048,6582.65
1024,16384,4,4096,6685.27
1024,16384,4,8192,6996.62
1024,16384,4,16384,7881.78
1024,16384,8,16,6474.83
1024,16384,8,32,6376.42
1024,16384,8,64,6583.26
1024,16384,8,128,6425.58
1024,16384,8,256,6334.01
1024,16384,8,512,6533.03
1024,16384,8,1024,6482.21
1024,16384,8,2048,6799.67
1024,16384,8,4096,7419.74
1024,16384,8,8192,8191.67
1024,16384,8,16384,10545.5
1024,16384,16,16,6578.65
1024,16384,16,32,6395.06
1024,16384,16,64,6468.97
1024,16384,16,128,6602.78
1024,16384,16,256,6500.87
1024,16384,16,512,6798.29
1024,16384,16,1024,6876.54
1024,16384,16,2048,7352.72
1024,16384,16,4096,8099.19
1024,16384,16,8192,11603
1024,16384,16,16384,18595.8
1024,16384,32,16,6763.51
1024,16384,32,32,6800.22
1024,16384,32,64,6718.29
1024,16384,32,128,6822.73
1024,16384,32,256,6847.3
1024,16384,32,512,7205.5
1024,16384,32,1024,7511.63
1024,16384,32,2048,8479.64
1024,16384,32,4096,11418
1024,16384,32,8192,18817.7
1024,16384,32,16384,33867
1024,16384,64,16,7074.46
1024,16384,64,32,6981.42
1024,16384,64,64,7120.73
1024,16384,64,128,7244.59
1024,16384,64,256,7381.7
1024,16384,64,512,7784.1
1024,16384,64,1024,8882.42
1024,16384,64,2048,10829.7
1024,16384,64,4096,17443.2
1024,16384,64,8192,33661
1024,16384,64,16384,62363.9
1024,16384,128,16,7551.09
1024,16384,128,32,7841.93
1024,16384,128,64,7753.14
1024,16384,128,128,8276.14
1024,16384,128,256,8614.8
1024,16384,128,512,9495.24
1024,16384,128,1024,11395.6
1024,16384,128,2048,17038.9
1024,16384,128,4096,32315.6
1024,16384,128,8192,62030.4
1024,16384,128,16384,122225
2048,0,0,0,1013.77
2048,0,1,16,990.05
2048,0,1,32,1039.97
2048,0,1,64,1025.47
2048,0,1,128,1021.62
2048,0,1,256,1042.04
2048,0,1,512,1009.9
2048,0,1,1024,1071.06
2048,0,1,2048,1095.11
2048,0,1,4096,1204.39
2048,0,1,8192,1404.24
2048,0,1,16384,1834.87
2048,0,2,16,1039.43
2048,0,2,32,1028.11
2048,0,2,64,1057.26
2048,0,2,128,1065.64
2048,0,2,256,1048.1
2048,0,2,512,1076.96
2048,0,2,1024,1068.82
2048,0,2,2048,1163.07
2048,0,2,4096,1342.43
2048,0,2,8192,1597.81
2048,0,2,16384,2262.91
2048,0,4,16,1093.19
2048,0,4,32,1042.46
2048,0,4,64,1095.98
2048,0,4,128,1097.19
2048,0,4,256,1141.74
2048,0,4,512,1150.48
2048,0,4,1024,1188.56
2048,0,4,2048,1313.16
2048,0,4,4096,1554.64
2048,0,4,8192,2171.04
2048,0,4,16384,4015.45
2048,0,8,16,1150.55
2048,0,8,32,1134.31
2048,0,8,64,1163.32
2048,0,8,128,1178.92
2048,0,8,256,1216.6
2048,0,8,512,1236.44
2048,0,8,1024,1399.64
2048,0,8,2048,1612.06
2048,0,8,4096,2169.26
2048,0,8,8192,4152.63
2048,0,8,16384,7962.37
2048,0,16,16,1271.78
2048,0,16,32,1291.71
2048,0,16,64,1278.31
2048,0,16,128,1374.44
2048,0,16,256,1405.8
2048,0,16,512,1478.68
2048,0,16,1024,1754.75
2048,0,16,2048,2261.76
2048,0,16,4096,4129.33
2048,0,16,8192,8027.94
2048,0,16,16384,15522.8
2048,0,32,16,1603.59
2048,0,32,32,1533.18
2048,0,32,64,1619.84
2048,0,32,128,1667.2
2048,0,32,256,1835.08
2048,0,32,512,1999.83
2048,0,32,1024,2420.06
2048,0,32,2048,4067.02
2048,0,32,4096,8025.7
2048,0,32,8192,15509.7
2048,0,32,16384,30380.3
2048,0,64,16,2158.76
2048,0,64,32,2162.09
2048,0,64,64,2180.22
2048,0,64,128,2349.17
2048,0,64,256,2609.02
2048,0,64,512,3002.36
2048,0,64,1024,4324.82
2048,0,64,2048,8004.4
2048,0,64,4096,15433.9
2048,0,64,8192,30209.3
2048,0,64,16384,59564.5
2048,0,128,16,3370.24
2048,0,128,32,3345.22
2048,0,128,64,3347.6
2048,0,128,128,3738.61
2048,0,128,256,4217.64
2048,0,128,512,5162.8
2048,0,128,1024,8017.39
2048,0,128,2048,15215.5
2048,0,128,4096,30028
2048,0,128,8192,59446
2048,0,128,16384,118081
2048,16,0,0,1034.62
2048,16,1,16,1044.06
2048,16,1,32,1083.91
2048,16,1,64,1040.51
2048,16,1,128,1070.26
2048,16,1,256,1090.42
2048,16,1,512,1088.34
2048,16,1,1024,1074.35
2048,16,1,2048,1124.51
2048,16,1,4096,1222.42
2048,16,1,8192,1459.16
2048,16,1,16384,1854.26
2048,16,2,16,1077.55
2048,16,2,32,1109.61
2048,16,2,64,1091.21
2048,16,2,128,1115.25
2048,16,2,256,1071.61
2048,16,2,512,1139.9
2048,16,2,1024,1160.82
2048,16,2,2048,1197.93
2048,16,2,4096,1342.52
2048,16,2,8192,1675.35
2048,16,2,16384,2341.66
2048,16,4,16,1152.04
2048,16,4,32,1134.8
2048,16,4,64,1145.54
2048,16,4,128,1146.27
2048,16,4,256,1136.19
2048,16,4,512,1184.28
2048,16,4,1024,1195.59
2048,16,4,2048,1355.68
2048,16,4,4096,1634.4
2048,16,4,8192,2234.52
2048,16,4,16384,4058.74
2048,16,8,16,1198.87
2048,16,8,32,1229.52
2048,16,8,64,1193.62
2048,16,8,128,1188.13
2048,16,8,256,1266.23
2048,16,8,512,1348.78
2048,16,8,1024,1454.96
2048,16,8,2048,1585.91
2048,16,8,4096,2204.55
2048,16,8,8192,4154.32
2048,16,8,16384,8000.25
2048,16,16,16,1364.6
2048,16,16,32,1376.22
2048,16,16,64,1373.85
2048,16,16,128,1389.09
2048,16,16,256,1399.3
2048,16,16,512,1561.88
2048,16,16,1024,1746.9
2048,16,16,2048,2264.22
2048,16,16,4096,4138.9
2048,16,16,8192,8054.38
2048,16,16,16384,15627.3
2048,16,32,16,1644.86
2048,16,32,32,1620.25
2048,16,32,64,1669.74
2048,16,32,128,1761.66
2048,16,32,256,1881.4
2048,16,32,512,2072.2
2048,16,32,1024,2478.5
2048,16,32,2048,4056.01
2048,16,32,4096,8059.4
2048,16,32,8192,15544.9
2048,16,32,16384,30413.2
2048,16,64,16,2231.19
2048,16,64,32,2216.24
2048,16,64,64,2224.37
2048,16,64,128,2379.95
2048,16,64,256,2644.93
2048,16,64,512,3041.35
2048,16,64,1024,4302.05
2048,16,64,2048,8018.59
2048,16,64,4096,15474.2
2048,16,64,8192,30232.4
2048,16,64,16384,59636.1
2048,16,128,16,3378.1
2048,16,128,32,3221.97
2048,16,128,64,3386.29
2048,16,128,128,3846.19
2048,16,128,256,4304.15
2048,16,128,512,5170.34
2048,16,128,1024,8047.01
2048,16,128,2048,15218.7
2048,16,128,4096,30060.2
2048,16,128,8192,59451.3
2048,16,128,16384,118118
2048,32,0,0,1061.67
2048,32,1,16,1068.12
2048,32,1,32,1084
2048,32,1,64,1074.38
2048,32,1,128,1046.9
2048,32,1,256,1072.41
2048,32,1,512,1055.79
2048,32,1,1024,1120.43
2048,32,1,2048,1139.67
2048,32,1,4096,1218.99
2048,32,1,8192,1477.11
2048,32,1,16384,1807.17
2048,32,2,16,1102.71
2048,32,2,32,1129.05
2048,32,2,64,1074.99
2048,32,2,128,1087.89
2048,32,2,256,1124.44
2048,32,2,512,1097.19
2048,32,2,1024,1153.2
2048,32,2,2048,1158.58
2048,32,2,4096,1321.74
2048,32,2,8192,1686.39
2048,32,2,16384,2334.91
2048,32,4,16,1153.2
2048,32,4,32,1164.81
2048,32,4,64,1107.97
2048,32,4,128,1159.61
2048,32,4,256,1155.88
2048,32,4,512,1175.45
2048,32,4,1024,1233.78
2048,32,4,2048,1328.24
2048,32,4,4096,1555.51
2048,32,4,8192,2171.9
2048,32,4,16384,4060.99
2048,32,8,16,1240.65
2048,32,8,32,1223.34
2048,32,8,64,1230.89
2048,32,8,128,1235.75
2048,32,8,256,1264.82
2048,32,8,512,1316.83
2048,32,8,1024,1431.11
2048,32,8,2048,1647.8
2048,32,8,4096,2209
2048,32,8,8192,4152.4
2048,32,8,16384,8014.17
2048,32,16,16,1347.91
2048,32,16,32,1354.36
2048,32,16,64,1376.64
2048,32,16,128,1416.28
2048,32,16,256,1404.67
2048,32,16,512,1557.76
2048,32,16,1024,1740.07
2048,32,16,2048,2238.05
2048,32,16,4096,4144.11
2048,32,16,8192,8081.07
2048,32,16,16384,15603.4
2048,32,32,16,1608.7
2048,32,32,32,1643.52
2048,32,32,64,1682.24
2048,32,32,128,1740.75
2048,32,32,256,1841.23
2048,32,32,512,2038.9
2048,32,32,1024,2522.36
2048,32,32,2048,4073.04
2048,32,32,4096,8045.75
2048,32,32,8192,15555.9
2048,32,32,16384,30438.4
2048,32,64,16,2206.48
2048,32,64,32,2252.66
2048,32,64,64,2232.78
2048,32,64,128,2362.84
2048,32,64,256,2660.42
2048,32,64,512,3064.6
2048,32,64,1024,4351.5
2048,32,64,2048,8032.03
2048,32,64,4096,15490.5
2048,32,64,8192,30284.7
2048,32,64,16384,59617.7
2048,32,128,16,3421.47
2048,32,128,32,3406.59
2048,32,128,64,3323.24
2048,32,128,128,3846
2048,32,128,256,4294.14
2048,32,128,512,5214.1
2048,32,128,1024,8067.1
2048,32,128,2048,15242.6
2048,32,128,4096,30062.1
2048,32,128,8192,59479.4
2048,32,128,16384,118125
2048,64,0,0,1015.04
2048,64,1,16,1078.32
2048,64,1,32,1053.7
2048,64,1,64,1099.37
2048,64,1,128,1048.64
2048,64,1,256,1098.18
2048,64,1,512,1063.29
2048,64,1,1024,1137.89
2048,64,1,2048,1116.5
2048,64,1,4096,1263.91
2048,64,1,8192,1423.83
2048,64,1,16384,1861.89
2048,64,2,16,1079.31
2048,64,2,32,1097.49
2048,64,2,64,1110.12
2048,64,2,128,1061.91
2048,64,2,256,1123.57
2048,64,2,512,1096.34
2048,64,2,1024,1161.25
2048,64,2,2048,1204.48
2048,64,2,4096,1376.36
2048,64,2,8192,1638.71
2048,64,2,16384,2267.3
2048,64,4,16,1161.54
2048,64,4,32,1097.65
2048,64,4,64,1131.08
2048,64,4,128,1125.07
2048,64,4,256,1174.72
2048,64,4,512,1143.84
2048,64,4,1024,1256.1
2048,64,4,2048,1358.07
2048,64,4,4096,1561.3
2048,64,4,8192,2224.48
2048,64,4,16384,4030.44
2048,64,8,16,1233.79
2048,64,8,32,1171.31
2048,64,8,64,1222.95
2048,64,8,128,1246.75
2048,64,8,256,1229.91
2048,64,8,512,1358.15
2048,64,8,1024,1393.51
2048,64,8,2048,1617.48
2048,64,8,4096,2205.2
2048,64,8,8192,4174.71
2048,64,8,16384,8010.45
2048,64,16,16,1325.15
2048,64,16,32,1337.07
2048,64,16,64,1342.98
2048,64,16,128,1416.22
2048,64,16,256,1430.2
2048,64,16,512,1526.86
2048,64,16,1024,1784.07
2048,64,16,2048,2269.82
2048,64,16,4096,4146.23
2048,64,16,8192,8084.41
2048,64,16,16384,15630.8
2048,64,32,16,1600.52
2048,64,32,32,1632.82
2048,64,32,64,1608.88
2048,64,32,128,1771.94
2048,64,32,256,1832.23
2048,64,32,512,2094.37
2048,64,32,1024,2529.69
2048,64,32,2048,4079.69
2048,64,32,4096,8055.84
2048,64,32,8192,15555.8
2048,64,32,16384,30431.2
2048,64,64,16,2227.25
2048,64,64,32,2268.81
2048,64,64,64,2238.35
2048,64,64,128,2455.05
2048,64,64,256,2653.04
2048,64,64,512,3121
2048,64,64,1024,4317.86
2048,64,64,2048,8045.44
2048,64,64,4096,15501.1
2048,64,64,8192,30235
2048,64,64,16384,59638.7
2048,64,128,16,3338.4
2048,64,128,32,3345.11
2048,64,128,64,3400.32
2048,64,128,128,3774.08
2048,64,128,256,4214.51
2048,64,128,512,5207.58
2048,64,128,1024,8051.66
2048,64,128,2048,15228.1
2048,64,128,4096,30061.6
2048,64,128,8192,59454.2
2048,64,128,16384,118160
2048,128,0,0,1093.69
2048,128,1,16,1092.92
2048,128,1,32,1145.08
2048,128,1,64,1052.13
2048,128,1,128,1136.76
2048,128,1,256,1168.02
2048,128,1,512,1135.64
2048,128,1,1024,1141.21
2048,128,1,2048,1184.82
2048,128,1,4096,1241.56
2048,128,1,8192,1510.78
2048,128,1,16384,1905.14
2048,128,2,16,1126.02
2048,128,2,32,1175.31
2048,128,2,64,1141.07
2048,128,2,128,1140.81
2048,128,2,256,1168.93
2048,128,2,512,1157.43
2048,128,2,1024,1220.59
2048,128,2,2048,1207.1
2048,128,2,4096,1419.49
2048,128,2,8192,1765.89
2048,128,2,16384,2325.34
2048,128,4,16,1146.64
2048,128,4,32,1177.28
2048,128,4,64,1162.85
2048,128,4,128,1204.76
2048,128,4,256,1210.06
2048,128,4,512,1243.93
2048,128,4,1024,1298.37
2048,128,4,2048,1339.56
2048,128,4,4096,1681.28
2048,128,4,8192,2285.59
2048,128,4,16384,4112.22
2048,128,8,16,1279.48
2048,128,8,32,1252.08
2048,128,8,64,1272.04
2048,128,8,128,1280.56
2048,128,8,256,1324.96
2048,128,8,512,1356.25
2048,128,8,1024,1455.24
2048,128,8,2048,1712.68
2048,128,8,4096,2225.95
2048,128,8,8192,4173.63
2048,128,8,16384,8003.94
2048,128,16,16,1392.94
2048,128,16,32,1420.23
2048,128,16,64,1377.85
2048,128,16,128,1484.5
2048,128,16,256,1512.22
2048,128,16,512,1623.27
2048,128,16,1024,1846.81
2048,128,16,2048,2322.3
2048,128,16,4096,4149.36
2048,128,16,8192,8102.78
2048,128,16,16384,15628.9
2048,128,32,16,1667.79
2048,128,32,32,1692.12
2048,128,32,64,1722.48
2048,128,32,128,1825.93
2048,128,32,256,1908.7
2048,128,32,512,2124.54
2048,128,32,1024,2619.37
2048,128,32,2048,4082.12
2048,128,32,4096,8063.79
2048,128,32,8192,15584.8
2048,128,32,16384,30422
2048,128,64,16,2196.13
2048,128,64,32,2309.54
2048,128,64,64,2260.38
2048,128,64,128,2527.43
2048,128,64,256,2649.51
2048,128,64,512,3101.55
2048,128,64,1024,4339.48
2048,128,64,2048,8031.49
2048,128,64,4096,15490.3
2048,128,64,8192,30307.2
2048,128,64,16384,59679.6
2048,128,128,16,3482.59
2048,128,128,32,3449.61
2048,128,128,64,3502.3
2048,128,128,128,3827.6
2048,128,128,256,4276.52
2048,128,128,512,5304.26
2048,128,128,1024,8087.65
2048,128,128,2048,15249.3
2048,128,128,4096,30055.2
2048,128,128,8192,59505.8
2048,128,128,16384,118148
2048,256,0,0,1216.39
2048,256,1,16,1229.76
2048,256,1,32,1212.33
2048,256,1,64,1229.69
2048,256,1,128,1229.32
2048,256,1,256,1232.17
2048,256,1,512,1220.87
2048,256,1,1024,1286.16
2048,256,1,2048,1256.83
2048,256,1,4096,1349.87
2048,256,1,8192,1546.24
2048,256,1,16384,2042.81
2048,256,2,16,1205.24
2048,256,2,32,1232.23
2048,256,2,64,1268.69
2048,256,2,128,1266.08
2048,256,2,256,1261.74
2048,256,2,512,1278.97
2048,256,2,1024,1287.04
2048,256,2,2048,1350.87
2048,256,2,4096,1520.67
2048,256,2,8192,1785.01
2048,256,2,16384,2456.97
2048,256,4,16,1303.53
2048,256,4,32,1319.21
2048,256,4,64,1300.41
2048,256,4,128,1313.37
2048,256,4,256,1325.33
2048,256,4,512,1322.54
2048,256,4,1024,1375.91
2048,256,4,2048,1478.21
2048,256,4,4096,1729.66
2048,256,4,8192,2275.72
2048,256,4,16384,4141.03
2048,256,8,16,1376.35
2048,256,8,32,1385.3
2048,256,8,64,1382.37
2048,256,8,128,1337.52
2048,256,8,256,1363.26
2048,256,8,512,1467.12
2048,256,8,1024,1572.6
2048,256,8,2048,1783.45
2048,256,8,4096,2325.1
2048,256,8,8192,4181.18
2048,256,8,16384,8054.82
2048,256,16,16,1511.32
2048,256,16,32,1520.66
2048,256,16,64,1526.83
2048,256,16,128,1581.05
2048,256,16,256,1632.99
2048,256,16,512,1700.33
2048,256,16,1024,1959.7
2048,256,16,2048,2412.25
2048,256,16,4096,4170.49
2048,256,16,8192,8107.09
2048,256,16,16384,15740.7
2048,256,32,16,1787.27
2048,256,32,32,1820.46
2048,256,32,64,1772.82
2048,256,32,128,1875.49
2048,256,32,256,2003.06
2048,256,32,512,2250.16
2048,256,32,1024,2670.32
2048,256,32,2048,4076.57
2048,256,32,4096,8085.15
2048,256,32,8192,15650.5
2048,256,32,16384,30505.3
2048,256,64,16,2345.53
2048,256,64,32,2367.75
2048,256,64,64,2358
2048,256,64,128,2501.85
2048,256,64,256,2791.5
2048,256,64,512,3282.89
2048,256,64,1024,4394.58
2048,256,64,2048,8020.43
2048,256,64,4096,15541.4
2048,256,64,8192,30334
2048,256,64,16384,59769.6
2048,256,128,16,3506.51
2048,256,128,32,3507.14
2048,256,128,64,3614.83
2048,256,128,128,3960.69
2048,256,128,256,4485.97
2048,256,128,512,5372.85
2048,256,128,1024,8171.09
2048,256,128,2048,15281.9
2048,256,128,4096,30084.5
2048,256,128,8192,59529.9
2048,256,128,16384,118225
2048,512,0,0,1353.66
2048,512,1,16,1405.38
2048,512,1,32,1429.59
2048,512,1,64,1440.56
2048,512,1,128,1376.68
2048,512,1,256,1436.51
2048,512,1,512,1458.8
2048,512,1,1024,1418.84
2048,512,1,2048,1463.6
2048,512,1,4096,1601.38
2048,512,1,8192,1774.22
2048,512,1,16384,2232.69
2048,512,2,16,1386.71
2048,512,2,32,1422.89
2048,512,2,64,1432.09
2048,512,2,128,1458.49
2048,512,2,256,1433.08
2048,512,2,512,1481.05
2048,512,2,1024,1439.59
2048,512,2,2048,1544.2
2048,512,2,4096,1703.09
2048,512,2,8192,1992.46
2048,512,2,16384,2653.49
2048,512,4,16,1466.58
2048,512,4,32,1497.58
2048,512,4,64,1490.25
2048,512,4,128,1479.45
2048,512,4,256,1479.6
2048,512,4,512,1537.48
2048,512,4,1024,1610
2048,512,4,2048,1712.08
2048,512,4,4096,1972.17
2048,512,4,8192,2492.21
2048,512,4,16384,4296.49
2048,512,8,16,1565.02
2048,512,8,32,1575.87
2048,512,8,64,1577.14
2048,512,8,128,1592.74
2048,512,8,256,1630.71
2048,512,8,512,1645.88
2048,512,8,1024,1812.41
2048,512,8,2048,2001.88
2048,512,8,4096,2471.18
2048,512,8,8192,4217.15
2048,512,8,16384,8148.63
2048,512,16,16,1682.46
2048,512,16,32,1682.01
2048,512,16,64,1666.35
2048,512,16,128,1700.42
2048,512,16,256,1835.68
2048,512,16,512,1946.06
2048,512,16,1024,2065.61
2048,512,16,2048,2512.55
2048,512,16,4096,4229.09
2048,512,16,8192,8169.7
2048,512,16,16384,15855.4
2048,512,32,16,1963.11
2048,512,32,32,1951.66
2048,512,32,64,2002.97
2048,512,32,128,2035.41
2048,512,32,256,2209.73
2048,512,32,512,2411.59
2048,512,32,1024,2881.19
2048,512,32,2048,4127.5
2048,512,32,4096,8103.87
2048,512,32,8192,15773.2
2048,512,32,16384,30649.2
2048,512,64,16,2541.76
2048,512,64,32,2600.95
2048,512,64,64,2582.13
2048,512,64,128,2732.96
2048,512,64,256,3029.83
2048,512,64,512,3495.63
2048,512,64,1024,4604.02
2048,512,64,2048,8081.6
2048,512,64,4096,15620.1
2048,512,64,8192,30570.8
2048,512,64,16384,59907.5
2048,512,128,16,3663.67
2048,512,128,32,3726.84
2048,512,128,64,3740.05
2048,512,128,128,4196.57
2048,512,128,256,4563.78
2048,512,128,512,5547.74
2048,512,128,1024,8288.36
2048,512,128,2048,15379.3
2048,512,128,4096,30151.9
2048,512,128,8192,59731.1
2048,512,128,16384,118397
2048,1024,0,0,1744.54
2048,1024,1,16,1844.43
2048,1024,1,32,1784.21
2048,1024,1,64,1767.47
2048,1024,1,128,1780.58
2048,1024,1,256,1774.99
2048,1024,1,512,1850.96
2048,1024,1,1024,1830.75
2048,1024,1,2048,1883.72
2048,1024,1,4096,1970.7
2048,1024,1,8192,2202.23
2048,1024,1,16384,2628.75
2048,1024,2,16,1802.73
2048,1024,2,32,1870.19
2048,1024,2,64,1856.92
2048,1024,2,128,1875.15
2048,1024,2,256,1875.07
2048,1024,2,512,1853.32
2048,1024,2,1024,1872.59
2048,1024,2,2048,1971.12
2048,1024,2,4096,2089.22
2048,1024,2,8192,2471.46
2048,1024,2,16384,3099.99
2048,1024,4,16,1881.58
2048,1024,4,32,1899.67
2048,1024,4,64,1898.8
2048,1024,4,128,1875.48
2048,1024,4,256,1850.26
2048,1024,4,512,1909.08
2048,1024,4,1024,1972.65
2048,1024,4,2048,2095.6
2048,1024,4,4096,2400.77
2048,1024,4,8192,2905.09
2048,1024,4,16384,4415.77
2048,1024,8,16,1968.76
2048,1024,8,32,1988.07
2048,1024,8,64,1895.49
2048,1024,8,128,1999.68
2048,1024,8,256,2020.55
2048,1024,8,512,2070.29
2048,1024,8,1024,2130.23
2048,1024,8,2048,2365.04
2048,1024,8,4096,2910.71
2048,1024,8,8192,4345.16
2048,1024,8,16384,8278.5
2048,1024,16,16,2102.6
2048,1024,16,32,2096.4
2048,1024,16,64,2151.48
2048,1024,16,128,2136.02
2048,1024,16,256,2149.7
2048,1024,16,512,2290.92
2048,1024,16,1024,2560.02
2048,1024,16,2048,3048
2048,1024,16,4096,4302.51
2048,1024,16,8192,8323.23
2048,1024,16,16384,16103.6
2048,1024,32,16,2409.41
2048,1024,32,32,2387.01
2048,1024,32,64,2384.08
2048,1024,32,128,2476.84
2048,1024,32,256,2579.22
2048,1024,32,512,2760.95
2048,1024,32,1024,3287.06
2048,1024,32,2048,4236.21
2048,1024,32,4096,8274.95
2048,1024,32,8192,15919.5
2048,1024,32,16384,31005.8
2048,1024,64,16,2977.19
2048,1024,64,32,2946.97
2048,1024,64,64,3000.72
2048,1024,64,128,3195.13
2048,1024,64,256,3404.95
2048,1024,64,512,3864.54
2048,1024,64,1024,4826.89
2048,1024,64,2048,8239.04
2048,1024,64,4096,15756.4
2048,1024,64,8192,30777.7
2048,1024,64,16384,60286.2
2048,1024,128,16,4174.63
2048,1024,128,32,4128.35
2048,1024,128,64,4193.7
2048,1024,128,128,4527.11
2048,1024,128,256,4962.6
2048,1024,128,512,5980.94
2048,1024,128,1024,8484.14
2048,1024,128,2048,15485.4
2048,1024,128,4096,30404.4
2048,1024,128,8192,59957.1
2048,1024,128,16384,118674
2048,2048,0,0,2597.42
2048,2048,1,16,2555.05
2048,2048,1,32,2617.1
2048,2048,1,64,2625
2048,2048,1,128,2641.53
2048,2048,1,256,2698.59
2048,2048,1,512,2628.91
2048,2048,1,1024,2707.09
2048,2048,1,2048,2626.89
2048,2048,1,4096,2711.83
2048,2048,1,8192,2985.81
2048,2048,1,16384,3497.1
2048,2048,2,16,2660.17
2048,2048,2,32,2667.05
2048,2048,2,64,2703.45
2048,2048,2,128,2675.99
2048,2048,2,256,2697.37
2048,2048,2,512,2677.05
2048,2048,2,1024,2733.44
2048,2048,2,2048,2683.14
2048,2048,2,4096,2937.12
2048,2048,2,8192,3204.52
2048,2048,2,16384,3840.72
2048,2048,4,16,2722.94
2048,2048,4,32,2658.94
2048,2048,4,64,2710.26
2048,2048,4,128,2618.93
2048,2048,4,256,2640.44
2048,2048,4,512,2721.71
2048,2048,4,1024,2808.52
2048,2048,4,2048,2960.25
2048,2048,4,4096,3099.68
2048,2048,4,8192,3606.21
2048,2048,4,16384,4783.36
2048,2048,8,16,2708.27
2048,2048,8,32,2673.2
2048,2048,8,64,2823.18
2048,2048,8,128,2699.66
2048,2048,8,256,2854.95
2048,2048,8,512,2824.6
2048,2048,8,1024,2874.78
2048,2048,8,2048,3191.83
2048,2048,8,4096,3631.79
2048,2048,8,8192,4695.69
2048,2048,8,16384,8732.58
2048,2048,16,16,2905.51
2048,2048,16,32,2878.24
2048,2048,16,64,2917.65
2048,2048,16,128,2927.53
2048,2048,16,256,2987.3
2048,2048,16,512,3010.61
2048,2048,16,1024,3405.59
2048,2048,16,2048,3783.75
2048,2048,16,4096,4697.88
2048,2048,16,8192,8703.72
2048,2048,16,16384,16420
2048,2048,32,16,3189.13
2048,2048,32,32,3189.54
2048,2048,32,64,3260.12
2048,2048,32,128,3222.52
2048,2048,32,256,3410.13
2048,2048,32,512,3641.15
2048,2048,32,1024,4129.48
2048,2048,32,2048,4959.99
2048,2048,32,4096,8551.23
2048,2048,32,8192,16311.9
2048,2048,32,16384,31700.6
2048,2048,64,16,3653.02
2048,2048,64,32,3827.43
2048,2048,64,64,3712.03
2048,2048,64,128,3887.55
2048,2048,64,256,4250.93
2048,2048,64,512,4681.06
2048,2048,64,1024,5567.62
2048,2048,64,2048,8496.4
2048,2048,64,4096,16150.4
2048,2048,64,8192,31251.7
2048,2048,64,16384,61244.4
2048,2048,128,16,4974.17
2048,2048,128,32,4950.15
2048,2048,128,64,4987.99
2048,2048,128,128,5363.72
2048,2048,128,256,5816.77
2048,2048,128,512,6676.16
2048,2048,128,1024,8932.6
2048,2048,128,2048,16049.4
2048,2048,128,4096,30714
2048,2048,128,8192,60590.6
2048,2048,128,16384,119352
2048,4096,0,0,4214.36
2048,4096,1,16,4278.34
2048,4096,1,32,4248.52
2048,4096,1,64,4286.15
2048,4096,1,128,4155.44
2048,4096,1,256,4174.14
2048,4096,1,512,4247.62
2048,4096,1,1024,4224.2
2048,4096,1,2048,4257.52
2048,4096,1,4096,4300.37
2048,4096,1,8192,4459.91
2048,4096,1,16384,4878.38
2048,4096,2,16,4184.6
2048,4096,2,32,4186.75
2048,4096,2,64,4231.85
2048,4096,2,128,4232.84
2048,4096,2,256,4288.89
2048,4096,2,512,4208.06
2048,4096,2,1024,4257.37
2048,4096,2,2048,4262.42
2048,4096,2,4096,4419.26
2048,4096,2,8192,4713.31
2048,4096,2,16384,5382.33
2048,4096,4,16,4269.07
2048,4096,4,32,4141.06
2048,4096,4,64,4231.39
2048,4096,4,128,4148.89
2048,4096,4,256,4290.34
2048,4096,4,512,4231.22
2048,4096,4,1024,4341.73
2048,4096,4,2048,4457.29
2048,4096,4,4096,4719.77
2048,4096,4,8192,5214.84
2048,4096,4,16384,6400.31
2048,4096,8,16,4278.76
2048,4096,8,32,4437.29
2048,4096,8,64,4466.74
2048,4096,8,128,4249.32
2048,4096,8,256,4446.06
2048,4096,8,512,4574.03
2048,4096,8,1024,4664.91
2048,4096,8,2048,4781.43
2048,4096,8,4096,5264.21
2048,4096,8,8192,6098.85
2048,4096,8,16384,9389.83
2048,4096,16,16,4519.55
2048,4096,16,32,4615.9
2048,4096,16,64,4429.68
2048,4096,16,128,4496.9
2048,4096,16,256,4436.72
2048,4096,16,512,4660.68
2048,4096,16,1024,4926.2
2048,4096,16,2048,5370.92
2048,4096,16,4096,6154.15
2048,4096,16,8192,9400.49
2048,4096,16,16384,17263.2
2048,4096,32,16,4828.59
2048,4096,32,32,4689.3
2048,4096,32,64,4756.17
2048,4096,32,128,4838.02
2048,4096,32,256,4872.58
2048,4096,32,512,5273.57
2048,4096,32,1024,5633.28
2048,4096,32,2048,6537.36
2048,4096,32,4096,8862.89
2048,4096,32,8192,17054.3
2048,4096,32,16384,32103.7
2048,4096,64,16,5220.48
2048,4096,64,32,5317.27
2048,4096,64,64,5360.62
2048,4096,64,128,5544.22
2048,4096,64,256,5860.2
2048,4096,64,512,6304.56
2048,4096,64,1024,7174.37
2048,4096,64,2048,9079.12
2048,4096,64,4096,16893.9
2048,4096,64,8192,31616.5
2048,4096,64,16384,62342.4
2048,4096,128,16,6543.33
2048,4096,128,32,6515.7
2048,4096,128,64,6544.84
2048,4096,128,128,7021.72
2048,4096,128,256,7395.81
2048,4096,128,512,8271.69
2048,4096,128,1024,10157.7
2048,4096,128,2048,16494
2048,4096,128,4096,31575.8
2048,4096,128,8192,61362.2
2048,4096,128,16384,121018
2048,8192,0,0,7176.39
2048,8192,1,16,7281.43
2048,8192,1,32,7339.18
2048,8192,1,64,7219.41
2048,8192,1,128,7418.39
2048,8192,1,256,7245.55
2048,8192,1,512,7409.2
2048,8192,1,1024,7328.8
2048,8192,1,2048,7520.83
2048,8192,1,4096,7544.18
2048,8192,1,8192,7664.67
2048,8192,1,16384,8041.09
2048,8192,2,16,7408.79
2048,8192,2,32,7486.75
2048,8192,2,64,7403.64
2048,8192,2,128,7396.71
2048,8192,2,256,7355.7
2048,8192,2,512,7468.58
2048,8192,2,1024,7539.05
2048,8192,2,2048,7430.15
2048,8192,2,4096,7629.05
2048,8192,2,8192,7820.66
2048,8192,2,16384,8499.47
2048,8192,4,16,7346.86
2048,8192,4,32,7469.77
2048,8192,4,64,7526.12
2048,8192,4,128,7566.24
2048,8192,4,256,7480.89
2048,8192,4,512,7528.29
2048,8192,4,1024,7686.1
2048,8192,4,2048,7586.77
2048,8192,4,4096,7946.68
2048,8192,4,8192,8367.11
2048,8192,4,16384,9413.79
2048,8192,8,16,7505.57
2048,8192,8,32,7472.32
2048,8192,8,64,7721.3
2048,8192,8,128,7451.82
2048,8192,8,256,7624.64
2048,8192,8,512,7657.46
2048,8192,8,1024,7710.56
2048,8192,8,2048,8075.97
2048,8192,8,4096,8414.51
2048,8192,8,8192,9301.99
2048,8192,8,16384,11722.5
2048,8192,16,16,7688.03
2048,8192,16,32,7696.16
2048,8192,16,64,7643.8
2048,8192,16,128,7834.85
2048,8192,16,256,7792.79
2048,8192,16,512,7864.46
2048,8192,16,1024,8141.53
2048,8192,16,2048,8565.77
2048,8192,16,4096,9423.88
2048,8192,16,8192,11569.1
2048,8192,16,16384,19362.6
2048,8192,32,16,7890.83
2048,8192,32,32,7913.31
2048,8192,32,64,7982.74
2048,8192,32,128,8037.6
2048,8192,32,256,8174.15
2048,8192,32,512,8416.54
2048,8192,32,1024,8855.77
2048,8192,32,2048,9790.55
2048,8192,32,4096,12009
2048,8192,32,8192,18402.5
2048,8192,32,16384,34173.1
2048,8192,64,16,8682.04
2048,8192,64,32,8499.04
2048,8192,64,64,8559.36
2048,8192,64,128,8881.38
2048,8192,64,256,8944.89
2048,8192,64,512,9492.4
2048,8192,64,1024,10340.1
2048,8192,64,2048,12280.6
2048,8192,64,4096,17709.6
2048,8192,64,8192,33806.1
2048,8192,64,16384,62777
2048,8192,128,16,9786.47
2048,8192,128,32,9828.51
2048,8192,128,64,9801.43
2048,8192,128,128,10155.7
2048,8192,128,256,10620.2
2048,8192,128,512,11483.7
2048,8192,128,1024,13285.9
2048,8192,128,2048,17154.4
2048,8192,128,4096,33128.5
2048,8192,128,8192,63221.1
2048,8192,128,16384,122779
2048,16384,0,0,13843.3
2048,16384,1,16,13636.7
2048,16384,1,32,13761.5
2048,16384,1,64,13818.7
2048,16384,1,128,13890.6
2048,16384,1,256,13997.1
2048,16384,1,512,13951
2048,16384,1,1024,13596.3
2048,16384,1,2048,13883.9
2048,16384,1,4096,13763.6
2048,16384,1,8192,14165.2
2048,16384,1,16384,14085.1
2048,16384,2,16,13981.8
2048,16384,2,32,13952.4
2048,16384,2,64,13836.3
2048,16384,2,128,13904.6
2048,16384,2,256,13748.8
2048,16384,2,512,13789.5
2048,16384,2,1024,13901.8
2048,16384,2,2048,13958.4
2048,16384,2,4096,14137.3
2048,16384,2,8192,14592.4
2048,16384,2,16384,14418.1
2048,16384,4,16,13948.3
2048,16384,4,32,14076.6
2048,16384,4,64,13775.8
2048,16384,4,128,13985.8
2048,16384,4,256,14112.1
2048,16384,4,512,14216.5
2048,16384,4,1024,13955.9
2048,16384,4,2048,14120.4
2048,16384,4,4096,14480.1
2048,16384,4,8192,15063.3
2048,16384,4,16384,15793.9
2048,16384,8,16,13951.3
2048,16384,8,32,13987
2048,16384,8,64,13812.7
2048,16384,8,128,13877.1
2048,16384,8,256,14163.4
2048,16384,8,512,13954.5
2048,16384,8,1024,14225.5
2048,16384,8,2048,14573.1
2048,16384,8,4096,15170.8
2048,16384,8,8192,16126.7
2048,16384,8,16384,17513
2048,16384,16,16,14088.7
2048,16384,16,32,14162.8
2048,16384,16,64,14068.9
2048,16384,16,128,14215.3
2048,16384,16,256,14500.3
2048,16384,16,512,14627.1
2048,16384,16,1024,14432.7
2048,16384,16,2048,15203.7
2048,16384,16,4096,16214.5
2048,16384,16,8192,17818.9
2048,16384,16,16384,23020.9
2048,16384,32,16,14410.4
2048,16384,32,32,14217.5
2048,16384,32,64,14327.9
2048,16384,32,128,14699.6
2048,16384,32,256,14524.3
2048,16384,32,512,14762.4
2048,16384,32,1024,15352.2
2048,16384,32,2048,16349.5
2048,16384,32,4096,17976.5
2048,16384,32,8192,23817.4
2048,16384,32,16384,37602.5
2048,16384,64,16,14913.4
2048,16384,64,32,15127.5
2048,16384,64,64,15001.5
2048,16384,64,128,15327
2048,16384,64,256,15403.9
2048,16384,64,512,15899.9
2048,16384,64,1024,16668.6
2048,16384,64,2048,18548.1
2048,16384,64,4096,23909.7
2048,16384,64,8192,35537
2048,16384,64,16384,67135.8
2048,16384,128,16,16335.9
2048,16384,128,32,16290.1
2048,16384,128,64,16316.3
2048,16384,128,128,16680.6
2048,16384,128,256,17091.9
2048,16384,128,512,17784.7
2048,16384,128,1024,19769.2
2048,16384,128,2048,23842.1
2048,16384,128,4096,34911.4
2048,16384,128,8192,65994.5
2048,16384,128,16384,125170
