prefill_chunk,kv_prefill,n_decode,kv_decode,time_us
0,0,1,16,11.8397
0,0,1,32,11.9143
0,0,1,64,11.904
0,0,1,128,17.0667
0,0,1,256,17.387
0,0,1,512,17.792
0,0,1,1024,18.592
0,0,1,2048,20.16
0,0,1,4096,23.829
0,0,1,8192,34.593
0,0,1,16384,40.6513
0,0,2,16,14.6137
0,0,2,32,14.6133
0,0,2,64,14.688
0,0,2,128,19.755
0,0,2,256,20.1173
0,0,2,512,20.4693
0,0,2,1024,21.44
0,0,2,2048,23.6907
0,0,2,4096,31.5737
0,0,2,8192,37.984
0,0,2,16384,57.526
0,0,4,16,14.539
0,0,4,32,14.5817
0,0,4,64,14.614
0,0,4,128,19.8077
0,0,4,256,20.0957
0,0,4,512,20.7147
0,0,4,1024,22.1757
0,0,4,2048,29.067
0,0,4,4096,36.384
0,0,4,8192,52.7907
0,0,4,16384,79.7137
0,0,8,16,14.336
0,0,8,32,14.379
0,0,8,64,14.4327
0,0,8,128,19.734
0,0,8,256,20.107
0,0,8,512,21.355
0,0,8,1024,27.2753
0,0,8,2048,34.5597
0,0,8,4096,51.0943
0,0,8,8192,75.211
0,0,8,16384,123.851
0,0,16,16,14.3153
0,0,16,32,14.3253
0,0,16,64,14.5387
0,0,16,128,20.1063
0,0,16,256,20.9177
0,0,16,512,27.253
0,0,16,1024,36.5017
0,0,16,2048,50.337
0,0,16,4096,80.449
0,0,16,8192,123.66
0,0,16,16384,216.525
0,0,32,16,14.528
0,0,32,32,14.7733
0,0,32,64,15.2957
0,0,32,128,21.0453
0,0,32,256,27.5307
0,0,32,512,36.0643
0,0,32,1024,50.944
0,0,32,2048,75.456
0,0,32,4096,122.977
0,0,32,8192,216.93
0,0,32,16384,409.4
0,0,64,16,15.1153
0,0,64,32,15.5843
0,0,64,64,16.6297
0,0,64,128,28.9497
0,0,64,256,37.5683
0,0,64,512,50.6677
0,0,64,1024,75.1483
0,0,64,2048,123.446
0,0,64,4096,217.347
0,0,64,8192,407.352
0,0,64,16384,789.894
0,0,128,16,21.9107
0,0,128,32,22.6887
0,0,128,64,24.3523
0,0,128,128,33.8137
0,0,128,256,47.9903
0,0,128,512,72.8963
0,0,128,1024,120.364
0,0,128,2048,216.226
0,0,128,4096,403.716
0,0,128,8192,783.494
0,0,128,16384,1542.83
0,0,256,16,35.5417
0,0,256,32,36.716
0,0,256,64,39.5957
0,0,256,128,57.888
0,0,256,256,81.601
0,0,256,512,130.06
0,0,256,1024,223.607
0,0,256,2048,414.915
0,0,256,4096,788.882
0,0,256,8192,1540.1
0,0,256,16384,3050.8
16,0,0,0,11.7337
16,0,1,16,11.7867
16,0,1,32,11.7867
16,0,1,64,11.8187
16,0,1,128,14.3573
16,0,1,256,17.92
16,0,1,512,24.9593
16,0,1,1024,39.4347
16,0,1,2048,68.811
16,0,1,4096,127.393
16,0,1,8192,245.751
16,0,1,16384,482.148
16,0,2,16,11.563
16,0,2,32,11.424
16,0,2,64,11.5097
16,0,2,128,14.4107
16,0,2,256,17.984
16,0,2,512,25.067
16,0,2,1024,39.8513
16,0,2,2048,69.462
16,0,2,4096,128.62
16,0,2,8192,246.36
16,0,2,16384,484.334
16,0,4,16,11.7117
16,0,4,32,11.7227
16,0,4,64,11.691
16,0,4,128,14.5283
16,0,4,256,18.144
16,0,4,512,25.2587
16,0,4,1024,40.1387
16,0,4,2048,70.678
16,0,4,4096,130.508
16,0,4,8192,249.303
16,0,4,16384,485.646
16,0,8,16,11.68
16,0,8,32,11.6693
16,0,8,64,11.7013
16,0,8,128,14.6667
16,0,8,256,18.2507
16,0,8,512,25.6423
16,0,8,1024,40.9707
16,0,8,2048,71.393
16,0,8,4096,131.404
16,0,8,8192,249.879
16,0,8,16384,487.791
16,0,16,16,17.4827
16,0,16,32,17.6857
16,0,16,64,18.0377
16,0,16,128,22.5387
16,0,16,256,27.029
16,0,16,512,34.2187
16,0,16,1024,48.8963
16,0,16,2048,79.211
16,0,16,4096,137.878
16,0,16,8192,255.052
16,0,16,16384,493.007
16,0,32,16,23.1787
16,0,32,32,23.563
16,0,32,64,23.9897
16,0,32,128,32.6507
16,0,32,256,42.4637
16,0,32,512,56.7897
16,0,32,1024,86.4113
16,0,32,2048,144.374
16,0,32,4096,266.658
16,0,32,8192,514.703
16,0,32,16384,1012.56
16,0,64,16,34.304
16,0,64,32,35.008
16,0,64,64,35.5627
16,0,64,128,53.2487
16,0,64,256,82.0277
16,0,64,512,125.345
16,0,64,1024,217.677
16,0,64,2048,405.742
16,0,64,4096,779.463
16,0,64,8192,1537.08
16,0,64,16384,3052.39
16,0,128,16,57.461
16,0,128,32,58.4533
16,0,128,64,59.2
16,0,128,128,94.4433
16,0,128,256,140.844
16,0,128,512,232.696
16,0,128,1024,420.057
16,0,128,2048,794.119
16,0,128,4096,1542.22
16,0,128,8192,3088.77
16,0,128,16384,6093.41
16,16,0,0,11.9143
16,16,1,16,11.968
16,16,1,32,12.043
16,16,1,64,12.064
16,16,1,128,14.3787
16,16,1,256,17.995
16,16,1,512,24.9283
16,16,1,1024,39.478
16,16,1,2048,68.9077
16,16,1,4096,127.447
16,16,1,8192,245.954
16,16,1,16384,482.479
16,16,2,16,11.7017
16,16,2,32,11.7023
16,16,2,64,11.7443
16,16,2,128,14.4
16,16,2,256,17.9633
16,16,2,512,25.1097
16,16,2,1024,39.904
16,16,2,2048,69.4407
16,16,2,4096,128.673
16,16,2,8192,246.69
16,16,2,16384,484.164
16,16,4,16,11.8183
16,16,4,32,11.9787
16,16,4,64,12.0427
16,16,4,128,14.5707
16,16,4,256,18.1013
16,16,4,512,25.248
16,16,4,1024,40.139
16,16,4,2048,70.6243
16,16,4,4096,130.625
16,16,4,8192,249.389
16,16,4,16384,485.572
16,16,8,16,11.851
16,16,8,32,11.9577
16,16,8,64,12.0427
16,16,8,128,14.6353
16,16,8,256,18.208
16,16,8,512,25.632
16,16,8,1024,41.035
16,16,8,2048,71.318
16,16,8,4096,131.35
16,16,8,8192,250.061
16,16,8,16384,488.196
16,16,16,16,17.4613
16,16,16,32,17.8027
16,16,16,64,18.08
16,16,16,128,22.539
16,16,16,256,27.115
16,16,16,512,34.6987
16,16,16,1024,49.3017
16,16,16,2048,79.051
16,16,16,4096,138.124
16,16,16,8192,254.424
16,16,16,16384,493.796
16,16,32,16,23.2107
16,16,32,32,23.6693
16,16,32,64,23.9683
16,16,32,128,32.7577
16,16,32,256,42.9973
16,16,32,512,58.571
16,16,32,1024,86.678
16,16,32,2048,143.575
16,16,32,4096,266.541
16,16,32,8192,515.066
16,16,32,16384,1010.87
16,16,64,16,34.465
16,16,64,32,35.051
16,16,64,64,35.392
16,16,64,128,53.1843
16,16,64,256,81.4617
16,16,64,512,126.273
16,16,64,1024,217.73
16,16,64,2048,405.241
16,16,64,4096,780.753
16,16,64,8192,1533.92
16,16,64,16384,3050.73
16,16,128,16,57.558
16,16,128,32,58.496
16,16,128,64,59.2327
16,16,128,128,95.1047
16,16,128,256,141.665
16,16,128,512,232.866
16,16,128,1024,418.617
16,16,128,2048,790.3
16,16,128,4096,1541.29
16,16,128,8192,3057.86
16,16,128,16384,6081.01
16,32,0,0,12.0647
16,32,1,16,11.957
16,32,1,32,12.0107
16,32,1,64,12.0853
16,32,1,128,14.368
16,32,1,256,17.9207
16,32,1,512,24.907
16,32,1,1024,39.4563
16,32,1,2048,68.8437
16,32,1,4096,127.639
16,32,1,8192,245.977
16,32,1,16384,482.639
16,32,2,16,11.7333
16,32,2,32,11.7653
16,32,2,64,11.8397
16,32,2,128,14.4103
16,32,2,256,17.9413
16,32,2,512,25.0993
16,32,2,1024,39.8727
16,32,2,2048,69.4403
16,32,2,4096,128.609
16,32,2,8192,246.423
16,32,2,16384,484.804
16,32,4,16,11.8507
16,32,4,32,12.0647
16,32,4,64,12.0433
16,32,4,128,14.5393
16,32,4,256,18.0907
16,32,4,512,25.2163
16,32,4,1024,40.107
16,32,4,2048,70.827
16,32,4,4096,130.678
16,32,4,8192,249.442
16,32,4,16384,485.839
16,32,8,16,11.9467
16,32,8,32,12.0107
16,32,8,64,12.0963
16,32,8,128,14.6133
16,32,8,256,18.2613
16,32,8,512,25.632
16,32,8,1024,40.9177
16,32,8,2048,71.3923
16,32,8,4096,131.745
16,32,8,8192,250.029
16,32,8,16384,487.46
16,32,16,16,17.5147
16,32,16,32,17.867
16,32,16,64,18.1227
16,32,16,128,22.4643
16,32,16,256,27.2427
16,32,16,512,34.5497
16,32,16,1024,49.1843
16,32,16,2048,79.649
16,32,16,4096,138.806
16,32,16,8192,255.682
16,32,16,16384,492.847
16,32,32,16,23.0827
16,32,32,32,23.5947
16,32,32,64,24.0107
16,32,32,128,32.6613
16,32,32,256,42.816
16,32,32,512,57.707
16,32,32,1024,87.532
16,32,32,2048,144.065
16,32,32,4096,266.69
16,32,32,8192,513.476
16,32,32,16384,1011.76
16,32,64,16,34.4427
16,32,64,32,34.955
16,32,64,64,35.5203
16,32,64,128,52.9287
16,32,64,256,79.958
16,32,64,512,125.356
16,32,64,1024,216.898
16,32,64,2048,405.774
16,32,64,4096,780.615
16,32,64,8192,1545.66
16,32,64,16384,3052.21
16,32,128,16,57.5467
16,32,128,32,58.464
16,32,128,64,59.499
16,32,128,128,94.7633
16,32,128,256,141.345
16,32,128,512,231.618
16,32,128,1024,417.903
16,32,128,2048,790.866
16,32,128,4096,1542.46
16,32,128,8192,3081.43
16,32,128,16384,6091.95
16,64,0,0,12.1387
16,64,1,16,11.9787
16,64,1,32,12.0533
16,64,1,64,12.203
16,64,1,128,14.3787
16,64,1,256,17.9307
16,64,1,512,24.9923
16,64,1,1024,39.4883
16,64,1,2048,68.929
16,64,1,4096,127.543
16,64,1,8192,245.954
16,64,1,16384,482.521
16,64,2,16,11.7547
16,64,2,32,11.7973
16,64,2,64,11.883
16,64,2,128,14.3787
16,64,2,256,17.9093
16,64,2,512,25.142
16,64,2,1024,39.8827
16,64,2,2048,69.419
16,64,2,4096,128.577
16,64,2,8192,246.403
16,64,2,16384,483.876
16,64,4,16,11.8827
16,64,4,32,12
16,64,4,64,12.0107
16,64,4,128,14.5067
16,64,4,256,18.1017
16,64,4,512,25.184
16,64,4,1024,40.203
16,64,4,2048,70.7093
16,64,4,4096,130.551
16,64,4,8192,249.623
16,64,4,16384,485.732
16,64,8,16,11.808
16,64,8,32,11.9783
16,64,8,64,12.1173
16,64,8,128,14.6457
16,64,8,256,18.251
16,64,8,512,25.653
16,64,8,1024,41.014
16,64,8,2048,71.2113
16,64,8,4096,131.19
16,64,8,8192,249.72
16,64,8,16384,487.546
16,64,16,16,17.5253
16,64,16,32,17.7387
16,64,16,64,18.0053
16,64,16,128,22.6347
16,64,16,256,27.488
16,64,16,512,35.0613
16,64,16,1024,49.4723
16,64,16,2048,79.3613
16,64,16,4096,137.591
16,64,16,8192,255.981
16,64,16,16384,492.633
16,64,32,16,23.1893
16,64,32,32,23.7123
16,64,32,64,24.032
16,64,32,128,32.8423
16,64,32,256,42.8593
16,64,32,512,58.1767
16,64,32,1024,86.8163
16,64,32,2048,144.716
16,64,32,4096,266.925
16,64,32,8192,512.751
16,64,32,16384,1009.75
16,64,64,16,34.379
16,64,64,32,35.03
16,64,64,64,35.339
16,64,64,128,53.2803
16,64,64,256,81.057
16,64,64,512,125.228
16,64,64,1024,216.716
16,64,64,2048,406.745
16,64,64,4096,781.639
16,64,64,8192,1538.42
16,64,64,16384,3058.77
16,64,128,16,57.579
16,64,128,32,58.6243
16,64,128,64,59.424
16,64,128,128,95.4993
16,64,128,256,141.025
16,64,128,512,233.218
16,64,128,1024,419.022
16,64,128,2048,792.444
16,64,128,4096,1544.05
16,64,128,8192,3075.5
16,64,128,16384,6105.89
16,128,0,0,15.328
16,128,1,16,14.5493
16,128,1,32,14.56
16,128,1,64,14.5497
16,128,1,128,15.232
16,128,1,256,17.9417
16,128,1,512,24.971
16,128,1,1024,39.5843
16,128,1,2048,68.8643
16,128,1,4096,127.596
16,128,1,8192,245.89
16,128,1,16384,482.532
16,128,2,16,14.5177
16,128,2,32,14.4853
16,128,2,64,14.5927
16,128,2,128,15.0187
16,128,2,256,17.92
16,128,2,512,25.0773
16,128,2,1024,39.873
16,128,2,2048,69.569
16,128,2,4096,128.695
16,128,2,8192,246.605
16,128,2,16384,484.132
16,128,4,16,14.656
16,128,4,32,14.6773
16,128,4,64,14.6987
16,128,4,128,15.168
16,128,4,256,18.1657
16,128,4,512,25.248
16,128,4,1024,40.1503
16,128,4,2048,70.7203
16,128,4,4096,130.583
16,128,4,8192,249.324
16,128,4,16384,485.828
16,128,8,16,14.571
16,128,8,32,14.5817
16,128,8,64,14.7203
16,128,8,128,15.3173
16,128,8,256,18.187
16,128,8,512,25.6967
16,128,8,1024,41.025
16,128,8,2048,71.1583
16,128,8,4096,131.041
16,128,8,8192,250.178
16,128,8,16384,487.856
16,128,16,16,17.5363
16,128,16,32,17.718
16,128,16,64,18.0053
16,128,16,128,24.534
16,128,16,256,29.867
16,128,16,512,38.0797
16,128,16,1024,52.438
16,128,16,2048,81.8353
16,128,16,4096,141.409
16,128,16,8192,258.061
16,128,16,16384,494.149
16,128,32,16,23.2213
16,128,32,32,23.702
16,128,32,64,24.0747
16,128,32,128,33.8347
16,128,32,256,44.0853
16,128,32,512,62.7417
16,128,32,1024,90.561
16,128,32,2048,149.484
16,128,32,4096,266.989
16,128,32,8192,514.308
16,128,32,16384,1011.49
16,128,64,16,34.5287
16,128,64,32,35.1577
16,128,64,64,35.52
16,128,64,128,54.2943
16,128,64,256,82.9127
16,128,64,512,133.729
16,128,64,1024,217.708
16,128,64,2048,404.462
16,128,64,4096,783.836
16,128,64,8192,1541.3
16,128,64,16384,3072.61
16,128,128,16,57.6863
16,128,128,32,58.998
16,128,128,64,59.7447
16,128,128,128,96.6193
16,128,128,256,143.5
16,128,128,512,240.087
16,128,128,1024,418.105
16,128,128,2048,791.815
16,128,128,4096,1543.02
16,128,128,8192,3055.08
16,128,128,16384,6118.22
16,256,0,0,18.7737
16,256,1,16,18.048
16,256,1,32,18.08
16,256,1,64,18.0373
16,256,1,128,18.0373
16,256,1,256,18.6667
16,256,1,512,24.9283
16,256,1,1024,39.489
16,256,1,2048,68.9287
16,256,1,4096,127.916
16,256,1,8192,245.805
16,256,1,16384,482.308
16,256,2,16,18.144
16,256,2,32,18.1227
16,256,2,64,18.112
16,256,2,128,18.1333
16,256,2,256,18.5813
16,256,2,512,25.1417
16,256,2,1024,39.8943
16,256,2,2048,69.5263
16,256,2,4096,128.652
16,256,2,8192,246.552
16,256,2,16384,484.164
16,256,4,16,18.24
16,256,4,32,18.2503
16,256,4,64,18.262
16,256,4,128,18.336
16,256,4,256,18.8163
16,256,4,512,25.312
16,256,4,1024,40.2563
16,256,4,2048,70.7203
16,256,4,4096,130.444
16,256,4,8192,249.272
16,256,4,16384,485.412
16,256,8,16,18.016
16,256,8,32,18.155
16,256,8,64,18.208
16,256,8,128,18.1867
16,256,8,256,18.9657
16,256,8,512,25.814
16,256,8,1024,41.1633
16,256,8,2048,71.382
16,256,8,4096,131.266
16,256,8,8192,249.783
16,256,8,16384,487.993
16,256,16,16,18.2507
16,256,16,32,18.3257
16,256,16,64,18.432
16,256,16,128,24.6293
16,256,16,256,31.9367
16,256,16,512,42.1873
16,256,16,1024,56.6513
16,256,16,2048,86.8383
16,256,16,4096,144.961
16,256,16,8192,261.613
16,256,16,16384,496.324
16,256,32,16,25.1413
16,256,32,32,25.3337
16,256,32,64,25.7387
16,256,32,128,33.942
16,256,32,256,44.992
16,256,32,512,65.3983
16,256,32,1024,94.5393
16,256,32,2048,153.985
16,256,32,4096,271.639
16,256,32,8192,515.503
16,256,32,16384,1010.91
16,256,64,16,36.235
16,256,64,32,36.672
16,256,64,64,37.3017
16,256,64,128,54.0913
16,256,64,256,83.6703
16,256,64,512,132.556
16,256,64,1024,224.471
16,256,64,2048,408.654
16,256,64,4096,781.799
16,256,64,8192,1538.61
16,256,64,16384,3058.13
16,256,128,16,57.974
16,256,128,32,59.318
16,256,128,64,60.4803
16,256,128,128,97.2807
16,256,128,256,144.577
16,256,128,512,240.152
16,256,128,1024,418.041
16,256,128,2048,793.447
16,256,128,4096,1539.9
16,256,128,8192,3074.25
16,256,128,16384,6089.77
16,512,0,0,25.6107
16,512,1,16,25.12
16,512,1,32,25.1313
16,512,1,64,25.099
16,512,1,128,25.1417
16,512,1,256,25.1093
16,512,1,512,25.6857
16,512,1,1024,39.4987
16,512,1,2048,68.8433
16,512,1,4096,127.99
16,512,1,8192,246.061
16,512,1,16384,482.713
16,512,2,16,25.0997
16,512,2,32,25.1097
16,512,2,64,25.0453
16,512,2,128,25.0987
16,512,2,256,25.1203
16,512,2,512,25.5573
16,512,2,1024,39.9363
16,512,2,2048,69.4513
16,512,2,4096,128.759
16,512,2,8192,246.51
16,512,2,16384,484.293
16,512,4,16,25.2163
16,512,4,32,25.1947
16,512,4,64,25.2593
16,512,4,128,25.4407
16,512,4,256,25.3973
16,512,4,512,25.7813
16,512,4,1024,40.1283
16,512,4,2048,70.7417
16,512,4,4096,130.828
16,512,4,8192,249.41
16,512,4,16384,485.679
16,512,8,16,25.0667
16,512,8,32,25.0987
16,512,8,64,25.2057
16,512,8,128,25.216
16,512,8,256,25.2803
16,512,8,512,25.995
16,512,8,1024,41.174
16,512,8,2048,71.2437
16,512,8,4096,131.275
16,512,8,8192,250.221
16,512,8,16384,487.492
16,512,16,16,25.4937
16,512,16,32,25.537
16,512,16,64,25.6003
16,512,16,128,26.155
16,512,16,256,32.16
16,512,16,512,46.2403
16,512,16,1024,65.7817
16,512,16,2048,94.998
16,512,16,4096,154.326
16,512,16,8192,269.763
16,512,16,16384,505.156
16,512,32,16,32.4587
16,512,32,32,32.4483
16,512,32,64,32.8963
16,512,32,128,36.4377
16,512,32,256,45.088
16,512,32,512,67.5853
16,512,32,1024,102.678
16,512,32,2048,167.074
16,512,32,4096,284.568
16,512,32,8192,544.944
16,512,32,16384,1019.36
16,512,64,16,43.414
16,512,64,32,43.947
16,512,64,64,44.203
16,512,64,128,55.851
16,512,64,256,84.1817
16,512,64,512,134.977
16,512,64,1024,233.176
16,512,64,2048,410.564
16,512,64,4096,782.322
16,512,64,8192,1543.16
16,512,64,16384,3044.64
16,512,128,16,61.622
16,512,128,32,62.4007
16,512,128,64,62.838
16,512,128,128,97.0147
16,512,128,256,144.844
16,512,128,512,244.717
16,512,128,1024,426.073
16,512,128,2048,791.858
16,512,128,4096,1545.43
16,512,128,8192,3053.78
16,512,128,16384,6083.36
16,1024,0,0,40.523
16,1024,1,16,39.8083
16,1024,1,32,39.787
16,1024,1,64,39.7973
16,1024,1,128,39.8187
16,1024,1,256,39.9577
16,1024,1,512,39.8723
16,1024,1,1024,40.288
16,1024,1,2048,68.9503
16,1024,1,4096,128.001
16,1024,1,8192,246.062
16,1024,1,16384,482.692
16,1024,2,16,39.4987
16,1024,2,32,39.5413
16,1024,2,64,39.563
16,1024,2,128,39.744
16,1024,2,256,39.584
16,1024,2,512,39.83
16,1024,2,1024,40.2887
16,1024,2,2048,69.5573
16,1024,2,4096,128.716
16,1024,2,8192,246.392
16,1024,2,16384,484.026
16,1024,4,16,39.5633
16,1024,4,32,39.5627
16,1024,4,64,39.5103
16,1024,4,128,39.6377
16,1024,4,256,39.9147
16,1024,4,512,39.9043
16,1024,4,1024,40.8217
16,1024,4,2048,70.838
16,1024,4,4096,130.721
16,1024,4,8192,249.624
16,1024,4,16384,485.721
16,1024,8,16,39.4883
16,1024,8,32,39.4883
16,1024,8,64,39.5093
16,1024,8,128,39.6163
16,1024,8,256,39.8723
16,1024,8,512,40.6727
16,1024,8,1024,41.2373
16,1024,8,2048,71.67
16,1024,8,4096,131.777
16,1024,8,8192,250.125
16,1024,8,16384,487.632
16,1024,16,16,40.3307
16,1024,16,32,40.353
16,1024,16,64,40.459
16,1024,16,128,40.8643
16,1024,16,256,41.3877
16,1024,16,512,46.3257
16,1024,16,1024,76.662
16,1024,16,2048,111.446
16,1024,16,4096,172.62
16,1024,16,8192,293.496
16,1024,16,16384,535.503
16,1024,32,16,46.273
16,1024,32,32,46.7203
16,1024,32,64,47.0293
16,1024,32,128,50.358
16,1024,32,256,54.838
16,1024,32,512,67.9793
16,1024,32,1024,114.817
16,1024,32,2048,179.245
16,1024,32,4096,303.117
16,1024,32,8192,555.034
16,1024,32,16384,1055.03
16,1024,64,16,57.5577
16,1024,64,32,57.7927
16,1024,64,64,58.1553
16,1024,64,128,69.9743
16,1024,64,256,91.916
16,1024,64,512,136.14
16,1024,64,1024,245.143
16,1024,64,2048,426.51
16,1024,64,4096,784.573
16,1024,64,8192,1535.34
16,1024,64,16384,3065.04
16,1024,128,16,75.83
16,1024,128,32,76.3847
16,1024,128,64,77.569
16,1024,128,128,103.414
16,1024,128,256,144.962
16,1024,128,512,244.216
16,1024,128,1024,439.769
16,1024,128,2048,802.556
16,1024,128,4096,1547.15
16,1024,128,8192,3063.34
16,1024,128,16384,6079.26
16,2048,0,0,70.1223
16,2048,1,16,69.43
16,2048,1,32,69.4403
16,2048,1,64,69.451
16,2048,1,128,69.419
16,2048,1,256,69.6643
16,2048,1,512,69.5367
16,2048,1,1024,69.4727
16,2048,1,2048,69.8033
16,2048,1,4096,128.054
16,2048,1,8192,246.007
16,2048,1,16384,482.724
16,2048,2,16,69.398
16,2048,2,32,69.1843
16,2048,2,64,69.2377
16,2048,2,128,69.249
16,2048,2,256,69.2063
16,2048,2,512,69.4617
16,2048,2,1024,69.6007
16,2048,2,2048,69.686
16,2048,2,4096,128.641
16,2048,2,8192,246.626
16,2048,2,16384,484.324
16,2048,4,16,69.345
16,2048,4,32,69.1843
16,2048,4,64,69.1953
16,2048,4,128,69.206
16,2048,4,256,69.5363
16,2048,4,512,69.5473
16,2048,4,1024,69.867
16,2048,4,2048,70.956
16,2048,4,4096,130.753
16,2048,4,8192,249.559
16,2048,4,16384,485.764
16,2048,8,16,69.0993
16,2048,8,32,69.046
16,2048,8,64,69.1207
16,2048,8,128,69.1313
16,2048,8,256,69.142
16,2048,8,512,70.177
16,2048,8,1024,70.1873
16,2048,8,2048,71.5633
16,2048,8,4096,131.714
16,2048,8,8192,249.965
16,2048,8,16384,487.748
16,2048,16,16,69.974
16,2048,16,32,69.9317
16,2048,16,64,70.0063
16,2048,16,128,70.71
16,2048,16,256,71.1043
16,2048,16,512,71.3817
16,2048,16,1024,76.7047
16,2048,16,2048,137.153
16,2048,16,4096,201.719
16,2048,16,8192,321.294
16,2048,16,16384,564.997
16,2048,32,16,74.6887
16,2048,32,32,74.678
16,2048,32,64,75.2537
16,2048,32,128,78.614
16,2048,32,256,82.7843
16,2048,32,512,90.71
16,2048,32,1024,114.059
16,2048,32,2048,205.442
16,2048,32,4096,333.742
16,2048,32,8192,585.125
16,2048,32,16384,1086.49
16,2048,64,16,85.686
16,2048,64,32,86.028
16,2048,64,64,86.337
16,2048,64,128,98.0273
16,2048,64,256,121.388
16,2048,64,512,158.861
16,2048,64,1024,244.066
16,2048,64,2048,452.868
16,2048,64,4096,816.797
16,2048,64,8192,1539.49
16,2048,64,16384,3059.54
16,2048,128,16,104.161
16,2048,128,32,104.95
16,2048,128,64,105.633
16,2048,128,128,130.967
16,2048,128,256,171.895
16,2048,128,512,250.765
16,2048,128,1024,441.721
16,2048,128,2048,832.189
16,2048,128,4096,1575.67
16,2048,128,8192,3076.32
16,2048,128,16384,6125.73
16,4096,0,0,129.334
16,4096,1,16,128.673
16,4096,1,32,128.929
16,4096,1,64,128.684
16,4096,1,128,128.737
16,4096,1,256,128.77
16,4096,1,512,128.78
16,4096,1,1024,128.737
16,4096,1,2048,129.079
16,4096,1,4096,129.548
16,4096,1,8192,246.04
16,4096,1,16384,482.351
16,4096,2,16,128.449
16,4096,2,32,128.438
16,4096,2,64,128.481
16,4096,2,128,128.31
16,4096,2,256,128.513
16,4096,2,512,128.385
16,4096,2,1024,128.61
16,4096,2,2048,129.196
16,4096,2,4096,129.366
16,4096,2,8192,246.285
16,4096,2,16384,484.27
16,4096,4,16,128.662
16,4096,4,32,128.438
16,4096,4,64,128.481
16,4096,4,128,128.481
16,4096,4,256,128.524
16,4096,4,512,128.823
16,4096,4,1024,129.313
16,4096,4,2048,129.591
16,4096,4,4096,130.849
16,4096,4,8192,249.581
16,4096,4,16384,485.988
16,4096,8,16,128.449
16,4096,8,32,128.055
16,4096,8,64,128.065
16,4096,8,128,128.236
16,4096,8,256,128.193
16,4096,8,512,129.26
16,4096,8,1024,129.238
16,4096,8,2048,129.708
16,4096,8,4096,131.617
16,4096,8,8192,250.093
16,4096,8,16384,487.577
16,4096,16,16,129.206
16,4096,16,32,129.292
16,4096,16,64,129.388
16,4096,16,128,130.007
16,4096,16,256,130.273
16,4096,16,512,130.7
16,4096,16,1024,131.414
16,4096,16,2048,136.876
16,4096,16,4096,256.29
16,4096,16,8192,381.251
16,4096,16,16384,624.645
16,4096,32,16,131.393
16,4096,32,32,131.575
16,4096,32,64,131.468
16,4096,32,128,134.657
16,4096,32,256,138.679
16,4096,32,512,147.223
16,4096,32,1024,166.284
16,4096,32,2048,207.17
16,4096,32,4096,387.385
16,4096,32,8192,637.51
16,4096,32,16384,1146.59
16,4096,64,16,142.124
16,4096,64,32,142.294
16,4096,64,64,142.753
16,4096,64,128,155.329
16,4096,64,256,177.452
16,4096,64,512,215.917
16,4096,64,1024,298.274
16,4096,64,2048,455.705
16,4096,64,4096,867.912
16,4096,64,8192,1606.66
16,4096,64,16384,3087.68
16,4096,128,16,160.642
16,4096,128,32,161.356
16,4096,128,64,161.986
16,4096,128,128,188.024
16,4096,128,256,228.066
16,4096,128,512,307.032
16,4096,128,1024,460.015
16,4096,128,2048,833.543
16,4096,128,4096,1618.08
16,4096,128,8192,3104.61
16,4096,128,16384,6099.22
16,8192,0,0,247.853
16,8192,1,16,247.298
16,8192,1,32,247.139
16,8192,1,64,247.106
16,8192,1,128,247.118
16,8192,1,256,247.181
16,8192,1,512,247.16
16,8192,1,1024,247.149
16,8192,1,2048,247.266
16,8192,1,4096,247.308
16,8192,1,8192,247.415
16,8192,1,16384,481.881
16,8192,2,16,246.221
16,8192,2,32,246.2
16,8192,2,64,246.263
16,8192,2,128,246.381
16,8192,2,256,246.349
16,8192,2,512,246.275
16,8192,2,1024,246.402
16,8192,2,2048,246.498
16,8192,2,4096,246.797
16,8192,2,8192,247.128
16,8192,2,16384,484.431
16,8192,4,16,246.541
16,8192,4,32,246.509
16,8192,4,64,246.701
16,8192,4,128,246.605
16,8192,4,256,246.893
16,8192,4,512,246.637
16,8192,4,1024,246.818
16,8192,4,2048,247.021
16,8192,4,4096,247.074
16,8192,4,8192,249.655
16,8192,4,16384,486.149
16,8192,8,16,246.061
16,8192,8,32,246.05
16,8192,8,64,246.007
16,8192,8,128,246.167
16,8192,8,256,246.157
16,8192,8,512,246.627
16,8192,8,1024,246.839
16,8192,8,2048,246.999
16,8192,8,4096,248.162
16,8192,8,8192,250.647
16,8192,8,16384,488.346
16,8192,16,16,247.149
16,8192,16,32,247.021
16,8192,16,64,247.309
16,8192,16,128,247.629
16,8192,16,256,248.077
16,8192,16,512,248.429
16,8192,16,1024,248.909
16,8192,16,2048,249.901
16,8192,16,4096,255.917
16,8192,16,8192,493.818
16,8192,16,16384,743.9
16,8192,32,16,247.736
16,8192,32,32,247.81
16,8192,32,64,247.853
16,8192,32,128,249.143
16,8192,32,256,252.151
16,8192,32,512,260.301
16,8192,32,1024,279.458
16,8192,32,2048,314.798
16,8192,32,4096,392.036
16,8192,32,8192,757.564
16,8192,32,16384,1268.4
16,8192,64,16,254.648
16,8192,64,32,255.33
16,8192,64,64,255.48
16,8192,64,128,267.331
16,8192,64,256,289.72
16,8192,64,512,328.825
16,8192,64,1024,410.532
16,8192,64,2048,570.394
16,8192,64,4096,885.629
16,8192,64,8192,1709.4
16,8192,64,16384,3190.8
16,8192,128,16,273.325
16,8192,128,32,274.2
16,8192,128,64,275.598
16,8192,128,128,301.24
16,8192,128,256,341.486
16,8192,128,512,419.342
16,8192,128,1024,575.739
16,8192,128,2048,890.888
16,8192,128,4096,1628.4
16,8192,128,8192,3186.45
16,8192,128,16384,6169.42
16,16384,0,0,485.828
16,16384,1,16,486.255
16,16384,1,32,486.17
16,16384,1,64,486.224
16,16384,1,128,486.394
16,16384,1,256,486.34
16,16384,1,512,486.415
16,16384,1,1024,486.169
16,16384,1,2048,486.629
16,16384,1,4096,486.202
16,16384,1,8192,485.721
16,16384,1,16384,485.7
16,16384,2,16,484.954
16,16384,2,32,484.709
16,16384,2,64,484.762
16,16384,2,128,484.804
16,16384,2,256,484.656
16,16384,2,512,484.889
16,16384,2,1024,485.029
16,16384,2,2048,485.072
16,16384,2,4096,485.21
16,16384,2,8192,484.847
16,16384,2,16384,485.189
16,16384,4,16,484.762
16,16384,4,32,484.484
16,16384,4,64,484.858
16,16384,4,128,484.901
16,16384,4,256,484.964
16,16384,4,512,484.88
16,16384,4,1024,484.827
16,16384,4,2048,485.38
16,16384,4,4096,484.964
16,16384,4,8192,485.519
16,16384,4,16384,486.202
16,16384,8,16,483.482
16,16384,8,32,483.407
16,16384,8,64,483.546
16,16384,8,128,483.578
16,16384,8,256,484.026
16,16384,8,512,484.377
16,16384,8,1024,484.292
16,16384,8,2048,484.997
16,16384,8,4096,485.946
16,16384,8,8192,486.522
16,16384,8,16384,488.473
16,16384,16,16,485.657
16,16384,16,32,485.572
16,16384,16,64,485.53
16,16384,16,128,486.479
16,16384,16,256,486.841
16,16384,16,512,486.757
16,16384,16,1024,487.824
16,16384,16,2048,488.592
16,16384,16,4096,489.796
16,16384,16,8192,494.266
16,16384,16,16384,971.369
16,16384,32,16,485.294
16,16384,32,32,485.093
16,16384,32,64,485.199
16,16384,32,128,486.746
16,16384,32,256,487.513
16,16384,32,512,490.799
16,16384,32,1024,506.276
16,16384,32,2048,542.863
16,16384,32,4096,615.622
16,16384,32,8192,761.223
16,16384,32,16384,1494
16,16384,64,16,485.594
16,16384,64,32,485.487
16,16384,64,64,486.287
16,16384,64,128,493.455
16,16384,64,256,517.103
16,16384,64,512,554.64
16,16384,64,1024,637.606
16,16384,64,2048,799.389
16,16384,64,4096,1120.5
16,16384,64,8192,1756.54
16,16384,64,16384,3391.63
16,16384,128,16,499.248
16,16384,128,32,499.631
16,16384,128,64,501.135
16,16384,128,128,526.693
16,16384,128,256,567.557
16,16384,128,512,647.729
16,16384,128,1024,804.147
16,16384,128,2048,1122.5
16,16384,128,4096,1758.84
16,16384,128,8192,3223.41
16,16384,128,16384,6395.68
32,0,0,0,11.9467
32,0,1,16,11.957
32,0,1,32,12.107
32,0,1,64,12.096
32,0,1,128,14.3467
32,0,1,256,17.9523
32,0,1,512,25.0243
32,0,1,1024,39.499
32,0,1,2048,68.9077
32,0,1,4096,127.99
32,0,1,8192,246.018
32,0,1,16384,482.703
32,0,2,16,11.7763
32,0,2,32,11.8507
32,0,2,64,11.7977
32,0,2,128,14.4643
32,0,2,256,17.9733
32,0,2,512,25.014
32,0,2,1024,39.5203
32,0,2,2048,69.4937
32,0,2,4096,128.673
32,0,2,8192,246.519
32,0,2,16384,483.855
32,0,4,16,11.872
32,0,4,32,11.829
32,0,4,64,11.9573
32,0,4,128,14.5067
32,0,4,256,18.1013
32,0,4,512,25.3763
32,0,4,1024,40.3523
32,0,4,2048,70.6033
32,0,4,4096,130.486
32,0,4,8192,249.549
32,0,4,16384,485.52
32,0,8,16,11.947
32,0,8,32,11.8933
32,0,8,64,11.958
32,0,8,128,14.6773
32,0,8,256,18.2937
32,0,8,512,25.6963
32,0,8,1024,41.003
32,0,8,2048,71.3713
32,0,8,4096,131.51
32,0,8,8192,249.944
32,0,8,16384,487.94
32,0,16,16,17.4507
32,0,16,32,17.824
32,0,16,64,18.006
32,0,16,128,22.5707
32,0,16,256,27.328
32,0,16,512,34.592
32,0,16,1024,49.483
32,0,16,2048,79.1477
32,0,16,4096,138.273
32,0,16,8192,255.543
32,0,16,16384,493.722
32,0,32,16,23.3707
32,0,32,32,23.84
32,0,32,64,24.0217
32,0,32,128,32.896
32,0,32,256,42.4857
32,0,32,512,58.4223
32,0,32,1024,87.0943
32,0,32,2048,144.673
32,0,32,4096,266.392
32,0,32,8192,514.266
32,0,32,16384,1006.79
32,0,64,16,34.4967
32,0,64,32,35.0617
32,0,64,64,35.5627
32,0,64,128,53.206
32,0,64,256,81.5363
32,0,64,512,127.414
32,0,64,1024,217.431
32,0,64,2048,405.145
32,0,64,4096,780.487
32,0,64,8192,1536.04
32,0,64,16384,3042.95
32,0,128,16,57.9523
32,0,128,32,58.827
32,0,128,64,59.8297
32,0,128,128,95.3717
32,0,128,256,140.438
32,0,128,512,232.653
32,0,128,1024,418.628
32,0,128,2048,793.042
32,0,128,4096,1544.32
32,0,128,8192,3066.01
32,0,128,16384,6081.07
32,16,0,0,12.0853
32,16,1,16,12.107
32,16,1,32,12.1387
32,16,1,64,12.1173
32,16,1,128,14.4533
32,16,1,256,17.9737
32,16,1,512,25.003
32,16,1,1024,39.5097
32,16,1,2048,68.907
32,16,1,4096,128.076
32,16,1,8192,246.136
32,16,1,16384,482.767
32,16,2,16,11.8187
32,16,2,32,11.9257
32,16,2,64,11.979
32,16,2,128,14.4543
32,16,2,256,17.9733
32,16,2,512,25.035
32,16,2,1024,39.531
32,16,2,2048,69.5897
32,16,2,4096,128.737
32,16,2,8192,246.445
32,16,2,16384,484.207
32,16,4,16,11.8613
32,16,4,32,11.9467
32,16,4,64,12.032
32,16,4,128,14.496
32,16,4,256,18.0797
32,16,4,512,25.3443
32,16,4,1024,40.2883
32,16,4,2048,70.7527
32,16,4,4096,130.518
32,16,4,8192,249.517
32,16,4,16384,485.753
32,16,8,16,11.9467
32,16,8,32,12.0317
32,16,8,64,12.1177
32,16,8,128,14.699
32,16,8,256,18.304
32,16,8,512,25.5893
32,16,8,1024,40.79
32,16,8,2048,71.2543
32,16,8,4096,131.425
32,16,8,8192,250.339
32,16,8,16384,487.844
32,16,16,16,17.547
32,16,16,32,17.8347
32,16,16,64,18.0163
32,16,16,128,22.496
32,16,16,256,27.424
32,16,16,512,34.3793
32,16,16,1024,49.2807
32,16,16,2048,79.265
32,16,16,4096,138.455
32,16,16,8192,255.437
32,16,16,16384,492.975
32,16,32,16,23.2643
32,16,32,32,23.7657
32,16,32,64,24.0427
32,16,32,128,32.8647
32,16,32,256,42.923
32,16,32,512,56.8437
32,16,32,1024,88.0967
32,16,32,2048,144.812
32,16,32,4096,267.043
32,16,32,8192,514.448
32,16,32,16384,1013.45
32,16,64,16,34.4323
32,16,64,32,35.1577
32,16,64,64,35.488
32,16,64,128,53.3023
32,16,64,256,81.462
32,16,64,512,124.567
32,16,64,1024,216.824
32,16,64,2048,404.953
32,16,64,4096,780.167
32,16,64,8192,1538.74
32,16,64,16384,3052.02
32,16,128,16,57.9413
32,16,128,32,58.8807
32,16,128,64,59.5527
32,16,128,128,93.697
32,16,128,256,141.463
32,16,128,512,233.293
32,16,128,1024,419.311
32,16,128,2048,791.837
32,16,128,4096,1546.95
32,16,128,8192,3073.28
32,16,128,16384,6113.26
32,32,0,0,11.9787
32,32,1,16,11.9577
32,32,1,32,12.139
32,32,1,64,12.128
32,32,1,128,14.411
32,32,1,256,17.952
32,32,1,512,24.9497
32,32,1,1024,39.531
32,32,1,2048,68.8433
32,32,1,4096,128.012
32,32,1,8192,245.965
32,32,1,16384,482.692
32,32,2,16,11.7447
32,32,2,32,11.872
32,32,2,64,11.904
32,32,2,128,14.4957
32,32,2,256,18.0053
32,32,2,512,25.1307
32,32,2,1024,39.6917
32,32,2,2048,69.611
32,32,2,4096,128.78
32,32,2,8192,246.7
32,32,2,16384,484.42
32,32,4,16,11.8403
32,32,4,32,11.9253
32,32,4,64,11.9893
32,32,4,128,14.539
32,32,4,256,18.112
32,32,4,512,25.2587
32,32,4,1024,40.4693
32,32,4,2048,70.6567
32,32,4,4096,130.55
32,32,4,8192,249.357
32,32,4,16384,485.711
32,32,8,16,11.883
32,32,8,32,12.0537
32,32,8,64,11.9363
32,32,8,128,14.6567
32,32,8,256,18.2297
32,32,8,512,25.6217
32,32,8,1024,41.099
32,32,8,2048,71.4033
32,32,8,4096,131.394
32,32,8,8192,250.178
32,32,8,16384,487.568
32,32,16,16,17.5147
32,32,16,32,17.792
32,32,16,64,18.0373
32,32,16,128,22.6453
32,32,16,256,27.5097
32,32,16,512,34.624
32,32,16,1024,49.205
32,32,16,2048,79.0197
32,32,16,4096,138.06
32,32,16,8192,255.149
32,32,16,16384,492.868
32,32,32,16,23.2853
32,32,32,32,23.7017
32,32,32,64,24.128
32,32,32,128,32.939
32,32,32,256,42.3363
32,32,32,512,57.6957
32,32,32,1024,87.564
32,32,32,2048,145.025
32,32,32,4096,266.008
32,32,32,8192,513.808
32,32,32,16384,1006.26
32,32,64,16,34.4213
32,32,64,32,35.179
32,32,64,64,35.5733
32,32,64,128,53.2803
32,32,64,256,80.1613
32,32,64,512,126.102
32,32,64,1024,217.037
32,32,64,2048,406.575
32,32,64,4096,780.189
32,32,64,8192,1535.73
32,32,64,16384,3046.58
32,32,128,16,58.0907
32,32,128,32,58.87
32,32,128,64,59.7227
32,32,128,128,95.4037
32,32,128,256,141.985
32,32,128,512,235.554
32,32,128,1024,416.548
32,32,128,2048,792.968
32,32,128,4096,1543.75
32,32,128,8192,3077.27
32,32,128,16384,6086.96
32,64,0,0,12.2457
32,64,1,16,12.0533
32,64,1,32,12.1493
32,64,1,64,12.2133
32,64,1,128,14.4107
32,64,1,256,17.9417
32,64,1,512,25.0247
32,64,1,1024,39.4777
32,64,1,2048,68.939
32,64,1,4096,127.478
32,64,1,8192,246.008
32,64,1,16384,482.596
32,64,2,16,11.8403
32,64,2,32,11.9147
32,64,2,64,12.064
32,64,2,128,14.4747
32,64,2,256,17.995
32,64,2,512,25.0457
32,64,2,1024,39.6163
32,64,2,2048,69.5473
32,64,2,4096,128.545
32,64,2,8192,246.307
32,64,2,16384,483.684
32,64,4,16,11.7973
32,64,4,32,11.9253
32,64,4,64,12.0107
32,64,4,128,14.496
32,64,4,256,18.1227
32,64,4,512,25.3977
32,64,4,1024,40.2033
32,64,4,2048,70.806
32,64,4,4096,130.625
32,64,4,8192,249.399
32,64,4,16384,485.616
32,64,8,16,11.8823
32,64,8,32,12
32,64,8,64,12.2133
32,64,8,128,14.6453
32,64,8,256,18.2937
32,64,8,512,25.6107
32,64,8,1024,40.8113
32,64,8,2048,71.2857
32,64,8,4096,131.628
32,64,8,8192,250.35
32,64,8,16384,487.834
32,64,16,16,17.5147
32,64,16,32,17.7603
32,64,16,64,18.0373
32,64,16,128,22.7197
32,64,16,256,27.6907
32,64,16,512,35.2433
32,64,16,1024,49.44
32,64,16,2048,79.606
32,64,16,4096,138.422
32,64,16,8192,256.014
32,64,16,16384,493.231
32,64,32,16,23.3067
32,64,32,32,23.6373
32,64,32,64,24.224
32,64,32,128,32.9603
32,64,32,256,42.6453
32,64,32,512,57.5577
32,64,32,1024,87.062
32,64,32,2048,144.406
32,64,32,4096,267.342
32,64,32,8192,514.436
32,64,32,16384,1009.96
32,64,64,16,34.4967
32,64,64,32,35.1253
32,64,64,64,35.808
32,64,64,128,53.0673
32,64,64,256,81.398
32,64,64,512,125.953
32,64,64,1024,216.301
32,64,64,2048,405.764
32,64,64,4096,782.162
32,64,64,8192,1539.51
32,64,64,16384,3041.27
32,64,128,16,57.942
32,64,128,32,59.04
32,64,128,64,59.8723
32,64,128,128,95.5
32,64,128,256,142.156
32,64,128,512,233.72
32,64,128,1024,419.161
32,64,128,2048,792.125
32,64,128,4096,1544.41
32,64,128,8192,3065
32,64,128,16384,6076.12
32,128,0,0,15.5313
32,128,1,16,14.752
32,128,1,32,14.7307
32,128,1,64,14.7733
32,128,1,128,15.2857
32,128,1,256,18.006
32,128,1,512,24.96
32,128,1,1024,39.4677
32,128,1,2048,68.9603
32,128,1,4096,128.065
32,128,1,8192,246.029
32,128,1,16384,482.564
32,128,2,16,14.731
32,128,2,32,14.7203
32,128,2,64,14.784
32,128,2,128,15.1463
32,128,2,256,18.037
32,128,2,512,25.0673
32,128,2,1024,39.5313
32,128,2,2048,69.5153
32,128,2,4096,128.63
32,128,2,8192,246.605
32,128,2,16384,484.432
32,128,4,16,14.7843
32,128,4,32,14.848
32,128,4,64,14.8907
32,128,4,128,15.2217
32,128,4,256,18.1337
32,128,4,512,25.3653
32,128,4,1024,40.5763
32,128,4,2048,70.7637
32,128,4,4096,130.626
32,128,4,8192,249.325
32,128,4,16384,485.754
32,128,8,16,14.7627
32,128,8,32,14.72
32,128,8,64,14.859
32,128,8,128,15.35
32,128,8,256,18.3147
32,128,8,512,25.9413
32,128,8,1024,41.0457
32,128,8,2048,71.2647
32,128,8,4096,131.447
32,128,8,8192,250.146
32,128,8,16384,488.026
32,128,16,16,17.6107
32,128,16,32,17.8347
32,128,16,64,18.0907
32,128,16,128,24.587
32,128,16,256,30.1337
32,128,16,512,38.411
32,128,16,1024,53.4293
32,128,16,2048,82.4437
32,128,16,4096,141.708
32,128,16,8192,258.253
32,128,16,16384,495.152
32,128,32,16,23.3823
32,128,32,32,23.883
32,128,32,64,24.2883
32,128,32,128,33.9417
32,128,32,256,44.2783
32,128,32,512,64.299
32,128,32,1024,93.2917
32,128,32,2048,151.223
32,128,32,4096,270.445
32,128,32,8192,514.65
32,128,32,16384,1010.03
32,128,64,16,34.539
32,128,64,32,35.243
32,128,64,64,35.6807
32,128,64,128,53.7287
32,128,64,256,83.3393
32,128,64,512,131.116
32,128,64,1024,220.802
32,128,64,2048,406.553
32,128,64,4096,783.389
32,128,64,8192,1540.62
32,128,64,16384,3059.41
32,128,128,16,57.8567
32,128,128,32,59.2433
32,128,128,64,60.6093
32,128,128,128,95.9263
32,128,128,256,144.13
32,128,128,512,239.117
32,128,128,1024,418.746
32,128,128,2048,793.831
32,128,128,4096,1542.23
32,128,128,8192,3071.71
32,128,128,16384,6101.35
32,256,0,0,18.9867
32,256,1,16,18.2827
32,256,1,32,18.272
32,256,1,64,18.2827
32,256,1,128,18.2087
32,256,1,256,18.6883
32,256,1,512,25.0347
32,256,1,1024,39.5097
32,256,1,2048,68.8647
32,256,1,4096,128.001
32,256,1,8192,245.955
32,256,1,16384,482.618
32,256,2,16,18.3037
32,256,2,32,18.3043
32,256,2,64,18.3147
32,256,2,128,18.3253
32,256,2,256,18.5707
32,256,2,512,25.0883
32,256,2,1024,39.5203
32,256,2,2048,69.6003
32,256,2,4096,128.684
32,256,2,8192,246.456
32,256,2,16384,484.271
32,256,4,16,18.336
32,256,4,32,18.3683
32,256,4,64,18.379
32,256,4,128,18.5173
32,256,4,256,18.763
32,256,4,512,25.2803
32,256,4,1024,40.5867
32,256,4,2048,70.7743
32,256,4,4096,130.658
32,256,4,8192,249.283
32,256,4,16384,485.626
32,256,8,16,18.304
32,256,8,32,18.272
32,256,8,64,18.3153
32,256,8,128,18.528
32,256,8,256,18.9653
32,256,8,512,25.8137
32,256,8,1024,40.9817
32,256,8,2048,71.2753
32,256,8,4096,131.233
32,256,8,8192,250.318
32,256,8,16384,487.609
32,256,16,16,18.4537
32,256,16,32,18.4427
32,256,16,64,18.561
32,256,16,128,24.5443
32,256,16,256,32.011
32,256,16,512,42.0373
32,256,16,1024,57.0033
32,256,16,2048,86.3587
32,256,16,4096,145.004
32,256,16,8192,262.925
32,256,16,16384,498.853
32,256,32,16,25.4403
32,256,32,32,25.6853
32,256,32,64,25.91
32,256,32,128,34.1123
32,256,32,256,44.9817
32,256,32,512,66.0273
32,256,32,1024,95.446
32,256,32,2048,153.857
32,256,32,4096,274.21
32,256,32,8192,515.685
32,256,32,16384,1013.56
32,256,64,16,36.5547
32,256,64,32,36.9817
32,256,64,64,37.1627
32,256,64,128,54.39
32,256,64,256,84.0007
32,256,64,512,131.895
32,256,64,1024,226.424
32,256,64,2048,405.23
32,256,64,4096,781.437
32,256,64,8192,1545.59
32,256,64,16384,3056.37
32,256,128,16,58.24
32,256,128,32,59.4243
32,256,128,64,60.8327
32,256,128,128,97.4623
32,256,128,256,145.249
32,256,128,512,238.754
32,256,128,1024,419.108
32,256,128,2048,794.066
32,256,128,4096,1544.44
32,256,128,8192,3058.03
32,256,128,16384,6098.51
32,512,0,0,26.24
32,512,1,16,25.2267
32,512,1,32,25.2907
32,512,1,64,25.2693
32,512,1,128,25.2693
32,512,1,256,25.312
32,512,1,512,25.536
32,512,1,1024,39.6693
32,512,1,2048,68.897
32,512,1,4096,128.001
32,512,1,8192,245.997
32,512,1,16384,482.756
32,512,2,16,25.3333
32,512,2,32,25.2693
32,512,2,64,25.3337
32,512,2,128,25.4617
32,512,2,256,25.429
32,512,2,512,25.5467
32,512,2,1024,39.5737
32,512,2,2048,69.6327
32,512,2,4096,128.705
32,512,2,8192,246.626
32,512,2,16384,484.527
32,512,4,16,25.3227
32,512,4,32,25.344
32,512,4,64,25.3337
32,512,4,128,25.5043
32,512,4,256,25.6537
32,512,4,512,25.7603
32,512,4,1024,40.3953
32,512,4,2048,70.752
32,512,4,4096,130.721
32,512,4,8192,249.549
32,512,4,16384,485.828
32,512,8,16,25.334
32,512,8,32,25.302
32,512,8,64,25.344
32,512,8,128,25.525
32,512,8,256,25.76
32,512,8,512,26.0803
32,512,8,1024,40.928
32,512,8,2048,71.3073
32,512,8,4096,131.425
32,512,8,8192,249.719
32,512,8,16384,487.482
32,512,16,16,25.7387
32,512,16,32,25.6853
32,512,16,64,25.7497
32,512,16,128,26.3573
32,512,16,256,32.0647
32,512,16,512,46.1443
32,512,16,1024,65.665
32,512,16,2048,94.9767
32,512,16,4096,155.628
32,512,16,8192,271.8
32,512,16,16384,502.352
32,512,32,16,32.758
32,512,32,32,32.9493
32,512,32,64,33.195
32,512,32,128,36.64
32,512,32,256,44.9717
32,512,32,512,67.9467
32,512,32,1024,105.11
32,512,32,2048,164.225
32,512,32,4096,290.925
32,512,32,8192,534
32,512,32,16384,1040.32
32,512,64,16,43.5733
32,512,64,32,43.947
32,512,64,64,44.3413
32,512,64,128,56.107
32,512,64,256,83.574
32,512,64,512,135.362
32,512,64,1024,235.565
32,512,64,2048,409.124
32,512,64,4096,783.836
32,512,64,8192,1537.99
32,512,64,16384,3052.17
32,512,128,16,61.974
32,512,128,32,62.8277
32,512,128,64,63.5523
32,512,128,128,97.8137
32,512,128,256,144.726
32,512,128,512,244.792
32,512,128,1024,422.201
32,512,128,2048,793.245
32,512,128,4096,1545.25
32,512,128,8192,3075.91
32,512,128,16384,6084.93
32,1024,0,0,40.7157
32,1024,1,16,40.0437
32,1024,1,32,40.2027
32,1024,1,64,39.9687
32,1024,1,128,40.0427
32,1024,1,256,40.043
32,1024,1,512,40.2147
32,1024,1,1024,40.3313
32,1024,1,2048,68.9717
32,1024,1,4096,128.033
32,1024,1,8192,246.018
32,1024,1,16384,482.638
32,1024,2,16,39.8827
32,1024,2,32,40.022
32,1024,2,64,39.8617
32,1024,2,128,39.968
32,1024,2,256,39.915
32,1024,2,512,39.979
32,1024,2,1024,40.267
32,1024,2,2048,69.6533
32,1024,2,4096,128.556
32,1024,2,8192,246.391
32,1024,2,16384,484.025
32,1024,4,16,39.7873
32,1024,4,32,39.819
32,1024,4,64,39.7977
32,1024,4,128,39.958
32,1024,4,256,39.9683
32,1024,4,512,40.075
32,1024,4,1024,40.822
32,1024,4,2048,70.7847
32,1024,4,4096,130.636
32,1024,4,8192,249.443
32,1024,4,16384,485.573
32,1024,8,16,39.776
32,1024,8,32,39.766
32,1024,8,64,39.9257
32,1024,8,128,40.0853
32,1024,8,256,40.1607
32,1024,8,512,41.1957
32,1024,8,1024,41.547
32,1024,8,2048,71.5737
32,1024,8,4096,131.468
32,1024,8,8192,250.381
32,1024,8,16384,487.781
32,1024,16,16,40.5017
32,1024,16,32,40.566
32,1024,16,64,40.6087
32,1024,16,128,41.313
32,1024,16,256,41.6647
32,1024,16,512,46.1983
32,1024,16,1024,76.8007
32,1024,16,2048,111.585
32,1024,16,4096,172.364
32,1024,16,8192,292.579
32,1024,16,16384,535.12
32,1024,32,16,46.6987
32,1024,32,32,46.71
32,1024,32,64,47.2217
32,1024,32,128,50.625
32,1024,32,256,54.5073
32,1024,32,512,67.9797
32,1024,32,1024,113.548
32,1024,32,2048,182.604
32,1024,32,4096,303.853
32,1024,32,8192,560.944
32,1024,32,16384,1061.82
32,1024,64,16,57.6113
32,1024,64,32,57.942
32,1024,64,64,58.4757
32,1024,64,128,70.1973
32,1024,64,256,92.0117
32,1024,64,512,135.031
32,1024,64,1024,242.53
32,1024,64,2048,425.049
32,1024,64,4096,795.251
32,1024,64,8192,1537.2
32,1024,64,16384,3052.15
32,1024,128,16,76.14
32,1024,128,32,76.4167
32,1024,128,64,78.2197
32,1024,128,128,102.743
32,1024,128,256,146.732
32,1024,128,512,244.898
32,1024,128,1024,440.527
32,1024,128,2048,794.814
32,1024,128,4096,1546.26
32,1024,128,8192,3058.48
32,1024,128,16384,6088.95
32,2048,0,0,70.5717
32,2048,1,16,69.7183
32,2048,1,32,69.686
32,2048,1,64,69.75
32,2048,1,128,69.7607
32,2048,1,256,69.6967
32,2048,1,512,69.7817
32,2048,1,1024,69.825
32,2048,1,2048,69.8457
32,2048,1,4096,128.086
32,2048,1,8192,246.104
32,2048,1,16384,482.714
32,2048,2,16,69.59
32,2048,2,32,69.5473
32,2048,2,64,69.5793
32,2048,2,128,69.6757
32,2048,2,256,69.5267
32,2048,2,512,69.5787
32,2048,2,1024,69.8887
32,2048,2,2048,70.486
32,2048,2,4096,128.716
32,2048,2,8192,246.711
32,2048,2,16384,484.602
32,2048,4,16,69.473
32,2048,4,32,69.4193
32,2048,4,64,69.59
32,2048,4,128,69.5583
32,2048,4,256,69.7073
32,2048,4,512,69.9527
32,2048,4,1024,70.6253
32,2048,4,2048,70.9547
32,2048,4,4096,130.796
32,2048,4,8192,249.549
32,2048,4,16384,485.871
32,2048,8,16,69.366
32,2048,8,32,69.3657
32,2048,8,64,69.3557
32,2048,8,128,69.6857
32,2048,8,256,69.8353
32,2048,8,512,70.6993
32,2048,8,1024,71.1157
32,2048,8,2048,71.5747
32,2048,8,4096,131.34
32,2048,8,8192,250.211
32,2048,8,16384,487.536
32,2048,16,16,70.2407
32,2048,16,32,70.198
32,2048,16,64,70.2087
32,2048,16,128,70.988
32,2048,16,256,71.2757
32,2048,16,512,71.7773
32,2048,16,1024,76.9397
32,2048,16,2048,136.855
32,2048,16,4096,201.836
32,2048,16,8192,321.485
32,2048,16,16384,563.238
32,2048,32,16,74.944
32,2048,32,32,75.137
32,2048,32,64,75.3813
32,2048,32,128,79.03
32,2048,32,256,83.073
32,2048,32,512,90.785
32,2048,32,1024,114.903
32,2048,32,2048,205.09
32,2048,32,4096,334.638
32,2048,32,8192,585.04
32,2048,32,16384,1100.3
32,2048,64,16,85.8783
32,2048,64,32,86.4
32,2048,64,64,86.433
32,2048,64,128,98.87
32,2048,64,256,120.758
32,2048,64,512,159.255
32,2048,64,1024,244.215
32,2048,64,2048,452.516
32,2048,64,4096,815.389
32,2048,64,8192,1555.27
32,2048,64,16384,3059.67
32,2048,128,16,104.545
32,2048,128,32,105.473
32,2048,128,64,106.38
32,2048,128,128,132.375
32,2048,128,256,171.458
32,2048,128,512,248.963
32,2048,128,1024,440.324
32,2048,128,2048,834.312
32,2048,128,4096,1566.17
32,2048,128,8192,3073
32,2048,128,16384,6099.85
32,4096,0,0,129.623
32,4096,1,16,128.972
32,4096,1,32,129.026
32,4096,1,64,129.068
32,4096,1,128,129.015
32,4096,1,256,129.004
32,4096,1,512,129.015
32,4096,1,1024,129.281
32,4096,1,2048,129.655
32,4096,1,4096,129.794
32,4096,1,8192,246.072
32,4096,1,16384,482.617
32,4096,2,16,128.641
32,4096,2,32,128.673
32,4096,2,64,128.631
32,4096,2,128,128.555
32,4096,2,256,128.62
32,4096,2,512,128.887
32,4096,2,1024,129.42
32,4096,2,2048,129.623
32,4096,2,4096,129.622
32,4096,2,8192,246.35
32,4096,2,16384,484.346
32,4096,4,16,128.662
32,4096,4,32,128.78
32,4096,4,64,128.823
32,4096,4,128,128.961
32,4096,4,256,129.025
32,4096,4,512,129.484
32,4096,4,1024,129.591
32,4096,4,2048,129.836
32,4096,4,4096,130.86
32,4096,4,8192,249.517
32,4096,4,16384,485.509
32,4096,8,16,128.534
32,4096,8,32,128.407
32,4096,8,64,128.6
32,4096,8,128,128.535
32,4096,8,256,129.548
32,4096,8,512,129.74
32,4096,8,1024,130.124
32,4096,8,2048,130.913
32,4096,8,4096,131.596
32,4096,8,8192,250.424
32,4096,8,16384,488.026
32,4096,16,16,129.505
32,4096,16,32,129.601
32,4096,16,64,129.623
32,4096,16,128,130.284
32,4096,16,256,130.54
32,4096,16,512,130.903
32,4096,16,1024,131.468
32,4096,16,2048,137.26
32,4096,16,4096,256.77
32,4096,16,8192,381.849
32,4096,16,16384,624.838
32,4096,32,16,131.34
32,4096,32,32,131.692
32,4096,32,64,131.777
32,4096,32,128,135.564
32,4096,32,256,139.895
32,4096,32,512,147.692
32,4096,32,1024,166.327
32,4096,32,2048,207.362
32,4096,32,4096,391.833
32,4096,32,8192,643.771
32,4096,32,16384,1160.14
32,4096,64,16,142.337
32,4096,64,32,142.924
32,4096,64,64,142.999
32,4096,64,128,154.668
32,4096,64,256,176.823
32,4096,64,512,214.914
32,4096,64,1024,298.105
32,4096,64,2048,456.623
32,4096,64,4096,871.816
32,4096,64,8192,1627.37
32,4096,64,16384,3061.39
32,4096,128,16,161.132
32,4096,128,32,161.655
32,4096,128,64,162.401
32,4096,128,128,188.268
32,4096,128,256,228.759
32,4096,128,512,305.699
32,4096,128,1024,462.661
32,4096,128,2048,836.434
32,4096,128,4096,1617.36
32,4096,128,8192,3097.42
32,4096,128,16384,6108.73
32,8192,0,0,247.907
32,8192,1,16,247.33
32,8192,1,32,247.458
32,8192,1,64,247.415
32,8192,1,128,247.256
32,8192,1,256,247.426
32,8192,1,512,247.319
32,8192,1,1024,247.394
32,8192,1,2048,247.426
32,8192,1,4096,247.394
32,8192,1,8192,247.853
32,8192,1,16384,481.936
32,8192,2,16,246.594
32,8192,2,32,246.605
32,8192,2,64,246.573
32,8192,2,128,246.658
32,8192,2,256,246.605
32,8192,2,512,246.584
32,8192,2,1024,246.818
32,8192,2,2048,247.17
32,8192,2,4096,247.159
32,8192,2,8192,247.192
32,8192,2,16384,484.463
32,8192,4,16,246.914
32,8192,4,32,246.744
32,8192,4,64,246.914
32,8192,4,128,246.989
32,8192,4,256,247.17
32,8192,4,512,247.075
32,8192,4,1024,247.192
32,8192,4,2048,247.554
32,8192,4,4096,247.97
32,8192,4,8192,249.517
32,8192,4,16384,485.871
32,8192,8,16,246.221
32,8192,8,32,246.392
32,8192,8,64,246.242
32,8192,8,128,246.455
32,8192,8,256,246.765
32,8192,8,512,246.989
32,8192,8,1024,247.341
32,8192,8,2048,247.758
32,8192,8,4096,248.311
32,8192,8,8192,250.392
32,8192,8,16384,488.346
32,8192,16,16,247.352
32,8192,16,32,247.33
32,8192,16,64,247.597
32,8192,16,128,248.279
32,8192,16,256,248.6
32,8192,16,512,248.579
32,8192,16,1024,249.272
32,8192,16,2048,249.922
32,8192,16,4096,256.387
32,8192,16,8192,494.127
32,8192,16,16384,743.261
32,8192,32,16,248.174
32,8192,32,32,248.237
32,8192,32,64,248.226
32,8192,32,128,249.443
32,8192,32,256,252.866
32,8192,32,512,260.493
32,8192,32,1024,279.565
32,8192,32,2048,315.747
32,8192,32,4096,390.723
32,8192,32,8192,750.983
32,8192,32,16384,1280.17
32,8192,64,16,255.256
32,8192,64,32,256.269
32,8192,64,64,256.621
32,8192,64,128,267.939
32,8192,64,256,290.371
32,8192,64,512,326.968
32,8192,64,1024,409.22
32,8192,64,2048,570.426
32,8192,64,4096,877.865
32,8192,64,8192,1705.99
32,8192,64,16384,3195.24
32,8192,128,16,274.317
32,8192,128,32,274.872
32,8192,128,64,275.544
32,8192,128,128,301.293
32,8192,128,256,340.057
32,8192,128,512,420.527
32,8192,128,1024,577.424
32,8192,128,2048,890.921
32,8192,128,4096,1627.92
32,8192,128,8192,3189.14
32,8192,128,16384,6186.87
32,16384,0,0,485.925
32,16384,1,16,486.351
32,16384,1,32,486.49
32,16384,1,64,486.671
32,16384,1,128,486.522
32,16384,1,256,486.713
32,16384,1,512,486.735
32,16384,1,1024,486.756
32,16384,1,2048,486.586
32,16384,1,4096,487.033
32,16384,1,8192,485.764
32,16384,1,16384,485.84
32,16384,2,16,485.082
32,16384,2,32,484.954
32,16384,2,64,485.274
32,16384,2,128,485.093
32,16384,2,256,485.061
32,16384,2,512,485.178
32,16384,2,1024,485.37
32,16384,2,2048,485.317
32,16384,2,4096,485.52
32,16384,2,8192,484.805
32,16384,2,16384,485.327
32,16384,4,16,484.954
32,16384,4,32,484.73
32,16384,4,64,485.05
32,16384,4,128,485.029
32,16384,4,256,484.751
32,16384,4,512,485.2
32,16384,4,1024,484.997
32,16384,4,2048,485.626
32,16384,4,4096,485.615
32,16384,4,8192,485.541
32,16384,4,16384,486.447
32,16384,8,16,483.749
32,16384,8,32,483.813
32,16384,8,64,483.759
32,16384,8,128,483.983
32,16384,8,256,484.315
32,16384,8,512,484.41
32,16384,8,1024,484.805
32,16384,8,2048,485.519
32,16384,8,4096,485.935
32,16384,8,8192,486.884
32,16384,8,16384,488.688
32,16384,16,16,485.787
32,16384,16,32,485.988
32,16384,16,64,485.925
32,16384,16,128,486.885
32,16384,16,256,486.575
32,16384,16,512,487.45
32,16384,16,1024,487.642
32,16384,16,2048,488.079
32,16384,16,4096,489.509
32,16384,16,8192,494.661
32,16384,16,16384,971.476
32,16384,32,16,485.754
32,16384,32,32,485.37
32,16384,32,64,485.861
32,16384,32,128,486.768
32,16384,32,256,487.77
32,16384,32,512,490.148
32,16384,32,1024,507.932
32,16384,32,2048,544.027
32,16384,32,4096,615.921
32,16384,32,8192,760.988
32,16384,32,16384,1490.15
32,16384,64,16,485.85
32,16384,64,32,485.765
32,16384,64,64,486.5
32,16384,64,128,493.712
32,16384,64,256,516.655
32,16384,64,512,554.714
32,16384,64,1024,637.841
32,16384,64,2048,797.17
32,16384,64,4096,1120.31
32,16384,64,8192,1742.95
32,16384,64,16384,3390.22
32,16384,128,16,499.76
32,16384,128,32,500.997
32,16384,128,64,501.37
32,16384,128,128,527.472
32,16384,128,256,567.195
32,16384,128,512,648.881
32,16384,128,1024,806.792
32,16384,128,2048,1124.73
32,16384,128,4096,1757.96
32,16384,128,8192,3221.73
32,16384,128,16384,6408.64
64,0,0,0,12.5333
64,0,1,16,12.4907
64,0,1,32,12.5763
64,0,1,64,12.576
64,0,1,128,14.5603
64,0,1,256,18.0697
64,0,1,512,25.057
64,0,1,1024,40.2453
64,0,1,2048,69.686
64,0,1,4096,128.236
64,0,1,8192,246.242
64,0,1,16384,482.736
64,0,2,16,12.1713
64,0,2,32,12.32
64,0,2,64,12.4273
64,0,2,128,14.5603
64,0,2,256,18.0803
64,0,2,512,25.1307
64,0,2,1024,40.2987
64,0,2,2048,69.889
64,0,2,4096,129.089
64,0,2,8192,246.839
64,0,2,16384,484.762
64,0,4,16,12.1603
64,0,4,32,12.2987
64,0,4,64,12.395
64,0,4,128,14.6563
64,0,4,256,18.144
64,0,4,512,25.4293
64,0,4,1024,40.8007
64,0,4,2048,70.774
64,0,4,4096,130.785
64,0,4,8192,249.56
64,0,4,16384,485.924
64,0,8,16,12.2027
64,0,8,32,12.3413
64,0,8,64,12.3733
64,0,8,128,14.6457
64,0,8,256,18.2827
64,0,8,512,25.771
64,0,8,1024,41.313
64,0,8,2048,71.35
64,0,8,4096,131.436
64,0,8,8192,250.157
64,0,8,16384,487.749
64,0,16,16,17.6
64,0,16,32,17.8563
64,0,16,64,18.176
64,0,16,128,22.9233
64,0,16,256,27.9893
64,0,16,512,35.552
64,0,16,1024,49.921
64,0,16,2048,79.659
64,0,16,4096,139.116
64,0,16,8192,254.797
64,0,16,16384,493.808
64,0,32,16,23.0827
64,0,32,32,23.5413
64,0,32,64,23.8933
64,0,32,128,32.7577
64,0,32,256,43.3497
64,0,32,512,58.539
64,0,32,1024,87.926
64,0,32,2048,146.039
64,0,32,4096,268.707
64,0,32,8192,513.701
64,0,32,16384,1011.13
64,0,64,16,34.8913
64,0,64,32,35.6267
64,0,64,64,36.2033
64,0,64,128,53.5477
64,0,64,256,81.9743
64,0,64,512,124.823
64,0,64,1024,218.007
64,0,64,2048,406.542
64,0,64,4096,782.504
64,0,64,8192,1536.9
64,0,64,16384,3048.7
64,0,128,16,58.0807
64,0,128,32,59.1153
64,0,128,64,60.684
64,0,128,128,95.9267
64,0,128,256,139.479
64,0,128,512,234.873
64,0,128,1024,418.81
64,0,128,2048,793.757
64,0,128,4096,1548.85
64,0,128,8192,3088.91
64,0,128,16384,6082.02
64,16,0,0,12.5867
64,16,1,16,12.4053
64,16,1,32,12.544
64,16,1,64,12.6827
64,16,1,128,14.5597
64,16,1,256,18.091
64,16,1,512,25.0883
64,16,1,1024,39.9147
64,16,1,2048,69.1843
64,16,1,4096,128.214
64,16,1,8192,246.178
64,16,1,16384,482.8
64,16,2,16,12.1817
64,16,2,32,12.3093
64,16,2,64,12.427
64,16,2,128,14.5493
64,16,2,256,18.1337
64,16,2,512,25.184
64,16,2,1024,40.267
64,16,2,2048,69.75
64,16,2,4096,128.983
64,16,2,8192,246.701
64,16,2,16384,484.996
64,16,4,16,12.1707
64,16,4,32,12.384
64,16,4,64,12.4053
64,16,4,128,14.6027
64,16,4,256,18.1337
64,16,4,512,25.4933
64,16,4,1024,40.747
64,16,4,2048,70.8063
64,16,4,4096,130.838
64,16,4,8192,249.464
64,16,4,16384,485.871
64,16,8,16,12.1927
64,16,8,32,12.3307
64,16,8,64,12.4483
64,16,8,128,14.7093
64,16,8,256,18.2823
64,16,8,512,25.9627
64,16,8,1024,41.281
64,16,8,2048,71.2323
64,16,8,4096,131.03
64,16,8,8192,250.264
64,16,8,16384,487.941
64,16,16,16,17.568
64,16,16,32,17.7177
64,16,16,64,18.1227
64,16,16,128,22.912
64,16,16,256,27.9147
64,16,16,512,35.4027
64,16,16,1024,50.0917
64,16,16,2048,79.6697
64,16,16,4096,138.722
64,16,16,8192,255.608
64,16,16,16384,493.22
64,16,32,16,23.0827
64,16,32,32,23.552
64,16,32,64,23.8403
64,16,32,128,32.843
64,16,32,256,43.083
64,16,32,512,59.5317
64,16,32,1024,87.3077
64,16,32,2048,145.377
64,16,32,4096,266.883
64,16,32,8192,514.277
64,16,32,16384,1014.57
64,16,64,16,34.9973
64,16,64,32,35.6053
64,16,64,64,36.2357
64,16,64,128,53.91
64,16,64,256,82.497
64,16,64,512,129.558
64,16,64,1024,218.274
64,16,64,2048,406.233
64,16,64,4096,781.778
64,16,64,8192,1534.81
64,16,64,16384,3052.99
64,16,128,16,57.9423
64,16,128,32,59.3397
64,16,128,64,60.747
64,16,128,128,96.385
64,16,128,256,140.343
64,16,128,512,233.773
64,16,128,1024,420.676
64,16,128,2048,793.128
64,16,128,4096,1545.54
64,16,128,8192,3082.94
64,16,128,16384,6103.32
64,32,0,0,12.651
64,32,1,16,12.48
64,32,1,32,12.5333
64,32,1,64,12.704
64,32,1,128,14.539
64,32,1,256,18.08
64,32,1,512,25.0987
64,32,1,1024,39.7013
64,32,1,2048,69.2273
64,32,1,4096,128.193
64,32,1,8192,246.178
64,32,1,16384,482.756
64,32,2,16,12.2777
64,32,2,32,12.2987
64,32,2,64,12.4373
64,32,2,128,14.592
64,32,2,256,18.1013
64,32,2,512,25.1417
64,32,2,1024,40.3417
64,32,2,2048,69.8137
64,32,2,4096,128.972
64,32,2,8192,246.626
64,32,2,16384,484.548
64,32,4,16,12.1493
64,32,4,32,12.3837
64,32,4,64,12.331
64,32,4,128,14.6027
64,32,4,256,18.208
64,32,4,512,25.5253
64,32,4,1024,40.8
64,32,4,2048,70.688
64,32,4,4096,130.635
64,32,4,8192,249.421
64,32,4,16384,485.882
64,32,8,16,12.1603
64,32,8,32,12.2663
64,32,8,64,12.4377
64,32,8,128,14.7413
64,32,8,256,18.3357
64,32,8,512,25.952
64,32,8,1024,41.3767
64,32,8,2048,71.3713
64,32,8,4096,131.244
64,32,8,8192,250.359
64,32,8,16384,487.92
64,32,16,16,17.472
64,32,16,32,17.7497
64,32,16,64,18.0483
64,32,16,128,22.9653
64,32,16,256,27.691
64,32,16,512,35.6487
64,32,16,1024,50.0593
64,32,16,2048,79.7123
64,32,16,4096,138.583
64,32,16,8192,256.333
64,32,16,16384,493.466
64,32,32,16,23.2107
64,32,32,32,23.552
64,32,32,64,24.0753
64,32,32,128,32.7363
64,32,32,256,43.5207
64,32,32,512,59.5843
64,32,32,1024,88.0217
64,32,32,2048,145.227
64,32,32,4096,266.552
64,32,32,8192,514.981
64,32,32,16384,1009.65
64,32,64,16,34.9657
64,32,64,32,35.542
64,32,64,64,36.1927
64,32,64,128,53.6973
64,32,64,256,82.454
64,32,64,512,130.753
64,32,64,1024,219.032
64,32,64,2048,406.617
64,32,64,4096,782.365
64,32,64,8192,1539.35
64,32,64,16384,3045.73
64,32,128,16,57.953
64,32,128,32,59.2753
64,32,128,64,60.4593
64,32,128,128,95.3503
64,32,128,256,142.871
64,32,128,512,236.568
64,32,128,1024,418.244
64,32,128,2048,792.882
64,32,128,4096,1543.95
64,32,128,8192,3063.89
64,32,128,16384,6084.29
64,64,0,0,12.747
64,64,1,16,12.4487
64,64,1,32,12.533
64,64,1,64,12.64
64,64,1,128,14.56
64,64,1,256,18.1013
64,64,1,512,25.0887
64,64,1,1024,39.744
64,64,1,2048,69.195
64,64,1,4096,128.14
64,64,1,8192,246.21
64,64,1,16384,482.724
64,64,2,16,12.2347
64,64,2,32,12.3843
64,64,2,64,12.3843
64,64,2,128,14.571
64,64,2,256,18.219
64,64,2,512,25.099
64,64,2,1024,40.3417
64,64,2,2048,69.771
64,64,2,4096,128.972
64,64,2,8192,246.605
64,64,2,16384,484.592
64,64,4,16,12.1923
64,64,4,32,12.2663
64,64,4,64,12.3417
64,64,4,128,14.5917
64,64,4,256,18.134
64,64,4,512,25.601
64,64,4,1024,40.822
64,64,4,2048,70.8277
64,64,4,4096,130.764
64,64,4,8192,249.496
64,64,4,16384,485.658
64,64,8,16,12.16
64,64,8,32,12.256
64,64,8,64,12.5123
64,64,8,128,14.6453
64,64,8,256,18.3153
64,64,8,512,25.91
64,64,8,1024,41.2593
64,64,8,2048,71.3813
64,64,8,4096,131.298
64,64,8,8192,250.275
64,64,8,16384,487.567
64,64,16,16,17.5147
64,64,16,32,17.8247
64,64,16,64,18.219
64,64,16,128,23.0827
64,64,16,256,27.7017
64,64,16,512,35.5413
64,64,16,1024,49.9633
64,64,16,2048,80.1613
64,64,16,4096,138.262
64,64,16,8192,254.509
64,64,16,16384,493.861
64,64,32,16,23.147
64,64,32,32,23.5413
64,64,32,64,23.947
64,64,32,128,32.7897
64,64,32,256,43.286
64,64,32,512,59.2647
64,64,32,1024,86.6463
64,64,32,2048,145.388
64,64,32,4096,266.328
64,64,32,8192,514.256
64,64,32,16384,1011.89
64,64,64,16,34.8803
64,64,64,32,35.6167
64,64,64,64,36.129
64,64,64,128,53.4513
64,64,64,256,81.9417
64,64,64,512,125.665
64,64,64,1024,217.943
64,64,64,2048,406.521
64,64,64,4096,781.746
64,64,64,8192,1535.01
64,64,64,16384,3045.79
64,64,128,16,58.0807
64,64,128,32,59.2747
64,64,128,64,60.7047
64,64,128,128,96.5443
64,64,128,256,142.145
64,64,128,512,232.675
64,64,128,1024,421.188
64,64,128,2048,792.893
64,64,128,4096,1543.04
64,64,128,8192,3057.56
64,64,128,16384,6080.73
64,128,0,0,16.149
64,128,1,16,15.328
64,128,1,32,15.3387
64,128,1,64,15.3387
64,128,1,128,15.9253
64,128,1,256,18.368
64,128,1,512,25.6003
64,128,1,1024,40.3207
64,128,1,2048,69.7397
64,128,1,4096,128.428
64,128,1,8192,246.082
64,128,1,16384,482.703
64,128,2,16,15.3387
64,128,2,32,15.3173
64,128,2,64,15.2857
64,128,2,128,15.531
64,128,2,256,18.4107
64,128,2,512,25.6427
64,128,2,1024,40.3737
64,128,2,2048,69.8037
64,128,2,4096,128.95
64,128,2,8192,246.796
64,128,2,16384,484.334
64,128,4,16,15.3277
64,128,4,32,15.3067
64,128,4,64,15.339
64,128,4,128,15.5413
64,128,4,256,18.2827
64,128,4,512,25.4297
64,128,4,1024,40.8753
64,128,4,2048,70.774
64,128,4,4096,130.764
64,128,4,8192,249.517
64,128,4,16384,485.808
64,128,8,16,15.232
64,128,8,32,15.2
64,128,8,64,15.243
64,128,8,128,15.6167
64,128,8,256,18.3573
64,128,8,512,25.8777
64,128,8,1024,41.0887
64,128,8,2048,71.307
64,128,8,4096,131.426
64,128,8,8192,250.328
64,128,8,16384,487.856
64,128,16,16,17.632
64,128,16,32,18.0053
64,128,16,64,18.283
64,128,16,128,24.5547
64,128,16,256,30.859
64,128,16,512,39.0937
64,128,16,1024,54.1233
64,128,16,2048,83.884
64,128,16,4096,142.614
64,128,16,8192,259.8
64,128,16,16384,494.927
64,128,32,16,23.1473
64,128,32,32,23.6377
64,128,32,64,23.9787
64,128,32,128,33.8777
64,128,32,256,44.5333
64,128,32,512,64.0853
64,128,32,1024,93.5263
64,128,32,2048,150.689
64,128,32,4096,270.53
64,128,32,8192,514.479
64,128,32,16384,1014.74
64,128,64,16,35.051
64,128,64,32,35.723
64,128,64,64,36.1383
64,128,64,128,54.5497
64,128,64,256,83.4887
64,128,64,512,133.686
64,128,64,1024,221.197
64,128,64,2048,407.908
64,128,64,4096,783.229
64,128,64,8192,1547.55
64,128,64,16384,3066.88
64,128,128,16,58.0167
64,128,128,32,59.1583
64,128,128,64,60.5763
64,128,128,128,96.854
64,128,128,256,144.684
64,128,128,512,239.416
64,128,128,1024,418.223
64,128,128,2048,793.735
64,128,128,4096,1549.21
64,128,128,8192,3074.88
64,128,128,16384,6088.58
64,256,0,0,19.52
64,256,1,16,18.8697
64,256,1,32,18.816
64,256,1,64,18.8263
64,256,1,128,18.923
64,256,1,256,19.083
64,256,1,512,25.077
64,256,1,1024,40.1923
64,256,1,2048,69.6753
64,256,1,4096,128.321
64,256,1,8192,246.146
64,256,1,16384,482.629
64,256,2,16,18.8267
64,256,2,32,18.8267
64,256,2,64,18.8697
64,256,2,128,18.8693
64,256,2,256,18.955
64,256,2,512,25.163
64,256,2,1024,40.2347
64,256,2,2048,69.8457
64,256,2,4096,129.026
64,256,2,8192,246.68
64,256,2,16384,484.293
64,256,4,16,18.8267
64,256,4,32,18.8907
64,256,4,64,18.9013
64,256,4,128,18.848
64,256,4,256,19.03
64,256,4,512,25.8777
64,256,4,1024,41.0987
64,256,4,2048,71.0407
64,256,4,4096,130.839
64,256,4,8192,249.475
64,256,4,16384,485.775
64,256,8,16,18.6987
64,256,8,32,18.699
64,256,8,64,18.7093
64,256,8,128,18.8693
64,256,8,256,19.1893
64,256,8,512,26.1877
64,256,8,1024,41.6537
64,256,8,2048,71.6487
64,256,8,4096,131.82
64,256,8,8192,250.115
64,256,8,16384,487.77
64,256,16,16,18.9867
64,256,16,32,18.8693
64,256,16,64,19.0403
64,256,16,128,24.5657
64,256,16,256,32.096
64,256,16,512,43.062
64,256,16,1024,57.505
64,256,16,2048,87.9797
64,256,16,4096,147.031
64,256,16,8192,263.64
64,256,16,16384,497.658
64,256,32,16,25.6857
64,256,32,32,25.984
64,256,32,64,26.0053
64,256,32,128,33.9737
64,256,32,256,45.163
64,256,32,512,66.8803
64,256,32,1024,97.761
64,256,32,2048,153.014
64,256,32,4096,278.243
64,256,32,8192,516.176
64,256,32,16384,1011.42
64,256,64,16,37.494
64,256,64,32,37.7497
64,256,64,64,38.0373
64,256,64,128,54.6567
64,256,64,256,83.7663
64,256,64,512,134.241
64,256,64,1024,224.952
64,256,64,2048,407.684
64,256,64,4096,783.165
64,256,64,8192,1535.34
64,256,64,16384,3051.9
64,256,128,16,58.571
64,256,128,32,59.8407
64,256,128,64,60.939
64,256,128,128,97.889
64,256,128,256,144.684
64,256,128,512,238.647
64,256,128,1024,418.436
64,256,128,2048,795.41
64,256,128,4096,1545.48
64,256,128,8192,3054.48
64,256,128,16384,6089.9
64,512,0,0,26.6137
64,512,1,16,25.856
64,512,1,32,25.8883
64,512,1,64,25.8347
64,512,1,128,25.8667
64,512,1,256,25.92
64,512,1,512,26.0163
64,512,1,1024,40.2457
64,512,1,2048,69.643
64,512,1,4096,128.162
64,512,1,8192,246.221
64,512,1,16384,482.778
64,512,2,16,25.824
64,512,2,32,25.952
64,512,2,64,25.9097
64,512,2,128,25.9097
64,512,2,256,25.8777
64,512,2,512,25.9093
64,512,2,1024,40.2773
64,512,2,2048,69.8777
64,512,2,4096,128.95
64,512,2,8192,246.669
64,512,2,16384,484.548
64,512,4,16,25.8563
64,512,4,32,25.792
64,512,4,64,25.8353
64,512,4,128,25.899
64,512,4,256,25.9737
64,512,4,512,26.1337
64,512,4,1024,40.8103
64,512,4,2048,70.859
64,512,4,4096,130.86
64,512,4,8192,249.72
64,512,4,16384,485.861
64,512,8,16,25.696
64,512,8,32,25.728
64,512,8,64,25.7393
64,512,8,128,25.9417
64,512,8,256,26.0693
64,512,8,512,26.4643
64,512,8,1024,41.0243
64,512,8,2048,71.5637
64,512,8,4096,131.403
64,512,8,8192,250.584
64,512,8,16384,488.026
64,512,16,16,26.3257
64,512,16,32,26.2087
64,512,16,64,26.2717
64,512,16,128,26.6347
64,512,16,256,31.8403
64,512,16,512,46.155
64,512,16,1024,65.547
64,512,16,2048,96.1183
64,512,16,4096,154.764
64,512,16,8192,270.978
64,512,16,16384,503.866
64,512,32,16,33.0777
64,512,32,32,33.1737
64,512,32,64,33.2483
64,512,32,128,36.9283
64,512,32,256,45.0457
64,512,32,512,67.7763
64,512,32,1024,106.551
64,512,32,2048,169.644
64,512,32,4096,294.424
64,512,32,8192,525.637
64,512,32,16384,1051.27
64,512,64,16,44.428
64,512,64,32,44.705
64,512,64,64,45.1637
64,512,64,128,57.28
64,512,64,256,84.065
64,512,64,512,136.044
64,512,64,1024,235.725
64,512,64,2048,408.538
64,512,64,4096,787.09
64,512,64,8192,1542.54
64,512,64,16384,3051.36
64,512,128,16,62.4857
64,512,128,32,63.3817
64,512,128,64,64.47
64,512,128,128,98.081
64,512,128,256,144.066
64,512,128,512,245.325
64,512,128,1024,431.055
64,512,128,2048,794.909
64,512,128,4096,1548.98
64,512,128,8192,3077.43
64,512,128,16384,6086.38
64,1024,0,0,41.2597
64,1024,1,16,40.6513
64,1024,1,32,40.8323
64,1024,1,64,40.843
64,1024,1,128,40.864
64,1024,1,256,40.6727
64,1024,1,512,40.6933
64,1024,1,1024,41.2593
64,1024,1,2048,69.718
64,1024,1,4096,128.193
64,1024,1,8192,246.285
64,1024,1,16384,482.789
64,1024,2,16,40.5337
64,1024,2,32,40.4907
64,1024,2,64,40.5123
64,1024,2,128,40.5123
64,1024,2,256,40.4907
64,1024,2,512,40.7363
64,1024,2,1024,41.281
64,1024,2,2048,69.8667
64,1024,2,4096,128.982
64,1024,2,8192,246.648
64,1024,2,16384,484.41
64,1024,4,16,40.299
64,1024,4,32,40.3313
64,1024,4,64,40.3523
64,1024,4,128,40.385
64,1024,4,256,40.5227
64,1024,4,512,40.843
64,1024,4,1024,41.2277
64,1024,4,2048,70.8697
64,1024,4,4096,130.689
64,1024,4,8192,249.549
64,1024,4,16384,485.967
64,1024,8,16,40.1283
64,1024,8,32,40.1707
64,1024,8,64,40.3847
64,1024,8,128,40.79
64,1024,8,256,40.694
64,1024,8,512,41.6857
64,1024,8,1024,41.899
64,1024,8,2048,71.6597
64,1024,8,4096,131.596
64,1024,8,8192,250.317
64,1024,8,16384,487.717
64,1024,16,16,41.078
64,1024,16,32,41.1417
64,1024,16,64,41.0887
64,1024,16,128,41.697
64,1024,16,256,42.059
64,1024,16,512,46.3257
64,1024,16,1024,77.014
64,1024,16,2048,112.299
64,1024,16,4096,173.069
64,1024,16,8192,293.666
64,1024,16,16384,536.251
64,1024,32,16,47.1793
64,1024,32,32,47.1257
64,1024,32,64,47.243
64,1024,32,128,51.2323
64,1024,32,256,55.243
64,1024,32,512,68.0967
64,1024,32,1024,115.318
64,1024,32,2048,180.972
64,1024,32,4096,303.768
64,1024,32,8192,565.168
64,1024,32,16384,1061.5
64,1024,64,16,58.5287
64,1024,64,32,58.9767
64,1024,64,64,59.3287
64,1024,64,128,71.2433
64,1024,64,256,92.236
64,1024,64,512,136.77
64,1024,64,1024,245.602
64,1024,64,2048,428.101
64,1024,64,4096,786.791
64,1024,64,8192,1539.02
64,1024,64,16384,3049.42
64,1024,128,16,76.737
64,1024,128,32,77.889
64,1024,128,64,79.0403
64,1024,128,128,105.036
64,1024,128,256,145.324
64,1024,128,512,245.368
64,1024,128,1024,439.183
64,1024,128,2048,809.447
64,1024,128,4096,1552.66
64,1024,128,8192,3054.79
64,1024,128,16384,6091.45
64,2048,0,0,70.9657
64,2048,1,16,70.326
64,2048,1,32,70.3473
64,2048,1,64,70.5713
64,2048,1,128,70.422
64,2048,1,256,70.3263
64,2048,1,512,70.5077
64,2048,1,1024,70.56
64,2048,1,2048,71.105
64,2048,1,4096,128.354
64,2048,1,8192,246.306
64,2048,1,16384,482.853
64,2048,2,16,70.134
64,2048,2,32,70.155
64,2048,2,64,70.134
64,2048,2,128,70.134
64,2048,2,256,70.294
64,2048,2,512,70.3257
64,2048,2,1024,70.902
64,2048,2,2048,70.9657
64,2048,2,4096,129.036
64,2048,2,8192,246.776
64,2048,2,16384,484.623
64,2048,4,16,69.9523
64,2048,4,32,70.1017
64,2048,4,64,70.0377
64,2048,4,128,70.07
64,2048,4,256,70.1233
64,2048,4,512,70.8167
64,2048,4,1024,71.1153
64,2048,4,2048,71.2643
64,2048,4,4096,130.902
64,2048,4,8192,249.656
64,2048,4,16384,485.892
64,2048,8,16,69.7817
64,2048,8,32,69.7713
64,2048,8,64,69.8033
64,2048,8,128,69.953
64,2048,8,256,70.7313
64,2048,8,512,71.072
64,2048,8,1024,71.4037
64,2048,8,2048,72.2883
64,2048,8,4096,131.35
64,2048,8,8192,250.178
64,2048,8,16384,488.047
64,2048,16,16,70.7317
64,2048,16,32,70.625
64,2048,16,64,70.7417
64,2048,16,128,71.3823
64,2048,16,256,71.6483
64,2048,16,512,72.0967
64,2048,16,1024,76.8857
64,2048,16,2048,136.663
64,2048,16,4096,202.424
64,2048,16,8192,323.096
64,2048,16,16384,565.084
64,2048,32,16,75.1363
64,2048,32,32,75.4243
64,2048,32,64,75.3713
64,2048,32,128,79.329
64,2048,32,256,83.2437
64,2048,32,512,91.2437
64,2048,32,1024,114.444
64,2048,32,2048,206.103
64,2048,32,4096,333.07
64,2048,32,8192,591.857
64,2048,32,16384,1099.42
64,2048,64,16,86.6677
64,2048,64,32,87.0407
64,2048,64,64,87.734
64,2048,64,128,98.9877
64,2048,64,256,122.337
64,2048,64,512,159.649
64,2048,64,1024,245.069
64,2048,64,2048,453.583
64,2048,64,4096,819.059
64,2048,64,8192,1557.79
64,2048,64,16384,3062.63
64,2048,128,16,105.004
64,2048,128,32,105.985
64,2048,128,64,106.786
64,2048,128,128,132.225
64,2048,128,256,172.503
64,2048,128,512,251.523
64,2048,128,1024,440.196
64,2048,128,2048,834.408
64,2048,128,4096,1565.22
64,2048,128,8192,3060.36
64,2048,128,16384,6100.96
64,4096,0,0,130.86
64,4096,1,16,130.284
64,4096,1,32,130.242
64,4096,1,64,130.295
64,4096,1,128,130.358
64,4096,1,256,130.316
64,4096,1,512,130.274
64,4096,1,1024,130.295
64,4096,1,2048,130.295
64,4096,1,4096,130.326
64,4096,1,8192,246.306
64,4096,1,16384,482.705
64,4096,2,16,129.857
64,4096,2,32,129.847
64,4096,2,64,129.878
64,4096,2,128,129.9
64,4096,2,256,129.943
64,4096,2,512,130.039
64,4096,2,1024,129.985
64,4096,2,2048,130.156
64,4096,2,4096,130.167
64,4096,2,8192,246.702
64,4096,2,16384,484.986
64,4096,4,16,129.761
64,4096,4,32,129.772
64,4096,4,64,129.729
64,4096,4,128,129.921
64,4096,4,256,129.974
64,4096,4,512,130.06
64,4096,4,1024,130.103
64,4096,4,2048,130.348
64,4096,4,4096,130.956
64,4096,4,8192,250.007
64,4096,4,16384,486.116
64,4096,8,16,129.335
64,4096,8,32,129.345
64,4096,8,64,129.452
64,4096,8,128,129.666
64,4096,8,256,129.814
64,4096,8,512,130.134
64,4096,8,1024,130.561
64,4096,8,2048,130.828
64,4096,8,4096,131.873
64,4096,8,8192,250.52
64,4096,8,16384,488.239
64,4096,16,16,130.06
64,4096,16,32,130.06
64,4096,16,64,130.103
64,4096,16,128,130.678
64,4096,16,256,130.945
64,4096,16,512,131.36
64,4096,16,1024,131.852
64,4096,16,2048,136.738
64,4096,16,4096,256.173
64,4096,16,8192,382.414
64,4096,16,16384,623.697
64,4096,32,16,131.863
64,4096,32,32,131.831
64,4096,32,64,131.99
64,4096,32,128,135.788
64,4096,32,256,139.852
64,4096,32,512,148.097
64,4096,32,1024,166.945
64,4096,32,2048,206.263
64,4096,32,4096,391.342
64,4096,32,8192,649.03
64,4096,32,16384,1160.61
64,4096,64,16,143.329
64,4096,64,32,143.65
64,4096,64,64,143.927
64,4096,64,128,155.649
64,4096,64,256,178.061
64,4096,64,512,218.039
64,4096,64,1024,299.299
64,4096,64,2048,457.988
64,4096,64,4096,870.579
64,4096,64,8192,1602.89
64,4096,64,16384,3062.69
64,4096,128,16,161.57
64,4096,128,32,162.604
64,4096,128,64,163.319
64,4096,128,128,189.271
64,4096,128,256,228.717
64,4096,128,512,307.598
64,4096,128,1024,459.759
64,4096,128,2048,835.005
64,4096,128,4096,1610.54
64,4096,128,8192,3095.5
64,4096,128,16384,6111.22
64,8192,0,0,248.706
64,8192,1,16,247.981
64,8192,1,32,248.088
64,8192,1,64,248.078
64,8192,1,128,247.991
64,8192,1,256,248.045
64,8192,1,512,248.024
64,8192,1,1024,248.1
64,8192,1,2048,248.045
64,8192,1,4096,247.949
64,8192,1,8192,248.375
64,8192,1,16384,482.159
64,8192,2,16,247.171
64,8192,2,32,247.17
64,8192,2,64,247.17
64,8192,2,128,247.255
64,8192,2,256,247.223
64,8192,2,512,247.224
64,8192,2,1024,247.469
64,8192,2,2048,247.725
64,8192,2,4096,247.95
64,8192,2,8192,247.715
64,8192,2,16384,484.687
64,8192,4,16,247.448
64,8192,4,32,247.277
64,8192,4,64,247.234
64,8192,4,128,247.288
64,8192,4,256,247.437
64,8192,4,512,247.533
64,8192,4,1024,247.789
64,8192,4,2048,247.832
64,8192,4,4096,248.152
64,8192,4,8192,249.624
64,8192,4,16384,486.042
64,8192,8,16,246.658
64,8192,8,32,246.723
64,8192,8,64,246.701
64,8192,8,128,247.128
64,8192,8,256,247.095
64,8192,8,512,247.491
64,8192,8,1024,248.034
64,8192,8,2048,248.419
64,8192,8,4096,248.995
64,8192,8,8192,250.36
64,8192,8,16384,488.068
64,8192,16,16,247.704
64,8192,16,32,247.779
64,8192,16,64,247.853
64,8192,16,128,248.451
64,8192,16,256,248.599
64,8192,16,512,249.122
64,8192,16,1024,249.559
64,8192,16,2048,250.477
64,8192,16,4096,257.079
64,8192,16,8192,494.063
64,8192,16,16384,743.303
64,8192,32,16,248.792
64,8192,32,32,248.44
64,8192,32,64,248.546
64,8192,32,128,249.794
64,8192,32,256,253.144
64,8192,32,512,260.728
64,8192,32,1024,280.045
64,8192,32,2048,316.6
64,8192,32,4096,391.802
64,8192,32,8192,750.706
64,8192,32,16384,1272.19
64,8192,64,16,256.12
64,8192,64,32,256.482
64,8192,64,64,257.187
64,8192,64,128,268.535
64,8192,64,256,290.424
64,8192,64,512,329.954
64,8192,64,1024,411.918
64,8192,64,2048,569.851
64,8192,64,4096,889.32
64,8192,64,8192,1709.82
64,8192,64,16384,3193.69
64,8192,128,16,274.765
64,8192,128,32,275.533
64,8192,128,64,276.664
64,8192,128,128,301.763
64,8192,128,256,341.006
64,8192,128,512,423.161
64,8192,128,1024,576.134
64,8192,128,2048,893.256
64,8192,128,4096,1628.02
64,8192,128,8192,3193.27
64,8192,128,16384,6174.23
64,16384,0,0,487.098
64,16384,1,16,487.515
64,16384,1,32,487.291
64,16384,1,64,487.226
64,16384,1,128,487.226
64,16384,1,256,487.162
64,16384,1,512,487.248
64,16384,1,1024,487.269
64,16384,1,2048,487.44
64,16384,1,4096,487.257
64,16384,1,8192,486.65
64,16384,1,16384,486.747
64,16384,2,16,485.882
64,16384,2,32,485.935
64,16384,2,64,485.989
64,16384,2,128,485.935
64,16384,2,256,485.637
64,16384,2,512,485.978
64,16384,2,1024,485.893
64,16384,2,2048,486.031
64,16384,2,4096,486.213
64,16384,2,8192,485.316
64,16384,2,16384,485.828
64,16384,4,16,485.903
64,16384,4,32,485.722
64,16384,4,64,485.38
64,16384,4,128,485.68
64,16384,4,256,485.605
64,16384,4,512,485.434
64,16384,4,1024,485.605
64,16384,4,2048,485.722
64,16384,4,4096,486.245
64,16384,4,8192,486
64,16384,4,16384,486.714
64,16384,8,16,484.143
64,16384,8,32,484.293
64,16384,8,64,484.281
64,16384,8,128,484.677
64,16384,8,256,484.655
64,16384,8,512,484.912
64,16384,8,1024,485.135
64,16384,8,2048,485.604
64,16384,8,4096,486.149
64,16384,8,8192,486.874
64,16384,8,16384,488.709
64,16384,16,16,486.341
64,16384,16,32,486.405
64,16384,16,64,486.608
64,16384,16,128,486.788
64,16384,16,256,487.482
64,16384,16,512,487.621
64,16384,16,1024,488.005
64,16384,16,2048,489.21
64,16384,16,4096,489.893
64,16384,16,8192,494.523
64,16384,16,16384,972.501
64,16384,32,16,485.829
64,16384,32,32,485.807
64,16384,32,64,486.416
64,16384,32,128,487.023
64,16384,32,256,488.432
64,16384,32,512,491.311
64,16384,32,1024,508.454
64,16384,32,2048,544.763
64,16384,32,4096,616.764
64,16384,32,8192,759.741
64,16384,32,16384,1494.86
64,16384,64,16,486.661
64,16384,64,32,486.586
64,16384,64,64,487.14
64,16384,64,128,494.341
64,16384,64,256,518.693
64,16384,64,512,555.504
64,16384,64,1024,638.428
64,16384,64,2048,798.12
64,16384,64,4096,1122.76
64,16384,64,8192,1748.05
64,16384,64,16384,3422.1
64,16384,128,16,500.549
64,16384,128,32,501.231
64,16384,128,64,502.159
64,16384,128,128,528.336
64,16384,128,256,568.742
64,16384,128,512,645.905
64,16384,128,1024,806.237
64,16384,128,2048,1123
64,16384,128,4096,1750.71
64,16384,128,8192,3223.84
64,16384,128,16384,6393.75
128,0,0,0,13.056
128,0,1,16,12.8
128,0,1,32,13.035
128,0,1,64,12.9387
128,0,1,128,14.9867
128,0,1,256,18.528
128,0,1,512,25.6753
128,0,1,1024,40.438
128,0,1,2048,69.7713
128,0,1,4096,128.471
128,0,1,8192,246.414
128,0,1,16384,481.892
128,0,2,16,12.9283
128,0,2,32,13.056
128,0,2,64,13.1947
128,0,2,128,15.04
128,0,2,256,18.7413
128,0,2,512,25.995
128,0,2,1024,40.843
128,0,2,2048,70.4217
128,0,2,4096,129.58
128,0,2,8192,247.598
128,0,2,16384,485.444
128,0,4,16,12.832
128,0,4,32,13.0667
128,0,4,64,13.183
128,0,4,128,15.264
128,0,4,256,18.784
128,0,4,512,26.24
128,0,4,1024,41.558
128,0,4,2048,71.7127
128,0,4,4096,131.585
128,0,4,8192,250.264
128,0,4,16384,487.226
128,0,8,16,13.0987
128,0,8,32,13.3443
128,0,8,64,13.5573
128,0,8,128,15.6053
128,0,8,256,19.4673
128,0,8,512,26.976
128,0,8,1024,42.4647
128,0,8,2048,72.342
128,0,8,4096,132.577
128,0,8,8192,251.469
128,0,8,16384,488.805
128,0,16,16,18.027
128,0,16,32,18.155
128,0,16,64,18.368
128,0,16,128,23.8617
128,0,16,256,29.8987
128,0,16,512,37.4727
128,0,16,1024,52.3633
128,0,16,2048,81.8357
128,0,16,4096,141.015
128,0,16,8192,259.491
128,0,16,16384,495.685
128,0,32,16,24.1173
128,0,32,32,24.5763
128,0,32,64,24.9917
128,0,32,128,33.984
128,0,32,256,44.768
128,0,32,512,60.31
128,0,32,1024,90.9237
128,0,32,2048,150.423
128,0,32,4096,269.027
128,0,32,8192,516.517
128,0,32,16384,1009.95
128,0,64,16,36.3947
128,0,64,32,37.184
128,0,64,64,37.739
128,0,64,128,54.7527
128,0,64,256,82.56
128,0,64,512,132.332
128,0,64,1024,222.135
128,0,64,2048,408.324
128,0,64,4096,785.223
128,0,64,8192,1540.14
128,0,64,16384,3051.62
128,0,128,16,61.281
128,0,128,32,62.6993
128,0,128,64,64.1393
128,0,128,128,99.201
128,0,128,256,141.324
128,0,128,512,236.354
128,0,128,1024,418.948
128,0,128,2048,794.983
128,0,128,4096,1544.12
128,0,128,8192,3065.67
128,0,128,16384,6085.03
128,16,0,0,15.2747
128,16,1,16,15.4873
128,16,1,32,15.4987
128,16,1,64,15.4667
128,16,1,128,15.4773
128,16,1,256,18.432
128,16,1,512,25.696
128,16,1,1024,40.4383
128,16,1,2048,69.8353
128,16,1,4096,128.609
128,16,1,8192,246.551
128,16,1,16384,482.021
128,16,2,16,15.499
128,16,2,32,15.5523
128,16,2,64,15.6377
128,16,2,128,15.552
128,16,2,256,18.7207
128,16,2,512,25.995
128,16,2,1024,40.8217
128,16,2,2048,70.443
128,16,2,4096,129.666
128,16,2,8192,247.5
128,16,2,16384,485.722
128,16,4,16,15.52
128,16,4,32,15.52
128,16,4,64,15.5413
128,16,4,128,15.616
128,16,4,256,18.9763
128,16,4,512,26.208
128,16,4,1024,41.4087
128,16,4,2048,71.766
128,16,4,4096,131.489
128,16,4,8192,250.125
128,16,4,16384,487.13
128,16,8,16,15.8507
128,16,8,32,15.851
128,16,8,64,15.8507
128,16,8,128,15.9897
128,16,8,256,19.2853
128,16,8,512,26.7523
128,16,8,1024,42.2297
128,16,8,2048,72.491
128,16,8,4096,132.673
128,16,8,8192,251.128
128,16,8,16384,489.061
128,16,16,16,17.8987
128,16,16,32,18.3257
128,16,16,64,18.4217
128,16,16,128,23.872
128,16,16,256,30.6773
128,16,16,512,38.7423
128,16,16,1024,54.0053
128,16,16,2048,83.361
128,16,16,4096,141.591
128,16,16,8192,259.481
128,16,16,16384,498.149
128,16,32,16,24.1603
128,16,32,32,24.5973
128,16,32,64,24.971
128,16,32,128,33.9733
128,16,32,256,44.9923
128,16,32,512,61.334
128,16,32,1024,91.1687
128,16,32,2048,150.039
128,16,32,4096,269.197
128,16,32,8192,515.131
128,16,32,16384,1007.55
128,16,64,16,36.427
128,16,64,32,37.238
128,16,64,64,37.9097
128,16,64,128,55.1257
128,16,64,256,82.23
128,16,64,512,134.23
128,16,64,1024,220.226
128,16,64,2048,408.953
128,16,64,4096,786.205
128,16,64,8192,1546.74
128,16,64,16384,3067.8
128,16,128,16,61.473
128,16,128,32,62.6887
128,16,128,64,64.0963
128,16,128,128,99.1583
128,16,128,256,139.927
128,16,128,512,237.666
128,16,128,1024,420.783
128,16,128,2048,793.853
128,16,128,4096,1546.53
128,16,128,8192,3066.57
128,16,128,16384,6118.19
128,32,0,0,15.4247
128,32,1,16,15.6053
128,32,1,32,15.7017
128,32,1,64,15.6483
128,32,1,128,15.6263
128,32,1,256,18.475
128,32,1,512,25.6003
128,32,1,1024,40.3843
128,32,1,2048,69.8033
128,32,1,4096,128.588
128,32,1,8192,246.445
128,32,1,16384,482.031
128,32,2,16,15.7227
128,32,2,32,15.6693
128,32,2,64,15.6907
128,32,2,128,15.6803
128,32,2,256,18.7523
128,32,2,512,26.016
128,32,2,1024,40.8323
128,32,2,2048,70.6353
128,32,2,4096,129.697
128,32,2,8192,247.586
128,32,2,16384,486.149
128,32,4,16,15.659
128,32,4,32,15.691
128,32,4,64,15.7127
128,32,4,128,15.7657
128,32,4,256,18.8587
128,32,4,512,26.3257
128,32,4,1024,41.5573
128,32,4,2048,71.6377
128,32,4,4096,131.585
128,32,4,8192,250.306
128,32,4,16384,487.055
128,32,8,16,16.0003
128,32,8,32,16.0113
128,32,8,64,16.0107
128,32,8,128,16.1923
128,32,8,256,19.1473
128,32,8,512,26.8053
128,32,8,1024,42.155
128,32,8,2048,72.555
128,32,8,4096,132.524
128,32,8,8192,251.394
128,32,8,16384,489.242
128,32,16,16,17.9523
128,32,16,32,18.208
128,32,16,64,18.4533
128,32,16,128,23.9683
128,32,16,256,31.2747
128,32,16,512,38.9127
128,32,16,1024,54.0267
128,32,16,2048,83.4893
128,32,16,4096,143.01
128,32,16,8192,258.392
128,32,16,16384,493.85
128,32,32,16,24.1817
128,32,32,32,24.6197
128,32,32,64,25.024
128,32,32,128,34.113
128,32,32,256,44.939
128,32,32,512,61.1527
128,32,32,1024,91.2113
128,32,32,2048,150.946
128,32,32,4096,269.198
128,32,32,8192,515.781
128,32,32,16384,1009.56
128,32,64,16,36.4593
128,32,64,32,37.0673
128,32,64,64,37.8137
128,32,64,128,55.1043
128,32,64,256,81.953
128,32,64,512,129.441
128,32,64,1024,222.967
128,32,64,2048,408.739
128,32,64,4096,785.48
128,32,64,8192,1540.91
128,32,64,16384,3071.8
128,32,128,16,61.419
128,32,128,32,62.6143
128,32,128,64,64.4597
128,32,128,128,99.105
128,32,128,256,138.838
128,32,128,512,235.629
128,32,128,1024,419.023
128,32,128,2048,792.851
128,32,128,4096,1543
128,32,128,8192,3076.8
128,32,128,16384,6098.31
128,64,0,0,15.552
128,64,1,16,15.8407
128,64,1,32,15.7973
128,64,1,64,15.755
128,64,1,128,15.7123
128,64,1,256,18.422
128,64,1,512,25.6853
128,64,1,1024,40.3417
128,64,1,2048,69.803
128,64,1,4096,128.502
128,64,1,8192,246.498
128,64,1,16384,482.127
128,64,2,16,15.872
128,64,2,32,15.851
128,64,2,64,15.8403
128,64,2,128,15.8933
128,64,2,256,18.6773
128,64,2,512,26.059
128,64,2,1024,40.832
128,64,2,2048,70.721
128,64,2,4096,129.601
128,64,2,8192,247.949
128,64,2,16384,486.085
128,64,4,16,15.7973
128,64,4,32,15.8613
128,64,4,64,15.7767
128,64,4,128,15.9687
128,64,4,256,18.8907
128,64,4,512,26.2507
128,64,4,1024,41.611
128,64,4,2048,71.7017
128,64,4,4096,131.5
128,64,4,8192,250.584
128,64,4,16384,486.896
128,64,8,16,16.2347
128,64,8,32,16.1813
128,64,8,64,16.2453
128,64,8,128,16.2667
128,64,8,256,19.2857
128,64,8,512,26.8267
128,64,8,1024,42.2947
128,64,8,2048,72.3527
128,64,8,4096,132.598
128,64,8,8192,251.437
128,64,8,16384,488.741
128,64,16,16,17.9633
128,64,16,32,18.2193
128,64,16,64,18.4323
128,64,16,128,23.9467
128,64,16,256,31.1147
128,64,16,512,38.5493
128,64,16,1024,53.9637
128,64,16,2048,83.745
128,64,16,4096,142.188
128,64,16,8192,260.643
128,64,16,16384,495.099
128,64,32,16,24.2563
128,64,32,32,24.5757
128,64,32,64,24.8853
128,64,32,128,34.059
128,64,32,256,44.8003
128,64,32,512,62.1977
128,64,32,1024,91.1897
128,64,32,2048,150.561
128,64,32,4096,269.581
128,64,32,8192,518.736
128,64,32,16384,1008.61
128,64,64,16,36.4273
128,64,64,32,37.3233
128,64,64,64,37.8137
128,64,64,128,55.03
128,64,64,256,81.9957
128,64,64,512,128.161
128,64,64,1024,222.434
128,64,64,2048,408.356
128,64,64,4096,786.685
128,64,64,8192,1552.14
128,64,64,16384,3064.75
128,64,128,16,61.579
128,64,128,32,62.7097
128,64,128,64,64.246
128,64,128,128,98.9237
128,64,128,256,140.417
128,64,128,512,231.597
128,64,128,1024,420.985
128,64,128,2048,793.469
128,64,128,4096,1550.53
128,64,128,8192,3068.39
128,64,128,16384,6090.78
128,128,0,0,16.7473
128,128,1,16,16
128,128,1,32,15.9897
128,128,1,64,16.043
128,128,1,128,16.1387
128,128,1,256,18.5703
128,128,1,512,25.6217
128,128,1,1024,40.385
128,128,1,2048,69.803
128,128,1,4096,128.662
128,128,1,8192,246.541
128,128,1,16384,482.223
128,128,2,16,16.256
128,128,2,32,16.2453
128,128,2,64,16.2243
128,128,2,128,16.2667
128,128,2,256,18.72
128,128,2,512,26.091
128,128,2,1024,40.875
128,128,2,2048,70.5073
128,128,2,4096,129.622
128,128,2,8192,247.608
128,128,2,16384,485.763
128,128,4,16,16.107
128,128,4,32,16.107
128,128,4,64,16.0853
128,128,4,128,16.427
128,128,4,256,18.8697
128,128,4,512,26.2297
128,128,4,1024,41.7603
128,128,4,2048,71.6807
128,128,4,4096,131.489
128,128,4,8192,250.21
128,128,4,16384,487.088
128,128,8,16,16.4697
128,128,8,32,16.427
128,128,8,64,16.448
128,128,8,128,16.565
128,128,8,256,19.7233
128,128,8,512,26.8803
128,128,8,1024,42.507
128,128,8,2048,72.3103
128,128,8,4096,132.492
128,128,8,8192,251.022
128,128,8,16384,488.944
128,128,16,16,17.9733
128,128,16,32,18.1867
128,128,16,64,18.4003
128,128,16,128,24.96
128,128,16,256,31.3813
128,128,16,512,40.8537
128,128,16,1024,55.6483
128,128,16,2048,86.6037
128,128,16,4096,143.319
128,128,16,8192,262.285
128,128,16,16384,494.682
128,128,32,16,24.1497
128,128,32,32,24.7573
128,128,32,64,25.0027
128,128,32,128,34.8487
128,128,32,256,45.3983
128,128,32,512,66.4863
128,128,32,1024,95.606
128,128,32,2048,155.362
128,128,32,4096,272.654
128,128,32,8192,517.124
128,128,32,16384,1012.9
128,128,64,16,36.427
128,128,64,32,37.2273
128,128,64,64,38.0597
128,128,64,128,55.6377
128,128,64,256,83.3613
128,128,64,512,134.252
128,128,64,1024,222.455
128,128,64,2048,410.809
128,128,64,4096,784.904
128,128,64,8192,1541.63
128,128,64,16384,3065
128,128,128,16,61.5793
128,128,128,32,62.7953
128,128,128,64,64.662
128,128,128,128,99.734
128,128,128,256,141.665
128,128,128,512,237.208
128,128,128,1024,419.428
128,128,128,2048,794.706
128,128,128,4096,1549.34
128,128,128,8192,3074.24
128,128,128,16384,6100.76
128,256,0,0,20.128
128,256,1,16,19.5527
128,256,1,32,19.5413
128,256,1,64,19.531
128,256,1,128,19.4987
128,256,1,256,19.7657
128,256,1,512,25.7177
128,256,1,1024,40.48
128,256,1,2048,69.8997
128,256,1,4096,128.556
128,256,1,8192,246.541
128,256,1,16384,482.234
128,256,2,16,19.9787
128,256,2,32,19.9573
128,256,2,64,19.904
128,256,2,128,19.8717
128,256,2,256,20.022
128,256,2,512,26.091
128,256,2,1024,40.9923
128,256,2,2048,70.4647
128,256,2,4096,129.623
128,256,2,8192,248.184
128,256,2,16384,485.573
128,256,4,16,19.6587
128,256,4,32,19.6377
128,256,4,64,19.6903
128,256,4,128,19.776
128,256,4,256,19.979
128,256,4,512,26.2617
128,256,4,1024,41.7177
128,256,4,2048,71.649
128,256,4,4096,131.596
128,256,4,8192,250.285
128,256,4,16384,486.959
128,256,8,16,19.9577
128,256,8,32,19.936
128,256,8,64,19.9257
128,256,8,128,20.0427
128,256,8,256,20.3097
128,256,8,512,26.9337
128,256,8,1024,42.2403
128,256,8,2048,72.2883
128,256,8,4096,132.588
128,256,8,8192,251.565
128,256,8,16384,488.549
128,256,16,16,20.224
128,256,16,32,20.4163
128,256,16,64,20.5653
128,256,16,128,25.088
128,256,16,256,32.6933
128,256,16,512,44.7473
128,256,16,1024,59.638
128,256,16,2048,89.718
128,256,16,4096,148.652
128,256,16,8192,265.774
128,256,16,16384,498.021
128,256,32,16,27.5417
128,256,32,32,27.7333
128,256,32,64,27.8933
128,256,32,128,35.104
128,256,32,256,46.4963
128,256,32,512,68.128
128,256,32,1024,99.3077
128,256,32,2048,158.508
128,256,32,4096,279.043
128,256,32,8192,526.192
128,256,32,16384,1013.09
128,256,64,16,38.8487
128,256,64,32,39.339
128,256,64,64,39.979
128,256,64,128,55.99
128,256,64,256,85.0893
128,256,64,512,134.369
128,256,64,1024,228.013
128,256,64,2048,412.634
128,256,64,4096,787.314
128,256,64,8192,1537.79
128,256,64,16384,3048.98
128,256,128,16,62.2403
128,256,128,32,63.6277
128,256,128,64,65.0993
128,256,128,128,100.225
128,256,128,256,144.513
128,256,128,512,237.773
128,256,128,1024,418.916
128,256,128,2048,794.706
128,256,128,4096,1547.09
128,256,128,8192,3071.95
128,256,128,16384,6084.82
128,512,0,0,27.0087
128,512,1,16,26.5493
128,512,1,32,26.592
128,512,1,64,26.6667
128,512,1,128,26.5817
128,512,1,256,26.624
128,512,1,512,27.061
128,512,1,1024,40.4697
128,512,1,2048,69.8563
128,512,1,4096,128.481
128,512,1,8192,246.456
128,512,1,16384,482.202
128,512,2,16,26.9657
128,512,2,32,27.0187
128,512,2,64,26.9867
128,512,2,128,27.0293
128,512,2,256,27.0407
128,512,2,512,27.2213
128,512,2,1024,40.961
128,512,2,2048,70.475
128,512,2,4096,129.633
128,512,2,8192,247.895
128,512,2,16384,485.978
128,512,4,16,26.7523
128,512,4,32,26.7203
128,512,4,64,26.7417
128,512,4,128,26.7843
128,512,4,256,27.0187
128,512,4,512,27.2753
128,512,4,1024,41.547
128,512,4,2048,71.841
128,512,4,4096,131.692
128,512,4,8192,250.424
128,512,4,16384,486.81
128,512,8,16,26.9863
128,512,8,32,27.0293
128,512,8,64,26.9867
128,512,8,128,27.0827
128,512,8,256,27.2533
128,512,8,512,27.6273
128,512,8,1024,42.3153
128,512,8,2048,72.5333
128,512,8,4096,132.63
128,512,8,8192,251.33
128,512,8,16384,488.965
128,512,16,16,27.4457
128,512,16,32,27.382
128,512,16,64,27.4563
128,512,16,128,27.5413
128,512,16,256,32.8853
128,512,16,512,46.8273
128,512,16,1024,67.8507
128,512,16,2048,98.817
128,512,16,4096,159.383
128,512,16,8192,279.96
128,512,16,16384,514.01
128,512,32,16,34.6353
128,512,32,32,34.827
128,512,32,64,35.0403
128,512,32,128,38.4
128,512,32,256,46.5283
128,512,32,512,69.9633
128,512,32,1024,108.8
128,512,32,2048,172.577
128,512,32,4096,298.819
128,512,32,8192,553.36
128,512,32,16384,1057.14
128,512,64,16,46.1877
128,512,64,32,46.5607
128,512,64,64,47.0293
128,512,64,128,58.657
128,512,64,256,84.3847
128,512,64,512,136.556
128,512,64,1024,232.279
128,512,64,2048,414.169
128,512,64,4096,786.141
128,512,64,8192,1546.68
128,512,64,16384,3047.87
128,512,128,16,65.7607
128,512,128,32,66.6777
128,512,128,64,68.054
128,512,128,128,101.398
128,512,128,256,143.298
128,512,128,512,241.943
128,512,128,1024,430.618
128,512,128,2048,796.936
128,512,128,4096,1545.67
128,512,128,8192,3083.29
128,512,128,16384,6081.66
128,1024,0,0,42.241
128,1024,1,16,41.3867
128,1024,1,32,41.2487
128,1024,1,64,41.2163
128,1024,1,128,41.376
128,1024,1,256,41.4933
128,1024,1,512,41.5253
128,1024,1,1024,41.9203
128,1024,1,2048,70.0273
128,1024,1,4096,128.673
128,1024,1,8192,246.584
128,1024,1,16384,482.052
128,1024,2,16,41.3657
128,1024,2,32,41.3763
128,1024,2,64,41.6643
128,1024,2,128,41.5787
128,1024,2,256,41.4297
128,1024,2,512,42.1017
128,1024,2,1024,41.9843
128,1024,2,2048,70.5927
128,1024,2,4096,129.718
128,1024,2,8192,247.874
128,1024,2,16384,485.764
128,1024,4,16,41.312
128,1024,4,32,41.75
128,1024,4,64,41.7493
128,1024,4,128,42.0697
128,1024,4,256,42.2623
128,1024,4,512,42.3573
128,1024,4,1024,42.5287
128,1024,4,2048,71.9043
128,1024,4,4096,131.671
128,1024,4,8192,250.477
128,1024,4,16384,486.682
128,1024,8,16,41.6113
128,1024,8,32,42.2517
128,1024,8,64,42.2947
128,1024,8,128,42.6563
128,1024,8,256,42.8267
128,1024,8,512,42.955
128,1024,8,1024,43.371
128,1024,8,2048,72.6937
128,1024,8,4096,132.695
128,1024,8,8192,251.927
128,1024,8,16384,488.72
128,1024,16,16,41.8883
128,1024,16,32,42.0373
128,1024,16,64,41.8887
128,1024,16,128,42.3893
128,1024,16,256,42.731
128,1024,16,512,47.0723
128,1024,16,1024,77.942
128,1024,16,2048,115.521
128,1024,16,4096,175.671
128,1024,16,8192,296.739
128,1024,16,16384,538.298
128,1024,32,16,48.7577
128,1024,32,32,49.046
128,1024,32,64,49.1627
128,1024,32,128,52.513
128,1024,32,256,56.6833
128,1024,32,512,70.0057
128,1024,32,1024,116.492
128,1024,32,2048,188.375
128,1024,32,4096,314.712
128,1024,32,8192,570.875
128,1024,32,16384,1092.56
128,1024,64,16,60.2133
128,1024,64,32,60.8747
128,1024,64,64,61.1627
128,1024,64,128,72.993
128,1024,64,256,93.9317
128,1024,64,512,135.863
128,1024,64,1024,244.663
128,1024,64,2048,428.548
128,1024,64,4096,799.869
128,1024,64,8192,1553.31
128,1024,64,16384,3050.7
128,1024,128,16,80.6517
128,1024,128,32,81.3873
128,1024,128,64,82.848
128,1024,128,128,107.169
128,1024,128,256,146.007
128,1024,128,512,241.229
128,1024,128,1024,437.53
128,1024,128,2048,806.909
128,1024,128,4096,1558.56
128,1024,128,8192,3071.42
128,1024,128,16384,6090.32
128,2048,0,0,72.353
128,2048,1,16,70.912
128,2048,1,32,70.9333
128,2048,1,64,71.1157
128,2048,1,128,70.849
128,2048,1,256,70.966
128,2048,1,512,71.1903
128,2048,1,1024,70.9977
128,2048,1,2048,71.638
128,2048,1,4096,128.641
128,2048,1,8192,246.584
128,2048,1,16384,482.085
128,2048,2,16,71.073
128,2048,2,32,71.2647
128,2048,2,64,71.0723
128,2048,2,128,71.2857
128,2048,2,256,71.329
128,2048,2,512,71.157
128,2048,2,1024,71.937
128,2048,2,2048,71.8937
128,2048,2,4096,129.953
128,2048,2,8192,247.981
128,2048,2,16384,485.914
128,2048,4,16,71.0517
128,2048,4,32,71.1363
128,2048,4,64,70.9547
128,2048,4,128,71.2963
128,2048,4,256,71.3397
128,2048,4,512,71.9157
128,2048,4,1024,72.1713
128,2048,4,2048,72.278
128,2048,4,4096,131.852
128,2048,4,8192,250.658
128,2048,4,16384,487.514
128,2048,8,16,71.8507
128,2048,8,32,71.947
128,2048,8,64,71.9577
128,2048,8,128,72.246
128,2048,8,256,72.3203
128,2048,8,512,72.6627
128,2048,8,1024,72.8437
128,2048,8,2048,73.3447
128,2048,8,4096,132.63
128,2048,8,8192,251.778
128,2048,8,16384,489.274
128,2048,16,16,71.4247
128,2048,16,32,71.425
128,2048,16,64,71.5953
128,2048,16,128,72.011
128,2048,16,256,72.4057
128,2048,16,512,72.6303
128,2048,16,1024,78.1233
128,2048,16,2048,139.308
128,2048,16,4096,205.229
128,2048,16,8192,327.64
128,2048,16,16384,567.835
128,2048,32,16,77.1423
128,2048,32,32,77.2273
128,2048,32,64,77.5903
128,2048,32,128,81.0247
128,2048,32,256,84.8113
128,2048,32,512,93.974
128,2048,32,1024,116.652
128,2048,32,2048,209.303
128,2048,32,4096,339.075
128,2048,32,8192,602.758
128,2048,32,16384,1111.15
128,2048,64,16,88.5657
128,2048,64,32,89.0773
128,2048,64,64,89.6537
128,2048,64,128,100.95
128,2048,64,256,121.217
128,2048,64,512,159.074
128,2048,64,1024,242.488
128,2048,64,2048,453.168
128,2048,64,4096,814.547
128,2048,64,8192,1557.32
128,2048,64,16384,3057.37
128,2048,128,16,108.769
128,2048,128,32,109.953
128,2048,128,64,111.415
128,2048,128,128,136.151
128,2048,128,256,170.572
128,2048,128,512,245.954
128,2048,128,1024,437.466
128,2048,128,2048,831.923
128,2048,128,4096,1578.71
128,2048,128,8192,3076.22
128,2048,128,16384,6096.55
128,4096,0,0,131.617
128,4096,1,16,130.732
128,4096,1,32,130.668
128,4096,1,64,130.721
128,4096,1,128,130.7
128,4096,1,256,130.678
128,4096,1,512,130.7
128,4096,1,1024,130.764
128,4096,1,2048,130.764
128,4096,1,4096,130.806
128,4096,1,8192,246.583
128,4096,1,16384,482.522
128,4096,2,16,131.02
128,4096,2,32,131.02
128,4096,2,64,131.02
128,4096,2,128,131.051
128,4096,2,256,130.935
128,4096,2,512,130.945
128,4096,2,1024,131.052
128,4096,2,2048,131.127
128,4096,2,4096,131.159
128,4096,2,8192,247.959
128,4096,2,16384,485.679
128,4096,4,16,130.7
128,4096,4,32,130.785
128,4096,4,64,130.731
128,4096,4,128,130.967
128,4096,4,256,131.095
128,4096,4,512,131.095
128,4096,4,1024,131.127
128,4096,4,2048,131.35
128,4096,4,4096,131.863
128,4096,4,8192,250.54
128,4096,4,16384,487.695
128,4096,8,16,131.202
128,4096,8,32,131.106
128,4096,8,64,131.094
128,4096,8,128,131.671
128,4096,8,256,131.703
128,4096,8,512,131.745
128,4096,8,1024,132.054
128,4096,8,2048,132.172
128,4096,8,4096,133.164
128,4096,8,8192,251.789
128,4096,8,16384,489.445
128,4096,16,16,130.722
128,4096,16,32,130.455
128,4096,16,64,130.369
128,4096,16,128,131.308
128,4096,16,256,131.286
128,4096,16,512,131.692
128,4096,16,1024,132.268
128,4096,16,2048,139.116
128,4096,16,4096,259.437
128,4096,16,8192,384.42
128,4096,16,16384,626.608
128,4096,32,16,133.58
128,4096,32,32,133.996
128,4096,32,64,134.252
128,4096,32,128,137.185
128,4096,32,256,141.174
128,4096,32,512,149.772
128,4096,32,1024,168.418
128,4096,32,2048,209.868
128,4096,32,4096,392.036
128,4096,32,8192,658.162
128,4096,32,16384,1172.83
128,4096,64,16,145.004
128,4096,64,32,145.537
128,4096,64,64,145.922
128,4096,64,128,157.858
128,4096,64,256,178.349
128,4096,64,512,215.554
128,4096,64,1024,294.509
128,4096,64,2048,452.644
128,4096,64,4096,874.216
128,4096,64,8192,1614.51
128,4096,64,16384,3131.02
128,4096,128,16,165.452
128,4096,128,32,166.284
128,4096,128,64,167.842
128,4096,128,128,192.78
128,4096,128,256,227.064
128,4096,128,512,304.43
128,4096,128,1024,454.49
128,4096,128,2048,828.84
128,4096,128,4096,1616.18
128,4096,128,8192,3112.1
128,4096,128,16384,6112.58
128,8192,0,0,249.368
128,8192,1,16,248.301
128,8192,1,32,248.259
128,8192,1,64,248.386
128,8192,1,128,248.589
128,8192,1,256,248.45
128,8192,1,512,248.301
128,8192,1,1024,248.237
128,8192,1,2048,248.514
128,8192,1,4096,248.237
128,8192,1,8192,248.781
128,8192,1,16384,482.415
128,8192,2,16,248.876
128,8192,2,32,248.653
128,8192,2,64,248.663
128,8192,2,128,248.846
128,8192,2,256,248.674
128,8192,2,512,248.888
128,8192,2,1024,248.771
128,8192,2,2048,248.962
128,8192,2,4096,248.888
128,8192,2,8192,249.272
128,8192,2,16384,486.159
128,8192,4,16,248.333
128,8192,4,32,248.536
128,8192,4,64,248.429
128,8192,4,128,248.386
128,8192,4,256,248.643
128,8192,4,512,248.92
128,8192,4,1024,248.76
128,8192,4,2048,248.92
128,8192,4,4096,249.198
128,8192,4,8192,250.765
128,8192,4,16384,487.312
128,8192,8,16,248.898
128,8192,8,32,248.91
128,8192,8,64,249.058
128,8192,8,128,249.293
128,8192,8,256,249.325
128,8192,8,512,249.336
128,8192,8,1024,249.794
128,8192,8,2048,249.773
128,8192,8,4096,250.605
128,8192,8,8192,251.906
128,8192,8,16384,489.295
128,8192,16,16,247.896
128,8192,16,32,247.821
128,8192,16,64,247.746
128,8192,16,128,248.579
128,8192,16,256,248.674
128,8192,16,512,249.047
128,8192,16,1024,249.72
128,8192,16,2048,250.85
128,8192,16,4096,258.743
128,8192,16,8192,497.328
128,8192,16,16384,744.286
128,8192,32,16,248.653
128,8192,32,32,248.653
128,8192,32,64,248.749
128,8192,32,128,250.542
128,8192,32,256,254.861
128,8192,32,512,263.629
128,8192,32,1024,281.325
128,8192,32,2048,318.19
128,8192,32,4096,393.838
128,8192,32,8192,760.242
128,8192,32,16384,1289.81
128,8192,64,16,258.605
128,8192,64,32,258.691
128,8192,64,64,259.085
128,8192,64,128,270.712
128,8192,64,256,291.661
128,8192,64,512,328.579
128,8192,64,1024,407.673
128,8192,64,2048,562.352
128,8192,64,4096,873.737
128,8192,64,8192,1704.51
128,8192,64,16384,3214.45
128,8192,128,16,279.011
128,8192,128,32,279.597
128,8192,128,64,280.973
128,8192,128,128,306.381
128,8192,128,256,339.481
128,8192,128,512,417.177
128,8192,128,1024,567.995
128,8192,128,2048,877.513
128,8192,128,4096,1625.36
128,8192,128,8192,3198.7
128,8192,128,16384,6189.95
128,16384,0,0,487.546
128,16384,1,16,487.397
128,16384,1,32,487.28
128,16384,1,64,487.301
128,16384,1,128,487.354
128,16384,1,256,487.642
128,16384,1,512,487.493
128,16384,1,1024,487.301
128,16384,1,2048,487.685
128,16384,1,4096,487.398
128,16384,1,8192,486.479
128,16384,1,16384,486.969
128,16384,2,16,488.442
128,16384,2,32,488.175
128,16384,2,64,488.368
128,16384,2,128,488.239
128,16384,2,256,488.58
128,16384,2,512,488.25
128,16384,2,1024,488.262
128,16384,2,2048,488.154
128,16384,2,4096,487.962
128,16384,2,8192,487.109
128,16384,2,16384,487.813
128,16384,4,16,487.397
128,16384,4,32,487.418
128,16384,4,64,487.632
128,16384,4,128,487.194
128,16384,4,256,487.461
128,16384,4,512,487.386
128,16384,4,1024,487.301
128,16384,4,2048,487.802
128,16384,4,4096,487.888
128,16384,4,8192,487.013
128,16384,4,16384,487.909
128,16384,8,16,488.122
128,16384,8,32,487.972
128,16384,8,64,487.995
128,16384,8,128,488.325
128,16384,8,256,488.208
128,16384,8,512,488.357
128,16384,8,1024,488.826
128,16384,8,2048,488.762
128,16384,8,4096,489.531
128,16384,8,8192,488.965
128,16384,8,16384,490.884
128,16384,16,16,485.53
128,16384,16,32,485.722
128,16384,16,64,485.872
128,16384,16,128,485.893
128,16384,16,256,486.181
128,16384,16,512,486.426
128,16384,16,1024,487.6
128,16384,16,2048,488.602
128,16384,16,4096,489.925
128,16384,16,8192,498.523
128,16384,16,16384,976.052
128,16384,32,16,486.404
128,16384,32,32,486.351
128,16384,32,64,486.138
128,16384,32,128,487.109
128,16384,32,256,487.888
128,16384,32,512,489.712
128,16384,32,1024,509.2
128,16384,32,2048,545.947
128,16384,32,4096,617.958
128,16384,32,8192,761.704
128,16384,32,16384,1497.5
128,16384,64,16,487.898
128,16384,64,32,487.951
128,16384,64,64,487.897
128,16384,64,128,498.031
128,16384,64,256,518.447
128,16384,64,512,556.293
128,16384,64,1024,633.723
128,16384,64,2048,789.479
128,16384,64,4096,1097.98
128,16384,64,8192,1723.43
128,16384,64,16384,3412.62
128,16384,128,16,504.815
128,16384,128,32,506.639
128,16384,128,64,507.685
128,16384,128,128,533.2
128,16384,128,256,568.304
128,16384,128,512,646.822
128,16384,128,1024,796.679
128,16384,128,2048,1105.05
128,16384,128,4096,1726.11
128,16384,128,8192,3207.89
128,16384,128,16384,6383.97
256,0,0,0,16.2347
256,0,1,16,16.1387
256,0,1,32,16.2243
256,0,1,64,16.16
256,0,1,128,16.2453
256,0,1,256,18.624
256,0,1,512,25.9417
256,0,1,1024,40.5663
256,0,1,2048,70.059
256,0,1,4096,128.609
256,0,1,8192,246.402
256,0,1,16384,481.989
256,0,2,16,16.3307
256,0,2,32,16.2453
256,0,2,64,16.2993
256,0,2,128,16.3627
256,0,2,256,18.9977
256,0,2,512,26.1763
256,0,2,1024,40.9503
256,0,2,2048,70.678
256,0,2,4096,129.687
256,0,2,8192,247.074
256,0,2,16384,485.967
256,0,4,16,16.1387
256,0,4,32,16.2027
256,0,4,64,16.203
256,0,4,128,16.299
256,0,4,256,19.4993
256,0,4,512,26.6563
256,0,4,1024,41.6757
256,0,4,2048,71.7133
256,0,4,4096,131.628
256,0,4,8192,250.328
256,0,4,16384,486.544
256,0,8,16,17.205
256,0,8,32,17.2377
256,0,8,64,17.2487
256,0,8,128,17.3763
256,0,8,256,20.7893
256,0,8,512,28.0323
256,0,8,1024,42.6133
256,0,8,2048,72.726
256,0,8,4096,132.535
256,0,8,8192,251.426
256,0,8,16384,489.391
256,0,16,16,20.896
256,0,16,32,21.056
256,0,16,64,20.9923
256,0,16,128,25.536
256,0,16,256,32.4803
256,0,16,512,44.1707
256,0,16,1024,58.7523
256,0,16,2048,88.4067
256,0,16,4096,147.682
256,0,16,8192,262.328
256,0,16,16384,497.947
256,0,32,16,26.7417
256,0,32,32,26.9557
256,0,32,64,27.3173
256,0,32,128,36.523
256,0,32,256,47.083
256,0,32,512,67.0937
256,0,32,1024,97.473
256,0,32,2048,156.919
256,0,32,4096,275.854
256,0,32,8192,520.571
256,0,32,16384,1017.67
256,0,64,16,41.686
256,0,64,32,42.3263
256,0,64,64,42.827
256,0,64,128,58.475
256,0,64,256,79.0943
256,0,64,512,128.482
256,0,64,1024,224.898
256,0,64,2048,410.906
256,0,64,4096,789.288
256,0,64,8192,1553.77
256,0,64,16384,3054.68
256,0,128,16,71.233
256,0,128,32,72.4707
256,0,128,64,73.6757
256,0,128,128,107.041
256,0,128,256,142.401
256,0,128,512,230.125
256,0,128,1024,417.903
256,0,128,2048,794.952
256,0,128,4096,1551.3
256,0,128,8192,3074.87
256,0,128,16384,6085.02
256,16,0,0,19.3597
256,16,1,16,19.4453
256,16,1,32,19.488
256,16,1,64,19.371
256,16,1,128,19.4667
256,16,1,256,19.5737
256,16,1,512,25.9417
256,16,1,1024,40.5873
256,16,1,2048,70.0163
256,16,1,4096,128.566
256,16,1,8192,246.573
256,16,1,16384,481.882
256,16,2,16,19.232
256,16,2,32,19.2217
256,16,2,64,19.1897
256,16,2,128,19.2107
256,16,2,256,19.2747
256,16,2,512,26.1653
256,16,2,1024,40.95
256,16,2,2048,70.6993
256,16,2,4096,129.58
256,16,2,8192,247.138
256,16,2,16384,485.733
256,16,4,16,19.2643
256,16,4,32,19.3283
256,16,4,64,19.3493
256,16,4,128,19.3497
256,16,4,256,19.6057
256,16,4,512,26.5713
256,16,4,1024,41.8033
256,16,4,2048,71.734
256,16,4,4096,131.5
256,16,4,8192,249.838
256,16,4,16384,486.725
256,16,8,16,19.9253
256,16,8,32,20.203
256,16,8,64,20.1493
256,16,8,128,20.107
256,16,8,256,20.7897
256,16,8,512,27.9577
256,16,8,1024,42.7633
256,16,8,2048,72.609
256,16,8,4096,132.62
256,16,8,8192,251.139
256,16,8,16384,489.168
256,16,16,16,24.1497
256,16,16,32,23.9787
256,16,16,64,24.0533
256,16,16,128,25.835
256,16,16,256,32.8
256,16,16,512,46.496
256,16,16,1024,61.665
256,16,16,2048,90.678
256,16,16,4096,149.751
256,16,16,8192,264.61
256,16,16,16384,500.1
256,16,32,16,30.209
256,16,32,32,30.3043
256,16,32,64,30.6143
256,16,32,128,36.747
256,16,32,256,47.35
256,16,32,512,69.1733
256,16,32,1024,99.745
256,16,32,2048,159.126
256,16,32,4096,275.832
256,16,32,8192,520.805
256,16,32,16384,1015.4
256,16,64,16,42.294
256,16,64,32,42.8267
256,16,64,64,43.403
256,16,64,128,59.0087
256,16,64,256,79.1687
256,16,64,512,129.686
256,16,64,1024,224.632
256,16,64,2048,411.748
256,16,64,4096,785.063
256,16,64,8192,1538.81
256,16,64,16384,3057.55
256,16,128,16,71.83
256,16,128,32,73.0887
256,16,128,64,74.006
256,16,128,128,107.553
256,16,128,256,142.465
256,16,128,512,229.805
256,16,128,1024,418.052
256,16,128,2048,797.308
256,16,128,4096,1548.12
256,16,128,8192,3067.04
256,16,128,16384,6095.36
256,32,0,0,19.403
256,32,1,16,19.7013
256,32,1,32,19.6267
256,32,1,64,19.6057
256,32,1,128,19.6163
256,32,1,256,19.595
256,32,1,512,25.9097
256,32,1,1024,40.641
256,32,1,2048,69.963
256,32,1,4096,128.641
256,32,1,8192,246.627
256,32,1,16384,482.309
256,32,2,16,19.5207
256,32,2,32,19.5303
256,32,2,64,19.4887
256,32,2,128,19.467
256,32,2,256,19.4773
256,32,2,512,26.112
256,32,2,1024,40.9703
256,32,2,2048,70.7423
256,32,2,4096,129.59
256,32,2,8192,247.245
256,32,2,16384,485.594
256,32,4,16,19.4347
256,32,4,32,19.4453
256,32,4,64,19.4563
256,32,4,128,19.5303
256,32,4,256,19.605
256,32,4,512,26.6133
256,32,4,1024,41.9417
256,32,4,2048,71.8297
256,32,4,4096,131.852
256,32,4,8192,250.488
256,32,4,16384,486.895
256,32,8,16,20.2137
256,32,8,32,20.4057
256,32,8,64,20.512
256,32,8,128,20.3843
256,32,8,256,20.7577
256,32,8,512,27.8193
256,32,8,1024,42.742
256,32,8,2048,72.4597
256,32,8,4096,132.546
256,32,8,8192,251.053
256,32,8,16384,489.551
256,32,16,16,24.192
256,32,16,32,24.331
256,32,16,64,24.075
256,32,16,128,25.899
256,32,16,256,32.7573
256,32,16,512,46.3903
256,32,16,1024,61.6963
256,32,16,2048,91.4673
256,32,16,4096,149.015
256,32,16,8192,266.232
256,32,16,16384,497.605
256,32,32,16,30.3467
256,32,32,32,30.2507
256,32,32,64,30.5603
256,32,32,128,36.747
256,32,32,256,47.3067
256,32,32,512,68.5237
256,32,32,1024,100.62
256,32,32,2048,160.737
256,32,32,4096,281.144
256,32,32,8192,523.91
256,32,32,16384,1026.57
256,32,64,16,42.3367
256,32,64,32,42.796
256,32,64,64,43.392
256,32,64,128,58.9127
256,32,64,256,79.1897
256,32,64,512,129.484
256,32,64,1024,224.109
256,32,64,2048,410.351
256,32,64,4096,786.578
256,32,64,8192,1544.93
256,32,64,16384,3064.67
256,32,128,16,71.766
256,32,128,32,73.0027
256,32,128,64,74.1127
256,32,128,128,107.51
256,32,128,256,142.486
256,32,128,512,229.943
256,32,128,1024,417.743
256,32,128,2048,793.459
256,32,128,4096,1550.83
256,32,128,8192,3069.9
256,32,128,16384,6090.1
256,64,0,0,19.3707
256,64,1,16,19.6267
256,64,1,32,19.616
256,64,1,64,19.584
256,64,1,128,19.6693
256,64,1,256,19.6583
256,64,1,512,25.9627
256,64,1,1024,40.6297
256,64,1,2048,69.9207
256,64,1,4096,128.609
256,64,1,8192,246.435
256,64,1,16384,481.851
256,64,2,16,19.4777
256,64,2,32,19.5307
256,64,2,64,19.4347
256,64,2,128,19.4987
256,64,2,256,19.5627
256,64,2,512,26.1973
256,64,2,1024,41.099
256,64,2,2048,70.667
256,64,2,4096,129.537
256,64,2,8192,247.267
256,64,2,16384,486.085
256,64,4,16,19.3813
256,64,4,32,19.4453
256,64,4,64,19.3817
256,64,4,128,19.4667
256,64,4,256,19.7013
256,64,4,512,26.9127
256,64,4,1024,41.8777
256,64,4,2048,71.8413
256,64,4,4096,131.585
256,64,4,8192,250.552
256,64,4,16384,486.458
256,64,8,16,20.406
256,64,8,32,20.16
256,64,8,64,20.3953
256,64,8,128,20.202
256,64,8,256,20.7577
256,64,8,512,28.0753
256,64,8,1024,42.6243
256,64,8,2048,72.5983
256,64,8,4096,132.481
256,64,8,8192,251.224
256,64,8,16384,489.669
256,64,16,16,24.16
256,64,16,32,24.5123
256,64,16,64,24.267
256,64,16,128,25.8457
256,64,16,256,32.5443
256,64,16,512,46.54
256,64,16,1024,61.996
256,64,16,2048,91.7663
256,64,16,4096,149.324
256,64,16,8192,264.653
256,64,16,16384,498.341
256,64,32,16,30.23
256,64,32,32,30.454
256,64,32,64,30.699
256,64,32,128,36.7683
256,64,32,256,47.574
256,64,32,512,68.224
256,64,32,1024,99.297
256,64,32,2048,159.884
256,64,32,4096,277.944
256,64,32,8192,523.334
256,64,32,16384,1016.17
256,64,64,16,42.4643
256,64,64,32,42.9447
256,64,64,64,43.478
256,64,64,128,59.2223
256,64,64,256,79.5637
256,64,64,512,129.73
256,64,64,1024,223.405
256,64,64,2048,412.153
256,64,64,4096,786.344
256,64,64,8192,1541.42
256,64,64,16384,3051.29
256,64,128,16,71.7877
256,64,128,32,73.0033
256,64,128,64,74.176
256,64,128,128,107.425
256,64,128,256,142.903
256,64,128,512,229.111
256,64,128,1024,419.599
256,64,128,2048,797.416
256,64,128,4096,1550.98
256,64,128,8192,3078.71
256,64,128,16384,6085.37
256,128,0,0,19.7653
256,128,1,16,19.808
256,128,1,32,19.6907
256,128,1,64,19.744
256,128,1,128,19.8407
256,128,1,256,19.6483
256,128,1,512,25.9523
256,128,1,1024,40.6507
256,128,1,2048,70.0703
256,128,1,4096,128.588
256,128,1,8192,246.519
256,128,1,16384,481.977
256,128,2,16,19.8937
256,128,2,32,19.8087
256,128,2,64,19.7867
256,128,2,128,19.9147
256,128,2,256,19.8933
256,128,2,512,26.2827
256,128,2,1024,41.035
256,128,2,2048,70.667
256,128,2,4096,129.537
256,128,2,8192,247.309
256,128,2,16384,485.669
256,128,4,16,19.6693
256,128,4,32,19.6377
256,128,4,64,19.6587
256,128,4,128,19.936
256,128,4,256,20.011
256,128,4,512,26.7093
256,128,4,1024,41.825
256,128,4,2048,71.8297
256,128,4,4096,131.682
256,128,4,8192,250.137
256,128,4,16384,486.757
256,128,8,16,20.6937
256,128,8,32,20.7687
256,128,8,64,20.64
256,128,8,128,20.7893
256,128,8,256,20.8637
256,128,8,512,28.0107
256,128,8,1024,42.7423
256,128,8,2048,72.4913
256,128,8,4096,132.534
256,128,8,8192,251.459
256,128,8,16384,489.412
256,128,16,16,24.598
256,128,16,32,24.5863
256,128,16,64,24.598
256,128,16,128,26.7203
256,128,16,256,33.1847
256,128,16,512,46.6033
256,128,16,1024,63.3183
256,128,16,2048,92.5023
256,128,16,4096,150.999
256,128,16,8192,265.55
256,128,16,16384,498.49
256,128,32,16,31.0937
256,128,32,32,31.1467
256,128,32,64,31.275
256,128,32,128,37.3127
256,128,32,256,48
256,128,32,512,69.1413
256,128,32,1024,106.379
256,128,32,2048,165.506
256,128,32,4096,280.899
256,128,32,8192,520.933
256,128,32,16384,1019.33
256,128,64,16,43.1473
256,128,64,32,43.5847
256,128,64,64,43.958
256,128,64,128,59.9367
256,128,64,256,81.8677
256,128,64,512,130.487
256,128,64,1024,223.821
256,128,64,2048,411.705
256,128,64,4096,786.983
256,128,64,8192,1549.59
256,128,64,16384,3057
256,128,128,16,72.2993
256,128,128,32,73.5363
256,128,128,64,74.7523
256,128,128,128,108.353
256,128,128,256,144.993
256,128,128,512,229.368
256,128,128,1024,416.228
256,128,128,2048,791.805
256,128,128,4096,1552.38
256,128,128,8192,3066.14
256,128,128,16384,6109.43
256,256,0,0,23.3173
256,256,1,16,23.296
256,256,1,32,23.2427
256,256,1,64,23.296
256,256,1,128,23.2963
256,256,1,256,23.2853
256,256,1,512,26.0373
256,256,1,1024,40.7047
256,256,1,2048,69.9627
256,256,1,4096,128.641
256,256,1,8192,246.402
256,256,1,16384,482.085
256,256,2,16,23.2533
256,256,2,32,23.3067
256,256,2,64,23.339
256,256,2,128,23.467
256,256,2,256,23.392
256,256,2,512,26.3897
256,256,2,1024,40.9927
256,256,2,2048,70.71
256,256,2,4096,129.601
256,256,2,8192,247.278
256,256,2,16384,486.01
256,256,4,16,23.307
256,256,4,32,23.2967
256,256,4,64,23.1893
256,256,4,128,23.5627
256,256,4,256,23.5733
256,256,4,512,27.0083
256,256,4,1024,42.0373
256,256,4,2048,71.9053
256,256,4,4096,131.777
256,256,4,8192,250.562
256,256,4,16384,486.234
256,256,8,16,24.4163
256,256,8,32,24.395
256,256,8,64,24.448
256,256,8,128,24.4803
256,256,8,256,24.5867
256,256,8,512,28.182
256,256,8,1024,42.7313
256,256,8,2048,72.7047
256,256,8,4096,132.225
256,256,8,8192,251
256,256,8,16384,488.901
256,256,16,16,28.139
256,256,16,32,28.0327
256,256,16,64,28.1387
256,256,16,128,28.4697
256,256,16,256,34.0803
256,256,16,512,46.9447
256,256,16,1024,67.041
256,256,16,2048,97.2593
256,256,16,4096,159.201
256,256,16,8192,275.992
256,256,16,16384,509.605
256,256,32,16,34.7203
256,256,32,32,34.6777
256,256,32,64,34.934
256,256,32,128,38.336
256,256,32,256,48.8543
256,256,32,512,70.39
256,256,32,1024,108.822
256,256,32,2048,172.407
256,256,32,4096,292.035
256,256,32,8192,532.517
256,256,32,16384,1023.66
256,256,64,16,47.0197
256,256,64,32,47.627
256,256,64,64,47.7447
256,256,64,128,60.9183
256,256,64,256,82.8277
256,256,64,512,129.985
256,256,64,1024,225.303
256,256,64,2048,413.092
256,256,64,4096,786.653
256,256,64,8192,1540.59
256,256,64,16384,3049.12
256,256,128,16,73.2487
256,256,128,32,74.241
256,256,128,64,75.6163
256,256,128,128,109.484
256,256,128,256,145.73
256,256,128,512,229.901
256,256,128,1024,416.271
256,256,128,2048,794.866
256,256,128,4096,1549.22
256,256,128,8192,3069.43
256,256,128,16384,6088.8
256,512,0,0,30.518
256,512,1,16,30.5173
256,512,1,32,30.5067
256,512,1,64,30.464
256,512,1,128,30.464
256,512,1,256,30.5393
256,512,1,512,30.5393
256,512,1,1024,40.832
256,512,1,2048,70.134
256,512,1,4096,128.662
256,512,1,8192,246.659
256,512,1,16384,481.925
256,512,2,16,30.475
256,512,2,32,30.4747
256,512,2,64,30.603
256,512,2,128,30.9337
256,512,2,256,30.5823
256,512,2,512,30.752
256,512,2,1024,41.0987
256,512,2,2048,70.785
256,512,2,4096,129.601
256,512,2,8192,247.234
256,512,2,16384,485.85
256,512,4,16,30.5603
256,512,4,32,30.4643
256,512,4,64,30.4963
256,512,4,128,30.6353
256,512,4,256,30.72
256,512,4,512,31.158
256,512,4,1024,42.0693
256,512,4,2048,72.0113
256,512,4,4096,131.799
256,512,4,8192,250.647
256,512,4,16384,486.681
256,512,8,16,31.329
256,512,8,32,31.605
256,512,8,64,31.5203
256,512,8,128,31.7237
256,512,8,256,31.6587
256,512,8,512,32.1387
256,512,8,1024,42.923
256,512,8,2048,72.715
256,512,8,4096,132.545
256,512,8,8192,250.786
256,512,8,16384,489.359
256,512,16,16,35.1893
256,512,16,32,35.3493
256,512,16,64,35.126
256,512,16,128,35.5947
256,512,16,256,36.0433
256,512,16,512,48.63
256,512,16,1024,74.273
256,512,16,2048,104.833
256,512,16,4096,167.778
256,512,16,8192,290.264
256,512,16,16384,534.405
256,512,32,16,41.7923
256,512,32,32,41.8993
256,512,32,64,42.5493
256,512,32,128,45.7707
256,512,32,256,50.07
256,512,32,512,72.065
256,512,32,1024,115.009
256,512,32,2048,183.073
256,512,32,4096,319.907
256,512,32,8192,592.187
256,512,32,16384,1147.64
256,512,64,16,55.126
256,512,64,32,55.4673
256,512,64,64,55.7127
256,512,64,128,65.676
256,512,64,256,83.574
256,512,64,512,135.361
256,512,64,1024,230.178
256,512,64,2048,417.444
256,512,64,4096,794.226
256,512,64,8192,1544.75
256,512,64,16384,3055.05
256,512,128,16,78.3797
256,512,128,32,79.094
256,512,128,64,80.044
256,512,128,128,111.126
256,512,128,256,147.799
256,512,128,512,234.391
256,512,128,1024,418.596
256,512,128,2048,796.199
256,512,128,4096,1553.7
256,512,128,8192,3075.74
256,512,128,16384,6083.64
256,1024,0,0,44.9393
256,1024,1,16,44.8533
256,1024,1,32,44.8643
256,1024,1,64,44.886
256,1024,1,128,44.8647
256,1024,1,256,44.928
256,1024,1,512,44.9287
256,1024,1,1024,44.939
256,1024,1,2048,70.2837
256,1024,1,4096,128.929
256,1024,1,8192,246.722
256,1024,1,16384,482.265
256,1024,2,16,44.896
256,1024,2,32,45.0777
256,1024,2,64,45.0353
256,1024,2,128,45.2053
256,1024,2,256,45.0137
256,1024,2,512,45.227
256,1024,2,1024,46.0063
256,1024,2,2048,70.8803
256,1024,2,4096,129.793
256,1024,2,8192,247.511
256,1024,2,16384,486.521
256,1024,4,16,44.822
256,1024,4,32,44.8003
256,1024,4,64,44.8323
256,1024,4,128,44.854
256,1024,4,256,45.0247
256,1024,4,512,45.2267
256,1024,4,1024,46.336
256,1024,4,2048,72.097
256,1024,4,4096,131.884
256,1024,4,8192,250.37
256,1024,4,16384,486.8
256,1024,8,16,45.846
256,1024,8,32,45.814
256,1024,8,64,45.8993
256,1024,8,128,45.8353
256,1024,8,256,45.9097
256,1024,8,512,46.1867
256,1024,8,1024,46.4007
256,1024,8,2048,72.7903
256,1024,8,4096,133.143
256,1024,8,8192,251.171
256,1024,8,16384,489.999
256,1024,16,16,49.6427
256,1024,16,32,49.6853
256,1024,16,64,49.4833
256,1024,16,128,49.7817
256,1024,16,256,50.4533
256,1024,16,512,50.635
256,1024,16,1024,79.521
256,1024,16,2048,120.278
256,1024,16,4096,181.89
256,1024,16,8192,304.611
256,1024,16,16384,551.493
256,1024,32,16,56.2243
256,1024,32,32,56.1393
256,1024,32,64,56.5023
256,1024,32,128,60.2567
256,1024,32,256,64.289
256,1024,32,512,72.6943
256,1024,32,1024,119.617
256,1024,32,2048,192.94
256,1024,32,4096,331.182
256,1024,32,8192,606.107
256,1024,32,16384,1155.02
256,1024,64,16,69.4727
256,1024,64,32,70.0807
256,1024,64,64,70.2833
256,1024,64,128,81.1843
256,1024,64,256,95.4997
256,1024,64,512,132.79
256,1024,64,1024,238.231
256,1024,64,2048,425.551
256,1024,64,4096,806.045
256,1024,64,8192,1548
256,1024,64,16384,3072.74
256,1024,128,16,94.497
256,1024,128,32,95.2323
256,1024,128,64,96.0867
256,1024,128,128,119.073
256,1024,128,256,151.724
256,1024,128,512,233.709
256,1024,128,1024,430.49
256,1024,128,2048,801.81
256,1024,128,4096,1550.22
256,1024,128,8192,3079.87
256,1024,128,16384,6085.46
256,2048,0,0,73.579
256,2048,1,16,73.5257
256,2048,1,32,73.4403
256,2048,1,64,73.4623
256,2048,1,128,73.473
256,2048,1,256,73.515
256,2048,1,512,73.5263
256,2048,1,1024,73.5363
256,2048,1,2048,73.6323
256,2048,1,4096,129.324
256,2048,1,8192,246.968
256,2048,1,16384,482.778
256,2048,2,16,73.878
256,2048,2,32,73.7283
256,2048,2,64,73.771
256,2048,2,128,73.7817
256,2048,2,256,73.7393
256,2048,2,512,74.0697
256,2048,2,1024,74.2833
256,2048,2,2048,74.5923
256,2048,2,4096,130.146
256,2048,2,8192,247.779
256,2048,2,16384,486.543
256,2048,4,16,73.4623
256,2048,4,32,73.5477
256,2048,4,64,73.5477
256,2048,4,128,73.6437
256,2048,4,256,73.718
256,2048,4,512,73.8993
256,2048,4,1024,74.4433
256,2048,4,2048,75.094
256,2048,4,4096,132.097
256,2048,4,8192,250.658
256,2048,4,16384,487.024
256,2048,8,16,74.198
256,2048,8,32,74.1663
256,2048,8,64,74.3367
256,2048,8,128,74.5183
256,2048,8,256,74.4753
256,2048,8,512,74.6357
256,2048,8,1024,74.9873
256,2048,8,2048,76.3637
256,2048,8,4096,132.972
256,2048,8,8192,251.469
256,2048,8,16384,489.851
256,2048,16,16,78.177
256,2048,16,32,78.0807
256,2048,16,64,78.2087
256,2048,16,128,78.337
256,2048,16,256,78.5817
256,2048,16,512,79.563
256,2048,16,1024,79.8837
256,2048,16,2048,140.93
256,2048,16,4096,211.533
256,2048,16,8192,334.83
256,2048,16,16384,577.893
256,2048,32,16,84.609
256,2048,32,32,84.8547
256,2048,32,64,84.897
256,2048,32,128,88.502
256,2048,32,256,92.9713
256,2048,32,512,101.11
256,2048,32,1024,120.449
256,2048,32,2048,211.458
256,2048,32,4096,355.502
256,2048,32,8192,633.766
256,2048,32,16384,1180.91
256,2048,64,16,97.697
256,2048,64,32,98.1877
256,2048,64,64,98.9127
256,2048,64,128,109.569
256,2048,64,256,124.609
256,2048,64,512,156.983
256,2048,64,1024,235.693
256,2048,64,2048,445.828
256,2048,64,4096,825.491
256,2048,64,8192,1581.27
256,2048,64,16384,3102.88
256,2048,128,16,123.852
256,2048,128,32,124.983
256,2048,128,64,125.804
256,2048,128,128,150.935
256,2048,128,256,176.492
256,2048,128,512,240.621
256,2048,128,1024,426.756
256,2048,128,2048,824.125
256,2048,128,4096,1582.54
256,2048,128,8192,3078.46
256,2048,128,16384,6106.88
256,4096,0,0,132.503
256,4096,1,16,131.649
256,4096,1,32,131.671
256,4096,1,64,131.66
256,4096,1,128,131.809
256,4096,1,256,131.713
256,4096,1,512,131.66
256,4096,1,1024,131.702
256,4096,1,2048,131.734
256,4096,1,4096,131.852
256,4096,1,8192,247.192
256,4096,1,16384,483.514
256,4096,2,16,131.852
256,4096,2,32,131.767
256,4096,2,64,131.713
256,4096,2,128,131.756
256,4096,2,256,131.799
256,4096,2,512,131.852
256,4096,2,1024,131.767
256,4096,2,2048,131.734
256,4096,2,4096,131.98
256,4096,2,8192,248.194
256,4096,2,16384,486.906
256,4096,4,16,131.606
256,4096,4,32,131.553
256,4096,4,64,131.564
256,4096,4,128,131.617
256,4096,4,256,131.713
256,4096,4,512,131.777
256,4096,4,1024,131.969
256,4096,4,2048,132.268
256,4096,4,4096,133.025
256,4096,4,8192,250.679
256,4096,4,16384,487.792
256,4096,8,16,131.777
256,4096,8,32,131.65
256,4096,8,64,131.766
256,4096,8,128,132.034
256,4096,8,256,131.746
256,4096,8,512,131.767
256,4096,8,1024,132.204
256,4096,8,2048,132.897
256,4096,8,4096,134.827
256,4096,8,8192,252.237
256,4096,8,16384,490.372
256,4096,16,16,135.148
256,4096,16,32,135.009
256,4096,16,64,134.817
256,4096,16,128,135.33
256,4096,16,256,135.041
256,4096,16,512,136.225
256,4096,16,1024,136.428
256,4096,16,2048,140.887
256,4096,16,4096,261.208
256,4096,16,8192,391.406
256,4096,16,16384,636.731
256,4096,32,16,141.068
256,4096,32,32,141.527
256,4096,32,64,141.441
256,4096,32,128,145.538
256,4096,32,256,149.623
256,4096,32,512,157.591
256,4096,32,1024,173.613
256,4096,32,2048,211.97
256,4096,32,4096,394.905
256,4096,32,8192,682.748
256,4096,32,16384,1230.01
256,4096,64,16,154.54
256,4096,64,32,154.818
256,4096,64,64,155.468
256,4096,64,128,166.06
256,4096,64,256,181.57
256,4096,64,512,214.391
256,4096,64,1024,284.824
256,4096,64,2048,436.708
256,4096,64,4096,860.585
256,4096,64,8192,1624.66
256,4096,64,16384,3133.83
256,4096,128,16,180.087
256,4096,128,32,181.079
256,4096,128,64,182.476
256,4096,128,128,208.695
256,4096,128,256,237.378
256,4096,128,512,300.078
256,4096,128,1024,442.884
256,4096,128,2048,813.864
256,4096,128,4096,1613.97
256,4096,128,8192,3147.44
256,4096,128,16384,6132.72
256,8192,0,0,250.264
256,8192,1,16,249.4
256,8192,1,32,249.485
256,8192,1,64,249.432
256,8192,1,128,249.389
256,8192,1,256,249.463
256,8192,1,512,249.421
256,8192,1,1024,249.442
256,8192,1,2048,249.475
256,8192,1,4096,249.4
256,8192,1,8192,249.443
256,8192,1,16384,483.066
256,8192,2,16,249.411
256,8192,2,32,249.4
256,8192,2,64,249.581
256,8192,2,128,249.645
256,8192,2,256,249.634
256,8192,2,512,249.581
256,8192,2,1024,249.475
256,8192,2,2048,249.539
256,8192,2,4096,249.645
256,8192,2,8192,249.805
256,8192,2,16384,486.864
256,8192,4,16,249.304
256,8192,4,32,249.219
256,8192,4,64,249.304
256,8192,4,128,249.293
256,8192,4,256,249.336
256,8192,4,512,249.368
256,8192,4,1024,249.496
256,8192,4,2048,249.858
256,8192,4,4096,249.869
256,8192,4,8192,251.16
256,8192,4,16384,488.047
256,8192,8,16,249.389
256,8192,8,32,249.123
256,8192,8,64,249.272
256,8192,8,128,249.474
256,8192,8,256,249.773
256,8192,8,512,249.645
256,8192,8,1024,249.805
256,8192,8,2048,250.573
256,8192,8,4096,250.818
256,8192,8,8192,252.365
256,8192,8,16384,489.605
256,8192,16,16,249.229
256,8192,16,32,249.943
256,8192,16,64,249.25
256,8192,16,128,249.997
256,8192,16,256,249.869
256,8192,16,512,250.285
256,8192,16,1024,251.779
256,8192,16,2048,253.016
256,8192,16,4096,261.379
256,8192,16,8192,500.528
256,8192,16,16384,754.663
256,8192,32,16,254.712
256,8192,32,32,255.075
256,8192,32,64,254.797
256,8192,32,128,258.082
256,8192,32,256,262.882
256,8192,32,512,270.306
256,8192,32,1024,286.125
256,8192,32,2048,320.045
256,8192,32,4096,396.195
256,8192,32,8192,762.376
256,8192,32,16384,1328.71
256,8192,64,16,268.109
256,8192,64,32,268.952
256,8192,64,64,269.016
256,8192,64,128,279.235
256,8192,64,256,294.434
256,8192,64,512,327.022
256,8192,64,1024,398.735
256,8192,64,2048,539.29
256,8192,64,4096,840.253
256,8192,64,8192,1692.53
256,8192,64,16384,3218.77
256,8192,128,16,293.421
256,8192,128,32,294.861
256,8192,128,64,295.779
256,8192,128,128,321.529
256,8192,128,256,350.798
256,8192,128,512,416.996
256,8192,128,1024,564.091
256,8192,128,2048,855.112
256,8192,128,4096,1595
256,8192,128,8192,3187.2
256,8192,128,16384,6223.06
256,16384,0,0,488.484
256,16384,1,16,488.538
256,16384,1,32,488.793
256,16384,1,64,488.41
256,16384,1,128,488.762
256,16384,1,256,488.687
256,16384,1,512,488.505
256,16384,1,1024,488.549
256,16384,1,2048,488.697
256,16384,1,4096,488.548
256,16384,1,8192,487.503
256,16384,1,16384,487.717
256,16384,2,16,488.762
256,16384,2,32,488.708
256,16384,2,64,488.665
256,16384,2,128,488.548
256,16384,2,256,488.816
256,16384,2,512,488.709
256,16384,2,1024,488.74
256,16384,2,2048,488.729
256,16384,2,4096,488.773
256,16384,2,8192,487.876
256,16384,2,16384,488.41
256,16384,4,16,488.389
256,16384,4,32,488.559
256,16384,4,64,488.655
256,16384,4,128,488.378
256,16384,4,256,488.911
256,16384,4,512,488.889
256,16384,4,1024,488.623
256,16384,4,2048,488.932
256,16384,4,4096,489.317
256,16384,4,8192,487.93
256,16384,4,16384,489.444
256,16384,8,16,487.801
256,16384,8,32,487.919
256,16384,8,64,487.929
256,16384,8,128,488.143
256,16384,8,256,488.175
256,16384,8,512,488.314
256,16384,8,1024,488.303
256,16384,8,2048,489.146
256,16384,8,4096,488.847
256,16384,8,8192,489.284
256,16384,8,16384,491.503
256,16384,16,16,487.909
256,16384,16,32,487.812
256,16384,16,64,487.78
256,16384,16,128,488.249
256,16384,16,256,488.559
256,16384,16,512,488.57
256,16384,16,1024,489.317
256,16384,16,2048,489.988
256,16384,16,4096,491.023
256,16384,16,8192,502.608
256,16384,16,16384,978.314
256,16384,32,16,487.919
256,16384,32,32,487.429
256,16384,32,64,487.536
256,16384,32,128,488.218
256,16384,32,256,491.834
256,16384,32,512,498.608
256,16384,32,1024,516.026
256,16384,32,2048,549.2
256,16384,32,4096,620.091
256,16384,32,8192,765.074
256,16384,32,16384,1500.23
256,16384,64,16,495.418
256,16384,64,32,494.5
256,16384,64,64,496.101
256,16384,64,128,506.522
256,16384,64,256,520.816
256,16384,64,512,554.065
256,16384,64,1024,626.823
256,16384,64,2048,769.96
256,16384,64,4096,1048.12
256,16384,64,8192,1655.4
256,16384,64,16384,3347.29
256,16384,128,16,520.581
256,16384,128,32,521.722
256,16384,128,64,522.608
256,16384,128,128,548.41
256,16384,128,256,577.841
256,16384,128,512,646.15
256,16384,128,1024,786.867
256,16384,128,2048,1081.35
256,16384,128,4096,1685.07
256,16384,128,8192,3156.27
256,16384,128,16384,6328.77
512,0,0,0,23.8827
512,0,1,16,23.9787
512,0,1,32,24.0967
512,0,1,64,24.032
512,0,1,128,24.0427
512,0,1,256,23.9573
512,0,1,512,26.6347
512,0,1,1024,41.3233
512,0,1,2048,70.689
512,0,1,4096,129.281
512,0,1,8192,247.501
512,0,1,16384,483.387
512,0,2,16,24.8213
512,0,2,32,24.5763
512,0,2,64,24.736
512,0,2,128,24.9817
512,0,2,256,24.939
512,0,2,512,27.243
512,0,2,1024,41.8027
512,0,2,2048,71.318
512,0,2,4096,130.103
512,0,2,8192,247.95
512,0,2,16384,486.074
512,0,4,16,25.4187
512,0,4,32,25.2797
512,0,4,64,25.5363
512,0,4,128,25.3657
512,0,4,256,25.4293
512,0,4,512,28.6617
512,0,4,1024,42.8807
512,0,4,2048,72.3637
512,0,4,4096,132.215
512,0,4,8192,250.626
512,0,4,16384,486.905
512,0,8,16,26.6133
512,0,8,32,26.859
512,0,8,64,26.8477
512,0,8,128,27.1897
512,0,8,256,28.79
512,0,8,512,35.9893
512,0,8,1024,50.56
512,0,8,2048,80.2463
512,0,8,4096,136.918
512,0,8,8192,253.378
512,0,8,16384,490.063
512,0,16,16,32.6187
512,0,16,32,32.8107
512,0,16,64,33.0033
512,0,16,128,35.5
512,0,16,256,38.539
512,0,16,512,50.0373
512,0,16,1024,78.1337
512,0,16,2048,114.508
512,0,16,4096,176.055
512,0,16,8192,297.144
512,0,16,16384,537.978
512,0,32,16,41.11
512,0,32,32,41.3027
512,0,32,64,41.3657
512,0,32,128,45.8563
512,0,32,256,54.443
512,0,32,512,75.2117
512,0,32,1024,122.54
512,0,32,2048,193.463
512,0,32,4096,313.603
512,0,32,8192,555.472
512,0,32,16384,1051.6
512,0,64,16,56.4163
512,0,64,32,56.608
512,0,64,64,56.907
512,0,64,128,71.595
512,0,64,256,90.3903
512,0,64,512,133.388
512,0,64,1024,229.784
512,0,64,2048,420.505
512,0,64,4096,795.943
512,0,64,8192,1549.27
512,0,64,16384,3052.55
512,0,128,16,93.1423
512,0,128,32,94.4117
512,0,128,64,95.9903
512,0,128,128,129.378
512,0,128,256,163.554
512,0,128,512,236.696
512,0,128,1024,422.596
512,0,128,2048,804.349
512,0,128,4096,1554.45
512,0,128,8192,3066.93
512,0,128,16384,6086.21
512,16,0,0,27.275
512,16,1,16,27.2963
512,16,1,32,27.2747
512,16,1,64,27.1583
512,16,1,128,27.2533
512,16,1,256,27.232
512,16,1,512,27.2853
512,16,1,1024,41.4303
512,16,1,2048,70.7203
512,16,1,4096,129.366
512,16,1,8192,247.576
512,16,1,16384,483.417
512,16,2,16,27.6377
512,16,2,32,27.4347
512,16,2,64,27.7443
512,16,2,128,27.585
512,16,2,256,27.9147
512,16,2,512,27.936
512,16,2,1024,41.8673
512,16,2,2048,71.1793
512,16,2,4096,130.188
512,16,2,8192,247.767
512,16,2,16384,485.551
512,16,4,16,28.1817
512,16,4,32,28.1923
512,16,4,64,28.779
512,16,4,128,28.629
512,16,4,256,28.5127
512,16,4,512,28.6617
512,16,4,1024,42.6887
512,16,4,2048,72.3417
512,16,4,4096,132.076
512,16,4,8192,250.574
512,16,4,16384,487.76
512,16,8,16,29.7283
512,16,8,32,29.8777
512,16,8,64,29.8027
512,16,8,128,30.0163
512,16,8,256,30.2827
512,16,8,512,36.5233
512,16,8,1024,51.051
512,16,8,2048,79.8297
512,16,8,4096,137.196
512,16,8,8192,252.269
512,16,8,16384,490.49
512,16,16,16,36.0747
512,16,16,32,36.139
512,16,16,64,36.352
512,16,16,128,39.0083
512,16,16,256,41.941
512,16,16,512,50.3363
512,16,16,1024,78.4863
512,16,16,2048,118.252
512,16,16,4096,179.991
512,16,16,8192,302.446
512,16,16,16384,545.445
512,16,32,16,44.5013
512,16,32,32,44.769
512,16,32,64,44.886
512,16,32,128,49.5683
512,16,32,256,55.2857
512,16,32,512,75.297
512,16,32,1024,122.87
512,16,32,2048,199.095
512,16,32,4096,321.677
512,16,32,8192,567.248
512,16,32,16384,1068.18
512,16,64,16,59.8833
512,16,64,32,60.2037
512,16,64,64,60.3527
512,16,64,128,72.4487
512,16,64,256,91.3177
512,16,64,512,133.132
512,16,64,1024,229.581
512,16,64,2048,418.778
512,16,64,4096,795.581
512,16,64,8192,1554.3
512,16,64,16384,3053.91
512,16,128,16,94.2303
512,16,128,32,95.415
512,16,128,64,96.6837
512,16,128,128,130.135
512,16,128,256,164.193
512,16,128,512,238.007
512,16,128,1024,423.534
512,16,128,2048,800.967
512,16,128,4096,1555.59
512,16,128,8192,3066.75
512,16,128,16384,6082.93
512,32,0,0,27.3067
512,32,1,16,27.328
512,32,1,32,27.3497
512,32,1,64,27.2857
512,32,1,128,27.4027
512,32,1,256,27.3597
512,32,1,512,27.456
512,32,1,1024,41.3123
512,32,1,2048,70.657
512,32,1,4096,129.345
512,32,1,8192,247.501
512,32,1,16384,483.332
512,32,2,16,27.8407
512,32,2,32,27.9253
512,32,2,64,27.7973
512,32,2,128,28.0643
512,32,2,256,27.9363
512,32,2,512,27.9893
512,32,2,1024,41.8347
512,32,2,2048,71.3073
512,32,2,4096,130.337
512,32,2,8192,248.067
512,32,2,16384,485.999
512,32,4,16,28.587
512,32,4,32,28.523
512,32,4,64,28.8327
512,32,4,128,28.4373
512,32,4,256,28.6197
512,32,4,512,28.736
512,32,4,1024,42.7623
512,32,4,2048,72.4167
512,32,4,4096,132.364
512,32,4,8192,251.213
512,32,4,16384,486.863
512,32,8,16,29.9207
512,32,8,32,30.208
512,32,8,64,29.9733
512,32,8,128,30.2513
512,32,8,256,30.1867
512,32,8,512,36.6933
512,32,8,1024,51.3927
512,32,8,2048,80.2993
512,32,8,4096,136.749
512,32,8,8192,253.25
512,32,8,16384,489.52
512,32,16,16,36.1707
512,32,16,32,36.192
512,32,16,64,36.4803
512,32,16,128,38.8907
512,32,16,256,41.8563
512,32,16,512,50.4007
512,32,16,1024,78.6567
512,32,16,2048,118.614
512,32,16,4096,180.332
512,32,16,8192,302.115
512,32,16,16384,545.221
512,32,32,16,44.523
512,32,32,32,44.907
512,32,32,64,45.1947
512,32,32,128,49.4193
512,32,32,256,55.2753
512,32,32,512,75.0833
512,32,32,1024,125.014
512,32,32,2048,196.514
512,32,32,4096,324.387
512,32,32,8192,571.483
512,32,32,16384,1073.32
512,32,64,16,59.9797
512,32,64,32,60.235
512,32,64,64,60.534
512,32,64,128,72.4163
512,32,64,256,91.713
512,32,64,512,132.834
512,32,64,1024,231.288
512,32,64,2048,418.97
512,32,64,4096,799.336
512,32,64,8192,1554.68
512,32,64,16384,3061.36
512,32,128,16,94.0703
512,32,128,32,95.062
512,32,128,64,96.5877
512,32,128,128,130.455
512,32,128,256,164.62
512,32,128,512,237.688
512,32,128,1024,422.383
512,32,128,2048,800.925
512,32,128,4096,1554.11
512,32,128,8192,3076.65
512,32,128,16384,6091.84
512,64,0,0,27.2427
512,64,1,16,27.403
512,64,1,32,27.339
512,64,1,64,27.424
512,64,1,128,27.4453
512,64,1,256,27.3813
512,64,1,512,27.4353
512,64,1,1024,41.2587
512,64,1,2048,70.689
512,64,1,4096,129.292
512,64,1,8192,247.533
512,64,1,16384,483.429
512,64,2,16,27.808
512,64,2,32,28.0107
512,64,2,64,27.9473
512,64,2,128,27.9687
512,64,2,256,28.043
512,64,2,512,28.096
512,64,2,1024,41.9953
512,64,2,2048,71.222
512,64,2,4096,130.444
512,64,2,8192,247.981
512,64,2,16384,485.936
512,64,4,16,28.4057
512,64,4,32,28.3093
512,64,4,64,28.7577
512,64,4,128,28.2773
512,64,4,256,28.341
512,64,4,512,28.768
512,64,4,1024,42.9447
512,64,4,2048,72.3627
512,64,4,4096,132.289
512,64,4,8192,250.466
512,64,4,16384,486.703
512,64,8,16,30.0803
512,64,8,32,30.0587
512,64,8,64,30.0693
512,64,8,128,30.113
512,64,8,256,30.8373
512,64,8,512,36.6297
512,64,8,1024,50.7313
512,64,8,2048,79.564
512,64,8,4096,137.793
512,64,8,8192,255.982
512,64,8,16384,489.84
512,64,16,16,36.0533
512,64,16,32,36.2143
512,64,16,64,36.438
512,64,16,128,39.008
512,64,16,256,42.2617
512,64,16,512,50.3043
512,64,16,1024,78.8917
512,64,16,2048,118.871
512,64,16,4096,179.564
512,64,16,8192,301.816
512,64,16,16384,547.056
512,64,32,16,44.683
512,64,32,32,45.0353
512,64,32,64,45.0563
512,64,32,128,49.7287
512,64,32,256,55.2753
512,64,32,512,75.4143
512,64,32,1024,122.486
512,64,32,2048,199.789
512,64,32,4096,324.025
512,64,32,8192,570.352
512,64,32,16384,1073.67
512,64,64,16,60.1073
512,64,64,32,60.587
512,64,64,64,60.5127
512,64,64,128,72.353
512,64,64,256,92.1613
512,64,64,512,133.484
512,64,64,1024,233.304
512,64,64,2048,419.812
512,64,64,4096,797.981
512,64,64,8192,1564.27
512,64,64,16384,3056.85
512,64,128,16,94.1233
512,64,128,32,95.2647
512,64,128,64,96.8223
512,64,128,128,130.263
512,64,128,256,164.397
512,64,128,512,238.232
512,64,128,1024,423.246
512,64,128,2048,801.33
512,64,128,4096,1557.65
512,64,128,8192,3096.55
512,64,128,16384,6088.11
512,128,0,0,27.862
512,128,1,16,27.5527
512,128,1,32,27.5633
512,128,1,64,27.574
512,128,1,128,27.5947
512,128,1,256,27.638
512,128,1,512,27.5947
512,128,1,1024,41.4833
512,128,1,2048,70.7847
512,128,1,4096,129.473
512,128,1,8192,247.587
512,128,1,16384,483.45
512,128,2,16,28.3413
512,128,2,32,28.2993
512,128,2,64,28.3417
512,128,2,128,28.555
512,128,2,256,28.299
512,128,2,512,28.4053
512,128,2,1024,41.8887
512,128,2,2048,71.435
512,128,2,4096,130.177
512,128,2,8192,247.811
512,128,2,16384,486.139
512,128,4,16,29.2703
512,128,4,32,28.9493
512,128,4,64,28.918
512,128,4,128,29.0247
512,128,4,256,29.0993
512,128,4,512,29.2803
512,128,4,1024,42.9763
512,128,4,2048,72.4163
512,128,4,4096,132.407
512,128,4,8192,250.893
512,128,4,16384,487.205
512,128,8,16,30.3573
512,128,8,32,30.592
512,128,8,64,30.6667
512,128,8,128,30.5707
512,128,8,256,31.958
512,128,8,512,39.4347
512,128,8,1024,53.4733
512,128,8,2048,81.921
512,128,8,4096,139.031
512,128,8,8192,256.141
512,128,8,16384,489.754
512,128,16,16,36.9393
512,128,16,32,36.9383
512,128,16,64,37.1737
512,128,16,128,40.3203
512,128,16,256,42.87
512,128,16,512,50.6777
512,128,16,1024,78.8487
512,128,16,2048,121.644
512,128,16,4096,184.834
512,128,16,8192,306.595
512,128,16,16384,548.869
512,128,32,16,45.334
512,128,32,32,45.664
512,128,32,64,45.9627
512,128,32,128,50.8377
512,128,32,256,56.086
512,128,32,512,76.3957
512,128,32,1024,126.092
512,128,32,2048,202.594
512,128,32,4096,333.102
512,128,32,8192,579.419
512,128,32,16384,1090.29
512,128,64,16,61.0033
512,128,64,32,61.2803
512,128,64,64,61.7923
512,128,64,128,73.4193
512,128,64,256,92.6943
512,128,64,512,133.495
512,128,64,1024,231.863
512,128,64,2048,418.276
512,128,64,4096,798.589
512,128,64,8192,1558.87
512,128,64,16384,3055.75
512,128,128,16,95.0303
512,128,128,32,96.3423
512,128,128,64,97.7183
512,128,128,128,131.095
512,128,128,256,165.612
512,128,128,512,238.285
512,128,128,1024,423.385
512,128,128,2048,802.291
512,128,128,4096,1558.31
512,128,128,8192,3086.38
512,128,128,16384,6090.81
512,256,0,0,31.5317
512,256,1,16,31.3497
512,256,1,32,31.3603
512,256,1,64,31.2753
512,256,1,128,31.3607
512,256,1,256,31.3283
512,256,1,512,31.4673
512,256,1,1024,41.5367
512,256,1,2048,70.9553
512,256,1,4096,129.58
512,256,1,8192,247.672
512,256,1,16384,483.535
512,256,2,16,32.0003
512,256,2,32,31.8293
512,256,2,64,32.0113
512,256,2,128,31.9577
512,256,2,256,32.1717
512,256,2,512,31.872
512,256,2,1024,42.0807
512,256,2,2048,71.414
512,256,2,4096,130.433
512,256,2,8192,247.959
512,256,2,16384,486.596
512,256,4,16,32.534
512,256,4,32,32.5763
512,256,4,64,32.4587
512,256,4,128,32.8427
512,256,4,256,32.6617
512,256,4,512,32.9813
512,256,4,1024,43.2647
512,256,4,2048,72.5867
512,256,4,4096,132.449
512,256,4,8192,250.637
512,256,4,16384,486.938
512,256,8,16,34.1653
512,256,8,32,34.091
512,256,8,64,34.1867
512,256,8,128,34.4643
512,256,8,256,34.4433
512,256,8,512,40.4373
512,256,8,1024,54.4647
512,256,8,2048,83.5637
512,256,8,4096,140.247
512,256,8,8192,256.728
512,256,8,16384,489.573
512,256,16,16,40.7893
512,256,16,32,40.577
512,256,16,64,40.5343
512,256,16,128,43.9577
512,256,16,256,47.488
512,256,16,512,53.281
512,256,16,1024,79.7553
512,256,16,2048,128.034
512,256,16,4096,190.786
512,256,16,8192,316.11
512,256,16,16384,561.339
512,256,32,16,49.92
512,256,32,32,50.3047
512,256,32,64,50.176
512,256,32,128,55.574
512,256,32,256,60.673
512,256,32,512,77.9417
512,256,32,1024,124.492
512,256,32,2048,208.408
512,256,32,4096,364.996
512,256,32,8192,653.319
512,256,32,16384,1187.88
512,256,64,16,65.7187
512,256,64,32,65.739
512,256,64,64,66.4437
512,256,64,128,76.0007
512,256,64,256,95.5957
512,256,64,512,134.402
512,256,64,1024,230.455
512,256,64,2048,420.655
512,256,64,4096,795.613
512,256,64,8192,1551
512,256,64,16384,3063.83
512,256,128,16,97.0677
512,256,128,32,98.1877
512,256,128,64,99.7877
512,256,128,128,133.057
512,256,128,256,167.938
512,256,128,512,240.61
512,256,128,1024,422.49
512,256,128,2048,802.483
512,256,128,4096,1557.53
512,256,128,8192,3067.71
512,256,128,16384,6090.18
512,512,0,0,38.7413
512,512,1,16,38.6247
512,512,1,32,38.5817
512,512,1,64,38.5177
512,512,1,128,38.5923
512,512,1,256,38.6033
512,512,1,512,38.6773
512,512,1,1024,41.8453
512,512,1,2048,71.286
512,512,1,4096,129.878
512,512,1,8192,247.961
512,512,1,16384,483.973
512,512,2,16,39.477
512,512,2,32,39.19
512,512,2,64,39.4027
512,512,2,128,39.2323
512,512,2,256,39.5307
512,512,2,512,39.4777
512,512,2,1024,42.4537
512,512,2,2048,71.6807
512,512,2,4096,130.593
512,512,2,8192,248.258
512,512,2,16384,486.106
512,512,4,16,39.701
512,512,4,32,39.723
512,512,4,64,39.7123
512,512,4,128,39.915
512,512,4,256,40.0857
512,512,4,512,39.7873
512,512,4,1024,43.499
512,512,4,2048,72.9073
512,512,4,4096,132.492
512,512,4,8192,250.967
512,512,4,16384,487.056
512,512,8,16,41.3233
512,512,8,32,41.3547
512,512,8,64,41.8457
512,512,8,128,41.643
512,512,8,256,41.8453
512,512,8,512,42.5177
512,512,8,1024,54.9017
512,512,8,2048,83.8297
512,512,8,4096,142.753
512,512,8,8192,256.237
512,512,8,16384,490.511
512,512,16,16,47.7867
512,512,16,32,47.7017
512,512,16,64,48.0643
512,512,16,128,51.062
512,512,16,256,55.3393
512,512,16,512,62.1557
512,512,16,1024,80.1393
512,512,16,2048,139.138
512,512,16,4096,204.13
512,512,16,8192,333.849
512,512,16,16384,591.984
512,512,32,16,57.6963
512,512,32,32,58.0597
512,512,32,64,58.2193
512,512,32,128,63.9267
512,512,32,256,70.0807
512,512,32,512,80.6087
512,512,32,1024,123.713
512,512,32,2048,213.858
512,512,32,4096,378.339
512,512,32,8192,705.063
512,512,32,16384,1364.81
512,512,64,16,74.753
512,512,64,32,75.1153
512,512,64,64,75.3183
512,512,64,128,85.334
512,512,64,256,99.489
512,512,64,512,139.457
512,512,64,1024,228.568
512,512,64,2048,420.186
512,512,64,4096,798.514
512,512,64,8192,1554.14
512,512,64,16384,3077.99
512,512,128,16,105.217
512,512,128,32,105.985
512,512,128,64,106.998
512,512,128,128,136.716
512,512,128,256,171.266
512,512,128,512,246.008
512,512,128,1024,420.388
512,512,128,2048,802.034
512,512,128,4096,1558.75
512,512,128,8192,3075.19
512,512,128,16384,6098.99
512,1024,0,0,53.3977
512,1024,1,16,53.2593
512,1024,1,32,53.2373
512,1024,1,64,53.1523
512,1024,1,128,53.249
512,1024,1,256,53.2487
512,1024,1,512,53.259
512,1024,1,1024,53.3017
512,1024,1,2048,71.8403
512,1024,1,4096,130.39
512,1024,1,8192,248.546
512,1024,1,16384,484.39
512,1024,2,16,53.7603
512,1024,2,32,53.7287
512,1024,2,64,53.7617
512,1024,2,128,53.8247
512,1024,2,256,53.868
512,1024,2,512,53.6113
512,1024,2,1024,54.1017
512,1024,2,2048,72.0867
512,1024,2,4096,130.881
512,1024,2,8192,248.899
512,1024,2,16384,486.842
512,1024,4,16,54.176
512,1024,4,32,54.337
512,1024,4,64,54.6887
512,1024,4,128,54.2407
512,1024,4,256,54.39
512,1024,4,512,54.5077
512,1024,4,1024,54.9553
512,1024,4,2048,73.3333
512,1024,4,4096,133.057
512,1024,4,8192,251.266
512,1024,4,16384,487.738
512,1024,8,16,56.0963
512,1024,8,32,56.0217
512,1024,8,64,56.0003
512,1024,8,128,56.2247
512,1024,8,256,56.118
512,1024,8,512,56.533
512,1024,8,1024,57.3763
512,1024,8,2048,84.364
512,1024,8,4096,142.125
512,1024,8,8192,257.186
512,1024,8,16384,492.176
512,1024,16,16,62.625
512,1024,16,32,62.4653
512,1024,16,64,62.2727
512,1024,16,128,65.7393
512,1024,16,256,69.59
512,1024,16,512,77.089
512,1024,16,1024,92.0227
512,1024,16,2048,139.788
512,1024,16,4096,231.725
512,1024,16,8192,359.801
512,1024,16,16384,620.646
512,1024,32,16,72.2567
512,1024,32,32,72.2027
512,1024,32,64,72.5973
512,1024,32,128,79.0947
512,1024,32,256,86.593
512,1024,32,512,99.585
512,1024,32,1024,128.225
512,1024,32,2048,217.922
512,1024,32,4096,384.824
512,1024,32,8192,714.354
512,1024,32,16384,1375.3
512,1024,64,16,91.8513
512,1024,64,32,92.1183
512,1024,64,64,92.4913
512,1024,64,128,103.105
512,1024,64,256,115.885
512,1024,64,512,147.468
512,1024,64,1024,234.253
512,1024,64,2048,425.977
512,1024,64,4096,802.195
512,1024,64,8192,1563.98
512,1024,64,16384,3074
512,1024,128,16,123.596
512,1024,128,32,124.385
512,1024,128,64,125.398
512,1024,128,128,148.588
512,1024,128,256,178.519
512,1024,128,512,251.928
512,1024,128,1024,428.186
512,1024,128,2048,804.807
512,1024,128,4096,1568.41
512,1024,128,8192,3076.07
512,1024,128,16384,6100
512,2048,0,0,82.2833
512,2048,1,16,82.1983
512,2048,1,32,82.1553
512,2048,1,64,82.049
512,2048,1,128,81.9313
512,2048,1,256,82.124
512,2048,1,512,82.0487
512,2048,1,1024,82.1123
512,2048,1,2048,82.1343
512,2048,1,4096,131.126
512,2048,1,8192,249.048
512,2048,1,16384,485.072
512,2048,2,16,82.5933
512,2048,2,32,82.625
512,2048,2,64,82.625
512,2048,2,128,82.6247
512,2048,2,256,82.5077
512,2048,2,512,82.5817
512,2048,2,1024,82.785
512,2048,2,2048,83.084
512,2048,2,4096,131.649
512,2048,2,8192,249.837
512,2048,2,16384,487.867
512,2048,4,16,83.382
512,2048,4,32,83.243
512,2048,4,64,83.4243
512,2048,4,128,83.4033
512,2048,4,256,83.339
512,2048,4,512,83.457
512,2048,4,1024,83.9477
512,2048,4,2048,84.2463
512,2048,4,4096,133.548
512,2048,4,8192,252.109
512,2048,4,16384,488.261
512,2048,8,16,84.993
512,2048,8,32,84.897
512,2048,8,64,84.7687
512,2048,8,128,85.0143
512,2048,8,256,85.3553
512,2048,8,512,85.5257
512,2048,8,1024,86.0163
512,2048,8,2048,87.7133
512,2048,8,4096,143.682
512,2048,8,8192,258.627
512,2048,8,16384,493.264
512,2048,16,16,91.009
512,2048,16,32,91.105
512,2048,16,64,91.5527
512,2048,16,128,94.273
512,2048,16,256,98.0487
512,2048,16,512,106.081
512,2048,16,1024,121.878
512,2048,16,2048,150.988
512,2048,16,4096,262.391
512,2048,16,8192,412.217
512,2048,16,16384,668.55
512,2048,32,16,100.875
512,2048,32,32,101.483
512,2048,32,64,101.366
512,2048,32,128,107.83
512,2048,32,256,115.51
512,2048,32,512,131.062
512,2048,32,1024,159.191
512,2048,32,2048,219.501
512,2048,32,4096,401.135
512,2048,32,8192,732.508
512,2048,32,16384,1400.57
512,2048,64,16,120.321
512,2048,64,32,120.78
512,2048,64,64,121.622
512,2048,64,128,134.935
512,2048,64,256,151.735
512,2048,64,512,179.714
512,2048,64,1024,249.645
512,2048,64,2048,429.882
512,2048,64,4096,817.128
512,2048,64,8192,1584.44
512,2048,64,16384,3096.09
512,2048,128,16,157.645
512,2048,128,32,158.7
512,2048,128,64,160.225
512,2048,128,128,185.154
512,2048,128,256,208.898
512,2048,128,512,264.323
512,2048,128,1024,436.463
512,2048,128,2048,810.984
512,2048,128,4096,1578.73
512,2048,128,8192,3103.7
512,2048,128,16384,6112.77
512,4096,0,0,139.543
512,4096,1,16,139.447
512,4096,1,32,139.447
512,4096,1,64,139.362
512,4096,1,128,139.457
512,4096,1,256,139.521
512,4096,1,512,139.201
512,4096,1,1024,139.479
512,4096,1,2048,139.339
512,4096,1,4096,139.415
512,4096,1,8192,249.847
512,4096,1,16384,486.021
512,4096,2,16,139.446
512,4096,2,32,139.958
512,4096,2,64,139.788
512,4096,2,128,140.033
512,4096,2,256,139.372
512,4096,2,512,139.947
512,4096,2,1024,139.863
512,4096,2,2048,139.937
512,4096,2,4096,141.271
512,4096,2,8192,249.847
512,4096,2,16384,487.429
512,4096,4,16,140.737
512,4096,4,32,140.822
512,4096,4,64,140.801
512,4096,4,128,140.535
512,4096,4,256,141.207
512,4096,4,512,140.566
512,4096,4,1024,141.697
512,4096,4,2048,141.196
512,4096,4,4096,142.22
512,4096,4,8192,252.813
512,4096,4,16384,489.007
512,4096,8,16,141.825
512,4096,8,32,142.113
512,4096,8,64,141.814
512,4096,8,128,141.357
512,4096,8,256,141.538
512,4096,8,512,142.455
512,4096,8,1024,142.754
512,4096,8,2048,143.383
512,4096,8,4096,145.804
512,4096,8,8192,260.888
512,4096,8,16384,493.007
512,4096,16,16,149.175
512,4096,16,32,148.78
512,4096,16,64,148.066
512,4096,16,128,151.447
512,4096,16,256,155.692
512,4096,16,512,162.689
512,4096,16,1024,178.914
512,4096,16,2048,208.994
512,4096,16,4096,267.672
512,4096,16,8192,503.802
512,4096,16,16384,773.331
512,4096,32,16,158.55
512,4096,32,32,158.007
512,4096,32,64,157.687
512,4096,32,128,164.93
512,4096,32,256,172.343
512,4096,32,512,188.3
512,4096,32,1024,220.375
512,4096,32,2048,272.866
512,4096,32,4096,401.476
512,4096,32,8192,757.842
512,4096,32,16384,1427.33
512,4096,64,16,177.154
512,4096,64,32,177.335
512,4096,64,64,178.231
512,4096,64,128,191.511
512,4096,64,256,208.738
512,4096,64,512,242.967
512,4096,64,1024,311.321
512,4096,64,2048,444.836
512,4096,64,4096,830.835
512,4096,64,8192,1596.01
512,4096,64,16384,3116.23
512,4096,128,16,216.034
512,4096,128,32,217.197
512,4096,128,64,218.775
512,4096,128,128,249.976
512,4096,128,256,278.542
512,4096,128,512,331.075
512,4096,128,1024,455.876
512,4096,128,2048,823.987
512,4096,128,4096,1584.58
512,4096,128,8192,3116.68
512,4096,128,16384,6152.66
512,8192,0,0,253.817
512,8192,1,16,253.57
512,8192,1,32,253.475
512,8192,1,64,253.57
512,8192,1,128,253.634
512,8192,1,256,253.581
512,8192,1,512,253.389
512,8192,1,1024,253.976
512,8192,1,2048,253.688
512,8192,1,4096,253.73
512,8192,1,8192,253.912
512,8192,1,16384,486.041
512,8192,2,16,253.879
512,8192,2,32,253.538
512,8192,2,64,253.657
512,8192,2,128,254.051
512,8192,2,256,253.496
512,8192,2,512,253.838
512,8192,2,1024,254.402
512,8192,2,2048,253.719
512,8192,2,4096,254.903
512,8192,2,8192,255.501
512,8192,2,16384,488.272
512,8192,4,16,255.64
512,8192,4,32,255.171
512,8192,4,64,255.331
512,8192,4,128,255.277
512,8192,4,256,255.107
512,8192,4,512,255.405
512,8192,4,1024,255.672
512,8192,4,2048,256.184
512,8192,4,4096,255.811
512,8192,4,8192,258.84
512,8192,4,16384,489.082
512,8192,8,16,255.875
512,8192,8,32,255.554
512,8192,8,64,256.269
512,8192,8,128,256.515
512,8192,8,256,256.441
512,8192,8,512,256.184
512,8192,8,1024,256.622
512,8192,8,2048,258.296
512,8192,8,4096,259.139
512,8192,8,8192,263.064
512,8192,8,16384,495.482
512,8192,16,16,262.413
512,8192,16,32,261.944
512,8192,16,64,262.659
512,8192,16,128,265.176
512,8192,16,256,268.728
512,8192,16,512,276.493
512,8192,16,1024,292.387
512,8192,16,2048,322.254
512,8192,16,4096,382.628
512,8192,16,8192,504.165
512,8192,16,16384,982.858
512,8192,32,16,271.17
512,8192,32,32,270.914
512,8192,32,64,271.437
512,8192,32,128,278.521
512,8192,32,256,285.624
512,8192,32,512,301.037
512,8192,32,1024,333.784
512,8192,32,2048,395.065
512,8192,32,4096,505.392
512,8192,32,8192,771.666
512,8192,32,16384,1481.84
512,8192,64,16,290.318
512,8192,64,32,290.627
512,8192,64,64,291.085
512,8192,64,128,304.398
512,8192,64,256,321.785
512,8192,64,512,357.039
512,8192,64,1024,428.516
512,8192,64,2048,570.384
512,8192,64,4096,833.341
512,8192,64,8192,1636.27
512,8192,64,16384,3154.48
512,8192,128,16,329.849
512,8192,128,32,330.286
512,8192,128,64,331.896
512,8192,128,128,363.929
512,8192,128,256,394.991
512,8192,128,512,461.178
512,8192,128,1024,586.363
512,8192,128,2048,864.585
512,8192,128,4096,1603.49
512,8192,128,8192,3149.54
512,8192,128,16384,6175.45
512,16384,0,0,491.216
512,16384,1,16,492.943
512,16384,1,32,492.592
512,16384,1,64,492.709
512,16384,1,128,492.836
512,16384,1,256,492.688
512,16384,1,512,492.698
512,16384,1,1024,492.613
512,16384,1,2048,492.389
512,16384,1,4096,492.859
512,16384,1,8192,491.482
512,16384,1,16384,491.653
512,16384,2,16,491.162
512,16384,2,32,491.514
512,16384,2,64,491.536
512,16384,2,128,491.237
512,16384,2,256,491.695
512,16384,2,512,491.279
512,16384,2,1024,491.515
512,16384,2,2048,491.632
512,16384,2,4096,491.269
512,16384,2,8192,490.618
512,16384,2,16384,491.098
512,16384,4,16,490.202
512,16384,4,32,489.892
512,16384,4,64,490.522
512,16384,4,128,490.309
512,16384,4,256,490.565
512,16384,4,512,490.341
512,16384,4,1024,490.671
512,16384,4,2048,491.066
512,16384,4,4096,491.013
512,16384,4,8192,490.352
512,16384,4,16384,492.762
512,16384,8,16,490.533
512,16384,8,32,490.372
512,16384,8,64,490.32
512,16384,8,128,490.511
512,16384,8,256,490.639
512,16384,8,512,490.885
512,16384,8,1024,490.853
512,16384,8,2048,491.482
512,16384,8,4096,492.826
512,16384,8,8192,493.359
512,16384,8,16384,500.239
512,16384,16,16,492.623
512,16384,16,32,492.165
512,16384,16,64,492.485
512,16384,16,128,494.181
512,16384,16,256,499.578
512,16384,16,512,505.648
512,16384,16,1024,520.687
512,16384,16,2048,549.85
512,16384,16,4096,613.787
512,16384,16,8192,741.703
512,16384,16,16384,986.911
512,16384,32,16,500.996
512,16384,32,32,500.143
512,16384,32,64,500.069
512,16384,32,128,507.663
512,16384,32,256,515.013
512,16384,32,512,531.077
512,16384,32,1024,562.331
512,16384,32,2048,624.241
512,16384,32,4096,754.045
512,16384,32,8192,974.676
512,16384,32,16384,1513.99
512,16384,64,16,518.48
512,16384,64,32,518.672
512,16384,64,64,521.007
512,16384,64,128,533.456
512,16384,64,256,550.736
512,16384,64,512,582.821
512,16384,64,1024,656.603
512,16384,64,2048,801.352
512,16384,64,4096,1100.33
512,16384,64,8192,1614.2
512,16384,64,16384,3236.15
512,16384,128,16,556.709
512,16384,128,32,558.48
512,16384,128,64,560.667
512,16384,128,128,590.32
512,16384,128,256,620.902
512,16384,128,512,688.167
512,16384,128,1024,831.059
512,16384,128,2048,1133.39
512,16384,128,4096,1698.14
512,16384,128,8192,3163.41
512,16384,128,16384,6244.91
1024,0,0,0,41.7717
1024,0,1,16,48.5657
1024,0,1,32,48.5763
1024,0,1,64,48.9927
1024,0,1,128,49.0247
1024,0,1,256,49.6113
1024,0,1,512,49.0137
1024,0,1,1024,52.043
1024,0,1,2048,80.4807
1024,0,1,4096,137.484
1024,0,1,8192,250.679
1024,0,1,16384,486.479
1024,0,2,16,48.5023
1024,0,2,32,48.843
1024,0,2,64,48.875
1024,0,2,128,49.3547
1024,0,2,256,49.4723
1024,0,2,512,49.2587
1024,0,2,1024,54.486
1024,0,2,2048,83.03
1024,0,2,4096,139.575
1024,0,2,8192,253.037
1024,0,2,16384,489.627
1024,0,4,16,49.4837
1024,0,4,32,49.1523
1024,0,4,64,49.3023
1024,0,4,128,51.1047
1024,0,4,256,53.3443
1024,0,4,512,53.184
1024,0,4,1024,61.345
1024,0,4,2048,90.0917
1024,0,4,4096,146.529
1024,0,4,8192,260.205
1024,0,4,16384,490.65
1024,0,8,16,53.5477
1024,0,8,32,53.75
1024,0,8,64,53.8567
1024,0,8,128,55.5633
1024,0,8,256,57.5797
1024,0,8,512,61.729
1024,0,8,1024,73.8567
1024,0,8,2048,102.305
1024,0,8,4096,159.298
1024,0,8,8192,272.91
1024,0,8,16384,501.765
1024,0,16,16,60.0857
1024,0,16,32,60.47
1024,0,16,64,60.6083
1024,0,16,128,63.3817
1024,0,16,256,65.9847
1024,0,16,512,70.2727
1024,0,16,1024,91.0937
1024,0,16,2048,146.498
1024,0,16,4096,234.584
1024,0,16,8192,374.202
1024,0,16,16384,648.433
1024,0,32,16,72.5337
1024,0,32,32,72.8967
1024,0,32,64,72.9397
1024,0,32,128,77.8567
1024,0,32,256,83.0623
1024,0,32,512,99.2007
1024,0,32,1024,141.985
1024,0,32,2048,245.549
1024,0,32,4096,427.663
1024,0,32,8192,781.021
1024,0,32,16384,1494.04
1024,0,64,16,94.721
1024,0,64,32,95.0517
1024,0,64,64,95.265
1024,0,64,128,105.463
1024,0,64,256,123.606
1024,0,64,512,160.621
1024,0,64,1024,246.797
1024,0,64,2048,441.892
1024,0,64,4096,816.381
1024,0,64,8192,1571.23
1024,0,64,16384,3075.42
1024,0,128,16,139.596
1024,0,128,32,140.961
1024,0,128,64,142.839
1024,0,128,128,176.279
1024,0,128,256,209.836
1024,0,128,512,277.773
1024,0,128,1024,437.028
1024,0,128,2048,814.578
1024,0,128,4096,1572.91
1024,0,128,8192,3079.56
1024,0,128,16384,6108.61
1024,16,0,0,44.5767
1024,16,1,16,51.8513
1024,16,1,32,52.3207
1024,16,1,64,51.9477
1024,16,1,128,53.3233
1024,16,1,256,52.8747
1024,16,1,512,53.515
1024,16,1,1024,53.6427
1024,16,1,2048,80.6193
1024,16,1,4096,138.028
1024,16,1,8192,251.192
1024,16,1,16384,487.226
1024,16,2,16,51.926
1024,16,2,32,52.171
1024,16,2,64,52.0757
1024,16,2,128,53.6963
1024,16,2,256,54.891
1024,16,2,512,55.0297
1024,16,2,1024,56.8003
1024,16,2,2048,85.3343
1024,16,2,4096,141.601
1024,16,2,8192,254.979
1024,16,2,16384,490.181
1024,16,4,16,52.8643
1024,16,4,32,53.2063
1024,16,4,64,52.9707
1024,16,4,128,55.0513
1024,16,4,256,57.6433
1024,16,4,512,58.102
1024,16,4,1024,63.105
1024,16,4,2048,91.2967
1024,16,4,4096,148.609
1024,16,4,8192,261.464
1024,16,4,16384,491.066
1024,16,8,16,57.345
1024,16,8,32,57.3767
1024,16,8,64,57.697
1024,16,8,128,59.1577
1024,16,8,256,60.9927
1024,16,8,512,65.281
1024,16,8,1024,76.3103
1024,16,8,2048,104.918
1024,16,8,4096,161.548
1024,16,8,8192,275.256
1024,16,8,16384,503.077
1024,16,16,16,64.3737
1024,16,16,32,65.078
1024,16,16,64,64.4697
1024,16,16,128,67.3177
1024,16,16,256,69.782
1024,16,16,512,74.486
1024,16,16,1024,92.6833
1024,16,16,2048,147.105
1024,16,16,4096,241.08
1024,16,16,8192,382.723
1024,16,16,16384,658.982
1024,16,32,16,77.0357
1024,16,32,32,77.2487
1024,16,32,64,76.95
1024,16,32,128,82.3043
1024,16,32,256,86.9343
1024,16,32,512,101.046
1024,16,32,1024,143.084
1024,16,32,2048,244.792
1024,16,32,4096,428.516
1024,16,32,8192,791.143
1024,16,32,16384,1506.77
1024,16,64,16,98.6677
1024,16,64,32,99.3713
1024,16,64,64,99.5743
1024,16,64,128,109.42
1024,16,64,256,125.559
1024,16,64,512,162.38
1024,16,64,1024,247.255
1024,16,64,2048,441.433
1024,16,64,4096,816.339
1024,16,64,8192,1566.68
1024,16,64,16384,3078.32
1024,16,128,16,141.473
1024,16,128,32,142.839
1024,16,128,64,144.311
1024,16,128,128,178.092
1024,16,128,256,211.565
1024,16,128,512,279.47
1024,16,128,1024,438.223
1024,16,128,2048,817.768
1024,16,128,4096,1568.35
1024,16,128,8192,3078.08
1024,16,128,16384,6095.99
1024,32,0,0,44.3093
1024,32,1,16,52.139
1024,32,1,32,52.011
1024,32,1,64,51.7123
1024,32,1,128,52.7367
1024,32,1,256,53.3013
1024,32,1,512,52.779
1024,32,1,1024,53.505
1024,32,1,2048,80.9397
1024,32,1,4096,137.815
1024,32,1,8192,250.893
1024,32,1,16384,487.087
1024,32,2,16,51.9147
1024,32,2,32,52.0643
1024,32,2,64,52.0753
1024,32,2,128,53.9093
1024,32,2,256,55.137
1024,32,2,512,54.8707
1024,32,2,1024,56.9177
1024,32,2,2048,85.6113
1024,32,2,4096,141.921
1024,32,2,8192,255.63
1024,32,2,16384,489.924
1024,32,4,16,52.8323
1024,32,4,32,53.11
1024,32,4,64,53.0993
1024,32,4,128,55.3283
1024,32,4,256,57.867
1024,32,4,512,58.4643
1024,32,4,1024,63.2007
1024,32,4,2048,91.4773
1024,32,4,4096,147.842
1024,32,4,8192,261.89
1024,32,4,16384,490.405
1024,32,8,16,57.397
1024,32,8,32,57.28
1024,32,8,64,57.8037
1024,32,8,128,59.403
1024,32,8,256,61.11
1024,32,8,512,65.12
1024,32,8,1024,75.9257
1024,32,8,2048,104.044
1024,32,8,4096,161.058
1024,32,8,8192,274.616
1024,32,8,16384,505.029
1024,32,16,16,64.331
1024,32,16,32,64.651
1024,32,16,64,64.5337
1024,32,16,128,67.4677
1024,32,16,256,69.8353
1024,32,16,512,74.5503
1024,32,16,1024,92.4597
1024,32,16,2048,147.095
1024,32,16,4096,240.941
1024,32,16,8192,381.528
1024,32,16,16384,661.446
1024,32,32,16,77.057
1024,32,32,32,77.174
1024,32,32,64,77.729
1024,32,32,128,81.995
1024,32,32,256,86.9233
1024,32,32,512,101.26
1024,32,32,1024,142.892
1024,32,32,2048,245.474
1024,32,32,4096,432.217
1024,32,32,8192,794.002
1024,32,32,16384,1508.21
1024,32,64,16,98.9983
1024,32,64,32,99.105
1024,32,64,64,99.724
1024,32,64,128,109.9
1024,32,64,256,125.377
1024,32,64,512,162.284
1024,32,64,1024,247.384
1024,32,64,2048,437.178
1024,32,64,4096,817.288
1024,32,64,8192,1573.13
1024,32,64,16384,3082.55
1024,32,128,16,141.421
1024,32,128,32,142.54
1024,32,128,64,144.289
1024,32,128,128,177.826
1024,32,128,256,211.607
1024,32,128,512,279.693
1024,32,128,1024,439.141
1024,32,128,2048,817.33
1024,32,128,4096,1572.65
1024,32,128,8192,3080.14
1024,32,128,16384,6103.41
1024,64,0,0,44.6293
1024,64,1,16,52.1607
1024,64,1,32,52.1387
1024,64,1,64,52.4053
1024,64,1,128,53.206
1024,64,1,256,53.0353
1024,64,1,512,53.3657
1024,64,1,1024,53.5587
1024,64,1,2048,81.1307
1024,64,1,4096,137.377
1024,64,1,8192,251.181
1024,64,1,16384,486.724
1024,64,2,16,52.2133
1024,64,2,32,52.2677
1024,64,2,64,52.3633
1024,64,2,128,53.91
1024,64,2,256,55.2753
1024,64,2,512,55.265
1024,64,2,1024,56.7047
1024,64,2,2048,85.43
1024,64,2,4096,141.697
1024,64,2,8192,254.989
1024,64,2,16384,490.192
1024,64,4,16,53.355
1024,64,4,32,53.473
1024,64,4,64,53.1843
1024,64,4,128,55.531
1024,64,4,256,57.9313
1024,64,4,512,58.8063
1024,64,4,1024,63.1257
1024,64,4,2048,91.5637
1024,64,4,4096,148.023
1024,64,4,8192,262.413
1024,64,4,16384,491.301
1024,64,8,16,57.3767
1024,64,8,32,57.7287
1024,64,8,64,57.6857
1024,64,8,128,59.3823
1024,64,8,256,61.5797
1024,64,8,512,65.3877
1024,64,8,1024,75.7763
1024,64,8,2048,104.588
1024,64,8,4096,161.1
1024,64,8,8192,275.8
1024,64,8,16384,503.738
1024,64,16,16,64.374
1024,64,16,32,64.6083
1024,64,16,64,64.8863
1024,64,16,128,67.318
1024,64,16,256,70.1133
1024,64,16,512,74.1013
1024,64,16,1024,92.4277
1024,64,16,2048,147.18
1024,64,16,4096,240.248
1024,64,16,8192,382.82
1024,64,16,16384,661.596
1024,64,32,16,76.9933
1024,64,32,32,77.5053
1024,64,32,64,77.6647
1024,64,32,128,82.134
1024,64,32,256,87.062
1024,64,32,512,100.684
1024,64,32,1024,143.031
1024,64,32,2048,245.613
1024,64,32,4096,433.231
1024,64,32,8192,789.277
1024,64,32,16384,1504.27
1024,64,64,16,99.0093
1024,64,64,32,99.2753
1024,64,64,64,99.905
1024,64,64,128,109.249
1024,64,64,256,125.996
1024,64,64,512,162.391
1024,64,64,1024,248.056
1024,64,64,2048,441.625
1024,64,64,4096,816.488
1024,64,64,8192,1568.08
1024,64,64,16384,3073.67
1024,64,128,16,141.43
1024,64,128,32,142.498
1024,64,128,64,144.652
1024,64,128,128,177.922
1024,64,128,256,211.981
1024,64,128,512,279.534
1024,64,128,1024,438.127
1024,64,128,2048,815.656
1024,64,128,4096,1571.75
1024,64,128,8192,3084.89
1024,64,128,16384,6102.84
1024,128,0,0,45.2057
1024,128,1,16,52.7687
1024,128,1,32,52.597
1024,128,1,64,52.7683
1024,128,1,128,55.8837
1024,128,1,256,56.886
1024,128,1,512,57.2807
1024,128,1,1024,57.4617
1024,128,1,2048,84.961
1024,128,1,4096,141.783
1024,128,1,8192,254.2
1024,128,1,16384,486.767
1024,128,2,16,52.662
1024,128,2,32,53.1733
1024,128,2,64,53.3237
1024,128,2,128,55.9687
1024,128,2,256,57.4833
1024,128,2,512,57.5793
1024,128,2,1024,58.486
1024,128,2,2048,86.955
1024,128,2,4096,143.756
1024,128,2,8192,257.208
1024,128,2,16384,489.753
1024,128,4,16,55.2213
1024,128,4,32,54.6783
1024,128,4,64,54.9657
1024,128,4,128,56.288
1024,128,4,256,58.7527
1024,128,4,512,60.2467
1024,128,4,1024,65.6217
1024,128,4,2048,93.6113
1024,128,4,4096,150.71
1024,128,4,8192,263.651
1024,128,4,16384,491.173
1024,128,8,16,58.8803
1024,128,8,32,58.8917
1024,128,8,64,59.0083
1024,128,8,128,60.78
1024,128,8,256,62.849
1024,128,8,512,66.6893
1024,128,8,1024,78.1017
1024,128,8,2048,106.625
1024,128,8,4096,163.362
1024,128,8,8192,277.485
1024,128,8,16384,506.031
1024,128,16,16,65.7813
1024,128,16,32,66.2617
1024,128,16,64,65.9743
1024,128,16,128,69.046
1024,128,16,256,71.873
1024,128,16,512,75.969
1024,128,16,1024,94.774
1024,128,16,2048,147.372
1024,128,16,4096,245.645
1024,128,16,8192,387.748
1024,128,16,16384,669.073
1024,128,32,16,78.4437
1024,128,32,32,78.38
1024,128,32,64,78.8803
1024,128,32,128,83.8307
1024,128,32,256,88.7797
1024,128,32,512,102.614
1024,128,32,1024,144.758
1024,128,32,2048,245.433
1024,128,32,4096,434.895
1024,128,32,8192,806.365
1024,128,32,16384,1530.99
1024,128,64,16,100.673
1024,128,64,32,100.929
1024,128,64,64,101.228
1024,128,64,128,111.617
1024,128,64,256,127.158
1024,128,64,512,164.14
1024,128,64,1024,248.386
1024,128,64,2048,441.828
1024,128,64,4096,813.022
1024,128,64,8192,1572.96
1024,128,64,16384,3076.78
1024,128,128,16,143.223
1024,128,128,32,144.258
1024,128,128,64,146.103
1024,128,128,128,180.055
1024,128,128,256,213.389
1024,128,128,512,281.048
1024,128,128,1024,440.441
1024,128,128,2048,817.672
1024,128,128,4096,1565.02
1024,128,128,8192,3083.81
1024,128,128,16384,6108.34
1024,256,0,0,49.5153
1024,256,1,16,56.3737
1024,256,1,32,56.9503
1024,256,1,64,56.7253
1024,256,1,128,60.075
1024,256,1,256,63.392
1024,256,1,512,64.6197
1024,256,1,1024,64.5877
1024,256,1,2048,88.6623
1024,256,1,4096,145.239
1024,256,1,8192,259.042
1024,256,1,16384,487.183
1024,256,2,16,56.6617
1024,256,2,32,57.3233
1024,256,2,64,57.0143
1024,256,2,128,60.7367
1024,256,2,256,63.766
1024,256,2,512,64.95
1024,256,2,1024,64.6943
1024,256,2,2048,91.0197
1024,256,2,4096,147.34
1024,256,2,8192,260.962
1024,256,2,16384,490.458
1024,256,4,16,60.0437
1024,256,4,32,60.2457
1024,256,4,64,60.2987
1024,256,4,128,62.966
1024,256,4,256,63.7977
1024,256,4,512,68.1817
1024,256,4,1024,69.2907
1024,256,4,2048,97.462
1024,256,4,4096,154.028
1024,256,4,8192,267.64
1024,256,4,16384,495.151
1024,256,8,16,63.936
1024,256,8,32,64.1817
1024,256,8,64,63.894
1024,256,8,128,66.6353
1024,256,8,256,68.278
1024,256,8,512,72.5547
1024,256,8,1024,81.2917
1024,256,8,2048,111.287
1024,256,8,4096,168.204
1024,256,8,8192,280.941
1024,256,8,16384,511.888
1024,256,16,16,71.126
1024,256,16,32,71.232
1024,256,16,64,71.2973
1024,256,16,128,74.6677
1024,256,16,256,77.0783
1024,256,16,512,81.3663
1024,256,16,1024,97.313
1024,256,16,2048,149.089
1024,256,16,4096,254.125
1024,256,16,8192,395.822
1024,256,16,16384,678.203
1024,256,32,16,84.4273
1024,256,32,32,84.3953
1024,256,32,64,84.5767
1024,256,32,128,89.964
1024,256,32,256,94.7847
1024,256,32,512,106.071
1024,256,32,1024,148.129
1024,256,32,2048,244.024
1024,256,32,4096,439.567
1024,256,32,8192,812.733
1024,256,32,16384,1552.32
1024,256,64,16,106.422
1024,256,64,32,107.073
1024,256,64,64,107.415
1024,256,64,128,117.057
1024,256,64,256,131.191
1024,256,64,512,167.661
1024,256,64,1024,250.157
1024,256,64,2048,442.468
1024,256,64,4096,819.506
1024,256,64,8192,1569.1
1024,256,64,16384,3076.47
1024,256,128,16,147.927
1024,256,128,32,148.695
1024,256,128,64,150.679
1024,256,128,128,183.148
1024,256,128,256,217.698
1024,256,128,512,284.93
1024,256,128,1024,442.351
1024,256,128,2048,818.578
1024,256,128,4096,1575.71
1024,256,128,8192,3078.29
1024,256,128,16384,6104.16
1024,512,0,0,56.9387
1024,512,1,16,64.257
1024,512,1,32,64.1393
1024,512,1,64,63.9467
1024,512,1,128,67.1257
1024,512,1,256,71.3183
1024,512,1,512,78.1553
1024,512,1,1024,79.0407
1024,512,1,2048,96.257
1024,512,1,4096,153.068
1024,512,1,8192,265.901
1024,512,1,16384,493.188
1024,512,2,16,65.0243
1024,512,2,32,65.1953
1024,512,2,64,64.6617
1024,512,2,128,69.014
1024,512,2,256,72.6087
1024,512,2,512,77.9953
1024,512,2,1024,79.3607
1024,512,2,2048,98.5607
1024,512,2,4096,155.607
1024,512,2,8192,268.952
1024,512,2,16384,495.866
1024,512,4,16,67.7977
1024,512,4,32,67.8303
1024,512,4,64,68.0857
1024,512,4,128,71.6487
1024,512,4,256,74.8277
1024,512,4,512,78.5717
1024,512,4,1024,82.1127
1024,512,4,2048,105.303
1024,512,4,4096,162.028
1024,512,4,8192,276.93
1024,512,4,16384,502.533
1024,512,8,16,74.4857
1024,512,8,32,74.6353
1024,512,8,64,75.094
1024,512,8,128,78.348
1024,512,8,256,80.8537
1024,512,8,512,82.9877
1024,512,8,1024,90.1663
1024,512,8,2048,119.191
1024,512,8,4096,175.383
1024,512,8,8192,289.709
1024,512,8,16384,516.507
1024,512,16,16,81.4727
1024,512,16,32,82.1237
1024,512,16,64,81.5577
1024,512,16,128,85.867
1024,512,16,256,88.332
1024,512,16,512,93.1423
1024,512,16,1024,104.588
1024,512,16,2048,151.927
1024,512,16,4096,267.213
1024,512,16,8192,418.841
1024,512,16,16384,700.113
1024,512,32,16,95.1907
1024,512,32,32,95.8417
1024,512,32,64,95.9263
1024,512,32,128,101.344
1024,512,32,256,106.625
1024,512,32,512,116.097
1024,512,32,1024,156.375
1024,512,32,2048,245.709
1024,512,32,4096,445.849
1024,512,32,8192,822.984
1024,512,32,16384,1576.63
1024,512,64,16,118.081
1024,512,64,32,118.583
1024,512,64,64,119.084
1024,512,64,128,128.822
1024,512,64,256,141.398
1024,512,64,512,174.625
1024,512,64,1024,256.547
1024,512,64,2048,446.223
1024,512,64,4096,819.027
1024,512,64,8192,1569.74
1024,512,64,16384,3077.68
1024,512,128,16,159.97
1024,512,128,32,161.505
1024,512,128,64,162.711
1024,512,128,128,190.519
1024,512,128,256,224.503
1024,512,128,512,292.077
1024,512,128,1024,446.255
1024,512,128,2048,821.619
1024,512,128,4096,1575.44
1024,512,128,8192,3079.57
1024,512,128,16384,6095.21
1024,1024,0,0,72.1393
1024,1024,1,16,78.817
1024,1024,1,32,79.158
1024,1024,1,64,79.403
1024,1024,1,128,82.5717
1024,1024,1,256,86.4013
1024,1024,1,512,93.014
1024,1024,1,1024,107.564
1024,1024,1,2048,111.745
1024,1024,1,4096,168.172
1024,1024,1,8192,281.453
1024,1024,1,16384,507.909
1024,1024,2,16,79.4037
1024,1024,2,32,79.7233
1024,1024,2,64,79.019
1024,1024,2,128,83.798
1024,1024,2,256,86.518
1024,1024,2,512,93.9743
1024,1024,2,1024,107.542
1024,1024,2,2048,113.068
1024,1024,2,4096,170.167
1024,1024,2,8192,283.384
1024,1024,2,16384,510.799
1024,1024,4,16,82.7953
1024,1024,4,32,82.6887
1024,1024,4,64,82.6673
1024,1024,4,128,86.3583
1024,1024,4,256,89.953
1024,1024,4,512,96.833
1024,1024,4,1024,107.681
1024,1024,4,2048,119.98
1024,1024,4,4096,177.623
1024,1024,4,8192,291.053
1024,1024,4,16384,518.746
1024,1024,8,16,89.5043
1024,1024,8,32,89.3877
1024,1024,8,64,89.7817
1024,1024,8,128,96.5447
1024,1024,8,256,104.054
1024,1024,8,512,109.569
1024,1024,8,1024,112.438
1024,1024,8,2048,133.548
1024,1024,8,4096,190.871
1024,1024,8,8192,304.835
1024,1024,8,16384,540.165
1024,1024,16,16,100.555
1024,1024,16,32,101.249
1024,1024,16,64,101.142
1024,1024,16,128,107.734
1024,1024,16,256,112.556
1024,1024,16,512,117.11
1024,1024,16,1024,124.001
1024,1024,16,2048,161.282
1024,1024,16,4096,270.755
1024,1024,16,8192,452.623
1024,1024,16,16384,739.708
1024,1024,32,16,116.556
1024,1024,32,32,117.665
1024,1024,32,64,117.473
1024,1024,32,128,123.809
1024,1024,32,256,129.345
1024,1024,32,512,139.404
1024,1024,32,1024,169.602
1024,1024,32,2048,254.744
1024,1024,32,4096,458.49
1024,1024,32,8192,831.816
1024,1024,32,16384,1587.57
1024,1024,64,16,140.791
1024,1024,64,32,140.919
1024,1024,64,64,140.918
1024,1024,64,128,152.001
1024,1024,64,256,164.845
1024,1024,64,512,188.631
1024,1024,64,1024,265.699
1024,1024,64,2048,450.82
1024,1024,64,4096,824.776
1024,1024,64,8192,1572.82
1024,1024,64,16384,3089.63
1024,1024,128,16,184.514
1024,1024,128,32,185.026
1024,1024,128,64,186.551
1024,1024,128,128,209.548
1024,1024,128,256,238.328
1024,1024,128,512,305.891
1024,1024,128,1024,457.839
1024,1024,128,2048,826.621
1024,1024,128,4096,1582.2
1024,1024,128,8192,3087.49
1024,1024,128,16384,6109.55
1024,2048,0,0,101.953
1024,2048,1,16,109.238
1024,2048,1,32,109.014
1024,2048,1,64,109.335
1024,2048,1,128,112.364
1024,2048,1,256,116.364
1024,2048,1,512,123.318
1024,2048,1,1024,138.028
1024,2048,1,2048,166.54
1024,2048,1,4096,198.498
1024,2048,1,8192,312.152
1024,2048,1,16384,537.498
1024,2048,2,16,109.804
1024,2048,2,32,109.431
1024,2048,2,64,109.281
1024,2048,2,128,113.238
1024,2048,2,256,117.004
1024,2048,2,512,123.724
1024,2048,2,1024,138.861
1024,2048,2,2048,165.474
1024,2048,2,4096,200.727
1024,2048,2,8192,314.585
1024,2048,2,16384,541.382
1024,2048,4,16,112.822
1024,2048,4,32,112.47
1024,2048,4,64,113.174
1024,2048,4,128,116.567
1024,2048,4,256,119.959
1024,2048,4,512,126.209
1024,2048,4,1024,141.409
1024,2048,4,2048,166.146
1024,2048,4,4096,210.871
1024,2048,4,8192,329.24
1024,2048,4,16384,565.595
1024,2048,8,16,119.105
1024,2048,8,32,119.446
1024,2048,8,64,119.489
1024,2048,8,128,125.932
1024,2048,8,256,133.1
1024,2048,8,512,148.502
1024,2048,8,1024,167.202
1024,2048,8,2048,171.181
1024,2048,8,4096,219.181
1024,2048,8,8192,332.963
1024,2048,8,16384,571.717
1024,2048,16,16,130.647
1024,2048,16,32,130.657
1024,2048,16,64,130.86
1024,2048,16,128,140.354
1024,2048,16,256,150.358
1024,2048,16,512,165.388
1024,2048,16,1024,176.749
1024,2048,16,2048,191.832
1024,2048,16,4096,281.869
1024,2048,16,8192,510.106
1024,2048,16,16384,806.557
1024,2048,32,16,153.782
1024,2048,32,32,153.922
1024,2048,32,64,154.7
1024,2048,32,128,166.39
1024,2048,32,256,176.226
1024,2048,32,512,186.573
1024,2048,32,1024,205.24
1024,2048,32,2048,279.534
1024,2048,32,4096,464.965
1024,2048,32,8192,853.908
1024,2048,32,16384,1611.06
1024,2048,64,16,186.349
1024,2048,64,32,186.796
1024,2048,64,64,186.85
1024,2048,64,128,197.549
1024,2048,64,256,209.154
1024,2048,64,512,233.645
1024,2048,64,1024,290.52
1024,2048,64,2048,467.002
1024,2048,64,4096,834.451
1024,2048,64,8192,1585.34
1024,2048,64,16384,3092.75
1024,2048,128,16,228.909
1024,2048,128,32,229.517
1024,2048,128,64,230.37
1024,2048,128,128,254.957
1024,2048,128,256,277.869
1024,2048,128,512,333.539
1024,2048,128,1024,480.901
1024,2048,128,2048,839.965
1024,2048,128,4096,1590.94
1024,2048,128,8192,3100.36
1024,2048,128,16384,6118.37
1024,4096,0,0,159.596
1024,4096,1,16,166.818
1024,4096,1,32,167.234
1024,4096,1,64,167.319
1024,4096,1,128,171.031
1024,4096,1,256,174.029
1024,4096,1,512,181.089
1024,4096,1,1024,195.714
1024,4096,1,2048,224.355
1024,4096,1,4096,283.159
1024,4096,1,8192,377.059
1024,4096,1,16384,603.557
1024,4096,2,16,166.871
1024,4096,2,32,168.3
1024,4096,2,64,166.818
1024,4096,2,128,170.54
1024,4096,2,256,175.703
1024,4096,2,512,182.007
1024,4096,2,1024,196.514
1024,4096,2,2048,225.901
1024,4096,2,4096,283.33
1024,4096,2,8192,381.39
1024,4096,2,16384,619.537
1024,4096,4,16,170.583
1024,4096,4,32,170.818
1024,4096,4,64,171.244
1024,4096,4,128,174.253
1024,4096,4,256,178.573
1024,4096,4,512,184.503
1024,4096,4,1024,199.138
1024,4096,4,2048,228.653
1024,4096,4,4096,281.432
1024,4096,4,8192,389.272
1024,4096,4,16384,626.598
1024,4096,8,16,177.239
1024,4096,8,32,177.431
1024,4096,8,64,178.242
1024,4096,8,128,184.887
1024,4096,8,256,192.343
1024,4096,8,512,206.05
1024,4096,8,1024,236.119
1024,4096,8,2048,283.757
1024,4096,8,4096,286.67
1024,4096,8,8192,393.486
1024,4096,8,16384,630.342
1024,4096,16,16,188.311
1024,4096,16,32,189.41
1024,4096,16,64,189.58
1024,4096,16,128,198.935
1024,4096,16,256,207.863
1024,4096,16,512,228.258
1024,4096,16,1024,267.576
1024,4096,16,2048,287.469
1024,4096,16,4096,307.213
1024,4096,16,8192,521.307
1024,4096,16,16384,942.047
1024,4096,32,16,211.671
1024,4096,32,32,213.069
1024,4096,32,64,213.389
1024,4096,32,128,229.463
1024,4096,32,256,247.79
1024,4096,32,512,282.552
1024,4096,32,1024,295.95
1024,4096,32,2048,330.83
1024,4096,32,4096,481.007
1024,4096,32,8192,893.001
1024,4096,32,16384,1656.41
1024,4096,64,16,260.034
1024,4096,64,32,260.921
1024,4096,64,64,261.058
1024,4096,64,128,286.638
1024,4096,64,256,300.622
1024,4096,64,512,322.809
1024,4096,64,1024,374.158
1024,4096,64,2048,497.253
1024,4096,64,4096,857.512
1024,4096,64,8192,1611.92
1024,4096,64,16384,3108.08
1024,4096,128,16,319.822
1024,4096,128,32,320.547
1024,4096,128,64,324.035
1024,4096,128,128,344.76
1024,4096,128,256,367.844
1024,4096,128,512,418.543
1024,4096,128,1024,526.917
1024,4096,128,2048,861.832
1024,4096,128,4096,1616.58
1024,4096,128,8192,3120.49
1024,4096,128,16384,6136.87
1024,8192,0,0,274.979
1024,8192,1,16,281.709
1024,8192,1,32,282.755
1024,8192,1,64,283.064
1024,8192,1,128,285.815
1024,8192,1,256,289.198
1024,8192,1,512,296.995
1024,8192,1,1024,310.531
1024,8192,1,2048,340.164
1024,8192,1,4096,398.756
1024,8192,1,8192,523.365
1024,8192,1,16384,734.503
1024,8192,2,16,283.511
1024,8192,2,32,284.28
1024,8192,2,64,284.248
1024,8192,2,128,286.499
1024,8192,2,256,290.019
1024,8192,2,512,297.379
1024,8192,2,1024,312.312
1024,8192,2,2048,341.07
1024,8192,2,4096,401.006
1024,8192,2,8192,519.11
1024,8192,2,16384,740.039
1024,8192,4,16,287.523
1024,8192,4,32,285.346
1024,8192,4,64,286.776
1024,8192,4,128,291.747
1024,8192,4,256,292.354
1024,8192,4,512,301.379
1024,8192,4,1024,317.315
1024,8192,4,2048,345.294
1024,8192,4,4096,400.985
1024,8192,4,8192,513.946
1024,8192,4,16384,744.104
1024,8192,8,16,292.632
1024,8192,8,32,292.536
1024,8192,8,64,293.571
1024,8192,8,128,301.688
1024,8192,8,256,308.312
1024,8192,8,512,320.515
1024,8192,8,1024,351.502
1024,8192,8,2048,410.884
1024,8192,8,4096,510.576
1024,8192,8,8192,522.181
1024,8192,8,16384,748.072
1024,8192,16,16,305.337
1024,8192,16,32,305.038
1024,8192,16,64,304.045
1024,8192,16,128,315.075
1024,8192,16,256,323.982
1024,8192,16,512,344.228
1024,8192,16,1024,380.751
1024,8192,16,2048,437.775
1024,8192,16,4096,519.579
1024,8192,16,8192,545.669
1024,8192,16,16384,1004.71
1024,8192,32,16,326.499
1024,8192,32,32,326.787
1024,8192,32,64,327.886
1024,8192,32,128,342.926
1024,8192,32,256,362.948
1024,8192,32,512,400.655
1024,8192,32,1024,471.45
1024,8192,32,2048,517.424
1024,8192,32,4096,576.209
1024,8192,32,8192,857.95
1024,8192,32,16384,1749.19
1024,8192,64,16,374.382
1024,8192,64,32,375.588
1024,8192,64,64,376.879
1024,8192,64,128,408.196
1024,8192,64,256,440.912
1024,8192,64,512,504.784
1024,8192,64,1024,560.208
1024,8192,64,2048,665.052
1024,8192,64,4096,931.486
1024,8192,64,8192,1639.82
1024,8192,64,16384,3122.03
1024,8192,128,16,470.864
1024,8192,128,32,472.858
1024,8192,128,64,476.357
1024,8192,128,128,519.451
1024,8192,128,256,554.117
1024,8192,128,512,600.326
1024,8192,128,1024,701.735
1024,8192,128,2048,927.326
1024,8192,128,4096,1648.66
1024,8192,128,8192,3149.83
1024,8192,128,16384,6199.42
1024,16384,0,0,507.418
1024,16384,1,16,515.29
1024,16384,1,32,515.066
1024,16384,1,64,515.482
1024,16384,1,128,520.154
1024,16384,1,256,521.701
1024,16384,1,512,529.701
1024,16384,1,1024,544.784
1024,16384,1,2048,572.902
1024,16384,1,4096,633.041
1024,16384,1,8192,769.192
1024,16384,1,16384,975.807
1024,16384,2,16,515.76
1024,16384,2,32,517.626
1024,16384,2,64,516.976
1024,16384,2,128,519.365
1024,16384,2,256,522.576
1024,16384,2,512,530.97
1024,16384,2,1024,544.965
1024,16384,2,2048,576.006
1024,16384,2,4096,634.374
1024,16384,2,8192,764.018
1024,16384,2,16384,983.903
1024,16384,4,16,518.608
1024,16384,4,32,519.642
1024,16384,4,64,520.154
1024,16384,4,128,524.773
1024,16384,4,256,527.92
1024,16384,4,512,534.682
1024,16384,4,1024,548.315
1024,16384,4,2048,579.056
1024,16384,4,4096,636.859
1024,16384,4,8192,753.372
1024,16384,4,16384,985.865
1024,16384,8,16,524.443
1024,16384,8,32,526.992
1024,16384,8,64,526.277
1024,16384,8,128,534.17
1024,16384,8,256,541.691
1024,16384,8,512,554.192
1024,16384,8,1024,583.27
1024,16384,8,2048,644.476
1024,16384,8,4096,762.109
1024,16384,8,8192,984.266
1024,16384,8,16384,985.237
1024,16384,16,16,534.053
1024,16384,16,32,535.024
1024,16384,16,64,535.077
1024,16384,16,128,544.102
1024,16384,16,256,555.578
1024,16384,16,512,574.971
1024,16384,16,1024,614.225
1024,16384,16,2048,673.265
1024,16384,16,4096,789.394
1024,16384,16,8192,983.209
1024,16384,16,16384,1019.1
1024,16384,32,16,557.233
1024,16384,32,32,558.352
1024,16384,32,64,559.29
1024,16384,32,128,576.603
1024,16384,32,256,592.56
1024,16384,32,512,632.24
1024,16384,32,1024,703.74
1024,16384,32,2048,828.125
1024,16384,32,4096,979.604
1024,16384,32,8192,1077.68
1024,16384,32,16384,1640.28
1024,16384,64,16,607.152
1024,16384,64,32,607.237
1024,16384,64,64,608.134
1024,16384,64,128,637.51
1024,16384,64,256,672.891
1024,16384,64,512,736.541
1024,16384,64,1024,865.747
1024,16384,64,2048,1043.94
1024,16384,64,4096,1211.48
1024,16384,64,8192,1763.4
1024,16384,64,16384,3179.66
1024,16384,128,16,700.753
1024,16384,128,32,703.164
1024,16384,128,64,707.633
1024,16384,128,128,767.346
1024,16384,128,256,826.386
1024,16384,128,512,948.809
1024,16384,128,1024,1076.38
1024,16384,128,2048,1264.45
1024,16384,128,4096,1784.64
1024,16384,128,8192,3210.3
1024,16384,128,16384,6235.72
2048,0,0,0,121.174
2048,0,1,16,120.119
2048,0,1,32,119.98
2048,0,1,64,120.268
2048,0,1,128,120.438
2048,0,1,256,120.107
2048,0,1,512,121.782
2048,0,1,1024,121.132
2048,0,1,2048,126.668
2048,0,1,4096,183.191
2048,0,1,8192,296.76
2048,0,1,16384,523.599
2048,0,2,16,121.644
2048,0,2,32,120.822
2048,0,2,64,121.078
2048,0,2,128,120.545
2048,0,2,256,121.601
2048,0,2,512,122.711
2048,0,2,1024,124.236
2048,0,2,2048,133.654
2048,0,2,4096,190.455
2048,0,2,8192,303.427
2048,0,2,16384,530.832
2048,0,4,16,121.814
2048,0,4,32,122.465
2048,0,4,64,121.825
2048,0,4,128,123.052
2048,0,4,256,123.746
2048,0,4,512,127.394
2048,0,4,1024,126.497
2048,0,4,2048,144.588
2048,0,4,4096,201.058
2048,0,4,8192,314.477
2048,0,4,16384,541.807
2048,0,8,16,126.113
2048,0,8,32,126.529
2048,0,8,64,127.415
2048,0,8,128,128.055
2048,0,8,256,130.252
2048,0,8,512,134.305
2048,0,8,1024,137.473
2048,0,8,2048,163.553
2048,0,8,4096,233.911
2048,0,8,8192,354.446
2048,0,8,16384,596.102
2048,0,16,16,133.73
2048,0,16,32,134.774
2048,0,16,64,134.508
2048,0,16,128,137.974
2048,0,16,256,142.445
2048,0,16,512,147.5
2048,0,16,1024,157.132
2048,0,16,2048,205.303
2048,0,16,4096,311.619
2048,0,16,8192,542.608
2048,0,16,16384,917.065
2048,0,32,16,151.873
2048,0,32,32,151.062
2048,0,32,64,151.745
2048,0,32,128,157.26
2048,0,32,256,163.628
2048,0,32,512,177.335
2048,0,32,1024,206.509
2048,0,32,2048,291.32
2048,0,32,4096,480.997
2048,0,32,8192,872.211
2048,0,32,16384,1630.92
2048,0,64,16,185.623
2048,0,64,32,186.263
2048,0,64,64,187.117
2048,0,64,128,197.815
2048,0,64,256,210.626
2048,0,64,512,243.917
2048,0,64,1024,317.358
2048,0,64,2048,490.213
2048,0,64,4096,873.076
2048,0,64,8192,1625.32
2048,0,64,16384,3133.4
2048,0,128,16,255.181
2048,0,128,32,256.92
2048,0,128,64,258.775
2048,0,128,128,292.056
2048,0,128,256,325.944
2048,0,128,512,393.145
2048,0,128,1024,530.938
2048,0,128,2048,864.126
2048,0,128,4096,1624.4
2048,0,128,8192,3133.53
2048,0,128,16384,6145.29
2048,16,0,0,123.767
2048,16,1,16,126.604
2048,16,1,32,126.657
2048,16,1,64,126.145
2048,16,1,128,126.742
2048,16,1,256,126.145
2048,16,1,512,127.521
2048,16,1,1024,128.311
2048,16,1,2048,128.566
2048,16,1,4096,185.527
2048,16,1,8192,298.914
2048,16,1,16384,525.605
2048,16,2,16,126.934
2048,16,2,32,127.543
2048,16,2,64,127.436
2048,16,2,128,126.753
2048,16,2,256,127.361
2048,16,2,512,128.097
2048,16,2,1024,128.663
2048,16,2,2048,136.118
2048,16,2,4096,193.036
2048,16,2,8192,305.934
2048,16,2,16384,533.626
2048,16,4,16,130.274
2048,16,4,32,130.081
2048,16,4,64,130.454
2048,16,4,128,129.175
2048,16,4,256,129.911
2048,16,4,512,131.414
2048,16,4,1024,134.092
2048,16,4,2048,147.382
2048,16,4,4096,204.973
2048,16,4,8192,317.806
2048,16,4,16384,543.824
2048,16,8,16,132.631
2048,16,8,32,132.78
2048,16,8,64,133.356
2048,16,8,128,132.748
2048,16,8,256,136.961
2048,16,8,512,138.722
2048,16,8,1024,144.044
2048,16,8,2048,167.01
2048,16,8,4096,238.253
2048,16,8,8192,358.414
2048,16,8,16384,598.8
2048,16,16,16,139.98
2048,16,16,32,140.62
2048,16,16,64,140.822
2048,16,16,128,144.012
2048,16,16,256,147.201
2048,16,16,512,154.273
2048,16,16,1024,163.255
2048,16,16,2048,208.738
2048,16,16,4096,315.171
2048,16,16,8192,547.055
2048,16,16,16384,925.769
2048,16,32,16,157.335
2048,16,32,32,156.993
2048,16,32,64,157.57
2048,16,32,128,163.116
2048,16,32,256,168.034
2048,16,32,512,181.655
2048,16,32,1024,209.549
2048,16,32,2048,293.859
2048,16,32,4096,481.627
2048,16,32,8192,872.339
2048,16,32,16384,1630.01
2048,16,64,16,191.084
2048,16,64,32,192.386
2048,16,64,64,193.09
2048,16,64,128,203.853
2048,16,64,256,215.372
2048,16,64,512,247.33
2048,16,64,1024,320.728
2048,16,64,2048,492.676
2048,16,64,4096,871.913
2048,16,64,8192,1631.25
2048,16,64,16384,3143.73
2048,16,128,16,258.957
2048,16,128,32,260.407
2048,16,128,64,262.434
2048,16,128,128,295.203
2048,16,128,256,329.177
2048,16,128,512,396.548
2048,16,128,1024,534.128
2048,16,128,2048,864.744
2048,16,128,4096,1631.9
2048,16,128,8192,3134.35
2048,16,128,16384,6161.15
2048,32,0,0,123.67
2048,32,1,16,126.732
2048,32,1,32,126.743
2048,32,1,64,126.956
2048,32,1,128,126.732
2048,32,1,256,127.201
2048,32,1,512,126.508
2048,32,1,1024,127.916
2048,32,1,2048,129.175
2048,32,1,4096,185.922
2048,32,1,8192,299.342
2048,32,1,16384,526.127
2048,32,2,16,127.404
2048,32,2,32,127.425
2048,32,2,64,127.393
2048,32,2,128,127.169
2048,32,2,256,127.895
2048,32,2,512,128.172
2048,32,2,1024,128.332
2048,32,2,2048,136.545
2048,32,2,4096,192.268
2048,32,2,8192,306.253
2048,32,2,16384,532.944
2048,32,4,16,130.017
2048,32,4,32,129.836
2048,32,4,64,129.42
2048,32,4,128,129.441
2048,32,4,256,129.942
2048,32,4,512,132.054
2048,32,4,1024,132.759
2048,32,4,2048,146.605
2048,32,4,4096,204.332
2048,32,4,8192,318.285
2048,32,4,16384,544.485
2048,32,8,16,133.27
2048,32,8,32,132.076
2048,32,8,64,132.311
2048,32,8,128,133.249
2048,32,8,256,136.684
2048,32,8,512,139.223
2048,32,8,1024,143.713
2048,32,8,2048,166.892
2048,32,8,4096,237.346
2048,32,8,8192,358.275
2048,32,8,16384,599.099
2048,32,16,16,140.449
2048,32,16,32,139.158
2048,32,16,64,140.801
2048,32,16,128,143.095
2048,32,16,256,147.542
2048,32,16,512,154.989
2048,32,16,1024,163.308
2048,32,16,2048,208.972
2048,32,16,4096,314.883
2048,32,16,8192,544.475
2048,32,16,16384,920.936
2048,32,32,16,156.973
2048,32,32,32,156.503
2048,32,32,64,157.25
2048,32,32,128,161.933
2048,32,32,256,168.343
2048,32,32,512,182.775
2048,32,32,1024,209.399
2048,32,32,2048,294.083
2048,32,32,4096,481.263
2048,32,32,8192,874.046
2048,32,32,16384,1625.43
2048,32,64,16,191.82
2048,32,64,32,192.12
2048,32,64,64,193.112
2048,32,64,128,203.458
2048,32,64,256,215.682
2048,32,64,512,246.711
2048,32,64,1024,320.942
2048,32,64,2048,491.599
2048,32,64,4096,877.662
2048,32,64,8192,1628.75
2048,32,64,16384,3132.62
2048,32,128,16,258.883
2048,32,128,32,260.376
2048,32,128,64,262.616
2048,32,128,128,295.32
2048,32,128,256,329.379
2048,32,128,512,396.494
2048,32,128,1024,534.277
2048,32,128,2048,865.171
2048,32,128,4096,1631.81
2048,32,128,8192,3138
2048,32,128,16384,6148.89
2048,64,0,0,123.916
2048,64,1,16,126.604
2048,64,1,32,126.913
2048,64,1,64,126.774
2048,64,1,128,126.977
2048,64,1,256,126.593
2048,64,1,512,126.977
2048,64,1,1024,127.617
2048,64,1,2048,129.249
2048,64,1,4096,185.656
2048,64,1,8192,298.584
2048,64,1,16384,526.521
2048,64,2,16,127.66
2048,64,2,32,127.564
2048,64,2,64,127.212
2048,64,2,128,127.606
2048,64,2,256,127.937
2048,64,2,512,128.45
2048,64,2,1024,128.257
2048,64,2,2048,136.268
2048,64,2,4096,192.834
2048,64,2,8192,305.645
2048,64,2,16384,532.612
2048,64,4,16,129.527
2048,64,4,32,129.59
2048,64,4,64,129.548
2048,64,4,128,129.996
2048,64,4,256,130.391
2048,64,4,512,132.321
2048,64,4,1024,133.367
2048,64,4,2048,147.01
2048,64,4,4096,204.322
2048,64,4,8192,317.464
2048,64,4,16384,544.549
2048,64,8,16,132.417
2048,64,8,32,132.428
2048,64,8,64,133.046
2048,64,8,128,134.433
2048,64,8,256,136.406
2048,64,8,512,140.087
2048,64,8,1024,144.503
2048,64,8,2048,168.247
2048,64,8,4096,237.4
2048,64,8,8192,358.798
2048,64,8,16384,600.262
2048,64,16,16,140.087
2048,64,16,32,140.204
2048,64,16,64,139.693
2048,64,16,128,143.468
2048,64,16,256,147.65
2048,64,16,512,155.362
2048,64,16,1024,162.573
2048,64,16,2048,208.588
2048,64,16,4096,314.19
2048,64,16,8192,545.861
2048,64,16,16384,928.82
2048,64,32,16,156.908
2048,64,32,32,157.868
2048,64,32,64,158.488
2048,64,32,128,162.294
2048,64,32,256,169.442
2048,64,32,512,183.053
2048,64,32,1024,209.122
2048,64,32,2048,294.232
2048,64,32,4096,480.431
2048,64,32,8192,873.832
2048,64,32,16384,1627.74
2048,64,64,16,191.138
2048,64,64,32,192.493
2048,64,64,64,191.832
2048,64,64,128,203.821
2048,64,64,256,215.586
2048,64,64,512,247.501
2048,64,64,1024,320.942
2048,64,64,2048,492.016
2048,64,64,4096,877.427
2048,64,64,8192,1626.73
2048,64,64,16384,3133.23
2048,64,128,16,258.925
2048,64,128,32,260.322
2048,64,128,64,262.467
2048,64,128,128,295.277
2048,64,128,256,329.411
2048,64,128,512,396.633
2048,64,128,1024,533.882
2048,64,128,2048,866.301
2048,64,128,4096,1627.87
2048,64,128,8192,3132.05
2048,64,128,16384,6145.06
2048,128,0,0,127.713
2048,128,1,16,129.559
2048,128,1,32,130.583
2048,128,1,64,130.561
2048,128,1,128,129.409
2048,128,1,256,130.466
2048,128,1,512,130.743
2048,128,1,1024,130.711
2048,128,1,2048,132.62
2048,128,1,4096,188.738
2048,128,1,8192,302.509
2048,128,1,16384,528.667
2048,128,2,16,131.873
2048,128,2,32,131.34
2048,128,2,64,131.404
2048,128,2,128,130.934
2048,128,2,256,131.564
2048,128,2,512,131.798
2048,128,2,1024,133.132
2048,128,2,2048,139.126
2048,128,2,4096,195.415
2048,128,2,8192,309.027
2048,128,2,16384,534.693
2048,128,4,16,131.767
2048,128,4,32,131.756
2048,128,4,64,131.799
2048,128,4,128,132.236
2048,128,4,256,133.718
2048,128,4,512,134.594
2048,128,4,1024,137.494
2048,128,4,2048,149.036
2048,128,4,4096,209.122
2048,128,4,8192,321.305
2048,128,4,16384,548.805
2048,128,8,16,133.857
2048,128,8,32,133.932
2048,128,8,64,134.423
2048,128,8,128,137.975
2048,128,8,256,139.799
2048,128,8,512,143.265
2048,128,8,1024,147.841
2048,128,8,2048,170.839
2048,128,8,4096,241.752
2048,128,8,8192,364.014
2048,128,8,16384,605.617
2048,128,16,16,142.818
2048,128,16,32,142.924
2048,128,16,64,143.723
2048,128,16,128,146.572
2048,128,16,256,150.86
2048,128,16,512,157.431
2048,128,16,1024,166.733
2048,128,16,2048,212.247
2048,128,16,4096,317.859
2048,128,16,8192,556.72
2048,128,16,16384,930.964
2048,128,32,16,160.333
2048,128,32,32,159.82
2048,128,32,64,160.866
2048,128,32,128,164.78
2048,128,32,256,173.42
2048,128,32,512,186.285
2048,128,32,1024,212.301
2048,128,32,2048,297.07
2048,128,32,4096,481.583
2048,128,32,8192,873.747
2048,128,32,16384,1632.44
2048,128,64,16,194.157
2048,128,64,32,194.754
2048,128,64,64,195.287
2048,128,64,128,206.637
2048,128,64,256,218.935
2048,128,64,512,250.84
2048,128,64,1024,324.28
2048,128,64,2048,493.626
2048,128,64,4096,877.076
2048,128,64,8192,1627.63
2048,128,64,16384,3130.71
2048,128,128,16,262.392
2048,128,128,32,263.779
2048,128,128,64,265.965
2048,128,128,128,299.171
2048,128,128,256,333.113
2048,128,128,512,400.089
2048,128,128,1024,538.352
2048,128,128,2048,867.465
2048,128,128,4096,1622.25
2048,128,128,8192,3134.82
2048,128,128,16384,6141.94
2048,256,0,0,138.284
2048,256,1,16,138.849
2048,256,1,32,138.7
2048,256,1,64,138.572
2048,256,1,128,138.764
2048,256,1,256,139.117
2048,256,1,512,139.052
2048,256,1,1024,139.287
2048,256,1,2048,140.855
2048,256,1,4096,194.402
2048,256,1,8192,307.811
2048,256,1,16384,534.843
2048,256,2,16,139.553
2048,256,2,32,140.065
2048,256,2,64,139.074
2048,256,2,128,139.841
2048,256,2,256,139.916
2048,256,2,512,141.036
2048,256,2,1024,141.878
2048,256,2,2048,144.598
2048,256,2,4096,200.813
2048,256,2,8192,314.798
2048,256,2,16384,541.285
2048,256,4,16,139.916
2048,256,4,32,139.607
2048,256,4,64,139.885
2048,256,4,128,139.959
2048,256,4,256,141.165
2048,256,4,512,143.874
2048,256,4,1024,144.087
2048,256,4,2048,155.233
2048,256,4,4096,217.047
2048,256,4,8192,330.414
2048,256,4,16384,556.25
2048,256,8,16,144.225
2048,256,8,32,144.994
2048,256,8,64,144.694
2048,256,8,128,146.722
2048,256,8,256,148.588
2048,256,8,512,152.31
2048,256,8,1024,156.727
2048,256,8,2048,178.754
2048,256,8,4096,251.351
2048,256,8,8192,373.518
2048,256,8,16384,616.347
2048,256,16,16,151.17
2048,256,16,32,151.191
2048,256,16,64,150.818
2048,256,16,128,155.095
2048,256,16,256,158.914
2048,256,16,512,166.935
2048,256,16,1024,176.044
2048,256,16,2048,219.191
2048,256,16,4096,323.321
2048,256,16,8192,564.677
2048,256,16,16384,936.766
2048,256,32,16,168.14
2048,256,32,32,168.684
2048,256,32,64,168.385
2048,256,32,128,174.647
2048,256,32,256,180.524
2048,256,32,512,193.997
2048,256,32,1024,221.08
2048,256,32,2048,301.773
2048,256,32,4096,484.047
2048,256,32,8192,876.797
2048,256,32,16384,1633.6
2048,256,64,16,203.415
2048,256,64,32,203.106
2048,256,64,64,203.991
2048,256,64,128,215.138
2048,256,64,256,227.629
2048,256,64,512,257.709
2048,256,64,1024,332.035
2048,256,64,2048,498.127
2048,256,64,4096,885.47
2048,256,64,8192,1632.9
2048,256,64,16384,3134.32
2048,256,128,16,269.848
2048,256,128,32,271.01
2048,256,128,64,273.123
2048,256,128,128,305.805
2048,256,128,256,339.971
2048,256,128,512,407.427
2048,256,128,1024,544.762
2048,256,128,2048,873.907
2048,256,128,4096,1635.47
2048,256,128,8192,3143.68
2048,256,128,16384,6147.5
2048,512,0,0,155.447
2048,512,1,16,155.543
2048,512,1,32,156.994
2048,512,1,64,156.023
2048,512,1,128,156.386
2048,512,1,256,156.492
2048,512,1,512,154.807
2048,512,1,1024,157.741
2048,512,1,2048,157.741
2048,512,1,4096,205.378
2048,512,1,8192,318.638
2048,512,1,16384,546.384
2048,512,2,16,155.884
2048,512,2,32,155.681
2048,512,2,64,155.703
2048,512,2,128,155.361
2048,512,2,256,155.053
2048,512,2,512,158.295
2048,512,2,1024,157.175
2048,512,2,2048,159.511
2048,512,2,4096,213.314
2048,512,2,8192,327.203
2048,512,2,16384,552.954
2048,512,4,16,156.364
2048,512,4,32,155.18
2048,512,4,64,155.692
2048,512,4,128,156.247
2048,512,4,256,158.284
2048,512,4,512,160.375
2048,512,4,1024,159.852
2048,512,4,2048,170.882
2048,512,4,4096,233.73
2048,512,4,8192,350.169
2048,512,4,16384,585.478
2048,512,8,16,159.948
2048,512,8,32,161.1
2048,512,8,64,161.58
2048,512,8,128,163.062
2048,512,8,256,165.143
2048,512,8,512,170.103
2048,512,8,1024,177.293
2048,512,8,2048,192.3
2048,512,8,4096,266.989
2048,512,8,8192,390.02
2048,512,8,16384,635.269
2048,512,16,16,168.46
2048,512,16,32,167.394
2048,512,16,64,168.183
2048,512,16,128,171.821
2048,512,16,256,177.506
2048,512,16,512,183.863
2048,512,16,1024,196.855
2048,512,16,2048,232.802
2048,512,16,4096,333.123
2048,512,16,8192,563.749
2048,512,16,16384,959.667
2048,512,32,16,185.484
2048,512,32,32,184.589
2048,512,32,64,185.036
2048,512,32,128,190.465
2048,512,32,256,197.687
2048,512,32,512,213.176
2048,512,32,1024,239.543
2048,512,32,2048,313.496
2048,512,32,4096,492.677
2048,512,32,8192,888.467
2048,512,32,16384,1646.78
2048,512,64,16,219.202
2048,512,64,32,220.119
2048,512,64,64,220.429
2048,512,64,128,232.535
2048,512,64,256,244.056
2048,512,64,512,271.565
2048,512,64,1024,344.856
2048,512,64,2048,507.536
2048,512,64,4096,890.248
2048,512,64,8192,1644.25
2048,512,64,16384,3148.65
2048,512,128,16,287.075
2048,512,128,32,288.408
2048,512,128,64,290.211
2048,512,128,128,320.548
2048,512,128,256,354.532
2048,512,128,512,421.753
2048,512,128,1024,557.733
2048,512,128,2048,883.4
2048,512,128,4096,1648.6
2048,512,128,8192,3151.71
2048,512,128,16384,6155.44
2048,1024,0,0,188.193
2048,1024,1,16,188.471
2048,1024,1,32,187.618
2048,1024,1,64,188.236
2048,1024,1,128,188.13
2048,1024,1,256,187.916
2048,1024,1,512,186.914
2048,1024,1,1024,189.933
2048,1024,1,2048,190.061
2048,1024,1,4096,224.215
2048,1024,1,8192,337.113
2048,1024,1,16384,564.187
2048,1024,2,16,186.924
2048,1024,2,32,186.957
2048,1024,2,64,187.404
2048,1024,2,128,186.978
2048,1024,2,256,187.298
2048,1024,2,512,188.652
2048,1024,2,1024,190.285
2048,1024,2,2048,193.325
2048,1024,2,4096,237.325
2048,1024,2,8192,351.097
2048,1024,2,16384,578.363
2048,1024,4,16,192.482
2048,1024,4,32,192.834
2048,1024,4,64,192.578
2048,1024,4,128,192.364
2048,1024,4,256,192.012
2048,1024,4,512,194.477
2048,1024,4,1024,196.685
2048,1024,4,2048,206.988
2048,1024,4,4096,265.337
2048,1024,4,8192,384.067
2048,1024,4,16384,621.371
2048,1024,8,16,192.898
2048,1024,8,32,193.047
2048,1024,8,64,194.072
2048,1024,8,128,195.511
2048,1024,8,256,199.149
2048,1024,8,512,203.81
2048,1024,8,1024,216.194
2048,1024,8,2048,225.367
2048,1024,8,4096,291.821
2048,1024,8,8192,424.175
2048,1024,8,16384,668.978
2048,1024,16,16,202.455
2048,1024,16,32,203.554
2048,1024,16,64,203.554
2048,1024,16,128,204.461
2048,1024,16,256,209.837
2048,1024,16,512,217.442
2048,1024,16,1024,230.947
2048,1024,16,2048,262.563
2048,1024,16,4096,354.681
2048,1024,16,8192,577.904
2048,1024,16,16384,1001.01
2048,1024,32,16,217.229
2048,1024,32,32,218.808
2048,1024,32,64,218.327
2048,1024,32,128,224.407
2048,1024,32,256,231.971
2048,1024,32,512,246.253
2048,1024,32,1024,273.88
2048,1024,32,2048,335.939
2048,1024,32,4096,514.896
2048,1024,32,8192,913.141
2048,1024,32,16384,1666.81
2048,1024,64,16,253.187
2048,1024,64,32,252.845
2048,1024,64,64,254.584
2048,1024,64,128,266.776
2048,1024,64,256,279.831
2048,1024,64,512,302.83
2048,1024,64,1024,371.118
2048,1024,64,2048,534.372
2048,1024,64,4096,906.057
2048,1024,64,8192,1663.59
2048,1024,64,16384,3166.37
2048,1024,128,16,321.187
2048,1024,128,32,322.67
2048,1024,128,64,325.134
2048,1024,128,128,348.28
2048,1024,128,256,382.948
2048,1024,128,512,449.913
2048,1024,128,1024,586.854
2048,1024,128,2048,910.249
2048,1024,128,4096,1664.81
2048,1024,128,8192,3170.94
2048,1024,128,16384,6180.17
2048,2048,0,0,248.333
2048,2048,1,16,257.645
2048,2048,1,32,256.163
2048,2048,1,64,257.047
2048,2048,1,128,262.979
2048,2048,1,256,263.171
2048,2048,1,512,262.626
2048,2048,1,1024,263.33
2048,2048,1,2048,264.93
2048,2048,1,4096,272.952
2048,2048,1,8192,389.604
2048,2048,1,16384,615.024
2048,2048,2,16,256.909
2048,2048,2,32,256.45
2048,2048,2,64,256.237
2048,2048,2,128,260.813
2048,2048,2,256,266.925
2048,2048,2,512,266.648
2048,2048,2,1024,265.805
2048,2048,2,2048,270.2
2048,2048,2,4096,289.806
2048,2048,2,8192,412.1
2048,2048,2,16384,649.829
2048,2048,4,16,256.717
2048,2048,4,32,257.058
2048,2048,4,64,256.984
2048,2048,4,128,260.173
2048,2048,4,256,263.97
2048,2048,4,512,269.688
2048,2048,4,1024,274.286
2048,2048,4,2048,281.4
2048,2048,4,4096,319.075
2048,2048,4,8192,441.775
2048,2048,4,16384,679.196
2048,2048,8,16,260.055
2048,2048,8,32,259.533
2048,2048,8,64,258.84
2048,2048,8,128,261.934
2048,2048,8,256,267.801
2048,2048,8,512,276.472
2048,2048,8,1024,281.965
2048,2048,8,2048,301.966
2048,2048,8,4096,349.528
2048,2048,8,8192,492.325
2048,2048,8,16384,736.519
2048,2048,16,16,262.466
2048,2048,16,32,264.109
2048,2048,16,64,263.843
2048,2048,16,128,266.893
2048,2048,16,256,271.383
2048,2048,16,512,283.597
2048,2048,16,1024,300.419
2048,2048,16,2048,318.126
2048,2048,16,4096,412.218
2048,2048,16,8192,624.358
2048,2048,16,16384,1088.33
2048,2048,32,16,274.925
2048,2048,32,32,275.319
2048,2048,32,64,275.224
2048,2048,32,128,285.613
2048,2048,32,256,297.24
2048,2048,32,512,315.064
2048,2048,32,1024,339.63
2048,2048,32,2048,392.579
2048,2048,32,4096,557.125
2048,2048,32,8192,950.825
2048,2048,32,16384,1712.95
2048,2048,64,16,316.28
2048,2048,64,32,317.144
2048,2048,64,64,318.723
2048,2048,64,128,332.856
2048,2048,64,256,349.657
2048,2048,64,512,372.814
2048,2048,64,1024,425.519
2048,2048,64,2048,579.728
2048,2048,64,4096,949.182
2048,2048,64,8192,1701.41
2048,2048,64,16384,3204.45
2048,2048,128,16,391.14
2048,2048,128,32,391.268
2048,2048,128,64,392.666
2048,2048,128,128,418.031
2048,2048,128,256,440.218
2048,2048,128,512,505.946
2048,2048,128,1024,641.137
2048,2048,128,2048,955.465
2048,2048,128,4096,1694.78
2048,2048,128,8192,3216.09
2048,2048,128,16384,6222.18
2048,4096,0,0,361.156
2048,4096,1,16,369.518
2048,4096,1,32,369.337
2048,4096,1,64,369.881
2048,4096,1,128,371.823
2048,4096,1,256,377.935
2048,4096,1,512,384.259
2048,4096,1,1024,400.687
2048,4096,1,2048,431.908
2048,4096,1,4096,436.644
2048,4096,1,8192,505.819
2048,4096,1,16384,738.588
2048,4096,2,16,369.795
2048,4096,2,32,370.095
2048,4096,2,64,368.644
2048,4096,2,128,372.484
2048,4096,2,256,378.084
2048,4096,2,512,384.142
2048,4096,2,1024,400.271
2048,4096,2,2048,434.736
2048,4096,2,4096,441.593
2048,4096,2,8192,525.7
2048,4096,2,16384,767.058
2048,4096,4,16,370.073
2048,4096,4,32,368.6
2048,4096,4,64,369.017
2048,4096,4,128,373.507
2048,4096,4,256,376.473
2048,4096,4,512,384.985
2048,4096,4,1024,400.761
2048,4096,4,2048,430.692
2048,4096,4,4096,450.34
2048,4096,4,8192,549.829
2048,4096,4,16384,793.095
2048,4096,8,16,371.918
2048,4096,8,32,372.323
2048,4096,8,64,371.15
2048,4096,8,128,376.078
2048,4096,8,256,378.286
2048,4096,8,512,386.787
2048,4096,8,1024,404.718
2048,4096,8,2048,434.265
2048,4096,8,4096,470.937
2048,4096,8,8192,588.059
2048,4096,8,16384,869.874
2048,4096,16,16,375.502
2048,4096,16,32,378.019
2048,4096,16,64,377.209
2048,4096,16,128,380.569
2048,4096,16,256,384.365
2048,4096,16,512,395.62
2048,4096,16,1024,426.212
2048,4096,16,2048,471.055
2048,4096,16,4096,520.549
2048,4096,16,8192,706.759
2048,4096,16,16384,1160.44
2048,4096,32,16,388.772
2048,4096,32,32,389.241
2048,4096,32,64,388.942
2048,4096,32,128,399.257
2048,4096,32,256,411.779
2048,4096,32,512,434.778
2048,4096,32,1024,478.383
2048,4096,32,2048,527.899
2048,4096,32,4096,655.281
2048,4096,32,8192,1008.23
2048,4096,32,16384,1824.84
2048,4096,64,16,432.431
2048,4096,64,32,431.684
2048,4096,64,64,431.642
2048,4096,64,128,450.724
2048,4096,64,256,471.429
2048,4096,64,512,507.216
2048,4096,64,1024,560.538
2048,4096,64,2048,673.095
2048,4096,64,4096,1033.27
2048,4096,64,8192,1784.45
2048,4096,64,16384,3278.91
2048,4096,128,16,515.408
2048,4096,128,32,519.045
2048,4096,128,64,519.792
2048,4096,128,128,550.897
2048,4096,128,256,577.051
2048,4096,128,512,626.651
2048,4096,128,1024,752.434
2048,4096,128,2048,1050.61
2048,4096,128,4096,1778.75
2048,4096,128,8192,3292.69
2048,4096,128,16384,6303.98
2048,8192,0,0,585.83
2048,8192,1,16,592.688
2048,8192,1,32,592.646
2048,8192,1,64,593.221
2048,8192,1,128,597.733
2048,8192,1,256,603.013
2048,8192,1,512,608.069
2048,8192,1,1024,623.804
2048,8192,1,2048,658.844
2048,8192,1,4096,722.877
2048,8192,1,8192,778.738
2048,8192,1,16384,973.738
2048,8192,2,16,594.31
2048,8192,2,32,594.001
2048,8192,2,64,593.563
2048,8192,2,128,597.489
2048,8192,2,256,602.097
2048,8192,2,512,608.262
2048,8192,2,1024,625.692
2048,8192,2,2048,656.487
2048,8192,2,4096,722.161
2048,8192,2,8192,784.209
2048,8192,2,16384,994.291
2048,8192,4,16,594.672
2048,8192,4,32,593.264
2048,8192,4,64,593.947
2048,8192,4,128,596.058
2048,8192,4,256,601.819
2048,8192,4,512,609.562
2048,8192,4,1024,623.365
2048,8192,4,2048,655.11
2048,8192,4,4096,719.238
2048,8192,4,8192,791.228
2048,8192,4,16384,1012.89
2048,8192,8,16,596.475
2048,8192,8,32,596.539
2048,8192,8,64,598.47
2048,8192,8,128,601.084
2048,8192,8,256,603.739
2048,8192,8,512,612.262
2048,8192,8,1024,626.737
2048,8192,8,2048,658.896
2048,8192,8,4096,720.604
2048,8192,8,8192,813.843
2048,8192,8,16384,1055.98
2048,8192,16,16,602.086
2048,8192,16,32,602.107
2048,8192,16,64,601.82
2048,8192,16,128,605.595
2048,8192,16,256,609.221
2048,8192,16,512,622.118
2048,8192,16,1024,650.961
2048,8192,16,2048,711.719
2048,8192,16,4096,814.173
2048,8192,16,8192,872.723
2048,8192,16,16384,1300.53
2048,8192,32,16,613.115
2048,8192,32,32,613.317
2048,8192,32,64,614.449
2048,8192,32,128,622.8
2048,8192,32,256,637.841
2048,8192,32,512,659.142
2048,8192,32,1024,703.505
2048,8192,32,2048,786.503
2048,8192,32,4096,911.987
2048,8192,32,8192,1159.74
2048,8192,32,16384,1930.82
2048,8192,64,16,656.465
2048,8192,64,32,656.401
2048,8192,64,64,658.854
2048,8192,64,128,677.99
2048,8192,64,256,696.391
2048,8192,64,512,733.703
2048,8192,64,1024,808.349
2048,8192,64,2048,936.553
2048,8192,64,4096,1177.2
2048,8192,64,8192,1935.12
2048,8192,64,16384,3410.7
2048,8192,128,16,743.207
2048,8192,128,32,745.746
2048,8192,128,64,745.82
2048,8192,128,128,778.375
2048,8192,128,256,813.628
2048,8192,128,512,881.992
2048,8192,128,1024,998.026
2048,8192,128,2048,1246.5
2048,8192,128,4096,1923.07
2048,8192,128,8192,3438.73
2048,8192,128,16384,6450.41
2048,16384,0,0,1039.25
2048,16384,1,16,1047.85
2048,16384,1,32,1049.28
2048,16384,1,64,1048.04
2048,16384,1,128,1053.28
2048,16384,1,256,1055.42
2048,16384,1,512,1064.08
2048,16384,1,1024,1082.02
2048,16384,1,2048,1113.78
2048,16384,1,4096,1177.01
2048,16384,1,8192,1319.41
2048,16384,1,16384,1466.47
2048,16384,2,16,1049.77
2048,16384,2,32,1048.46
2048,16384,2,64,1046.89
2048,16384,2,128,1051.99
2048,16384,2,256,1055.26
2048,16384,2,512,1063.62
2048,16384,2,1024,1081.3
2048,16384,2,2048,1114.08
2048,16384,2,4096,1176.54
2048,16384,2,8192,1308.51
2048,16384,2,16384,1464.97
2048,16384,4,16,1047.55
2048,16384,4,32,1048.46
2048,16384,4,64,1046.64
2048,16384,4,128,1051.03
2048,16384,4,256,1054.38
2048,16384,4,512,1062.88
2048,16384,4,1024,1081.17
2048,16384,4,2048,1110.92
2048,16384,4,4096,1174.28
2048,16384,4,8192,1302.86
2048,16384,4,16384,1478.35
2048,16384,8,16,1050.01
2048,16384,8,32,1052.9
2048,16384,8,64,1053.55
2048,16384,8,128,1054.44
2048,16384,8,256,1059.12
2048,16384,8,512,1068.57
2048,16384,8,1024,1083.03
2048,16384,8,2048,1116.67
2048,16384,8,4096,1176.69
2048,16384,8,8192,1301.84
2048,16384,8,16384,1499.61
2048,16384,16,16,1056.4
2048,16384,16,32,1056.22
2048,16384,16,64,1055.94
2048,16384,16,128,1060.55
2048,16384,16,256,1063.6
2048,16384,16,512,1074.68
2048,16384,16,1024,1105.63
2048,16384,16,2048,1167.06
2048,16384,16,4096,1290.39
2048,16384,16,8192,1495.78
2048,16384,16,16384,1578.66
2048,16384,32,16,1065.98
2048,16384,32,32,1067.82
2048,16384,32,64,1067.16
2048,16384,32,128,1079.73
2048,16384,32,256,1088.72
2048,16384,32,512,1112.79
2048,16384,32,1024,1160.22
2048,16384,32,2048,1244.97
2048,16384,32,4096,1380.15
2048,16384,32,8192,1643.45
2048,16384,32,16384,2169.11
2048,16384,64,16,1111.29
2048,16384,64,32,1111.62
2048,16384,64,64,1113.27
2048,16384,64,128,1132.36
2048,16384,64,256,1150.25
2048,16384,64,512,1189.1
2048,16384,64,1024,1265.92
2048,16384,64,2048,1411.37
2048,16384,64,4096,1695.96
2048,16384,64,8192,2194.87
2048,16384,64,16384,3675.82
2048,16384,128,16,1198.64
2048,16384,128,32,1203.23
2048,16384,128,64,1204.3
2048,16384,128,128,1234.88
2048,16384,128,256,1270.05
2048,16384,128,512,1339.69
2048,16384,128,1024,1475.93
2048,16384,128,2048,1752.03
2048,16384,128,4096,2250.73
2048,16384,128,8192,3720.7
2048,16384,128,16384,6713.75
