prefill_chunk,kv_prefill,n_decode,kv_decode,time_us
0,0,1,16,11.5737
0,0,1,32,11.5193
0,0,1,64,11.6593
0,0,1,128,16.5123
0,0,1,256,16.8217
0,0,1,512,17.3983
0,0,1,1024,18.3147
0,0,1,2048,20.427
0,0,1,4096,26.4
0,0,1,8192,40.4687
0,0,1,16384,57.899
0,0,2,16,17.877
0,0,2,32,17.909
0,0,2,64,18.0367
0,0,2,128,21.3433
0,0,2,256,21.6317
0,0,2,512,22.4427
0,0,2,1024,23.989
0,0,2,2048,28.5333
0,0,2,4096,39.925
0,0,2,8192,55.1683
0,0,2,16384,88.8643
0,0,4,16,17.9307
0,0,4,32,17.9307
0,0,4,64,18.08
0,0,4,128,21.536
0,0,4,256,21.9197
0,0,4,512,23.4447
0,0,4,1024,27.1787
0,0,4,2048,37.2163
0,0,4,4096,52.1603
0,0,4,8192,82.229
0,0,4,16384,136.48
0,0,8,16,17.813
0,0,8,32,17.898
0,0,8,64,18.0687
0,0,8,128,21.707
0,0,8,256,22.7943
0,0,8,512,26.6553
0,0,8,1024,36.3737
0,0,8,2048,51.574
0,0,8,4096,80.6497
0,0,8,8192,134.731
0,0,8,16384,244.501
0,0,16,16,17.75
0,0,16,32,17.9733
0,0,16,64,18.5387
0,0,16,128,22.5923
0,0,16,256,28.395
0,0,16,512,35.9357
0,0,16,1024,51.648
0,0,16,2048,78.9437
0,0,16,4096,133.109
0,0,16,8192,242.294
0,0,16,16384,463.404
0,0,32,16,18.485
0,0,32,32,18.965
0,0,32,64,20.096
0,0,32,128,28.5967
0,0,32,256,37.9087
0,0,32,512,53.2693
0,0,32,1024,82.0377
0,0,32,2048,140.3
0,0,32,4096,247.616
0,0,32,8192,463.319
0,0,32,16384,905.346
0,0,64,16,23.8933
0,0,64,32,24.533
0,0,64,64,27.425
0,0,64,128,38.347
0,0,64,256,55.0183
0,0,64,512,84.2337
0,0,64,1024,139.978
0,0,64,2048,250.646
0,0,64,4096,471.584
0,0,64,8192,905.047
0,0,64,16384,1786.48
0,0,128,16,35.04
0,0,128,32,35.734
0,0,128,64,38.8697
0,0,128,128,60.95
0,0,128,256,91.0517
0,0,128,512,151.744
0,0,128,1024,272.843
0,0,128,2048,512.972
0,0,128,4096,994.018
0,0,128,8192,1958.79
0,0,128,16384,3917.36
0,0,256,16,53.11
0,0,256,32,55.1037
0,0,256,64,60.6077
0,0,256,128,93.8137
0,0,256,256,150.464
0,0,256,512,264.491
0,0,256,1024,491.969
0,0,256,2048,942.849
0,0,256,4096,1855.96
0,0,256,8192,3690.85
0,0,256,16384,7387.05
16,0,0,0,12.832
16,0,1,16,12.416
16,0,1,32,12.3413
16,0,1,64,12.3517
16,0,1,128,14.7733
16,0,1,256,18.24
16,0,1,512,25.2057
16,0,1,1024,39.637
16,0,1,2048,68.3947
16,0,1,4096,126.037
16,0,1,8192,240.726
16,0,1,16384,471.222
16,0,2,16,12.2987
16,0,2,32,12.2987
16,0,2,64,12.2987
16,0,2,128,14.72
16,0,2,256,18.261
16,0,2,512,25.28
16,0,2,1024,39.5947
16,0,2,2048,68.448
16,0,2,4096,126.166
16,0,2,8192,240.854
16,0,2,16384,473.259
16,0,4,16,12.384
16,0,4,32,12.3093
16,0,4,64,12.32
16,0,4,128,14.8267
16,0,4,256,18.2503
16,0,4,512,25.5573
16,0,4,1024,39.947
16,0,4,2048,69.44
16,0,4,4096,127.275
16,0,4,8192,244.385
16,0,4,16384,474.625
16,0,8,16,12.416
16,0,8,32,12.4587
16,0,8,64,12.5227
16,0,8,128,14.9227
16,0,8,256,18.5283
16,0,8,512,26.1973
16,0,8,1024,41.056
16,0,8,2048,70.283
16,0,8,4096,128.384
16,0,8,8192,246.88
16,0,8,16384,479.222
16,0,16,16,18.144
16,0,16,32,18.2933
16,0,16,64,18.4107
16,0,16,128,24.533
16,0,16,256,31.808
16,0,16,512,47.6373
16,0,16,1024,77.9203
16,0,16,2048,138.976
16,0,16,4096,261.238
16,0,16,8192,502.55
16,0,16,16384,986.764
16,0,32,16,28.928
16,0,32,32,29.3547
16,0,32,64,29.6213
16,0,32,128,41.4293
16,0,32,256,59.4347
16,0,32,512,98.038
16,0,32,1024,169.878
16,0,32,2048,309.6
16,0,32,4096,597.067
16,0,32,8192,1186
16,0,32,16384,2435.49
16,0,64,16,45.1733
16,0,64,32,46.1013
16,0,64,64,47.115
16,0,64,128,73.856
16,0,64,256,119.349
16,0,64,512,218.336
16,0,64,1024,402.155
16,0,64,2048,797.612
16,0,64,4096,1622.92
16,0,64,8192,3356.14
16,0,64,16384,6911.47
16,0,128,16,77.7923
16,0,128,32,79.6913
16,0,128,64,83.2957
16,0,128,128,144.704
16,0,128,256,251.211
16,0,128,512,470.433
16,0,128,1024,914.774
16,0,128,2048,1798.31
16,0,128,4096,3579.64
16,0,128,8192,7163.25
16,0,128,16384,14312
16,16,0,0,13.1307
16,16,1,16,12.6613
16,16,1,32,12.64
16,16,1,64,12.736
16,16,1,128,14.72
16,16,1,256,18.187
16,16,1,512,25.1943
16,16,1,1024,39.5837
16,16,1,2048,68.523
16,16,1,4096,126.112
16,16,1,8192,240.64
16,16,1,16384,471.233
16,16,2,16,12.512
16,16,2,32,12.6193
16,16,2,64,12.608
16,16,2,128,14.72
16,16,2,256,18.208
16,16,2,512,25.3013
16,16,2,1024,39.6053
16,16,2,2048,68.3733
16,16,2,4096,126.187
16,16,2,8192,240.768
16,16,2,16384,473.195
16,16,4,16,12.4263
16,16,4,32,12.704
16,16,4,64,12.7467
16,16,4,128,14.8053
16,16,4,256,18.3037
16,16,4,512,25.4507
16,16,4,1024,39.9573
16,16,4,2048,69.2583
16,16,4,4096,127.2
16,16,4,8192,244.278
16,16,4,16384,474.283
16,16,8,16,12.5977
16,16,8,32,12.768
16,16,8,64,12.832
16,16,8,128,15.0183
16,16,8,256,18.752
16,16,8,512,26.3043
16,16,8,1024,41.184
16,16,8,2048,70.1227
16,16,8,4096,128.907
16,16,8,8192,246.794
16,16,8,16384,478.721
16,16,16,16,18.3787
16,16,16,32,18.7527
16,16,16,64,19.3173
16,16,16,128,24.4907
16,16,16,256,31.8297
16,16,16,512,47.648
16,16,16,1024,77.888
16,16,16,2048,138.57
16,16,16,4096,259.584
16,16,16,8192,505.387
16,16,16,16384,987.179
16,16,32,16,28.8533
16,16,32,32,29.4833
16,16,32,64,30.0377
16,16,32,128,41.525
16,16,32,256,59.2107
16,16,32,512,97.973
16,16,32,1024,168.875
16,16,32,2048,311.712
16,16,32,4096,599.041
16,16,32,8192,1199.92
16,16,32,16384,2373.7
16,16,64,16,45.11
16,16,64,32,46.144
16,16,64,64,47.435
16,16,64,128,73.4937
16,16,64,256,119.136
16,16,64,512,217.248
16,16,64,1024,398.614
16,16,64,2048,805.197
16,16,64,4096,1571.01
16,16,64,8192,3446.98
16,16,64,16384,6991.54
16,16,128,16,77.899
16,16,128,32,79.584
16,16,128,64,83.0187
16,16,128,128,143.915
16,16,128,256,251.307
16,16,128,512,472.075
16,16,128,1024,916.236
16,16,128,2048,1803.9
16,16,128,4096,3584.99
16,16,128,8192,7157.04
16,16,128,16384,14314
16,32,0,0,13.205
16,32,1,16,12.725
16,32,1,32,12.6717
16,32,1,64,12.7143
16,32,1,128,14.7627
16,32,1,256,18.2193
16,32,1,512,25.1413
16,32,1,1024,39.6057
16,32,1,2048,68.4053
16,32,1,4096,125.984
16,32,1,8192,240.662
16,32,1,16384,471.35
16,32,2,16,12.5117
16,32,2,32,12.6613
16,32,2,64,12.683
16,32,2,128,14.709
16,32,2,256,18.1867
16,32,2,512,25.216
16,32,2,1024,39.669
16,32,2,2048,68.5013
16,32,2,4096,126.006
16,32,2,8192,240.949
16,32,2,16384,473.003
16,32,4,16,12.5337
16,32,4,32,12.5863
16,32,4,64,12.6933
16,32,4,128,14.8587
16,32,4,256,18.336
16,32,4,512,25.5043
16,32,4,1024,39.9573
16,32,4,2048,69.4517
16,32,4,4096,127.201
16,32,4,8192,244.288
16,32,4,16384,474.496
16,32,8,16,12.5337
16,32,8,32,12.9067
16,32,8,64,13.045
16,32,8,128,15.114
16,32,8,256,18.806
16,32,8,512,26.24
16,32,8,1024,41.2053
16,32,8,2048,70.283
16,32,8,4096,128.48
16,32,8,8192,246.176
16,32,8,16384,479.008
16,32,16,16,18.4853
16,32,16,32,18.6997
16,32,16,64,19.296
16,32,16,128,24.5223
16,32,16,256,31.8933
16,32,16,512,47.616
16,32,16,1024,77.941
16,32,16,2048,139.318
16,32,16,4096,260.917
16,32,16,8192,504.661
16,32,16,16384,983.307
16,32,32,16,28.9067
16,32,32,32,29.408
16,32,32,64,29.899
16,32,32,128,41.5897
16,32,32,256,59.5417
16,32,32,512,98.112
16,32,32,1024,168.714
16,32,32,2048,311.338
16,32,32,4096,608.758
16,32,32,8192,1182.2
16,32,32,16384,2385.16
16,32,64,16,45.088
16,32,64,32,46.166
16,32,64,64,47.5517
16,32,64,128,74.038
16,32,64,256,118.88
16,32,64,512,220.64
16,32,64,1024,395.041
16,32,64,2048,811.51
16,32,64,4096,1625.77
16,32,64,8192,3311.82
16,32,64,16384,6848.65
16,32,128,16,77.899
16,32,128,32,79.659
16,32,128,64,83.456
16,32,128,128,144.619
16,32,128,256,251.243
16,32,128,512,471.265
16,32,128,1024,915.564
16,32,128,2048,1799.46
16,32,128,4096,3581.35
16,32,128,8192,7156.99
16,32,128,16384,14320.8
16,64,0,0,13.195
16,64,1,16,12.5547
16,64,1,32,12.7037
16,64,1,64,12.864
16,64,1,128,14.752
16,64,1,256,18.1653
16,64,1,512,25.152
16,64,1,1024,39.605
16,64,1,2048,68.4267
16,64,1,4096,126.027
16,64,1,8192,240.619
16,64,1,16384,471.53
16,64,2,16,12.5227
16,64,2,32,12.7253
16,64,2,64,12.8003
16,64,2,128,14.72
16,64,2,256,18.197
16,64,2,512,25.291
16,64,2,1024,39.5843
16,64,2,2048,68.5337
16,64,2,4096,126.133
16,64,2,8192,240.949
16,64,2,16384,473.259
16,64,4,16,12.5653
16,64,4,32,12.683
16,64,4,64,12.768
16,64,4,128,14.827
16,64,4,256,18.2397
16,64,4,512,25.493
16,64,4,1024,39.968
16,64,4,2048,69.216
16,64,4,4096,127.328
16,64,4,8192,244.342
16,64,4,16384,474.518
16,64,8,16,12.672
16,64,8,32,12.758
16,64,8,64,13.0133
16,64,8,128,15.157
16,64,8,256,18.6773
16,64,8,512,25.9947
16,64,8,1024,41.2483
16,64,8,2048,70.5917
16,64,8,4096,128.427
16,64,8,8192,246.901
16,64,8,16384,479.232
16,64,16,16,18.4853
16,64,16,32,18.6777
16,64,16,64,19.2533
16,64,16,128,24.4587
16,64,16,256,31.7763
16,64,16,512,47.7017
16,64,16,1024,77.9413
16,64,16,2048,138.912
16,64,16,4096,260.448
16,64,16,8192,502.827
16,64,16,16384,984.46
16,64,32,16,28.917
16,64,32,32,29.387
16,64,32,64,29.963
16,64,32,128,41.5677
16,64,32,256,59.392
16,64,32,512,98.0903
16,64,32,1024,169.44
16,64,32,2048,310.432
16,64,32,4096,602.838
16,64,32,8192,1186.1
16,64,32,16384,2402.92
16,64,64,16,45.152
16,64,64,32,46.1543
16,64,64,64,47.5947
16,64,64,128,74.1763
16,64,64,256,119.019
16,64,64,512,218.774
16,64,64,1024,397.548
16,64,64,2048,802.018
16,64,64,4096,1566.44
16,64,64,8192,3369.03
16,64,64,16384,6899.18
16,64,128,16,77.867
16,64,128,32,79.6803
16,64,128,64,83.4137
16,64,128,128,143.766
16,64,128,256,251.873
16,64,128,512,470.965
16,64,128,1024,915.105
16,64,128,2048,1803.75
16,64,128,4096,3585.44
16,64,128,8192,7159.77
16,64,128,16384,14324.9
16,128,0,0,16.4587
16,128,1,16,14.891
16,128,1,32,14.901
16,128,1,64,14.8687
16,128,1,128,15.936
16,128,1,256,18.2083
16,128,1,512,25.28
16,128,1,1024,39.6153
16,128,1,2048,68.4583
16,128,1,4096,126.049
16,128,1,8192,240.769
16,128,1,16384,471.338
16,128,2,16,14.88
16,128,2,32,14.912
16,128,2,64,14.8697
16,128,2,128,15.883
16,128,2,256,18.261
16,128,2,512,25.2583
16,128,2,1024,39.616
16,128,2,2048,68.3627
16,128,2,4096,126.143
16,128,2,8192,240.822
16,128,2,16384,473.728
16,128,4,16,14.8587
16,128,4,32,14.9437
16,128,4,64,14.9973
16,128,4,128,15.9787
16,128,4,256,18.272
16,128,4,512,25.5573
16,128,4,1024,40.1073
16,128,4,2048,69.2907
16,128,4,4096,127.285
16,128,4,8192,244.448
16,128,4,16384,474.486
16,128,8,16,14.731
16,128,8,32,14.709
16,128,8,64,14.88
16,128,8,128,16.0643
16,128,8,256,18.7947
16,128,8,512,26.0267
16,128,8,1024,41.0987
16,128,8,2048,70.2613
16,128,8,4096,128.405
16,128,8,8192,246.709
16,128,8,16384,478.689
16,128,16,16,21.9947
16,128,16,32,22.208
16,128,16,64,22.6347
16,128,16,128,25.9093
16,128,16,256,31.8933
16,128,16,512,47.2213
16,128,16,1024,78.07
16,128,16,2048,140.245
16,128,16,4096,261.248
16,128,16,8192,503.948
16,128,16,16384,989.867
16,128,32,16,28.8427
16,128,32,32,29.3973
16,128,32,64,29.9197
16,128,32,128,43.1573
16,128,32,256,60.3527
16,128,32,512,97.2803
16,128,32,1024,173.068
16,128,32,2048,316.917
16,128,32,4096,601.206
16,128,32,8192,1182.23
16,128,32,16384,2344.14
16,128,64,16,45.28
16,128,64,32,46.0807
16,128,64,64,47.5733
16,128,64,128,75.1893
16,128,64,256,121.376
16,128,64,512,221.74
16,128,64,1024,405.26
16,128,64,2048,809.026
16,128,64,4096,1626.2
16,128,64,8192,3373.52
16,128,64,16384,6994.91
16,128,128,16,77.888
16,128,128,32,79.8297
16,128,128,64,83.7013
16,128,128,128,145.536
16,128,128,256,253.44
16,128,128,512,472.3
16,128,128,1024,916.268
16,128,128,2048,1802.94
16,128,128,4096,3584.1
16,128,128,8192,7156.1
16,128,128,16384,14313.2
16,256,0,0,20.0957
16,256,1,16,18.3467
16,256,1,32,18.347
16,256,1,64,18.3037
16,256,1,128,18.3253
16,256,1,256,19.5093
16,256,1,512,25.2373
16,256,1,1024,39.648
16,256,1,2048,68.4907
16,256,1,4096,126.155
16,256,1,8192,240.629
16,256,1,16384,471.5
16,256,2,16,18.325
16,256,2,32,18.3573
16,256,2,64,18.3147
16,256,2,128,18.336
16,256,2,256,19.4773
16,256,2,512,25.2907
16,256,2,1024,39.7013
16,256,2,2048,68.4373
16,256,2,4096,126.251
16,256,2,8192,241.164
16,256,2,16384,473.494
16,256,4,16,18.325
16,256,4,32,18.357
16,256,4,64,18.2933
16,256,4,128,18.3463
16,256,4,256,19.5093
16,256,4,512,25.4507
16,256,4,1024,40.1177
16,256,4,2048,69.366
16,256,4,4096,127.371
16,256,4,8192,244.427
16,256,4,16384,474.796
16,256,8,16,18.272
16,256,8,32,18.1867
16,256,8,64,18.368
16,256,8,128,18.3787
16,256,8,256,19.734
16,256,8,512,26.2827
16,256,8,1024,41.0773
16,256,8,2048,70.24
16,256,8,4096,128.587
16,256,8,8192,246.475
16,256,8,16384,478.731
16,256,16,16,25.547
16,256,16,32,25.696
16,256,16,64,26.144
16,256,16,128,29.248
16,256,16,256,33.3337
16,256,16,512,47.1897
16,256,16,1024,78.0693
16,256,16,2048,139.723
16,256,16,4096,260.811
16,256,16,8192,504.491
16,256,16,16384,994.06
16,256,32,16,31.0187
16,256,32,32,31.584
16,256,32,64,32.299
16,256,32,128,43.232
16,256,32,256,62.6887
16,256,32,512,97.5253
16,256,32,1024,174.731
16,256,32,2048,319.936
16,256,32,4096,606.059
16,256,32,8192,1199.58
16,256,32,16384,2373.25
16,256,64,16,47.0723
16,256,64,32,47.8827
16,256,64,64,49.4617
16,256,64,128,75.1573
16,256,64,256,123.232
16,256,64,512,220.437
16,256,64,1024,415.051
16,256,64,2048,815.757
16,256,64,4096,1652.59
16,256,64,8192,3467.19
16,256,64,16384,7092.47
16,256,128,16,78.197
16,256,128,32,79.9363
16,256,128,64,84.299
16,256,128,128,144.534
16,256,128,256,255.585
16,256,128,512,472.374
16,256,128,1024,916.471
16,256,128,2048,1802.64
16,256,128,4096,3582.94
16,256,128,8192,7164
16,256,128,16384,14325
16,512,0,0,26.9227
16,512,1,16,25.354
16,512,1,32,25.3013
16,512,1,64,25.3547
16,512,1,128,25.3547
16,512,1,256,25.3867
16,512,1,512,26.6023
16,512,1,1024,39.7013
16,512,1,2048,68.4693
16,512,1,4096,126.123
16,512,1,8192,240.864
16,512,1,16384,471.393
16,512,2,16,25.2373
16,512,2,32,25.28
16,512,2,64,25.344
16,512,2,128,25.3013
16,512,2,256,25.3333
16,512,2,512,26.4213
16,512,2,1024,39.723
16,512,2,2048,68.544
16,512,2,4096,126.187
16,512,2,8192,241.013
16,512,2,16384,473.248
16,512,4,16,25.312
16,512,4,32,25.334
16,512,4,64,25.3227
16,512,4,128,25.419
16,512,4,256,25.504
16,512,4,512,26.506
16,512,4,1024,39.8723
16,512,4,2048,69.2477
16,512,4,4096,127.381
16,512,4,8192,244.512
16,512,4,16384,474.784
16,512,8,16,25.2157
16,512,8,32,25.2907
16,512,8,64,25.3337
16,512,8,128,25.4187
16,512,8,256,25.824
16,512,8,512,26.7737
16,512,8,1024,41.2483
16,512,8,2048,70.2183
16,512,8,4096,128.565
16,512,8,8192,246.582
16,512,8,16384,479.638
16,512,16,16,32.384
16,512,16,32,32.4053
16,512,16,64,33.088
16,512,16,128,36.181
16,512,16,256,40.053
16,512,16,512,48.1173
16,512,16,1024,78.176
16,512,16,2048,139.573
16,512,16,4096,262.539
16,512,16,8192,505.28
16,512,16,16384,992.154
16,512,32,16,37.8983
16,512,32,32,38.378
16,512,32,64,39.083
16,512,32,128,45.8987
16,512,32,256,62.7843
16,512,32,512,99.7333
16,512,32,1024,170.358
16,512,32,2048,325.149
16,512,32,4096,633.644
16,512,32,8192,1301.89
16,512,32,16384,2610.85
16,512,64,16,53.9407
16,512,64,32,54.8267
16,512,64,64,56.5973
16,512,64,128,77.707
16,512,64,256,123.531
16,512,64,512,220.683
16,512,64,1024,413.576
16,512,64,2048,822.753
16,512,64,4096,1663.24
16,512,64,8192,3535.94
16,512,64,16384,6942.15
16,512,128,16,82.9333
16,512,128,32,84.651
16,512,128,64,88.4803
16,512,128,128,148.373
16,512,128,256,256.395
16,512,128,512,476.342
16,512,128,1024,917.688
16,512,128,2048,1804.89
16,512,128,4096,3580.07
16,512,128,8192,7158.7
16,512,128,16384,14324.6
16,1024,0,0,41.312
16,1024,1,16,39.7223
16,1024,1,32,39.712
16,1024,1,64,39.744
16,1024,1,128,39.7013
16,1024,1,256,39.733
16,1024,1,512,39.67
16,1024,1,1024,40.8743
16,1024,1,2048,68.5543
16,1024,1,4096,126.165
16,1024,1,8192,240.747
16,1024,1,16384,471.606
16,1024,2,16,39.5413
16,1024,2,32,39.5417
16,1024,2,64,39.5523
16,1024,2,128,39.5943
16,1024,2,256,39.7117
16,1024,2,512,39.7227
16,1024,2,1024,40.7573
16,1024,2,2048,68.7253
16,1024,2,4096,126.315
16,1024,2,8192,241.003
16,1024,2,16384,473.42
16,1024,4,16,39.5943
16,1024,4,32,39.648
16,1024,4,64,39.6163
16,1024,4,128,39.6593
16,1024,4,256,39.7763
16,1024,4,512,39.8187
16,1024,4,1024,40.7363
16,1024,4,2048,69.334
16,1024,4,4096,127.392
16,1024,4,8192,244.405
16,1024,4,16384,474.53
16,1024,8,16,39.4347
16,1024,8,32,39.488
16,1024,8,64,39.648
16,1024,8,128,39.6917
16,1024,8,256,39.9463
16,1024,8,512,40.7893
16,1024,8,1024,41.4723
16,1024,8,2048,70.293
16,1024,8,4096,128.299
16,1024,8,8192,246.709
16,1024,8,16384,478.945
16,1024,16,16,45.963
16,1024,16,32,46.2187
16,1024,16,64,46.6133
16,1024,16,128,50.2293
16,1024,16,256,53.8033
16,1024,16,512,61.8983
16,1024,16,1024,79.7127
16,1024,16,2048,138.912
16,1024,16,4096,263.371
16,1024,16,8192,505.697
16,1024,16,16384,994.572
16,1024,32,16,52.16
16,1024,32,32,52.2343
16,1024,32,64,53.0453
16,1024,32,128,59.4243
16,1024,32,256,73.6107
16,1024,32,512,100.032
16,1024,32,1024,173.354
16,1024,32,2048,325.067
16,1024,32,4096,641.026
16,1024,32,8192,1377.93
16,1024,32,16384,2654.76
16,1024,64,16,68.0003
16,1024,64,32,68.853
16,1024,64,64,70.5393
16,1024,64,128,92.459
16,1024,64,256,136.267
16,1024,64,512,224.929
16,1024,64,1024,406.442
16,1024,64,2048,832.683
16,1024,64,4096,1658.38
16,1024,64,8192,3533.88
16,1024,64,16384,7040.72
16,1024,128,16,99.9043
16,1024,128,32,101.205
16,1024,128,64,104.139
16,1024,128,128,162.699
16,1024,128,256,261.782
16,1024,128,512,478.475
16,1024,128,1024,922.764
16,1024,128,2048,1806.54
16,1024,128,4096,3588.04
16,1024,128,8192,7161.05
16,1024,128,16384,14322.8
16,2048,0,0,70.1333
16,2048,1,16,68.3307
16,2048,1,32,68.331
16,2048,1,64,68.352
16,2048,1,128,68.4263
16,2048,1,256,68.4903
16,2048,1,512,68.4703
16,2048,1,1024,68.4377
16,2048,1,2048,69.6853
16,2048,1,4096,126.101
16,2048,1,8192,240.616
16,2048,1,16384,471.328
16,2048,2,16,68.2773
16,2048,2,32,68.2137
16,2048,2,64,68.2557
16,2048,2,128,68.2677
16,2048,2,256,68.2347
16,2048,2,512,68.3413
16,2048,2,1024,68.3517
16,2048,2,2048,69.397
16,2048,2,4096,126.325
16,2048,2,8192,240.973
16,2048,2,16384,473.696
16,2048,4,16,68.3103
16,2048,4,32,68.298
16,2048,4,64,68.2453
16,2048,4,128,68.3417
16,2048,4,256,68.3737
16,2048,4,512,68.416
16,2048,4,1024,68.6613
16,2048,4,2048,69.568
16,2048,4,4096,127.371
16,2048,4,8192,244.512
16,2048,4,16384,474.56
16,2048,8,16,68.192
16,2048,8,32,68.288
16,2048,8,64,68.2133
16,2048,8,128,68.3733
16,2048,8,256,68.8
16,2048,8,512,69.5253
16,2048,8,1024,69.7277
16,2048,8,2048,70.389
16,2048,8,4096,128.491
16,2048,8,8192,246.176
16,2048,8,16384,479.063
16,2048,16,16,74.2937
16,2048,16,32,74.1223
16,2048,16,64,74.9653
16,2048,16,128,77.4513
16,2048,16,256,81.216
16,2048,16,512,89.4803
16,2048,16,1024,106.337
16,2048,16,2048,140.563
16,2048,16,4096,261.43
16,2048,16,8192,506.945
16,2048,16,16384,994.22
16,2048,32,16,79.222
16,2048,32,32,79.7017
16,2048,32,64,80.6827
16,2048,32,128,86.965
16,2048,32,256,101.387
16,2048,32,512,124.875
16,2048,32,1024,175.616
16,2048,32,2048,320.385
16,2048,32,4096,646.411
16,2048,32,8192,1311.61
16,2048,32,16384,2686.71
16,2048,64,16,95.5517
16,2048,64,32,96.5227
16,2048,64,64,98.016
16,2048,64,128,120.768
16,2048,64,256,167.681
16,2048,64,512,253.515
16,2048,64,1024,413.758
16,2048,64,2048,818.188
16,2048,64,4096,1648.07
16,2048,64,8192,3364.28
16,2048,64,16384,6949.07
16,2048,128,16,127.734
16,2048,128,32,129.558
16,2048,128,64,132.917
16,2048,128,128,191.606
16,2048,128,256,295.381
16,2048,128,512,497.42
16,2048,128,1024,925.249
16,2048,128,2048,1811.98
16,2048,128,4096,3591.28
16,2048,128,8192,7171.01
16,2048,128,16384,14320.9
16,4096,0,0,127.573
16,4096,1,16,125.749
16,4096,1,32,125.846
16,4096,1,64,125.749
16,4096,1,128,125.771
16,4096,1,256,125.834
16,4096,1,512,125.888
16,4096,1,1024,125.803
16,4096,1,2048,125.782
16,4096,1,4096,127.2
16,4096,1,8192,240.811
16,4096,1,16384,471.722
16,4096,2,16,125.621
16,4096,2,32,125.493
16,4096,2,64,125.472
16,4096,2,128,125.579
16,4096,2,256,125.654
16,4096,2,512,125.696
16,4096,2,1024,125.621
16,4096,2,2048,125.813
16,4096,2,4096,126.602
16,4096,2,8192,241.11
16,4096,2,16384,473.472
16,4096,4,16,125.611
16,4096,4,32,125.686
16,4096,4,64,125.558
16,4096,4,128,125.707
16,4096,4,256,125.653
16,4096,4,512,125.643
16,4096,4,1024,125.909
16,4096,4,2048,126.315
16,4096,4,4096,127.573
16,4096,4,8192,244.512
16,4096,4,16384,474.817
16,4096,8,16,125.472
16,4096,8,32,125.451
16,4096,8,64,125.663
16,4096,8,128,125.674
16,4096,8,256,125.931
16,4096,8,512,126.656
16,4096,8,1024,127.062
16,4096,8,2048,127.552
16,4096,8,4096,128.597
16,4096,8,8192,247.36
16,4096,8,16384,479.093
16,4096,16,16,129.718
16,4096,16,32,129.088
16,4096,16,64,130.966
16,4096,16,128,132.907
16,4096,16,256,136.619
16,4096,16,512,145.109
16,4096,16,1024,162.453
16,4096,16,2048,195.83
16,4096,16,4096,262.357
16,4096,16,8192,505.356
16,4096,16,16384,993.729
16,4096,32,16,134.571
16,4096,32,32,134.806
16,4096,32,64,135.573
16,4096,32,128,142.347
16,4096,32,256,156.395
16,4096,32,512,179.339
16,4096,32,1024,224.053
16,4096,32,2048,324.672
16,4096,32,4096,620.459
16,4096,32,8192,1353.67
16,4096,32,16384,2756.44
16,4096,64,16,150.656
16,4096,64,32,151.67
16,4096,64,64,153.654
16,4096,64,128,175.403
16,4096,64,256,222.251
16,4096,64,512,310.667
16,4096,64,1024,479.957
16,4096,64,2048,837.195
16,4096,64,4096,1640.06
16,4096,64,8192,3370.19
16,4096,64,16384,6949.23
16,4096,128,16,183.147
16,4096,128,32,184.438
16,4096,128,64,188.063
16,4096,128,128,246.454
16,4096,128,256,353.878
16,4096,128,512,560.684
16,4096,128,1024,969.676
16,4096,128,2048,1821.55
16,4096,128,4096,3598.4
16,4096,128,8192,7168.58
16,4096,128,16384,14323.5
16,8192,0,0,243.733
16,8192,1,16,241.579
16,8192,1,32,241.633
16,8192,1,64,241.607
16,8192,1,128,241.707
16,8192,1,256,241.707
16,8192,1,512,241.856
16,8192,1,1024,241.75
16,8192,1,2048,241.845
16,8192,1,4096,241.782
16,8192,1,8192,242.326
16,8192,1,16384,471.488
16,8192,2,16,241.184
16,8192,2,32,241.387
16,8192,2,64,241.194
16,8192,2,128,241.304
16,8192,2,256,241.266
16,8192,2,512,241.483
16,8192,2,1024,241.483
16,8192,2,2048,241.548
16,8192,2,4096,241.599
16,8192,2,8192,241.814
16,8192,2,16384,473.345
16,8192,4,16,241.227
16,8192,4,32,241.44
16,8192,4,64,241.419
16,8192,4,128,241.44
16,8192,4,256,241.504
16,8192,4,512,241.931
16,8192,4,1024,242.123
16,8192,4,2048,242.24
16,8192,4,4096,242.561
16,8192,4,8192,244.438
16,8192,4,16384,475.489
16,8192,8,16,241.258
16,8192,8,32,241.195
16,8192,8,64,241.226
16,8192,8,128,241.334
16,8192,8,256,241.675
16,8192,8,512,242.411
16,8192,8,1024,242.657
16,8192,8,2048,243.029
16,8192,8,4096,243.403
16,8192,8,8192,246.517
16,8192,8,16384,480.171
16,8192,16,16,241.343
16,8192,16,32,241.568
16,8192,16,64,241.483
16,8192,16,128,243.413
16,8192,16,256,247.926
16,8192,16,512,255.392
16,8192,16,1024,276.075
16,8192,16,2048,307.351
16,8192,16,4096,375.734
16,8192,16,8192,505.004
16,8192,16,16384,991.319
16,8192,32,16,245.109
16,8192,32,32,245.366
16,8192,32,64,247.403
16,8192,32,128,252.587
16,8192,32,256,266.902
16,8192,32,512,290.123
16,8192,32,1024,334.4
16,8192,32,2048,425.771
16,8192,32,4096,640.246
16,8192,32,8192,1266.21
16,8192,32,16384,2621.85
16,8192,64,16,261.014
16,8192,64,32,262.304
16,8192,64,64,263.574
16,8192,64,128,285.515
16,8192,64,256,331.745
16,8192,64,512,425.654
16,8192,64,1024,597.867
16,8192,64,2048,958.903
16,8192,64,4096,1653.79
16,8192,64,8192,3466.08
16,8192,64,16384,6905.67
16,8192,128,16,293.067
16,8192,128,32,294.912
16,8192,128,64,298.741
16,8192,128,128,356.726
16,8192,128,256,465.121
16,8192,128,512,682.743
16,8192,128,1024,1101.56
16,8192,128,2048,1920.17
16,8192,128,4096,3612.52
16,8192,128,8192,7181.71
16,8192,128,16384,14321.2
16,16384,0,0,477.195
16,16384,1,16,474.965
16,16384,1,32,475.051
16,16384,1,64,474.795
16,16384,1,128,474.763
16,16384,1,256,474.837
16,16384,1,512,475.066
16,16384,1,1024,475.158
16,16384,1,2048,475.222
16,16384,1,4096,475.019
16,16384,1,8192,475.051
16,16384,1,16384,475.637
16,16384,2,16,473.987
16,16384,2,32,474.091
16,16384,2,64,474.315
16,16384,2,128,474.433
16,16384,2,256,474.295
16,16384,2,512,474.501
16,16384,2,1024,474.476
16,16384,2,2048,474.635
16,16384,2,4096,474.324
16,16384,2,8192,474.689
16,16384,2,16384,475.136
16,16384,4,16,474.282
16,16384,4,32,474.646
16,16384,4,64,474.419
16,16384,4,128,474.378
16,16384,4,256,474.486
16,16384,4,512,474.94
16,16384,4,1024,475.211
16,16384,4,2048,475.392
16,16384,4,4096,475.585
16,16384,4,8192,475.585
16,16384,4,16384,476.587
16,16384,8,16,474.308
16,16384,8,32,473.835
16,16384,8,64,474.09
16,16384,8,128,474.22
16,16384,8,256,474.432
16,16384,8,512,475.531
16,16384,8,1024,475.531
16,16384,8,2048,475.54
16,16384,8,4096,475.767
16,16384,8,8192,477.526
16,16384,8,16384,480.959
16,16384,16,16,474.656
16,16384,16,32,474.187
16,16384,16,64,474.368
16,16384,16,128,475.029
16,16384,16,256,476.097
16,16384,16,512,477.888
16,16384,16,1024,492.576
16,16384,16,2048,529.058
16,16384,16,4096,601.6
16,16384,16,8192,735.808
16,16384,16,16384,990.2
16,16384,32,16,475.051
16,16384,32,32,475.062
16,16384,32,64,475.361
16,16384,32,128,477.035
16,16384,32,256,487.915
16,16384,32,512,510.738
16,16384,32,1024,556.79
16,16384,32,2048,650.208
16,16384,32,4096,863.394
16,16384,32,8192,1244.17
16,16384,32,16384,2436.89
16,16384,64,16,482.23
16,16384,64,32,482.943
16,16384,64,64,484.129
16,16384,64,128,507.393
16,16384,64,256,549.792
16,16384,64,512,641.836
16,16384,64,1024,818.881
16,16384,64,2048,1204.69
16,16384,64,4096,1917.83
16,16384,64,8192,3390.31
16,16384,64,16384,6909.77
16,16384,128,16,514.274
16,16384,128,32,514.337
16,16384,128,64,519.499
16,16384,128,128,575.98
16,16384,128,256,686.764
16,16384,128,512,907.298
16,16384,128,1024,1343.38
16,16384,128,2048,2189.61
16,16384,128,4096,3800.1
16,16384,128,8192,7205.35
16,16384,128,16384,14348.1
32,0,0,0,12.864
32,0,1,16,12.5437
32,0,1,32,12.6613
32,0,1,64,12.6187
32,0,1,128,14.7943
32,0,1,256,18.1643
32,0,1,512,25.184
32,0,1,1024,39.5947
32,0,1,2048,68.4697
32,0,1,4096,126.058
32,0,1,8192,240.618
32,0,1,16384,471.221
32,0,2,16,12.5333
32,0,2,32,12.512
32,0,2,64,12.534
32,0,2,128,14.741
32,0,2,256,18.187
32,0,2,512,25.2587
32,0,2,1024,39.6057
32,0,2,2048,68.3947
32,0,2,4096,126.069
32,0,2,8192,240.929
32,0,2,16384,473.43
32,0,4,16,12.5867
32,0,4,32,12.6617
32,0,4,64,12.6723
32,0,4,128,14.7733
32,0,4,256,18.3893
32,0,4,512,25.4613
32,0,4,1024,39.968
32,0,4,2048,69.3513
32,0,4,4096,127.275
32,0,4,8192,244.363
32,0,4,16384,474.326
32,0,8,16,12.608
32,0,8,32,12.7677
32,0,8,64,12.6603
32,0,8,128,15.1147
32,0,8,256,18.7733
32,0,8,512,26.1333
32,0,8,1024,41.1943
32,0,8,2048,70.3897
32,0,8,4096,128.768
32,0,8,8192,246.261
32,0,8,16384,478.945
32,0,16,16,18.4963
32,0,16,32,18.528
32,0,16,64,18.8167
32,0,16,128,24.459
32,0,16,256,31.9683
32,0,16,512,47.755
32,0,16,1024,78.251
32,0,16,2048,139.21
32,0,16,4096,259.734
32,0,16,8192,506.337
32,0,16,16384,986.487
32,0,32,16,28.9063
32,0,32,32,29.4613
32,0,32,64,29.9087
32,0,32,128,41.5893
32,0,32,256,60.1387
32,0,32,512,99.0937
32,0,32,1024,170.389
32,0,32,2048,310.102
32,0,32,4096,598.358
32,0,32,8192,1217.79
32,0,32,16384,2392.22
32,0,64,16,45.1507
32,0,64,32,46.176
32,0,64,64,47.563
32,0,64,128,74.1127
32,0,64,256,118.891
32,0,64,512,217.44
32,0,64,1024,396.204
32,0,64,2048,811.468
32,0,64,4096,1593.69
32,0,64,8192,3443.15
32,0,64,16384,6850.67
32,0,128,16,77.9417
32,0,128,32,79.776
32,0,128,64,83.2427
32,0,128,128,143.595
32,0,128,256,251.264
32,0,128,512,472.278
32,0,128,1024,916.066
32,0,128,2048,1806.88
32,0,128,4096,3583.73
32,0,128,8192,7160.64
32,0,128,16384,14312.9
32,16,0,0,13.003
32,16,1,16,12.7147
32,16,1,32,12.736
32,16,1,64,12.778
32,16,1,128,14.7523
32,16,1,256,18.1547
32,16,1,512,25.1733
32,16,1,1024,39.68
32,16,1,2048,68.4267
32,16,1,4096,126.08
32,16,1,8192,240.79
32,16,1,16384,471.349
32,16,2,16,12.544
32,16,2,32,12.5867
32,16,2,64,12.6933
32,16,2,128,14.7307
32,16,2,256,18.1763
32,16,2,512,25.259
32,16,2,1024,39.701
32,16,2,2048,68.416
32,16,2,4096,126.123
32,16,2,8192,241.023
32,16,2,16384,473.58
32,16,4,16,12.6077
32,16,4,32,12.7257
32,16,4,64,12.736
32,16,4,128,14.8057
32,16,4,256,18.4747
32,16,4,512,25.4503
32,16,4,1024,40.1707
32,16,4,2048,69.2907
32,16,4,4096,127.296
32,16,4,8192,244.449
32,16,4,16384,474.592
32,16,8,16,12.704
32,16,8,32,12.7463
32,16,8,64,13.035
32,16,8,128,15.146
32,16,8,256,18.773
32,16,8,512,26.1113
32,16,8,1024,41.376
32,16,8,2048,70.1547
32,16,8,4096,128.235
32,16,8,8192,246.433
32,16,8,16384,478.689
32,16,16,16,18.5493
32,16,16,32,18.7947
32,16,16,64,19.2963
32,16,16,128,24.438
32,16,16,256,31.797
32,16,16,512,47.7763
32,16,16,1024,78.368
32,16,16,2048,139.371
32,16,16,4096,261.14
32,16,16,8192,505.302
32,16,16,16384,984.972
32,16,32,16,28.9493
32,16,32,32,29.472
32,16,32,64,29.8987
32,16,32,128,41.579
32,16,32,256,60.4373
32,16,32,512,98.3893
32,16,32,1024,170.155
32,16,32,2048,311.232
32,16,32,4096,598.337
32,16,32,8192,1174.96
32,16,32,16384,2376.06
32,16,64,16,45.1103
32,16,64,32,46.1333
32,16,64,64,47.669
32,16,64,128,74.2823
32,16,64,256,119.648
32,16,64,512,220.512
32,16,64,1024,397.675
32,16,64,2048,792.534
32,16,64,4096,1627.42
32,16,64,8192,3364.09
32,16,64,16384,6881.03
32,16,128,16,77.9733
32,16,128,32,79.7333
32,16,128,64,83.4453
32,16,128,128,143.894
32,16,128,256,251.723
32,16,128,512,471.542
32,16,128,1024,915.82
32,16,128,2048,1801.78
32,16,128,4096,3581.04
32,16,128,8192,7158.19
32,16,128,16384,14314.5
32,32,0,0,12.8427
32,32,1,16,12.672
32,32,1,32,12.6617
32,32,1,64,12.7467
32,32,1,128,14.7413
32,32,1,256,18.2293
32,32,1,512,25.184
32,32,1,1024,39.584
32,32,1,2048,68.3943
32,32,1,4096,126.091
32,32,1,8192,240.597
32,32,1,16384,471.179
32,32,2,16,12.5113
32,32,2,32,12.6507
32,32,2,64,12.6507
32,32,2,128,14.7413
32,32,2,256,18.1757
32,32,2,512,25.2273
32,32,2,1024,39.584
32,32,2,2048,68.4907
32,32,2,4096,126.177
32,32,2,8192,240.95
32,32,2,16384,473.59
32,32,4,16,12.5867
32,32,4,32,12.704
32,32,4,64,12.7683
32,32,4,128,14.795
32,32,4,256,18.2717
32,32,4,512,25.5043
32,32,4,1024,40.192
32,32,4,2048,69.312
32,32,4,4096,127.317
32,32,4,8192,244.395
32,32,4,16384,474.455
32,32,8,16,12.704
32,32,8,32,12.8433
32,32,8,64,13.0347
32,32,8,128,15.1047
32,32,8,256,18.816
32,32,8,512,26.24
32,32,8,1024,41.333
32,32,8,2048,70.6453
32,32,8,4096,128.277
32,32,8,8192,246.56
32,32,8,16384,479.072
32,32,16,16,18.6133
32,32,16,32,18.8697
32,32,16,64,19.3493
32,32,16,128,24.512
32,32,16,256,31.787
32,32,16,512,47.659
32,32,16,1024,78.304
32,32,16,2048,139.2
32,32,16,4096,260.827
32,32,16,8192,502.838
32,32,16,16384,988.118
32,32,32,16,28.8957
32,32,32,32,29.472
32,32,32,64,30.1333
32,32,32,128,41.579
32,32,32,256,60.096
32,32,32,512,98.7947
32,32,32,1024,169.408
32,32,32,2048,310.539
32,32,32,4096,603.296
32,32,32,8192,1193.29
32,32,32,16384,2338.45
32,32,64,16,45.1837
32,32,64,32,46.1653
32,32,64,64,47.9357
32,32,64,128,74.2293
32,32,64,256,119.744
32,32,64,512,220.235
32,32,64,1024,399.542
32,32,64,2048,805.59
32,32,64,4096,1626.78
32,32,64,8192,3389.12
32,32,64,16384,6911.8
32,32,128,16,78.0267
32,32,128,32,79.5947
32,32,128,64,83.446
32,32,128,128,145.76
32,32,128,256,250.262
32,32,128,512,471.094
32,32,128,1024,916.3
32,32,128,2048,1801.72
32,32,128,4096,3583.57
32,32,128,8192,7154.08
32,32,128,16384,14317
32,64,0,0,13.0347
32,64,1,16,12.5973
32,64,1,32,12.736
32,64,1,64,12.843
32,64,1,128,14.7207
32,64,1,256,18.1977
32,64,1,512,25.2053
32,64,1,1024,39.573
32,64,1,2048,68.4057
32,64,1,4096,126.08
32,64,1,8192,240.672
32,64,1,16384,471.403
32,64,2,16,12.576
32,64,2,32,12.7253
32,64,2,64,12.757
32,64,2,128,14.7627
32,64,2,256,18.2187
32,64,2,512,25.27
32,64,2,1024,39.6373
32,64,2,2048,68.4593
32,64,2,4096,126.048
32,64,2,8192,240.917
32,64,2,16384,473.707
32,64,4,16,12.5757
32,64,4,32,12.672
32,64,4,64,12.853
32,64,4,128,14.8477
32,64,4,256,18.325
32,64,4,512,25.4617
32,64,4,1024,40.0213
32,64,4,2048,69.3847
32,64,4,4096,127.275
32,64,4,8192,244.438
32,64,4,16384,474.55
32,64,8,16,12.7363
32,64,8,32,12.8747
32,64,8,64,12.9917
32,64,8,128,15.168
32,64,8,256,18.7837
32,64,8,512,26.2823
32,64,8,1024,41.2583
32,64,8,2048,70.2403
32,64,8,4096,128.448
32,64,8,8192,246.678
32,64,8,16384,478.699
32,64,16,16,18.7413
32,64,16,32,18.9017
32,64,16,64,19.3067
32,64,16,128,24.4267
32,64,16,256,31.8297
32,64,16,512,47.8397
32,64,16,1024,78.4643
32,64,16,2048,139.189
32,64,16,4096,259.861
32,64,16,8192,503.883
32,64,16,16384,985.922
32,64,32,16,28.9387
32,64,32,32,29.44
32,64,32,64,29.9517
32,64,32,128,41.5037
32,64,32,256,59.9467
32,64,32,512,99.126
32,64,32,1024,170.485
32,64,32,2048,310.656
32,64,32,4096,612.427
32,64,32,8192,1207.85
32,64,32,16384,2365.4
32,64,64,16,45.194
32,64,64,32,46.2083
32,64,64,64,47.701
32,64,64,128,74.1227
32,64,64,256,120.448
32,64,64,512,219.222
32,64,64,1024,398.272
32,64,64,2048,811.212
32,64,64,4096,1593.07
32,64,64,8192,3411.52
32,64,64,16384,6919.4
32,64,128,16,77.9733
32,64,128,32,79.5843
32,64,128,64,83.7873
32,64,128,128,144.267
32,64,128,256,252.512
32,64,128,512,471.831
32,64,128,1024,917.207
32,64,128,2048,1803.5
32,64,128,4096,3583.09
32,64,128,8192,7155.03
32,64,128,16384,14315.7
32,128,0,0,16.4157
32,128,1,16,15.1143
32,128,1,32,15.0827
32,128,1,64,15.104
32,128,1,128,15.979
32,128,1,256,18.207
32,128,1,512,25.2587
32,128,1,1024,39.6583
32,128,1,2048,68.467
32,128,1,4096,126.005
32,128,1,8192,240.672
32,128,1,16384,471.158
32,128,2,16,15.072
32,128,2,32,15.0933
32,128,2,64,15.0187
32,128,2,128,15.893
32,128,2,256,18.261
32,128,2,512,25.2467
32,128,2,1024,39.574
32,128,2,2048,68.4377
32,128,2,4096,126.038
32,128,2,8192,241.003
32,128,2,16384,473.599
32,128,4,16,15.0193
32,128,4,32,15.1147
32,128,4,64,15.1147
32,128,4,128,15.9563
32,128,4,256,18.3573
32,128,4,512,25.4507
32,128,4,1024,39.9573
32,128,4,2048,69.2907
32,128,4,4096,127.35
32,128,4,8192,244.278
32,128,4,16384,474.816
32,128,8,16,14.966
32,128,8,32,14.9333
32,128,8,64,14.9867
32,128,8,128,16.1603
32,128,8,256,18.7943
32,128,8,512,26.3147
32,128,8,1024,41.1837
32,128,8,2048,70.3893
32,128,8,4096,128.331
32,128,8,8192,246.379
32,128,8,16384,478.433
32,128,16,16,22.2297
32,128,16,32,22.5177
32,128,16,64,22.7087
32,128,16,128,26.24
32,128,16,256,32.0213
32,128,16,512,47.4777
32,128,16,1024,78.314
32,128,16,2048,139.467
32,128,16,4096,263.52
32,128,16,8192,503.862
32,128,16,16384,990.221
32,128,32,16,28.896
32,128,32,32,29.4937
32,128,32,64,29.9413
32,128,32,128,43.2
32,128,32,256,61.7283
32,128,32,512,98.1013
32,128,32,1024,174.134
32,128,32,2048,315.648
32,128,32,4096,602.86
32,128,32,8192,1181.56
32,128,32,16384,2381.53
32,128,64,16,45.1093
32,128,64,32,46.0907
32,128,64,64,47.6377
32,128,64,128,75.3177
32,128,64,256,123.265
32,128,64,512,221.13
32,128,64,1024,405.9
32,128,64,2048,817.559
32,128,64,4096,1634.57
32,128,64,8192,3399.72
32,128,64,16384,6982.84
32,128,128,16,77.9097
32,128,128,32,79.733
32,128,128,64,83.52
32,128,128,128,145.195
32,128,128,256,254.102
32,128,128,512,471.19
32,128,128,1024,916.237
32,128,128,2048,1800.08
32,128,128,4096,3580.09
32,128,128,8192,7161.64
32,128,128,16384,14306.4
32,256,0,0,20.0213
32,256,1,16,18.5813
32,256,1,32,18.5497
32,256,1,64,18.549
32,256,1,128,18.6453
32,256,1,256,19.4777
32,256,1,512,25.3127
32,256,1,1024,39.6373
32,256,1,2048,68.523
32,256,1,4096,126.102
32,256,1,8192,240.748
32,256,1,16384,471.285
32,256,2,16,18.5923
32,256,2,32,18.4747
32,256,2,64,18.5707
32,256,2,128,18.7413
32,256,2,256,19.456
32,256,2,512,25.248
32,256,2,1024,39.6053
32,256,2,2048,68.427
32,256,2,4096,126.198
32,256,2,8192,240.949
32,256,2,16384,473.632
32,256,4,16,18.5813
32,256,4,32,18.5497
32,256,4,64,18.549
32,256,4,128,18.944
32,256,4,256,19.52
32,256,4,512,25.472
32,256,4,1024,40.0957
32,256,4,2048,69.2267
32,256,4,4096,127.376
32,256,4,8192,244.16
32,256,4,16384,474.624
32,256,8,16,18.4747
32,256,8,32,18.4533
32,256,8,64,18.549
32,256,8,128,19.0933
32,256,8,256,19.7337
32,256,8,512,26.528
32,256,8,1024,41.216
32,256,8,2048,70.1657
32,256,8,4096,128.321
32,256,8,8192,246.4
32,256,8,16384,478.657
32,256,16,16,25.6107
32,256,16,32,25.792
32,256,16,64,26.358
32,256,16,128,29.5787
32,256,16,256,33.6953
32,256,16,512,47.3063
32,256,16,1024,78.1013
32,256,16,2048,139.765
32,256,16,4096,262.24
32,256,16,8192,504.459
32,256,16,16384,990.369
32,256,32,16,31.2103
32,256,32,32,31.6587
32,256,32,64,32.3953
32,256,32,128,43.2107
32,256,32,256,63.5627
32,256,32,512,98.176
32,256,32,1024,174.411
32,256,32,2048,323.317
32,256,32,4096,607.403
32,256,32,8192,1227.95
32,256,32,16384,2367.44
32,256,64,16,47.4247
32,256,64,32,48.2773
32,256,64,64,49.5897
32,256,64,128,75.2637
32,256,64,256,124.842
32,256,64,512,220.373
32,256,64,1024,416.203
32,256,64,2048,818.401
32,256,64,4096,1626.04
32,256,64,8192,3472
32,256,64,16384,7080.47
32,256,128,16,78.208
32,256,128,32,80.0967
32,256,128,64,84.171
32,256,128,128,146.581
32,256,128,256,255.787
32,256,128,512,472.353
32,256,128,1024,918.637
32,256,128,2048,1803.62
32,256,128,4096,3584.18
32,256,128,8192,7163.47
32,256,128,16384,14316.4
32,512,0,0,26.9013
32,512,1,16,25.5253
32,512,1,32,25.5573
32,512,1,64,25.5143
32,512,1,128,25.6637
32,512,1,256,25.5563
32,512,1,512,26.538
32,512,1,1024,39.7117
32,512,1,2048,68.4587
32,512,1,4096,126.124
32,512,1,8192,240.757
32,512,1,16384,471.339
32,512,2,16,25.472
32,512,2,32,25.472
32,512,2,64,25.5363
32,512,2,128,25.7063
32,512,2,256,25.739
32,512,2,512,26.4643
32,512,2,1024,39.6483
32,512,2,2048,68.4907
32,512,2,4096,126.165
32,512,2,8192,241.145
32,512,2,16384,473.824
32,512,4,16,25.4507
32,512,4,32,25.451
32,512,4,64,25.5253
32,512,4,128,26.0373
32,512,4,256,26.112
32,512,4,512,26.5603
32,512,4,1024,40.0107
32,512,4,2048,69.269
32,512,4,4096,127.264
32,512,4,8192,244.406
32,512,4,16384,474.838
32,512,8,16,25.472
32,512,8,32,25.5787
32,512,8,64,25.472
32,512,8,128,26.0903
32,512,8,256,26.6987
32,512,8,512,26.976
32,512,8,1024,41.3333
32,512,8,2048,70.272
32,512,8,4096,128.49
32,512,8,8192,246.624
32,512,8,16384,479.094
32,512,16,16,32.5973
32,512,16,32,32.6937
32,512,16,64,33.141
32,512,16,128,36.3627
32,512,16,256,40.5333
32,512,16,512,48.5543
32,512,16,1024,78.3897
32,512,16,2048,140.001
32,512,16,4096,261.579
32,512,16,8192,507.862
32,512,16,16384,993.761
32,512,32,16,38.0693
32,512,32,32,38.6243
32,512,32,64,39.2107
32,512,32,128,45.824
32,512,32,256,63.7867
32,512,32,512,100.864
32,512,32,1024,171.926
32,512,32,2048,326.699
32,512,32,4096,641.675
32,512,32,8192,1389.61
32,512,32,16384,2554.04
32,512,64,16,54.3467
32,512,64,32,55.328
32,512,64,64,56.7467
32,512,64,128,78.5493
32,512,64,256,123.552
32,512,64,512,221.056
32,512,64,1024,417.472
32,512,64,2048,838.55
32,512,64,4096,1644.88
32,512,64,8192,3470.51
32,512,64,16384,7052.49
32,512,128,16,83.307
32,512,128,32,84.928
32,512,128,64,88.5447
32,512,128,128,149.91
32,512,128,256,256.384
32,512,128,512,476.044
32,512,128,1024,917.965
32,512,128,2048,1804.45
32,512,128,4096,3587.65
32,512,128,8192,7160.08
32,512,128,16384,14317.4
32,1024,0,0,41.3013
32,1024,1,16,39.84
32,1024,1,32,39.8827
32,1024,1,64,39.872
32,1024,1,128,39.8937
32,1024,1,256,39.9253
32,1024,1,512,40.1277
32,1024,1,1024,41.002
32,1024,1,2048,68.459
32,1024,1,4096,126.048
32,1024,1,8192,240.757
32,1024,1,16384,471.125
32,1024,2,16,39.8293
32,1024,2,32,39.8073
32,1024,2,64,39.8297
32,1024,2,128,39.829
32,1024,2,256,40.0003
32,1024,2,512,40.288
32,1024,2,1024,40.757
32,1024,2,2048,68.4587
32,1024,2,4096,126.251
32,1024,2,8192,241.024
32,1024,2,16384,473.312
32,1024,4,16,39.776
32,1024,4,32,39.84
32,1024,4,64,39.8827
32,1024,4,128,40.2457
32,1024,4,256,40.288
32,1024,4,512,40.5547
32,1024,4,1024,40.7893
32,1024,4,2048,69.312
32,1024,4,4096,127.456
32,1024,4,8192,244.373
32,1024,4,16384,474.624
32,1024,8,16,39.7763
32,1024,8,32,39.7547
32,1024,8,64,39.8507
32,1024,8,128,40.352
32,1024,8,256,40.6613
32,1024,8,512,41.1737
32,1024,8,1024,41.5467
32,1024,8,2048,70.166
32,1024,8,4096,128.608
32,1024,8,8192,246.56
32,1024,8,16384,478.155
32,1024,16,16,46.8057
32,1024,16,32,46.699
32,1024,16,64,46.9547
32,1024,16,128,50.123
32,1024,16,256,54.432
32,1024,16,512,62.571
32,1024,16,1024,79.6697
32,1024,16,2048,139.681
32,1024,16,4096,261.056
32,1024,16,8192,505.825
32,1024,16,16384,997.815
32,1024,32,16,51.904
32,1024,32,32,52.448
32,1024,32,64,53.2267
32,1024,32,128,59.7547
32,1024,32,256,74.368
32,1024,32,512,100.832
32,1024,32,1024,174.325
32,1024,32,2048,326.187
32,1024,32,4096,634.806
32,1024,32,8192,1267.76
32,1024,32,16384,2707.49
32,1024,64,16,68.192
32,1024,64,32,69.2483
32,1024,64,64,70.6023
32,1024,64,128,92.5973
32,1024,64,256,139.158
32,1024,64,512,224.822
32,1024,64,1024,404.545
32,1024,64,2048,826.678
32,1024,64,4096,1638.53
32,1024,64,8192,3373.15
32,1024,64,16384,7067.7
32,1024,128,16,99.9893
32,1024,128,32,101.675
32,1024,128,64,104.502
32,1024,128,128,160.416
32,1024,128,256,264.363
32,1024,128,512,478.732
32,1024,128,1024,922.018
32,1024,128,2048,1806.73
32,1024,128,4096,3587.68
32,1024,128,8192,7159.69
32,1024,128,16384,14316.6
32,2048,0,0,69.952
32,2048,1,16,68.6083
32,2048,1,32,68.651
32,2048,1,64,68.5763
32,2048,1,128,68.725
32,2048,1,256,68.672
32,2048,1,512,68.7253
32,2048,1,1024,68.8217
32,2048,1,2048,69.7383
32,2048,1,4096,126.112
32,2048,1,8192,240.544
32,2048,1,16384,471.254
32,2048,2,16,68.5013
32,2048,2,32,68.5117
32,2048,2,64,68.5873
32,2048,2,128,68.597
32,2048,2,256,68.7043
32,2048,2,512,68.7577
32,2048,2,1024,68.843
32,2048,2,2048,69.344
32,2048,2,4096,126.123
32,2048,2,8192,240.97
32,2048,2,16384,473.749
32,2048,4,16,68.5227
32,2048,4,32,68.4377
32,2048,4,64,68.5127
32,2048,4,128,68.8213
32,2048,4,256,69.0667
32,2048,4,512,69.1093
32,2048,4,1024,69.323
32,2048,4,2048,69.5147
32,2048,4,4096,127.296
32,2048,4,8192,244.556
32,2048,4,16384,474.592
32,2048,8,16,68.48
32,2048,8,32,68.501
32,2048,8,64,68.48
32,2048,8,128,69.0347
32,2048,8,256,69.184
32,2048,8,512,69.7707
32,2048,8,1024,70.059
32,2048,8,2048,70.4857
32,2048,8,4096,128.416
32,2048,8,8192,246.476
32,2048,8,16384,478.955
32,2048,16,16,73.8563
32,2048,16,32,74.0053
32,2048,16,64,74.432
32,2048,16,128,77.8553
32,2048,16,256,81.8563
32,2048,16,512,90.0373
32,2048,16,1024,107.189
32,2048,16,2048,140.405
32,2048,16,4096,261.824
32,2048,16,8192,505.856
32,2048,16,16384,994.519
32,2048,32,16,79.7973
32,2048,32,32,80.0743
32,2048,32,64,80.5327
32,2048,32,128,87.4673
32,2048,32,256,102.133
32,2048,32,512,125.504
32,2048,32,1024,174.592
32,2048,32,2048,320.555
32,2048,32,4096,634.604
32,2048,32,8192,1318.48
32,2048,32,16384,2645.65
32,2048,64,16,95.8507
32,2048,64,32,96.6183
32,2048,64,64,98.4107
32,2048,64,128,121.227
32,2048,64,256,168.555
32,2048,64,512,253.856
32,2048,64,1024,413.045
32,2048,64,2048,815.169
32,2048,64,4096,1652.14
32,2048,64,8192,3439.66
32,2048,64,16384,7066.43
32,2048,128,16,127.936
32,2048,128,32,129.75
32,2048,128,64,133.377
32,2048,128,128,191.819
32,2048,128,256,291.68
32,2048,128,512,495.424
32,2048,128,1024,927.831
32,2048,128,2048,1809.64
32,2048,128,4096,3583.71
32,2048,128,8192,7169.63
32,2048,128,16384,14322.1
32,4096,0,0,127.542
32,4096,1,16,126.005
32,4096,1,32,126.005
32,4096,1,64,125.952
32,4096,1,128,126.155
32,4096,1,256,126.08
32,4096,1,512,126.123
32,4096,1,1024,126.23
32,4096,1,2048,126.475
32,4096,1,4096,127.275
32,4096,1,8192,240.587
32,4096,1,16384,471.308
32,4096,2,16,125.824
32,4096,2,32,125.717
32,4096,2,64,125.728
32,4096,2,128,125.899
32,4096,2,256,125.941
32,4096,2,512,126.112
32,4096,2,1024,126.176
32,4096,2,2048,126.357
32,4096,2,4096,126.656
32,4096,2,8192,241.014
32,4096,2,16384,474.038
32,4096,4,16,125.856
32,4096,4,32,125.824
32,4096,4,64,125.781
32,4096,4,128,126.176
32,4096,4,256,126.475
32,4096,4,512,126.507
32,4096,4,1024,126.592
32,4096,4,2048,126.795
32,4096,4,4096,127.52
32,4096,4,8192,244.619
32,4096,4,16384,474.945
32,4096,8,16,125.813
32,4096,8,32,125.803
32,4096,8,64,125.824
32,4096,8,128,126.539
32,4096,8,256,126.838
32,4096,8,512,127.04
32,4096,8,1024,127.265
32,4096,8,2048,127.723
32,4096,8,4096,128.8
32,4096,8,8192,246.709
32,4096,8,16384,479.308
32,4096,16,16,129.728
32,4096,16,32,130.571
32,4096,16,64,130.262
32,4096,16,128,133.61
32,4096,16,256,137.195
32,4096,16,512,145.632
32,4096,16,1024,162.187
32,4096,16,2048,195.862
32,4096,16,4096,262.358
32,4096,16,8192,505.013
32,4096,16,16384,992.962
32,4096,32,16,134.87
32,4096,32,32,135.36
32,4096,32,64,135.648
32,4096,32,128,142.24
32,4096,32,256,157.216
32,4096,32,512,180.256
32,4096,32,1024,224.299
32,4096,32,2048,324.342
32,4096,32,4096,621.227
32,4096,32,8192,1259.19
32,4096,32,16384,2602.98
32,4096,64,16,151.019
32,4096,64,32,152.043
32,4096,64,64,153.952
32,4096,64,128,176.054
32,4096,64,256,224.352
32,4096,64,512,311.287
32,4096,64,1024,482.294
32,4096,64,2048,856.525
32,4096,64,4096,1625.59
32,4096,64,8192,3410.05
32,4096,64,16384,6976.75
32,4096,128,16,183.221
32,4096,128,32,184.566
32,4096,128,64,188.364
32,4096,128,128,247.424
32,4096,128,256,349.11
32,4096,128,512,570.209
32,4096,128,1024,962.873
32,4096,128,2048,1819.98
32,4096,128,4096,3597.01
32,4096,128,8192,7171.99
32,4096,128,16384,14327.3
32,8192,0,0,243.658
32,8192,1,16,241.856
32,8192,1,32,241.857
32,8192,1,64,241.835
32,8192,1,128,241.867
32,8192,1,256,241.962
32,8192,1,512,242.027
32,8192,1,1024,242.027
32,8192,1,2048,242.133
32,8192,1,4096,242.027
32,8192,1,8192,242.24
32,8192,1,16384,470.975
32,8192,2,16,241.536
32,8192,2,32,241.568
32,8192,2,64,241.451
32,8192,2,128,241.706
32,8192,2,256,241.856
32,8192,2,512,241.941
32,8192,2,1024,241.835
32,8192,2,2048,241.898
32,8192,2,4096,241.845
32,8192,2,8192,241.942
32,8192,2,16384,473.515
32,8192,4,16,241.547
32,8192,4,32,241.611
32,8192,4,64,241.611
32,8192,4,128,242.197
32,8192,4,256,241.931
32,8192,4,512,242.262
32,8192,4,1024,242.123
32,8192,4,2048,242.453
32,8192,4,4096,242.635
32,8192,4,8192,244.821
32,8192,4,16384,475.308
32,8192,8,16,241.376
32,8192,8,32,241.525
32,8192,8,64,241.472
32,8192,8,128,242.23
32,8192,8,256,242.391
32,8192,8,512,242.624
32,8192,8,1024,242.965
32,8192,8,2048,243.126
32,8192,8,4096,243.531
32,8192,8,8192,246.645
32,8192,8,16384,479.905
32,8192,16,16,241.856
32,8192,16,32,242.443
32,8192,16,64,241.888
32,8192,16,128,244.736
32,8192,16,256,248.309
32,8192,16,512,255.669
32,8192,16,1024,274.059
32,8192,16,2048,308.647
32,8192,16,4096,375.936
32,8192,16,8192,505.344
32,8192,16,16384,996.439
32,8192,32,16,245.845
32,8192,32,32,245.728
32,8192,32,64,246.315
32,8192,32,128,252.695
32,8192,32,256,267.584
32,8192,32,512,290.049
32,8192,32,1024,336.213
32,8192,32,2048,428.416
32,8192,32,4096,647.915
32,8192,32,8192,1245.5
32,8192,32,16384,2623.71
32,8192,64,16,261.483
32,8192,64,32,263.296
32,8192,64,64,264.62
32,8192,64,128,286.785
32,8192,64,256,332.651
32,8192,64,512,424.331
32,8192,64,1024,601.846
32,8192,64,2048,967.554
32,8192,64,4096,1668.1
32,8192,64,8192,3448.01
32,8192,64,16384,7012.64
32,8192,128,16,292.833
32,8192,128,32,295.019
32,8192,128,64,298.529
32,8192,128,128,358.656
32,8192,128,256,464.182
32,8192,128,512,684.311
32,8192,128,1024,1098.24
32,8192,128,2048,1905.13
32,8192,128,4096,3617.37
32,8192,128,8192,7177.01
32,8192,128,16384,14326.7
32,16384,0,0,477.269
32,16384,1,16,475.061
32,16384,1,32,475.042
32,16384,1,64,475.094
32,16384,1,128,475.116
32,16384,1,256,475.285
32,16384,1,512,475.393
32,16384,1,1024,475.361
32,16384,1,2048,475.253
32,16384,1,4096,475.275
32,16384,1,8192,475.307
32,16384,1,16384,475.606
32,16384,2,16,474.443
32,16384,2,32,474.528
32,16384,2,64,474.613
32,16384,2,128,474.839
32,16384,2,256,474.753
32,16384,2,512,474.604
32,16384,2,1024,474.795
32,16384,2,2048,475.008
32,16384,2,4096,474.838
32,16384,2,8192,474.88
32,16384,2,16384,475.777
32,16384,4,16,474.677
32,16384,4,32,474.699
32,16384,4,64,474.763
32,16384,4,128,475.062
32,16384,4,256,475.126
32,16384,4,512,475.221
32,16384,4,1024,475.285
32,16384,4,2048,475.285
32,16384,4,4096,475.724
32,16384,4,8192,475.756
32,16384,4,16384,477.803
32,16384,8,16,474.326
32,16384,8,32,474.561
32,16384,8,64,474.528
32,16384,8,128,475.201
32,16384,8,256,475.563
32,16384,8,512,475.637
32,16384,8,1024,475.693
32,16384,8,2048,476.032
32,16384,8,4096,476.428
32,16384,8,8192,478.123
32,16384,8,16384,481.088
32,16384,16,16,474.796
32,16384,16,32,474.561
32,16384,16,64,474.454
32,16384,16,128,475.104
32,16384,16,256,476.193
32,16384,16,512,477.493
32,16384,16,1024,493.953
32,16384,16,2048,529.132
32,16384,16,4096,601.707
32,16384,16,8192,734.487
32,16384,16,16384,991.586
32,16384,32,16,475.436
32,16384,32,32,475.521
32,16384,32,64,475.617
32,16384,32,128,477.877
32,16384,32,256,489.44
32,16384,32,512,512.609
32,16384,32,1024,555.329
32,16384,32,2048,646.89
32,16384,32,4096,855.138
32,16384,32,8192,1273.53
32,16384,32,16384,2455.01
32,16384,64,16,481.974
32,16384,64,32,483.542
32,16384,64,64,484.556
32,16384,64,128,507.67
32,16384,64,256,551.319
32,16384,64,512,641.377
32,16384,64,1024,821.079
32,16384,64,2048,1201.41
32,16384,64,4096,1911.46
32,16384,64,8192,3472.64
32,16384,64,16384,6929.23
32,16384,128,16,512.823
32,16384,128,32,514.582
32,16384,128,64,519.403
32,16384,128,128,576.78
32,16384,128,256,685.229
32,16384,128,512,905.292
32,16384,128,1024,1343.79
32,16384,128,2048,2181.2
32,16384,128,4096,3793.54
32,16384,128,8192,7209.62
32,16384,128,16384,14348
64,0,0,0,13.291
64,0,1,16,12.8967
64,0,1,32,12.9817
64,0,1,64,13.0983
64,0,1,128,14.7943
64,0,1,256,18.3037
64,0,1,512,25.259
64,0,1,1024,39.7017
64,0,1,2048,68.544
64,0,1,4096,126.123
64,0,1,8192,240.683
64,0,1,16384,471.298
64,0,2,16,12.8313
64,0,2,32,12.992
64,0,2,64,13.056
64,0,2,128,14.8263
64,0,2,256,18.2507
64,0,2,512,25.2907
64,0,2,1024,39.7337
64,0,2,2048,68.384
64,0,2,4096,126.241
64,0,2,8192,240.993
64,0,2,16384,473.623
64,0,4,16,12.9607
64,0,4,32,13.0347
64,0,4,64,13.1093
64,0,4,128,14.9123
64,0,4,256,18.421
64,0,4,512,25.611
64,0,4,1024,40.0853
64,0,4,2048,69.4187
64,0,4,4096,127.563
64,0,4,8192,244.502
64,0,4,16384,474.486
64,0,8,16,12.9813
64,0,8,32,13.152
64,0,8,64,13.2587
64,0,8,128,15.1787
64,0,8,256,18.9443
64,0,8,512,26.325
64,0,8,1024,41.462
64,0,8,2048,70.325
64,0,8,4096,128.459
64,0,8,8192,246.838
64,0,8,16384,479.83
64,0,16,16,18.8907
64,0,16,32,19.018
64,0,16,64,19.1573
64,0,16,128,24.6937
64,0,16,256,31.8933
64,0,16,512,47.9687
64,0,16,1024,79.2747
64,0,16,2048,139.915
64,0,16,4096,262.038
64,0,16,8192,502.86
64,0,16,16384,990.723
64,0,32,16,29.003
64,0,32,32,29.6423
64,0,32,64,30.1967
64,0,32,128,41.824
64,0,32,256,61.1417
64,0,32,512,99.6057
64,0,32,1024,171.254
64,0,32,2048,312.513
64,0,32,4096,606.07
64,0,32,8192,1182.71
64,0,32,16384,2408.39
64,0,64,16,45.4393
64,0,64,32,46.2293
64,0,64,64,47.5413
64,0,64,128,73.579
64,0,64,256,117.377
64,0,64,512,217.409
64,0,64,1024,396.929
64,0,64,2048,807.256
64,0,64,4096,1609.24
64,0,64,8192,3391.3
64,0,64,16384,6917.79
64,0,128,16,78.101
64,0,128,32,79.84
64,0,128,64,84.6403
64,0,128,128,151.509
64,0,128,256,255.435
64,0,128,512,476.097
64,0,128,1024,918.797
64,0,128,2048,1807.71
64,0,128,4096,3590.74
64,0,128,8192,7161.14
64,0,128,16384,14320.1
64,16,0,0,13.3973
64,16,1,16,12.9383
64,16,1,32,13.0237
64,16,1,64,13.1097
64,16,1,128,14.7733
64,16,1,256,18.2397
64,16,1,512,25.2907
64,16,1,1024,39.6693
64,16,1,2048,68.5123
64,16,1,4096,126.155
64,16,1,8192,240.651
64,16,1,16384,471.404
64,16,2,16,12.832
64,16,2,32,12.9603
64,16,2,64,12.9703
64,16,2,128,14.848
64,16,2,256,18.2297
64,16,2,512,25.3543
64,16,2,1024,39.712
64,16,2,2048,68.704
64,16,2,4096,126.337
64,16,2,8192,241.089
64,16,2,16384,473.452
64,16,4,16,13.0247
64,16,4,32,13.0453
64,16,4,64,13.109
64,16,4,128,14.9863
64,16,4,256,18.4213
64,16,4,512,25.5573
64,16,4,1024,40.32
64,16,4,2048,69.4613
64,16,4,4096,127.478
64,16,4,8192,244.609
64,16,4,16384,475.115
64,16,8,16,13.0667
64,16,8,32,13.1307
64,16,8,64,13.2693
64,16,8,128,15.2103
64,16,8,256,18.869
64,16,8,512,26.4
64,16,8,1024,41.3657
64,16,8,2048,70.2297
64,16,8,4096,128.438
64,16,8,8192,246.764
64,16,8,16384,478.742
64,16,16,16,19.0077
64,16,16,32,19.2107
64,16,16,64,19.6477
64,16,16,128,24.6723
64,16,16,256,31.765
64,16,16,512,47.979
64,16,16,1024,79.1467
64,16,16,2048,139.958
64,16,16,4096,260.652
64,16,16,8192,505.772
64,16,16,16384,988.343
64,16,32,16,29.0457
64,16,32,32,29.5467
64,16,32,64,30.3897
64,16,32,128,41.7387
64,16,32,256,61.2477
64,16,32,512,99.4673
64,16,32,1024,171.168
64,16,32,2048,312.854
64,16,32,4096,609.581
64,16,32,8192,1186.37
64,16,32,16384,2409.19
64,16,64,16,45.4403
64,16,64,32,46.3893
64,16,64,64,47.712
64,16,64,128,73.376
64,16,64,256,117.451
64,16,64,512,218.71
64,16,64,1024,396.354
64,16,64,2048,799.885
64,16,64,4096,1574.31
64,16,64,8192,3469.44
64,16,64,16384,6944.86
64,16,128,16,78.1977
64,16,128,32,79.8613
64,16,128,64,84.555
64,16,128,128,149.376
64,16,128,256,257.42
64,16,128,512,476.417
64,16,128,1024,920.066
64,16,128,2048,1808.77
64,16,128,4096,3587.72
64,16,128,8192,7164.02
64,16,128,16384,14320.5
64,32,0,0,13.4507
64,32,1,16,12.928
64,32,1,32,13.035
64,32,1,64,13.2053
64,32,1,128,14.7937
64,32,1,256,18.262
64,32,1,512,25.3223
64,32,1,1024,39.6057
64,32,1,2048,68.4693
64,32,1,4096,126.101
64,32,1,8192,240.576
64,32,1,16384,471.349
64,32,2,16,12.832
64,32,2,32,12.971
64,32,2,64,12.9813
64,32,2,128,14.8373
64,32,2,256,18.293
64,32,2,512,25.344
64,32,2,1024,39.68
64,32,2,2048,68.4267
64,32,2,4096,126.229
64,32,2,8192,240.961
64,32,2,16384,473.633
64,32,4,16,12.8957
64,32,4,32,13.184
64,32,4,64,13.0987
64,32,4,128,14.9337
64,32,4,256,18.3997
64,32,4,512,25.6107
64,32,4,1024,40.0427
64,32,4,2048,69.4187
64,32,4,4096,127.552
64,32,4,8192,244.332
64,32,4,16384,475.041
64,32,8,16,13.0457
64,32,8,32,13.1627
64,32,8,64,13.4823
64,32,8,128,15.1893
64,32,8,256,18.827
64,32,8,512,26.3897
64,32,8,1024,41.7177
64,32,8,2048,70.5177
64,32,8,4096,128.651
64,32,8,8192,246.614
64,32,8,16384,479.351
64,32,16,16,18.9977
64,32,16,32,19.3287
64,32,16,64,19.8187
64,32,16,128,24.64
64,32,16,256,31.872
64,32,16,512,48.3737
64,32,16,1024,79.413
64,32,16,2048,140.031
64,32,16,4096,261.718
64,32,16,8192,506.198
64,32,16,16384,986.946
64,32,32,16,29.0987
64,32,32,32,29.611
64,32,32,64,29.9943
64,32,32,128,41.7387
64,32,32,256,61.2377
64,32,32,512,99.435
64,32,32,1024,171.083
64,32,32,2048,313.921
64,32,32,4096,600.065
64,32,32,8192,1184.3
64,32,32,16384,2390.48
64,32,64,16,45.451
64,32,64,32,46.3997
64,32,64,64,47.7123
64,32,64,128,73.5363
64,32,64,256,117.568
64,32,64,512,219.734
64,32,64,1024,395.553
64,32,64,2048,802.253
64,32,64,4096,1581.31
64,32,64,8192,3413.07
64,32,64,16384,6998.93
64,32,128,16,78.0697
64,32,128,32,80
64,32,128,64,84.683
64,32,128,128,150.208
64,32,128,256,256.662
64,32,128,512,476.598
64,32,128,1024,920.428
64,32,128,2048,1808.4
64,32,128,4096,3585.86
64,32,128,8192,7162.55
64,32,128,16384,14316.2
64,64,0,0,13.4613
64,64,1,16,12.9067
64,64,1,32,13.078
64,64,1,64,13.1303
64,64,1,128,14.8587
64,64,1,256,18.2187
64,64,1,512,25.28
64,64,1,1024,39.6587
64,64,1,2048,68.4913
64,64,1,4096,126.113
64,64,1,8192,240.619
64,64,1,16384,471.318
64,64,2,16,12.8427
64,64,2,32,12.874
64,64,2,64,13.0243
64,64,2,128,14.8267
64,64,2,256,18.3147
64,64,2,512,25.3223
64,64,2,1024,39.6583
64,64,2,2048,68.608
64,64,2,4096,126.208
64,64,2,8192,241.003
64,64,2,16384,473.58
64,64,4,16,12.8853
64,64,4,32,13.0453
64,64,4,64,13.0453
64,64,4,128,14.912
64,64,4,256,18.4
64,64,4,512,25.5787
64,64,4,1024,40.096
64,64,4,2048,69.4617
64,64,4,4096,127.499
64,64,4,8192,244.651
64,64,4,16384,474.743
64,64,8,16,13.056
64,64,8,32,13.1733
64,64,8,64,13.334
64,64,8,128,15.2533
64,64,8,256,18.9013
64,64,8,512,26.432
64,64,8,1024,41.3337
64,64,8,2048,70.3253
64,64,8,4096,128.683
64,64,8,8192,246.838
64,64,8,16384,479.415
64,64,16,16,19.0933
64,64,16,32,19.392
64,64,16,64,19.6483
64,64,16,128,24.5117
64,64,16,256,31.915
64,64,16,512,48.117
64,64,16,1024,79.2537
64,64,16,2048,139.819
64,64,16,4096,262.346
64,64,16,8192,503.66
64,64,16,16384,993.783
64,64,32,16,28.9497
64,64,32,32,29.654
64,64,32,64,30.048
64,64,32,128,41.707
64,64,32,256,61.12
64,64,32,512,99.126
64,64,32,1024,172.737
64,64,32,2048,313.825
64,64,32,4096,602.967
64,64,32,8192,1194.43
64,64,32,16384,2350.84
64,64,64,16,45.312
64,64,64,32,46.3043
64,64,64,64,47.6803
64,64,64,128,73.5997
64,64,64,256,119.51
64,64,64,512,220.554
64,64,64,1024,398.496
64,64,64,2048,802.592
64,64,64,4096,1602.16
64,64,64,8192,3409.93
64,64,64,16384,6986.35
64,64,128,16,78.027
64,64,128,32,79.9573
64,64,128,64,85.3017
64,64,128,128,150.358
64,64,128,256,256.331
64,64,128,512,476.919
64,64,128,1024,920.825
64,64,128,2048,1806.96
64,64,128,4096,3591.7
64,64,128,8192,7162.1
64,64,128,16384,14312.5
64,128,0,0,16.864
64,128,1,16,15.5307
64,128,1,32,15.5733
64,128,1,64,15.5413
64,128,1,128,16.2667
64,128,1,256,18.2723
64,128,1,512,25.301
64,128,1,1024,39.691
64,128,1,2048,68.5017
64,128,1,4096,126.177
64,128,1,8192,240.726
64,128,1,16384,471.308
64,128,2,16,15.5093
64,128,2,32,15.5417
64,128,2,64,15.5413
64,128,2,128,16.203
64,128,2,256,18.357
64,128,2,512,25.3227
64,128,2,1024,39.7333
64,128,2,2048,68.576
64,128,2,4096,126.336
64,128,2,8192,241.131
64,128,2,16384,473.506
64,128,4,16,15.5943
64,128,4,32,15.6373
64,128,4,64,15.6157
64,128,4,128,16.2127
64,128,4,256,18.4633
64,128,4,512,25.5467
64,128,4,1024,40.3307
64,128,4,2048,69.5467
64,128,4,4096,127.467
64,128,4,8192,244.534
64,128,4,16384,474.999
64,128,8,16,15.3597
64,128,8,32,15.381
64,128,8,64,15.4347
64,128,8,128,16.3837
64,128,8,256,18.923
64,128,8,512,26.454
64,128,8,1024,41.3443
64,128,8,2048,70.3787
64,128,8,4096,128.619
64,128,8,8192,246.614
64,128,8,16384,479.18
64,128,16,16,22.7943
64,128,16,32,22.9547
64,128,16,64,23.1573
64,128,16,128,26.3467
64,128,16,256,32.3943
64,128,16,512,47.456
64,128,16,1024,78.9547
64,128,16,2048,140.214
64,128,16,4096,262.998
64,128,16,8192,510.347
64,128,16,16384,988.568
64,128,32,16,29.0987
64,128,32,32,29.6003
64,128,32,64,30.1653
64,128,32,128,43.499
64,128,32,256,62.613
64,128,32,512,98.9547
64,128,32,1024,175.307
64,128,32,2048,316.492
64,128,32,4096,605.409
64,128,32,8192,1195.65
64,128,32,16384,2329.91
64,128,64,16,45.3763
64,128,64,32,46.336
64,128,64,64,47.6907
64,128,64,128,75.115
64,128,64,256,121.44
64,128,64,512,218.752
64,128,64,1024,409.601
64,128,64,2048,803.564
64,128,64,4096,1636.8
64,128,64,8192,3471.37
64,128,64,16384,7005.43
64,128,128,16,78.0807
64,128,128,32,79.968
64,128,128,64,85.0567
64,128,128,128,150.72
64,128,128,256,258.294
64,128,128,512,477.313
64,128,128,1024,920.995
64,128,128,2048,1811.94
64,128,128,4096,3587.71
64,128,128,8192,7163.58
64,128,128,16384,14319.2
64,256,0,0,20.4053
64,256,1,16,18.9863
64,256,1,32,18.944
64,256,1,64,19.0293
64,256,1,128,19.0293
64,256,1,256,19.8293
64,256,1,512,25.3333
64,256,1,1024,39.68
64,256,1,2048,68.5117
64,256,1,4096,126.219
64,256,1,8192,240.715
64,256,1,16384,471.447
64,256,2,16,19.0287
64,256,2,32,19.0077
64,256,2,64,18.9653
64,256,2,128,19.0507
64,256,2,256,19.7013
64,256,2,512,25.3133
64,256,2,1024,39.6797
64,256,2,2048,68.736
64,256,2,4096,126.251
64,256,2,8192,241.195
64,256,2,16384,473.76
64,256,4,16,19.083
64,256,4,32,19.029
64,256,4,64,19.094
64,256,4,128,19.3387
64,256,4,256,19.7123
64,256,4,512,25.6
64,256,4,1024,40.118
64,256,4,2048,69.5043
64,256,4,4096,127.552
64,256,4,8192,244.502
64,256,4,16384,474.976
64,256,8,16,18.9123
64,256,8,32,18.9547
64,256,8,64,19.072
64,256,8,128,19.7337
64,256,8,256,19.968
64,256,8,512,26.4
64,256,8,1024,41.3653
64,256,8,2048,70.549
64,256,8,4096,128.523
64,256,8,8192,246.614
64,256,8,16384,479.585
64,256,16,16,26.24
64,256,16,32,26.3997
64,256,16,64,26.731
64,256,16,128,30.0907
64,256,16,256,34.0483
64,256,16,512,47.766
64,256,16,1024,78.752
64,256,16,2048,139.829
64,256,16,4096,261.772
64,256,16,8192,505.196
64,256,16,16384,988.504
64,256,32,16,31.9357
64,256,32,32,32.2343
64,256,32,64,32.949
64,256,32,128,43.2643
64,256,32,256,64.288
64,256,32,512,99.221
64,256,32,1024,175.051
64,256,32,2048,322.23
64,256,32,4096,610.499
64,256,32,8192,1202.89
64,256,32,16384,2417.14
64,256,64,16,48.2453
64,256,64,32,48.9387
64,256,64,64,50.368
64,256,64,128,74.5917
64,256,64,256,122.902
64,256,64,512,220.097
64,256,64,1024,416.012
64,256,64,2048,824.708
64,256,64,4096,1644.32
64,256,64,8192,3450.68
64,256,64,16384,6931.03
64,256,128,16,78.2827
64,256,128,32,80.4157
64,256,128,64,85.643
64,256,128,128,152.181
64,256,128,256,260.524
64,256,128,512,477.835
64,256,128,1024,922.85
64,256,128,2048,1807.04
64,256,128,4096,3593.21
64,256,128,8192,7160.43
64,256,128,16384,14321.6
64,512,0,0,27.4667
64,512,1,16,25.984
64,512,1,32,26.005
64,512,1,64,26.048
64,512,1,128,26.0267
64,512,1,256,26.0477
64,512,1,512,26.8483
64,512,1,1024,39.723
64,512,1,2048,68.6513
64,512,1,4096,126.187
64,512,1,8192,240.736
64,512,1,16384,471.446
64,512,2,16,25.9527
64,512,2,32,25.9303
64,512,2,64,25.984
64,512,2,128,26.0473
64,512,2,256,26.0907
64,512,2,512,26.6887
64,512,2,1024,39.7117
64,512,2,2048,68.6507
64,512,2,4096,126.433
64,512,2,8192,240.929
64,512,2,16384,473.302
64,512,4,16,25.9953
64,512,4,32,25.974
64,512,4,64,26.0053
64,512,4,128,26.1547
64,512,4,256,26.2933
64,512,4,512,26.88
64,512,4,1024,40.107
64,512,4,2048,69.5043
64,512,4,4096,127.596
64,512,4,8192,244.737
64,512,4,16384,474.679
64,512,8,16,25.984
64,512,8,32,26.0163
64,512,8,64,25.9733
64,512,8,128,26.6983
64,512,8,256,26.8587
64,512,8,512,27.1043
64,512,8,1024,41.5047
64,512,8,2048,70.4957
64,512,8,4096,129.024
64,512,8,8192,247.094
64,512,8,16384,478.775
64,512,16,16,33.0777
64,512,16,32,33.2803
64,512,16,64,33.7817
64,512,16,128,36.7143
64,512,16,256,40.7363
64,512,16,512,49.3337
64,512,16,1024,79.008
64,512,16,2048,140.065
64,512,16,4096,263.563
64,512,16,8192,508.054
64,512,16,16384,993.208
64,512,32,16,38.7093
64,512,32,32,39.1467
64,512,32,64,39.7867
64,512,32,128,46.7307
64,512,32,256,64.587
64,512,32,512,101.014
64,512,32,1024,171.383
64,512,32,2048,329.185
64,512,32,4096,638.251
64,512,32,8192,1267.28
64,512,32,16384,2481.84
64,512,64,16,54.955
64,512,64,32,55.915
64,512,64,64,57.2693
64,512,64,128,78.165
64,512,64,256,122.166
64,512,64,512,219.339
64,512,64,1024,411.777
64,512,64,2048,831.16
64,512,64,4096,1658.16
64,512,64,8192,3486.71
64,512,64,16384,7004.1
64,512,128,16,83.6583
64,512,128,32,85.4513
64,512,128,64,91.4983
64,512,128,128,156.747
64,512,128,256,261.878
64,512,128,512,481.666
64,512,128,1024,921.954
64,512,128,2048,1809.96
64,512,128,4096,3591.11
64,512,128,8192,7164.1
64,512,128,16384,14325.1
64,1024,0,0,41.7383
64,1024,1,16,40.309
64,1024,1,32,40.3307
64,1024,1,64,40.32
64,1024,1,128,40.3623
64,1024,1,256,40.4053
64,1024,1,512,40.4907
64,1024,1,1024,41.184
64,1024,1,2048,68.6827
64,1024,1,4096,126.229
64,1024,1,8192,240.779
64,1024,1,16384,471.372
64,1024,2,16,40.2453
64,1024,2,32,40.2987
64,1024,2,64,40.2353
64,1024,2,128,40.352
64,1024,2,256,40.3847
64,1024,2,512,40.4697
64,1024,2,1024,41.0137
64,1024,2,2048,68.4583
64,1024,2,4096,126.261
64,1024,2,8192,240.982
64,1024,2,16384,473.612
64,1024,4,16,40.2883
64,1024,4,32,40.2983
64,1024,4,64,40.3093
64,1024,4,128,40.5653
64,1024,4,256,40.7367
64,1024,4,512,40.8207
64,1024,4,1024,41.1097
64,1024,4,2048,69.4827
64,1024,4,4096,127.573
64,1024,4,8192,244.523
64,1024,4,16384,474.925
64,1024,8,16,40.245
64,1024,8,32,40.309
64,1024,8,64,40.2777
64,1024,8,128,41.088
64,1024,8,256,41.2053
64,1024,8,512,41.387
64,1024,8,1024,42.209
64,1024,8,2048,70.6557
64,1024,8,4096,129.258
64,1024,8,8192,247.351
64,1024,8,16384,479.286
64,1024,16,16,46.7943
64,1024,16,32,46.9757
64,1024,16,64,47.7117
64,1024,16,128,50.8373
64,1024,16,256,54.6137
64,1024,16,512,63.2323
64,1024,16,1024,80.651
64,1024,16,2048,140.342
64,1024,16,4096,263.072
64,1024,16,8192,507.105
64,1024,16,16384,995.479
64,1024,32,16,52.437
64,1024,32,32,52.875
64,1024,32,64,53.7067
64,1024,32,128,60.235
64,1024,32,256,75.5523
64,1024,32,512,101.675
64,1024,32,1024,174.731
64,1024,32,2048,326.412
64,1024,32,4096,648.258
64,1024,32,8192,1320.05
64,1024,32,16384,2650.58
64,1024,64,16,68.875
64,1024,64,32,69.589
64,1024,64,64,71.2857
64,1024,64,128,92.3203
64,1024,64,256,136.896
64,1024,64,512,222.251
64,1024,64,1024,405.131
64,1024,64,2048,829.261
64,1024,64,4096,1648.33
64,1024,64,8192,3427.29
64,1024,64,16384,7040.91
64,1024,128,16,100.64
64,1024,128,32,102.155
64,1024,128,64,106.443
64,1024,128,128,165.313
64,1024,128,256,266.902
64,1024,128,512,483.457
64,1024,128,1024,927.213
64,1024,128,2048,1814.99
64,1024,128,4096,3595
64,1024,128,8192,7173.07
64,1024,128,16384,14327.5
64,2048,0,0,70.5813
64,2048,1,16,69.056
64,2048,1,32,69.0133
64,2048,1,64,69.0027
64,2048,1,128,69.0673
64,2048,1,256,69.0987
64,2048,1,512,69.1197
64,2048,1,1024,69.1093
64,2048,1,2048,70.0483
64,2048,1,4096,126.219
64,2048,1,8192,240.833
64,2048,1,16384,471.212
64,2048,2,16,68.8643
64,2048,2,32,68.9177
64,2048,2,64,68.95
64,2048,2,128,69.003
64,2048,2,256,69.0667
64,2048,2,512,69.1737
64,2048,2,1024,69.1623
64,2048,2,2048,69.6857
64,2048,2,4096,126.272
64,2048,2,8192,241.036
64,2048,2,16384,474.209
64,2048,4,16,69.0243
64,2048,4,32,69.013
64,2048,4,64,68.9813
64,2048,4,128,69.163
64,2048,4,256,69.3337
64,2048,4,512,69.4407
64,2048,4,1024,69.6747
64,2048,4,2048,69.9093
64,2048,4,4096,127.456
64,2048,4,8192,244.544
64,2048,4,16384,474.977
64,2048,8,16,68.939
64,2048,8,32,68.907
64,2048,8,64,68.9703
64,2048,8,128,69.7067
64,2048,8,256,69.7817
64,2048,8,512,70.059
64,2048,8,1024,70.6137
64,2048,8,2048,71.1147
64,2048,8,4096,128.96
64,2048,8,8192,246.582
64,2048,8,16384,479.406
64,2048,16,16,75.5203
64,2048,16,32,75.2963
64,2048,16,64,75.435
64,2048,16,128,78.4963
64,2048,16,256,82.6987
64,2048,16,512,90.773
64,2048,16,1024,108.107
64,2048,16,2048,141.377
64,2048,16,4096,261.729
64,2048,16,8192,506.838
64,2048,16,16384,994.979
64,2048,32,16,80.1497
64,2048,32,32,80.5867
64,2048,32,64,81.152
64,2048,32,128,87.925
64,2048,32,256,102.795
64,2048,32,512,125.355
64,2048,32,1024,175.734
64,2048,32,2048,322.23
64,2048,32,4096,644.726
64,2048,32,8192,1281.41
64,2048,32,16384,2658.52
64,2048,64,16,96.4373
64,2048,64,32,97.2377
64,2048,64,64,99.0617
64,2048,64,128,120.565
64,2048,64,256,165.281
64,2048,64,512,252.79
64,2048,64,1024,414.39
64,2048,64,2048,807.458
64,2048,64,4096,1665.23
64,2048,64,8192,3422.01
64,2048,64,16384,7045.51
64,2048,128,16,128.459
64,2048,128,32,130.134
64,2048,128,64,135.051
64,2048,128,128,197.686
64,2048,128,256,299.873
64,2048,128,512,500.589
64,2048,128,1024,931.267
64,2048,128,2048,1814.47
64,2048,128,4096,3592.85
64,2048,128,8192,7170.69
64,2048,128,16384,14334.6
64,4096,0,0,128.128
64,4096,1,16,126.4
64,4096,1,32,126.464
64,4096,1,64,126.369
64,4096,1,128,126.581
64,4096,1,256,126.443
64,4096,1,512,126.464
64,4096,1,1024,126.603
64,4096,1,2048,126.646
64,4096,1,4096,127.68
64,4096,1,8192,240.758
64,4096,1,16384,471.542
64,4096,2,16,126.241
64,4096,2,32,126.155
64,4096,2,64,126.208
64,4096,2,128,126.379
64,4096,2,256,126.337
64,4096,2,512,126.357
64,4096,2,1024,126.347
64,4096,2,2048,126.752
64,4096,2,4096,126.976
64,4096,2,8192,241.004
64,4096,2,16384,473.622
64,4096,4,16,126.326
64,4096,4,32,126.336
64,4096,4,64,126.304
64,4096,4,128,126.581
64,4096,4,256,126.571
64,4096,4,512,126.699
64,4096,4,1024,126.998
64,4096,4,2048,127.147
64,4096,4,4096,127.734
64,4096,4,8192,244.704
64,4096,4,16384,475.382
64,4096,8,16,126.465
64,4096,8,32,126.315
64,4096,8,64,126.304
64,4096,8,128,127.126
64,4096,8,256,127.136
64,4096,8,512,127.478
64,4096,8,1024,128.149
64,4096,8,2048,128.181
64,4096,8,4096,129.536
64,4096,8,8192,246.741
64,4096,8,16384,479.468
64,4096,16,16,130.048
64,4096,16,32,129.867
64,4096,16,64,131.562
64,4096,16,128,133.505
64,4096,16,256,137.451
64,4096,16,512,145.856
64,4096,16,1024,163.894
64,4096,16,2048,196.789
64,4096,16,4096,263.563
64,4096,16,8192,505.527
64,4096,16,16384,995.842
64,4096,32,16,135.392
64,4096,32,32,135.777
64,4096,32,64,136.246
64,4096,32,128,143.072
64,4096,32,256,158.475
64,4096,32,512,181.014
64,4096,32,1024,225.164
64,4096,32,2048,325.921
64,4096,32,4096,633.847
64,4096,32,8192,1264.35
64,4096,32,16384,2630.32
64,4096,64,16,151.681
64,4096,64,32,152.587
64,4096,64,64,154.133
64,4096,64,128,175.979
64,4096,64,256,220.939
64,4096,64,512,307.605
64,4096,64,1024,485.644
64,4096,64,2048,835.116
64,4096,64,4096,1622.68
64,4096,64,8192,3383.05
64,4096,64,16384,7093.52
64,4096,128,16,183.788
64,4096,128,32,185.366
64,4096,128,64,190.005
64,4096,128,128,252.96
64,4096,128,256,356.705
64,4096,128,512,566.412
64,4096,128,1024,970.338
64,4096,128,2048,1827.72
64,4096,128,4096,3607.5
64,4096,128,8192,7173.55
64,4096,128,16384,14328.8
64,8192,0,0,243.99
64,8192,1,16,242.336
64,8192,1,32,242.262
64,8192,1,64,242.24
64,8192,1,128,242.475
64,8192,1,256,242.252
64,8192,1,512,242.315
64,8192,1,1024,242.315
64,8192,1,2048,242.316
64,8192,1,4096,242.368
64,8192,1,8192,242.913
64,8192,1,16384,471.276
64,8192,2,16,241.899
64,8192,2,32,241.931
64,8192,2,64,241.921
64,8192,2,128,242.017
64,8192,2,256,242.145
64,8192,2,512,242.049
64,8192,2,1024,242.134
64,8192,2,2048,242.091
64,8192,2,4096,242.165
64,8192,2,8192,242.358
64,8192,2,16384,473.761
64,8192,4,16,242.112
64,8192,4,32,241.953
64,8192,4,64,242.176
64,8192,4,128,242.358
64,8192,4,256,242.411
64,8192,4,512,242.454
64,8192,4,1024,242.56
64,8192,4,2048,242.603
64,8192,4,4096,242.901
64,8192,4,8192,244.598
64,8192,4,16384,475.543
64,8192,8,16,242.004
64,8192,8,32,241.909
64,8192,8,64,241.889
64,8192,8,128,242.667
64,8192,8,256,242.774
64,8192,8,512,242.859
64,8192,8,1024,243.382
64,8192,8,2048,244.012
64,8192,8,4096,244.256
64,8192,8,8192,246.517
64,8192,8,16384,479.946
64,8192,16,16,242.166
64,8192,16,32,242.101
64,8192,16,64,242.177
64,8192,16,128,244.598
64,8192,16,256,248.875
64,8192,16,512,256.374
64,8192,16,1024,274.315
64,8192,16,2048,308.907
64,8192,16,4096,375.573
64,8192,16,8192,504.012
64,8192,16,16384,993.718
64,8192,32,16,246.144
64,8192,32,32,246.38
64,8192,32,64,246.891
64,8192,32,128,253.58
64,8192,32,256,268.684
64,8192,32,512,291.275
64,8192,32,1024,335.414
64,8192,32,2048,428.47
64,8192,32,4096,661.548
64,8192,32,8192,1242.08
64,8192,32,16384,2623.17
64,8192,64,16,262.06
64,8192,64,32,262.955
64,8192,64,64,264.417
64,8192,64,128,285.792
64,8192,64,256,329.153
64,8192,64,512,420.865
64,8192,64,1024,599.842
64,8192,64,2048,972.451
64,8192,64,4096,1675.3
64,8192,64,8192,3415.83
64,8192,64,16384,6990.51
64,8192,128,16,293.644
64,8192,128,32,295.648
64,8192,128,64,300.278
64,8192,128,128,361.932
64,8192,128,256,463.799
64,8192,128,512,687.127
64,8192,128,1024,1108.41
64,8192,128,2048,1920.27
64,8192,128,4096,3614.18
64,8192,128,8192,7180.62
64,8192,128,16384,14328.3
64,16384,0,0,477.826
64,16384,1,16,475.5
64,16384,1,32,475.489
64,16384,1,64,475.724
64,16384,1,128,475.628
64,16384,1,256,475.48
64,16384,1,512,475.638
64,16384,1,1024,475.563
64,16384,1,2048,475.766
64,16384,1,4096,475.746
64,16384,1,8192,475.735
64,16384,1,16384,476.001
64,16384,2,16,474.956
64,16384,2,32,474.732
64,16384,2,64,474.784
64,16384,2,128,475.062
64,16384,2,256,474.902
64,16384,2,512,474.924
64,16384,2,1024,474.871
64,16384,2,2048,475.083
64,16384,2,4096,475.116
64,16384,2,8192,475.18
64,16384,2,16384,475.948
64,16384,4,16,475.169
64,16384,4,32,475.094
64,16384,4,64,474.902
64,16384,4,128,475.34
64,16384,4,256,475.542
64,16384,4,512,475.543
64,16384,4,1024,475.607
64,16384,4,2048,475.788
64,16384,4,4096,475.969
64,16384,4,8192,476.928
64,16384,4,16384,477.057
64,16384,8,16,474.847
64,16384,8,32,474.796
64,16384,8,64,474.838
64,16384,8,128,475.553
64,16384,8,256,475.713
64,16384,8,512,475.745
64,16384,8,1024,476.365
64,16384,8,2048,476.694
64,16384,8,4096,476.972
64,16384,8,8192,477.835
64,16384,8,16384,481.228
64,16384,16,16,475.35
64,16384,16,32,475.287
64,16384,16,64,474.912
64,16384,16,128,476.715
64,16384,16,256,476.854
64,16384,16,512,479.68
64,16384,16,1024,495.2
64,16384,16,2048,529.845
64,16384,16,4096,603.287
64,16384,16,8192,735.372
64,16384,16,16384,999.809
64,16384,32,16,476.247
64,16384,32,32,475.819
64,16384,32,64,476.226
64,16384,32,128,479.159
64,16384,32,256,489.505
64,16384,32,512,512.107
64,16384,32,1024,557.996
64,16384,32,2048,651.351
64,16384,32,4096,860.708
64,16384,32,8192,1274.04
64,16384,32,16384,2531.32
64,16384,64,16,483.586
64,16384,64,32,483.98
64,16384,64,64,485.421
64,16384,64,128,506.977
64,16384,64,256,548.439
64,16384,64,512,642.796
64,16384,64,1024,817.379
64,16384,64,2048,1194.17
64,16384,64,4096,1902.9
64,16384,64,8192,3483.65
64,16384,64,16384,6935.04
64,16384,128,16,513.633
64,16384,128,32,515.852
64,16384,128,64,521.357
64,16384,128,128,582.625
64,16384,128,256,690.594
64,16384,128,512,911.736
64,16384,128,1024,1347.26
64,16384,128,2048,2207.09
64,16384,128,4096,3802.66
64,16384,128,8192,7211.09
64,16384,128,16384,14348.7
128,0,0,0,13.6107
128,0,1,16,13.472
128,0,1,32,13.5677
128,0,1,64,13.5257
128,0,1,128,15.339
128,0,1,256,18.496
128,0,1,512,25.5467
128,0,1,1024,39.9253
128,0,1,2048,68.7047
128,0,1,4096,126.23
128,0,1,8192,240.641
128,0,1,16384,471.117
128,0,2,16,13.5043
128,0,2,32,13.696
128,0,2,64,13.6427
128,0,2,128,15.2537
128,0,2,256,18.6987
128,0,2,512,25.7707
128,0,2,1024,40.107
128,0,2,2048,68.896
128,0,2,4096,126.646
128,0,2,8192,241.131
128,0,2,16384,473.889
128,0,4,16,13.493
128,0,4,32,13.504
128,0,4,64,13.5893
128,0,4,128,15.3273
128,0,4,256,18.9653
128,0,4,512,26.0697
128,0,4,1024,40.6187
128,0,4,2048,69.6853
128,0,4,4096,127.765
128,0,4,8192,245.195
128,0,4,16384,475.702
128,0,8,16,13.5467
128,0,8,32,13.8027
128,0,8,64,13.8027
128,0,8,128,16.448
128,0,8,256,20.2773
128,0,8,512,27.36
128,0,8,1024,41.6223
128,0,8,2048,70.656
128,0,8,4096,129.024
128,0,8,8192,247.116
128,0,8,16384,480.044
128,0,16,16,19.584
128,0,16,32,19.8827
128,0,16,64,20.0537
128,0,16,128,25.429
128,0,16,256,32.768
128,0,16,512,47.765
128,0,16,1024,78.6453
128,0,16,2048,139.328
128,0,16,4096,260.865
128,0,16,8192,502.721
128,0,16,16384,985.538
128,0,32,16,29.9733
128,0,32,32,30.5173
128,0,32,64,31.0403
128,0,32,128,42.6667
128,0,32,256,58.88
128,0,32,512,98.1653
128,0,32,1024,172.843
128,0,32,2048,313.707
128,0,32,4096,599.191
128,0,32,8192,1235.79
128,0,32,16384,2390.41
128,0,64,16,47.5733
128,0,64,32,48.544
128,0,64,64,49.9197
128,0,64,128,76.096
128,0,64,256,125.964
128,0,64,512,234.87
128,0,64,1024,410.657
128,0,64,2048,804.129
128,0,64,4096,1635.38
128,0,64,8192,3381.63
128,0,64,16384,7026.52
128,0,128,16,84.3313
128,0,128,32,86.0057
128,0,128,64,88.9603
128,0,128,128,150.773
128,0,128,256,249.74
128,0,128,512,470.721
128,0,128,1024,915.085
128,0,128,2048,1803.86
128,0,128,4096,3583.86
128,0,128,8192,7159.24
128,0,128,16384,14312.2
128,16,0,0,15.616
128,16,1,16,15.701
128,16,1,32,15.7223
128,16,1,64,15.712
128,16,1,128,15.776
128,16,1,256,18.528
128,16,1,512,25.5787
128,16,1,1024,40.0213
128,16,1,2048,68.8217
128,16,1,4096,126.39
128,16,1,8192,240.79
128,16,1,16384,471.414
128,16,2,16,15.946
128,16,2,32,16.0103
128,16,2,64,15.936
128,16,2,128,15.9997
128,16,2,256,18.7627
128,16,2,512,25.813
128,16,2,1024,40.117
128,16,2,2048,68.832
128,16,2,4096,126.475
128,16,2,8192,241.376
128,16,2,16384,474.113
128,16,4,16,15.861
128,16,4,32,15.7657
128,16,4,64,15.776
128,16,4,128,15.9787
128,16,4,256,18.9443
128,16,4,512,25.963
128,16,4,1024,40.6297
128,16,4,2048,69.888
128,16,4,4096,128.011
128,16,4,8192,245.377
128,16,4,16384,475.947
128,16,8,16,16.1393
128,16,8,32,16.277
128,16,8,64,16.459
128,16,8,128,16.7683
128,16,8,256,20.0637
128,16,8,512,27.3173
128,16,8,1024,41.6427
128,16,8,2048,70.816
128,16,8,4096,128.779
128,16,8,8192,247.03
128,16,8,16384,480.792
128,16,16,16,22.7947
128,16,16,32,23.115
128,16,16,64,23.3493
128,16,16,128,25.622
128,16,16,256,32.7047
128,16,16,512,47.6807
128,16,16,1024,78.8063
128,16,16,2048,140.098
128,16,16,4096,261.518
128,16,16,8192,503.1
128,16,16,16384,991.726
128,16,32,16,30.5817
128,16,32,32,31.008
128,16,32,64,30.9657
128,16,32,128,43.009
128,16,32,256,58.6463
128,16,32,512,97.953
128,16,32,1024,176.002
128,16,32,2048,318.106
128,16,32,4096,605.554
128,16,32,8192,1193.39
128,16,32,16384,2431.22
128,16,64,16,47.926
128,16,64,32,48.7693
128,16,64,64,49.9847
128,16,64,128,76.4493
128,16,64,256,125.165
128,16,64,512,234.659
128,16,64,1024,417.413
128,16,64,2048,812.427
128,16,64,4096,1612.9
128,16,64,8192,3393.29
128,16,64,16384,7006.29
128,16,128,16,84.5877
128,16,128,32,86.3797
128,16,128,64,89.2703
128,16,128,128,150.306
128,16,128,256,250.275
128,16,128,512,472.049
128,16,128,1024,914.305
128,16,128,2048,1804.17
128,16,128,4096,3583.5
128,16,128,8192,7162.99
128,16,128,16384,14323
128,32,0,0,15.734
128,32,1,16,15.7977
128,32,1,32,15.7337
128,32,1,64,15.7547
128,32,1,128,15.7763
128,32,1,256,18.5173
128,32,1,512,25.5573
128,32,1,1024,39.8837
128,32,1,2048,68.7257
128,32,1,4096,126.306
128,32,1,8192,240.867
128,32,1,16384,471.121
128,32,2,16,16.0537
128,32,2,32,16.0213
128,32,2,64,16.1387
128,32,2,128,16.2027
128,32,2,256,18.88
128,32,2,512,25.707
128,32,2,1024,40.0863
128,32,2,2048,68.8543
128,32,2,4096,126.637
128,32,2,8192,241.304
128,32,2,16384,473.852
128,32,4,16,15.8723
128,32,4,32,15.894
128,32,4,64,15.8507
128,32,4,128,16.0533
128,32,4,256,18.944
128,32,4,512,26.0587
128,32,4,1024,40.6193
128,32,4,2048,69.8037
128,32,4,4096,127.895
128,32,4,8192,244.953
128,32,4,16384,475.867
128,32,8,16,16.416
128,32,8,32,16.213
128,32,8,64,16.3627
128,32,8,128,16.6187
128,32,8,256,20.1603
128,32,8,512,27.0617
128,32,8,1024,41.5477
128,32,8,2048,70.817
128,32,8,4096,129.154
128,32,8,8192,246.691
128,32,8,16384,479.878
128,32,16,16,23.0083
128,32,16,32,22.9973
128,32,16,64,23.2103
128,32,16,128,25.8133
128,32,16,256,32.3843
128,32,16,512,47.702
128,32,16,1024,78.4117
128,32,16,2048,140.407
128,32,16,4096,260.227
128,32,16,8192,502.503
128,32,16,16384,988.247
128,32,32,16,30.6453
128,32,32,32,30.5923
128,32,32,64,31.2327
128,32,32,128,42.8803
128,32,32,256,58.9233
128,32,32,512,97.889
128,32,32,1024,174.861
128,32,32,2048,317.785
128,32,32,4096,610.089
128,32,32,8192,1193.17
128,32,32,16384,2397.48
128,32,64,16,47.862
128,32,64,32,48.6937
128,32,64,64,50.0487
128,32,64,128,76.5347
128,32,64,256,125.633
128,32,64,512,235.554
128,32,64,1024,418.757
128,32,64,2048,810.111
128,32,64,4096,1622.23
128,32,64,8192,3386.68
128,32,64,16384,6971.53
128,32,128,16,84.5663
128,32,128,32,86.2523
128,32,128,64,88.95
128,32,128,128,150.893
128,32,128,256,250.755
128,32,128,512,471.792
128,32,128,1024,917.568
128,32,128,2048,1803.7
128,32,128,4096,3586.23
128,32,128,8192,7164.88
128,32,128,16384,14310.4
128,64,0,0,15.7227
128,64,1,16,15.7767
128,64,1,32,15.8083
128,64,1,64,15.8187
128,64,1,128,15.84
128,64,1,256,18.539
128,64,1,512,25.526
128,64,1,1024,39.9677
128,64,1,2048,68.779
128,64,1,4096,126.242
128,64,1,8192,240.728
128,64,1,16384,471.227
128,64,2,16,16.0747
128,64,2,32,16.1387
128,64,2,64,16.1287
128,64,2,128,16.256
128,64,2,256,18.784
128,64,2,512,25.7817
128,64,2,1024,40.1607
128,64,2,2048,68.865
128,64,2,4096,126.551
128,64,2,8192,241.262
128,64,2,16384,473.979
128,64,4,16,15.8723
128,64,4,32,16.011
128,64,4,64,15.8613
128,64,4,128,16.171
128,64,4,256,18.9123
128,64,4,512,26.1337
128,64,4,1024,40.5977
128,64,4,2048,69.9527
128,64,4,4096,128.119
128,64,4,8192,245.027
128,64,4,16384,476.017
128,64,8,16,16.523
128,64,8,32,16.384
128,64,8,64,16.5013
128,64,8,128,16.6507
128,64,8,256,20.2783
128,64,8,512,27.1897
128,64,8,1024,41.8253
128,64,8,2048,70.721
128,64,8,4096,129.005
128,64,8,8192,247.054
128,64,8,16384,480.208
128,64,16,16,23.2533
128,64,16,32,23.19
128,64,16,64,23.542
128,64,16,128,25.632
128,64,16,256,32.7577
128,64,16,512,47.648
128,64,16,1024,78.6567
128,64,16,2048,139.693
128,64,16,4096,260.452
128,64,16,8192,503.1
128,64,16,16384,988.78
128,64,32,16,30.827
128,64,32,32,30.9873
128,64,32,64,31.2003
128,64,32,128,43.0193
128,64,32,256,58.7743
128,64,32,512,98.0277
128,64,32,1024,175.693
128,64,32,2048,316.825
128,64,32,4096,602.61
128,64,32,8192,1192.38
128,64,32,16384,2375.23
128,64,64,16,47.7873
128,64,64,32,48.7897
128,64,64,64,50.081
128,64,64,128,76.5027
128,64,64,256,125.389
128,64,64,512,236.654
128,64,64,1024,417.808
128,64,64,2048,819.477
128,64,64,4096,1628.64
128,64,64,8192,3414.84
128,64,64,16384,7014.45
128,64,128,16,84.6943
128,64,128,32,86.3793
128,64,128,64,89.2817
128,64,128,128,150.05
128,64,128,256,252.014
128,64,128,512,471.248
128,64,128,1024,916.278
128,64,128,2048,1804.09
128,64,128,4096,3585.11
128,64,128,8192,7159.05
128,64,128,16384,14314
128,128,0,0,17.312
128,128,1,16,16.0963
128,128,1,32,16.032
128,128,1,64,16.1387
128,128,1,128,16.4373
128,128,1,256,18.5817
128,128,1,512,25.568
128,128,1,1024,39.9793
128,128,1,2048,68.7903
128,128,1,4096,126.402
128,128,1,8192,240.75
128,128,1,16384,471.109
128,128,2,16,16.4697
128,128,2,32,16.491
128,128,2,64,16.5227
128,128,2,128,16.6297
128,128,2,256,18.8167
128,128,2,512,25.7603
128,128,2,1024,40.1493
128,128,2,2048,68.9713
128,128,2,4096,126.359
128,128,2,8192,241.496
128,128,2,16384,473.862
128,128,4,16,16.1393
128,128,4,32,16.192
128,128,4,64,16.1603
128,128,4,128,16.6407
128,128,4,256,19.1363
128,128,4,512,26.2403
128,128,4,1024,40.694
128,128,4,2048,69.6863
128,128,4,4096,128.023
128,128,4,8192,245.177
128,128,4,16384,475.579
128,128,8,16,16.8427
128,128,8,32,16.9607
128,128,8,64,17.0133
128,128,8,128,17.1947
128,128,8,256,20.1713
128,128,8,512,27.4243
128,128,8,1024,41.7823
128,128,8,2048,70.9343
128,128,8,4096,128.887
128,128,8,8192,247.032
128,128,8,16384,479.633
128,128,16,16,23.67
128,128,16,32,23.7337
128,128,16,64,24.1817
128,128,16,128,27.0087
128,128,16,256,32.8003
128,128,16,512,47.2113
128,128,16,1024,77.9857
128,128,16,2048,139.67
128,128,16,4096,261.369
128,128,16,8192,504.103
128,128,16,16384,992.278
128,128,32,16,31.6167
128,128,32,32,31.7553
128,128,32,64,32.2357
128,128,32,128,44.438
128,128,32,256,60.139
128,128,32,512,97.025
128,128,32,1024,180.173
128,128,32,2048,325.337
128,128,32,4096,609.031
128,128,32,8192,1235.12
128,128,32,16384,2390.29
128,128,64,16,48.15
128,128,64,32,49.249
128,128,64,64,50.3043
128,128,64,128,78.0917
128,128,64,256,127.863
128,128,64,512,235.043
128,128,64,1024,424.122
128,128,64,2048,849.195
128,128,64,4096,1684.7
128,128,64,8192,3452.53
128,128,64,16384,6953.43
128,128,128,16,85.0787
128,128,128,32,86.7317
128,128,128,64,89.7293
128,128,128,128,153.698
128,128,128,256,254.094
128,128,128,512,472.24
128,128,128,1024,917.941
128,128,128,2048,1803.31
128,128,128,4096,3584.68
128,128,128,8192,7161.77
128,128,128,16384,14315.8
128,256,0,0,20.8643
128,256,1,16,19.499
128,256,1,32,19.5303
128,256,1,64,19.5203
128,256,1,128,19.584
128,256,1,256,20.0107
128,256,1,512,25.6103
128,256,1,1024,39.9153
128,256,1,2048,68.8113
128,256,1,4096,126.284
128,256,1,8192,240.718
128,256,1,16384,470.992
128,256,2,16,19.9897
128,256,2,32,19.958
128,256,2,64,20
128,256,2,128,19.9997
128,256,2,256,20.1283
128,256,2,512,25.856
128,256,2,1024,40.1713
128,256,2,2048,68.8543
128,256,2,4096,126.54
128,256,2,8192,241.506
128,256,2,16384,474.096
128,256,4,16,19.68
128,256,4,32,19.584
128,256,4,64,19.5843
128,256,4,128,19.7763
128,256,4,256,20.16
128,256,4,512,26.1443
128,256,4,1024,40.6827
128,256,4,2048,69.8247
128,256,4,4096,127.959
128,256,4,8192,245.272
128,256,4,16384,475.909
128,256,8,16,20.2347
128,256,8,32,20.3947
128,256,8,64,20.352
128,256,8,128,20.5337
128,256,8,256,20.672
128,256,8,512,27.4133
128,256,8,1024,41.5687
128,256,8,2048,70.9237
128,256,8,4096,128.876
128,256,8,8192,247.022
128,256,8,16384,479.323
128,256,16,16,27.115
128,256,16,32,27.0623
128,256,16,64,27.4773
128,256,16,128,30.795
128,256,16,256,34.4423
128,256,16,512,47.4783
128,256,16,1024,77.601
128,256,16,2048,139.063
128,256,16,4096,261.08
128,256,16,8192,502.694
128,256,16,16384,990.262
128,256,32,16,35.6273
128,256,32,32,35.9893
128,256,32,64,36.065
128,256,32,128,44.3307
128,256,32,256,61.984
128,256,32,512,97.8043
128,256,32,1024,178.381
128,256,32,2048,332.132
128,256,32,4096,629.683
128,256,32,8192,1223.05
128,256,32,16384,2478.08
128,256,64,16,51.6273
128,256,64,32,52.416
128,256,64,64,53.5687
128,256,64,128,77.5367
128,256,64,256,130.721
128,256,64,512,234.382
128,256,64,1024,441.071
128,256,64,2048,838.709
128,256,64,4096,1701.82
128,256,64,8192,3500.86
128,256,64,16384,6995.06
128,256,128,16,85.548
128,256,128,32,87.2867
128,256,128,64,90.5187
128,256,128,128,152.374
128,256,128,256,254.327
128,256,128,512,472.987
128,256,128,1024,915.947
128,256,128,2048,1807.15
128,256,128,4096,3591.77
128,256,128,8192,7164.58
128,256,128,16384,14322.7
128,512,0,0,27.8403
128,512,1,16,26.528
128,512,1,32,26.5067
128,512,1,64,26.5817
128,512,1,128,26.5813
128,512,1,256,26.6037
128,512,1,512,27.147
128,512,1,1024,40.096
128,512,1,2048,68.8647
128,512,1,4096,126.412
128,512,1,8192,240.942
128,512,1,16384,470.992
128,512,2,16,27.0617
128,512,2,32,26.9763
128,512,2,64,27.083
128,512,2,128,27.0517
128,512,2,256,27.008
128,512,2,512,27.2327
128,512,2,1024,40.1073
128,512,2,2048,68.918
128,512,2,4096,126.7
128,512,2,8192,241.495
128,512,2,16384,474.171
128,512,4,16,26.635
128,512,4,32,26.667
128,512,4,64,26.6453
128,512,4,128,26.6773
128,512,4,256,26.8697
128,512,4,512,27.296
128,512,4,1024,40.8003
128,512,4,2048,69.8463
128,512,4,4096,128.226
128,512,4,8192,245.283
128,512,4,16384,475.911
128,512,8,16,27.243
128,512,8,32,27.1793
128,512,8,64,27.2853
128,512,8,128,27.467
128,512,8,256,27.7017
128,512,8,512,28.2133
128,512,8,1024,42.123
128,512,8,2048,71.009
128,512,8,4096,128.834
128,512,8,8192,247.204
128,512,8,16384,480.317
128,512,16,16,33.8243
128,512,16,32,34.0057
128,512,16,64,34.1763
128,512,16,128,37.8037
128,512,16,256,41.43
128,512,16,512,48.9503
128,512,16,1024,77.5473
128,512,16,2048,138.711
128,512,16,4096,260.803
128,512,16,8192,505.894
128,512,16,16384,992.523
128,512,32,16,44.1073
128,512,32,32,44.6513
128,512,32,64,44.9397
128,512,32,128,50.305
128,512,32,256,60.3317
128,512,32,512,100.47
128,512,32,1024,172.738
128,512,32,2048,339.044
128,512,32,4096,660.178
128,512,32,8192,1371.09
128,512,32,16384,2759.9
128,512,64,16,59.3823
128,512,64,32,60.15
128,512,64,64,61.344
128,512,64,128,81.4727
128,512,64,256,130.679
128,512,64,512,230.051
128,512,64,1024,439.078
128,512,64,2048,863.679
128,512,64,4096,1707.9
128,512,64,8192,3486.88
128,512,64,16384,7112.19
128,512,128,16,92.2673
128,512,128,32,93.8253
128,512,128,64,96.5237
128,512,128,128,156.077
128,512,128,256,256.109
128,512,128,512,477.007
128,512,128,1024,914.73
128,512,128,2048,1803.31
128,512,128,4096,3587.92
128,512,128,8192,7159.73
128,512,128,16384,14318.3
128,1024,0,0,42.2087
128,1024,1,16,40.8753
128,1024,1,32,40.9177
128,1024,1,64,40.8537
128,1024,1,128,40.875
128,1024,1,256,40.8537
128,1024,1,512,40.8857
128,1024,1,1024,41.5473
128,1024,1,2048,68.822
128,1024,1,4096,126.465
128,1024,1,8192,240.803
128,1024,1,16384,471.376
128,1024,2,16,41.3017
128,1024,2,32,41.1953
128,1024,2,64,41.3443
128,1024,2,128,41.1847
128,1024,2,256,41.334
128,1024,2,512,41.355
128,1024,2,1024,41.5373
128,1024,2,2048,68.95
128,1024,2,4096,126.583
128,1024,2,8192,241.677
128,1024,2,16384,474.128
128,1024,4,16,41.0133
128,1024,4,32,40.95
128,1024,4,64,41.0027
128,1024,4,128,41.0143
128,1024,4,256,41.2587
128,1024,4,512,41.3337
128,1024,4,1024,41.6217
128,1024,4,2048,70.081
128,1024,4,4096,128.087
128,1024,4,8192,245.326
128,1024,4,16384,475.888
128,1024,8,16,41.3767
128,1024,8,32,41.3663
128,1024,8,64,41.2697
128,1024,8,128,41.7397
128,1024,8,256,41.9953
128,1024,8,512,42.3473
128,1024,8,1024,42.7633
128,1024,8,2048,71.307
128,1024,8,4096,129.271
128,1024,8,8192,247.554
128,1024,8,16384,480.207
128,1024,16,16,47.6907
128,1024,16,32,48.064
128,1024,16,64,48.406
128,1024,16,128,51.5843
128,1024,16,256,55.1257
128,1024,16,512,63.232
128,1024,16,1024,78.6887
128,1024,16,2048,137.761
128,1024,16,4096,260.163
128,1024,16,8192,504.902
128,1024,16,16384,991.691
128,1024,32,16,57.9413
128,1024,32,32,58.283
128,1024,32,64,58.7097
128,1024,32,128,68.8013
128,1024,32,256,80.2567
128,1024,32,512,98.5613
128,1024,32,1024,173.453
128,1024,32,2048,333.081
128,1024,32,4096,668.552
128,1024,32,8192,1317.74
128,1024,32,16384,2778.57
128,1024,64,16,74.5823
128,1024,64,32,75.307
128,1024,64,64,75.7027
128,1024,64,128,96.204
128,1024,64,256,143.073
128,1024,64,512,234.595
128,1024,64,1024,420.559
128,1024,64,2048,865.279
128,1024,64,4096,1717.43
128,1024,64,8192,3455.6
128,1024,64,16384,7110.64
128,1024,128,16,107.906
128,1024,128,32,109.686
128,1024,128,64,112.023
128,1024,128,128,165.772
128,1024,128,256,261.389
128,1024,128,512,479.034
128,1024,128,1024,921.6
128,1024,128,2048,1801.9
128,1024,128,4096,3586.87
128,1024,128,8192,7165.86
128,1024,128,16384,14320.7
128,2048,0,0,70.9023
128,2048,1,16,69.5587
128,2048,1,32,69.4513
128,2048,1,64,69.6543
128,2048,1,128,69.5477
128,2048,1,256,69.5477
128,2048,1,512,69.4937
128,2048,1,1024,69.601
128,2048,1,2048,70.2407
128,2048,1,4096,126.486
128,2048,1,8192,240.931
128,2048,1,16384,471.12
128,2048,2,16,69.7607
128,2048,2,32,69.7177
128,2048,2,64,69.9203
128,2048,2,128,69.91
128,2048,2,256,69.8773
128,2048,2,512,69.8783
128,2048,2,1024,70.049
128,2048,2,2048,70.1543
128,2048,2,4096,126.572
128,2048,2,8192,241.326
128,2048,2,16384,474.426
128,2048,4,16,69.6003
128,2048,4,32,69.654
128,2048,4,64,69.6217
128,2048,4,128,69.633
128,2048,4,256,69.9313
128,2048,4,512,70.0487
128,2048,4,1024,70.1023
128,2048,4,2048,70.3793
128,2048,4,4096,128.055
128,2048,4,8192,245.336
128,2048,4,16384,476.549
128,2048,8,16,69.6973
128,2048,8,32,69.707
128,2048,8,64,69.7927
128,2048,8,128,70.3147
128,2048,8,256,70.5717
128,2048,8,512,71.03
128,2048,8,1024,71.329
128,2048,8,2048,71.8843
128,2048,8,4096,129.537
128,2048,8,8192,247.245
128,2048,8,16384,480.976
128,2048,16,16,75.7237
128,2048,16,32,75.6913
128,2048,16,64,75.7133
128,2048,16,128,79.5843
128,2048,16,256,83.3933
128,2048,16,512,91.041
128,2048,16,1024,106.198
128,2048,16,2048,138.06
128,2048,16,4096,260.855
128,2048,16,8192,503.441
128,2048,16,16384,990.698
128,2048,32,16,85.6333
128,2048,32,32,86.39
128,2048,32,64,86.241
128,2048,32,128,96.8117
128,2048,32,256,108.257
128,2048,32,512,140.14
128,2048,32,1024,171.34
128,2048,32,2048,319.204
128,2048,32,4096,666.524
128,2048,32,8192,1318.36
128,2048,32,16384,2736.24
128,2048,64,16,102.315
128,2048,64,32,102.967
128,2048,64,64,104.108
128,2048,64,128,126.871
128,2048,64,256,173.249
128,2048,64,512,265.741
128,2048,64,1024,432.292
128,2048,64,2048,835.88
128,2048,64,4096,1699.52
128,2048,64,8192,3464.73
128,2048,64,16384,7073.12
128,2048,128,16,137.761
128,2048,128,32,139.745
128,2048,128,64,141.975
128,2048,128,128,196.077
128,2048,128,256,291.106
128,2048,128,512,499.632
128,2048,128,1024,925.641
128,2048,128,2048,1809.19
128,2048,128,4096,3585.83
128,2048,128,8192,7158.36
128,2048,128,16384,14322.5
128,4096,0,0,128.31
128,4096,1,16,126.774
128,4096,1,32,126.881
128,4096,1,64,126.881
128,4096,1,128,126.903
128,4096,1,256,126.924
128,4096,1,512,126.913
128,4096,1,1024,126.956
128,4096,1,2048,126.87
128,4096,1,4096,127.788
128,4096,1,8192,240.899
128,4096,1,16384,471.193
128,4096,2,16,127.041
128,4096,2,32,127.137
128,4096,2,64,127.169
128,4096,2,128,127.062
128,4096,2,256,127.127
128,4096,2,512,127.212
128,4096,2,1024,127.191
128,4096,2,2048,127.34
128,4096,2,4096,127.553
128,4096,2,8192,241.635
128,4096,2,16384,474.469
128,4096,4,16,127.01
128,4096,4,32,126.988
128,4096,4,64,126.892
128,4096,4,128,127.042
128,4096,4,256,127.297
128,4096,4,512,127.244
128,4096,4,1024,127.372
128,4096,4,2048,127.564
128,4096,4,4096,128.268
128,4096,4,8192,245.432
128,4096,4,16384,476.218
128,4096,8,16,126.881
128,4096,8,32,127.073
128,4096,8,64,127.116
128,4096,8,128,127.66
128,4096,8,256,127.873
128,4096,8,512,128.119
128,4096,8,1024,128.524
128,4096,8,2048,129.43
128,4096,8,4096,130.786
128,4096,8,8192,247.085
128,4096,8,16384,480.623
128,4096,16,16,131.244
128,4096,16,32,131.041
128,4096,16,64,131.275
128,4096,16,128,134.38
128,4096,16,256,138.85
128,4096,16,512,146.317
128,4096,16,1024,162.807
128,4096,16,2048,194.765
128,4096,16,4096,258.371
128,4096,16,8192,501.607
128,4096,16,16384,990.666
128,4096,32,16,140.748
128,4096,32,32,141.25
128,4096,32,64,141.558
128,4096,32,128,151.799
128,4096,32,256,164.044
128,4096,32,512,195.362
128,4096,32,1024,253.848
128,4096,32,2048,317.476
128,4096,32,4096,618.864
128,4096,32,8192,1301.79
128,4096,32,16384,2669.16
128,4096,64,16,158.465
128,4096,64,32,158.166
128,4096,64,64,159.361
128,4096,64,128,182.274
128,4096,64,256,233.495
128,4096,64,512,320.739
128,4096,64,1024,504.133
128,4096,64,2048,850.099
128,4096,64,4096,1669.17
128,4096,64,8192,3447.05
128,4096,64,16384,7034.56
128,4096,128,16,193.324
128,4096,128,32,195.404
128,4096,128,64,198.445
128,4096,128,128,253.783
128,4096,128,256,354.222
128,4096,128,512,560.742
128,4096,128,1024,973.129
128,4096,128,2048,1818.77
128,4096,128,4096,3588.83
128,4096,128,8192,7147.74
128,4096,128,16384,14312.8
128,8192,0,0,244.12
128,8192,1,16,242.509
128,8192,1,32,242.605
128,8192,1,64,242.583
128,8192,1,128,242.776
128,8192,1,256,242.647
128,8192,1,512,242.606
128,8192,1,1024,242.584
128,8192,1,2048,242.669
128,8192,1,4096,242.637
128,8192,1,8192,243.309
128,8192,1,16384,471.536
128,8192,2,16,242.807
128,8192,2,32,242.861
128,8192,2,64,242.712
128,8192,2,128,242.765
128,8192,2,256,242.659
128,8192,2,512,242.819
128,8192,2,1024,242.754
128,8192,2,2048,242.776
128,8192,2,4096,242.872
128,8192,2,8192,243.191
128,8192,2,16384,474.404
128,8192,4,16,242.68
128,8192,4,32,242.755
128,8192,4,64,242.659
128,8192,4,128,242.765
128,8192,4,256,242.925
128,8192,4,512,242.904
128,8192,4,1024,242.903
128,8192,4,2048,243.171
128,8192,4,4096,242.957
128,8192,4,8192,246.061
128,8192,4,16384,477.029
128,8192,8,16,242.754
128,8192,8,32,242.509
128,8192,8,64,242.829
128,8192,8,128,243.439
128,8192,8,256,243.651
128,8192,8,512,243.661
128,8192,8,1024,243.875
128,8192,8,2048,244.803
128,8192,8,4096,245.826
128,8192,8,8192,248.418
128,8192,8,16384,482.533
128,8192,16,16,245.027
128,8192,16,32,243.139
128,8192,16,64,243.128
128,8192,16,128,245.549
128,8192,16,256,249.987
128,8192,16,512,259.17
128,8192,16,1024,274.701
128,8192,16,2048,306.627
128,8192,16,4096,372.697
128,8192,16,8192,498.223
128,8192,16,16384,988.127
128,8192,32,16,250.786
128,8192,32,32,251.81
128,8192,32,64,252.088
128,8192,32,128,261.87
128,8192,32,256,274.712
128,8192,32,512,305.913
128,8192,32,1024,365.732
128,8192,32,2048,480.484
128,8192,32,4096,633.83
128,8192,32,8192,1259.68
128,8192,32,16384,2706.22
128,8192,64,16,268.419
128,8192,64,32,268.45
128,8192,64,64,269.24
128,8192,64,128,292.899
128,8192,64,256,343.897
128,8192,64,512,433.657
128,8192,64,1024,611.696
128,8192,64,2048,992.512
128,8192,64,4096,1699.44
128,8192,64,8192,3375.83
128,8192,64,16384,7029.7
128,8192,128,16,304.174
128,8192,128,32,307.085
128,8192,128,64,308.398
128,8192,128,128,364.655
128,8192,128,256,465.593
128,8192,128,512,685.425
128,8192,128,1024,1101.5
128,8192,128,2048,1930.76
128,8192,128,4096,3610.3
128,8192,128,8192,7149.46
128,8192,128,16384,14310.5
128,16384,0,0,477.52
128,16384,1,16,475.599
128,16384,1,32,475.556
128,16384,1,64,475.641
128,16384,1,128,475.546
128,16384,1,256,475.365
128,16384,1,512,475.449
128,16384,1,1024,475.524
128,16384,1,2048,475.611
128,16384,1,4096,475.599
128,16384,1,8192,475.482
128,16384,1,16384,475.557
128,16384,2,16,475.684
128,16384,2,32,475.354
128,16384,2,64,475.473
128,16384,2,128,475.408
128,16384,2,256,475.567
128,16384,2,512,475.663
128,16384,2,1024,475.695
128,16384,2,2048,475.588
128,16384,2,4096,475.493
128,16384,2,8192,475.589
128,16384,2,16384,476.26
128,16384,4,16,475.642
128,16384,4,32,475.685
128,16384,4,64,475.62
128,16384,4,128,475.578
128,16384,4,256,475.791
128,16384,4,512,475.866
128,16384,4,1024,475.845
128,16384,4,2048,476.069
128,16384,4,4096,476.069
128,16384,4,8192,476.581
128,16384,4,16384,478.777
128,16384,8,16,475.728
128,16384,8,32,475.888
128,16384,8,64,475.557
128,16384,8,128,476.09
128,16384,8,256,476.058
128,16384,8,512,476.623
128,16384,8,1024,476.72
128,16384,8,2048,477.05
128,16384,8,4096,478.831
128,16384,8,8192,479.576
128,16384,8,16384,486.543
128,16384,16,16,475.888
128,16384,16,32,475.983
128,16384,16,64,476.238
128,16384,16,128,476.795
128,16384,16,256,477.156
128,16384,16,512,482.171
128,16384,16,1024,498.202
128,16384,16,2048,532.817
128,16384,16,4096,600.836
128,16384,16,8192,729.052
128,16384,16,16384,977.919
128,16384,32,16,477.158
128,16384,32,32,476.943
128,16384,32,64,476.568
128,16384,32,128,485.189
128,16384,32,256,497.86
128,16384,32,512,525.786
128,16384,32,1024,587.835
128,16384,32,2048,702.93
128,16384,32,4096,950.781
128,16384,32,8192,1225.86
128,16384,32,16384,2421.07
128,16384,64,16,488.527
128,16384,64,32,489.753
128,16384,64,64,492.272
128,16384,64,128,514.501
128,16384,64,256,563.504
128,16384,64,512,653.52
128,16384,64,1024,833.885
128,16384,64,2048,1213.11
128,16384,64,4096,1956.54
128,16384,64,8192,3490.44
128,16384,64,16384,6887.74
128,16384,128,16,525.573
128,16384,128,32,526.725
128,16384,128,64,531.066
128,16384,128,128,583.611
128,16384,128,256,685.947
128,16384,128,512,902.483
128,16384,128,1024,1334.47
128,16384,128,2048,2168.96
128,16384,128,4096,3843.08
128,16384,128,8192,7189.4
128,16384,128,16384,14277.5
256,0,0,0,16.395
256,0,1,16,16.0857
256,0,1,32,16.117
256,0,1,64,16.1177
256,0,1,128,16.15
256,0,1,256,18.731
256,0,1,512,25.6857
256,0,1,1024,40.054
256,0,1,2048,68.8117
256,0,1,4096,126.54
256,0,1,8192,240.898
256,0,1,16384,471.216
256,0,2,16,16.4803
256,0,2,32,16.6507
256,0,2,64,16.768
256,0,2,128,16.7043
256,0,2,256,19.531
256,0,2,512,26.3687
256,0,2,1024,40.3303
256,0,2,2048,69.3013
256,0,2,4096,126.956
256,0,2,8192,241.379
256,0,2,16384,473.594
256,0,4,16,17.088
256,0,4,32,17.0133
256,0,4,64,17.248
256,0,4,128,17.0883
256,0,4,256,20.225
256,0,4,512,26.7843
256,0,4,1024,41.1737
256,0,4,2048,69.9743
256,0,4,4096,128.086
256,0,4,8192,245.058
256,0,4,16384,476.155
256,0,8,16,23.297
256,0,8,32,23.381
256,0,8,64,23.4343
256,0,8,128,24.6407
256,0,8,256,28.8967
256,0,8,512,36.523
256,0,8,1024,50.294
256,0,8,2048,78.251
256,0,8,4096,135.137
256,0,8,8192,249.079
256,0,8,16384,481.061
256,0,16,16,25.7387
256,0,16,32,25.8773
256,0,16,64,25.9097
256,0,16,128,29.4723
256,0,16,256,36.118
256,0,16,512,50.2517
256,0,16,1024,81.3873
256,0,16,2048,144.524
256,0,16,4096,265.752
256,0,16,8192,509.487
256,0,16,16384,998.036
256,0,32,16,35.9577
256,0,32,32,36.2137
256,0,32,64,36.63
256,0,32,128,46.678
256,0,32,256,60.534
256,0,32,512,98.9877
256,0,32,1024,188.684
256,0,32,2048,334.019
256,0,32,4096,631.685
256,0,32,8192,1245.41
256,0,32,16384,2419.43
256,0,64,16,55.6163
256,0,64,32,56.5443
256,0,64,64,57.6213
256,0,64,128,81.227
256,0,64,256,130.114
256,0,64,512,245.143
256,0,64,1024,465.05
256,0,64,2048,886.632
256,0,64,4096,1721.73
256,0,64,8192,3573.11
256,0,64,16384,7115.23
256,0,128,16,99.681
256,0,128,32,101.558
256,0,128,64,104.524
256,0,128,128,158.498
256,0,128,256,251.202
256,0,128,512,471.546
256,0,128,1024,919.688
256,0,128,2048,1805.27
256,0,128,4096,3589.1
256,0,128,8192,7163.22
256,0,128,16384,14316.3
256,16,0,0,19.68
256,16,1,16,19.4993
256,16,1,32,19.573
256,16,1,64,19.531
256,16,1,128,19.606
256,16,1,256,19.531
256,16,1,512,25.7813
256,16,1,1024,40.043
256,16,1,2048,68.886
256,16,1,4096,126.571
256,16,1,8192,240.919
256,16,1,16384,471.312
256,16,2,16,19.723
256,16,2,32,19.6373
256,16,2,64,19.467
256,16,2,128,19.8187
256,16,2,256,19.8193
256,16,2,512,26.3893
256,16,2,1024,40.3203
256,16,2,2048,69.3123
256,16,2,4096,126.817
256,16,2,8192,241.399
256,16,2,16384,473.273
256,16,4,16,19.947
256,16,4,32,20.288
256,16,4,64,20.1393
256,16,4,128,20.2667
256,16,4,256,20.2457
256,16,4,512,26.8693
256,16,4,1024,41.088
256,16,4,2048,70.166
256,16,4,4096,128.236
256,16,4,8192,245.24
256,16,4,16384,476.142
256,16,8,16,26.006
256,16,8,32,26.113
256,16,8,64,26.3573
256,16,8,128,27.766
256,16,8,256,30.2187
256,16,8,512,37.494
256,16,8,1024,51.862
256,16,8,2048,79.7127
256,16,8,4096,135.436
256,16,8,8192,250.071
256,16,8,16384,480.516
256,16,16,16,28.875
256,16,16,32,28.961
256,16,16,64,29.3973
256,16,16,128,31.488
256,16,16,256,36.4907
256,16,16,512,50.187
256,16,16,1024,80.661
256,16,16,2048,143.841
256,16,16,4096,265.859
256,16,16,8192,511.002
256,16,16,16384,995.636
256,16,32,16,39.1583
256,16,32,32,39.6377
256,16,32,64,39.723
256,16,32,128,47.7017
256,16,32,256,60.95
256,16,32,512,98.6563
256,16,32,1024,188.695
256,16,32,2048,338.777
256,16,32,4096,635.931
256,16,32,8192,1244.62
256,16,32,16384,2535.72
256,16,64,16,58.2193
256,16,64,32,58.7207
256,16,64,64,60.043
256,16,64,128,81.7713
256,16,64,256,129.227
256,16,64,512,243.704
256,16,64,1024,462.116
256,16,64,2048,891.207
256,16,64,4096,1717.12
256,16,64,8192,3559.85
256,16,64,16384,7127.72
256,16,128,16,100.353
256,16,128,32,102.23
256,16,128,64,105.131
256,16,128,128,158.85
256,16,128,256,251.757
256,16,128,512,472.036
256,16,128,1024,915.806
256,16,128,2048,1807.51
256,16,128,4096,3592.37
256,16,128,8192,7170.2
256,16,128,16384,14324.2
256,32,0,0,19.7867
256,32,1,16,19.691
256,32,1,32,19.702
256,32,1,64,19.7337
256,32,1,128,19.723
256,32,1,256,19.6803
256,32,1,512,25.771
256,32,1,1024,40.1177
256,32,1,2048,68.9713
256,32,1,4096,126.454
256,32,1,8192,240.877
256,32,1,16384,471.023
256,32,2,16,19.8617
256,32,2,32,19.787
256,32,2,64,19.957
256,32,2,128,19.8293
256,32,2,256,19.9473
256,32,2,512,26.208
256,32,2,1024,40.3097
256,32,2,2048,69.323
256,32,2,4096,126.817
256,32,2,8192,241.612
256,32,2,16384,473.978
256,32,4,16,20.161
256,32,4,32,20.171
256,32,4,64,20.3413
256,32,4,128,20.1283
256,32,4,256,20.5547
256,32,4,512,26.955
256,32,4,1024,41.216
256,32,4,2048,70.0483
256,32,4,4096,128.214
256,32,4,8192,245.058
256,32,4,16384,475.866
256,32,8,16,26.304
256,32,8,32,26.4003
256,32,8,64,26.8057
256,32,8,128,27.8193
256,32,8,256,30.304
256,32,8,512,37.1623
256,32,8,1024,51.2857
256,32,8,2048,80.0753
256,32,8,4096,136.556
256,32,8,8192,251.234
256,32,8,16384,480.431
256,32,16,16,28.971
256,32,16,32,29.163
256,32,16,64,29.3443
256,32,16,128,31.7337
256,32,16,256,36.1717
256,32,16,512,50.3047
256,32,16,1024,80.3203
256,32,16,2048,143.564
256,32,16,4096,265.527
256,32,16,8192,511.194
256,32,16,16384,996.191
256,32,32,16,39.328
256,32,32,32,39.7447
256,32,32,64,40.0427
256,32,32,128,47.6057
256,32,32,256,61.1947
256,32,32,512,98.5077
256,32,32,1024,188.268
256,32,32,2048,338.221
256,32,32,4096,635.472
256,32,32,8192,1277.36
256,32,32,16384,2534.09
256,32,64,16,58.2937
256,32,64,32,58.9447
256,32,64,64,59.9047
256,32,64,128,81.7077
256,32,64,256,130.828
256,32,64,512,245.325
256,32,64,1024,464.548
256,32,64,2048,888.808
256,32,64,4096,1723.21
256,32,64,8192,3566.87
256,32,64,16384,7109.49
256,32,128,16,100.406
256,32,128,32,101.921
256,32,128,64,105.121
256,32,128,128,158.796
256,32,128,256,251.085
256,32,128,512,472.666
256,32,128,1024,915.731
256,32,128,2048,1808.53
256,32,128,4096,3589.84
256,32,128,8192,7167.41
256,32,128,16384,14322.1
256,64,0,0,19.723
256,64,1,16,19.766
256,64,1,32,19.937
256,64,1,64,19.5843
256,64,1,128,19.6693
256,64,1,256,19.7443
256,64,1,512,25.76
256,64,1,1024,40.1387
256,64,1,2048,68.8647
256,64,1,4096,126.519
256,64,1,8192,240.92
256,64,1,16384,471.247
256,64,2,16,19.851
256,64,2,32,19.9257
256,64,2,64,19.744
256,64,2,128,19.8613
256,64,2,256,19.8187
256,64,2,512,26.1757
256,64,2,1024,40.3527
256,64,2,2048,69.2917
256,64,2,4096,126.849
256,64,2,8192,241.389
256,64,2,16384,473.902
256,64,4,16,20.1173
256,64,4,32,20.171
256,64,4,64,20.224
256,64,4,128,20.3947
256,64,4,256,20.2563
256,64,4,512,26.9763
256,64,4,1024,41.0243
256,64,4,2048,70.3363
256,64,4,4096,128.129
256,64,4,8192,245.411
256,64,4,16384,475.833
256,64,8,16,26.3787
256,64,8,32,26.486
256,64,8,64,26.7307
256,64,8,128,27.8617
256,64,8,256,30.155
256,64,8,512,37.8987
256,64,8,1024,51.649
256,64,8,2048,79.4033
256,64,8,4096,136.598
256,64,8,8192,250.274
256,64,8,16384,480.196
256,64,16,16,29.238
256,64,16,32,29.2807
256,64,16,64,29.547
256,64,16,128,31.6487
256,64,16,256,36.1923
256,64,16,512,50.1337
256,64,16,1024,80.694
256,64,16,2048,143.276
256,64,16,4096,265.495
256,64,16,8192,509.444
256,64,16,16384,996.36
256,64,32,16,39.3497
256,64,32,32,39.6693
256,64,32,64,40.0957
256,64,32,128,47.6917
256,64,32,256,60.971
256,64,32,512,98.6353
256,64,32,1024,189.751
256,64,32,2048,338.179
256,64,32,4096,629.638
256,64,32,8192,1223.41
256,64,32,16384,2469.76
256,64,64,16,58.2833
256,64,64,32,59.0083
256,64,64,64,60.181
256,64,64,128,81.6007
256,64,64,256,131.735
256,64,64,512,244.866
256,64,64,1024,465.305
256,64,64,2048,886.472
256,64,64,4096,1717.38
256,64,64,8192,3558.75
256,64,64,16384,7008.16
256,64,128,16,100.374
256,64,128,32,102.273
256,64,128,64,104.961
256,64,128,128,158.562
256,64,128,256,251.864
256,64,128,512,472.729
256,64,128,1024,917.16
256,64,128,2048,1806.26
256,64,128,4096,3591.71
256,64,128,8192,7167.06
256,64,128,16384,14324.7
256,128,0,0,19.8723
256,128,1,16,20.011
256,128,1,32,20.0543
256,128,1,64,20.0643
256,128,1,128,19.862
256,128,1,256,19.808
256,128,1,512,25.824
256,128,1,1024,40.1917
256,128,1,2048,68.9707
256,128,1,4096,126.658
256,128,1,8192,240.834
256,128,1,16384,471.46
256,128,2,16,20.1073
256,128,2,32,20.16
256,128,2,64,20.1923
256,128,2,128,20.2143
256,128,2,256,20.224
256,128,2,512,26.56
256,128,2,1024,40.6837
256,128,2,2048,69.3237
256,128,2,4096,126.849
256,128,2,8192,241.613
256,128,2,16384,473.999
256,128,4,16,20.7573
256,128,4,32,20.6517
256,128,4,64,20.672
256,128,4,128,20.512
256,128,4,256,20.672
256,128,4,512,27.04
256,128,4,1024,41.43
256,128,4,2048,70.4653
256,128,4,4096,128.428
256,128,4,8192,245.196
256,128,4,16384,476.025
256,128,8,16,26.6027
256,128,8,32,26.9443
256,128,8,64,27.0187
256,128,8,128,29.92
256,128,8,256,31.7867
256,128,8,512,40.235
256,128,8,1024,54.2517
256,128,8,2048,82.667
256,128,8,4096,138.518
256,128,8,8192,251.905
256,128,8,16384,480.719
256,128,16,16,30.1543
256,128,16,32,30.2617
256,128,16,64,30.411
256,128,16,128,32.9937
256,128,16,256,36.992
256,128,16,512,50.4643
256,128,16,1024,79.7343
256,128,16,2048,142.988
256,128,16,4096,265.837
256,128,16,8192,509.882
256,128,16,16384,1001.53
256,128,32,16,40.203
256,128,32,32,40.5547
256,128,32,64,40.8007
256,128,32,128,49.206
256,128,32,256,61.7927
256,128,32,512,96.374
256,128,32,1024,190.731
256,128,32,2048,348.952
256,128,32,4096,654.331
256,128,32,8192,1256.49
256,128,32,16384,2570.94
256,128,64,16,59.1583
256,128,64,32,60.16
256,128,64,64,61.0997
256,128,64,128,82.657
256,128,64,256,132.225
256,128,64,512,244.951
256,128,64,1024,463.162
256,128,64,2048,901.149
256,128,64,4096,1776.13
256,128,64,8192,3592.16
256,128,64,16384,7112.46
256,128,128,16,101.089
256,128,128,32,103.051
256,128,128,64,105.707
256,128,128,128,159.66
256,128,128,256,253.901
256,128,128,512,473.434
256,128,128,1024,917.18
256,128,128,2048,1807.58
256,128,128,4096,3601.56
256,128,128,8192,7168.59
256,128,128,16384,14327.9
256,256,0,0,23.361
256,256,1,16,23.531
256,256,1,32,23.488
256,256,1,64,23.5093
256,256,1,128,23.542
256,256,1,256,23.488
256,256,1,512,25.9413
256,256,1,1024,40.277
256,256,1,2048,69.0567
256,256,1,4096,126.475
256,256,1,8192,241.026
256,256,1,16384,471.226
256,256,2,16,23.755
256,256,2,32,23.6697
256,256,2,64,23.8723
256,256,2,128,23.7867
256,256,2,256,23.7867
256,256,2,512,26.667
256,256,2,1024,40.481
256,256,2,2048,69.451
256,256,2,4096,126.956
256,256,2,8192,241.645
256,256,2,16384,473.743
256,256,4,16,24
256,256,4,32,24.075
256,256,4,64,24.3313
256,256,4,128,24.064
256,256,4,256,24.1593
256,256,4,512,27.3493
256,256,4,1024,41.377
256,256,4,2048,70.198
256,256,4,4096,128.449
256,256,4,8192,245.293
256,256,4,16384,476.376
256,256,8,16,30.1653
256,256,8,32,30.379
256,256,8,64,30.528
256,256,8,128,33.622
256,256,8,256,37.3763
256,256,8,512,43.467
256,256,8,1024,57.846
256,256,8,2048,85.8887
256,256,8,4096,142.667
256,256,8,8192,255.373
256,256,8,16384,482.841
256,256,16,16,33.9843
256,256,16,32,33.9413
256,256,16,64,34.091
256,256,16,128,37.2487
256,256,16,256,40.0537
256,256,16,512,50.88
256,256,16,1024,79.5623
256,256,16,2048,141.324
256,256,16,4096,265.058
256,256,16,8192,510.543
256,256,16,16384,997.171
256,256,32,16,44.278
256,256,32,32,44.63
256,256,32,64,45.1097
256,256,32,128,53.057
256,256,32,256,64.097
256,256,32,512,97.185
256,256,32,1024,188.204
256,256,32,2048,354.809
256,256,32,4096,672.496
256,256,32,8192,1363.52
256,256,32,16384,2774.55
256,256,64,16,63.6063
256,256,64,32,64.1707
256,256,64,64,65.4403
256,256,64,128,84.1607
256,256,64,256,133.782
256,256,64,512,242.253
256,256,64,1024,461.508
256,256,64,2048,903.602
256,256,64,4096,1785.29
256,256,64,8192,3596.22
256,256,64,16384,7185.61
256,256,128,16,102.806
256,256,128,32,104.417
256,256,128,64,107.222
256,256,128,128,161.196
256,256,128,256,256.279
256,256,128,512,475.119
256,256,128,1024,915.048
256,256,128,2048,1807.79
256,256,128,4096,3591.44
256,256,128,8192,7168.5
256,256,128,16384,14331.2
256,512,0,0,30.305
256,512,1,16,30.5927
256,512,1,32,30.6877
256,512,1,64,30.7837
256,512,1,128,30.7097
256,512,1,256,30.6247
256,512,1,512,30.656
256,512,1,1024,40.3203
256,512,1,2048,69.0357
256,512,1,4096,126.529
256,512,1,8192,241.144
256,512,1,16384,471.299
256,512,2,16,30.8267
256,512,2,32,30.8797
256,512,2,64,30.944
256,512,2,128,30.7843
256,512,2,256,30.8273
256,512,2,512,30.9123
256,512,2,1024,40.555
256,512,2,2048,69.387
256,512,2,4096,126.987
256,512,2,8192,241.74
256,512,2,16384,473.85
256,512,4,16,31.1363
256,512,4,32,31.0187
256,512,4,64,31.253
256,512,4,128,31.1047
256,512,4,256,31.5093
256,512,4,512,31.3703
256,512,4,1024,41.6007
256,512,4,2048,70.3153
256,512,4,4096,128.502
256,512,4,8192,245.442
256,512,4,16384,476.313
256,512,8,16,37.2593
256,512,8,32,37.2377
256,512,8,64,37.632
256,512,8,128,40.4267
256,512,8,256,44.427
256,512,8,512,51.7867
256,512,8,1024,65.686
256,512,8,2048,95.126
256,512,8,4096,151.5
256,512,8,8192,266.327
256,512,8,16384,500.09
256,512,16,16,40.95
256,512,16,32,41.1947
256,512,16,64,41.1413
256,512,16,128,44.5973
256,512,16,256,48.5123
256,512,16,512,54.657
256,512,16,1024,79.201
256,512,16,2048,139.926
256,512,16,4096,262.978
256,512,16,8192,505.38
256,512,16,16384,997.32
256,512,32,16,52.3527
256,512,32,32,52.6613
256,512,32,64,52.9703
256,512,32,128,61.7503
256,512,32,256,71.6383
256,512,32,512,100.918
256,512,32,1024,176.289
256,512,32,2048,363.299
256,512,32,4096,718.48
256,512,32,8192,1415.07
256,512,32,16384,2930.75
256,512,64,16,72.097
256,512,64,32,72.641
256,512,64,64,73.803
256,512,64,128,92.5877
256,512,64,256,133.398
256,512,64,512,243.383
256,512,64,1024,458.905
256,512,64,2048,900.5
256,512,64,4096,1790.56
256,512,64,8192,3598.43
256,512,64,16384,7202.61
256,512,128,16,111.467
256,512,128,32,113.579
256,512,128,64,116.172
256,512,128,128,164.001
256,512,128,256,256.109
256,512,128,512,478.308
256,512,128,1024,919.569
256,512,128,2048,1807.16
256,512,128,4096,3590.31
256,512,128,8192,7171.25
256,512,128,16384,14330.4
256,1024,0,0,44.2777
256,1024,1,16,44.9393
256,1024,1,32,45.057
256,1024,1,64,44.7473
256,1024,1,128,44.672
256,1024,1,256,44.896
256,1024,1,512,44.982
256,1024,1,1024,44.811
256,1024,1,2048,69.2057
256,1024,1,4096,126.721
256,1024,1,8192,241.176
256,1024,1,16384,471.353
256,1024,2,16,44.5237
256,1024,2,32,44.651
256,1024,2,64,44.5763
256,1024,2,128,44.672
256,1024,2,256,44.9177
256,1024,2,512,45.035
256,1024,2,1024,45.1093
256,1024,2,2048,69.409
256,1024,2,4096,127.052
256,1024,2,8192,241.613
256,1024,2,16384,474.062
256,1024,4,16,45.2273
256,1024,4,32,45.1203
256,1024,4,64,45.1633
256,1024,4,128,45.5467
256,1024,4,256,45.024
256,1024,4,512,45.4617
256,1024,4,1024,45.8563
256,1024,4,2048,70.4963
256,1024,4,4096,128.428
256,1024,4,8192,245.688
256,1024,4,16384,477.007
256,1024,8,16,51.0943
256,1024,8,32,51.169
256,1024,8,64,51.403
256,1024,8,128,54.23
256,1024,8,256,58.24
256,1024,8,512,65.4833
256,1024,8,1024,80.3523
256,1024,8,2048,110.817
256,1024,8,4096,171.031
256,1024,8,8192,291.191
256,1024,8,16384,528.452
256,1024,16,16,54.966
256,1024,16,32,54.966
256,1024,16,64,55.1793
256,1024,16,128,58.6997
256,1024,16,256,62.7307
256,1024,16,512,69.7073
256,1024,16,1024,83.777
256,1024,16,2048,139.148
256,1024,16,4096,262.797
256,1024,16,8192,507.737
256,1024,16,16384,992.936
256,1024,32,16,66.5287
256,1024,32,32,66.8267
256,1024,32,64,67.169
256,1024,32,128,77.0887
256,1024,32,256,87.5747
256,1024,32,512,112.119
256,1024,32,1024,172.108
256,1024,32,2048,355.086
256,1024,32,4096,715.354
256,1024,32,8192,1481.72
256,1024,32,16384,2969.84
256,1024,64,16,88.747
256,1024,64,32,89.5787
256,1024,64,64,90.6677
256,1024,64,128,109.601
256,1024,64,256,150.156
256,1024,64,512,249.591
256,1024,64,1024,440.676
256,1024,64,2048,896.487
256,1024,64,4096,1776.86
256,1024,64,8192,3594.49
256,1024,64,16384,7194.38
256,1024,128,16,129.356
256,1024,128,32,130.689
256,1024,128,64,133.569
256,1024,128,128,178.807
256,1024,128,256,260.141
256,1024,128,512,480.334
256,1024,128,1024,923.538
256,1024,128,2048,1802.66
256,1024,128,4096,3591.4
256,1024,128,8192,7167.64
256,1024,128,16384,14328.9
256,2048,0,0,72.1607
256,2048,1,16,73.1097
256,2048,1,32,73.43
256,2048,1,64,73.024
256,2048,1,128,72.7263
256,2048,1,256,73.718
256,2048,1,512,72.9073
256,2048,1,1024,73.11
256,2048,1,2048,73.515
256,2048,1,4096,126.688
256,2048,1,8192,241.154
256,2048,1,16384,471.577
256,2048,2,16,72.5017
256,2048,2,32,72.555
256,2048,2,64,73.014
256,2048,2,128,72.8643
256,2048,2,256,72.7683
256,2048,2,512,73.1313
256,2048,2,1024,73.2383
256,2048,2,2048,73.1417
256,2048,2,4096,126.956
256,2048,2,8192,241.709
256,2048,2,16384,474.19
256,2048,4,16,73.2917
256,2048,4,32,73.2483
256,2048,4,64,73.2057
256,2048,4,128,73.174
256,2048,4,256,73.0777
256,2048,4,512,73.43
256,2048,4,1024,73.259
256,2048,4,2048,74.6887
256,2048,4,4096,128.673
256,2048,4,8192,245.485
256,2048,4,16384,476.398
256,2048,8,16,78.849
256,2048,8,32,79.4137
256,2048,8,64,78.8697
256,2048,8,128,82.252
256,2048,8,256,86.4323
256,2048,8,512,93.5573
256,2048,8,1024,108.14
256,2048,8,2048,137.59
256,2048,8,4096,199.682
256,2048,8,8192,318.882
256,2048,8,16384,557.946
256,2048,16,16,82.7427
256,2048,16,32,82.4647
256,2048,16,64,82.977
256,2048,16,128,86.422
256,2048,16,256,90.1233
256,2048,16,512,98.0597
256,2048,16,1024,112.865
256,2048,16,2048,142.198
256,2048,16,4096,262.082
256,2048,16,8192,511.141
256,2048,16,16384,995.846
256,2048,32,16,94.315
256,2048,32,32,94.5503
256,2048,32,64,94.881
256,2048,32,128,104.982
256,2048,32,256,116.694
256,2048,32,512,143.042
256,2048,32,1024,190.466
256,2048,32,2048,311.66
256,2048,32,4096,689.893
256,2048,32,8192,1429.07
256,2048,32,16384,2961.55
256,2048,64,16,117.761
256,2048,64,32,118.753
256,2048,64,64,120.011
256,2048,64,128,142.806
256,2048,64,256,183.553
256,2048,64,512,276.866
256,2048,64,1024,463.086
256,2048,64,2048,865.286
256,2048,64,4096,1771.07
256,2048,64,8192,3581.77
256,2048,64,16384,7172.61
256,2048,128,16,162.455
256,2048,128,32,164.364
256,2048,128,64,166.113
256,2048,128,128,212.918
256,2048,128,256,290.839
256,2048,128,512,494.232
256,2048,128,1024,932.872
256,2048,128,2048,1811.66
256,2048,128,4096,3581.04
256,2048,128,8192,7166.86
256,2048,128,16384,14326.2
256,4096,0,0,128.587
256,4096,1,16,129.921
256,4096,1,32,130.721
256,4096,1,64,130.102
256,4096,1,128,130.54
256,4096,1,256,130.647
256,4096,1,512,130.038
256,4096,1,1024,130.347
256,4096,1,2048,129.292
256,4096,1,4096,129.964
256,4096,1,8192,241.335
256,4096,1,16384,471.683
256,4096,2,16,129.164
256,4096,2,32,128.599
256,4096,2,64,129.516
256,4096,2,128,128.385
256,4096,2,256,129.004
256,4096,2,512,130.081
256,4096,2,1024,128.342
256,4096,2,2048,128.886
256,4096,2,4096,130.028
256,4096,2,8192,242.402
256,4096,2,16384,474.265
256,4096,4,16,130.22
256,4096,4,32,130.261
256,4096,4,64,130.145
256,4096,4,128,130.465
256,4096,4,256,130.156
256,4096,4,512,130.614
256,4096,4,1024,130.081
256,4096,4,2048,129.91
256,4096,4,4096,131.787
256,4096,4,8192,246.124
256,4096,4,16384,477.594
256,4096,8,16,134.614
256,4096,8,32,135.265
256,4096,8,64,135.051
256,4096,8,128,137.377
256,4096,8,256,142.763
256,4096,8,512,150.219
256,4096,8,1024,164.288
256,4096,8,2048,193.782
256,4096,8,4096,254.146
256,4096,8,8192,379.043
256,4096,8,16384,617.455
256,4096,16,16,138.827
256,4096,16,32,139.393
256,4096,16,64,138.476
256,4096,16,128,142.113
256,4096,16,256,145.516
256,4096,16,512,153.122
256,4096,16,1024,168.246
256,4096,16,2048,199.223
256,4096,16,4096,259.266
256,4096,16,8192,505.945
256,4096,16,16384,1000.04
256,4096,32,16,150.476
256,4096,32,32,150.231
256,4096,32,64,150.743
256,4096,32,128,160.524
256,4096,32,256,172.418
256,4096,32,512,198.188
256,4096,32,1024,252.919
256,4096,32,2048,348.952
256,4096,32,4096,606.628
256,4096,32,8192,1369.39
256,4096,32,16384,2860.15
256,4096,64,16,173.111
256,4096,64,32,173.622
256,4096,64,64,175.148
256,4096,64,128,199.468
256,4096,64,256,243.874
256,4096,64,512,342.114
256,4096,64,1024,539.855
256,4096,64,2048,896.486
256,4096,64,4096,1712.33
256,4096,64,8192,3542.11
256,4096,64,16384,7155.01
256,4096,128,16,221.687
256,4096,128,32,223.724
256,4096,128,64,226.423
256,4096,128,128,278.808
256,4096,128,256,353.624
256,4096,128,512,560.526
256,4096,128,1024,972.754
256,4096,128,2048,1823.9
256,4096,128,4096,3590.5
256,4096,128,8192,7147.89
256,4096,128,16384,14302.6
256,8192,0,0,244.567
256,8192,1,16,243.81
256,8192,1,32,243.479
256,8192,1,64,243.853
256,8192,1,128,243.767
256,8192,1,256,243.788
256,8192,1,512,243.777
256,8192,1,1024,243.34
256,8192,1,2048,243.714
256,8192,1,4096,243.745
256,8192,1,8192,244.13
256,8192,1,16384,472.057
256,8192,2,16,243.319
256,8192,2,32,243.288
256,8192,2,64,243.139
256,8192,2,128,243.522
256,8192,2,256,243.479
256,8192,2,512,243.543
256,8192,2,1024,243.021
256,8192,2,2048,243.65
256,8192,2,4096,243.522
256,8192,2,8192,244.205
256,8192,2,16384,475.012
256,8192,4,16,243.51
256,8192,4,32,243.512
256,8192,4,64,243.511
256,8192,4,128,243.447
256,8192,4,256,243.618
256,8192,4,512,243.746
256,8192,4,1024,243.703
256,8192,4,2048,244.247
256,8192,4,4096,244.546
256,8192,4,8192,246.829
256,8192,4,16384,478.393
256,8192,8,16,247.042
256,8192,8,32,247.287
256,8192,8,64,245.602
256,8192,8,128,249.303
256,8192,8,256,253.72
256,8192,8,512,260.417
256,8192,8,1024,276.63
256,8192,8,2048,307.074
256,8192,8,4096,368.803
256,8192,8,8192,490.095
256,8192,8,16384,732.059
256,8192,16,16,249.388
256,8192,16,32,250.456
256,8192,16,64,251.383
256,8192,16,128,254.412
256,8192,16,256,257.879
256,8192,16,512,265.175
256,8192,16,1024,280.845
256,8192,16,2048,311.416
256,8192,16,4096,377.24
256,8192,16,8192,495.438
256,8192,16,16384,999.698
256,8192,32,16,260.269
256,8192,32,32,261.441
256,8192,32,64,262.647
256,8192,32,128,271.811
256,8192,32,256,284.13
256,8192,32,512,309.794
256,8192,32,1024,363.544
256,8192,32,2048,473.379
256,8192,32,4096,679.514
256,8192,32,8192,1178.42
256,8192,32,16384,2856
256,8192,64,16,284.461
256,8192,64,32,284.503
256,8192,64,64,287.042
256,8192,64,128,310.434
256,8192,64,256,353.464
256,8192,64,512,449.368
256,8192,64,1024,648.048
256,8192,64,2048,1027.44
256,8192,64,4096,1761.11
256,8192,64,8192,3456.47
256,8192,64,16384,7074.54
256,8192,128,16,331.874
256,8192,128,32,334.648
256,8192,128,64,337.326
256,8192,128,128,392.59
256,8192,128,256,469.102
256,8192,128,512,682.714
256,8192,128,1024,1085.11
256,8192,128,2048,1906.83
256,8192,128,4096,3624.01
256,8192,128,8192,7150.73
256,8192,128,16384,14284.6
256,16384,0,0,477.262
256,16384,1,16,477.273
256,16384,1,32,477.72
256,16384,1,64,477.465
256,16384,1,128,477.166
256,16384,1,256,477.433
256,16384,1,512,477.55
256,16384,1,1024,476.238
256,16384,1,2048,477.721
256,16384,1,4096,477.519
256,16384,1,8192,477.422
256,16384,1,16384,477.753
256,16384,2,16,475.918
256,16384,2,32,476.547
256,16384,2,64,476.067
256,16384,2,128,476.825
256,16384,2,256,476.195
256,16384,2,512,476.654
256,16384,2,1024,476.367
256,16384,2,2048,476.474
256,16384,2,4096,476.665
256,16384,2,8192,476.643
256,16384,2,16384,477.689
256,16384,4,16,476.409
256,16384,4,32,476.238
256,16384,4,64,475.994
256,16384,4,128,476.271
256,16384,4,256,477.007
256,16384,4,512,476.995
256,16384,4,1024,477.646
256,16384,4,2048,477.359
256,16384,4,4096,477.656
256,16384,4,8192,477.23
256,16384,4,16384,480.697
256,16384,8,16,476.814
256,16384,8,32,476.461
256,16384,8,64,476.6
256,16384,8,128,476.451
256,16384,8,256,480.227
256,16384,8,512,485.305
256,16384,8,1024,500.196
256,16384,8,2048,531.801
256,16384,8,4096,598.053
256,16384,8,8192,723.471
256,16384,8,16384,963.516
256,16384,16,16,477.903
256,16384,16,32,477.379
256,16384,16,64,476.558
256,16384,16,128,478.606
256,16384,16,256,480.823
256,16384,16,512,489.561
256,16384,16,1024,503.182
256,16384,16,2048,536.931
256,16384,16,4096,604.26
256,16384,16,8192,736.143
256,16384,16,16384,970.77
256,16384,32,16,484.601
256,16384,32,32,483.213
256,16384,32,64,485.571
256,16384,32,128,496.433
256,16384,32,256,507.854
256,16384,32,512,531.343
256,16384,32,1024,587.247
256,16384,32,2048,697.947
256,16384,32,4096,927.569
256,16384,32,8192,1357.73
256,16384,32,16384,2452.58
256,16384,64,16,505.613
256,16384,64,32,508.312
256,16384,64,64,507.619
256,16384,64,128,532.751
256,16384,64,256,575.802
256,16384,64,512,672.431
256,16384,64,1024,869.681
256,16384,64,2048,1269.64
256,16384,64,4096,2031.54
256,16384,64,8192,3575.5
256,16384,64,16384,7030.29
256,16384,128,16,554.234
256,16384,128,32,558.415
256,16384,128,64,561.764
256,16384,128,128,615.162
256,16384,128,256,691.398
256,16384,128,512,907.078
256,16384,128,1024,1338.76
256,16384,128,2048,2175.49
256,16384,128,4096,3784.18
256,16384,128,8192,7208.43
256,16384,128,16384,14265.1
512,0,0,0,25.76
512,0,1,16,26.2403
512,0,1,32,26.2407
512,0,1,64,26.5173
512,0,1,128,26.4323
512,0,1,256,26.315
512,0,1,512,28.8003
512,0,1,1024,42.9547
512,0,1,2048,71.0407
512,0,1,4096,128.513
512,0,1,8192,242.935
512,0,1,16384,473.23
512,0,2,16,27.7017
512,0,2,32,27.531
512,0,2,64,27.9797
512,0,2,128,27.808
512,0,2,256,27.936
512,0,2,512,30.3257
512,0,2,1024,44.128
512,0,2,2048,71.8827
512,0,2,4096,128.833
512,0,2,8192,243.384
512,0,2,16384,476.249
512,0,4,16,32.619
512,0,4,32,32.4053
512,0,4,64,32.4907
512,0,4,128,33.3547
512,0,4,256,33.4083
512,0,4,512,38.0163
512,0,4,1024,51.957
512,0,4,2048,79.2543
512,0,4,4096,134.988
512,0,4,8192,247.735
512,0,4,16384,478.222
512,0,8,16,34.9013
512,0,8,32,34.9013
512,0,8,64,35.083
512,0,8,128,36.8537
512,0,8,256,39.467
512,0,8,512,48.5123
512,0,8,1024,64.7153
512,0,8,2048,92.396
512,0,8,4096,149.697
512,0,8,8192,263.202
512,0,8,16384,489.742
512,0,16,16,41.771
512,0,16,32,41.8883
512,0,16,64,42.176
512,0,16,128,45.8243
512,0,16,256,50.2513
512,0,16,512,65.281
512,0,16,1024,94.411
512,0,16,2048,154.124
512,0,16,4096,275.149
512,0,16,8192,520.878
512,0,16,16384,1008.77
512,0,32,16,54.336
512,0,32,32,54.774
512,0,32,64,54.859
512,0,32,128,62.923
512,0,32,256,73.942
512,0,32,512,108.012
512,0,32,1024,205.859
512,0,32,2048,382.798
512,0,32,4096,729.093
512,0,32,8192,1473.01
512,0,32,16384,2899.44
512,0,64,16,78.8487
512,0,64,32,79.371
512,0,64,64,80.4167
512,0,64,128,99.361
512,0,64,256,135.915
512,0,64,512,252.097
512,0,64,1024,477.124
512,0,64,2048,930.109
512,0,64,4096,1818.2
512,0,64,8192,3620.68
512,0,64,16384,7182.31
512,0,128,16,130.369
512,0,128,32,132.3
512,0,128,64,134.593
512,0,128,128,184.247
512,0,128,256,258.114
512,0,128,512,476.569
512,0,128,1024,917.99
512,0,128,2048,1808.08
512,0,128,4096,3599.85
512,0,128,8192,7173.02
512,0,128,16384,14327.5
512,16,0,0,28.4913
512,16,1,16,29.2267
512,16,1,32,29.6327
512,16,1,64,29.408
512,16,1,128,29.579
512,16,1,256,29.376
512,16,1,512,29.1953
512,16,1,1024,42.785
512,16,1,2048,71.0933
512,16,1,4096,128.598
512,16,1,8192,242.882
512,16,1,16384,473.347
512,16,2,16,30.2613
512,16,2,32,30.4433
512,16,2,64,30.464
512,16,2,128,30.6027
512,16,2,256,30.5283
512,16,2,512,30.6137
512,16,2,1024,44.2453
512,16,2,2048,71.7443
512,16,2,4096,128.961
512,16,2,8192,243.479
512,16,2,16384,475.971
512,16,4,16,35.4243
512,16,4,32,35.531
512,16,4,64,35.712
512,16,4,128,36.9607
512,16,4,256,37.707
512,16,4,512,39.6587
512,16,4,1024,53.4403
512,16,4,2048,81.2487
512,16,4,4096,136.011
512,16,4,8192,248.354
512,16,4,16384,478.692
512,16,8,16,38.1333
512,16,8,32,38.3367
512,16,8,64,38.486
512,16,8,128,40.523
512,16,8,256,42.72
512,16,8,512,48.843
512,16,8,1024,67.2323
512,16,8,2048,95.4777
512,16,8,4096,152.609
512,16,8,8192,264.589
512,16,8,16384,489.411
512,16,16,16,45.355
512,16,16,32,45.654
512,16,16,64,45.9947
512,16,16,128,49.4507
512,16,16,256,54.432
512,16,16,512,67.318
512,16,16,1024,96.1073
512,16,16,2048,156.758
512,16,16,4096,278.21
512,16,16,8192,523.48
512,16,16,16384,1013.83
512,16,32,16,58.2723
512,16,32,32,58.432
512,16,32,64,58.8803
512,16,32,128,66.6563
512,16,32,256,75.702
512,16,32,512,107.52
512,16,32,1024,203.478
512,16,32,2048,391.438
512,16,32,4096,757.989
512,16,32,8192,1529.67
512,16,32,16384,2996.87
512,16,64,16,82.8273
512,16,64,32,83.7023
512,16,64,64,84.5557
512,16,64,128,101.6
512,16,64,256,137.227
512,16,64,512,253.357
512,16,64,1024,475.044
512,16,64,2048,927.398
512,16,64,4096,1834
512,16,64,8192,3639.44
512,16,64,16384,7227.86
512,16,128,16,131.734
512,16,128,32,133.28
512,16,128,64,135.414
512,16,128,128,186.06
512,16,128,256,258.103
512,16,128,512,476.216
512,16,128,1024,919.505
512,16,128,2048,1809.36
512,16,128,4096,3597.52
512,16,128,8192,7177.42
512,16,128,16384,14334
512,32,0,0,28.9283
512,32,1,16,29.4613
512,32,1,32,29.5893
512,32,1,64,29.376
512,32,1,128,29.4727
512,32,1,256,29.2907
512,32,1,512,29.5467
512,32,1,1024,42.528
512,32,1,2048,70.998
512,32,1,4096,128.598
512,32,1,8192,243.404
512,32,1,16384,473.678
512,32,2,16,30.4433
512,32,2,32,30.6137
512,32,2,64,30.7093
512,32,2,128,30.5393
512,32,2,256,30.5603
512,32,2,512,30.7413
512,32,2,1024,44.2563
512,32,2,2048,71.3603
512,32,2,4096,128.705
512,32,2,8192,243.404
512,32,2,16384,475.832
512,32,4,16,35.552
512,32,4,32,35.712
512,32,4,64,35.4137
512,32,4,128,37.3767
512,32,4,256,37.664
512,32,4,512,39.3387
512,32,4,1024,53.4723
512,32,4,2048,81.4083
512,32,4,4096,136.897
512,32,4,8192,248.236
512,32,4,16384,477.923
512,32,8,16,38.624
512,32,8,32,38.464
512,32,8,64,38.5503
512,32,8,128,40.6943
512,32,8,256,43.1893
512,32,8,512,49.1737
512,32,8,1024,67.137
512,32,8,2048,95.5423
512,32,8,4096,151.489
512,32,8,8192,263.287
512,32,8,16384,491.619
512,32,16,16,45.696
512,32,16,32,45.664
512,32,16,64,45.8997
512,32,16,128,49.9843
512,32,16,256,54.401
512,32,16,512,67.211
512,32,16,1024,96.8423
512,32,16,2048,157.079
512,32,16,4096,279.052
512,32,16,8192,521.177
512,32,16,16384,1010.77
512,32,32,16,58.496
512,32,32,32,58.6883
512,32,32,64,59.0403
512,32,32,128,67.073
512,32,32,256,75.6483
512,32,32,512,109.249
512,32,32,1024,206.401
512,32,32,2048,392.824
512,32,32,4096,751.377
512,32,32,8192,1565.75
512,32,32,16384,2972.8
512,32,64,16,82.8697
512,32,64,32,83.648
512,32,64,64,84.3307
512,32,64,128,101.227
512,32,64,256,136.161
512,32,64,512,253.143
512,32,64,1024,477.177
512,32,64,2048,931.803
512,32,64,4096,1834.98
512,32,64,8192,3628.74
512,32,64,16384,7200.35
512,32,128,16,131.659
512,32,128,32,133.292
512,32,128,64,135.67
512,32,128,128,186.284
512,32,128,256,258.327
512,32,128,512,476.195
512,32,128,1024,918.672
512,32,128,2048,1809.74
512,32,128,4096,3594.88
512,32,128,8192,7174.14
512,32,128,16384,14330.7
512,64,0,0,28.875
512,64,1,16,29.6537
512,64,1,32,29.5043
512,64,1,64,29.931
512,64,1,128,29.8457
512,64,1,256,29.5253
512,64,1,512,29.5253
512,64,1,1024,43.083
512,64,1,2048,71.221
512,64,1,4096,128.576
512,64,1,8192,243.095
512,64,1,16384,473.496
512,64,2,16,30.3783
512,64,2,32,30.7203
512,64,2,64,30.7627
512,64,2,128,30.5493
512,64,2,256,30.7637
512,64,2,512,30.5923
512,64,2,1024,43.8087
512,64,2,2048,71.5413
512,64,2,4096,128.534
512,64,2,8192,243.33
512,64,2,16384,476.089
512,64,4,16,35.4773
512,64,4,32,35.7547
512,64,4,64,35.5733
512,64,4,128,37.3663
512,64,4,256,38.1443
512,64,4,512,39.6267
512,64,4,1024,53.2593
512,64,4,2048,81.3663
512,64,4,4096,136.535
512,64,4,8192,248.844
512,64,4,16384,477.88
512,64,8,16,38.3147
512,64,8,32,38.7527
512,64,8,64,38.8373
512,64,8,128,40.512
512,64,8,256,43.0617
512,64,8,512,48.9397
512,64,8,1024,67.168
512,64,8,2048,95.3287
512,64,8,4096,151.99
512,64,8,8192,264.45
512,64,8,16384,491.811
512,64,16,16,45.7177
512,64,16,32,45.9523
512,64,16,64,45.984
512,64,16,128,49.984
512,64,16,256,54.6883
512,64,16,512,67.105
512,64,16,1024,96.3637
512,64,16,2048,157.761
512,64,16,4096,278.615
512,64,16,8192,523.895
512,64,16,16384,1016.36
512,64,32,16,58.4213
512,64,32,32,58.7843
512,64,32,64,59.009
512,64,32,128,67.0937
512,64,32,256,75.969
512,64,32,512,108.235
512,64,32,1024,204.844
512,64,32,2048,389.026
512,64,32,4096,754.287
512,64,32,8192,1466.58
512,64,32,16384,2967.76
512,64,64,16,82.6883
512,64,64,32,83.542
512,64,64,64,84.4483
512,64,64,128,101.078
512,64,64,256,138.838
512,64,64,512,253.164
512,64,64,1024,477.56
512,64,64,2048,930.375
512,64,64,4096,1836.64
512,64,64,8192,3635.33
512,64,64,16384,7197.34
512,64,128,16,131.478
512,64,128,32,133.409
512,64,128,64,135.745
512,64,128,128,185.836
512,64,128,256,259.245
512,64,128,512,475.8
512,64,128,1024,918.694
512,64,128,2048,1811.38
512,64,128,4096,3597.7
512,64,128,8192,7173.84
512,64,128,16384,14326.2
512,128,0,0,29.4293
512,128,1,16,29.9
512,128,1,32,30.0587
512,128,1,64,30.1013
512,128,1,128,29.8983
512,128,1,256,30.0697
512,128,1,512,29.9947
512,128,1,1024,42.9337
512,128,1,2048,71.2107
512,128,1,4096,128.694
512,128,1,8192,243.245
512,128,1,16384,473.423
512,128,2,16,30.9867
512,128,2,32,31.4353
512,128,2,64,31.2323
512,128,2,128,31.1253
512,128,2,256,31.3813
512,128,2,512,31.3823
512,128,2,1024,44.4697
512,128,2,2048,71.6483
512,128,2,4096,128.854
512,128,2,8192,243.5
512,128,2,16384,476.088
512,128,4,16,36.1493
512,128,4,32,36.2667
512,128,4,64,36.0317
512,128,4,128,39.392
512,128,4,256,41.0457
512,128,4,512,42.198
512,128,4,1024,55.5203
512,128,4,2048,83.4783
512,128,4,4096,139.425
512,128,4,8192,250.656
512,128,4,16384,478.072
512,128,8,16,39.6697
512,128,8,32,39.851
512,128,8,64,39.8293
512,128,8,128,42.1657
512,128,8,256,44.1493
512,128,8,512,49.7277
512,128,8,1024,70.5503
512,128,8,2048,98.5507
512,128,8,4096,155.201
512,128,8,8192,266.146
512,128,8,16384,494.585
512,128,16,16,46.9763
512,128,16,32,47.072
512,128,16,64,47.4557
512,128,16,128,51.4247
512,128,16,256,55.8187
512,128,16,512,68.9603
512,128,16,1024,99.5633
512,128,16,2048,162.209
512,128,16,4096,281.635
512,128,16,8192,526.531
512,128,16,16384,1013.35
512,128,32,16,59.6697
512,128,32,32,59.894
512,128,32,64,60.2133
512,128,32,128,68.3423
512,128,32,256,77.856
512,128,32,512,110.177
512,128,32,1024,205.409
512,128,32,2048,393.581
512,128,32,4096,761.008
512,128,32,8192,1570.98
512,128,32,16384,3007.95
512,128,64,16,84.598
512,128,64,32,84.9073
512,128,64,64,85.9847
512,128,64,128,103.169
512,128,64,256,141.985
512,128,64,512,253.175
512,128,64,1024,477.827
512,128,64,2048,932.027
512,128,64,4096,1840.04
512,128,64,8192,3671.6
512,128,64,16384,7308.15
512,128,128,16,133.163
512,128,128,32,134.679
512,128,128,64,136.886
512,128,128,128,188.075
512,128,128,256,260.173
512,128,128,512,476.28
512,128,128,1024,919.185
512,128,128,2048,1811.11
512,128,128,4096,3593.68
512,128,128,8192,7174.85
512,128,128,16384,14330.9
512,256,0,0,33.2587
512,256,1,16,33.6743
512,256,1,32,33.6427
512,256,1,64,33.6963
512,256,1,128,33.7717
512,256,1,256,33.4297
512,256,1,512,33.792
512,256,1,1024,43.179
512,256,1,2048,71.2217
512,256,1,4096,128.854
512,256,1,8192,243.766
512,256,1,16384,473.987
512,256,2,16,35.094
512,256,2,32,35.0823
512,256,2,64,34.8373
512,256,2,128,35.179
512,256,2,256,35.2323
512,256,2,512,35.456
512,256,2,1024,44.5017
512,256,2,2048,72.3317
512,256,2,4096,128.737
512,256,2,8192,243.703
512,256,2,16384,476.184
512,256,4,16,39.67
512,256,4,32,39.776
512,256,4,64,39.7017
512,256,4,128,43.3497
512,256,4,256,46.5493
512,256,4,512,47.958
512,256,4,1024,59.0723
512,256,4,2048,87.0833
512,256,4,4096,142.209
512,256,4,8192,255.202
512,256,4,16384,479.909
512,256,8,16,44.096
512,256,8,32,44.032
512,256,8,64,43.9147
512,256,8,128,46.7737
512,256,8,256,48.95
512,256,8,512,53.7923
512,256,8,1024,76.0003
512,256,8,2048,104.032
512,256,8,4096,159.425
512,256,8,8192,271.629
512,256,8,16384,498.329
512,256,16,16,51.8937
512,256,16,32,52.299
512,256,16,64,52.2987
512,256,16,128,56.182
512,256,16,256,61.8037
512,256,16,512,70.816
512,256,16,1024,102.22
512,256,16,2048,168.001
512,256,16,4096,289.037
512,256,16,8192,533.977
512,256,16,16384,1025.08
512,256,32,16,64.9707
512,256,32,32,65.2697
512,256,32,64,65.7493
512,256,32,128,74.0483
512,256,32,256,83.3177
512,256,32,512,109.345
512,256,32,1024,207.649
512,256,32,2048,394.402
512,256,32,4096,761.882
512,256,32,8192,1623.92
512,256,32,16384,3193.36
512,256,64,16,89.8247
512,256,64,32,90.8373
512,256,64,64,91.5527
512,256,64,128,108.929
512,256,64,256,144.95
512,256,64,512,255.02
512,256,64,1024,478.233
512,256,64,2048,928.891
512,256,64,4096,1840.69
512,256,64,8192,3665.51
512,256,64,16384,7312.02
512,256,128,16,138.604
512,256,128,32,140.566
512,256,128,64,142.465
512,256,128,128,190.412
512,256,128,256,261.89
512,256,128,512,478.275
512,256,128,1024,919.739
512,256,128,2048,1811.8
512,256,128,4096,3596.63
512,256,128,8192,7170.43
512,256,128,16384,14334.2
512,512,0,0,40.8113
512,512,1,16,40.4163
512,512,1,32,40.4803
512,512,1,64,40.8647
512,512,1,128,40.6193
512,512,1,256,40.9067
512,512,1,512,41.024
512,512,1,1024,43.2647
512,512,1,2048,71.392
512,512,1,4096,128.972
512,512,1,8192,243.394
512,512,1,16384,473.836
512,512,2,16,41.6853
512,512,2,32,41.6853
512,512,2,64,41.8563
512,512,2,128,42.2507
512,512,2,256,42.2727
512,512,2,512,42.251
512,512,2,1024,44.6937
512,512,2,2048,72.4277
512,512,2,4096,128.982
512,512,2,8192,243.949
512,512,2,16384,476.291
512,512,4,16,47.0613
512,512,4,32,47.4137
512,512,4,64,46.9233
512,512,4,128,50.3043
512,512,4,256,54.229
512,512,4,512,60.6193
512,512,4,1024,66.464
512,512,4,2048,94.368
512,512,4,4096,151.084
512,512,4,8192,263.127
512,512,4,16384,485.816
512,512,8,16,51.126
512,512,8,32,51.0613
512,512,8,64,50.9017
512,512,8,128,54.1547
512,512,8,256,57.8453
512,512,8,512,63.2543
512,512,8,1024,77.2587
512,512,8,2048,112.204
512,512,8,4096,168.544
512,512,8,8192,280.066
512,512,8,16384,508.579
512,512,16,16,61.1523
512,512,16,32,61.2593
512,512,16,64,61.505
512,512,16,128,66.2513
512,512,16,256,70.529
512,512,16,512,82.2407
512,512,16,1024,110.177
512,512,16,2048,181.867
512,512,16,4096,319.223
512,512,16,8192,595.201
512,512,16,16384,1141.81
512,512,32,16,74.7627
512,512,32,32,75.1573
512,512,32,64,75.2223
512,512,32,128,84.374
512,512,32,256,94.753
512,512,32,512,120.865
512,512,32,1024,176.375
512,512,32,2048,405.038
512,512,32,4096,803.472
512,512,32,8192,1643.14
512,512,32,16384,3259.28
512,512,64,16,100.587
512,512,64,32,101.248
512,512,64,64,101.995
512,512,64,128,120.129
512,512,64,256,150.124
512,512,64,512,258.871
512,512,64,1024,476.611
512,512,64,2048,924.464
512,512,64,4096,1841.47
512,512,64,8192,3668.35
512,512,64,16384,7325.6
512,512,128,16,149.964
512,512,128,32,151.521
512,512,128,64,153.569
512,512,128,128,195.062
512,512,128,256,265.506
512,512,128,512,482.553
512,512,128,1024,920.624
512,512,128,2048,1809.27
512,512,128,4096,3595.86
512,512,128,8192,7177.87
512,512,128,16384,14340.3
512,1024,0,0,54.816
512,1024,1,16,54.9653
512,1024,1,32,54.955
512,1024,1,64,54.8267
512,1024,1,128,55.3497
512,1024,1,256,54.9447
512,1024,1,512,55.1363
512,1024,1,1024,55.5093
512,1024,1,2048,71.6907
512,1024,1,4096,129.26
512,1024,1,8192,243.639
512,1024,1,16384,474.062
512,1024,2,16,56.5233
512,1024,2,32,56.1173
512,1024,2,64,56.885
512,1024,2,128,55.936
512,1024,2,256,56.8337
512,1024,2,512,56.6837
512,1024,2,1024,57.376
512,1024,2,2048,72.6507
512,1024,2,4096,129.291
512,1024,2,8192,244.141
512,1024,2,16384,476.803
512,1024,4,16,61.345
512,1024,4,32,60.9283
512,1024,4,64,61.43
512,1024,4,128,64.1923
512,1024,4,256,67.948
512,1024,4,512,75.158
512,1024,4,1024,89.1317
512,1024,4,2048,109.59
512,1024,4,4096,166.529
512,1024,4,8192,280.62
512,1024,4,16384,503.662
512,1024,8,16,65.163
512,1024,8,32,65.6107
512,1024,8,64,65.5683
512,1024,8,128,68.9607
512,1024,8,256,72.4697
512,1024,8,512,79.35
512,1024,8,1024,91.9043
512,1024,8,2048,126.593
512,1024,8,4096,183.19
512,1024,8,8192,294.732
512,1024,8,16384,529.262
512,1024,16,16,75.6693
512,1024,16,32,75.734
512,1024,16,64,76.321
512,1024,16,128,84.7263
512,1024,16,256,91.659
512,1024,16,512,99.723
512,1024,16,1024,127.606
512,1024,16,2048,196.481
512,1024,16,4096,331.586
512,1024,16,8192,619.236
512,1024,16,16384,1185.35
512,1024,32,16,94.6567
512,1024,32,32,95.1147
512,1024,32,64,95.2967
512,1024,32,128,104.897
512,1024,32,256,114.891
512,1024,32,512,140.545
512,1024,32,1024,177.164
512,1024,32,2048,397.666
512,1024,32,4096,789.69
512,1024,32,8192,1622.11
512,1024,32,16384,3264.06
512,1024,64,16,120.737
512,1024,64,32,121.771
512,1024,64,64,122.806
512,1024,64,128,141.131
512,1024,64,256,169.43
512,1024,64,512,261.922
512,1024,64,1024,480.494
512,1024,64,2048,926.843
512,1024,64,4096,1826.67
512,1024,64,8192,3664.77
512,1024,64,16384,7321.11
512,1024,128,16,172.012
512,1024,128,32,172.972
512,1024,128,64,175.382
512,1024,128,128,217.516
512,1024,128,256,272.045
512,1024,128,512,484.697
512,1024,128,1024,927.942
512,1024,128,2048,1814.13
512,1024,128,4096,3596.04
512,1024,128,8192,7174.61
512,1024,128,16384,14340.7
512,2048,0,0,83.606
512,2048,1,16,83.4137
512,2048,1,32,83.371
512,2048,1,64,83.628
512,2048,1,128,83.52
512,2048,1,256,83.6807
512,2048,1,512,83.3287
512,2048,1,1024,84.0543
512,2048,1,2048,84.0543
512,2048,1,4096,129.526
512,2048,1,8192,243.884
512,2048,1,16384,474.37
512,2048,2,16,84.673
512,2048,2,32,84.2677
512,2048,2,64,84.545
512,2048,2,128,84.2457
512,2048,2,256,84.416
512,2048,2,512,84.5663
512,2048,2,1024,85.1427
512,2048,2,2048,85.5047
512,2048,2,4096,130.124
512,2048,2,8192,244.513
512,2048,2,16384,476.29
512,2048,4,16,90.2613
512,2048,4,32,90.827
512,2048,4,64,89.6437
512,2048,4,128,92.982
512,2048,4,256,96.2677
512,2048,4,512,103.82
512,2048,4,1024,117.664
512,2048,4,2048,146.337
512,2048,4,4096,198.626
512,2048,4,8192,316.919
512,2048,4,16384,550.598
512,2048,8,16,93.0667
512,2048,8,32,94.0597
512,2048,8,64,93.7713
512,2048,8,128,96.5763
512,2048,8,256,100.8
512,2048,8,512,107.958
512,2048,8,1024,122.539
512,2048,8,2048,148.779
512,2048,8,4096,211.789
512,2048,8,8192,326.071
512,2048,8,16384,559.982
512,2048,16,16,104.865
512,2048,16,32,104.427
512,2048,16,64,104.918
512,2048,16,128,112.896
512,2048,16,256,122.87
512,2048,16,512,144.023
512,2048,16,1024,157.335
512,2048,16,2048,214.401
512,2048,16,4096,352.173
512,2048,16,8192,631.609
512,2048,16,16384,1213.73
512,2048,32,16,124.982
512,2048,32,32,124.865
512,2048,32,64,125.217
512,2048,32,128,142.348
512,2048,32,256,153.163
512,2048,32,512,179.842
512,2048,32,1024,219.649
512,2048,32,2048,298.263
512,2048,32,4096,768.75
512,2048,32,8192,1606.38
512,2048,32,16384,3241.27
512,2048,64,16,160.3
512,2048,64,32,161.825
512,2048,64,64,162.614
512,2048,64,128,182.156
512,2048,64,256,211.809
512,2048,64,512,290.679
512,2048,64,1024,493.336
512,2048,64,2048,924.902
512,2048,64,4096,1822.1
512,2048,64,8192,3634.32
512,2048,64,16384,7293.59
512,2048,128,16,213.303
512,2048,128,32,213.761
512,2048,128,64,217.548
512,2048,128,128,260.407
512,2048,128,256,312.77
512,2048,128,512,491.779
512,2048,128,1024,933.872
512,2048,128,2048,1817.71
512,2048,128,4096,3591.48
512,2048,128,8192,7171.47
512,2048,128,16384,14338
512,4096,0,0,140.642
512,4096,1,16,141.142
512,4096,1,32,141.59
512,4096,1,64,141.078
512,4096,1,128,140.833
512,4096,1,256,140.193
512,4096,1,512,139.937
512,4096,1,1024,141.132
512,4096,1,2048,140.662
512,4096,1,4096,141.43
512,4096,1,8192,244.311
512,4096,1,16384,474.98
512,4096,2,16,141.153
512,4096,2,32,141.899
512,4096,2,64,141.099
512,4096,2,128,141.356
512,4096,2,256,140.683
512,4096,2,512,140.95
512,4096,2,1024,141.547
512,4096,2,2048,142.273
512,4096,2,4096,142.454
512,4096,2,8192,245.388
512,4096,2,16384,477.987
512,4096,4,16,146.039
512,4096,4,32,147.563
512,4096,4,64,146.241
512,4096,4,128,148.545
512,4096,4,256,152.843
512,4096,4,512,159.116
512,4096,4,1024,174.679
512,4096,4,2048,203.351
512,4096,4,4096,259.094
512,4096,4,8192,375.597
512,4096,4,16384,609.091
512,4096,8,16,149.996
512,4096,8,32,149.814
512,4096,8,64,150.998
512,4096,8,128,152.822
512,4096,8,256,157.185
512,4096,8,512,163.841
512,4096,8,1024,178.827
512,4096,8,2048,208.802
512,4096,8,4096,263.979
512,4096,8,8192,381.869
512,4096,8,16384,620.432
512,4096,16,16,160.672
512,4096,16,32,161.186
512,4096,16,64,160.993
512,4096,16,128,169.483
512,4096,16,256,179.245
512,4096,16,512,200.47
512,4096,16,1024,246.497
512,4096,16,2048,272.609
512,4096,16,4096,388.439
512,4096,16,8192,671.268
512,4096,16,16384,1251.15
512,4096,32,16,180.961
512,4096,32,32,181.27
512,4096,32,64,181.708
512,4096,32,128,199.233
512,4096,32,256,217.1
512,4096,32,512,256.984
512,4096,32,1024,315.404
512,4096,32,2048,381.635
512,4096,32,4096,553.038
512,4096,32,8192,1520.4
512,4096,32,16384,3207.24
512,4096,64,16,223.307
512,4096,64,32,224.406
512,4096,64,64,225.389
512,4096,64,128,260.033
512,4096,64,256,291.65
512,4096,64,512,362.52
512,4096,64,1024,562.361
512,4096,64,2048,942.886
512,4096,64,4096,1799.18
512,4096,64,8192,3610.37
512,4096,64,16384,7250.53
512,4096,128,16,294.039
512,4096,128,32,295.831
512,4096,128,64,298.754
512,4096,128,128,342.018
512,4096,128,256,395.608
512,4096,128,512,559.64
512,4096,128,1024,967.291
512,4096,128,2048,1840.72
512,4096,128,4096,3615.14
512,4096,128,8192,7149
512,4096,128,16384,14313.3
512,8192,0,0,254.06
512,8192,1,16,255.073
512,8192,1,32,253.932
512,8192,1,64,254.177
512,8192,1,128,253.985
512,8192,1,256,253.964
512,8192,1,512,254.68
512,8192,1,1024,254.552
512,8192,1,2048,255.372
512,8192,1,4096,254.615
512,8192,1,8192,254.753
512,8192,1,16384,475.533
512,8192,2,16,254.018
512,8192,2,32,254.274
512,8192,2,64,255.223
512,8192,2,128,253.943
512,8192,2,256,254.925
512,8192,2,512,255.372
512,8192,2,1024,254.646
512,8192,2,2048,255.468
512,8192,2,4096,256.46
512,8192,2,8192,257.995
512,8192,2,16384,479.651
512,8192,4,16,259.169
512,8192,4,32,260.237
512,8192,4,64,259.063
512,8192,4,128,261.964
512,8192,4,256,266.38
512,8192,4,512,275.138
512,8192,4,1024,288.919
512,8192,4,2048,317.656
512,8192,4,4096,374.573
512,8192,4,8192,490.264
512,8192,4,16384,725.196
512,8192,8,16,264.749
512,8192,8,32,263.351
512,8192,8,64,264.257
512,8192,8,128,268.15
512,8192,8,256,269.996
512,8192,8,512,276.365
512,8192,8,1024,291.639
512,8192,8,2048,322.006
512,8192,8,4096,382.082
512,8192,8,8192,495.576
512,8192,8,16384,738.842
512,8192,16,16,273.377
512,8192,16,32,273.666
512,8192,16,64,274.082
512,8192,16,128,283.276
512,8192,16,256,292.716
512,8192,16,512,314.658
512,8192,16,1024,358.594
512,8192,16,2048,447.054
512,8192,16,4096,505.944
512,8192,16,8192,746.544
512,8192,16,16384,1380.47
512,8192,32,16,293.644
512,8192,32,32,293.879
512,8192,32,64,295.618
512,8192,32,128,311.831
512,8192,32,256,329.517
512,8192,32,512,369.869
512,8192,32,1024,454.116
512,8192,32,2048,571.032
512,8192,32,4096,730.33
512,8192,32,8192,1189.46
512,8192,32,16384,3129.12
512,8192,64,16,336.184
512,8192,64,32,337.101
512,8192,64,64,337.346
512,8192,64,128,373.624
512,8192,64,256,418.2
512,8192,64,512,514.339
512,8192,64,1024,676.825
512,8192,64,2048,1086.66
512,8192,64,4096,1856.59
512,8192,64,8192,3611.37
512,8192,64,16384,7187.53
512,8192,128,16,420.322
512,8192,128,32,423.758
512,8192,128,64,428.28
512,8192,128,128,497.262
512,8192,128,256,555.235
512,8192,128,512,691.855
512,8192,128,1024,1089.56
512,8192,128,2048,1900.85
512,8192,128,4096,3642.73
512,8192,128,8192,7193.88
512,8192,128,16384,14264.3
512,16384,0,0,482.542
512,16384,1,16,482.851
512,16384,1,32,483.277
512,16384,1,64,482.754
512,16384,1,128,482.936
512,16384,1,256,484.537
512,16384,1,512,483.663
512,16384,1,1024,482.871
512,16384,1,2048,483.501
512,16384,1,4096,482.648
512,16384,1,8192,485.794
512,16384,1,16384,484.642
512,16384,2,16,484.024
512,16384,2,32,484.226
512,16384,2,64,485.784
512,16384,2,128,483.907
512,16384,2,256,483.533
512,16384,2,512,484.505
512,16384,2,1024,483.649
512,16384,2,2048,483.726
512,16384,2,4096,484.142
512,16384,2,8192,486.061
512,16384,2,16384,487.96
512,16384,4,16,488.014
512,16384,4,32,492.6
512,16384,4,64,489.24
512,16384,4,128,489.09
512,16384,4,256,494.766
512,16384,4,512,504.119
512,16384,4,1024,517.389
512,16384,4,2048,547.48
512,16384,4,4096,604.58
512,16384,4,8192,726.116
512,16384,4,16384,960.698
512,16384,8,16,491.171
512,16384,8,32,492.964
512,16384,8,64,491.257
512,16384,8,128,494.339
512,16384,8,256,497.753
512,16384,8,512,506.926
512,16384,8,1024,518.745
512,16384,8,2048,550.296
512,16384,8,4096,610.982
512,16384,8,8192,733.647
512,16384,8,16384,969.645
512,16384,16,16,501.207
512,16384,16,32,500.707
512,16384,16,64,500.717
512,16384,16,128,511.214
512,16384,16,256,519.074
512,16384,16,512,539.395
512,16384,16,1024,585.272
512,16384,16,2048,672.43
512,16384,16,4096,855.247
512,16384,16,8192,984.134
512,16384,16,16384,1469.59
512,16384,32,16,519.928
512,16384,32,32,521.496
512,16384,32,64,520.386
512,16384,32,128,536.792
512,16384,32,256,558.061
512,16384,32,512,597.199
512,16384,32,1024,679.021
512,16384,32,2048,843.877
512,16384,32,4096,1100.09
512,16384,32,8192,1452.03
512,16384,32,16384,2549
512,16384,64,16,562.83
512,16384,64,32,564.751
512,16384,64,64,563.834
512,16384,64,128,595.95
512,16384,64,256,644.142
512,16384,64,512,737.902
512,16384,64,1024,945.934
512,16384,64,2048,1329.38
512,16384,64,4096,2130.26
512,16384,64,8192,3664.44
512,16384,64,16384,7154.98
512,16384,128,16,646.873
512,16384,128,32,649.454
512,16384,128,64,656.814
512,16384,128,128,726.511
512,16384,128,256,808.686
512,16384,128,512,991.398
512,16384,128,1024,1337.53
512,16384,128,2048,2135.03
512,16384,128,4096,3827.43
512,16384,128,8192,7240.48
512,16384,128,16384,14315.7
1024,0,0,0,59.8827
1024,0,1,16,60.95
1024,0,1,32,60.9177
1024,0,1,64,61.4293
1024,0,1,128,61.1947
1024,0,1,256,62.401
1024,0,1,512,62.6347
1024,0,1,1024,65.8243
1024,0,1,2048,93.835
1024,0,1,4096,148.15
1024,0,1,8192,260.215
1024,0,1,16384,482.19
1024,0,2,16,62.6353
1024,0,2,32,62.6673
1024,0,2,64,62.795
1024,0,2,128,63.4243
1024,0,2,256,63.7123
1024,0,2,512,64.6617
1024,0,2,1024,70.8167
1024,0,2,2048,98.8483
1024,0,2,4096,153.952
1024,0,2,8192,263.863
1024,0,2,16384,485.805
1024,0,4,16,64.811
1024,0,4,32,64.9917
1024,0,4,64,64.512
1024,0,4,128,66.379
1024,0,4,256,67.8723
1024,0,4,512,68.5983
1024,0,4,1024,79.0727
1024,0,4,2048,107.105
1024,0,4,4096,162.028
1024,0,4,8192,273.815
1024,0,4,16384,498.413
1024,0,8,16,69.9953
1024,0,8,32,70.2617
1024,0,8,64,70.198
1024,0,8,128,72.513
1024,0,8,256,74.4107
1024,0,8,512,78.39
1024,0,8,1024,93.0883
1024,0,8,2048,140.982
1024,0,8,4096,204.886
1024,0,8,8192,315.874
1024,0,8,16384,568.473
1024,0,16,16,78.8057
1024,0,16,32,79.6697
1024,0,16,64,79.4247
1024,0,16,128,84.0003
1024,0,16,256,88.6293
1024,0,16,512,96.4167
1024,0,16,1024,136.449
1024,0,16,2048,225.399
1024,0,16,4096,369.197
1024,0,16,8192,680.687
1024,0,16,16384,1272.96
1024,0,32,16,97.803
1024,0,32,32,98.0377
1024,0,32,64,98.2093
1024,0,32,128,107.275
1024,0,32,256,116.427
1024,0,32,512,145.6
1024,0,32,1024,254.52
1024,0,32,2048,458.733
1024,0,32,4096,862.469
1024,0,32,8192,1748.76
1024,0,32,16384,3414.87
1024,0,64,16,133.633
1024,0,64,32,133.91
1024,0,64,64,135.265
1024,0,64,128,152.79
1024,0,64,256,176.278
1024,0,64,512,265.026
1024,0,64,1024,489.528
1024,0,64,2048,935.781
1024,0,64,4096,1854.86
1024,0,64,8192,3697.49
1024,0,64,16384,7389.69
1024,0,128,16,203.756
1024,0,128,32,205.196
1024,0,128,64,207.745
1024,0,128,128,255.169
1024,0,128,256,311.436
1024,0,128,512,489.699
1024,0,128,1024,929.84
1024,0,128,2048,1817.49
1024,0,128,4096,3612.04
1024,0,128,8192,7194.07
1024,0,128,16384,14352.1
1024,16,0,0,65.6863
1024,16,1,16,66.0697
1024,16,1,32,65.2057
1024,16,1,64,65.6
1024,16,1,128,66.251
1024,16,1,256,66.5287
1024,16,1,512,67.339
1024,16,1,1024,69.2053
1024,16,1,2048,96.353
1024,16,1,4096,152.075
1024,16,1,8192,262.018
1024,16,1,16384,481.453
1024,16,2,16,67.1897
1024,16,2,32,67.382
1024,16,2,64,66.7093
1024,16,2,128,67.371
1024,16,2,256,68.7473
1024,16,2,512,69.3127
1024,16,2,1024,73.0033
1024,16,2,2048,101.451
1024,16,2,4096,156.491
1024,16,2,8192,267.148
1024,16,2,16384,487.234
1024,16,4,16,69.761
1024,16,4,32,69.707
1024,16,4,64,69.536
1024,16,4,128,71.3823
1024,16,4,256,72.2247
1024,16,4,512,73.8677
1024,16,4,1024,80.982
1024,16,4,2048,109.772
1024,16,4,4096,165.291
1024,16,4,8192,276.834
1024,16,4,16384,500.205
1024,16,8,16,74.838
1024,16,8,32,75.4563
1024,16,8,64,74.87
1024,16,8,128,76.5653
1024,16,8,256,79.0403
1024,16,8,512,82.39
1024,16,8,1024,96.043
1024,16,8,2048,143.596
1024,16,8,4096,214.401
1024,16,8,8192,350.476
1024,16,8,16384,588.899
1024,16,16,16,83.542
1024,16,16,32,84.054
1024,16,16,64,84.331
1024,16,16,128,88.448
1024,16,16,256,93.5373
1024,16,16,512,101.665
1024,16,16,1024,138.326
1024,16,16,2048,225.036
1024,16,16,4096,378.338
1024,16,16,8192,694.713
1024,16,16,16384,1287.47
1024,16,32,16,102.241
1024,16,32,32,102.859
1024,16,32,64,103.446
1024,16,32,128,112.332
1024,16,32,256,121.174
1024,16,32,512,146.732
1024,16,32,1024,253.933
1024,16,32,2048,466.797
1024,16,32,4096,871.762
1024,16,32,8192,1754.92
1024,16,32,16384,3398.47
1024,16,64,16,138.667
1024,16,64,32,139.286
1024,16,64,64,140.118
1024,16,64,128,157.697
1024,16,64,256,180.758
1024,16,64,512,264.471
1024,16,64,1024,488.643
1024,16,64,2048,938.053
1024,16,64,4096,1857.1
1024,16,64,8192,3700.02
1024,16,64,16384,7389.87
1024,16,128,16,208.801
1024,16,128,32,210.252
1024,16,128,64,212.513
1024,16,128,128,257.708
1024,16,128,256,312.919
1024,16,128,512,489.815
1024,16,128,1024,931.76
1024,16,128,2048,1824.48
1024,16,128,4096,3610.07
1024,16,128,8192,7191.39
1024,16,128,16384,14352
1024,32,0,0,66.1977
1024,32,1,16,66.2083
1024,32,1,32,65.985
1024,32,1,64,65.6537
1024,32,1,128,66.305
1024,32,1,256,66.4003
1024,32,1,512,67.008
1024,32,1,1024,69.0997
1024,32,1,2048,96.502
1024,32,1,4096,151.66
1024,32,1,8192,262.38
1024,32,1,16384,482.275
1024,32,2,16,67.1257
1024,32,2,32,67.147
1024,32,2,64,67.019
1024,32,2,128,68.0223
1024,32,2,256,68.6297
1024,32,2,512,69.3983
1024,32,2,1024,73.611
1024,32,2,2048,100.854
1024,32,2,4096,156.491
1024,32,2,8192,266.572
1024,32,2,16384,486.231
1024,32,4,16,69.7387
1024,32,4,32,69.611
1024,32,4,64,69.5683
1024,32,4,128,71.2217
1024,32,4,256,72.4163
1024,32,4,512,73.4193
1024,32,4,1024,80.9923
1024,32,4,2048,109.836
1024,32,4,4096,165.494
1024,32,4,8192,277.336
1024,32,4,16384,498.712
1024,32,8,16,75.0937
1024,32,8,32,74.8593
1024,32,8,64,74.7523
1024,32,8,128,77.0247
1024,32,8,256,79.1903
1024,32,8,512,82.646
1024,32,8,1024,96.3527
1024,32,8,2048,144.448
1024,32,8,4096,219.084
1024,32,8,8192,329.58
1024,32,8,16384,589.796
1024,32,16,16,84.0747
1024,32,16,32,84.1283
1024,32,16,64,83.8827
1024,32,16,128,88.438
1024,32,16,256,93.6753
1024,32,16,512,102.528
1024,32,16,1024,138.049
1024,32,16,2048,227.574
1024,32,16,4096,376.493
1024,32,16,8192,679.116
1024,32,16,16384,1283.4
1024,32,32,16,102.806
1024,32,32,32,102.87
1024,32,32,64,103.446
1024,32,32,128,112.405
1024,32,32,256,121.568
1024,32,32,512,147.5
1024,32,32,1024,255.106
1024,32,32,2048,466.018
1024,32,32,4096,869.828
1024,32,32,8192,1742.94
1024,32,32,16384,3437.95
1024,32,64,16,138.967
1024,32,64,32,138.924
1024,32,64,64,139.947
1024,32,64,128,158.07
1024,32,64,256,181.079
1024,32,64,512,264.641
1024,32,64,1024,490.616
1024,32,64,2048,940.282
1024,32,64,4096,1857.16
1024,32,64,8192,3697.32
1024,32,64,16384,7387.12
1024,32,128,16,208.855
1024,32,128,32,210.507
1024,32,128,64,212.865
1024,32,128,128,257.537
1024,32,128,256,312.365
1024,32,128,512,490.286
1024,32,128,1024,930.373
1024,32,128,2048,1823.14
1024,32,128,4096,3610.52
1024,32,128,8192,7192.69
1024,32,128,16384,14351.9
1024,64,0,0,65.974
1024,64,1,16,65.995
1024,64,1,32,66.2293
1024,64,1,64,66.3473
1024,64,1,128,67.0517
1024,64,1,256,66.7093
1024,64,1,512,67.6163
1024,64,1,1024,69.8567
1024,64,1,2048,96.8003
1024,64,1,4096,151.638
1024,64,1,8192,262.178
1024,64,1,16384,484.664
1024,64,2,16,67.1897
1024,64,2,32,67.5423
1024,64,2,64,67.296
1024,64,2,128,67.5843
1024,64,2,256,68.747
1024,64,2,512,69.323
1024,64,2,1024,73.5997
1024,64,2,2048,100.992
1024,64,2,4096,156.62
1024,64,2,8192,267.586
1024,64,2,16384,487.49
1024,64,4,16,70.027
1024,64,4,32,69.888
1024,64,4,64,69.568
1024,64,4,128,70.6663
1024,64,4,256,71.9473
1024,64,4,512,72.8863
1024,64,4,1024,80.6293
1024,64,4,2048,109.792
1024,64,4,4096,165.025
1024,64,4,8192,276.631
1024,64,4,16384,498.317
1024,64,8,16,74.7313
1024,64,8,32,74.7957
1024,64,8,64,75.1793
1024,64,8,128,76.9817
1024,64,8,256,79.1903
1024,64,8,512,83.0723
1024,64,8,1024,96.534
1024,64,8,2048,144.524
1024,64,8,4096,212.566
1024,64,8,8192,334.551
1024,64,8,16384,586.019
1024,64,16,16,84.2457
1024,64,16,32,84.47
1024,64,16,64,84.2033
1024,64,16,128,88.1607
1024,64,16,256,93.7613
1024,64,16,512,102.06
1024,64,16,1024,139.681
1024,64,16,2048,222.904
1024,64,16,4096,377.08
1024,64,16,8192,682.425
1024,64,16,16384,1281.6
1024,64,32,16,102.7
1024,64,32,32,103.03
1024,64,32,64,103.745
1024,64,32,128,112.033
1024,64,32,256,121.302
1024,64,32,512,147.521
1024,64,32,1024,255.095
1024,64,32,2048,464.333
1024,64,32,4096,872.079
1024,64,32,8192,1748.57
1024,64,32,16384,3499.19
1024,64,64,16,138.518
1024,64,64,32,139.435
1024,64,64,64,140.172
1024,64,64,128,158.176
1024,64,64,256,180.811
1024,64,64,512,263.736
1024,64,64,1024,490.84
1024,64,64,2048,942.789
1024,64,64,4096,1852.47
1024,64,64,8192,3697.55
1024,64,64,16384,7381.41
1024,64,128,16,208.726
1024,64,128,32,210.603
1024,64,128,64,212.887
1024,64,128,128,257.623
1024,64,128,256,312.769
1024,64,128,512,490.435
1024,64,128,1024,929.381
1024,64,128,2048,1819.26
1024,64,128,4096,3608.37
1024,64,128,8192,7191.71
1024,64,128,16384,14353
1024,128,0,0,66.9763
1024,128,1,16,69.686
1024,128,1,32,69.2383
1024,128,1,64,69.0037
1024,128,1,128,69.7287
1024,128,1,256,69.568
1024,128,1,512,70.1233
1024,128,1,1024,71.6803
1024,128,1,2048,99.03
1024,128,1,4096,154.432
1024,128,1,8192,263.756
1024,128,1,16384,486.936
1024,128,2,16,70.7733
1024,128,2,32,71.371
1024,128,2,64,70.8807
1024,128,2,128,70.3147
1024,128,2,256,71.68
1024,128,2,512,71.4247
1024,128,2,1024,76.0967
1024,128,2,2048,103.126
1024,128,2,4096,159.307
1024,128,2,8192,268.982
1024,128,2,16384,490.04
1024,128,4,16,72.0857
1024,128,4,32,72.075
1024,128,4,64,71.84
1024,128,4,128,73.846
1024,128,4,256,74.614
1024,128,4,512,75.8933
1024,128,4,1024,82.0913
1024,128,4,2048,112.737
1024,128,4,4096,168.172
1024,128,4,8192,280.47
1024,128,4,16384,503.778
1024,128,8,16,77.184
1024,128,8,32,77.2483
1024,128,8,64,77.259
1024,128,8,128,79.6913
1024,128,8,256,81.8667
1024,128,8,512,86.0803
1024,128,8,1024,98.9017
1024,128,8,2048,145.59
1024,128,8,4096,227.596
1024,128,8,8192,354.733
1024,128,8,16384,592.675
1024,128,16,16,86.5187
1024,128,16,32,86.88
1024,128,16,64,86.6777
1024,128,16,128,91.531
1024,128,16,256,96.235
1024,128,16,512,104.427
1024,128,16,1024,138.806
1024,128,16,2048,225.036
1024,128,16,4096,386.809
1024,128,16,8192,702.639
1024,128,16,16384,1293.18
1024,128,32,16,105.003
1024,128,32,32,105.409
1024,128,32,64,105.803
1024,128,32,128,114.923
1024,128,32,256,124.032
1024,128,32,512,149.024
1024,128,32,1024,256.46
1024,128,32,2048,470.498
1024,128,32,4096,888.378
1024,128,32,8192,1740.02
1024,128,32,16384,3520.13
1024,128,64,16,141.494
1024,128,64,32,142.123
1024,128,64,64,142.657
1024,128,64,128,160.961
1024,128,64,256,183.575
1024,128,64,512,265.484
1024,128,64,1024,490.381
1024,128,64,2048,941.605
1024,128,64,4096,1858.13
1024,128,64,8192,3702.31
1024,128,64,16384,7383.12
1024,128,128,16,211.35
1024,128,128,32,212.94
1024,128,128,64,215.969
1024,128,128,128,260.673
1024,128,128,256,316.161
1024,128,128,512,492.461
1024,128,128,1024,931.845
1024,128,128,2048,1821.16
1024,128,128,4096,3613.33
1024,128,128,8192,7191.55
1024,128,128,16384,14353.1
1024,256,0,0,74.208
1024,256,1,16,76.6193
1024,256,1,32,76.203
1024,256,1,64,76.4913
1024,256,1,128,76.8963
1024,256,1,256,76.5653
1024,256,1,512,77.3233
1024,256,1,1024,79.296
1024,256,1,2048,103.179
1024,256,1,4096,157.836
1024,256,1,8192,267.532
1024,256,1,16384,488.119
1024,256,2,16,77.0133
1024,256,2,32,77.3123
1024,256,2,64,76.8427
1024,256,2,128,77.6117
1024,256,2,256,77.9953
1024,256,2,512,79.9577
1024,256,2,1024,81.003
1024,256,2,2048,108.139
1024,256,2,4096,163.702
1024,256,2,8192,272.812
1024,256,2,16384,494.765
1024,256,4,16,79.2643
1024,256,4,32,79.4883
1024,256,4,64,79.232
1024,256,4,128,81.0247
1024,256,4,256,82.0587
1024,256,4,512,84.427
1024,256,4,1024,87.2537
1024,256,4,2048,118.4
1024,256,4,4096,173.622
1024,256,4,8192,285.42
1024,256,4,16384,508.259
1024,256,8,16,83.83
1024,256,8,32,84.182
1024,256,8,64,84.4053
1024,256,8,128,86.358
1024,256,8,256,88.5867
1024,256,8,512,92.512
1024,256,8,1024,104.566
1024,256,8,2048,143.489
1024,256,8,4096,236.385
1024,256,8,8192,367.299
1024,256,8,16384,587.149
1024,256,16,16,93.8247
1024,256,16,32,93.8677
1024,256,16,64,93.963
1024,256,16,128,98.5183
1024,256,16,256,102.859
1024,256,16,512,112.395
1024,256,16,1024,141.643
1024,256,16,2048,222.892
1024,256,16,4096,400.205
1024,256,16,8192,729.209
1024,256,16,16384,1313.15
1024,256,32,16,112.278
1024,256,32,32,112.651
1024,256,32,64,113.205
1024,256,32,128,121.974
1024,256,32,256,131.541
1024,256,32,512,155.851
1024,256,32,1024,259.415
1024,256,32,2048,474.392
1024,256,32,4096,910.416
1024,256,32,8192,1784.5
1024,256,32,16384,3559.84
1024,256,64,16,148.875
1024,256,64,32,149.559
1024,256,64,64,150.326
1024,256,64,128,168.833
1024,256,64,256,191.659
1024,256,64,512,267.223
1024,256,64,1024,491.652
1024,256,64,2048,943.044
1024,256,64,4096,1849.63
1024,256,64,8192,3698.55
1024,256,64,16384,7384.09
1024,256,128,16,219.734
1024,256,128,32,220.844
1024,256,128,64,223.436
1024,256,128,128,265.943
1024,256,128,256,321.238
1024,256,128,512,492.536
1024,256,128,1024,933.55
1024,256,128,2048,1827.77
1024,256,128,4096,3614.21
1024,256,128,8192,7196.19
1024,256,128,16384,14356.2
1024,512,0,0,88.363
1024,512,1,16,90.176
1024,512,1,32,90.1017
1024,512,1,64,90.2297
1024,512,1,128,90.2513
1024,512,1,256,90.4107
1024,512,1,512,90.891
1024,512,1,1024,91.8937
1024,512,1,2048,111.243
1024,512,1,4096,166.753
1024,512,1,8192,276.728
1024,512,1,16384,497.005
1024,512,2,16,91.072
1024,512,2,32,90.977
1024,512,2,64,91.3387
1024,512,2,128,91.446
1024,512,2,256,91.8083
1024,512,2,512,93.3337
1024,512,2,1024,93.5043
1024,512,2,2048,116.278
1024,512,2,4096,171.415
1024,512,2,8192,281.633
1024,512,2,16384,501.452
1024,512,4,16,93.76
1024,512,4,32,94.0803
1024,512,4,64,94.272
1024,512,4,128,94.9333
1024,512,4,256,96.2347
1024,512,4,512,98.8167
1024,512,4,1024,97.9957
1024,512,4,2048,132.246
1024,512,4,4096,187.255
1024,512,4,8192,298.753
1024,512,4,16384,521.741
1024,512,8,16,97.8243
1024,512,8,32,98.379
1024,512,8,64,98.4327
1024,512,8,128,100.747
1024,512,8,256,102.794
1024,512,8,512,106.219
1024,512,8,1024,119.233
1024,512,8,2048,152.47
1024,512,8,4096,254.487
1024,512,8,8192,390.475
1024,512,8,16384,636.675
1024,512,16,16,107.489
1024,512,16,32,107.446
1024,512,16,64,107.808
1024,512,16,128,112.012
1024,512,16,256,117.366
1024,512,16,512,127.008
1024,512,16,1024,149.174
1024,512,16,2048,242.583
1024,512,16,4096,419.853
1024,512,16,8192,741.763
1024,512,16,16384,1408.49
1024,512,32,16,126.166
1024,512,32,32,127.371
1024,512,32,64,127.521
1024,512,32,128,136.598
1024,512,32,256,146.955
1024,512,32,512,169.185
1024,512,32,1024,255.702
1024,512,32,2048,470.628
1024,512,32,4096,910.331
1024,512,32,8192,1808.76
1024,512,32,16384,3621.85
1024,512,64,16,163.702
1024,512,64,32,164.289
1024,512,64,64,164.993
1024,512,64,128,183.67
1024,512,64,256,206.987
1024,512,64,512,270.849
1024,512,64,1024,491.192
1024,512,64,2048,948.89
1024,512,64,4096,1853.22
1024,512,64,8192,3703.81
1024,512,64,16384,7377.65
1024,512,128,16,235.073
1024,512,128,32,236.619
1024,512,128,64,239.318
1024,512,128,128,279.393
1024,512,128,256,330.614
1024,512,128,512,496.386
1024,512,128,1024,935.877
1024,512,128,2048,1829.48
1024,512,128,4096,3619.81
1024,512,128,8192,7201.51
1024,512,128,16384,14355.9
1024,1024,0,0,116.139
1024,1024,1,16,117.836
1024,1024,1,32,117.729
1024,1024,1,64,118.07
1024,1024,1,128,118.166
1024,1024,1,256,118.241
1024,1024,1,512,118.326
1024,1024,1,1024,118.955
1024,1024,1,2048,125.856
1024,1024,1,4096,181.58
1024,1024,1,8192,291.927
1024,1024,1,16384,514.285
1024,1024,2,16,118.39
1024,1024,2,32,118.902
1024,1024,2,64,118.87
1024,1024,2,128,119.542
1024,1024,2,256,119.254
1024,1024,2,512,119.969
1024,1024,2,1024,121.333
1024,1024,2,2048,130.805
1024,1024,2,4096,186.391
1024,1024,2,8192,296.279
1024,1024,2,16384,519.214
1024,1024,4,16,121.078
1024,1024,4,32,121.323
1024,1024,4,64,121.707
1024,1024,4,128,122.09
1024,1024,4,256,123.766
1024,1024,4,512,124.759
1024,1024,4,1024,125.749
1024,1024,4,2048,140.587
1024,1024,4,4096,215.777
1024,1024,4,8192,330.188
1024,1024,4,16384,558.862
1024,1024,8,16,125.516
1024,1024,8,32,125.643
1024,1024,8,64,125.92
1024,1024,8,128,128.235
1024,1024,8,256,129.771
1024,1024,8,512,133.355
1024,1024,8,1024,148.214
1024,1024,8,2048,180.556
1024,1024,8,4096,273.953
1024,1024,8,8192,432.439
1024,1024,8,16384,719.076
1024,1024,16,16,134.518
1024,1024,16,32,135.083
1024,1024,16,64,135.009
1024,1024,16,128,139.765
1024,1024,16,256,145.984
1024,1024,16,512,156.545
1024,1024,16,1024,172.055
1024,1024,16,2048,260.46
1024,1024,16,4096,430.766
1024,1024,16,8192,740.161
1024,1024,16,16384,1426.76
1024,1024,32,16,154.028
1024,1024,32,32,154.316
1024,1024,32,64,154.593
1024,1024,32,128,165.697
1024,1024,32,256,175.703
1024,1024,32,512,199.042
1024,1024,32,1024,272.247
1024,1024,32,2048,483.352
1024,1024,32,4096,906.418
1024,1024,32,8192,1794.23
1024,1024,32,16384,3618.37
1024,1024,64,16,193.089
1024,1024,64,32,193.825
1024,1024,64,64,194.775
1024,1024,64,128,214.284
1024,1024,64,256,237.974
1024,1024,64,512,292.823
1024,1024,64,1024,501.336
1024,1024,64,2048,944.889
1024,1024,64,4096,1849.57
1024,1024,64,8192,3680.3
1024,1024,64,16384,7383.33
1024,1024,128,16,265.986
1024,1024,128,32,267.404
1024,1024,128,64,269.538
1024,1024,128,128,310.807
1024,1024,128,256,353.815
1024,1024,128,512,499.501
1024,1024,128,1024,942.586
1024,1024,128,2048,1836.72
1024,1024,128,4096,3624.1
1024,1024,128,8192,7205.76
1024,1024,128,16384,14373.5
1024,2048,0,0,171.564
1024,2048,1,16,173.451
1024,2048,1,32,173.525
1024,2048,1,64,173.42
1024,2048,1,128,173.697
1024,2048,1,256,173.846
1024,2048,1,512,174.444
1024,2048,1,1024,173.953
1024,2048,1,2048,174.786
1024,2048,1,4096,211.072
1024,2048,1,8192,320.3
1024,2048,1,16384,540.003
1024,2048,2,16,174.241
1024,2048,2,32,174.379
1024,2048,2,64,174.7
1024,2048,2,128,174.86
1024,2048,2,256,175.756
1024,2048,2,512,176.363
1024,2048,2,1024,176.171
1024,2048,2,2048,177.121
1024,2048,2,4096,215.479
1024,2048,2,8192,326.487
1024,2048,2,16384,548.141
1024,2048,4,16,178.017
1024,2048,4,32,177.025
1024,2048,4,64,177.537
1024,2048,4,128,177.835
1024,2048,4,256,179.414
1024,2048,4,512,179.829
1024,2048,4,1024,181.557
1024,2048,4,2048,181.772
1024,2048,4,4096,256.524
1024,2048,4,8192,391.714
1024,2048,4,16384,625.945
1024,2048,8,16,181.42
1024,2048,8,32,181.324
1024,2048,8,64,181.654
1024,2048,8,128,182.999
1024,2048,8,256,184.962
1024,2048,8,512,187.628
1024,2048,8,1024,203.18
1024,2048,8,2048,233.654
1024,2048,8,4096,301.389
1024,2048,8,8192,497.816
1024,2048,8,16384,783.342
1024,2048,16,16,189.484
1024,2048,16,32,190.124
1024,2048,16,64,190.038
1024,2048,16,128,194.882
1024,2048,16,256,199.873
1024,2048,16,512,209.302
1024,2048,16,1024,235.66
1024,2048,16,2048,288.353
1024,2048,16,4096,463.96
1024,2048,16,8192,827.503
1024,2048,16,16384,1442.73
1024,2048,32,16,208.673
1024,2048,32,32,208.812
1024,2048,32,64,208.844
1024,2048,32,128,218.785
1024,2048,32,256,232.044
1024,2048,32,512,257.634
1024,2048,32,1024,308.45
1024,2048,32,2048,450.072
1024,2048,32,4096,838.649
1024,2048,32,8192,1762.98
1024,2048,32,16384,3548.63
1024,2048,64,16,248.161
1024,2048,64,32,248.321
1024,2048,64,64,249.58
1024,2048,64,128,271.958
1024,2048,64,256,296.076
1024,2048,64,512,347.33
1024,2048,64,1024,517.688
1024,2048,64,2048,957.733
1024,2048,64,4096,1856.08
1024,2048,64,8192,3674.55
1024,2048,64,16384,7368.28
1024,2048,128,16,324.354
1024,2048,128,32,326.156
1024,2048,128,64,329.462
1024,2048,128,128,371.415
1024,2048,128,256,414.381
1024,2048,128,512,525.539
1024,2048,128,1024,949.36
1024,2048,128,2048,1849.32
1024,2048,128,4096,3632.61
1024,2048,128,8192,7208
1024,2048,128,16384,14381.9
1024,4096,0,0,285.281
1024,4096,1,16,284.653
1024,4096,1,32,284.45
1024,4096,1,64,285.367
1024,4096,1,128,285.698
1024,4096,1,256,284.791
1024,4096,1,512,284.994
1024,4096,1,1024,285.239
1024,4096,1,2048,286.028
1024,4096,1,4096,285.91
1024,4096,1,8192,378.945
1024,4096,1,16384,599.884
1024,4096,2,16,286.562
1024,4096,2,32,285.985
1024,4096,2,64,286.85
1024,4096,2,128,287.703
1024,4096,2,256,287.457
1024,4096,2,512,287.35
1024,4096,2,1024,287.106
1024,4096,2,2048,288.141
1024,4096,2,4096,287.917
1024,4096,2,8192,386.765
1024,4096,2,16384,609.347
1024,4096,4,16,287.522
1024,4096,4,32,288.993
1024,4096,4,64,290.242
1024,4096,4,128,290.349
1024,4096,4,256,289.815
1024,4096,4,512,291.106
1024,4096,4,1024,290.444
1024,4096,4,2048,292.588
1024,4096,4,4096,292.609
1024,4096,4,8192,492.162
1024,4096,4,16384,737.091
1024,4096,8,16,293.345
1024,4096,8,32,292.716
1024,4096,8,64,293.388
1024,4096,8,128,293.943
1024,4096,8,256,295.361
1024,4096,8,512,299.958
1024,4096,8,1024,312.236
1024,4096,8,2048,347.418
1024,4096,8,4096,408.365
1024,4096,8,8192,530.584
1024,4096,8,16384,918.992
1024,4096,16,16,300.684
1024,4096,16,32,300.908
1024,4096,16,64,301.367
1024,4096,16,128,304.247
1024,4096,16,256,307.713
1024,4096,16,512,318.914
1024,4096,16,1024,336.364
1024,4096,16,2048,394.582
1024,4096,16,4096,519.981
1024,4096,16,8192,822.522
1024,4096,16,16384,1461.68
1024,4096,32,16,317.933
1024,4096,32,32,318.957
1024,4096,32,64,319.735
1024,4096,32,128,328.118
1024,4096,32,256,339.489
1024,4096,32,512,366.264
1024,4096,32,1024,426.168
1024,4096,32,2048,543.596
1024,4096,32,4096,859.14
1024,4096,32,8192,1666.4
1024,4096,32,16384,3481.49
1024,4096,64,16,355.991
1024,4096,64,32,356.098
1024,4096,64,64,357.068
1024,4096,64,128,379.084
1024,4096,64,256,408.546
1024,4096,64,512,462.104
1024,4096,64,1024,592.6
1024,4096,64,2048,998.288
1024,4096,64,4096,1877.13
1024,4096,64,8192,3700.39
1024,4096,64,16384,7338.69
1024,4096,128,16,439.501
1024,4096,128,32,439.362
1024,4096,128,64,443.928
1024,4096,128,128,487.694
1024,4096,128,256,532.61
1024,4096,128,512,634.724
1024,4096,128,1024,981.978
1024,4096,128,2048,1865.65
1024,4096,128,4096,3650.38
1024,4096,128,8192,7230.55
1024,4096,128,16384,14417.1
1024,8192,0,0,508.283
1024,8192,1,16,507.309
1024,8192,1,32,506.467
1024,8192,1,64,507.095
1024,8192,1,128,506.51
1024,8192,1,256,507.949
1024,8192,1,512,508.056
1024,8192,1,1024,508.248
1024,8192,1,2048,508.215
1024,8192,1,4096,508.888
1024,8192,1,8192,507.865
1024,8192,1,16384,719.256
1024,8192,2,16,507.586
1024,8192,2,32,509.155
1024,8192,2,64,508.931
1024,8192,2,128,509.251
1024,8192,2,256,510.712
1024,8192,2,512,508.877
1024,8192,2,1024,509.314
1024,8192,2,2048,510.584
1024,8192,2,4096,508.973
1024,8192,2,8192,510.848
1024,8192,2,16384,728.92
1024,8192,4,16,510.817
1024,8192,4,32,510.669
1024,8192,4,64,510.722
1024,8192,4,128,511.682
1024,8192,4,256,514.018
1024,8192,4,512,513.39
1024,8192,4,1024,514.85
1024,8192,4,2048,513.89
1024,8192,4,4096,527.576
1024,8192,4,8192,518.253
1024,8192,4,16384,958.683
1024,8192,8,16,514.905
1024,8192,8,32,515.224
1024,8192,8,64,516.269
1024,8192,8,128,515.736
1024,8192,8,256,519.618
1024,8192,8,512,521.528
1024,8192,8,1024,522.137
1024,8192,8,2048,554.947
1024,8192,8,4096,632.409
1024,8192,8,8192,743.918
1024,8192,8,16384,982.906
1024,8192,16,16,522.68
1024,8192,16,32,523.022
1024,8192,16,64,522.765
1024,8192,16,128,527.418
1024,8192,16,256,531.386
1024,8192,16,512,539.586
1024,8192,16,1024,555.438
1024,8192,16,2048,589.614
1024,8192,16,4096,680.462
1024,8192,16,8192,982.03
1024,8192,16,16384,1562.59
1024,8192,32,16,542.274
1024,8192,32,32,541.09
1024,8192,32,64,540.75
1024,8192,32,128,548.41
1024,8192,32,256,557.614
1024,8192,32,512,583.779
1024,8192,32,1024,640.057
1024,8192,32,2048,746.756
1024,8192,32,4096,1060.87
1024,8192,32,8192,1683.01
1024,8192,32,16384,3459.25
1024,8192,64,16,574.051
1024,8192,64,32,575.117
1024,8192,64,64,576.355
1024,8192,64,128,596.526
1024,8192,64,256,620.761
1024,8192,64,512,677.294
1024,8192,64,1024,815.332
1024,8192,64,2048,1125.4
1024,8192,64,4096,1970.25
1024,8192,64,8192,3728.06
1024,8192,64,16384,7407.39
1024,8192,128,16,651.662
1024,8192,128,32,653.284
1024,8192,128,64,657.732
1024,8192,128,128,702.424
1024,8192,128,256,760.218
1024,8192,128,512,863.769
1024,8192,128,1024,1130.18
1024,8192,128,2048,1948.08
1024,8192,128,4096,3712.34
1024,8192,128,8192,7277.41
1024,8192,128,16384,14454.6
1024,16384,0,0,949.115
1024,16384,1,16,952.686
1024,16384,1,32,951.471
1024,16384,1,64,951.94
1024,16384,1,128,952.079
1024,16384,1,256,952.079
1024,16384,1,512,953.413
1024,16384,1,1024,948.388
1024,16384,1,2048,951.161
1024,16384,1,4096,953.379
1024,16384,1,8192,953.221
1024,16384,1,16384,968.43
1024,16384,2,16,951.45
1024,16384,2,32,950.479
1024,16384,2,64,952.282
1024,16384,2,128,952.336
1024,16384,2,256,951.683
1024,16384,2,512,951.973
1024,16384,2,1024,950.83
1024,16384,2,2048,952.825
1024,16384,2,4096,952.4
1024,16384,2,8192,968.516
1024,16384,2,16384,975.193
1024,16384,4,16,954.351
1024,16384,4,32,954.96
1024,16384,4,64,957.178
1024,16384,4,128,953.104
1024,16384,4,256,957.232
1024,16384,4,512,955.515
1024,16384,4,1024,954.416
1024,16384,4,2048,957.466
1024,16384,4,4096,957.456
1024,16384,4,8192,985.215
1024,16384,4,16384,980.42
1024,16384,8,16,957.541
1024,16384,8,32,958.01
1024,16384,8,64,957.369
1024,16384,8,128,958.715
1024,16384,8,256,961.029
1024,16384,8,512,964.762
1024,16384,8,1024,967.193
1024,16384,8,2048,968.835
1024,16384,8,4096,1014.93
1024,16384,8,8192,1199.3
1024,16384,8,16384,1428.43
1024,16384,16,16,968.165
1024,16384,16,32,967.379
1024,16384,16,64,966.842
1024,16384,16,128,970.234
1024,16384,16,256,975.035
1024,16384,16,512,983.08
1024,16384,16,1024,999.023
1024,16384,16,2048,1039.61
1024,16384,16,4096,1100.62
1024,16384,16,8192,1281.37
1024,16384,16,16384,1923.2
1024,16384,32,16,985.498
1024,16384,32,32,984.857
1024,16384,32,64,985.562
1024,16384,32,128,993.827
1024,16384,32,256,1003.94
1024,16384,32,512,1022.91
1024,16384,32,1024,1080.31
1024,16384,32,2048,1196.83
1024,16384,32,4096,1424.81
1024,16384,32,8192,2021.73
1024,16384,32,16384,3330.2
1024,16384,64,16,1020.78
1024,16384,64,32,1018.78
1024,16384,64,64,1021.1
1024,16384,64,128,1039.38
1024,16384,64,256,1061.6
1024,16384,64,512,1118.33
1024,16384,64,1024,1243.23
1024,16384,64,2048,1499.32
1024,16384,64,4096,2211.66
1024,16384,64,8192,3985.79
1024,16384,64,16384,7385.19
1024,16384,128,16,1091.35
1024,16384,128,32,1098.91
1024,16384,128,64,1103.42
1024,16384,128,128,1140.53
1024,16384,128,256,1188.91
1024,16384,128,512,1298.69
1024,16384,128,1024,1551.22
1024,16384,128,2048,2236.09
1024,16384,128,4096,3876.05
1024,16384,128,8192,7404.52
1024,16384,128,16384,14471.8
2048,0,0,0,154.422
2048,0,1,16,156.001
2048,0,1,32,156.236
2048,0,1,64,156.534
2048,0,1,128,156.694
2048,0,1,256,157.281
2048,0,1,512,157.441
2048,0,1,1024,159.595
2048,0,1,2048,165.217
2048,0,1,4096,221.495
2048,0,1,8192,331.608
2048,0,1,16384,551.448
2048,0,2,16,158.145
2048,0,2,32,158.102
2048,0,2,64,158.369
2048,0,2,128,158.785
2048,0,2,256,159.829
2048,0,2,512,160.919
2048,0,2,1024,162.881
2048,0,2,2048,174.091
2048,0,2,4096,232.876
2048,0,2,8192,343.362
2048,0,2,16384,563.618
2048,0,4,16,162.102
2048,0,4,32,161.888
2048,0,4,64,161.451
2048,0,4,128,162.316
2048,0,4,256,164.161
2048,0,4,512,166.902
2048,0,4,1024,171.19
2048,0,4,2048,189.996
2048,0,4,4096,255.734
2048,0,4,8192,368.856
2048,0,4,16384,609.848
2048,0,8,16,168.523
2048,0,8,32,169.174
2048,0,8,64,169.313
2048,0,8,128,172.566
2048,0,8,256,175.702
2048,0,8,512,179.446
2048,0,8,1024,189.526
2048,0,8,2048,220.407
2048,0,8,4096,317.762
2048,0,8,8192,517.454
2048,0,8,16384,888.549
2048,0,16,16,183.596
2048,0,16,32,182.796
2048,0,16,64,182.667
2048,0,16,128,188.438
2048,0,16,256,194.06
2048,0,16,512,203.19
2048,0,16,1024,222.945
2048,0,16,2048,299.735
2048,0,16,4096,531.341
2048,0,16,8192,959.95
2048,0,16,16384,1790.83
2048,0,32,16,212.46
2048,0,32,32,213.153
2048,0,32,64,213.633
2048,0,32,128,223.201
2048,0,32,256,233.569
2048,0,32,512,255.201
2048,0,32,1024,305.985
2048,0,32,2048,526.456
2048,0,32,4096,989.892
2048,0,32,8192,1926.42
2048,0,32,16384,3870.94
2048,0,64,16,270.54
2048,0,64,32,271.159
2048,0,64,64,272.311
2048,0,64,128,291.041
2048,0,64,256,314.22
2048,0,64,512,358.85
2048,0,64,1024,522.776
2048,0,64,2048,983.002
2048,0,64,4096,1887.62
2048,0,64,8192,3706.44
2048,0,64,16384,7402.43
2048,0,128,16,383.885
2048,0,128,32,385.997
2048,0,128,64,389.186
2048,0,128,128,428.866
2048,0,128,256,480.909
2048,0,128,512,596.269
2048,0,128,1024,969.392
2048,0,128,2048,1854.57
2048,0,128,4096,3644.07
2048,0,128,8192,7221.7
2048,0,128,16384,14389
2048,16,0,0,163.084
2048,16,1,16,164.289
2048,16,1,32,164.63
2048,16,1,64,165.164
2048,16,1,128,164.342
2048,16,1,256,165.046
2048,16,1,512,165.014
2048,16,1,1024,166.582
2048,16,1,2048,169.761
2048,16,1,4096,226.358
2048,16,1,8192,336.034
2048,16,1,16384,556.44
2048,16,2,16,165.952
2048,16,2,32,165.665
2048,16,2,64,166.102
2048,16,2,128,166.784
2048,16,2,256,167.99
2048,16,2,512,169.302
2048,16,2,1024,171.308
2048,16,2,2048,178.871
2048,16,2,4096,238.411
2048,16,2,8192,347.926
2048,16,2,16384,569.048
2048,16,4,16,169.015
2048,16,4,32,168.299
2048,16,4,64,169.079
2048,16,4,128,169.131
2048,16,4,256,171.799
2048,16,4,512,173.899
2048,16,4,1024,178.07
2048,16,4,2048,194.017
2048,16,4,4096,261.942
2048,16,4,8192,379.895
2048,16,4,16384,612.321
2048,16,8,16,176.523
2048,16,8,32,176.235
2048,16,8,64,176.033
2048,16,8,128,179.041
2048,16,8,256,182.455
2048,16,8,512,185.996
2048,16,8,1024,196.716
2048,16,8,2048,225.356
2048,16,8,4096,322.221
2048,16,8,8192,528.142
2048,16,8,16384,889.584
2048,16,16,16,190.935
2048,16,16,32,191.895
2048,16,16,64,191.499
2048,16,16,128,195.798
2048,16,16,256,201.302
2048,16,16,512,210.636
2048,16,16,1024,231.371
2048,16,16,2048,301.762
2048,16,16,4096,535.394
2048,16,16,8192,963.792
2048,16,16,16384,1810.24
2048,16,32,16,220.416
2048,16,32,32,220.108
2048,16,32,64,220.108
2048,16,32,128,230.039
2048,16,32,256,239.713
2048,16,32,512,262.39
2048,16,32,1024,310.326
2048,16,32,2048,526.029
2048,16,32,4096,995.474
2048,16,32,8192,1925.96
2048,16,32,16384,3867.44
2048,16,64,16,278.466
2048,16,64,32,278.572
2048,16,64,64,279.895
2048,16,64,128,297.975
2048,16,64,256,321.079
2048,16,64,512,364.919
2048,16,64,1024,526.424
2048,16,64,2048,992.612
2048,16,64,4096,1889.83
2048,16,64,8192,3711.84
2048,16,64,16384,7405.27
2048,16,128,16,391.522
2048,16,128,32,393.591
2048,16,128,64,395.8
2048,16,128,128,435.511
2048,16,128,256,484.994
2048,16,128,512,601.08
2048,16,128,1024,972.784
2048,16,128,2048,1860.45
2048,16,128,4096,3643.88
2048,16,128,8192,7229.89
2048,16,128,16384,14392.9
2048,32,0,0,162.742
2048,32,1,16,164.811
2048,32,1,32,164.374
2048,32,1,64,163.788
2048,32,1,128,166.187
2048,32,1,256,165.313
2048,32,1,512,165.025
2048,32,1,1024,166.764
2048,32,1,2048,169.057
2048,32,1,4096,226.22
2048,32,1,8192,336.258
2048,32,1,16384,556.845
2048,32,2,16,165.025
2048,32,2,32,166.102
2048,32,2,64,166.38
2048,32,2,128,166.38
2048,32,2,256,167.532
2048,32,2,512,169.633
2048,32,2,1024,170.454
2048,32,2,2048,178.711
2048,32,2,4096,238.252
2048,32,2,8192,348.194
2048,32,2,16384,568.451
2048,32,4,16,169.099
2048,32,4,32,168.833
2048,32,4,64,168.278
2048,32,4,128,169.441
2048,32,4,256,172.118
2048,32,4,512,174.252
2048,32,4,1024,179.915
2048,32,4,2048,194.081
2048,32,4,4096,261.441
2048,32,4,8192,380.929
2048,32,4,16384,618.491
2048,32,8,16,176.46
2048,32,8,32,175.99
2048,32,8,64,176.79
2048,32,8,128,179.233
2048,32,8,256,182.476
2048,32,8,512,186.7
2048,32,8,1024,198.241
2048,32,8,2048,226.166
2048,32,8,4096,322.402
2048,32,8,8192,528.515
2048,32,8,16384,906.309
2048,32,16,16,190.976
2048,32,16,32,192.097
2048,32,16,64,192.524
2048,32,16,128,196.502
2048,32,16,256,201.249
2048,32,16,512,210.433
2048,32,16,1024,230.668
2048,32,16,2048,300.855
2048,32,16,4096,534.392
2048,32,16,8192,968.368
2048,32,16,16384,1800.65
2048,32,32,16,220.62
2048,32,32,32,219.863
2048,32,32,64,220.257
2048,32,32,128,230.092
2048,32,32,256,240.524
2048,32,32,512,263.127
2048,32,32,1024,310.103
2048,32,32,2048,524.674
2048,32,32,4096,994.618
2048,32,32,8192,1927.43
2048,32,32,16384,3867.06
2048,32,64,16,278.433
2048,32,64,32,279.063
2048,32,64,64,279.489
2048,32,64,128,298.732
2048,32,64,256,321.345
2048,32,64,512,366.477
2048,32,64,1024,524.056
2048,32,64,2048,989.947
2048,32,64,4096,1892.56
2048,32,64,8192,3710.19
2048,32,64,16384,7413.97
2048,32,128,16,392.226
2048,32,128,32,393.432
2048,32,128,64,396.503
2048,32,128,128,437.133
2048,32,128,256,486.606
2048,32,128,512,600.814
2048,32,128,1024,972.431
2048,32,128,2048,1856.79
2048,32,128,4096,3636.91
2048,32,128,8192,7228.81
2048,32,128,16384,14399.1
2048,64,0,0,163.904
2048,64,1,16,164.332
2048,64,1,32,164.544
2048,64,1,64,165.696
2048,64,1,128,164.737
2048,64,1,256,165.173
2048,64,1,512,166.411
2048,64,1,1024,166.39
2048,64,1,2048,170.231
2048,64,1,4096,226.614
2048,64,1,8192,336.599
2048,64,1,16384,556.79
2048,64,2,16,166.124
2048,64,2,32,166.027
2048,64,2,64,165.526
2048,64,2,128,165.942
2048,64,2,256,167.67
2048,64,2,512,168.811
2048,64,2,1024,171.628
2048,64,2,2048,178.881
2048,64,2,4096,238.294
2048,64,2,8192,348.119
2048,64,2,16384,568.507
2048,64,4,16,169.078
2048,64,4,32,168.523
2048,64,4,64,168.736
2048,64,4,128,169.654
2048,64,4,256,172.054
2048,64,4,512,174.988
2048,64,4,1024,178.37
2048,64,4,2048,194.7
2048,64,4,4096,262.263
2048,64,4,8192,379.628
2048,64,4,16384,605.355
2048,64,8,16,176.279
2048,64,8,32,176.193
2048,64,8,64,176.225
2048,64,8,128,179.126
2048,64,8,256,181.954
2048,64,8,512,186.572
2048,64,8,1024,196.94
2048,64,8,2048,226.572
2048,64,8,4096,322.167
2048,64,8,8192,522.69
2048,64,8,16384,905.349
2048,64,16,16,190.433
2048,64,16,32,191.702
2048,64,16,64,190.081
2048,64,16,128,195.873
2048,64,16,256,200.812
2048,64,16,512,210.123
2048,64,16,1024,231.403
2048,64,16,2048,301.656
2048,64,16,4096,535.971
2048,64,16,8192,973.082
2048,64,16,16384,1797.34
2048,64,32,16,220.492
2048,64,32,32,220.396
2048,64,32,64,221.11
2048,64,32,128,230.422
2048,64,32,256,241.26
2048,64,32,512,262.242
2048,64,32,1024,310.166
2048,64,32,2048,523.992
2048,64,32,4096,991.45
2048,64,32,8192,1934.79
2048,64,32,16384,3862.3
2048,64,64,16,278.316
2048,64,64,32,278.764
2048,64,64,64,280.471
2048,64,64,128,298.049
2048,64,64,256,322.103
2048,64,64,512,366.082
2048,64,64,1024,525.677
2048,64,64,2048,989.318
2048,64,64,4096,1899.55
2048,64,64,8192,3713.96
2048,64,64,16384,7405.19
2048,64,128,16,392.034
2048,64,128,32,393.037
2048,64,128,64,396.205
2048,64,128,128,437.261
2048,64,128,256,485.966
2048,64,128,512,601.016
2048,64,128,1024,973.113
2048,64,128,2048,1857.54
2048,64,128,4096,3639.26
2048,64,128,8192,7227.42
2048,64,128,16384,14389.3
2048,128,0,0,168.599
2048,128,1,16,169.398
2048,128,1,32,168.694
2048,128,1,64,169.206
2048,128,1,128,169.644
2048,128,1,256,170.956
2048,128,1,512,171.82
2048,128,1,1024,172.63
2048,128,1,2048,174.102
2048,128,1,4096,231.639
2048,128,1,8192,340.769
2048,128,1,16384,562.371
2048,128,2,16,171.542
2048,128,2,32,172.501
2048,128,2,64,170.935
2048,128,2,128,172
2048,128,2,256,172.14
2048,128,2,512,173.068
2048,128,2,1024,176.385
2048,128,2,2048,184.47
2048,128,2,4096,244.311
2048,128,2,8192,354.605
2048,128,2,16384,573.594
2048,128,4,16,173.346
2048,128,4,32,174.603
2048,128,4,64,174.252
2048,128,4,128,175.585
2048,128,4,256,177.473
2048,128,4,512,179.51
2048,128,4,1024,184.641
2048,128,4,2048,198.849
2048,128,4,4096,265.068
2048,128,4,8192,382.882
2048,128,4,16384,622.98
2048,128,8,16,180.929
2048,128,8,32,180.737
2048,128,8,64,181.078
2048,128,8,128,184.513
2048,128,8,256,187.691
2048,128,8,512,192.736
2048,128,8,1024,202.837
2048,128,8,2048,231.031
2048,128,8,4096,324.695
2048,128,8,8192,537.603
2048,128,8,16384,909.977
2048,128,16,16,196.086
2048,128,16,32,195.777
2048,128,16,64,196.022
2048,128,16,128,201.516
2048,128,16,256,206.988
2048,128,16,512,216.481
2048,128,16,1024,235.351
2048,128,16,2048,304.908
2048,128,16,4096,538.446
2048,128,16,8192,980.474
2048,128,16,16384,1823.36
2048,128,32,16,224.715
2048,128,32,32,224.716
2048,128,32,64,226.167
2048,128,32,128,235.137
2048,128,32,256,245.164
2048,128,32,512,267.926
2048,128,32,1024,315.831
2048,128,32,2048,523.693
2048,128,32,4096,991.802
2048,128,32,8192,1925.92
2048,128,32,16384,3866.17
2048,128,64,16,282.977
2048,128,64,32,283.468
2048,128,64,64,283.82
2048,128,64,128,303.575
2048,128,64,256,326.785
2048,128,64,512,370.753
2048,128,64,1024,528.238
2048,128,64,2048,991.418
2048,128,64,4096,1896.4
2048,128,64,8192,3704.23
2048,128,64,16384,7408.52
2048,128,128,16,396.962
2048,128,128,32,398.615
2048,128,128,64,402.413
2048,128,128,128,441.283
2048,128,128,256,491.021
2048,128,128,512,605.54
2048,128,128,1024,977.551
2048,128,128,2048,1857.93
2048,128,128,4096,3646.52
2048,128,128,8192,7226.93
2048,128,128,16384,14391.9
2048,256,0,0,180.768
2048,256,1,16,182.284
2048,256,1,32,181.409
2048,256,1,64,182.209
2048,256,1,128,181.729
2048,256,1,256,182.923
2048,256,1,512,182.859
2048,256,1,1024,183.777
2048,256,1,2048,187.383
2048,256,1,4096,240.972
2048,256,1,8192,351.703
2048,256,1,16384,572.888
2048,256,2,16,182.486
2048,256,2,32,183.478
2048,256,2,64,183.479
2048,256,2,128,184.545
2048,256,2,256,185.228
2048,256,2,512,187.094
2048,256,2,1024,188.343
2048,256,2,2048,192.418
2048,256,2,4096,255.5
2048,256,2,8192,364.428
2048,256,2,16384,584.568
2048,256,4,16,186.678
2048,256,4,32,186.22
2048,256,4,64,186.507
2048,256,4,128,188.149
2048,256,4,256,190.593
2048,256,4,512,191.809
2048,256,4,1024,197.974
2048,256,4,2048,210.433
2048,256,4,4096,275.521
2048,256,4,8192,401.634
2048,256,4,16384,635.981
2048,256,8,16,192.769
2048,256,8,32,193.985
2048,256,8,64,194.166
2048,256,8,128,196.139
2048,256,8,256,200.108
2048,256,8,512,204.236
2048,256,8,1024,214.977
2048,256,8,2048,240.79
2048,256,8,4096,333.228
2048,256,8,8192,547.096
2048,256,8,16384,936.695
2048,256,16,16,208.331
2048,256,16,32,207.98
2048,256,16,64,208.321
2048,256,16,128,213.302
2048,256,16,256,218.123
2048,256,16,512,227.628
2048,256,16,1024,249.686
2048,256,16,2048,312.716
2048,256,16,4096,543.917
2048,256,16,8192,991.62
2048,256,16,16384,1864.24
2048,256,32,16,236.385
2048,256,32,32,237.622
2048,256,32,64,238.07
2048,256,32,128,246.966
2048,256,32,256,257.142
2048,256,32,512,279.863
2048,256,32,1024,324.844
2048,256,32,2048,524.504
2048,256,32,4096,996.731
2048,256,32,8192,1930.87
2048,256,32,16384,3848.34
2048,256,64,16,296.544
2048,256,64,32,295.843
2048,256,64,64,297.452
2048,256,64,128,315.97
2048,256,64,256,338.466
2048,256,64,512,383.383
2048,256,64,1024,534.371
2048,256,64,2048,987.012
2048,256,64,4096,1898.16
2048,256,64,8192,3714.41
2048,256,64,16384,7413.43
2048,256,128,16,408.514
2048,256,128,32,411.309
2048,256,128,64,414.487
2048,256,128,128,454.05
2048,256,128,256,501.069
2048,256,128,512,616.547
2048,256,128,1024,983.012
2048,256,128,2048,1865.41
2048,256,128,4096,3648.28
2048,256,128,8192,7236.35
2048,256,128,16384,14400
2048,512,0,0,205.196
2048,512,1,16,206.987
2048,512,1,32,206.582
2048,512,1,64,207.702
2048,512,1,128,207.404
2048,512,1,256,207.574
2048,512,1,512,208.513
2048,512,1,1024,208.684
2048,512,1,2048,210.208
2048,512,1,4096,259.596
2048,512,1,8192,371.596
2048,512,1,16384,592.771
2048,512,2,16,207.99
2048,512,2,32,207.67
2048,512,2,64,206.966
2048,512,2,128,207.606
2048,512,2,256,207.371
2048,512,2,512,209.184
2048,512,2,1024,212.439
2048,512,2,2048,216.918
2048,512,2,4096,274.135
2048,512,2,8192,386.368
2048,512,2,16384,605.987
2048,512,4,16,211.191
2048,512,4,32,210.892
2048,512,4,64,210.081
2048,512,4,128,210.774
2048,512,4,256,213.399
2048,512,4,512,216.599
2048,512,4,1024,221.996
2048,512,4,2048,229.09
2048,512,4,4096,300.108
2048,512,4,8192,426.626
2048,512,4,16384,667.342
2048,512,8,16,216.908
2048,512,8,32,217.227
2048,512,8,64,218.305
2048,512,8,128,221.004
2048,512,8,256,223.19
2048,512,8,512,229.058
2048,512,8,1024,237.686
2048,512,8,2048,262.017
2048,512,8,4096,353.581
2048,512,8,8192,574.467
2048,512,8,16384,963.076
2048,512,16,16,232.417
2048,512,16,32,232.224
2048,512,16,64,231.809
2048,512,16,128,236.94
2048,512,16,256,242.987
2048,512,16,512,253.995
2048,512,16,1024,274.466
2048,512,16,2048,329.986
2048,512,16,4096,556.279
2048,512,16,8192,1012.83
2048,512,16,16384,1883.02
2048,512,32,16,260.236
2048,512,32,32,261.889
2048,512,32,64,261.377
2048,512,32,128,271.287
2048,512,32,256,282.924
2048,512,32,512,305.238
2048,512,32,1024,345.143
2048,512,32,2048,530.018
2048,512,32,4096,1004.7
2048,512,32,8192,1928.13
2048,512,32,16384,3846.79
2048,512,64,16,320.13
2048,512,64,32,320.023
2048,512,64,64,321.761
2048,512,64,128,340.834
2048,512,64,256,363.447
2048,512,64,512,408.674
2048,512,64,1024,547.48
2048,512,64,2048,989.125
2048,512,64,4096,1894.74
2048,512,64,8192,3721.4
2048,512,64,16384,7414.14
2048,512,128,16,433.719
2048,512,128,32,436.162
2048,512,128,64,438.391
2048,512,128,128,478.829
2048,512,128,256,522.552
2048,512,128,512,634.713
2048,512,128,1024,994.383
2048,512,128,2048,1874.61
2048,512,128,4096,3656.74
2048,512,128,8192,7237.71
2048,512,128,16384,14395.2
2048,1024,0,0,253.644
2048,1024,1,16,254.923
2048,1024,1,32,255.873
2048,1024,1,64,254.102
2048,1024,1,128,257.27
2048,1024,1,256,257.473
2048,1024,1,512,257.729
2048,1024,1,1024,258.871
2048,1024,1,2048,261.346
2048,1024,1,4096,298.529
2048,1024,1,8192,410.028
2048,1024,1,16384,630.125
2048,1024,2,16,255.734
2048,1024,2,32,256.044
2048,1024,2,64,256.173
2048,1024,2,128,257.889
2048,1024,2,256,258.743
2048,1024,2,512,258.594
2048,1024,2,1024,262.615
2048,1024,2,2048,266.742
2048,1024,2,4096,310.082
2048,1024,2,8192,428.833
2048,1024,2,16384,651.725
2048,1024,4,16,260.054
2048,1024,4,32,260.15
2048,1024,4,64,260.065
2048,1024,4,128,263.627
2048,1024,4,256,263.351
2048,1024,4,512,267.511
2048,1024,4,1024,269.27
2048,1024,4,2048,281.793
2048,1024,4,4096,337.101
2048,1024,4,8192,476.055
2048,1024,4,16384,715.672
2048,1024,8,16,267.703
2048,1024,8,32,269.399
2048,1024,8,64,268.034
2048,1024,8,128,269.526
2048,1024,8,256,272.098
2048,1024,8,512,278.753
2048,1024,8,1024,288.439
2048,1024,8,2048,307.351
2048,1024,8,4096,392.567
2048,1024,8,8192,596.302
2048,1024,8,16384,1004.3
2048,1024,16,16,279.254
2048,1024,16,32,279.552
2048,1024,16,64,280.214
2048,1024,16,128,286.23
2048,1024,16,256,291.308
2048,1024,16,512,303.937
2048,1024,16,1024,324.535
2048,1024,16,2048,368.258
2048,1024,16,4096,571.586
2048,1024,16,8192,1036.46
2048,1024,16,16384,1909.77
2048,1024,32,16,308.78
2048,1024,32,32,308.823
2048,1024,32,64,309.708
2048,1024,32,128,320.385
2048,1024,32,256,331.02
2048,1024,32,512,354.114
2048,1024,32,1024,397.132
2048,1024,32,2048,535.81
2048,1024,32,4096,1010
2048,1024,32,8192,1931.91
2048,1024,32,16384,3820.02
2048,1024,64,16,367.969
2048,1024,64,32,368.332
2048,1024,64,64,369.953
2048,1024,64,128,389.762
2048,1024,64,256,411.191
2048,1024,64,512,455.309
2048,1024,64,1024,572.121
2048,1024,64,2048,1006.17
2048,1024,64,4096,1894.47
2048,1024,64,8192,3722.61
2048,1024,64,16384,7419.12
2048,1024,128,16,483.522
2048,1024,128,32,485.346
2048,1024,128,64,487.789
2048,1024,128,128,528.088
2048,1024,128,256,570.67
2048,1024,128,512,671.278
2048,1024,128,1024,1013.43
2048,1024,128,2048,1885.78
2048,1024,128,4096,3673.92
2048,1024,128,8192,7249.55
2048,1024,128,16384,14427.2
2048,2048,0,0,352.321
2048,2048,1,16,353.549
2048,2048,1,32,354.018
2048,2048,1,64,354.498
2048,2048,1,128,352.247
2048,2048,1,256,353.965
2048,2048,1,512,358.455
2048,2048,1,1024,357.196
2048,2048,1,2048,362.423
2048,2048,1,4096,373.303
2048,2048,1,8192,481.901
2048,2048,1,16384,713.058
2048,2048,2,16,354.924
2048,2048,2,32,354.018
2048,2048,2,64,353.633
2048,2048,2,128,355.074
2048,2048,2,256,354.658
2048,2048,2,512,357.686
2048,2048,2,1024,358.252
2048,2048,2,2048,365.197
2048,2048,2,4096,387.874
2048,2048,2,8192,507.138
2048,2048,2,16384,739.779
2048,2048,4,16,355.863
2048,2048,4,32,354.007
2048,2048,4,64,356.94
2048,2048,4,128,357.293
2048,2048,4,256,357.216
2048,2048,4,512,359.66
2048,2048,4,1024,371.629
2048,2048,4,2048,381.249
2048,2048,4,4096,415.927
2048,2048,4,8192,551.331
2048,2048,4,16384,814.671
2048,2048,8,16,362.732
2048,2048,8,32,362.518
2048,2048,8,64,360.748
2048,2048,8,128,363.022
2048,2048,8,256,363.457
2048,2048,8,512,372.396
2048,2048,8,1024,391.735
2048,2048,8,2048,402.412
2048,2048,8,4096,467.917
2048,2048,8,8192,658.403
2048,2048,8,16384,1105.49
2048,2048,16,16,373.89
2048,2048,16,32,373.101
2048,2048,16,64,372.429
2048,2048,16,128,379.607
2048,2048,16,256,385.239
2048,2048,16,512,401.282
2048,2048,16,1024,423.991
2048,2048,16,2048,464.619
2048,2048,16,4096,602.905
2048,2048,16,8192,1091.22
2048,2048,16,16384,1992
2048,2048,32,16,402.605
2048,2048,32,32,402.451
2048,2048,32,64,404.493
2048,2048,32,128,414.4
2048,2048,32,256,426.905
2048,2048,32,512,451.724
2048,2048,32,1024,496.505
2048,2048,32,2048,588.504
2048,2048,32,4096,1042.61
2048,2048,32,8192,1961.32
2048,2048,32,16384,3833.36
2048,2048,64,16,462.232
2048,2048,64,32,463.127
2048,2048,64,64,464.247
2048,2048,64,128,486.434
2048,2048,64,256,506.221
2048,2048,64,512,552.546
2048,2048,64,1024,645.624
2048,2048,64,2048,1030.2
2048,2048,64,4096,1948.23
2048,2048,64,8192,3755.1
2048,2048,64,16384,7413.08
2048,2048,128,16,579.598
2048,2048,128,32,581.017
2048,2048,128,64,584.43
2048,2048,128,128,624.504
2048,2048,128,256,669.965
2048,2048,128,512,757.7
2048,2048,128,1024,1033.8
2048,2048,128,2048,1920.94
2048,2048,128,4096,3703.86
2048,2048,128,8192,7314.17
2048,2048,128,16384,14470.2
2048,4096,0,0,571.918
2048,4096,1,16,573.154
2048,4096,1,32,571.394
2048,4096,1,64,576.186
2048,4096,1,128,569.71
2048,4096,1,256,573.177
2048,4096,1,512,572.053
2048,4096,1,1024,570.787
2048,4096,1,2048,568.376
2048,4096,1,4096,582.968
2048,4096,1,8192,653.336
2048,4096,1,16384,887.715
2048,4096,2,16,575.053
2048,4096,2,32,570.573
2048,4096,2,64,569.903
2048,4096,2,128,573.89
2048,4096,2,256,575.533
2048,4096,2,512,577.496
2048,4096,2,1024,573.955
2048,4096,2,2048,574.039
2048,4096,2,4096,588.579
2048,4096,2,8192,667.96
2048,4096,2,16384,917.902
2048,4096,4,16,580.796
2048,4096,4,32,579.587
2048,4096,4,64,575.042
2048,4096,4,128,580.481
2048,4096,4,256,579.15
2048,4096,4,512,581.187
2048,4096,4,1024,583.128
2048,4096,4,2048,586.392
2048,4096,4,4096,602.235
2048,4096,4,8192,699.64
2048,4096,4,16384,966.77
2048,4096,8,16,586.659
2048,4096,8,32,584.44
2048,4096,8,64,582.595
2048,4096,8,128,585.254
2048,4096,8,256,587.587
2048,4096,8,512,587.01
2048,4096,8,1024,588.503
2048,4096,8,2048,612.984
2048,4096,8,4096,625.209
2048,4096,8,8192,814.384
2048,4096,8,16384,1238.33
2048,4096,16,16,591.972
2048,4096,16,32,587.918
2048,4096,16,64,594.958
2048,4096,16,128,595.555
2048,4096,16,256,595.018
2048,4096,16,512,597.858
2048,4096,16,1024,615.448
2048,4096,16,2048,671.716
2048,4096,16,4096,750.64
2048,4096,16,8192,1140.89
2048,4096,16,16384,2082.97
2048,4096,32,16,602.009
2048,4096,32,32,602.179
2048,4096,32,64,601.485
2048,4096,32,128,612.622
2048,4096,32,256,620.664
2048,4096,32,512,641.901
2048,4096,32,1024,689.795
2048,4096,32,2048,783.685
2048,4096,32,4096,1093.83
2048,4096,32,8192,2011.76
2048,4096,32,16384,3837.28
2048,4096,64,16,651.651
2048,4096,64,32,652.59
2048,4096,64,64,654.255
2048,4096,64,128,677.177
2048,4096,64,256,698.541
2048,4096,64,512,744.451
2048,4096,64,1024,842.202
2048,4096,64,2048,1081
2048,4096,64,4096,2011.95
2048,4096,64,8192,3801.15
2048,4096,64,16384,7418.68
2048,4096,128,16,772.217
2048,4096,128,32,771.47
2048,4096,128,64,774.98
2048,4096,128,128,816.26
2048,4096,128,256,861.7
2048,4096,128,512,948.154
2048,4096,128,1024,1131.95
2048,4096,128,2048,1982.84
2048,4096,128,4096,3800.04
2048,4096,128,8192,7355.69
2048,4096,128,16384,14556
2048,8192,0,0,1012.57
2048,8192,1,16,1015.78
2048,8192,1,32,1014.97
2048,8192,1,64,1016.87
2048,8192,1,128,1014.96
2048,8192,1,256,1013.96
2048,8192,1,512,1015.85
2048,8192,1,1024,1013.95
2048,8192,1,2048,1013.51
2048,8192,1,4096,1011.4
2048,8192,1,8192,1025.55
2048,8192,1,16384,1219.31
2048,8192,2,16,1017.64
2048,8192,2,32,1013.79
2048,8192,2,64,1014.12
2048,8192,2,128,1014.82
2048,8192,2,256,1017.92
2048,8192,2,512,1020.26
2048,8192,2,1024,1017.02
2048,8192,2,2048,1013.66
2048,8192,2,4096,1016.46
2048,8192,2,8192,1028.88
2048,8192,2,16384,1244.77
2048,8192,4,16,1016.78
2048,8192,4,32,1019.78
2048,8192,4,64,1024.42
2048,8192,4,128,1024.07
2048,8192,4,256,1020.28
2048,8192,4,512,1022.97
2048,8192,4,1024,1014.97
2048,8192,4,2048,1017.71
2048,8192,4,4096,1025.46
2048,8192,4,8192,1047.94
2048,8192,4,16384,1249.89
2048,8192,8,16,1027.76
2048,8192,8,32,1023.88
2048,8192,8,64,1027.93
2048,8192,8,128,1025.59
2048,8192,8,256,1030.5
2048,8192,8,512,1032.79
2048,8192,8,1024,1032.68
2048,8192,8,2048,1027.13
2048,8192,8,4096,1057.26
2048,8192,8,8192,1075.19
2048,8192,8,16384,1507.42
2048,8192,16,16,1034.97
2048,8192,16,32,1038.74
2048,8192,16,64,1039.62
2048,8192,16,128,1033.9
2048,8192,16,256,1036.13
2048,8192,16,512,1040.44
2048,8192,16,1024,1039.89
2048,8192,16,2048,1044.73
2048,8192,16,4096,1112.51
2048,8192,16,8192,1330.84
2048,8192,16,16384,2267.59
2048,8192,32,16,1036.03
2048,8192,32,32,1041.58
2048,8192,32,64,1044.73
2048,8192,32,128,1039.69
2048,8192,32,256,1037.67
2048,8192,32,512,1044.25
2048,8192,32,1024,1072.36
2048,8192,32,2048,1164.84
2048,8192,32,4096,1402.57
2048,8192,32,8192,2141.28
2048,8192,32,16384,3967.6
2048,8192,64,16,1048.2
2048,8192,64,32,1055.67
2048,8192,64,64,1056.09
2048,8192,64,128,1076.28
2048,8192,64,256,1093.2
2048,8192,64,512,1124.17
2048,8192,64,1024,1213.53
2048,8192,64,2048,1471.14
2048,8192,64,4096,2136.22
2048,8192,64,8192,4000.72
2048,8192,64,16384,7453.78
2048,8192,128,16,1150.12
2048,8192,128,32,1154.1
2048,8192,128,64,1154.5
2048,8192,128,128,1193.04
2048,8192,128,256,1238.03
2048,8192,128,512,1326.56
2048,8192,128,1024,1512.67
2048,8192,128,2048,2047.27
2048,8192,128,4096,3935.51
2048,8192,128,8192,7526.88
2048,8192,128,16384,14634.2
2048,16384,0,0,1899.33
2048,16384,1,16,1903.03
2048,16384,1,32,1907.56
2048,16384,1,64,1902.56
2048,16384,1,128,1910.13
2048,16384,1,256,1901.32
2048,16384,1,512,1904.39
2048,16384,1,1024,1905.45
2048,16384,1,2048,1904.42
2048,16384,1,4096,1902.19
2048,16384,1,8192,1901.79
2048,16384,1,16384,1906.67
2048,16384,2,16,1902.78
2048,16384,2,32,1908.45
2048,16384,2,64,1902.15
2048,16384,2,128,1906.96
2048,16384,2,256,1902.66
2048,16384,2,512,1905.36
2048,16384,2,1024,1904.98
2048,16384,2,2048,1902.24
2048,16384,2,4096,1902.21
2048,16384,2,8192,1899.8
2048,16384,2,16384,1915.22
2048,16384,4,16,1903.98
2048,16384,4,32,1907.35
2048,16384,4,64,1906.99
2048,16384,4,128,1909.53
2048,16384,4,256,1905.03
2048,16384,4,512,1909.03
2048,16384,4,1024,1912.49
2048,16384,4,2048,1916.09
2048,16384,4,4096,1905.75
2048,16384,4,8192,1909.15
2048,16384,4,16384,1938.3
2048,16384,8,16,1918.86
2048,16384,8,32,1912.08
2048,16384,8,64,1920.52
2048,16384,8,128,1916.05
2048,16384,8,256,1915.91
2048,16384,8,512,1916.9
2048,16384,8,1024,1918.36
2048,16384,8,2048,1911.53
2048,16384,8,4096,1920.82
2048,16384,8,8192,1939.9
2048,16384,8,16384,1978.42
2048,16384,16,16,1918.66
2048,16384,16,32,1923.88
2048,16384,16,64,1927.08
2048,16384,16,128,1921.55
2048,16384,16,256,1925.78
2048,16384,16,512,1923.94
2048,16384,16,1024,1930.17
2048,16384,16,2048,1935.1
2048,16384,16,4096,1932.09
2048,16384,16,8192,2017.82
2048,16384,16,16384,2493.76
2048,16384,32,16,1932.56
2048,16384,32,32,1940.94
2048,16384,32,64,1925.26
2048,16384,32,128,1935.24
2048,16384,32,256,1939.59
2048,16384,32,512,1941.23
2048,16384,32,1024,1940.73
2048,16384,32,2048,1954.28
2048,16384,32,4096,2118.68
2048,16384,32,8192,2686.77
2048,16384,32,16384,4216.29
2048,16384,64,16,1936.24
2048,16384,64,32,1928.85
2048,16384,64,64,1937.05
2048,16384,64,128,1932.59
2048,16384,64,256,1928.79
2048,16384,64,512,1939.19
2048,16384,64,1024,2010.23
2048,16384,64,2048,2184.27
2048,16384,64,4096,2826.09
2048,16384,64,8192,4264.86
2048,16384,64,16384,7899
2048,16384,128,16,1963.68
2048,16384,128,32,1964.36
2048,16384,128,64,1965.27
2048,16384,128,128,2007.28
2048,16384,128,256,2040.22
2048,16384,128,512,2098.05
2048,16384,128,1024,2275.17
2048,16384,128,2048,2812.84
2048,16384,128,4096,4145.82
2048,16384,128,8192,7859.12
2048,16384,128,16384,14965.8
