pc,n_label,skew_rate_label,kv_big_label,kp_label,alpha,n_samples
0,n<=128,sr<=15%,kvB<=16k,kp=0,0.0262,4
0,n<=128,sr<=15%,kvB<=1k,kp=0,0.0474,4
0,n<=128,sr<=15%,kvB<=4k,kp=0,0.0241,4
0,n<=128,sr<=40%,kvB<=16k,kp=0,0.002,2
0,n<=128,sr<=40%,kvB<=1k,kp=0,0.055,2
0,n<=128,sr<=40%,kvB<=4k,kp=0,-0.0145,2
0,n<=128,sr<=5%,kvB<=16k,kp=0,0.0799,8
0,n<=128,sr<=5%,kvB<=1k,kp=0,0.041,8
0,n<=128,sr<=5%,kvB<=4k,kp=0,0.0702,8
0,n<=128,sr<=70%,kvB<=16k,kp=0,0.0002,2
0,n<=128,sr<=70%,kvB<=1k,kp=0,0.0471,2
0,n<=128,sr<=70%,kvB<=4k,kp=0,-0.0012,2
0,n<=128,sr>70%,kvB<=16k,kp=0,0.0527,4
0,n<=128,sr>70%,kvB<=1k,kp=0,0.1186,4
0,n<=128,sr>70%,kvB<=4k,kp=0,0.0377,4
0,n<=16,sr<=15%,kvB<=16k,kp=0,0.1242,4
0,n<=16,sr<=15%,kvB<=1k,kp=0,0.1013,4
0,n<=16,sr<=15%,kvB<=4k,kp=0,0.0749,4
0,n<=16,sr<=40%,kvB<=16k,kp=0,0.0431,4
0,n<=16,sr<=40%,kvB<=1k,kp=0,0.0569,4
0,n<=16,sr<=40%,kvB<=4k,kp=0,0.0068,4
0,n<=16,sr<=70%,kvB<=16k,kp=0,-0.0007,2
0,n<=16,sr<=70%,kvB<=1k,kp=0,-0.1576,2
0,n<=16,sr<=70%,kvB<=4k,kp=0,0.036,2
0,n<=16,sr>70%,kvB<=16k,kp=0,0.2819,4
0,n<=16,sr>70%,kvB<=1k,kp=0,0.2711,4
0,n<=16,sr>70%,kvB<=4k,kp=0,0.4496,4
0,n<=2,sr<=70%,kvB<=16k,kp=0,-0.0223,2
0,n<=2,sr<=70%,kvB<=1k,kp=0,0.55,2
0,n<=2,sr<=70%,kvB<=4k,kp=0,-0.0325,2
0,n<=256,sr<=15%,kvB<=16k,kp=0,0.0013,4
0,n<=256,sr<=15%,kvB<=1k,kp=0,0.0377,4
0,n<=256,sr<=15%,kvB<=4k,kp=0,0.0024,4
0,n<=256,sr<=40%,kvB<=16k,kp=0,-0.0001,2
0,n<=256,sr<=40%,kvB<=1k,kp=0,0.088,2
0,n<=256,sr<=40%,kvB<=4k,kp=0,-0.0015,2
0,n<=256,sr<=5%,kvB<=16k,kp=0,0.0137,8
0,n<=256,sr<=5%,kvB<=1k,kp=0,0.0057,8
0,n<=256,sr<=5%,kvB<=4k,kp=0,0.0148,8
0,n<=256,sr<=70%,kvB<=16k,kp=0,-0.0026,2
0,n<=256,sr<=70%,kvB<=1k,kp=0,0.0319,2
0,n<=256,sr<=70%,kvB<=4k,kp=0,-0.0124,2
0,n<=256,sr>70%,kvB<=16k,kp=0,0.0493,4
0,n<=256,sr>70%,kvB<=1k,kp=0,0.1635,4
0,n<=256,sr>70%,kvB<=4k,kp=0,0.0408,4
0,n<=32,sr<=15%,kvB<=16k,kp=0,0.1179,6
0,n<=32,sr<=15%,kvB<=1k,kp=0,0.0332,6
0,n<=32,sr<=15%,kvB<=4k,kp=0,0.085,6
0,n<=32,sr<=40%,kvB<=16k,kp=0,0.0255,2
0,n<=32,sr<=40%,kvB<=1k,kp=0,0.0782,2
0,n<=32,sr<=40%,kvB<=4k,kp=0,0.0009,2
0,n<=32,sr<=5%,kvB<=16k,kp=0,0.1727,2
0,n<=32,sr<=5%,kvB<=1k,kp=0,0.0414,2
0,n<=32,sr<=5%,kvB<=4k,kp=0,0.1236,2
0,n<=32,sr<=70%,kvB<=16k,kp=0,0.0025,2
0,n<=32,sr<=70%,kvB<=1k,kp=0,0.0599,2
0,n<=32,sr<=70%,kvB<=4k,kp=0,-0.0131,2
0,n<=32,sr>70%,kvB<=16k,kp=0,0.2196,4
0,n<=32,sr>70%,kvB<=1k,kp=0,0.1425,4
0,n<=32,sr>70%,kvB<=4k,kp=0,0.1801,4
0,n<=4,sr<=40%,kvB<=16k,kp=0,0.05,2
0,n<=4,sr<=40%,kvB<=1k,kp=0,0.1857,4
0,n<=4,sr<=40%,kvB<=4k,kp=0,0.1318,3
0,n<=4,sr<=70%,kvB<=16k,kp=0,-0.0105,2
0,n<=4,sr<=70%,kvB<=1k,kp=0,0.1288,2
0,n<=4,sr<=70%,kvB<=4k,kp=0,-0.4993,2
0,n<=4,sr>70%,kvB<=16k,kp=0,0.7725,2
0,n<=4,sr>70%,kvB<=1k,kp=0,0.1163,2
0,n<=4,sr>70%,kvB<=4k,kp=0,0.2927,2
0,n<=64,sr<=15%,kvB<=16k,kp=0,0.2356,4
0,n<=64,sr<=15%,kvB<=1k,kp=0,0.1924,4
0,n<=64,sr<=15%,kvB<=4k,kp=0,0.226,4
0,n<=64,sr<=40%,kvB<=16k,kp=0,0.1133,2
0,n<=64,sr<=40%,kvB<=1k,kp=0,0.0745,2
0,n<=64,sr<=40%,kvB<=4k,kp=0,0.1011,2
0,n<=64,sr<=5%,kvB<=16k,kp=0,0.2787,6
0,n<=64,sr<=5%,kvB<=1k,kp=0,0.2029,6
0,n<=64,sr<=5%,kvB<=4k,kp=0,0.2617,6
0,n<=64,sr<=70%,kvB<=16k,kp=0,0.0008,2
0,n<=64,sr<=70%,kvB<=1k,kp=0,-0.0708,2
0,n<=64,sr<=70%,kvB<=4k,kp=0,-0.0227,2
0,n<=64,sr>70%,kvB<=16k,kp=0,0.2426,4
0,n<=64,sr>70%,kvB<=1k,kp=0,0.2351,4
0,n<=64,sr>70%,kvB<=4k,kp=0,0.216,4
0,n<=8,sr<=15%,kvB<=16k,kp=0,0.1487,2
0,n<=8,sr<=15%,kvB<=1k,kp=0,0.2307,2
0,n<=8,sr<=15%,kvB<=4k,kp=0,0.1345,2
0,n<=8,sr<=40%,kvB<=16k,kp=0,0.0259,4
0,n<=8,sr<=40%,kvB<=1k,kp=0,0.1069,4
0,n<=8,sr<=40%,kvB<=4k,kp=0,-0.0059,4
0,n<=8,sr<=70%,kvB<=16k,kp=0,0.0584,2
0,n<=8,sr<=70%,kvB<=1k,kp=0,-0.1064,2
0,n<=8,sr<=70%,kvB<=4k,kp=0,-0.3396,2
0,n<=8,sr>70%,kvB<=16k,kp=0,0.7122,4
0,n<=8,sr>70%,kvB<=1k,kp=0,0.1614,4
0,n<=8,sr>70%,kvB<=4k,kp=0,0.2512,4
16,n<=128,sr<=15%,kvB<=16k,kp<=1k,0.0046,4
16,n<=128,sr<=15%,kvB<=16k,kp<=2k,0.0055,4
16,n<=128,sr<=15%,kvB<=16k,kp<=4k,0.0035,4
16,n<=128,sr<=15%,kvB<=16k,kp<=512,0.0048,4
16,n<=128,sr<=15%,kvB<=16k,kp<=8k,0.0027,4
16,n<=128,sr<=15%,kvB<=16k,kp=0,0.0058,4
16,n<=128,sr<=15%,kvB<=1k,kp<=1k,0.0358,4
16,n<=128,sr<=15%,kvB<=1k,kp<=2k,0.0258,4
16,n<=128,sr<=15%,kvB<=1k,kp<=4k,0.0232,4
16,n<=128,sr<=15%,kvB<=1k,kp<=512,0.0394,4
16,n<=128,sr<=15%,kvB<=1k,kp<=8k,0.0317,4
16,n<=128,sr<=15%,kvB<=1k,kp=0,0.0369,4
16,n<=128,sr<=15%,kvB<=4k,kp<=1k,0.0056,4
16,n<=128,sr<=15%,kvB<=4k,kp<=2k,0.0031,4
16,n<=128,sr<=15%,kvB<=4k,kp<=4k,0.0034,4
16,n<=128,sr<=15%,kvB<=4k,kp<=512,0.0069,4
16,n<=128,sr<=15%,kvB<=4k,kp<=8k,0.0058,4
16,n<=128,sr<=15%,kvB<=4k,kp=0,0.0074,4
16,n<=128,sr<=40%,kvB<=16k,kp<=1k,-0.0015,2
16,n<=128,sr<=40%,kvB<=16k,kp<=2k,-0.0065,2
16,n<=128,sr<=40%,kvB<=16k,kp<=4k,-0.0034,2
16,n<=128,sr<=40%,kvB<=16k,kp<=512,-0.0036,2
16,n<=128,sr<=40%,kvB<=16k,kp<=8k,-0.0057,2
16,n<=128,sr<=40%,kvB<=16k,kp=0,-0.0027,2
16,n<=128,sr<=40%,kvB<=1k,kp<=1k,0.0485,2
16,n<=128,sr<=40%,kvB<=1k,kp<=2k,0.0577,2
16,n<=128,sr<=40%,kvB<=1k,kp<=4k,0.0651,2
16,n<=128,sr<=40%,kvB<=1k,kp<=512,0.0533,2
16,n<=128,sr<=40%,kvB<=1k,kp<=8k,0.0585,2
16,n<=128,sr<=40%,kvB<=1k,kp=0,0.0607,2
16,n<=128,sr<=40%,kvB<=4k,kp<=1k,-0.0099,2
16,n<=128,sr<=40%,kvB<=4k,kp<=2k,-0.0137,2
16,n<=128,sr<=40%,kvB<=4k,kp<=4k,-0.0117,2
16,n<=128,sr<=40%,kvB<=4k,kp<=512,-0.0049,2
16,n<=128,sr<=40%,kvB<=4k,kp<=8k,-0.0025,2
16,n<=128,sr<=40%,kvB<=4k,kp=0,-0.0055,2
16,n<=128,sr<=5%,kvB<=16k,kp<=1k,0.0113,8
16,n<=128,sr<=5%,kvB<=16k,kp<=2k,0.0112,8
16,n<=128,sr<=5%,kvB<=16k,kp<=4k,0.0101,8
16,n<=128,sr<=5%,kvB<=16k,kp<=512,0.011,8
16,n<=128,sr<=5%,kvB<=16k,kp<=8k,0.0069,8
16,n<=128,sr<=5%,kvB<=16k,kp=0,0.0118,8
16,n<=128,sr<=5%,kvB<=1k,kp<=1k,0.0069,8
16,n<=128,sr<=5%,kvB<=1k,kp<=2k,0.0041,8
16,n<=128,sr<=5%,kvB<=1k,kp<=4k,0.0009,8
16,n<=128,sr<=5%,kvB<=1k,kp<=512,0.0092,8
16,n<=128,sr<=5%,kvB<=1k,kp<=8k,-0.0008,8
16,n<=128,sr<=5%,kvB<=1k,kp=0,0.0055,8
16,n<=128,sr<=5%,kvB<=4k,kp<=1k,0.0086,8
16,n<=128,sr<=5%,kvB<=4k,kp<=2k,0.0079,8
16,n<=128,sr<=5%,kvB<=4k,kp<=4k,0.0026,8
16,n<=128,sr<=5%,kvB<=4k,kp<=512,0.0117,8
16,n<=128,sr<=5%,kvB<=4k,kp<=8k,0.0046,8
16,n<=128,sr<=5%,kvB<=4k,kp=0,0.0117,8
16,n<=128,sr<=70%,kvB<=16k,kp<=1k,-0.0107,2
16,n<=128,sr<=70%,kvB<=16k,kp<=2k,-0.0122,2
16,n<=128,sr<=70%,kvB<=16k,kp<=4k,-0.0132,2
16,n<=128,sr<=70%,kvB<=16k,kp<=512,-0.0081,2
16,n<=128,sr<=70%,kvB<=16k,kp<=8k,-0.0096,2
16,n<=128,sr<=70%,kvB<=16k,kp=0,-0.0077,2
16,n<=128,sr<=70%,kvB<=1k,kp<=1k,0.0371,2
16,n<=128,sr<=70%,kvB<=1k,kp<=2k,0.048,2
16,n<=128,sr<=70%,kvB<=1k,kp<=4k,0.0572,2
16,n<=128,sr<=70%,kvB<=1k,kp<=512,0.0331,2
16,n<=128,sr<=70%,kvB<=1k,kp<=8k,0.057,2
16,n<=128,sr<=70%,kvB<=1k,kp=0,0.0591,2
16,n<=128,sr<=70%,kvB<=4k,kp<=1k,-0.015,2
16,n<=128,sr<=70%,kvB<=4k,kp<=2k,-0.01,2
16,n<=128,sr<=70%,kvB<=4k,kp<=4k,0.003,2
16,n<=128,sr<=70%,kvB<=4k,kp<=512,-0.0079,2
16,n<=128,sr<=70%,kvB<=4k,kp<=8k,0.0083,2
16,n<=128,sr<=70%,kvB<=4k,kp=0,-0.01,2
16,n<=128,sr>70%,kvB<=16k,kp<=1k,0.0124,4
16,n<=128,sr>70%,kvB<=16k,kp<=2k,0.0092,4
16,n<=128,sr>70%,kvB<=16k,kp<=4k,0.0175,4
16,n<=128,sr>70%,kvB<=16k,kp<=512,0.0124,4
16,n<=128,sr>70%,kvB<=16k,kp<=8k,0.0104,4
16,n<=128,sr>70%,kvB<=16k,kp=0,0.0127,4
16,n<=128,sr>70%,kvB<=1k,kp<=1k,0.0525,4
16,n<=128,sr>70%,kvB<=1k,kp<=2k,0.048,4
16,n<=128,sr>70%,kvB<=1k,kp<=4k,0.1277,4
16,n<=128,sr>70%,kvB<=1k,kp<=512,0.0797,4
16,n<=128,sr>70%,kvB<=1k,kp<=8k,0.1292,4
16,n<=128,sr>70%,kvB<=1k,kp=0,0.0803,4
16,n<=128,sr>70%,kvB<=4k,kp<=1k,0.0157,4
16,n<=128,sr>70%,kvB<=4k,kp<=2k,0.0046,4
16,n<=128,sr>70%,kvB<=4k,kp<=4k,-0.0306,4
16,n<=128,sr>70%,kvB<=4k,kp<=512,0.0046,4
16,n<=128,sr>70%,kvB<=4k,kp<=8k,-0.0202,4
16,n<=128,sr>70%,kvB<=4k,kp=0,0.016,4
16,n<=16,sr<=15%,kvB<=16k,kp<=1k,0.378,4
16,n<=16,sr<=15%,kvB<=16k,kp<=2k,0.3517,4
16,n<=16,sr<=15%,kvB<=16k,kp<=4k,0.3186,4
16,n<=16,sr<=15%,kvB<=16k,kp<=512,0.408,4
16,n<=16,sr<=15%,kvB<=16k,kp<=8k,0.2756,4
16,n<=16,sr<=15%,kvB<=16k,kp=0,0.4267,4
16,n<=16,sr<=15%,kvB<=1k,kp<=1k,0.2021,4
16,n<=16,sr<=15%,kvB<=1k,kp<=2k,0.2014,4
16,n<=16,sr<=15%,kvB<=1k,kp<=4k,0.2421,4
16,n<=16,sr<=15%,kvB<=1k,kp<=512,0.2895,4
16,n<=16,sr<=15%,kvB<=1k,kp<=8k,0.1973,4
16,n<=16,sr<=15%,kvB<=1k,kp=0,0.3157,4
16,n<=16,sr<=15%,kvB<=4k,kp<=1k,0.2934,4
16,n<=16,sr<=15%,kvB<=4k,kp<=2k,0.2652,4
16,n<=16,sr<=15%,kvB<=4k,kp<=4k,0.1131,4
16,n<=16,sr<=15%,kvB<=4k,kp<=512,0.3304,4
16,n<=16,sr<=15%,kvB<=4k,kp<=8k,0.0807,4
16,n<=16,sr<=15%,kvB<=4k,kp=0,0.4024,4
16,n<=16,sr<=40%,kvB<=16k,kp<=1k,0.4073,4
16,n<=16,sr<=40%,kvB<=16k,kp<=2k,0.3788,4
16,n<=16,sr<=40%,kvB<=16k,kp<=4k,0.3087,4
16,n<=16,sr<=40%,kvB<=16k,kp<=512,0.4434,4
16,n<=16,sr<=40%,kvB<=16k,kp<=8k,0.1661,4
16,n<=16,sr<=40%,kvB<=16k,kp=0,0.4531,4
16,n<=16,sr<=40%,kvB<=1k,kp<=1k,0.1975,4
16,n<=16,sr<=40%,kvB<=1k,kp<=2k,0.4038,4
16,n<=16,sr<=40%,kvB<=1k,kp<=4k,0.4417,4
16,n<=16,sr<=40%,kvB<=1k,kp<=512,0.2444,4
16,n<=16,sr<=40%,kvB<=1k,kp<=8k,0.4065,4
16,n<=16,sr<=40%,kvB<=1k,kp=0,0.4252,4
16,n<=16,sr<=40%,kvB<=4k,kp<=1k,0.2792,4
16,n<=16,sr<=40%,kvB<=4k,kp<=2k,0.1658,4
16,n<=16,sr<=40%,kvB<=4k,kp<=4k,0.0814,4
16,n<=16,sr<=40%,kvB<=4k,kp<=512,0.3698,4
16,n<=16,sr<=40%,kvB<=4k,kp<=8k,0.178,4
16,n<=16,sr<=40%,kvB<=4k,kp=0,0.4332,4
16,n<=16,sr<=70%,kvB<=16k,kp<=1k,0.7102,2
16,n<=16,sr<=70%,kvB<=16k,kp<=2k,0.6845,2
16,n<=16,sr<=70%,kvB<=16k,kp<=4k,0.5635,2
16,n<=16,sr<=70%,kvB<=16k,kp<=512,0.7657,2
16,n<=16,sr<=70%,kvB<=16k,kp<=8k,0.2474,2
16,n<=16,sr<=70%,kvB<=16k,kp=0,0.7304,2
16,n<=16,sr<=70%,kvB<=1k,kp<=1k,0.0013,2
16,n<=16,sr<=70%,kvB<=1k,kp<=2k,0.5382,2
16,n<=16,sr<=70%,kvB<=1k,kp<=4k,0.7279,2
16,n<=16,sr<=70%,kvB<=1k,kp<=512,-0.0316,2
16,n<=16,sr<=70%,kvB<=1k,kp<=8k,0.6149,2
16,n<=16,sr<=70%,kvB<=1k,kp=0,0.5551,2
16,n<=16,sr<=70%,kvB<=4k,kp<=1k,0.4656,2
16,n<=16,sr<=70%,kvB<=4k,kp<=2k,0.1523,2
16,n<=16,sr<=70%,kvB<=4k,kp<=4k,0.1073,2
16,n<=16,sr<=70%,kvB<=4k,kp<=512,0.71,2
16,n<=16,sr<=70%,kvB<=4k,kp<=8k,0.7698,2
16,n<=16,sr<=70%,kvB<=4k,kp=0,0.8341,2
16,n<=16,sr>70%,kvB<=16k,kp<=1k,0.7435,4
16,n<=16,sr>70%,kvB<=16k,kp<=2k,0.5719,4
16,n<=16,sr>70%,kvB<=16k,kp<=4k,0.2221,4
16,n<=16,sr>70%,kvB<=16k,kp<=512,0.9499,4
16,n<=16,sr>70%,kvB<=16k,kp<=8k,-0.5534,4
16,n<=16,sr>70%,kvB<=16k,kp=0,0.9892,4
16,n<=16,sr>70%,kvB<=1k,kp<=1k,-0.538,4
16,n<=16,sr>70%,kvB<=1k,kp<=2k,0.3782,4
16,n<=16,sr>70%,kvB<=1k,kp<=4k,0.5496,4
16,n<=16,sr>70%,kvB<=1k,kp<=512,-0.5907,4
16,n<=16,sr>70%,kvB<=1k,kp<=8k,0.5711,4
16,n<=16,sr>70%,kvB<=1k,kp=0,0.4428,4
16,n<=16,sr>70%,kvB<=4k,kp<=1k,-0.0277,4
16,n<=16,sr>70%,kvB<=4k,kp<=2k,-0.7418,4
16,n<=16,sr>70%,kvB<=4k,kp<=4k,-0.8663,4
16,n<=16,sr>70%,kvB<=4k,kp<=512,0.5185,4
16,n<=16,sr>70%,kvB<=4k,kp<=8k,0.6362,4
16,n<=16,sr>70%,kvB<=4k,kp=0,0.8941,4
16,n<=2,sr<=70%,kvB<=16k,kp<=1k,0.9914,2
16,n<=2,sr<=70%,kvB<=16k,kp<=2k,0.9884,2
16,n<=2,sr<=70%,kvB<=16k,kp<=4k,0.9905,2
16,n<=2,sr<=70%,kvB<=16k,kp<=512,0.9922,2
16,n<=2,sr<=70%,kvB<=16k,kp<=8k,0.9914,1
16,n<=2,sr<=70%,kvB<=16k,kp=0,0.9938,2
16,n<=2,sr<=70%,kvB<=1k,kp<=1k,0.0372,2
16,n<=2,sr<=70%,kvB<=1k,kp<=2k,0.1606,2
16,n<=2,sr<=70%,kvB<=1k,kp<=4k,0.1356,2
16,n<=2,sr<=70%,kvB<=1k,kp<=512,0.9737,2
16,n<=2,sr<=70%,kvB<=1k,kp<=8k,0.2769,2
16,n<=2,sr<=70%,kvB<=1k,kp=0,0.9756,2
16,n<=2,sr<=70%,kvB<=4k,kp<=1k,0.9756,2
16,n<=2,sr<=70%,kvB<=4k,kp<=2k,0.9794,2
16,n<=2,sr<=70%,kvB<=4k,kp<=4k,-2.8979,2
16,n<=2,sr<=70%,kvB<=4k,kp<=512,0.9755,2
16,n<=2,sr<=70%,kvB<=4k,kp<=8k,-9.6667,1
16,n<=2,sr<=70%,kvB<=4k,kp=0,0.9739,2
16,n<=32,sr<=15%,kvB<=16k,kp<=1k,0.2212,6
16,n<=32,sr<=15%,kvB<=16k,kp<=2k,0.2071,6
16,n<=32,sr<=15%,kvB<=16k,kp<=4k,0.1684,6
16,n<=32,sr<=15%,kvB<=16k,kp<=512,0.2378,6
16,n<=32,sr<=15%,kvB<=16k,kp<=8k,0.1421,6
16,n<=32,sr<=15%,kvB<=16k,kp=0,0.2355,6
16,n<=32,sr<=15%,kvB<=1k,kp<=1k,0.0949,6
16,n<=32,sr<=15%,kvB<=1k,kp<=2k,0.1341,6
16,n<=32,sr<=15%,kvB<=1k,kp<=4k,0.1353,6
16,n<=32,sr<=15%,kvB<=1k,kp<=512,0.1449,6
16,n<=32,sr<=15%,kvB<=1k,kp<=8k,0.1405,6
16,n<=32,sr<=15%,kvB<=1k,kp=0,0.1733,6
16,n<=32,sr<=15%,kvB<=4k,kp<=1k,0.1563,6
16,n<=32,sr<=15%,kvB<=4k,kp<=2k,0.141,6
16,n<=32,sr<=15%,kvB<=4k,kp<=4k,0.0716,6
16,n<=32,sr<=15%,kvB<=4k,kp<=512,0.1992,6
16,n<=32,sr<=15%,kvB<=4k,kp<=8k,0.0937,6
16,n<=32,sr<=15%,kvB<=4k,kp=0,0.2348,6
16,n<=32,sr<=40%,kvB<=16k,kp<=1k,0.254,2
16,n<=32,sr<=40%,kvB<=16k,kp<=2k,0.221,2
16,n<=32,sr<=40%,kvB<=16k,kp<=4k,0.1776,2
16,n<=32,sr<=40%,kvB<=16k,kp<=512,0.3018,2
16,n<=32,sr<=40%,kvB<=16k,kp<=8k,0.1204,2
16,n<=32,sr<=40%,kvB<=16k,kp=0,0.3165,2
16,n<=32,sr<=40%,kvB<=1k,kp<=1k,0.1228,2
16,n<=32,sr<=40%,kvB<=1k,kp<=2k,0.1591,2
16,n<=32,sr<=40%,kvB<=1k,kp<=4k,0.1554,2
16,n<=32,sr<=40%,kvB<=1k,kp<=512,0.1351,2
16,n<=32,sr<=40%,kvB<=1k,kp<=8k,0.182,2
16,n<=32,sr<=40%,kvB<=1k,kp=0,0.2503,2
16,n<=32,sr<=40%,kvB<=4k,kp<=1k,0.192,2
16,n<=32,sr<=40%,kvB<=4k,kp<=2k,0.1414,2
16,n<=32,sr<=40%,kvB<=4k,kp<=4k,0.1067,2
16,n<=32,sr<=40%,kvB<=4k,kp<=512,0.2252,2
16,n<=32,sr<=40%,kvB<=4k,kp<=8k,0.1535,2
16,n<=32,sr<=40%,kvB<=4k,kp=0,0.2841,2
16,n<=32,sr<=5%,kvB<=16k,kp<=1k,0.1738,2
16,n<=32,sr<=5%,kvB<=16k,kp<=2k,0.1575,2
16,n<=32,sr<=5%,kvB<=16k,kp<=4k,0.118,2
16,n<=32,sr<=5%,kvB<=16k,kp<=512,0.1958,2
16,n<=32,sr<=5%,kvB<=16k,kp<=8k,0.0977,2
16,n<=32,sr<=5%,kvB<=16k,kp=0,0.2054,2
16,n<=32,sr<=5%,kvB<=1k,kp<=1k,-0.0042,2
16,n<=32,sr<=5%,kvB<=1k,kp<=2k,-0.0105,2
16,n<=32,sr<=5%,kvB<=1k,kp<=4k,-0.0076,2
16,n<=32,sr<=5%,kvB<=1k,kp<=512,0.0579,2
16,n<=32,sr<=5%,kvB<=1k,kp<=8k,-0.0011,2
16,n<=32,sr<=5%,kvB<=1k,kp=0,0.1183,2
16,n<=32,sr<=5%,kvB<=4k,kp<=1k,0.1272,2
16,n<=32,sr<=5%,kvB<=4k,kp<=2k,0.0994,2
16,n<=32,sr<=5%,kvB<=4k,kp<=4k,0.0218,2
16,n<=32,sr<=5%,kvB<=4k,kp<=512,0.1552,2
16,n<=32,sr<=5%,kvB<=4k,kp<=8k,0.0016,2
16,n<=32,sr<=5%,kvB<=4k,kp=0,0.2107,2
16,n<=32,sr<=70%,kvB<=16k,kp<=1k,0.6826,2
16,n<=32,sr<=70%,kvB<=16k,kp<=2k,0.6209,2
16,n<=32,sr<=70%,kvB<=16k,kp<=4k,0.5031,2
16,n<=32,sr<=70%,kvB<=16k,kp<=512,0.7474,2
16,n<=32,sr<=70%,kvB<=16k,kp<=8k,0.3918,2
16,n<=32,sr<=70%,kvB<=16k,kp=0,0.7768,2
16,n<=32,sr<=70%,kvB<=1k,kp<=1k,0.1372,2
16,n<=32,sr<=70%,kvB<=1k,kp<=2k,0.3212,2
16,n<=32,sr<=70%,kvB<=1k,kp<=4k,0.3721,2
16,n<=32,sr<=70%,kvB<=1k,kp<=512,0.1401,2
16,n<=32,sr<=70%,kvB<=1k,kp<=8k,0.4118,2
16,n<=32,sr<=70%,kvB<=1k,kp=0,0.3426,2
16,n<=32,sr<=70%,kvB<=4k,kp<=1k,0.5202,2
16,n<=32,sr<=70%,kvB<=4k,kp<=2k,0.3781,2
16,n<=32,sr<=70%,kvB<=4k,kp<=4k,0.3685,2
16,n<=32,sr<=70%,kvB<=4k,kp<=512,0.6217,2
16,n<=32,sr<=70%,kvB<=4k,kp<=8k,0.6179,2
16,n<=32,sr<=70%,kvB<=4k,kp=0,0.7379,2
16,n<=32,sr>70%,kvB<=16k,kp<=1k,1.3187,4
16,n<=32,sr>70%,kvB<=16k,kp<=2k,1.2234,4
16,n<=32,sr>70%,kvB<=16k,kp<=4k,1.0521,4
16,n<=32,sr>70%,kvB<=16k,kp<=512,1.434,4
16,n<=32,sr>70%,kvB<=16k,kp<=8k,0.7959,4
16,n<=32,sr>70%,kvB<=16k,kp=0,1.3549,4
16,n<=32,sr>70%,kvB<=1k,kp<=1k,0.15,4
16,n<=32,sr>70%,kvB<=1k,kp<=2k,0.6899,4
16,n<=32,sr>70%,kvB<=1k,kp<=4k,0.9541,4
16,n<=32,sr>70%,kvB<=1k,kp<=512,0.1492,4
16,n<=32,sr>70%,kvB<=1k,kp<=8k,0.8902,4
16,n<=32,sr>70%,kvB<=1k,kp=0,0.8501,4
16,n<=32,sr>70%,kvB<=4k,kp<=1k,1.0624,4
16,n<=32,sr>70%,kvB<=4k,kp<=2k,0.7214,4
16,n<=32,sr>70%,kvB<=4k,kp<=4k,0.5305,4
16,n<=32,sr>70%,kvB<=4k,kp<=512,1.3239,4
16,n<=32,sr>70%,kvB<=4k,kp<=8k,1.3508,4
16,n<=32,sr>70%,kvB<=4k,kp=0,1.5309,4
16,n<=4,sr<=40%,kvB<=16k,kp<=1k,0.9819,2
16,n<=4,sr<=40%,kvB<=16k,kp<=2k,0.9834,2
16,n<=4,sr<=40%,kvB<=16k,kp<=4k,0.9822,2
16,n<=4,sr<=40%,kvB<=16k,kp<=512,0.9814,2
16,n<=4,sr<=40%,kvB<=16k,kp<=8k,0.9809,2
16,n<=4,sr<=40%,kvB<=16k,kp=0,0.9818,2
16,n<=4,sr<=40%,kvB<=1k,kp<=1k,0.1286,2
16,n<=4,sr<=40%,kvB<=1k,kp<=2k,0.017,2
16,n<=4,sr<=40%,kvB<=1k,kp<=4k,0.3604,2
16,n<=4,sr<=40%,kvB<=1k,kp<=512,0.9,2
16,n<=4,sr<=40%,kvB<=1k,kp<=8k,-0.0495,2
16,n<=4,sr<=40%,kvB<=1k,kp=0,0.9291,5
16,n<=4,sr<=40%,kvB<=4k,kp<=1k,0.9466,2
16,n<=4,sr<=40%,kvB<=4k,kp<=2k,0.9425,2
16,n<=4,sr<=40%,kvB<=4k,kp<=4k,-0.2551,2
16,n<=4,sr<=40%,kvB<=4k,kp<=512,0.947,2
16,n<=4,sr<=40%,kvB<=4k,kp<=8k,-0.015,2
16,n<=4,sr<=40%,kvB<=4k,kp=0,0.9467,3
16,n<=4,sr<=70%,kvB<=16k,kp<=1k,0.9858,2
16,n<=4,sr<=70%,kvB<=16k,kp<=2k,0.9866,2
16,n<=4,sr<=70%,kvB<=16k,kp<=4k,0.9861,2
16,n<=4,sr<=70%,kvB<=16k,kp<=512,0.9862,2
16,n<=4,sr<=70%,kvB<=16k,kp<=8k,0.9903,2
16,n<=4,sr<=70%,kvB<=16k,kp=0,0.9856,2
16,n<=4,sr<=70%,kvB<=1k,kp<=1k,0.1681,2
16,n<=4,sr<=70%,kvB<=1k,kp<=2k,-0.0951,2
16,n<=4,sr<=70%,kvB<=1k,kp<=4k,0.3869,2
16,n<=4,sr<=70%,kvB<=1k,kp<=512,0.8878,2
16,n<=4,sr<=70%,kvB<=1k,kp<=8k,-7.7474,1
16,n<=4,sr<=70%,kvB<=1k,kp=0,0.9086,4
16,n<=4,sr<=70%,kvB<=4k,kp<=1k,0.9449,2
16,n<=4,sr<=70%,kvB<=4k,kp<=2k,0.942,2
16,n<=4,sr<=70%,kvB<=4k,kp<=4k,-0.2439,2
16,n<=4,sr<=70%,kvB<=4k,kp<=512,0.9443,2
16,n<=4,sr<=70%,kvB<=4k,kp<=8k,-0.4058,2
16,n<=4,sr<=70%,kvB<=4k,kp=0,0.9451,2
16,n<=4,sr>70%,kvB<=16k,kp<=1k,0.9959,2
16,n<=4,sr>70%,kvB<=16k,kp<=2k,0.9964,2
16,n<=4,sr>70%,kvB<=16k,kp<=4k,0.9949,2
16,n<=4,sr>70%,kvB<=16k,kp<=512,0.9968,2
16,n<=4,sr>70%,kvB<=16k,kp<=8k,0.9902,2
16,n<=4,sr>70%,kvB<=16k,kp=0,0.9969,2
16,n<=4,sr>70%,kvB<=1k,kp<=1k,0.4609,2
16,n<=4,sr>70%,kvB<=1k,kp<=2k,0.7416,2
16,n<=4,sr>70%,kvB<=1k,kp<=4k,0.3763,2
16,n<=4,sr>70%,kvB<=1k,kp<=512,0.9354,2
16,n<=4,sr>70%,kvB<=1k,kp<=8k,-0.2455,2
16,n<=4,sr>70%,kvB<=1k,kp=0,0.9607,2
16,n<=4,sr>70%,kvB<=4k,kp<=1k,0.9838,2
16,n<=4,sr>70%,kvB<=4k,kp<=2k,0.9881,2
16,n<=4,sr>70%,kvB<=4k,kp<=4k,0.7284,1
16,n<=4,sr>70%,kvB<=4k,kp<=512,0.9768,2
16,n<=4,sr>70%,kvB<=4k,kp<=8k,-3.3514,2
16,n<=4,sr>70%,kvB<=4k,kp=0,0.991,2
16,n<=64,sr<=15%,kvB<=16k,kp<=1k,0.0463,4
16,n<=64,sr<=15%,kvB<=16k,kp<=2k,0.0448,4
16,n<=64,sr<=15%,kvB<=16k,kp<=4k,0.0316,4
16,n<=64,sr<=15%,kvB<=16k,kp<=512,0.0465,4
16,n<=64,sr<=15%,kvB<=16k,kp<=8k,0.0216,4
16,n<=64,sr<=15%,kvB<=16k,kp=0,0.0467,4
16,n<=64,sr<=15%,kvB<=1k,kp<=1k,0.0295,4
16,n<=64,sr<=15%,kvB<=1k,kp<=2k,0.0286,4
16,n<=64,sr<=15%,kvB<=1k,kp<=4k,0.0332,4
16,n<=64,sr<=15%,kvB<=1k,kp<=512,0.0475,4
16,n<=64,sr<=15%,kvB<=1k,kp<=8k,0.0318,4
16,n<=64,sr<=15%,kvB<=1k,kp=0,0.0407,4
16,n<=64,sr<=15%,kvB<=4k,kp<=1k,0.029,4
16,n<=64,sr<=15%,kvB<=4k,kp<=2k,0.0232,4
16,n<=64,sr<=15%,kvB<=4k,kp<=4k,-0.0016,4
16,n<=64,sr<=15%,kvB<=4k,kp<=512,0.0383,4
16,n<=64,sr<=15%,kvB<=4k,kp<=8k,-0.0026,4
16,n<=64,sr<=15%,kvB<=4k,kp=0,0.0412,4
16,n<=64,sr<=40%,kvB<=16k,kp<=1k,0.0262,2
16,n<=64,sr<=40%,kvB<=16k,kp<=2k,0.0331,2
16,n<=64,sr<=40%,kvB<=16k,kp<=4k,0.0253,2
16,n<=64,sr<=40%,kvB<=16k,kp<=512,0.0272,2
16,n<=64,sr<=40%,kvB<=16k,kp<=8k,0.0063,2
16,n<=64,sr<=40%,kvB<=16k,kp=0,0.0206,2
16,n<=64,sr<=40%,kvB<=1k,kp<=1k,0.0186,2
16,n<=64,sr<=40%,kvB<=1k,kp<=2k,0.0237,2
16,n<=64,sr<=40%,kvB<=1k,kp<=4k,0.0391,2
16,n<=64,sr<=40%,kvB<=1k,kp<=512,0.0232,2
16,n<=64,sr<=40%,kvB<=1k,kp<=8k,0.0426,2
16,n<=64,sr<=40%,kvB<=1k,kp=0,0.0326,2
16,n<=64,sr<=40%,kvB<=4k,kp<=1k,0.0074,2
16,n<=64,sr<=40%,kvB<=4k,kp<=2k,-0.0156,2
16,n<=64,sr<=40%,kvB<=4k,kp<=4k,-0.0208,2
16,n<=64,sr<=40%,kvB<=4k,kp<=512,0.0173,2
16,n<=64,sr<=40%,kvB<=4k,kp<=8k,-0.0206,2
16,n<=64,sr<=40%,kvB<=4k,kp=0,0.0197,2
16,n<=64,sr<=5%,kvB<=16k,kp<=1k,0.0504,6
16,n<=64,sr<=5%,kvB<=16k,kp<=2k,0.0498,6
16,n<=64,sr<=5%,kvB<=16k,kp<=4k,0.0421,6
16,n<=64,sr<=5%,kvB<=16k,kp<=512,0.0503,6
16,n<=64,sr<=5%,kvB<=16k,kp<=8k,0.0325,6
16,n<=64,sr<=5%,kvB<=16k,kp=0,0.0512,6
16,n<=64,sr<=5%,kvB<=1k,kp<=1k,-0.0032,6
16,n<=64,sr<=5%,kvB<=1k,kp<=2k,0.0058,6
16,n<=64,sr<=5%,kvB<=1k,kp<=4k,0.0042,6
16,n<=64,sr<=5%,kvB<=1k,kp<=512,0.0165,6
16,n<=64,sr<=5%,kvB<=1k,kp<=8k,0.004,6
16,n<=64,sr<=5%,kvB<=1k,kp=0,0.0249,6
16,n<=64,sr<=5%,kvB<=4k,kp<=1k,0.0367,6
16,n<=64,sr<=5%,kvB<=4k,kp<=2k,0.0307,6
16,n<=64,sr<=5%,kvB<=4k,kp<=4k,-0.0002,6
16,n<=64,sr<=5%,kvB<=4k,kp<=512,0.0465,6
16,n<=64,sr<=5%,kvB<=4k,kp<=8k,0.0051,6
16,n<=64,sr<=5%,kvB<=4k,kp=0,0.0503,6
16,n<=64,sr<=70%,kvB<=16k,kp<=1k,0.0013,2
16,n<=64,sr<=70%,kvB<=16k,kp<=2k,0.0085,2
16,n<=64,sr<=70%,kvB<=16k,kp<=4k,0.018,2
16,n<=64,sr<=70%,kvB<=16k,kp<=512,-0.0063,2
16,n<=64,sr<=70%,kvB<=16k,kp<=8k,0.015,2
16,n<=64,sr<=70%,kvB<=16k,kp=0,-0.0047,2
16,n<=64,sr<=70%,kvB<=1k,kp<=1k,-0.076,2
16,n<=64,sr<=70%,kvB<=1k,kp<=2k,-0.0754,2
16,n<=64,sr<=70%,kvB<=1k,kp<=4k,-0.0553,2
16,n<=64,sr<=70%,kvB<=1k,kp<=512,-0.0873,2
16,n<=64,sr<=70%,kvB<=1k,kp<=8k,-0.0394,2
16,n<=64,sr<=70%,kvB<=1k,kp=0,-0.0109,2
16,n<=64,sr<=70%,kvB<=4k,kp<=1k,0.0093,2
16,n<=64,sr<=70%,kvB<=4k,kp<=2k,-0.0165,2
16,n<=64,sr<=70%,kvB<=4k,kp<=4k,-0.0272,2
16,n<=64,sr<=70%,kvB<=4k,kp<=512,0.0183,2
16,n<=64,sr<=70%,kvB<=4k,kp<=8k,-0.0337,2
16,n<=64,sr<=70%,kvB<=4k,kp=0,-0.0048,2
16,n<=64,sr>70%,kvB<=16k,kp<=1k,0.0456,4
16,n<=64,sr>70%,kvB<=16k,kp<=2k,0.0708,4
16,n<=64,sr>70%,kvB<=16k,kp<=4k,0.0825,4
16,n<=64,sr>70%,kvB<=16k,kp<=512,0.0398,4
16,n<=64,sr>70%,kvB<=16k,kp<=8k,0.0457,4
16,n<=64,sr>70%,kvB<=16k,kp=0,0.0431,4
16,n<=64,sr>70%,kvB<=1k,kp<=1k,-0.0217,4
16,n<=64,sr>70%,kvB<=1k,kp<=2k,0.0004,4
16,n<=64,sr>70%,kvB<=1k,kp<=4k,0.1136,4
16,n<=64,sr>70%,kvB<=1k,kp<=512,-0.0016,4
16,n<=64,sr>70%,kvB<=1k,kp<=8k,0.1897,4
16,n<=64,sr>70%,kvB<=1k,kp=0,0.0544,4
16,n<=64,sr>70%,kvB<=4k,kp<=1k,0.0687,4
16,n<=64,sr>70%,kvB<=4k,kp<=2k,-0.0047,4
16,n<=64,sr>70%,kvB<=4k,kp<=4k,-0.0692,4
16,n<=64,sr>70%,kvB<=4k,kp<=512,0.0492,4
16,n<=64,sr>70%,kvB<=4k,kp<=8k,-0.1018,4
16,n<=64,sr>70%,kvB<=4k,kp=0,0.0128,4
16,n<=8,sr<=15%,kvB<=16k,kp<=1k,0.9098,2
16,n<=8,sr<=15%,kvB<=16k,kp<=2k,0.913,2
16,n<=8,sr<=15%,kvB<=16k,kp<=4k,0.844,2
16,n<=8,sr<=15%,kvB<=16k,kp<=512,0.953,2
16,n<=8,sr<=15%,kvB<=16k,kp<=8k,0.5298,2
16,n<=8,sr<=15%,kvB<=16k,kp=0,0.9732,2
16,n<=8,sr<=15%,kvB<=1k,kp<=1k,0.346,2
16,n<=8,sr<=15%,kvB<=1k,kp<=2k,-0.0055,2
16,n<=8,sr<=15%,kvB<=1k,kp<=4k,-0.3126,2
16,n<=8,sr<=15%,kvB<=1k,kp<=512,0.5983,2
16,n<=8,sr<=15%,kvB<=1k,kp<=8k,-0.6031,2
16,n<=8,sr<=15%,kvB<=1k,kp=0,0.891,5
16,n<=8,sr<=15%,kvB<=4k,kp<=1k,0.786,2
16,n<=8,sr<=15%,kvB<=4k,kp<=2k,0.4983,2
16,n<=8,sr<=15%,kvB<=4k,kp<=4k,0.2359,2
16,n<=8,sr<=15%,kvB<=4k,kp<=512,0.9152,2
16,n<=8,sr<=15%,kvB<=4k,kp<=8k,-0.0322,2
16,n<=8,sr<=15%,kvB<=4k,kp=0,0.9159,3
16,n<=8,sr<=40%,kvB<=16k,kp<=1k,0.8967,4
16,n<=8,sr<=40%,kvB<=16k,kp<=2k,0.9284,4
16,n<=8,sr<=40%,kvB<=16k,kp<=4k,0.8448,4
16,n<=8,sr<=40%,kvB<=16k,kp<=512,0.9442,4
16,n<=8,sr<=40%,kvB<=16k,kp<=8k,0.3937,4
16,n<=8,sr<=40%,kvB<=16k,kp=0,0.9771,4
16,n<=8,sr<=40%,kvB<=1k,kp<=1k,0.2924,4
16,n<=8,sr<=40%,kvB<=1k,kp<=2k,0.0009,4
16,n<=8,sr<=40%,kvB<=1k,kp<=4k,-0.0896,4
16,n<=8,sr<=40%,kvB<=1k,kp<=512,0.4522,4
16,n<=8,sr<=40%,kvB<=1k,kp<=8k,-0.4401,4
16,n<=8,sr<=40%,kvB<=1k,kp=0,0.8789,4
16,n<=8,sr<=40%,kvB<=4k,kp<=1k,0.736,4
16,n<=8,sr<=40%,kvB<=4k,kp<=2k,0.3522,4
16,n<=8,sr<=40%,kvB<=4k,kp<=4k,0.2142,4
16,n<=8,sr<=40%,kvB<=4k,kp<=512,0.8862,4
16,n<=8,sr<=40%,kvB<=4k,kp<=8k,-0.0614,4
16,n<=8,sr<=40%,kvB<=4k,kp=0,0.9057,4
16,n<=8,sr<=70%,kvB<=16k,kp<=1k,0.9034,2
16,n<=8,sr<=70%,kvB<=16k,kp<=2k,0.9424,2
16,n<=8,sr<=70%,kvB<=16k,kp<=4k,0.8184,2
16,n<=8,sr<=70%,kvB<=16k,kp<=512,0.958,2
16,n<=8,sr<=70%,kvB<=16k,kp<=8k,0.155,2
16,n<=8,sr<=70%,kvB<=16k,kp=0,0.9674,2
16,n<=8,sr<=70%,kvB<=1k,kp<=1k,-0.0203,2
16,n<=8,sr<=70%,kvB<=1k,kp<=2k,-0.0137,2
16,n<=8,sr<=70%,kvB<=1k,kp<=4k,0.0887,2
16,n<=8,sr<=70%,kvB<=1k,kp<=512,0.2033,2
16,n<=8,sr<=70%,kvB<=1k,kp<=8k,-0.1613,2
16,n<=8,sr<=70%,kvB<=1k,kp=0,0.857,2
16,n<=8,sr<=70%,kvB<=4k,kp<=1k,0.7272,2
16,n<=8,sr<=70%,kvB<=4k,kp<=2k,0.1019,2
16,n<=8,sr<=70%,kvB<=4k,kp<=4k,-0.0055,2
16,n<=8,sr<=70%,kvB<=4k,kp<=512,0.8934,2
16,n<=8,sr<=70%,kvB<=4k,kp<=8k,-0.022,2
16,n<=8,sr<=70%,kvB<=4k,kp=0,0.9278,2
16,n<=8,sr>70%,kvB<=16k,kp<=1k,0.9416,4
16,n<=8,sr>70%,kvB<=16k,kp<=2k,0.9497,4
16,n<=8,sr>70%,kvB<=16k,kp<=4k,0.6207,4
16,n<=8,sr>70%,kvB<=16k,kp<=512,0.968,4
16,n<=8,sr>70%,kvB<=16k,kp<=8k,-0.9454,4
16,n<=8,sr>70%,kvB<=16k,kp=0,0.9809,4
16,n<=8,sr>70%,kvB<=1k,kp<=1k,-0.6877,4
16,n<=8,sr>70%,kvB<=1k,kp<=2k,0.0301,4
16,n<=8,sr>70%,kvB<=1k,kp<=4k,0.5132,4
16,n<=8,sr>70%,kvB<=1k,kp<=512,-0.4668,4
16,n<=8,sr>70%,kvB<=1k,kp=0,0.8806,4
16,n<=8,sr>70%,kvB<=4k,kp<=1k,0.5366,4
16,n<=8,sr>70%,kvB<=4k,kp<=2k,-1.0366,4
16,n<=8,sr>70%,kvB<=4k,kp<=4k,-1.2722,4
16,n<=8,sr>70%,kvB<=4k,kp<=512,0.8486,4
16,n<=8,sr>70%,kvB<=4k,kp<=8k,-0.0232,3
16,n<=8,sr>70%,kvB<=4k,kp=0,0.8868,4
32,n<=128,sr<=15%,kvB<=16k,kp<=1k,0.0053,4
32,n<=128,sr<=15%,kvB<=16k,kp<=2k,0.0043,4
32,n<=128,sr<=15%,kvB<=16k,kp<=4k,0.0039,4
32,n<=128,sr<=15%,kvB<=16k,kp<=512,0.0059,4
32,n<=128,sr<=15%,kvB<=16k,kp<=8k,0.0013,4
32,n<=128,sr<=15%,kvB<=16k,kp=0,0.0061,4
32,n<=128,sr<=15%,kvB<=1k,kp<=1k,0.0362,4
32,n<=128,sr<=15%,kvB<=1k,kp<=2k,0.0253,4
32,n<=128,sr<=15%,kvB<=1k,kp<=4k,0.0187,4
32,n<=128,sr<=15%,kvB<=1k,kp<=512,0.0366,4
32,n<=128,sr<=15%,kvB<=1k,kp<=8k,0.0289,4
32,n<=128,sr<=15%,kvB<=1k,kp=0,0.0364,4
32,n<=128,sr<=15%,kvB<=4k,kp<=1k,0.0064,4
32,n<=128,sr<=15%,kvB<=4k,kp<=2k,0.0025,4
32,n<=128,sr<=15%,kvB<=4k,kp<=4k,0.002,4
32,n<=128,sr<=15%,kvB<=4k,kp<=512,0.0068,4
32,n<=128,sr<=15%,kvB<=4k,kp<=8k,0.0002,4
32,n<=128,sr<=15%,kvB<=4k,kp=0,0.0052,4
32,n<=128,sr<=40%,kvB<=16k,kp<=1k,-0.0057,2
32,n<=128,sr<=40%,kvB<=16k,kp<=2k,-0.0008,2
32,n<=128,sr<=40%,kvB<=16k,kp<=4k,-0.0027,2
32,n<=128,sr<=40%,kvB<=16k,kp<=512,-0.0008,2
32,n<=128,sr<=40%,kvB<=16k,kp<=8k,-0.0054,2
32,n<=128,sr<=40%,kvB<=16k,kp=0,-0.0011,2
32,n<=128,sr<=40%,kvB<=1k,kp<=1k,0.0468,2
32,n<=128,sr<=40%,kvB<=1k,kp<=2k,0.0546,2
32,n<=128,sr<=40%,kvB<=1k,kp<=4k,0.0654,2
32,n<=128,sr<=40%,kvB<=1k,kp<=512,0.0557,2
32,n<=128,sr<=40%,kvB<=1k,kp<=8k,0.0594,2
32,n<=128,sr<=40%,kvB<=1k,kp=0,0.0592,2
32,n<=128,sr<=40%,kvB<=4k,kp<=1k,-0.0072,2
32,n<=128,sr<=40%,kvB<=4k,kp<=2k,-0.0127,2
32,n<=128,sr<=40%,kvB<=4k,kp<=4k,-0.0117,2
32,n<=128,sr<=40%,kvB<=4k,kp<=512,-0.0062,2
32,n<=128,sr<=40%,kvB<=4k,kp<=8k,0.0107,2
32,n<=128,sr<=40%,kvB<=4k,kp=0,-0.0061,2
32,n<=128,sr<=5%,kvB<=16k,kp<=1k,0.0114,8
32,n<=128,sr<=5%,kvB<=16k,kp<=2k,0.0108,8
32,n<=128,sr<=5%,kvB<=16k,kp<=4k,0.0095,8
32,n<=128,sr<=5%,kvB<=16k,kp<=512,0.0114,8
32,n<=128,sr<=5%,kvB<=16k,kp<=8k,0.0077,8
32,n<=128,sr<=5%,kvB<=16k,kp=0,0.0112,8
32,n<=128,sr<=5%,kvB<=1k,kp<=1k,0.0071,8
32,n<=128,sr<=5%,kvB<=1k,kp<=2k,0.0046,8
32,n<=128,sr<=5%,kvB<=1k,kp<=4k,0.0001,8
32,n<=128,sr<=5%,kvB<=1k,kp<=512,0.0074,8
32,n<=128,sr<=5%,kvB<=1k,kp<=8k,0.0027,8
32,n<=128,sr<=5%,kvB<=1k,kp=0,0.0045,8
32,n<=128,sr<=5%,kvB<=4k,kp<=1k,0.0084,8
32,n<=128,sr<=5%,kvB<=4k,kp<=2k,0.0073,8
32,n<=128,sr<=5%,kvB<=4k,kp<=4k,0.0051,8
32,n<=128,sr<=5%,kvB<=4k,kp<=512,0.0113,8
32,n<=128,sr<=5%,kvB<=4k,kp<=8k,0.0047,8
32,n<=128,sr<=5%,kvB<=4k,kp=0,0.0117,8
32,n<=128,sr<=70%,kvB<=16k,kp<=1k,-0.0094,2
32,n<=128,sr<=70%,kvB<=16k,kp<=2k,-0.0122,2
32,n<=128,sr<=70%,kvB<=16k,kp<=4k,-0.0086,2
32,n<=128,sr<=70%,kvB<=16k,kp<=512,-0.0114,2
32,n<=128,sr<=70%,kvB<=16k,kp<=8k,-0.0108,2
32,n<=128,sr<=70%,kvB<=16k,kp=0,-0.0081,2
32,n<=128,sr<=70%,kvB<=1k,kp<=1k,0.0395,2
32,n<=128,sr<=70%,kvB<=1k,kp<=2k,0.0419,2
32,n<=128,sr<=70%,kvB<=1k,kp<=4k,0.0846,2
32,n<=128,sr<=70%,kvB<=1k,kp<=512,0.0291,2
32,n<=128,sr<=70%,kvB<=1k,kp<=8k,0.0464,2
32,n<=128,sr<=70%,kvB<=1k,kp=0,0.0561,2
32,n<=128,sr<=70%,kvB<=4k,kp<=1k,-0.0099,2
32,n<=128,sr<=70%,kvB<=4k,kp<=2k,-0.0082,2
32,n<=128,sr<=70%,kvB<=4k,kp<=4k,0.0058,2
32,n<=128,sr<=70%,kvB<=4k,kp<=512,-0.0077,2
32,n<=128,sr<=70%,kvB<=4k,kp<=8k,0.0236,2
32,n<=128,sr<=70%,kvB<=4k,kp=0,-0.0073,2
32,n<=128,sr>70%,kvB<=16k,kp<=1k,0.0108,4
32,n<=128,sr>70%,kvB<=16k,kp<=2k,0.0149,4
32,n<=128,sr>70%,kvB<=16k,kp<=4k,0.0147,4
32,n<=128,sr>70%,kvB<=16k,kp<=512,0.0112,4
32,n<=128,sr>70%,kvB<=16k,kp<=8k,0.0163,4
32,n<=128,sr>70%,kvB<=16k,kp=0,0.0185,4
32,n<=128,sr>70%,kvB<=1k,kp<=1k,0.0383,4
32,n<=128,sr>70%,kvB<=1k,kp<=2k,0.0426,4
32,n<=128,sr>70%,kvB<=1k,kp<=4k,0.0875,4
32,n<=128,sr>70%,kvB<=1k,kp<=512,0.0816,4
32,n<=128,sr>70%,kvB<=1k,kp<=8k,0.0952,4
32,n<=128,sr>70%,kvB<=1k,kp=0,0.0798,4
32,n<=128,sr>70%,kvB<=4k,kp<=1k,-0.0029,4
32,n<=128,sr>70%,kvB<=4k,kp<=2k,-0.0054,4
32,n<=128,sr>70%,kvB<=4k,kp<=4k,-0.03,4
32,n<=128,sr>70%,kvB<=4k,kp<=512,0.009,4
32,n<=128,sr>70%,kvB<=4k,kp<=8k,-0.0226,4
32,n<=128,sr>70%,kvB<=4k,kp=0,0.0113,4
32,n<=16,sr<=15%,kvB<=16k,kp<=1k,0.3768,4
32,n<=16,sr<=15%,kvB<=16k,kp<=2k,0.353,4
32,n<=16,sr<=15%,kvB<=16k,kp<=4k,0.3191,4
32,n<=16,sr<=15%,kvB<=16k,kp<=512,0.412,4
32,n<=16,sr<=15%,kvB<=16k,kp<=8k,0.2732,4
32,n<=16,sr<=15%,kvB<=16k,kp=0,0.4278,4
32,n<=16,sr<=15%,kvB<=1k,kp<=1k,0.2052,4
32,n<=16,sr<=15%,kvB<=1k,kp<=2k,0.2098,4
32,n<=16,sr<=15%,kvB<=1k,kp<=4k,0.235,4
32,n<=16,sr<=15%,kvB<=1k,kp<=512,0.3004,4
32,n<=16,sr<=15%,kvB<=1k,kp<=8k,0.2226,4
32,n<=16,sr<=15%,kvB<=1k,kp=0,0.3151,4
32,n<=16,sr<=15%,kvB<=4k,kp<=1k,0.2971,4
32,n<=16,sr<=15%,kvB<=4k,kp<=2k,0.2672,4
32,n<=16,sr<=15%,kvB<=4k,kp<=4k,0.1123,4
32,n<=16,sr<=15%,kvB<=4k,kp<=512,0.3318,4
32,n<=16,sr<=15%,kvB<=4k,kp<=8k,0.0851,4
32,n<=16,sr<=15%,kvB<=4k,kp=0,0.3981,4
32,n<=16,sr<=40%,kvB<=16k,kp<=1k,0.4036,4
32,n<=16,sr<=40%,kvB<=16k,kp<=2k,0.3793,4
32,n<=16,sr<=40%,kvB<=16k,kp<=4k,0.3108,4
32,n<=16,sr<=40%,kvB<=16k,kp<=512,0.442,4
32,n<=16,sr<=40%,kvB<=16k,kp<=8k,0.1667,4
32,n<=16,sr<=40%,kvB<=16k,kp=0,0.4554,4
32,n<=16,sr<=40%,kvB<=1k,kp<=1k,0.1971,4
32,n<=16,sr<=40%,kvB<=1k,kp<=2k,0.3801,4
32,n<=16,sr<=40%,kvB<=1k,kp<=4k,0.4534,4
32,n<=16,sr<=40%,kvB<=1k,kp<=512,0.2414,4
32,n<=16,sr<=40%,kvB<=1k,kp<=8k,0.3995,4
32,n<=16,sr<=40%,kvB<=1k,kp=0,0.429,4
32,n<=16,sr<=40%,kvB<=4k,kp<=1k,0.2801,4
32,n<=16,sr<=40%,kvB<=4k,kp<=2k,0.1685,4
32,n<=16,sr<=40%,kvB<=4k,kp<=4k,0.0794,4
32,n<=16,sr<=40%,kvB<=4k,kp<=512,0.374,4
32,n<=16,sr<=40%,kvB<=4k,kp<=8k,0.171,4
32,n<=16,sr<=40%,kvB<=4k,kp=0,0.4359,4
32,n<=16,sr<=70%,kvB<=16k,kp<=1k,0.705,2
32,n<=16,sr<=70%,kvB<=16k,kp<=2k,0.6833,2
32,n<=16,sr<=70%,kvB<=16k,kp<=4k,0.5678,2
32,n<=16,sr<=70%,kvB<=16k,kp<=512,0.7671,2
32,n<=16,sr<=70%,kvB<=16k,kp<=8k,0.2532,2
32,n<=16,sr<=70%,kvB<=16k,kp=0,0.7367,2
32,n<=16,sr<=70%,kvB<=1k,kp<=1k,0.0056,2
32,n<=16,sr<=70%,kvB<=1k,kp<=2k,0.571,2
32,n<=16,sr<=70%,kvB<=1k,kp<=4k,0.6542,2
32,n<=16,sr<=70%,kvB<=1k,kp<=512,-0.018,2
32,n<=16,sr<=70%,kvB<=1k,kp<=8k,0.7068,2
32,n<=16,sr<=70%,kvB<=1k,kp=0,0.5212,2
32,n<=16,sr<=70%,kvB<=4k,kp<=1k,0.4458,2
32,n<=16,sr<=70%,kvB<=4k,kp<=2k,0.1445,2
32,n<=16,sr<=70%,kvB<=4k,kp<=4k,0.101,2
32,n<=16,sr<=70%,kvB<=4k,kp<=512,0.7062,2
32,n<=16,sr<=70%,kvB<=4k,kp<=8k,0.7692,2
32,n<=16,sr<=70%,kvB<=4k,kp=0,0.8415,2
32,n<=16,sr>70%,kvB<=16k,kp<=1k,0.7602,4
32,n<=16,sr>70%,kvB<=16k,kp<=2k,0.5806,4
32,n<=16,sr>70%,kvB<=16k,kp<=4k,0.213,4
32,n<=16,sr>70%,kvB<=16k,kp<=512,0.9315,4
32,n<=16,sr>70%,kvB<=16k,kp<=8k,-0.5823,4
32,n<=16,sr>70%,kvB<=16k,kp=0,1.01,4
32,n<=16,sr>70%,kvB<=1k,kp<=1k,-0.5456,4
32,n<=16,sr>70%,kvB<=1k,kp<=2k,0.3997,4
32,n<=16,sr>70%,kvB<=1k,kp<=4k,0.5181,4
32,n<=16,sr>70%,kvB<=1k,kp<=512,-0.6529,4
32,n<=16,sr>70%,kvB<=1k,kp<=8k,0.5295,4
32,n<=16,sr>70%,kvB<=1k,kp=0,0.4281,4
32,n<=16,sr>70%,kvB<=4k,kp<=1k,-0.012,4
32,n<=16,sr>70%,kvB<=4k,kp<=2k,-0.6926,4
32,n<=16,sr>70%,kvB<=4k,kp<=4k,-0.9072,4
32,n<=16,sr>70%,kvB<=4k,kp<=512,0.5322,4
32,n<=16,sr>70%,kvB<=4k,kp<=8k,0.6048,4
32,n<=16,sr>70%,kvB<=4k,kp=0,0.9083,4
32,n<=2,sr<=70%,kvB<=16k,kp<=1k,0.9914,2
32,n<=2,sr<=70%,kvB<=16k,kp<=2k,0.9904,2
32,n<=2,sr<=70%,kvB<=16k,kp<=4k,0.9896,2
32,n<=2,sr<=70%,kvB<=16k,kp<=512,0.99,2
32,n<=2,sr<=70%,kvB<=16k,kp<=8k,0.9895,2
32,n<=2,sr<=70%,kvB<=16k,kp=0,0.9926,2
32,n<=2,sr<=70%,kvB<=1k,kp<=1k,0.3794,2
32,n<=2,sr<=70%,kvB<=1k,kp<=2k,0.2732,2
32,n<=2,sr<=70%,kvB<=1k,kp<=4k,0.4564,2
32,n<=2,sr<=70%,kvB<=1k,kp<=512,0.9866,2
32,n<=2,sr<=70%,kvB<=1k,kp<=8k,0.7417,1
32,n<=2,sr<=70%,kvB<=1k,kp=0,0.9736,2
32,n<=2,sr<=70%,kvB<=4k,kp<=1k,0.9743,2
32,n<=2,sr<=70%,kvB<=4k,kp<=2k,0.9784,2
32,n<=2,sr<=70%,kvB<=4k,kp<=4k,-0.1518,2
32,n<=2,sr<=70%,kvB<=4k,kp<=512,0.9773,2
32,n<=2,sr<=70%,kvB<=4k,kp<=8k,-4.5986,2
32,n<=2,sr<=70%,kvB<=4k,kp=0,0.9734,2
32,n<=32,sr<=15%,kvB<=16k,kp<=1k,0.2242,6
32,n<=32,sr<=15%,kvB<=16k,kp<=2k,0.2098,6
32,n<=32,sr<=15%,kvB<=16k,kp<=4k,0.1705,6
32,n<=32,sr<=15%,kvB<=16k,kp<=512,0.2374,6
32,n<=32,sr<=15%,kvB<=16k,kp<=8k,0.1423,6
32,n<=32,sr<=15%,kvB<=16k,kp=0,0.2331,6
32,n<=32,sr<=15%,kvB<=1k,kp<=1k,0.095,6
32,n<=32,sr<=15%,kvB<=1k,kp<=2k,0.1277,6
32,n<=32,sr<=15%,kvB<=1k,kp<=4k,0.1311,6
32,n<=32,sr<=15%,kvB<=1k,kp<=512,0.1468,6
32,n<=32,sr<=15%,kvB<=1k,kp<=8k,0.1404,6
32,n<=32,sr<=15%,kvB<=1k,kp=0,0.1731,6
32,n<=32,sr<=15%,kvB<=4k,kp<=1k,0.1572,6
32,n<=32,sr<=15%,kvB<=4k,kp<=2k,0.1402,6
32,n<=32,sr<=15%,kvB<=4k,kp<=4k,0.0717,6
32,n<=32,sr<=15%,kvB<=4k,kp<=512,0.1982,6
32,n<=32,sr<=15%,kvB<=4k,kp<=8k,0.0966,6
32,n<=32,sr<=15%,kvB<=4k,kp=0,0.2329,6
32,n<=32,sr<=40%,kvB<=16k,kp<=1k,0.2564,2
32,n<=32,sr<=40%,kvB<=16k,kp<=2k,0.2393,2
32,n<=32,sr<=40%,kvB<=16k,kp<=4k,0.1629,2
32,n<=32,sr<=40%,kvB<=16k,kp<=512,0.2913,2
32,n<=32,sr<=40%,kvB<=16k,kp<=8k,0.1218,2
32,n<=32,sr<=40%,kvB<=16k,kp=0,0.314,2
32,n<=32,sr<=40%,kvB<=1k,kp<=1k,0.1112,2
32,n<=32,sr<=40%,kvB<=1k,kp<=2k,0.1651,2
32,n<=32,sr<=40%,kvB<=1k,kp<=4k,0.1541,2
32,n<=32,sr<=40%,kvB<=1k,kp<=512,0.1386,2
32,n<=32,sr<=40%,kvB<=1k,kp<=8k,0.1653,2
32,n<=32,sr<=40%,kvB<=1k,kp=0,0.2503,2
32,n<=32,sr<=40%,kvB<=4k,kp<=1k,0.1807,2
32,n<=32,sr<=40%,kvB<=4k,kp<=2k,0.1368,2
32,n<=32,sr<=40%,kvB<=4k,kp<=4k,0.1073,2
32,n<=32,sr<=40%,kvB<=4k,kp<=512,0.2153,2
32,n<=32,sr<=40%,kvB<=4k,kp<=8k,0.138,2
32,n<=32,sr<=40%,kvB<=4k,kp=0,0.2767,2
32,n<=32,sr<=5%,kvB<=16k,kp<=1k,0.178,2
32,n<=32,sr<=5%,kvB<=16k,kp<=2k,0.1535,2
32,n<=32,sr<=5%,kvB<=16k,kp<=4k,0.12,2
32,n<=32,sr<=5%,kvB<=16k,kp<=512,0.1941,2
32,n<=32,sr<=5%,kvB<=16k,kp<=8k,0.0921,2
32,n<=32,sr<=5%,kvB<=16k,kp=0,0.2032,2
32,n<=32,sr<=5%,kvB<=1k,kp<=1k,-0.0078,2
32,n<=32,sr<=5%,kvB<=1k,kp<=2k,-0.0143,2
32,n<=32,sr<=5%,kvB<=1k,kp<=4k,-0.0092,2
32,n<=32,sr<=5%,kvB<=1k,kp<=512,0.0612,2
32,n<=32,sr<=5%,kvB<=1k,kp<=8k,-0.0162,2
32,n<=32,sr<=5%,kvB<=1k,kp=0,0.1109,2
32,n<=32,sr<=5%,kvB<=4k,kp<=1k,0.1265,2
32,n<=32,sr<=5%,kvB<=4k,kp<=2k,0.101,2
32,n<=32,sr<=5%,kvB<=4k,kp<=4k,0.0205,2
32,n<=32,sr<=5%,kvB<=4k,kp<=512,0.1549,2
32,n<=32,sr<=5%,kvB<=4k,kp<=8k,0.0031,2
32,n<=32,sr<=5%,kvB<=4k,kp=0,0.2116,2
32,n<=32,sr<=70%,kvB<=16k,kp<=1k,0.6658,2
32,n<=32,sr<=70%,kvB<=16k,kp<=2k,0.609,2
32,n<=32,sr<=70%,kvB<=16k,kp<=4k,0.5373,2
32,n<=32,sr<=70%,kvB<=16k,kp<=512,0.7369,2
32,n<=32,sr<=70%,kvB<=16k,kp<=8k,0.3821,2
32,n<=32,sr<=70%,kvB<=16k,kp=0,0.752,2
32,n<=32,sr<=70%,kvB<=1k,kp<=1k,0.1361,2
32,n<=32,sr<=70%,kvB<=1k,kp<=2k,0.3472,2
32,n<=32,sr<=70%,kvB<=1k,kp<=4k,0.3914,2
32,n<=32,sr<=70%,kvB<=1k,kp<=512,0.1256,2
32,n<=32,sr<=70%,kvB<=1k,kp<=8k,0.3891,2
32,n<=32,sr<=70%,kvB<=1k,kp=0,0.357,2
32,n<=32,sr<=70%,kvB<=4k,kp<=1k,0.4959,2
32,n<=32,sr<=70%,kvB<=4k,kp<=2k,0.3742,2
32,n<=32,sr<=70%,kvB<=4k,kp<=4k,0.3668,2
32,n<=32,sr<=70%,kvB<=4k,kp<=512,0.5897,2
32,n<=32,sr<=70%,kvB<=4k,kp<=8k,0.6036,2
32,n<=32,sr<=70%,kvB<=4k,kp=0,0.7382,2
32,n<=32,sr>70%,kvB<=16k,kp<=1k,1.2606,4
32,n<=32,sr>70%,kvB<=16k,kp<=2k,1.3446,4
32,n<=32,sr>70%,kvB<=16k,kp<=4k,1.0235,4
32,n<=32,sr>70%,kvB<=16k,kp<=512,1.4928,4
32,n<=32,sr>70%,kvB<=16k,kp<=8k,0.6888,4
32,n<=32,sr>70%,kvB<=16k,kp=0,1.5106,4
32,n<=32,sr>70%,kvB<=1k,kp<=1k,0.1616,4
32,n<=32,sr>70%,kvB<=1k,kp<=2k,0.7102,4
32,n<=32,sr>70%,kvB<=1k,kp<=4k,0.9743,4
32,n<=32,sr>70%,kvB<=1k,kp<=512,0.1172,4
32,n<=32,sr>70%,kvB<=1k,kp<=8k,0.8962,4
32,n<=32,sr>70%,kvB<=1k,kp=0,0.8125,4
32,n<=32,sr>70%,kvB<=4k,kp<=1k,1.0717,4
32,n<=32,sr>70%,kvB<=4k,kp<=2k,0.7,4
32,n<=32,sr>70%,kvB<=4k,kp<=4k,0.4382,4
32,n<=32,sr>70%,kvB<=4k,kp<=512,1.3575,4
32,n<=32,sr>70%,kvB<=4k,kp<=8k,1.2715,4
32,n<=32,sr>70%,kvB<=4k,kp=0,1.5121,4
32,n<=4,sr<=40%,kvB<=16k,kp<=1k,0.981,2
32,n<=4,sr<=40%,kvB<=16k,kp<=2k,0.983,2
32,n<=4,sr<=40%,kvB<=16k,kp<=4k,0.981,2
32,n<=4,sr<=40%,kvB<=16k,kp<=512,0.9826,2
32,n<=4,sr<=40%,kvB<=16k,kp<=8k,0.9843,2
32,n<=4,sr<=40%,kvB<=16k,kp=0,0.9815,2
32,n<=4,sr<=40%,kvB<=1k,kp<=1k,0.4252,2
32,n<=4,sr<=40%,kvB<=1k,kp<=2k,0.3711,2
32,n<=4,sr<=40%,kvB<=1k,kp<=4k,0.4097,2
32,n<=4,sr<=40%,kvB<=1k,kp<=512,0.9001,2
32,n<=4,sr<=40%,kvB<=1k,kp<=8k,0.3945,2
32,n<=4,sr<=40%,kvB<=1k,kp=0,0.9208,2
32,n<=4,sr<=40%,kvB<=4k,kp<=1k,0.9428,2
32,n<=4,sr<=40%,kvB<=4k,kp<=2k,0.9416,2
32,n<=4,sr<=40%,kvB<=4k,kp<=4k,-0.0809,2
32,n<=4,sr<=40%,kvB<=4k,kp<=512,0.9457,2
32,n<=4,sr<=40%,kvB<=4k,kp<=8k,-0.4684,2
32,n<=4,sr<=40%,kvB<=4k,kp=0,0.9448,2
32,n<=4,sr<=70%,kvB<=16k,kp<=1k,0.9862,2
32,n<=4,sr<=70%,kvB<=16k,kp<=2k,0.9869,2
32,n<=4,sr<=70%,kvB<=16k,kp<=4k,0.9857,2
32,n<=4,sr<=70%,kvB<=16k,kp<=512,0.9879,2
32,n<=4,sr<=70%,kvB<=16k,kp<=8k,0.9913,2
32,n<=4,sr<=70%,kvB<=16k,kp=0,0.9874,2
32,n<=4,sr<=70%,kvB<=1k,kp<=1k,0.1872,2
32,n<=4,sr<=70%,kvB<=1k,kp<=2k,0.1427,2
32,n<=4,sr<=70%,kvB<=1k,kp<=4k,0.2626,2
32,n<=4,sr<=70%,kvB<=1k,kp<=512,0.8878,2
32,n<=4,sr<=70%,kvB<=1k,kp<=8k,0.3257,1
32,n<=4,sr<=70%,kvB<=1k,kp=0,0.901,2
32,n<=4,sr<=70%,kvB<=4k,kp<=1k,0.94,2
32,n<=4,sr<=70%,kvB<=4k,kp<=2k,0.9488,2
32,n<=4,sr<=70%,kvB<=4k,kp<=4k,-0.3423,2
32,n<=4,sr<=70%,kvB<=4k,kp<=512,0.9407,2
32,n<=4,sr<=70%,kvB<=4k,kp<=8k,-3.941,2
32,n<=4,sr<=70%,kvB<=4k,kp=0,0.9406,2
32,n<=4,sr>70%,kvB<=16k,kp<=1k,0.9998,2
32,n<=4,sr>70%,kvB<=16k,kp<=2k,0.9913,2
32,n<=4,sr>70%,kvB<=16k,kp<=4k,0.9971,2
32,n<=4,sr>70%,kvB<=16k,kp<=512,0.9997,2
32,n<=4,sr>70%,kvB<=16k,kp<=8k,0.9972,2
32,n<=4,sr>70%,kvB<=16k,kp=0,0.9995,2
32,n<=4,sr>70%,kvB<=1k,kp<=1k,0.7234,2
32,n<=4,sr>70%,kvB<=1k,kp<=2k,0.6533,2
32,n<=4,sr>70%,kvB<=1k,kp<=4k,0.5925,2
32,n<=4,sr>70%,kvB<=1k,kp<=512,0.9469,2
32,n<=4,sr>70%,kvB<=1k,kp<=8k,0.4125,2
32,n<=4,sr>70%,kvB<=1k,kp=0,0.9375,2
32,n<=4,sr>70%,kvB<=4k,kp<=1k,0.9789,2
32,n<=4,sr>70%,kvB<=4k,kp<=2k,0.9837,2
32,n<=4,sr>70%,kvB<=4k,kp<=4k,0.505,1
32,n<=4,sr>70%,kvB<=4k,kp<=512,0.9834,2
32,n<=4,sr>70%,kvB<=4k,kp<=8k,-0.2878,2
32,n<=4,sr>70%,kvB<=4k,kp=0,0.9776,2
32,n<=64,sr<=15%,kvB<=16k,kp<=1k,0.0474,4
32,n<=64,sr<=15%,kvB<=16k,kp<=2k,0.0423,4
32,n<=64,sr<=15%,kvB<=16k,kp<=4k,0.0327,4
32,n<=64,sr<=15%,kvB<=16k,kp<=512,0.0474,4
32,n<=64,sr<=15%,kvB<=16k,kp<=8k,0.0219,4
32,n<=64,sr<=15%,kvB<=16k,kp=0,0.0483,4
32,n<=64,sr<=15%,kvB<=1k,kp<=1k,0.0345,4
32,n<=64,sr<=15%,kvB<=1k,kp<=2k,0.0314,4
32,n<=64,sr<=15%,kvB<=1k,kp<=4k,0.0342,4
32,n<=64,sr<=15%,kvB<=1k,kp<=512,0.0484,4
32,n<=64,sr<=15%,kvB<=1k,kp<=8k,0.0347,4
32,n<=64,sr<=15%,kvB<=1k,kp=0,0.0375,4
32,n<=64,sr<=15%,kvB<=4k,kp<=1k,0.0303,4
32,n<=64,sr<=15%,kvB<=4k,kp<=2k,0.0248,4
32,n<=64,sr<=15%,kvB<=4k,kp<=4k,-0.0029,4
32,n<=64,sr<=15%,kvB<=4k,kp<=512,0.0384,4
32,n<=64,sr<=15%,kvB<=4k,kp<=8k,0.0017,4
32,n<=64,sr<=15%,kvB<=4k,kp=0,0.0423,4
32,n<=64,sr<=40%,kvB<=16k,kp<=1k,0.0268,2
32,n<=64,sr<=40%,kvB<=16k,kp<=2k,0.0312,2
32,n<=64,sr<=40%,kvB<=16k,kp<=4k,0.0306,2
32,n<=64,sr<=40%,kvB<=16k,kp<=512,0.0305,2
32,n<=64,sr<=40%,kvB<=16k,kp<=8k,0.0052,2
32,n<=64,sr<=40%,kvB<=16k,kp=0,0.0287,2
32,n<=64,sr<=40%,kvB<=1k,kp<=1k,0.0207,2
32,n<=64,sr<=40%,kvB<=1k,kp<=2k,0.0096,2
32,n<=64,sr<=40%,kvB<=1k,kp<=4k,0.0386,2
32,n<=64,sr<=40%,kvB<=1k,kp<=512,0.0226,2
32,n<=64,sr<=40%,kvB<=1k,kp<=8k,0.0286,2
32,n<=64,sr<=40%,kvB<=1k,kp=0,0.0314,2
32,n<=64,sr<=40%,kvB<=4k,kp<=1k,0.0026,2
32,n<=64,sr<=40%,kvB<=4k,kp<=2k,-0.0152,2
32,n<=64,sr<=40%,kvB<=4k,kp<=4k,-0.0175,2
32,n<=64,sr<=40%,kvB<=4k,kp<=512,0.0152,2
32,n<=64,sr<=40%,kvB<=4k,kp<=8k,-0.0326,2
32,n<=64,sr<=40%,kvB<=4k,kp=0,0.0172,2
32,n<=64,sr<=5%,kvB<=16k,kp<=1k,0.0516,6
32,n<=64,sr<=5%,kvB<=16k,kp<=2k,0.0503,6
32,n<=64,sr<=5%,kvB<=16k,kp<=4k,0.0418,6
32,n<=64,sr<=5%,kvB<=16k,kp<=512,0.0511,6
32,n<=64,sr<=5%,kvB<=16k,kp<=8k,0.0314,6
32,n<=64,sr<=5%,kvB<=16k,kp=0,0.0523,6
32,n<=64,sr<=5%,kvB<=1k,kp<=1k,-0.0021,6
32,n<=64,sr<=5%,kvB<=1k,kp<=2k,0.0032,6
32,n<=64,sr<=5%,kvB<=1k,kp<=4k,0.003,6
32,n<=64,sr<=5%,kvB<=1k,kp<=512,0.0155,6
32,n<=64,sr<=5%,kvB<=1k,kp<=8k,0.0118,6
32,n<=64,sr<=5%,kvB<=1k,kp=0,0.0183,6
32,n<=64,sr<=5%,kvB<=4k,kp<=1k,0.0364,6
32,n<=64,sr<=5%,kvB<=4k,kp<=2k,0.03,6
32,n<=64,sr<=5%,kvB<=4k,kp<=4k,-0.0004,6
32,n<=64,sr<=5%,kvB<=4k,kp<=512,0.0465,6
32,n<=64,sr<=5%,kvB<=4k,kp<=8k,0.0054,6
32,n<=64,sr<=5%,kvB<=4k,kp=0,0.0512,6
32,n<=64,sr<=70%,kvB<=16k,kp<=1k,-0.0054,2
32,n<=64,sr<=70%,kvB<=16k,kp<=2k,0.0104,2
32,n<=64,sr<=70%,kvB<=16k,kp<=4k,0.0244,2
32,n<=64,sr<=70%,kvB<=16k,kp<=512,-0.0051,2
32,n<=64,sr<=70%,kvB<=16k,kp<=8k,0.0058,2
32,n<=64,sr<=70%,kvB<=16k,kp=0,-0.0012,2
32,n<=64,sr<=70%,kvB<=1k,kp<=1k,-0.0816,2
32,n<=64,sr<=70%,kvB<=1k,kp<=2k,-0.076,2
32,n<=64,sr<=70%,kvB<=1k,kp<=4k,-0.0666,2
32,n<=64,sr<=70%,kvB<=1k,kp<=512,-0.0845,2
32,n<=64,sr<=70%,kvB<=1k,kp<=8k,-0.0404,2
32,n<=64,sr<=70%,kvB<=1k,kp=0,-0.019,2
32,n<=64,sr<=70%,kvB<=4k,kp<=1k,0.0152,2
32,n<=64,sr<=70%,kvB<=4k,kp<=2k,-0.0244,2
32,n<=64,sr<=70%,kvB<=4k,kp<=4k,-0.0235,2
32,n<=64,sr<=70%,kvB<=4k,kp<=512,0.0008,2
32,n<=64,sr<=70%,kvB<=4k,kp<=8k,-0.0408,2
32,n<=64,sr<=70%,kvB<=4k,kp=0,-0.0089,2
32,n<=64,sr>70%,kvB<=16k,kp<=1k,0.0489,4
32,n<=64,sr>70%,kvB<=16k,kp<=2k,0.0633,4
32,n<=64,sr>70%,kvB<=16k,kp<=4k,0.0774,4
32,n<=64,sr>70%,kvB<=16k,kp<=512,0.0453,4
32,n<=64,sr>70%,kvB<=16k,kp<=8k,0.0622,4
32,n<=64,sr>70%,kvB<=16k,kp=0,0.0333,4
32,n<=64,sr>70%,kvB<=1k,kp<=1k,-0.015,4
32,n<=64,sr>70%,kvB<=1k,kp<=2k,0.0425,4
32,n<=64,sr>70%,kvB<=1k,kp<=4k,0.0829,4
32,n<=64,sr>70%,kvB<=1k,kp<=512,0.003,4
32,n<=64,sr>70%,kvB<=1k,kp<=8k,0.1839,4
32,n<=64,sr>70%,kvB<=1k,kp=0,0.0847,4
32,n<=64,sr>70%,kvB<=4k,kp<=1k,0.0433,4
32,n<=64,sr>70%,kvB<=4k,kp<=2k,0.0016,4
32,n<=64,sr>70%,kvB<=4k,kp<=4k,-0.0785,4
32,n<=64,sr>70%,kvB<=4k,kp<=512,0.0566,4
32,n<=64,sr>70%,kvB<=4k,kp<=8k,-0.0582,4
32,n<=64,sr>70%,kvB<=4k,kp=0,0.025,4
32,n<=8,sr<=15%,kvB<=16k,kp<=1k,0.9158,2
32,n<=8,sr<=15%,kvB<=16k,kp<=2k,0.9111,2
32,n<=8,sr<=15%,kvB<=16k,kp<=4k,0.8437,2
32,n<=8,sr<=15%,kvB<=16k,kp<=512,0.9529,2
32,n<=8,sr<=15%,kvB<=16k,kp<=8k,0.5323,2
32,n<=8,sr<=15%,kvB<=16k,kp=0,0.969,2
32,n<=8,sr<=15%,kvB<=1k,kp<=1k,0.331,2
32,n<=8,sr<=15%,kvB<=1k,kp<=2k,0.0936,2
32,n<=8,sr<=15%,kvB<=1k,kp<=4k,0.1894,2
32,n<=8,sr<=15%,kvB<=1k,kp<=512,0.5611,2
32,n<=8,sr<=15%,kvB<=1k,kp<=8k,0.2965,2
32,n<=8,sr<=15%,kvB<=1k,kp=0,0.8932,2
32,n<=8,sr<=15%,kvB<=4k,kp<=1k,0.7663,2
32,n<=8,sr<=15%,kvB<=4k,kp<=2k,0.4989,2
32,n<=8,sr<=15%,kvB<=4k,kp<=4k,0.2383,2
32,n<=8,sr<=15%,kvB<=4k,kp<=512,0.8722,2
32,n<=8,sr<=15%,kvB<=4k,kp<=8k,-0.0411,2
32,n<=8,sr<=15%,kvB<=4k,kp=0,0.9247,2
32,n<=8,sr<=40%,kvB<=16k,kp<=1k,0.8997,4
32,n<=8,sr<=40%,kvB<=16k,kp<=2k,0.9316,4
32,n<=8,sr<=40%,kvB<=16k,kp<=4k,0.8477,4
32,n<=8,sr<=40%,kvB<=16k,kp<=512,0.9452,4
32,n<=8,sr<=40%,kvB<=16k,kp<=8k,0.3942,4
32,n<=8,sr<=40%,kvB<=16k,kp=0,0.9708,4
32,n<=8,sr<=40%,kvB<=1k,kp<=1k,0.2837,4
32,n<=8,sr<=40%,kvB<=1k,kp<=2k,0.1021,4
32,n<=8,sr<=40%,kvB<=1k,kp<=4k,0.3506,4
32,n<=8,sr<=40%,kvB<=1k,kp<=512,0.4273,4
32,n<=8,sr<=40%,kvB<=1k,kp<=8k,0.3772,4
32,n<=8,sr<=40%,kvB<=1k,kp=0,0.8764,4
32,n<=8,sr<=40%,kvB<=4k,kp<=1k,0.7203,4
32,n<=8,sr<=40%,kvB<=4k,kp<=2k,0.3462,4
32,n<=8,sr<=40%,kvB<=4k,kp<=4k,0.2139,4
32,n<=8,sr<=40%,kvB<=4k,kp<=512,0.8735,4
32,n<=8,sr<=40%,kvB<=4k,kp<=8k,-0.0803,4
32,n<=8,sr<=40%,kvB<=4k,kp=0,0.9141,4
32,n<=8,sr<=70%,kvB<=16k,kp<=1k,0.9129,2
32,n<=8,sr<=70%,kvB<=16k,kp<=2k,0.9485,2
32,n<=8,sr<=70%,kvB<=16k,kp<=4k,0.8158,2
32,n<=8,sr<=70%,kvB<=16k,kp<=512,0.9525,2
32,n<=8,sr<=70%,kvB<=16k,kp<=8k,0.1583,2
32,n<=8,sr<=70%,kvB<=16k,kp=0,0.9669,2
32,n<=8,sr<=70%,kvB<=1k,kp<=1k,0.0025,2
32,n<=8,sr<=70%,kvB<=1k,kp<=2k,-0.0359,2
32,n<=8,sr<=70%,kvB<=1k,kp<=4k,0.4651,2
32,n<=8,sr<=70%,kvB<=1k,kp<=512,0.1537,2
32,n<=8,sr<=70%,kvB<=1k,kp<=8k,0.6081,2
32,n<=8,sr<=70%,kvB<=1k,kp=0,0.8609,2
32,n<=8,sr<=70%,kvB<=4k,kp<=1k,0.7024,2
32,n<=8,sr<=70%,kvB<=4k,kp<=2k,0.0934,2
32,n<=8,sr<=70%,kvB<=4k,kp<=4k,-0.0094,2
32,n<=8,sr<=70%,kvB<=4k,kp<=512,0.8568,2
32,n<=8,sr<=70%,kvB<=4k,kp<=8k,-0.0661,2
32,n<=8,sr<=70%,kvB<=4k,kp=0,0.9201,2
32,n<=8,sr>70%,kvB<=16k,kp<=1k,0.9543,4
32,n<=8,sr>70%,kvB<=16k,kp<=2k,0.9612,4
32,n<=8,sr>70%,kvB<=16k,kp<=4k,0.6147,4
32,n<=8,sr>70%,kvB<=16k,kp<=512,0.9499,4
32,n<=8,sr>70%,kvB<=16k,kp<=8k,-0.9468,4
32,n<=8,sr>70%,kvB<=16k,kp=0,0.9665,4
32,n<=8,sr>70%,kvB<=1k,kp<=1k,-0.6313,4
32,n<=8,sr>70%,kvB<=1k,kp<=2k,0.1644,4
32,n<=8,sr>70%,kvB<=1k,kp<=4k,0.9188,4
32,n<=8,sr>70%,kvB<=1k,kp<=512,-0.4756,4
32,n<=8,sr>70%,kvB<=1k,kp<=8k,0.7596,4
32,n<=8,sr>70%,kvB<=1k,kp=0,0.851,4
32,n<=8,sr>70%,kvB<=4k,kp<=1k,0.472,4
32,n<=8,sr>70%,kvB<=4k,kp<=2k,-1.0304,4
32,n<=8,sr>70%,kvB<=4k,kp<=4k,-1.2803,4
32,n<=8,sr>70%,kvB<=4k,kp<=512,0.7986,4
32,n<=8,sr>70%,kvB<=4k,kp<=8k,-0.0501,4
32,n<=8,sr>70%,kvB<=4k,kp=0,0.9022,4
64,n<=128,sr<=15%,kvB<=16k,kp<=1k,0.0064,4
64,n<=128,sr<=15%,kvB<=16k,kp<=2k,0.0059,4
64,n<=128,sr<=15%,kvB<=16k,kp<=4k,0.0056,4
64,n<=128,sr<=15%,kvB<=16k,kp<=512,0.0061,4
64,n<=128,sr<=15%,kvB<=16k,kp<=8k,0.0018,4
64,n<=128,sr<=15%,kvB<=16k,kp=0,0.0069,4
64,n<=128,sr<=15%,kvB<=1k,kp<=1k,0.0376,4
64,n<=128,sr<=15%,kvB<=1k,kp<=2k,0.0231,4
64,n<=128,sr<=15%,kvB<=1k,kp<=4k,0.0288,4
64,n<=128,sr<=15%,kvB<=1k,kp<=512,0.0363,4
64,n<=128,sr<=15%,kvB<=1k,kp<=8k,0.0268,4
64,n<=128,sr<=15%,kvB<=1k,kp=0,0.0383,4
64,n<=128,sr<=15%,kvB<=4k,kp<=1k,0.0063,4
64,n<=128,sr<=15%,kvB<=4k,kp<=2k,0.0019,4
64,n<=128,sr<=15%,kvB<=4k,kp<=4k,0.0005,4
64,n<=128,sr<=15%,kvB<=4k,kp<=512,0.0073,4
64,n<=128,sr<=15%,kvB<=4k,kp<=8k,-0.0002,4
64,n<=128,sr<=15%,kvB<=4k,kp=0,0.0059,4
64,n<=128,sr<=40%,kvB<=16k,kp<=1k,-0.0065,2
64,n<=128,sr<=40%,kvB<=16k,kp<=2k,-0.001,2
64,n<=128,sr<=40%,kvB<=16k,kp<=4k,-0.0036,2
64,n<=128,sr<=40%,kvB<=16k,kp<=512,-0.0019,2
64,n<=128,sr<=40%,kvB<=16k,kp<=8k,-0.0053,2
64,n<=128,sr<=40%,kvB<=16k,kp=0,-0.0019,2
64,n<=128,sr<=40%,kvB<=1k,kp<=1k,0.0492,2
64,n<=128,sr<=40%,kvB<=1k,kp<=2k,0.0522,2
64,n<=128,sr<=40%,kvB<=1k,kp<=4k,0.0602,2
64,n<=128,sr<=40%,kvB<=1k,kp<=512,0.0552,2
64,n<=128,sr<=40%,kvB<=1k,kp<=8k,0.0616,2
64,n<=128,sr<=40%,kvB<=1k,kp=0,0.0556,2
64,n<=128,sr<=40%,kvB<=4k,kp<=1k,-0.0071,2
64,n<=128,sr<=40%,kvB<=4k,kp<=2k,-0.0151,2
64,n<=128,sr<=40%,kvB<=4k,kp<=4k,-0.0114,2
64,n<=128,sr<=40%,kvB<=4k,kp<=512,-0.0071,2
64,n<=128,sr<=40%,kvB<=4k,kp<=8k,0.002,2
64,n<=128,sr<=40%,kvB<=4k,kp=0,-0.0059,2
64,n<=128,sr<=5%,kvB<=16k,kp<=1k,0.0125,8
64,n<=128,sr<=5%,kvB<=16k,kp<=2k,0.0122,8
64,n<=128,sr<=5%,kvB<=16k,kp<=4k,0.0105,8
64,n<=128,sr<=5%,kvB<=16k,kp<=512,0.012,8
64,n<=128,sr<=5%,kvB<=16k,kp<=8k,0.0078,8
64,n<=128,sr<=5%,kvB<=16k,kp=0,0.0121,8
64,n<=128,sr<=5%,kvB<=1k,kp<=1k,0.0077,8
64,n<=128,sr<=5%,kvB<=1k,kp<=2k,0.0049,8
64,n<=128,sr<=5%,kvB<=1k,kp<=4k,0.0008,8
64,n<=128,sr<=5%,kvB<=1k,kp<=512,0.0073,8
64,n<=128,sr<=5%,kvB<=1k,kp<=8k,-0.0013,8
64,n<=128,sr<=5%,kvB<=1k,kp=0,0.0044,8
64,n<=128,sr<=5%,kvB<=4k,kp<=1k,0.0076,8
64,n<=128,sr<=5%,kvB<=4k,kp<=2k,0.0074,8
64,n<=128,sr<=5%,kvB<=4k,kp<=4k,0.0035,8
64,n<=128,sr<=5%,kvB<=4k,kp<=512,0.0109,8
64,n<=128,sr<=5%,kvB<=4k,kp<=8k,0.0031,8
64,n<=128,sr<=5%,kvB<=4k,kp=0,0.011,8
64,n<=128,sr<=70%,kvB<=16k,kp<=1k,-0.0067,2
64,n<=128,sr<=70%,kvB<=16k,kp<=2k,-0.0105,2
64,n<=128,sr<=70%,kvB<=16k,kp<=4k,-0.0066,2
64,n<=128,sr<=70%,kvB<=16k,kp<=512,-0.0103,2
64,n<=128,sr<=70%,kvB<=16k,kp<=8k,-0.0041,2
64,n<=128,sr<=70%,kvB<=16k,kp=0,-0.0032,2
64,n<=128,sr<=70%,kvB<=1k,kp<=1k,0.0374,2
64,n<=128,sr<=70%,kvB<=1k,kp<=2k,0.0437,2
64,n<=128,sr<=70%,kvB<=1k,kp<=4k,0.0777,2
64,n<=128,sr<=70%,kvB<=1k,kp<=512,0.0349,2
64,n<=128,sr<=70%,kvB<=1k,kp<=8k,0.0597,2
64,n<=128,sr<=70%,kvB<=1k,kp=0,0.063,2
64,n<=128,sr<=70%,kvB<=4k,kp<=1k,-0.0098,2
64,n<=128,sr<=70%,kvB<=4k,kp<=2k,-0.0157,2
64,n<=128,sr<=70%,kvB<=4k,kp<=4k,0.0065,2
64,n<=128,sr<=70%,kvB<=4k,kp<=512,-0.008,2
64,n<=128,sr<=70%,kvB<=4k,kp<=8k,0.0184,2
64,n<=128,sr<=70%,kvB<=4k,kp=0,-0.0079,2
64,n<=128,sr>70%,kvB<=16k,kp<=1k,0.0188,4
64,n<=128,sr>70%,kvB<=16k,kp<=2k,0.0155,4
64,n<=128,sr>70%,kvB<=16k,kp<=4k,0.0222,4
64,n<=128,sr>70%,kvB<=16k,kp<=512,0.0144,4
64,n<=128,sr>70%,kvB<=16k,kp<=8k,0.0343,4
64,n<=128,sr>70%,kvB<=16k,kp=0,0.017,4
64,n<=128,sr>70%,kvB<=1k,kp<=1k,0.0201,4
64,n<=128,sr>70%,kvB<=1k,kp<=2k,0.0528,4
64,n<=128,sr>70%,kvB<=1k,kp<=4k,0.1211,4
64,n<=128,sr>70%,kvB<=1k,kp<=512,0.07,4
64,n<=128,sr>70%,kvB<=1k,kp<=8k,0.1429,4
64,n<=128,sr>70%,kvB<=1k,kp=0,0.0719,4
64,n<=128,sr>70%,kvB<=4k,kp<=1k,0.0145,4
64,n<=128,sr>70%,kvB<=4k,kp<=2k,0.0007,4
64,n<=128,sr>70%,kvB<=4k,kp<=4k,-0.0275,4
64,n<=128,sr>70%,kvB<=4k,kp<=512,0.0127,4
64,n<=128,sr>70%,kvB<=4k,kp<=8k,-0.0322,4
64,n<=128,sr>70%,kvB<=4k,kp=0,0.0102,4
64,n<=16,sr<=15%,kvB<=16k,kp<=1k,0.3787,4
64,n<=16,sr<=15%,kvB<=16k,kp<=2k,0.3502,4
64,n<=16,sr<=15%,kvB<=16k,kp<=4k,0.3176,4
64,n<=16,sr<=15%,kvB<=16k,kp<=512,0.4084,4
64,n<=16,sr<=15%,kvB<=16k,kp<=8k,0.2723,4
64,n<=16,sr<=15%,kvB<=16k,kp=0,0.427,4
64,n<=16,sr<=15%,kvB<=1k,kp<=1k,0.2009,4
64,n<=16,sr<=15%,kvB<=1k,kp<=2k,0.2005,4
64,n<=16,sr<=15%,kvB<=1k,kp<=4k,0.2281,4
64,n<=16,sr<=15%,kvB<=1k,kp<=512,0.2881,4
64,n<=16,sr<=15%,kvB<=1k,kp<=8k,0.2219,4
64,n<=16,sr<=15%,kvB<=1k,kp=0,0.3096,4
64,n<=16,sr<=15%,kvB<=4k,kp<=1k,0.2975,4
64,n<=16,sr<=15%,kvB<=4k,kp<=2k,0.2679,4
64,n<=16,sr<=15%,kvB<=4k,kp<=4k,0.1144,4
64,n<=16,sr<=15%,kvB<=4k,kp<=512,0.3285,4
64,n<=16,sr<=15%,kvB<=4k,kp<=8k,0.0876,4
64,n<=16,sr<=15%,kvB<=4k,kp=0,0.4006,4
64,n<=16,sr<=40%,kvB<=16k,kp<=1k,0.4071,4
64,n<=16,sr<=40%,kvB<=16k,kp<=2k,0.3802,4
64,n<=16,sr<=40%,kvB<=16k,kp<=4k,0.3087,4
64,n<=16,sr<=40%,kvB<=16k,kp<=512,0.4413,4
64,n<=16,sr<=40%,kvB<=16k,kp<=8k,0.1651,4
64,n<=16,sr<=40%,kvB<=16k,kp=0,0.4544,4
64,n<=16,sr<=40%,kvB<=1k,kp<=1k,0.1899,4
64,n<=16,sr<=40%,kvB<=1k,kp<=2k,0.3961,4
64,n<=16,sr<=40%,kvB<=1k,kp<=4k,0.4518,4
64,n<=16,sr<=40%,kvB<=1k,kp<=512,0.2312,4
64,n<=16,sr<=40%,kvB<=1k,kp<=8k,0.4483,4
64,n<=16,sr<=40%,kvB<=1k,kp=0,0.4231,4
64,n<=16,sr<=40%,kvB<=4k,kp<=1k,0.2783,4
64,n<=16,sr<=40%,kvB<=4k,kp<=2k,0.1661,4
64,n<=16,sr<=40%,kvB<=4k,kp<=4k,0.0752,4
64,n<=16,sr<=40%,kvB<=4k,kp<=512,0.3625,4
64,n<=16,sr<=40%,kvB<=4k,kp<=8k,0.1699,4
64,n<=16,sr<=40%,kvB<=4k,kp=0,0.4356,4
64,n<=16,sr<=70%,kvB<=16k,kp<=1k,0.6984,2
64,n<=16,sr<=70%,kvB<=16k,kp<=2k,0.6693,2
64,n<=16,sr<=70%,kvB<=16k,kp<=4k,0.5649,2
64,n<=16,sr<=70%,kvB<=16k,kp<=512,0.7553,2
64,n<=16,sr<=70%,kvB<=16k,kp<=8k,0.2591,2
64,n<=16,sr<=70%,kvB<=16k,kp=0,0.7385,2
64,n<=16,sr<=70%,kvB<=1k,kp<=1k,0.0083,2
64,n<=16,sr<=70%,kvB<=1k,kp<=2k,0.5739,2
64,n<=16,sr<=70%,kvB<=1k,kp<=4k,0.7364,2
64,n<=16,sr<=70%,kvB<=1k,kp<=512,-0.0177,2
64,n<=16,sr<=70%,kvB<=1k,kp<=8k,0.6735,2
64,n<=16,sr<=70%,kvB<=1k,kp=0,0.5079,2
64,n<=16,sr<=70%,kvB<=4k,kp<=1k,0.4444,2
64,n<=16,sr<=70%,kvB<=4k,kp<=2k,0.1443,2
64,n<=16,sr<=70%,kvB<=4k,kp<=4k,0.1021,2
64,n<=16,sr<=70%,kvB<=4k,kp<=512,0.6963,2
64,n<=16,sr<=70%,kvB<=4k,kp<=8k,0.7749,2
64,n<=16,sr<=70%,kvB<=4k,kp=0,0.8472,2
64,n<=16,sr>70%,kvB<=16k,kp<=1k,0.7293,4
64,n<=16,sr>70%,kvB<=16k,kp<=2k,0.5801,4
64,n<=16,sr>70%,kvB<=16k,kp<=4k,0.2249,4
64,n<=16,sr>70%,kvB<=16k,kp<=512,0.9507,4
64,n<=16,sr>70%,kvB<=16k,kp<=8k,-0.604,4
64,n<=16,sr>70%,kvB<=16k,kp=0,1.0169,4
64,n<=16,sr>70%,kvB<=1k,kp<=1k,-0.5611,4
64,n<=16,sr>70%,kvB<=1k,kp<=2k,0.3989,4
64,n<=16,sr>70%,kvB<=1k,kp<=4k,0.4914,4
64,n<=16,sr>70%,kvB<=1k,kp<=512,-0.6844,4
64,n<=16,sr>70%,kvB<=1k,kp<=8k,0.4457,4
64,n<=16,sr>70%,kvB<=1k,kp=0,0.4003,4
64,n<=16,sr>70%,kvB<=4k,kp<=1k,0.0283,4
64,n<=16,sr>70%,kvB<=4k,kp<=2k,-0.7586,4
64,n<=16,sr>70%,kvB<=4k,kp<=4k,-0.8939,4
64,n<=16,sr>70%,kvB<=4k,kp<=512,0.484,4
64,n<=16,sr>70%,kvB<=4k,kp<=8k,0.662,4
64,n<=16,sr>70%,kvB<=4k,kp=0,0.9019,4
64,n<=2,sr<=70%,kvB<=16k,kp<=1k,0.9907,2
64,n<=2,sr<=70%,kvB<=16k,kp<=2k,0.9913,2
64,n<=2,sr<=70%,kvB<=16k,kp<=4k,0.9882,2
64,n<=2,sr<=70%,kvB<=16k,kp<=512,0.9882,2
64,n<=2,sr<=70%,kvB<=16k,kp<=8k,0.9914,2
64,n<=2,sr<=70%,kvB<=16k,kp=0,0.9928,2
64,n<=2,sr<=70%,kvB<=1k,kp<=1k,-0.1446,2
64,n<=2,sr<=70%,kvB<=1k,kp<=2k,-0.2946,2
64,n<=2,sr<=70%,kvB<=1k,kp<=4k,1.2832,1
64,n<=2,sr<=70%,kvB<=1k,kp<=512,0.9672,2
64,n<=2,sr<=70%,kvB<=1k,kp<=8k,0.3118,1
64,n<=2,sr<=70%,kvB<=1k,kp=0,0.9669,2
64,n<=2,sr<=70%,kvB<=4k,kp<=1k,0.9772,2
64,n<=2,sr<=70%,kvB<=4k,kp<=2k,0.9821,2
64,n<=2,sr<=70%,kvB<=4k,kp<=4k,-0.4847,2
64,n<=2,sr<=70%,kvB<=4k,kp<=512,0.9725,2
64,n<=2,sr<=70%,kvB<=4k,kp<=8k,-16.9697,1
64,n<=2,sr<=70%,kvB<=4k,kp=0,0.9744,2
64,n<=32,sr<=15%,kvB<=16k,kp<=1k,0.2236,6
64,n<=32,sr<=15%,kvB<=16k,kp<=2k,0.205,6
64,n<=32,sr<=15%,kvB<=16k,kp<=4k,0.1676,6
64,n<=32,sr<=15%,kvB<=16k,kp<=512,0.2344,6
64,n<=32,sr<=15%,kvB<=16k,kp<=8k,0.1444,6
64,n<=32,sr<=15%,kvB<=16k,kp=0,0.2345,6
64,n<=32,sr<=15%,kvB<=1k,kp<=1k,0.0912,6
64,n<=32,sr<=15%,kvB<=1k,kp<=2k,0.1342,6
64,n<=32,sr<=15%,kvB<=1k,kp<=4k,0.1361,6
64,n<=32,sr<=15%,kvB<=1k,kp<=512,0.15,6
64,n<=32,sr<=15%,kvB<=1k,kp<=8k,0.1362,6
64,n<=32,sr<=15%,kvB<=1k,kp=0,0.1667,6
64,n<=32,sr<=15%,kvB<=4k,kp<=1k,0.1576,6
64,n<=32,sr<=15%,kvB<=4k,kp<=2k,0.1418,6
64,n<=32,sr<=15%,kvB<=4k,kp<=4k,0.0713,6
64,n<=32,sr<=15%,kvB<=4k,kp<=512,0.1961,6
64,n<=32,sr<=15%,kvB<=4k,kp<=8k,0.0894,6
64,n<=32,sr<=15%,kvB<=4k,kp=0,0.2301,6
64,n<=32,sr<=40%,kvB<=16k,kp<=1k,0.2647,2
64,n<=32,sr<=40%,kvB<=16k,kp<=2k,0.2303,2
64,n<=32,sr<=40%,kvB<=16k,kp<=4k,0.1748,2
64,n<=32,sr<=40%,kvB<=16k,kp<=512,0.3093,2
64,n<=32,sr<=40%,kvB<=16k,kp<=8k,0.1224,2
64,n<=32,sr<=40%,kvB<=16k,kp=0,0.3132,2
64,n<=32,sr<=40%,kvB<=1k,kp<=1k,0.1142,2
64,n<=32,sr<=40%,kvB<=1k,kp<=2k,0.1577,2
64,n<=32,sr<=40%,kvB<=1k,kp<=4k,0.1591,2
64,n<=32,sr<=40%,kvB<=1k,kp<=512,0.1345,2
64,n<=32,sr<=40%,kvB<=1k,kp<=8k,0.1597,2
64,n<=32,sr<=40%,kvB<=1k,kp=0,0.2326,2
64,n<=32,sr<=40%,kvB<=4k,kp<=1k,0.1853,2
64,n<=32,sr<=40%,kvB<=4k,kp<=2k,0.1438,2
64,n<=32,sr<=40%,kvB<=4k,kp<=4k,0.1179,2
64,n<=32,sr<=40%,kvB<=4k,kp<=512,0.23,2
64,n<=32,sr<=40%,kvB<=4k,kp<=8k,0.134,2
64,n<=32,sr<=40%,kvB<=4k,kp=0,0.2705,2
64,n<=32,sr<=5%,kvB<=16k,kp<=1k,0.1764,2
64,n<=32,sr<=5%,kvB<=16k,kp<=2k,0.1589,2
64,n<=32,sr<=5%,kvB<=16k,kp<=4k,0.1184,2
64,n<=32,sr<=5%,kvB<=16k,kp<=512,0.197,2
64,n<=32,sr<=5%,kvB<=16k,kp<=8k,0.0971,2
64,n<=32,sr<=5%,kvB<=16k,kp=0,0.2042,2
64,n<=32,sr<=5%,kvB<=1k,kp<=1k,-0.0089,2
64,n<=32,sr<=5%,kvB<=1k,kp<=2k,-0.0109,2
64,n<=32,sr<=5%,kvB<=1k,kp<=4k,-0.0091,2
64,n<=32,sr<=5%,kvB<=1k,kp<=512,0.0568,2
64,n<=32,sr<=5%,kvB<=1k,kp<=8k,-0.0151,2
64,n<=32,sr<=5%,kvB<=1k,kp=0,0.1019,2
64,n<=32,sr<=5%,kvB<=4k,kp<=1k,0.1262,2
64,n<=32,sr<=5%,kvB<=4k,kp<=2k,0.1002,2
64,n<=32,sr<=5%,kvB<=4k,kp<=4k,0.0189,2
64,n<=32,sr<=5%,kvB<=4k,kp<=512,0.1488,2
64,n<=32,sr<=5%,kvB<=4k,kp<=8k,0.0069,2
64,n<=32,sr<=5%,kvB<=4k,kp=0,0.2076,2
64,n<=32,sr<=70%,kvB<=16k,kp<=1k,0.6605,2
64,n<=32,sr<=70%,kvB<=16k,kp<=2k,0.6089,2
64,n<=32,sr<=70%,kvB<=16k,kp<=4k,0.5214,2
64,n<=32,sr<=70%,kvB<=16k,kp<=512,0.7218,2
64,n<=32,sr<=70%,kvB<=16k,kp<=8k,0.4102,2
64,n<=32,sr<=70%,kvB<=16k,kp=0,0.7426,2
64,n<=32,sr<=70%,kvB<=1k,kp<=1k,0.1464,2
64,n<=32,sr<=70%,kvB<=1k,kp<=2k,0.3338,2
64,n<=32,sr<=70%,kvB<=1k,kp<=4k,0.3952,2
64,n<=32,sr<=70%,kvB<=1k,kp<=512,0.1417,2
64,n<=32,sr<=70%,kvB<=1k,kp<=8k,0.3911,2
64,n<=32,sr<=70%,kvB<=1k,kp=0,0.3536,2
64,n<=32,sr<=70%,kvB<=4k,kp<=1k,0.4951,2
64,n<=32,sr<=70%,kvB<=4k,kp<=2k,0.3781,2
64,n<=32,sr<=70%,kvB<=4k,kp<=4k,0.3744,2
64,n<=32,sr<=70%,kvB<=4k,kp<=512,0.6154,2
64,n<=32,sr<=70%,kvB<=4k,kp<=8k,0.5899,2
64,n<=32,sr<=70%,kvB<=4k,kp=0,0.7463,2
64,n<=32,sr>70%,kvB<=16k,kp<=1k,1.2903,4
64,n<=32,sr>70%,kvB<=16k,kp<=2k,1.3025,4
64,n<=32,sr>70%,kvB<=16k,kp<=4k,1.134,4
64,n<=32,sr>70%,kvB<=16k,kp<=512,1.4169,4
64,n<=32,sr>70%,kvB<=16k,kp<=8k,0.8605,4
64,n<=32,sr>70%,kvB<=16k,kp=0,1.4745,4
64,n<=32,sr>70%,kvB<=1k,kp<=1k,0.1702,4
64,n<=32,sr>70%,kvB<=1k,kp<=2k,0.7816,4
64,n<=32,sr>70%,kvB<=1k,kp<=4k,0.9508,4
64,n<=32,sr>70%,kvB<=1k,kp<=512,0.0864,4
64,n<=32,sr>70%,kvB<=1k,kp<=8k,0.9197,4
64,n<=32,sr>70%,kvB<=1k,kp=0,0.7439,4
64,n<=32,sr>70%,kvB<=4k,kp<=1k,1.0581,4
64,n<=32,sr>70%,kvB<=4k,kp<=2k,0.723,4
64,n<=32,sr>70%,kvB<=4k,kp<=4k,0.5979,4
64,n<=32,sr>70%,kvB<=4k,kp<=512,1.3989,4
64,n<=32,sr>70%,kvB<=4k,kp<=8k,1.3175,4
64,n<=32,sr>70%,kvB<=4k,kp=0,1.5278,4
64,n<=4,sr<=40%,kvB<=16k,kp<=1k,0.9813,2
64,n<=4,sr<=40%,kvB<=16k,kp<=2k,0.9816,2
64,n<=4,sr<=40%,kvB<=16k,kp<=4k,0.981,2
64,n<=4,sr<=40%,kvB<=16k,kp<=512,0.9826,2
64,n<=4,sr<=40%,kvB<=16k,kp<=8k,0.9801,2
64,n<=4,sr<=40%,kvB<=16k,kp=0,0.9807,2
64,n<=4,sr<=40%,kvB<=1k,kp<=1k,0.2865,2
64,n<=4,sr<=40%,kvB<=1k,kp<=2k,0.2401,2
64,n<=4,sr<=40%,kvB<=1k,kp<=4k,0.3753,2
64,n<=4,sr<=40%,kvB<=1k,kp<=512,0.896,2
64,n<=4,sr<=40%,kvB<=1k,kp<=8k,0.3475,2
64,n<=4,sr<=40%,kvB<=1k,kp=0,0.9203,2
64,n<=4,sr<=40%,kvB<=4k,kp<=1k,0.9462,2
64,n<=4,sr<=40%,kvB<=4k,kp<=2k,0.9431,2
64,n<=4,sr<=40%,kvB<=4k,kp<=4k,-0.0721,2
64,n<=4,sr<=40%,kvB<=4k,kp<=512,0.9481,2
64,n<=4,sr<=40%,kvB<=4k,kp<=8k,-1.4855,2
64,n<=4,sr<=40%,kvB<=4k,kp=0,0.9463,2
64,n<=4,sr<=70%,kvB<=16k,kp<=1k,0.985,2
64,n<=4,sr<=70%,kvB<=16k,kp<=2k,0.9867,2
64,n<=4,sr<=70%,kvB<=16k,kp<=4k,0.9884,2
64,n<=4,sr<=70%,kvB<=16k,kp<=512,0.9859,2
64,n<=4,sr<=70%,kvB<=16k,kp<=8k,0.9893,2
64,n<=4,sr<=70%,kvB<=16k,kp=0,0.9865,2
64,n<=4,sr<=70%,kvB<=1k,kp<=1k,-0.0041,2
64,n<=4,sr<=70%,kvB<=1k,kp<=2k,0.0064,2
64,n<=4,sr<=70%,kvB<=1k,kp<=4k,0.4575,2
64,n<=4,sr<=70%,kvB<=1k,kp<=512,0.8841,2
64,n<=4,sr<=70%,kvB<=1k,kp<=8k,0.4467,2
64,n<=4,sr<=70%,kvB<=1k,kp=0,0.9018,2
64,n<=4,sr<=70%,kvB<=4k,kp<=1k,0.946,2
64,n<=4,sr<=70%,kvB<=4k,kp<=2k,0.9444,2
64,n<=4,sr<=70%,kvB<=4k,kp<=4k,-0.4484,2
64,n<=4,sr<=70%,kvB<=4k,kp<=512,0.9427,2
64,n<=4,sr<=70%,kvB<=4k,kp<=8k,-0.4899,2
64,n<=4,sr<=70%,kvB<=4k,kp=0,0.9435,2
64,n<=4,sr>70%,kvB<=16k,kp<=1k,0.9965,2
64,n<=4,sr>70%,kvB<=16k,kp<=2k,0.9964,2
64,n<=4,sr>70%,kvB<=16k,kp<=4k,0.9975,2
64,n<=4,sr>70%,kvB<=16k,kp<=512,0.9959,2
64,n<=4,sr>70%,kvB<=16k,kp<=8k,0.9974,2
64,n<=4,sr>70%,kvB<=16k,kp=0,0.9923,2
64,n<=4,sr>70%,kvB<=1k,kp<=1k,0.4163,2
64,n<=4,sr>70%,kvB<=1k,kp<=2k,0.6355,2
64,n<=4,sr>70%,kvB<=1k,kp<=4k,0.8539,2
64,n<=4,sr>70%,kvB<=1k,kp<=512,0.9484,2
64,n<=4,sr>70%,kvB<=1k,kp<=8k,0.4627,2
64,n<=4,sr>70%,kvB<=1k,kp=0,0.9573,2
64,n<=4,sr>70%,kvB<=4k,kp<=1k,0.9767,2
64,n<=4,sr>70%,kvB<=4k,kp<=2k,0.9983,2
64,n<=4,sr>70%,kvB<=4k,kp<=4k,0.5614,2
64,n<=4,sr>70%,kvB<=4k,kp<=512,0.9811,2
64,n<=4,sr>70%,kvB<=4k,kp<=8k,-1.7992,2
64,n<=4,sr>70%,kvB<=4k,kp=0,0.9862,2
64,n<=64,sr<=15%,kvB<=16k,kp<=1k,0.0468,4
64,n<=64,sr<=15%,kvB<=16k,kp<=2k,0.0428,4
64,n<=64,sr<=15%,kvB<=16k,kp<=4k,0.0315,4
64,n<=64,sr<=15%,kvB<=16k,kp<=512,0.0471,4
64,n<=64,sr<=15%,kvB<=16k,kp<=8k,0.0232,4
64,n<=64,sr<=15%,kvB<=16k,kp=0,0.047,4
64,n<=64,sr<=15%,kvB<=1k,kp<=1k,0.0326,4
64,n<=64,sr<=15%,kvB<=1k,kp<=2k,0.0331,4
64,n<=64,sr<=15%,kvB<=1k,kp<=4k,0.0339,4
64,n<=64,sr<=15%,kvB<=1k,kp<=512,0.0496,4
64,n<=64,sr<=15%,kvB<=1k,kp<=8k,0.0356,4
64,n<=64,sr<=15%,kvB<=1k,kp=0,0.0359,4
64,n<=64,sr<=15%,kvB<=4k,kp<=1k,0.0294,4
64,n<=64,sr<=15%,kvB<=4k,kp<=2k,0.0237,4
64,n<=64,sr<=15%,kvB<=4k,kp<=4k,-0.0013,4
64,n<=64,sr<=15%,kvB<=4k,kp<=512,0.038,4
64,n<=64,sr<=15%,kvB<=4k,kp<=8k,-0.0037,4
64,n<=64,sr<=15%,kvB<=4k,kp=0,0.0423,4
64,n<=64,sr<=40%,kvB<=16k,kp<=1k,0.0234,2
64,n<=64,sr<=40%,kvB<=16k,kp<=2k,0.0327,2
64,n<=64,sr<=40%,kvB<=16k,kp<=4k,0.0302,2
64,n<=64,sr<=40%,kvB<=16k,kp<=512,0.0261,2
64,n<=64,sr<=40%,kvB<=16k,kp<=8k,0.0047,2
64,n<=64,sr<=40%,kvB<=16k,kp=0,0.0262,2
64,n<=64,sr<=40%,kvB<=1k,kp<=1k,0.02,2
64,n<=64,sr<=40%,kvB<=1k,kp<=2k,0.029,2
64,n<=64,sr<=40%,kvB<=1k,kp<=4k,0.029,2
64,n<=64,sr<=40%,kvB<=1k,kp<=512,0.0221,2
64,n<=64,sr<=40%,kvB<=1k,kp<=8k,0.035,2
64,n<=64,sr<=40%,kvB<=1k,kp=0,0.0371,2
64,n<=64,sr<=40%,kvB<=4k,kp<=1k,0.0052,2
64,n<=64,sr<=40%,kvB<=4k,kp<=2k,-0.0154,2
64,n<=64,sr<=40%,kvB<=4k,kp<=4k,-0.0166,2
64,n<=64,sr<=40%,kvB<=4k,kp<=512,0.0179,2
64,n<=64,sr<=40%,kvB<=4k,kp<=8k,-0.0215,2
64,n<=64,sr<=40%,kvB<=4k,kp=0,0.0192,2
64,n<=64,sr<=5%,kvB<=16k,kp<=1k,0.0506,6
64,n<=64,sr<=5%,kvB<=16k,kp<=2k,0.0483,6
64,n<=64,sr<=5%,kvB<=16k,kp<=4k,0.043,6
64,n<=64,sr<=5%,kvB<=16k,kp<=512,0.0513,6
64,n<=64,sr<=5%,kvB<=16k,kp<=8k,0.0336,6
64,n<=64,sr<=5%,kvB<=16k,kp=0,0.051,6
64,n<=64,sr<=5%,kvB<=1k,kp<=1k,-0.0031,6
64,n<=64,sr<=5%,kvB<=1k,kp<=2k,0.0025,6
64,n<=64,sr<=5%,kvB<=1k,kp<=4k,0.0052,6
64,n<=64,sr<=5%,kvB<=1k,kp<=512,0.0164,6
64,n<=64,sr<=5%,kvB<=1k,kp<=8k,0.0049,6
64,n<=64,sr<=5%,kvB<=1k,kp=0,0.018,6
64,n<=64,sr<=5%,kvB<=4k,kp<=1k,0.0368,6
64,n<=64,sr<=5%,kvB<=4k,kp<=2k,0.0307,6
64,n<=64,sr<=5%,kvB<=4k,kp<=4k,-0.0002,6
64,n<=64,sr<=5%,kvB<=4k,kp<=512,0.0456,6
64,n<=64,sr<=5%,kvB<=4k,kp<=8k,0.0056,6
64,n<=64,sr<=5%,kvB<=4k,kp=0,0.0514,6
64,n<=64,sr<=70%,kvB<=16k,kp<=1k,-0.0025,2
64,n<=64,sr<=70%,kvB<=16k,kp<=2k,0.015,2
64,n<=64,sr<=70%,kvB<=16k,kp<=4k,0.0237,2
64,n<=64,sr<=70%,kvB<=16k,kp<=512,-0.0065,2
64,n<=64,sr<=70%,kvB<=16k,kp<=8k,0.0114,2
64,n<=64,sr<=70%,kvB<=16k,kp=0,0.0012,2
64,n<=64,sr<=70%,kvB<=1k,kp<=1k,-0.0835,2
64,n<=64,sr<=70%,kvB<=1k,kp<=2k,-0.052,2
64,n<=64,sr<=70%,kvB<=1k,kp<=4k,-0.0353,2
64,n<=64,sr<=70%,kvB<=1k,kp<=512,-0.0724,2
64,n<=64,sr<=70%,kvB<=1k,kp<=8k,-0.0461,2
64,n<=64,sr<=70%,kvB<=1k,kp=0,-0.0318,2
64,n<=64,sr<=70%,kvB<=4k,kp<=1k,0.0085,2
64,n<=64,sr<=70%,kvB<=4k,kp<=2k,0.0037,2
64,n<=64,sr<=70%,kvB<=4k,kp<=4k,0.0025,2
64,n<=64,sr<=70%,kvB<=4k,kp<=512,0.005,2
64,n<=64,sr<=70%,kvB<=4k,kp<=8k,-0.0227,2
64,n<=64,sr<=70%,kvB<=4k,kp=0,-0.0104,2
64,n<=64,sr>70%,kvB<=16k,kp<=1k,0.0435,4
64,n<=64,sr>70%,kvB<=16k,kp<=2k,0.0609,4
64,n<=64,sr>70%,kvB<=16k,kp<=4k,0.0852,4
64,n<=64,sr>70%,kvB<=16k,kp<=512,0.0417,4
64,n<=64,sr>70%,kvB<=16k,kp<=8k,0.0583,4
64,n<=64,sr>70%,kvB<=16k,kp=0,0.038,4
64,n<=64,sr>70%,kvB<=1k,kp<=1k,-0.0435,4
64,n<=64,sr>70%,kvB<=1k,kp<=2k,-0.0252,4
64,n<=64,sr>70%,kvB<=1k,kp<=4k,0.0894,4
64,n<=64,sr>70%,kvB<=1k,kp<=512,0.0121,4
64,n<=64,sr>70%,kvB<=1k,kp<=8k,0.172,4
64,n<=64,sr>70%,kvB<=1k,kp=0,0.0962,4
64,n<=64,sr>70%,kvB<=4k,kp<=1k,0.0507,4
64,n<=64,sr>70%,kvB<=4k,kp<=2k,-0.0209,4
64,n<=64,sr>70%,kvB<=4k,kp<=4k,-0.0883,4
64,n<=64,sr>70%,kvB<=4k,kp<=512,0.0563,4
64,n<=64,sr>70%,kvB<=4k,kp<=8k,-0.0697,4
64,n<=64,sr>70%,kvB<=4k,kp=0,0.0192,4
64,n<=8,sr<=15%,kvB<=16k,kp<=1k,0.9142,2
64,n<=8,sr<=15%,kvB<=16k,kp<=2k,0.917,2
64,n<=8,sr<=15%,kvB<=16k,kp<=4k,0.8389,2
64,n<=8,sr<=15%,kvB<=16k,kp<=512,0.9406,2
64,n<=8,sr<=15%,kvB<=16k,kp<=8k,0.5312,2
64,n<=8,sr<=15%,kvB<=16k,kp=0,0.9675,2
64,n<=8,sr<=15%,kvB<=1k,kp<=1k,0.3274,2
64,n<=8,sr<=15%,kvB<=1k,kp<=2k,0.1159,2
64,n<=8,sr<=15%,kvB<=1k,kp<=4k,0.3216,2
64,n<=8,sr<=15%,kvB<=1k,kp<=512,0.5505,2
64,n<=8,sr<=15%,kvB<=1k,kp<=8k,0.4089,2
64,n<=8,sr<=15%,kvB<=1k,kp=0,0.9016,2
64,n<=8,sr<=15%,kvB<=4k,kp<=1k,0.7655,2
64,n<=8,sr<=15%,kvB<=4k,kp<=2k,0.4928,2
64,n<=8,sr<=15%,kvB<=4k,kp<=4k,0.2359,2
64,n<=8,sr<=15%,kvB<=4k,kp<=512,0.8888,2
64,n<=8,sr<=15%,kvB<=4k,kp<=8k,-0.0626,2
64,n<=8,sr<=15%,kvB<=4k,kp=0,0.9321,2
64,n<=8,sr<=40%,kvB<=16k,kp<=1k,0.9004,4
64,n<=8,sr<=40%,kvB<=16k,kp<=2k,0.9401,4
64,n<=8,sr<=40%,kvB<=16k,kp<=4k,0.8407,4
64,n<=8,sr<=40%,kvB<=16k,kp<=512,0.9296,4
64,n<=8,sr<=40%,kvB<=16k,kp<=8k,0.3949,4
64,n<=8,sr<=40%,kvB<=16k,kp=0,0.9717,4
64,n<=8,sr<=40%,kvB<=1k,kp<=1k,0.2825,4
64,n<=8,sr<=40%,kvB<=1k,kp<=2k,0.0823,4
64,n<=8,sr<=40%,kvB<=1k,kp<=4k,0.3998,4
64,n<=8,sr<=40%,kvB<=1k,kp<=512,0.4101,4
64,n<=8,sr<=40%,kvB<=1k,kp<=8k,0.4017,4
64,n<=8,sr<=40%,kvB<=1k,kp=0,0.889,4
64,n<=8,sr<=40%,kvB<=4k,kp<=1k,0.7193,4
64,n<=8,sr<=40%,kvB<=4k,kp<=2k,0.3409,4
64,n<=8,sr<=40%,kvB<=4k,kp<=4k,0.2091,4
64,n<=8,sr<=40%,kvB<=4k,kp<=512,0.8606,4
64,n<=8,sr<=40%,kvB<=4k,kp<=8k,-0.0907,4
64,n<=8,sr<=40%,kvB<=4k,kp=0,0.908,4
64,n<=8,sr<=70%,kvB<=16k,kp<=1k,0.9081,2
64,n<=8,sr<=70%,kvB<=16k,kp<=2k,0.9592,2
64,n<=8,sr<=70%,kvB<=16k,kp<=4k,0.8146,2
64,n<=8,sr<=70%,kvB<=16k,kp<=512,0.9404,2
64,n<=8,sr<=70%,kvB<=16k,kp<=8k,0.1607,2
64,n<=8,sr<=70%,kvB<=16k,kp=0,0.9677,2
64,n<=8,sr<=70%,kvB<=1k,kp<=1k,-0.0288,2
64,n<=8,sr<=70%,kvB<=1k,kp<=2k,-0.016,2
64,n<=8,sr<=70%,kvB<=1k,kp<=4k,0.2542,2
64,n<=8,sr<=70%,kvB<=1k,kp<=512,0.1195,2
64,n<=8,sr<=70%,kvB<=1k,kp<=8k,0.25,2
64,n<=8,sr<=70%,kvB<=1k,kp=0,0.8909,2
64,n<=8,sr<=70%,kvB<=4k,kp<=1k,0.6955,2
64,n<=8,sr<=70%,kvB<=4k,kp<=2k,0.0842,2
64,n<=8,sr<=70%,kvB<=4k,kp<=4k,-0.0111,2
64,n<=8,sr<=70%,kvB<=4k,kp<=512,0.8858,2
64,n<=8,sr<=70%,kvB<=4k,kp<=8k,-0.0771,2
64,n<=8,sr<=70%,kvB<=4k,kp=0,0.9194,2
64,n<=8,sr>70%,kvB<=16k,kp<=1k,0.9404,4
64,n<=8,sr>70%,kvB<=16k,kp<=2k,0.9449,4
64,n<=8,sr>70%,kvB<=16k,kp<=4k,0.598,4
64,n<=8,sr>70%,kvB<=16k,kp<=512,0.8937,4
64,n<=8,sr>70%,kvB<=16k,kp<=8k,-0.9877,4
64,n<=8,sr>70%,kvB<=16k,kp=0,0.962,4
64,n<=8,sr>70%,kvB<=1k,kp<=1k,-0.6942,4
64,n<=8,sr>70%,kvB<=1k,kp<=2k,0.111,4
64,n<=8,sr>70%,kvB<=1k,kp<=4k,0.7291,4
64,n<=8,sr>70%,kvB<=1k,kp<=512,-0.6687,4
64,n<=8,sr>70%,kvB<=1k,kp<=8k,0.6824,4
64,n<=8,sr>70%,kvB<=1k,kp=0,0.8858,4
64,n<=8,sr>70%,kvB<=4k,kp<=1k,0.4434,4
64,n<=8,sr>70%,kvB<=4k,kp<=2k,-1.0367,4
64,n<=8,sr>70%,kvB<=4k,kp<=4k,-1.2843,4
64,n<=8,sr>70%,kvB<=4k,kp<=512,0.7986,4
64,n<=8,sr>70%,kvB<=4k,kp<=8k,-0.0092,4
64,n<=8,sr>70%,kvB<=4k,kp=0,0.9079,4
128,n<=128,sr<=15%,kvB<=16k,kp<=1k,0.005,4
128,n<=128,sr<=15%,kvB<=16k,kp<=2k,0.0057,4
128,n<=128,sr<=15%,kvB<=16k,kp<=4k,0.0032,4
128,n<=128,sr<=15%,kvB<=16k,kp<=512,0.0057,4
128,n<=128,sr<=15%,kvB<=16k,kp<=8k,0.0044,4
128,n<=128,sr<=15%,kvB<=16k,kp=0,0.0063,4
128,n<=128,sr<=15%,kvB<=1k,kp<=1k,0.0341,4
128,n<=128,sr<=15%,kvB<=1k,kp<=2k,0.0326,4
128,n<=128,sr<=15%,kvB<=1k,kp<=4k,0.0376,4
128,n<=128,sr<=15%,kvB<=1k,kp<=512,0.0378,4
128,n<=128,sr<=15%,kvB<=1k,kp<=8k,0.0433,4
128,n<=128,sr<=15%,kvB<=1k,kp=0,0.0392,4
128,n<=128,sr<=15%,kvB<=4k,kp<=1k,0.0033,4
128,n<=128,sr<=15%,kvB<=4k,kp<=2k,0.0043,4
128,n<=128,sr<=15%,kvB<=4k,kp<=4k,0.0017,4
128,n<=128,sr<=15%,kvB<=4k,kp<=512,0.0072,4
128,n<=128,sr<=15%,kvB<=4k,kp<=8k,-0.0033,4
128,n<=128,sr<=15%,kvB<=4k,kp=0,0.0047,4
128,n<=128,sr<=40%,kvB<=16k,kp<=1k,-0.0059,2
128,n<=128,sr<=40%,kvB<=16k,kp<=2k,-0.0045,2
128,n<=128,sr<=40%,kvB<=16k,kp<=4k,-0.0033,2
128,n<=128,sr<=40%,kvB<=16k,kp<=512,-0.0029,2
128,n<=128,sr<=40%,kvB<=16k,kp<=8k,-0.007,2
128,n<=128,sr<=40%,kvB<=16k,kp=0,-0.0033,2
128,n<=128,sr<=40%,kvB<=1k,kp<=1k,0.0611,2
128,n<=128,sr<=40%,kvB<=1k,kp<=2k,0.0669,2
128,n<=128,sr<=40%,kvB<=1k,kp<=4k,0.0783,2
128,n<=128,sr<=40%,kvB<=1k,kp<=512,0.0646,2
128,n<=128,sr<=40%,kvB<=1k,kp<=8k,0.0902,2
128,n<=128,sr<=40%,kvB<=1k,kp=0,0.0661,2
128,n<=128,sr<=40%,kvB<=4k,kp<=1k,-0.0081,2
128,n<=128,sr<=40%,kvB<=4k,kp<=2k,-0.0158,2
128,n<=128,sr<=40%,kvB<=4k,kp<=4k,-0.0038,2
128,n<=128,sr<=40%,kvB<=4k,kp<=512,-0.0048,2
128,n<=128,sr<=40%,kvB<=4k,kp<=8k,0.0091,2
128,n<=128,sr<=40%,kvB<=4k,kp=0,-0.0063,2
128,n<=128,sr<=5%,kvB<=16k,kp<=1k,0.0131,8
128,n<=128,sr<=5%,kvB<=16k,kp<=2k,0.0122,8
128,n<=128,sr<=5%,kvB<=16k,kp<=4k,0.0103,8
128,n<=128,sr<=5%,kvB<=16k,kp<=512,0.0116,8
128,n<=128,sr<=5%,kvB<=16k,kp<=8k,0.0105,8
128,n<=128,sr<=5%,kvB<=16k,kp=0,0.0134,8
128,n<=128,sr<=5%,kvB<=1k,kp<=1k,0.0043,8
128,n<=128,sr<=5%,kvB<=1k,kp<=2k,0.0018,8
128,n<=128,sr<=5%,kvB<=1k,kp<=4k,0.0016,8
128,n<=128,sr<=5%,kvB<=1k,kp<=512,0.007,8
128,n<=128,sr<=5%,kvB<=1k,kp<=8k,0.0031,8
128,n<=128,sr<=5%,kvB<=1k,kp=0,0.0065,8
128,n<=128,sr<=5%,kvB<=4k,kp<=1k,0.0087,8
128,n<=128,sr<=5%,kvB<=4k,kp<=2k,0.0099,8
128,n<=128,sr<=5%,kvB<=4k,kp<=4k,0.0057,8
128,n<=128,sr<=5%,kvB<=4k,kp<=512,0.0104,8
128,n<=128,sr<=5%,kvB<=4k,kp<=8k,0.0027,8
128,n<=128,sr<=5%,kvB<=4k,kp=0,0.011,8
128,n<=128,sr<=70%,kvB<=16k,kp<=1k,-0.0067,2
128,n<=128,sr<=70%,kvB<=16k,kp<=2k,-0.0079,2
128,n<=128,sr<=70%,kvB<=16k,kp<=4k,-0.0087,2
128,n<=128,sr<=70%,kvB<=16k,kp<=512,-0.0114,2
128,n<=128,sr<=70%,kvB<=16k,kp<=8k,-0.0039,2
128,n<=128,sr<=70%,kvB<=16k,kp=0,-0.0033,2
128,n<=128,sr<=70%,kvB<=1k,kp<=1k,0.0718,2
128,n<=128,sr<=70%,kvB<=1k,kp<=2k,0.0777,2
128,n<=128,sr<=70%,kvB<=1k,kp<=4k,0.0635,2
128,n<=128,sr<=70%,kvB<=1k,kp<=512,0.0549,2
128,n<=128,sr<=70%,kvB<=1k,kp<=8k,0.0617,2
128,n<=128,sr<=70%,kvB<=1k,kp=0,0.082,2
128,n<=128,sr<=70%,kvB<=4k,kp<=1k,-0.01,2
128,n<=128,sr<=70%,kvB<=4k,kp<=2k,-0.0096,2
128,n<=128,sr<=70%,kvB<=4k,kp<=4k,0.0235,2
128,n<=128,sr<=70%,kvB<=4k,kp<=512,-0.0054,2
128,n<=128,sr<=70%,kvB<=4k,kp<=8k,0.0176,2
128,n<=128,sr<=70%,kvB<=4k,kp=0,-0.005,2
128,n<=128,sr>70%,kvB<=16k,kp<=1k,0.0116,4
128,n<=128,sr>70%,kvB<=16k,kp<=2k,0.0145,4
128,n<=128,sr>70%,kvB<=16k,kp<=4k,0.0213,4
128,n<=128,sr>70%,kvB<=16k,kp<=512,0.0195,4
128,n<=128,sr>70%,kvB<=16k,kp<=8k,0.0072,4
128,n<=128,sr>70%,kvB<=16k,kp=0,0.0174,4
128,n<=128,sr>70%,kvB<=1k,kp<=1k,0.0568,4
128,n<=128,sr>70%,kvB<=1k,kp<=2k,0.1066,4
128,n<=128,sr>70%,kvB<=1k,kp<=4k,0.1747,4
128,n<=128,sr>70%,kvB<=1k,kp<=512,0.0846,4
128,n<=128,sr>70%,kvB<=1k,kp<=8k,0.2075,4
128,n<=128,sr>70%,kvB<=1k,kp=0,0.0881,4
128,n<=128,sr>70%,kvB<=4k,kp<=1k,-0.002,4
128,n<=128,sr>70%,kvB<=4k,kp<=2k,-0.0112,4
128,n<=128,sr>70%,kvB<=4k,kp<=4k,-0.0235,4
128,n<=128,sr>70%,kvB<=4k,kp<=512,0.0084,4
128,n<=128,sr>70%,kvB<=4k,kp<=8k,0.0079,4
128,n<=128,sr>70%,kvB<=4k,kp=0,0.0044,4
128,n<=16,sr<=15%,kvB<=16k,kp<=1k,0.4009,4
128,n<=16,sr<=15%,kvB<=16k,kp<=2k,0.404,4
128,n<=16,sr<=15%,kvB<=16k,kp<=4k,0.3808,4
128,n<=16,sr<=15%,kvB<=16k,kp<=512,0.4086,4
128,n<=16,sr<=15%,kvB<=16k,kp<=8k,0.2444,4
128,n<=16,sr<=15%,kvB<=16k,kp=0,0.4243,4
128,n<=16,sr<=15%,kvB<=1k,kp<=1k,-0.0164,4
128,n<=16,sr<=15%,kvB<=1k,kp<=2k,-0.0148,4
128,n<=16,sr<=15%,kvB<=1k,kp<=4k,-0.0151,4
128,n<=16,sr<=15%,kvB<=1k,kp<=512,0.2723,4
128,n<=16,sr<=15%,kvB<=1k,kp<=8k,-0.0156,4
128,n<=16,sr<=15%,kvB<=1k,kp=0,0.3801,4
128,n<=16,sr<=15%,kvB<=4k,kp<=1k,0.3616,4
128,n<=16,sr<=15%,kvB<=4k,kp<=2k,0.2334,4
128,n<=16,sr<=15%,kvB<=4k,kp<=4k,-0.0822,4
128,n<=16,sr<=15%,kvB<=4k,kp<=512,0.3982,4
128,n<=16,sr<=15%,kvB<=4k,kp<=8k,-0.0855,4
128,n<=16,sr<=15%,kvB<=4k,kp=0,0.4103,4
128,n<=16,sr<=40%,kvB<=16k,kp<=1k,0.4334,4
128,n<=16,sr<=40%,kvB<=16k,kp<=2k,0.4019,4
128,n<=16,sr<=40%,kvB<=16k,kp<=4k,0.2974,4
128,n<=16,sr<=40%,kvB<=16k,kp<=512,0.4475,4
128,n<=16,sr<=40%,kvB<=16k,kp<=8k,0.1098,4
128,n<=16,sr<=40%,kvB<=16k,kp=0,0.4543,4
128,n<=16,sr<=40%,kvB<=1k,kp<=1k,-0.136,4
128,n<=16,sr<=40%,kvB<=1k,kp<=2k,-0.1241,4
128,n<=16,sr<=40%,kvB<=1k,kp<=4k,-0.1311,4
128,n<=16,sr<=40%,kvB<=1k,kp<=512,0.177,4
128,n<=16,sr<=40%,kvB<=1k,kp<=8k,-0.1299,4
128,n<=16,sr<=40%,kvB<=1k,kp=0,0.3938,4
128,n<=16,sr<=40%,kvB<=4k,kp<=1k,0.2655,4
128,n<=16,sr<=40%,kvB<=4k,kp<=2k,0.1047,4
128,n<=16,sr<=40%,kvB<=4k,kp<=4k,-0.258,4
128,n<=16,sr<=40%,kvB<=4k,kp<=512,0.364,4
128,n<=16,sr<=40%,kvB<=4k,kp<=8k,-0.2753,4
128,n<=16,sr<=40%,kvB<=4k,kp=0,0.4462,4
128,n<=16,sr<=70%,kvB<=16k,kp<=1k,0.7518,2
128,n<=16,sr<=70%,kvB<=16k,kp<=2k,0.752,2
128,n<=16,sr<=70%,kvB<=16k,kp<=4k,0.5589,2
128,n<=16,sr<=70%,kvB<=16k,kp<=512,0.7533,2
128,n<=16,sr<=70%,kvB<=16k,kp<=8k,0.2525,2
128,n<=16,sr<=70%,kvB<=16k,kp=0,0.7432,2
128,n<=16,sr<=70%,kvB<=1k,kp<=1k,-0.0837,2
128,n<=16,sr<=70%,kvB<=1k,kp<=2k,-0.5561,2
128,n<=16,sr<=70%,kvB<=1k,kp<=4k,-0.4553,2
128,n<=16,sr<=70%,kvB<=1k,kp<=512,-0.0498,2
128,n<=16,sr<=70%,kvB<=1k,kp<=8k,-0.3593,2
128,n<=16,sr<=70%,kvB<=1k,kp=0,0.4084,2
128,n<=16,sr<=70%,kvB<=4k,kp<=1k,0.4194,2
128,n<=16,sr<=70%,kvB<=4k,kp<=2k,0.0929,2
128,n<=16,sr<=70%,kvB<=4k,kp<=4k,0.0157,2
128,n<=16,sr<=70%,kvB<=4k,kp<=512,0.6601,2
128,n<=16,sr<=70%,kvB<=4k,kp<=8k,-0.4581,2
128,n<=16,sr<=70%,kvB<=4k,kp=0,0.8359,2
128,n<=16,sr>70%,kvB<=16k,kp<=1k,0.7204,4
128,n<=16,sr>70%,kvB<=16k,kp<=2k,0.587,4
128,n<=16,sr>70%,kvB<=16k,kp<=4k,0.3315,4
128,n<=16,sr>70%,kvB<=16k,kp<=512,0.8542,4
128,n<=16,sr>70%,kvB<=16k,kp<=8k,-0.1022,4
128,n<=16,sr>70%,kvB<=16k,kp=0,1.0003,4
128,n<=16,sr>70%,kvB<=1k,kp<=1k,-0.2976,4
128,n<=16,sr>70%,kvB<=1k,kp<=2k,-0.8291,4
128,n<=16,sr>70%,kvB<=1k,kp<=4k,-0.8465,4
128,n<=16,sr>70%,kvB<=1k,kp<=512,-0.0527,4
128,n<=16,sr>70%,kvB<=1k,kp<=8k,-0.6958,4
128,n<=16,sr>70%,kvB<=1k,kp=0,0.6045,4
128,n<=16,sr>70%,kvB<=4k,kp<=1k,0.2271,4
128,n<=16,sr>70%,kvB<=4k,kp<=2k,-0.242,4
128,n<=16,sr>70%,kvB<=4k,kp<=4k,-0.6552,4
128,n<=16,sr>70%,kvB<=4k,kp<=512,0.5094,4
128,n<=16,sr>70%,kvB<=4k,kp<=8k,-1.5892,4
128,n<=16,sr>70%,kvB<=4k,kp=0,0.8456,4
128,n<=2,sr<=70%,kvB<=16k,kp<=1k,0.9843,2
128,n<=2,sr<=70%,kvB<=16k,kp<=2k,0.9857,2
128,n<=2,sr<=70%,kvB<=16k,kp<=4k,0.9857,2
128,n<=2,sr<=70%,kvB<=16k,kp<=512,0.9831,2
128,n<=2,sr<=70%,kvB<=16k,kp<=8k,0.9823,1
128,n<=2,sr<=70%,kvB<=16k,kp=0,0.9807,2
128,n<=2,sr<=70%,kvB<=1k,kp<=1k,-0.9151,2
128,n<=2,sr<=70%,kvB<=1k,kp<=2k,-0.5555,2
128,n<=2,sr<=70%,kvB<=1k,kp<=4k,-0.278,2
128,n<=2,sr<=70%,kvB<=1k,kp<=512,0.9569,2
128,n<=2,sr<=70%,kvB<=1k,kp<=8k,0.8427,2
128,n<=2,sr<=70%,kvB<=1k,kp=0,0.9538,2
128,n<=2,sr<=70%,kvB<=4k,kp<=1k,0.9681,2
128,n<=2,sr<=70%,kvB<=4k,kp<=2k,0.9761,2
128,n<=2,sr<=70%,kvB<=4k,kp<=4k,-0.7546,1
128,n<=2,sr<=70%,kvB<=4k,kp<=512,0.9692,2
128,n<=2,sr<=70%,kvB<=4k,kp<=8k,-2.2908,1
128,n<=2,sr<=70%,kvB<=4k,kp=0,0.9703,2
128,n<=32,sr<=15%,kvB<=16k,kp<=1k,0.218,6
128,n<=32,sr<=15%,kvB<=16k,kp<=2k,0.2009,6
128,n<=32,sr<=15%,kvB<=16k,kp<=4k,0.1545,6
128,n<=32,sr<=15%,kvB<=16k,kp<=512,0.244,6
128,n<=32,sr<=15%,kvB<=16k,kp<=8k,0.1171,6
128,n<=32,sr<=15%,kvB<=16k,kp=0,0.2379,6
128,n<=32,sr<=15%,kvB<=1k,kp<=1k,0.0415,6
128,n<=32,sr<=15%,kvB<=1k,kp<=2k,0.002,6
128,n<=32,sr<=15%,kvB<=1k,kp<=4k,0.004,6
128,n<=32,sr<=15%,kvB<=1k,kp<=512,0.1577,6
128,n<=32,sr<=15%,kvB<=1k,kp<=8k,-0.0002,6
128,n<=32,sr<=15%,kvB<=1k,kp=0,0.1898,6
128,n<=32,sr<=15%,kvB<=4k,kp<=1k,0.1637,6
128,n<=32,sr<=15%,kvB<=4k,kp<=2k,0.1211,6
128,n<=32,sr<=15%,kvB<=4k,kp<=4k,-0.003,6
128,n<=32,sr<=15%,kvB<=4k,kp<=512,0.1968,6
128,n<=32,sr<=15%,kvB<=4k,kp<=8k,-0.0414,6
128,n<=32,sr<=15%,kvB<=4k,kp=0,0.2337,6
128,n<=32,sr<=40%,kvB<=16k,kp<=1k,0.2372,2
128,n<=32,sr<=40%,kvB<=16k,kp<=2k,0.1868,2
128,n<=32,sr<=40%,kvB<=16k,kp<=4k,0.1597,2
128,n<=32,sr<=40%,kvB<=16k,kp<=512,0.2875,2
128,n<=32,sr<=40%,kvB<=16k,kp<=8k,0.1688,2
128,n<=32,sr<=40%,kvB<=16k,kp=0,0.3154,2
128,n<=32,sr<=40%,kvB<=1k,kp<=1k,0.1089,2
128,n<=32,sr<=40%,kvB<=1k,kp<=2k,0.0235,2
128,n<=32,sr<=40%,kvB<=1k,kp<=4k,0.0176,2
128,n<=32,sr<=40%,kvB<=1k,kp<=512,0.1289,2
128,n<=32,sr<=40%,kvB<=1k,kp<=8k,-0.0087,2
128,n<=32,sr<=40%,kvB<=1k,kp=0,0.216,2
128,n<=32,sr<=40%,kvB<=4k,kp<=1k,0.1567,2
128,n<=32,sr<=40%,kvB<=4k,kp<=2k,0.1578,2
128,n<=32,sr<=40%,kvB<=4k,kp<=4k,0.119,2
128,n<=32,sr<=40%,kvB<=4k,kp<=512,0.1968,2
128,n<=32,sr<=40%,kvB<=4k,kp<=8k,-0.0851,2
128,n<=32,sr<=40%,kvB<=4k,kp=0,0.2723,2
128,n<=32,sr<=5%,kvB<=16k,kp<=1k,0.1698,2
128,n<=32,sr<=5%,kvB<=16k,kp<=2k,0.148,2
128,n<=32,sr<=5%,kvB<=16k,kp<=4k,0.1263,2
128,n<=32,sr<=5%,kvB<=16k,kp<=512,0.1989,2
128,n<=32,sr<=5%,kvB<=16k,kp<=8k,0.1336,2
128,n<=32,sr<=5%,kvB<=16k,kp=0,0.2074,2
128,n<=32,sr<=5%,kvB<=1k,kp<=1k,0.0259,2
128,n<=32,sr<=5%,kvB<=1k,kp<=2k,-0.0074,2
128,n<=32,sr<=5%,kvB<=1k,kp<=4k,-0.0079,2
128,n<=32,sr<=5%,kvB<=1k,kp<=512,0.1244,2
128,n<=32,sr<=5%,kvB<=1k,kp<=8k,0.0016,2
128,n<=32,sr<=5%,kvB<=1k,kp=0,0.1119,2
128,n<=32,sr<=5%,kvB<=4k,kp<=1k,0.1348,2
128,n<=32,sr<=5%,kvB<=4k,kp<=2k,0.1587,2
128,n<=32,sr<=5%,kvB<=4k,kp<=4k,0.0063,2
128,n<=32,sr<=5%,kvB<=4k,kp<=512,0.1424,2
128,n<=32,sr<=5%,kvB<=4k,kp<=8k,0.0059,2
128,n<=32,sr<=5%,kvB<=4k,kp=0,0.205,2
128,n<=32,sr<=70%,kvB<=16k,kp<=1k,0.581,2
128,n<=32,sr<=70%,kvB<=16k,kp<=2k,0.5147,2
128,n<=32,sr<=70%,kvB<=16k,kp<=4k,0.4101,2
128,n<=32,sr<=70%,kvB<=16k,kp<=512,0.6744,2
128,n<=32,sr<=70%,kvB<=16k,kp<=8k,0.3054,2
128,n<=32,sr<=70%,kvB<=16k,kp=0,0.7564,2
128,n<=32,sr<=70%,kvB<=1k,kp<=1k,0.016,2
128,n<=32,sr<=70%,kvB<=1k,kp<=2k,-0.0643,2
128,n<=32,sr<=70%,kvB<=1k,kp<=4k,-0.116,2
128,n<=32,sr<=70%,kvB<=1k,kp<=512,0.113,2
128,n<=32,sr<=70%,kvB<=1k,kp<=8k,-0.0926,2
128,n<=32,sr<=70%,kvB<=1k,kp=0,0.3183,2
128,n<=32,sr<=70%,kvB<=4k,kp<=1k,0.3918,2
128,n<=32,sr<=70%,kvB<=4k,kp<=2k,0.3154,2
128,n<=32,sr<=70%,kvB<=4k,kp<=4k,0.3186,2
128,n<=32,sr<=70%,kvB<=4k,kp<=512,0.5492,2
128,n<=32,sr<=70%,kvB<=4k,kp<=8k,0.2167,2
128,n<=32,sr<=70%,kvB<=4k,kp=0,0.7102,2
128,n<=32,sr>70%,kvB<=16k,kp<=1k,1.1523,4
128,n<=32,sr>70%,kvB<=16k,kp<=2k,1.0763,4
128,n<=32,sr>70%,kvB<=16k,kp<=4k,0.884,4
128,n<=32,sr>70%,kvB<=16k,kp<=512,1.2766,4
128,n<=32,sr>70%,kvB<=16k,kp<=8k,0.5722,4
128,n<=32,sr>70%,kvB<=16k,kp=0,1.4866,4
128,n<=32,sr>70%,kvB<=1k,kp<=1k,0.1245,4
128,n<=32,sr>70%,kvB<=1k,kp<=2k,0.2473,4
128,n<=32,sr>70%,kvB<=1k,kp<=4k,-0.4025,4
128,n<=32,sr>70%,kvB<=1k,kp<=512,0.0643,4
128,n<=32,sr>70%,kvB<=1k,kp<=8k,-0.4758,4
128,n<=32,sr>70%,kvB<=1k,kp=0,0.736,4
128,n<=32,sr>70%,kvB<=4k,kp<=1k,0.8006,4
128,n<=32,sr>70%,kvB<=4k,kp<=2k,0.4419,4
128,n<=32,sr>70%,kvB<=4k,kp<=4k,0.2391,4
128,n<=32,sr>70%,kvB<=4k,kp<=512,1.1615,4
128,n<=32,sr>70%,kvB<=4k,kp<=8k,0.5608,4
128,n<=32,sr>70%,kvB<=4k,kp=0,1.5787,4
128,n<=4,sr<=40%,kvB<=16k,kp<=1k,0.9799,2
128,n<=4,sr<=40%,kvB<=16k,kp<=2k,0.9834,2
128,n<=4,sr<=40%,kvB<=16k,kp<=4k,0.9832,2
128,n<=4,sr<=40%,kvB<=16k,kp<=512,0.9819,2
128,n<=4,sr<=40%,kvB<=16k,kp<=8k,0.9801,2
128,n<=4,sr<=40%,kvB<=16k,kp=0,0.9809,2
128,n<=4,sr<=40%,kvB<=1k,kp<=1k,0.3242,2
128,n<=4,sr<=40%,kvB<=1k,kp<=2k,0.1845,2
128,n<=4,sr<=40%,kvB<=1k,kp<=4k,0.491,2
128,n<=4,sr<=40%,kvB<=1k,kp<=512,0.9002,2
128,n<=4,sr<=40%,kvB<=1k,kp<=8k,-0.1874,2
128,n<=4,sr<=40%,kvB<=1k,kp=0,0.9179,2
128,n<=4,sr<=40%,kvB<=4k,kp<=1k,0.9491,2
128,n<=4,sr<=40%,kvB<=4k,kp<=2k,0.9469,2
128,n<=4,sr<=40%,kvB<=4k,kp<=4k,0.5719,2
128,n<=4,sr<=40%,kvB<=4k,kp<=512,0.948,2
128,n<=4,sr<=40%,kvB<=4k,kp<=8k,-2.7132,1
128,n<=4,sr<=40%,kvB<=4k,kp=0,0.9438,2
128,n<=4,sr<=70%,kvB<=16k,kp<=1k,0.9854,2
128,n<=4,sr<=70%,kvB<=16k,kp<=2k,0.9843,2
128,n<=4,sr<=70%,kvB<=16k,kp<=4k,0.9893,2
128,n<=4,sr<=70%,kvB<=16k,kp<=512,0.9875,2
128,n<=4,sr<=70%,kvB<=16k,kp<=8k,0.9878,2
128,n<=4,sr<=70%,kvB<=16k,kp=0,0.9888,2
128,n<=4,sr<=70%,kvB<=1k,kp<=1k,0.1557,2
128,n<=4,sr<=70%,kvB<=1k,kp<=2k,0.0967,2
128,n<=4,sr<=70%,kvB<=1k,kp<=4k,0.1421,2
128,n<=4,sr<=70%,kvB<=1k,kp<=512,0.9045,2
128,n<=4,sr<=70%,kvB<=1k,kp<=8k,1.0525,1
128,n<=4,sr<=70%,kvB<=1k,kp=0,0.8919,2
128,n<=4,sr<=70%,kvB<=4k,kp<=1k,0.9444,2
128,n<=4,sr<=70%,kvB<=4k,kp<=2k,0.9473,2
128,n<=4,sr<=70%,kvB<=4k,kp<=4k,0.1884,2
128,n<=4,sr<=70%,kvB<=4k,kp<=512,0.9463,2
128,n<=4,sr<=70%,kvB<=4k,kp<=8k,0.79,2
128,n<=4,sr<=70%,kvB<=4k,kp=0,0.9399,2
128,n<=4,sr>70%,kvB<=16k,kp<=1k,0.9926,2
128,n<=4,sr>70%,kvB<=16k,kp<=2k,0.9899,2
128,n<=4,sr>70%,kvB<=16k,kp<=4k,0.9916,2
128,n<=4,sr>70%,kvB<=16k,kp<=512,0.9958,2
128,n<=4,sr>70%,kvB<=16k,kp<=8k,0.9946,2
128,n<=4,sr>70%,kvB<=16k,kp=0,0.9859,2
128,n<=4,sr>70%,kvB<=1k,kp<=1k,0.5715,2
128,n<=4,sr>70%,kvB<=1k,kp<=2k,0.4966,2
128,n<=4,sr>70%,kvB<=1k,kp<=4k,3.7568,2
128,n<=4,sr>70%,kvB<=1k,kp<=512,0.9486,2
128,n<=4,sr>70%,kvB<=1k,kp<=8k,1.3601,2
128,n<=4,sr>70%,kvB<=1k,kp=0,0.9325,2
128,n<=4,sr>70%,kvB<=4k,kp<=1k,0.9744,2
128,n<=4,sr>70%,kvB<=4k,kp<=2k,0.9793,2
128,n<=4,sr>70%,kvB<=4k,kp<=4k,0.755,2
128,n<=4,sr>70%,kvB<=4k,kp<=512,0.981,2
128,n<=4,sr>70%,kvB<=4k,kp<=8k,0.1162,2
128,n<=4,sr>70%,kvB<=4k,kp=0,0.9864,2
128,n<=64,sr<=15%,kvB<=16k,kp<=1k,0.0445,4
128,n<=64,sr<=15%,kvB<=16k,kp<=2k,0.0393,4
128,n<=64,sr<=15%,kvB<=16k,kp<=4k,0.0325,4
128,n<=64,sr<=15%,kvB<=16k,kp<=512,0.0461,4
128,n<=64,sr<=15%,kvB<=16k,kp<=8k,0.0259,4
128,n<=64,sr<=15%,kvB<=16k,kp=0,0.046,4
128,n<=64,sr<=15%,kvB<=1k,kp<=1k,0.0314,4
128,n<=64,sr<=15%,kvB<=1k,kp<=2k,0.0202,4
128,n<=64,sr<=15%,kvB<=1k,kp<=4k,0.0236,4
128,n<=64,sr<=15%,kvB<=1k,kp<=512,0.0469,4
128,n<=64,sr<=15%,kvB<=1k,kp<=8k,0.0285,4
128,n<=64,sr<=15%,kvB<=1k,kp=0,0.0409,4
128,n<=64,sr<=15%,kvB<=4k,kp<=1k,0.037,4
128,n<=64,sr<=15%,kvB<=4k,kp<=2k,0.0301,4
128,n<=64,sr<=15%,kvB<=4k,kp<=4k,0.0051,4
128,n<=64,sr<=15%,kvB<=4k,kp<=512,0.0406,4
128,n<=64,sr<=15%,kvB<=4k,kp<=8k,-0.0059,4
128,n<=64,sr<=15%,kvB<=4k,kp=0,0.0395,4
128,n<=64,sr<=40%,kvB<=16k,kp<=1k,0.0234,2
128,n<=64,sr<=40%,kvB<=16k,kp<=2k,0.0303,2
128,n<=64,sr<=40%,kvB<=16k,kp<=4k,0.025,2
128,n<=64,sr<=40%,kvB<=16k,kp<=512,0.0228,2
128,n<=64,sr<=40%,kvB<=16k,kp<=8k,0.0097,2
128,n<=64,sr<=40%,kvB<=16k,kp=0,0.0223,2
128,n<=64,sr<=40%,kvB<=1k,kp<=1k,0.032,2
128,n<=64,sr<=40%,kvB<=1k,kp<=2k,0.0097,2
128,n<=64,sr<=40%,kvB<=1k,kp<=4k,0.021,2
128,n<=64,sr<=40%,kvB<=1k,kp<=512,0.0243,2
128,n<=64,sr<=40%,kvB<=1k,kp<=8k,0.0317,2
128,n<=64,sr<=40%,kvB<=1k,kp=0,0.0319,2
128,n<=64,sr<=40%,kvB<=4k,kp<=1k,0.0088,2
128,n<=64,sr<=40%,kvB<=4k,kp<=2k,-0.0061,2
128,n<=64,sr<=40%,kvB<=4k,kp<=4k,-0.006,2
128,n<=64,sr<=40%,kvB<=4k,kp<=512,0.0144,2
128,n<=64,sr<=40%,kvB<=4k,kp<=8k,-0.0083,2
128,n<=64,sr<=40%,kvB<=4k,kp=0,0.0167,2
128,n<=64,sr<=5%,kvB<=16k,kp<=1k,0.0513,6
128,n<=64,sr<=5%,kvB<=16k,kp<=2k,0.0468,6
128,n<=64,sr<=5%,kvB<=16k,kp<=4k,0.0425,6
128,n<=64,sr<=5%,kvB<=16k,kp<=512,0.0488,6
128,n<=64,sr<=5%,kvB<=16k,kp<=8k,0.0396,6
128,n<=64,sr<=5%,kvB<=16k,kp=0,0.0502,6
128,n<=64,sr<=5%,kvB<=1k,kp<=1k,0.0163,6
128,n<=64,sr<=5%,kvB<=1k,kp<=2k,0.0103,6
128,n<=64,sr<=5%,kvB<=1k,kp<=4k,-0.015,6
128,n<=64,sr<=5%,kvB<=1k,kp<=512,0.0235,6
128,n<=64,sr<=5%,kvB<=1k,kp<=8k,-0.0079,6
128,n<=64,sr<=5%,kvB<=1k,kp=0,0.0196,6
128,n<=64,sr<=5%,kvB<=4k,kp<=1k,0.0416,6
128,n<=64,sr<=5%,kvB<=4k,kp<=2k,0.0376,6
128,n<=64,sr<=5%,kvB<=4k,kp<=4k,0.0114,6
128,n<=64,sr<=5%,kvB<=4k,kp<=512,0.0445,6
128,n<=64,sr<=5%,kvB<=4k,kp<=8k,-0.0037,6
128,n<=64,sr<=5%,kvB<=4k,kp=0,0.0492,6
128,n<=64,sr<=70%,kvB<=16k,kp<=1k,-0.0029,2
128,n<=64,sr<=70%,kvB<=16k,kp<=2k,0.0172,2
128,n<=64,sr<=70%,kvB<=16k,kp<=4k,0.0181,2
128,n<=64,sr<=70%,kvB<=16k,kp<=512,-0.0127,2
128,n<=64,sr<=70%,kvB<=16k,kp<=8k,0.0242,2
128,n<=64,sr<=70%,kvB<=16k,kp=0,-0.007,2
128,n<=64,sr<=70%,kvB<=1k,kp<=1k,-0.031,2
128,n<=64,sr<=70%,kvB<=1k,kp<=2k,-0.0079,2
128,n<=64,sr<=70%,kvB<=1k,kp<=4k,-0.0513,2
128,n<=64,sr<=70%,kvB<=1k,kp<=512,-0.05,2
128,n<=64,sr<=70%,kvB<=1k,kp<=8k,-0.079,2
128,n<=64,sr<=70%,kvB<=1k,kp=0,-0.0206,2
128,n<=64,sr<=70%,kvB<=4k,kp<=1k,0.0102,2
128,n<=64,sr<=70%,kvB<=4k,kp<=2k,-0.0032,2
128,n<=64,sr<=70%,kvB<=4k,kp<=4k,-0.0102,2
128,n<=64,sr<=70%,kvB<=4k,kp<=512,0.0076,2
128,n<=64,sr<=70%,kvB<=4k,kp<=8k,-0.0038,2
128,n<=64,sr<=70%,kvB<=4k,kp=0,-0.0134,2
128,n<=64,sr>70%,kvB<=16k,kp<=1k,0.0358,4
128,n<=64,sr>70%,kvB<=16k,kp<=2k,0.0553,4
128,n<=64,sr>70%,kvB<=16k,kp<=4k,0.068,4
128,n<=64,sr>70%,kvB<=16k,kp<=512,0.0426,4
128,n<=64,sr>70%,kvB<=16k,kp<=8k,0.0202,4
128,n<=64,sr>70%,kvB<=16k,kp=0,0.0225,4
128,n<=64,sr>70%,kvB<=1k,kp<=1k,0.043,4
128,n<=64,sr>70%,kvB<=1k,kp<=2k,0.2026,4
128,n<=64,sr>70%,kvB<=1k,kp<=4k,0.2187,4
128,n<=64,sr>70%,kvB<=1k,kp<=512,0.0755,4
128,n<=64,sr>70%,kvB<=1k,kp<=8k,0.0964,4
128,n<=64,sr>70%,kvB<=1k,kp=0,0.0805,4
128,n<=64,sr>70%,kvB<=4k,kp<=1k,0.0691,4
128,n<=64,sr>70%,kvB<=4k,kp<=2k,-0.0233,4
128,n<=64,sr>70%,kvB<=4k,kp<=4k,-0.0518,4
128,n<=64,sr>70%,kvB<=4k,kp<=512,0.0493,4
128,n<=64,sr>70%,kvB<=4k,kp<=8k,0.0071,4
128,n<=64,sr>70%,kvB<=4k,kp=0,0.0223,4
128,n<=8,sr<=15%,kvB<=16k,kp<=1k,0.7987,2
128,n<=8,sr<=15%,kvB<=16k,kp<=2k,0.7097,2
128,n<=8,sr<=15%,kvB<=16k,kp<=4k,0.5533,2
128,n<=8,sr<=15%,kvB<=16k,kp<=512,0.8689,2
128,n<=8,sr<=15%,kvB<=16k,kp<=8k,0.3036,2
128,n<=8,sr<=15%,kvB<=16k,kp=0,0.9548,2
128,n<=8,sr<=15%,kvB<=1k,kp<=1k,-0.0434,2
128,n<=8,sr<=15%,kvB<=1k,kp<=2k,-0.0206,2
128,n<=8,sr<=15%,kvB<=1k,kp<=4k,0.0349,2
128,n<=8,sr<=15%,kvB<=1k,kp<=512,0.3263,2
128,n<=8,sr<=15%,kvB<=1k,kp<=8k,0.1389,2
128,n<=8,sr<=15%,kvB<=1k,kp=0,0.5833,2
128,n<=8,sr<=15%,kvB<=4k,kp<=1k,0.5207,2
128,n<=8,sr<=15%,kvB<=4k,kp<=2k,0.2825,2
128,n<=8,sr<=15%,kvB<=4k,kp<=4k,-0.1285,2
128,n<=8,sr<=15%,kvB<=4k,kp<=512,0.6201,2
128,n<=8,sr<=15%,kvB<=4k,kp<=8k,-0.1153,2
128,n<=8,sr<=15%,kvB<=4k,kp=0,0.8336,2
128,n<=8,sr<=40%,kvB<=16k,kp<=1k,0.7608,4
128,n<=8,sr<=40%,kvB<=16k,kp<=2k,0.671,4
128,n<=8,sr<=40%,kvB<=16k,kp<=4k,0.412,4
128,n<=8,sr<=40%,kvB<=16k,kp<=512,0.8437,4
128,n<=8,sr<=40%,kvB<=16k,kp<=8k,0.2195,4
128,n<=8,sr<=40%,kvB<=16k,kp=0,0.9494,4
128,n<=8,sr<=40%,kvB<=1k,kp<=1k,-0.292,4
128,n<=8,sr<=40%,kvB<=1k,kp<=2k,-0.2562,4
128,n<=8,sr<=40%,kvB<=1k,kp<=4k,-0.1818,4
128,n<=8,sr<=40%,kvB<=1k,kp<=512,0.217,4
128,n<=8,sr<=40%,kvB<=1k,kp<=8k,-0.1186,4
128,n<=8,sr<=40%,kvB<=1k,kp=0,0.4764,4
128,n<=8,sr<=40%,kvB<=4k,kp<=1k,0.3744,4
128,n<=8,sr<=40%,kvB<=4k,kp<=2k,0.187,4
128,n<=8,sr<=40%,kvB<=4k,kp<=4k,-0.4197,4
128,n<=8,sr<=40%,kvB<=4k,kp<=512,0.5151,4
128,n<=8,sr<=40%,kvB<=4k,kp<=8k,-0.3554,4
128,n<=8,sr<=40%,kvB<=4k,kp=0,0.8009,4
128,n<=8,sr<=70%,kvB<=16k,kp<=1k,0.7512,2
128,n<=8,sr<=70%,kvB<=16k,kp<=2k,0.5636,2
128,n<=8,sr<=70%,kvB<=16k,kp<=4k,0.1997,2
128,n<=8,sr<=70%,kvB<=16k,kp<=512,0.8283,2
128,n<=8,sr<=70%,kvB<=16k,kp<=8k,-0.0301,2
128,n<=8,sr<=70%,kvB<=16k,kp=0,0.9457,2
128,n<=8,sr<=70%,kvB<=1k,kp<=1k,-0.8674,2
128,n<=8,sr<=70%,kvB<=1k,kp<=2k,-0.8353,2
128,n<=8,sr<=70%,kvB<=1k,kp<=4k,-0.6838,2
128,n<=8,sr<=70%,kvB<=1k,kp<=512,0.0057,2
128,n<=8,sr<=70%,kvB<=1k,kp<=8k,-0.2359,2
128,n<=8,sr<=70%,kvB<=1k,kp=0,0.2371,2
128,n<=8,sr<=70%,kvB<=4k,kp<=1k,0.0829,2
128,n<=8,sr<=70%,kvB<=4k,kp<=2k,-0.0147,2
128,n<=8,sr<=70%,kvB<=4k,kp<=4k,-0.9466,2
128,n<=8,sr<=70%,kvB<=4k,kp<=512,0.3436,2
128,n<=8,sr<=70%,kvB<=4k,kp<=8k,-0.8868,2
128,n<=8,sr<=70%,kvB<=4k,kp=0,0.7615,2
128,n<=8,sr>70%,kvB<=16k,kp<=1k,0.5678,4
128,n<=8,sr>70%,kvB<=16k,kp<=2k,0.1904,4
128,n<=8,sr>70%,kvB<=16k,kp<=4k,-0.5335,4
128,n<=8,sr>70%,kvB<=16k,kp<=512,0.6792,4
128,n<=8,sr>70%,kvB<=16k,kp<=8k,-0.5871,4
128,n<=8,sr>70%,kvB<=16k,kp=0,0.9154,4
128,n<=8,sr>70%,kvB<=1k,kp<=1k,-0.2817,4
128,n<=8,sr>70%,kvB<=1k,kp<=2k,-1.4803,4
128,n<=8,sr>70%,kvB<=1k,kp<=4k,-0.9932,4
128,n<=8,sr>70%,kvB<=1k,kp<=512,-0.089,4
128,n<=8,sr>70%,kvB<=1k,kp<=8k,-0.9948,4
128,n<=8,sr>70%,kvB<=1k,kp=0,-0.1726,4
128,n<=8,sr>70%,kvB<=4k,kp<=1k,-0.6371,4
128,n<=8,sr>70%,kvB<=4k,kp<=2k,-0.5199,4
128,n<=8,sr>70%,kvB<=4k,kp<=4k,-1.1801,4
128,n<=8,sr>70%,kvB<=4k,kp<=512,-0.303,4
128,n<=8,sr>70%,kvB<=4k,kp<=8k,-2.1242,4
128,n<=8,sr>70%,kvB<=4k,kp=0,0.6312,4
256,n<=128,sr<=15%,kvB<=16k,kp<=1k,0.0055,4
256,n<=128,sr<=15%,kvB<=16k,kp<=2k,0.0062,4
256,n<=128,sr<=15%,kvB<=16k,kp<=4k,0.005,4
256,n<=128,sr<=15%,kvB<=16k,kp<=512,0.0057,4
256,n<=128,sr<=15%,kvB<=16k,kp<=8k,0.0029,4
256,n<=128,sr<=15%,kvB<=16k,kp=0,0.0052,4
256,n<=128,sr<=15%,kvB<=1k,kp<=1k,0.0467,4
256,n<=128,sr<=15%,kvB<=1k,kp<=2k,0.0467,4
256,n<=128,sr<=15%,kvB<=1k,kp<=4k,0.0521,4
256,n<=128,sr<=15%,kvB<=1k,kp<=512,0.0475,4
256,n<=128,sr<=15%,kvB<=1k,kp<=8k,0.063,4
256,n<=128,sr<=15%,kvB<=1k,kp=0,0.0461,4
256,n<=128,sr<=15%,kvB<=4k,kp<=1k,0.0059,4
256,n<=128,sr<=15%,kvB<=4k,kp<=2k,0.0027,4
256,n<=128,sr<=15%,kvB<=4k,kp<=4k,0.0007,4
256,n<=128,sr<=15%,kvB<=4k,kp<=512,0.0059,4
256,n<=128,sr<=15%,kvB<=4k,kp<=8k,-0.0002,4
256,n<=128,sr<=15%,kvB<=4k,kp=0,0.0033,4
256,n<=128,sr<=40%,kvB<=16k,kp<=1k,-0.0072,2
256,n<=128,sr<=40%,kvB<=16k,kp<=2k,-0.005,2
256,n<=128,sr<=40%,kvB<=16k,kp<=4k,-0.0047,2
256,n<=128,sr<=40%,kvB<=16k,kp<=512,-0.0009,2
256,n<=128,sr<=40%,kvB<=16k,kp<=8k,-0.0034,2
256,n<=128,sr<=40%,kvB<=16k,kp=0,-0.0057,2
256,n<=128,sr<=40%,kvB<=1k,kp<=1k,0.083,2
256,n<=128,sr<=40%,kvB<=1k,kp<=2k,0.0886,2
256,n<=128,sr<=40%,kvB<=1k,kp<=4k,0.1064,2
256,n<=128,sr<=40%,kvB<=1k,kp<=512,0.0847,2
256,n<=128,sr<=40%,kvB<=1k,kp<=8k,0.1112,2
256,n<=128,sr<=40%,kvB<=1k,kp=0,0.0856,2
256,n<=128,sr<=40%,kvB<=4k,kp<=1k,-0.0052,2
256,n<=128,sr<=40%,kvB<=4k,kp<=2k,-0.0063,2
256,n<=128,sr<=40%,kvB<=4k,kp<=4k,-0.0036,2
256,n<=128,sr<=40%,kvB<=4k,kp<=512,-0.0036,2
256,n<=128,sr<=40%,kvB<=4k,kp<=8k,0.0061,2
256,n<=128,sr<=40%,kvB<=4k,kp=0,-0.0084,2
256,n<=128,sr<=5%,kvB<=16k,kp<=1k,0.0121,8
256,n<=128,sr<=5%,kvB<=16k,kp<=2k,0.0131,8
256,n<=128,sr<=5%,kvB<=16k,kp<=4k,0.0107,8
256,n<=128,sr<=5%,kvB<=16k,kp<=512,0.0131,8
256,n<=128,sr<=5%,kvB<=16k,kp<=8k,0.0082,8
256,n<=128,sr<=5%,kvB<=16k,kp=0,0.0119,8
256,n<=128,sr<=5%,kvB<=1k,kp<=1k,0.0047,8
256,n<=128,sr<=5%,kvB<=1k,kp<=2k,0.0039,8
256,n<=128,sr<=5%,kvB<=1k,kp<=4k,0.0059,8
256,n<=128,sr<=5%,kvB<=1k,kp<=512,0.005,8
256,n<=128,sr<=5%,kvB<=1k,kp<=8k,0.0045,8
256,n<=128,sr<=5%,kvB<=1k,kp=0,0.0055,8
256,n<=128,sr<=5%,kvB<=4k,kp<=1k,0.0086,8
256,n<=128,sr<=5%,kvB<=4k,kp<=2k,0.0074,8
256,n<=128,sr<=5%,kvB<=4k,kp<=4k,0.0032,8
256,n<=128,sr<=5%,kvB<=4k,kp<=512,0.0087,8
256,n<=128,sr<=5%,kvB<=4k,kp<=8k,0.0042,8
256,n<=128,sr<=5%,kvB<=4k,kp=0,0.0075,8
256,n<=128,sr<=70%,kvB<=16k,kp<=1k,-0.0093,2
256,n<=128,sr<=70%,kvB<=16k,kp<=2k,-0.0073,2
256,n<=128,sr<=70%,kvB<=16k,kp<=4k,-0.0116,2
256,n<=128,sr<=70%,kvB<=16k,kp<=512,-0.0121,2
256,n<=128,sr<=70%,kvB<=16k,kp<=8k,-0.0094,2
256,n<=128,sr<=70%,kvB<=16k,kp=0,-0.0118,2
256,n<=128,sr<=70%,kvB<=1k,kp<=1k,0.0914,2
256,n<=128,sr<=70%,kvB<=1k,kp<=2k,0.1133,2
256,n<=128,sr<=70%,kvB<=1k,kp<=4k,0.1303,2
256,n<=128,sr<=70%,kvB<=1k,kp<=512,0.1082,2
256,n<=128,sr<=70%,kvB<=1k,kp<=8k,0.1344,2
256,n<=128,sr<=70%,kvB<=1k,kp=0,0.1131,2
256,n<=128,sr<=70%,kvB<=4k,kp<=1k,-0.0047,2
256,n<=128,sr<=70%,kvB<=4k,kp<=2k,-0.0074,2
256,n<=128,sr<=70%,kvB<=4k,kp<=4k,0.0112,2
256,n<=128,sr<=70%,kvB<=4k,kp<=512,-0.0091,2
256,n<=128,sr<=70%,kvB<=4k,kp<=8k,0.0093,2
256,n<=128,sr<=70%,kvB<=4k,kp=0,-0.0138,2
256,n<=128,sr>70%,kvB<=16k,kp<=1k,0.0048,4
256,n<=128,sr>70%,kvB<=16k,kp<=2k,0.0097,4
256,n<=128,sr>70%,kvB<=16k,kp<=4k,0.0017,4
256,n<=128,sr>70%,kvB<=16k,kp<=512,0.0029,4
256,n<=128,sr>70%,kvB<=16k,kp<=8k,0.0151,4
256,n<=128,sr>70%,kvB<=16k,kp=0,0.0046,4
256,n<=128,sr>70%,kvB<=1k,kp<=1k,0.1386,4
256,n<=128,sr>70%,kvB<=1k,kp<=2k,0.1748,4
256,n<=128,sr>70%,kvB<=1k,kp<=4k,0.3218,4
256,n<=128,sr>70%,kvB<=1k,kp<=512,0.1315,4
256,n<=128,sr>70%,kvB<=1k,kp<=8k,0.3677,4
256,n<=128,sr>70%,kvB<=1k,kp=0,0.113,4
256,n<=128,sr>70%,kvB<=4k,kp<=1k,-0.0027,4
256,n<=128,sr>70%,kvB<=4k,kp<=2k,-0.0058,4
256,n<=128,sr>70%,kvB<=4k,kp<=4k,-0.0128,4
256,n<=128,sr>70%,kvB<=4k,kp<=512,0.0018,4
256,n<=128,sr>70%,kvB<=4k,kp<=8k,0.0135,4
256,n<=128,sr>70%,kvB<=4k,kp=0,-0.013,4
256,n<=16,sr<=15%,kvB<=16k,kp<=1k,0.3426,4
256,n<=16,sr<=15%,kvB<=16k,kp<=2k,0.3187,4
256,n<=16,sr<=15%,kvB<=16k,kp<=4k,0.2932,4
256,n<=16,sr<=15%,kvB<=16k,kp<=512,0.3638,4
256,n<=16,sr<=15%,kvB<=16k,kp<=8k,0.1715,4
256,n<=16,sr<=15%,kvB<=16k,kp=0,0.4152,4
256,n<=16,sr<=15%,kvB<=1k,kp<=1k,0.104,4
256,n<=16,sr<=15%,kvB<=1k,kp<=2k,0.1276,4
256,n<=16,sr<=15%,kvB<=1k,kp<=4k,0.1358,4
256,n<=16,sr<=15%,kvB<=1k,kp<=512,0.166,4
256,n<=16,sr<=15%,kvB<=1k,kp<=8k,0.0774,4
256,n<=16,sr<=15%,kvB<=1k,kp=0,0.3305,4
256,n<=16,sr<=15%,kvB<=4k,kp<=1k,0.288,4
256,n<=16,sr<=15%,kvB<=4k,kp<=2k,0.1667,4
256,n<=16,sr<=15%,kvB<=4k,kp<=4k,0.1102,4
256,n<=16,sr<=15%,kvB<=4k,kp<=512,0.318,4
256,n<=16,sr<=15%,kvB<=4k,kp<=8k,0.1093,4
256,n<=16,sr<=15%,kvB<=4k,kp=0,0.373,4
256,n<=16,sr<=40%,kvB<=16k,kp<=1k,0.3815,4
256,n<=16,sr<=40%,kvB<=16k,kp<=2k,0.3005,4
256,n<=16,sr<=40%,kvB<=16k,kp<=4k,0.2105,4
256,n<=16,sr<=40%,kvB<=16k,kp<=512,0.4136,4
256,n<=16,sr<=40%,kvB<=16k,kp<=8k,0.2258,4
256,n<=16,sr<=40%,kvB<=16k,kp=0,0.4525,4
256,n<=16,sr<=40%,kvB<=1k,kp<=1k,0.069,4
256,n<=16,sr<=40%,kvB<=1k,kp<=2k,0.1638,4
256,n<=16,sr<=40%,kvB<=1k,kp<=4k,0.1558,4
256,n<=16,sr<=40%,kvB<=1k,kp<=512,0.1812,4
256,n<=16,sr<=40%,kvB<=1k,kp<=8k,0.1974,4
256,n<=16,sr<=40%,kvB<=1k,kp=0,0.2811,4
256,n<=16,sr<=40%,kvB<=4k,kp<=1k,0.2169,4
256,n<=16,sr<=40%,kvB<=4k,kp<=2k,0.2207,4
256,n<=16,sr<=40%,kvB<=4k,kp<=4k,0.0829,4
256,n<=16,sr<=40%,kvB<=4k,kp<=512,0.2169,4
256,n<=16,sr<=40%,kvB<=4k,kp<=8k,0.0545,4
256,n<=16,sr<=40%,kvB<=4k,kp=0,0.404,4
256,n<=16,sr<=70%,kvB<=16k,kp<=1k,0.7287,2
256,n<=16,sr<=70%,kvB<=16k,kp<=2k,0.6322,2
256,n<=16,sr<=70%,kvB<=16k,kp<=4k,0.3164,2
256,n<=16,sr<=70%,kvB<=16k,kp<=512,0.7378,2
256,n<=16,sr<=70%,kvB<=16k,kp<=8k,0.1426,2
256,n<=16,sr<=70%,kvB<=16k,kp=0,0.7651,2
256,n<=16,sr<=70%,kvB<=1k,kp<=1k,0.0298,2
256,n<=16,sr<=70%,kvB<=1k,kp<=2k,0.0984,2
256,n<=16,sr<=70%,kvB<=1k,kp<=4k,0.0914,2
256,n<=16,sr<=70%,kvB<=1k,kp<=512,0.257,2
256,n<=16,sr<=70%,kvB<=1k,kp<=8k,0.099,2
256,n<=16,sr<=70%,kvB<=1k,kp=0,0.167,2
256,n<=16,sr<=70%,kvB<=4k,kp<=1k,0.2407,2
256,n<=16,sr<=70%,kvB<=4k,kp<=2k,0.1837,2
256,n<=16,sr<=70%,kvB<=4k,kp<=4k,-0.0317,2
256,n<=16,sr<=70%,kvB<=4k,kp<=512,0.3916,2
256,n<=16,sr<=70%,kvB<=4k,kp<=8k,0.0156,2
256,n<=16,sr<=70%,kvB<=4k,kp=0,0.7398,2
256,n<=16,sr>70%,kvB<=16k,kp<=1k,0.8479,4
256,n<=16,sr>70%,kvB<=16k,kp<=2k,0.6647,4
256,n<=16,sr>70%,kvB<=16k,kp<=4k,0.084,4
256,n<=16,sr>70%,kvB<=16k,kp<=512,0.8276,4
256,n<=16,sr>70%,kvB<=16k,kp<=8k,-0.1878,4
256,n<=16,sr>70%,kvB<=16k,kp=0,0.9728,4
256,n<=16,sr>70%,kvB<=1k,kp<=1k,0.319,4
256,n<=16,sr>70%,kvB<=1k,kp<=2k,0.5211,4
256,n<=16,sr>70%,kvB<=1k,kp<=4k,0.7089,4
256,n<=16,sr>70%,kvB<=1k,kp<=512,0.274,4
256,n<=16,sr>70%,kvB<=1k,kp<=8k,0.7377,4
256,n<=16,sr>70%,kvB<=1k,kp=0,0.0727,4
256,n<=16,sr>70%,kvB<=4k,kp<=1k,-0.0317,4
256,n<=16,sr>70%,kvB<=4k,kp<=2k,-0.1566,4
256,n<=16,sr>70%,kvB<=4k,kp<=4k,0.0446,4
256,n<=16,sr>70%,kvB<=4k,kp<=512,0.1843,4
256,n<=16,sr>70%,kvB<=4k,kp<=8k,0.6458,4
256,n<=16,sr>70%,kvB<=4k,kp=0,0.6453,4
256,n<=2,sr<=70%,kvB<=16k,kp<=1k,0.982,2
256,n<=2,sr<=70%,kvB<=16k,kp<=2k,0.9834,2
256,n<=2,sr<=70%,kvB<=16k,kp<=4k,0.9834,2
256,n<=2,sr<=70%,kvB<=16k,kp<=512,0.9818,2
256,n<=2,sr<=70%,kvB<=16k,kp<=8k,0.98,2
256,n<=2,sr<=70%,kvB<=16k,kp=0,0.983,2
256,n<=2,sr<=70%,kvB<=1k,kp<=1k,1.1501,2
256,n<=2,sr<=70%,kvB<=1k,kp<=2k,-0.1383,2
256,n<=2,sr<=70%,kvB<=1k,kp<=4k,-1.6381,1
256,n<=2,sr<=70%,kvB<=1k,kp<=512,0.9403,2
256,n<=2,sr<=70%,kvB<=1k,kp=0,0.9558,2
256,n<=2,sr<=70%,kvB<=4k,kp<=1k,0.9764,2
256,n<=2,sr<=70%,kvB<=4k,kp<=2k,0.9797,2
256,n<=2,sr<=70%,kvB<=4k,kp<=4k,-0.4258,2
256,n<=2,sr<=70%,kvB<=4k,kp<=512,0.9714,2
256,n<=2,sr<=70%,kvB<=4k,kp<=8k,-0.2073,2
256,n<=2,sr<=70%,kvB<=4k,kp=0,0.9705,2
256,n<=32,sr<=15%,kvB<=16k,kp<=1k,0.1588,6
256,n<=32,sr<=15%,kvB<=16k,kp<=2k,0.1421,6
256,n<=32,sr<=15%,kvB<=16k,kp<=4k,0.1128,6
256,n<=32,sr<=15%,kvB<=16k,kp<=512,0.194,6
256,n<=32,sr<=15%,kvB<=16k,kp<=8k,0.0979,6
256,n<=32,sr<=15%,kvB<=16k,kp=0,0.2429,6
256,n<=32,sr<=15%,kvB<=1k,kp<=1k,0.0564,6
256,n<=32,sr<=15%,kvB<=1k,kp<=2k,0.0522,6
256,n<=32,sr<=15%,kvB<=1k,kp<=4k,0.0743,6
256,n<=32,sr<=15%,kvB<=1k,kp<=512,0.109,6
256,n<=32,sr<=15%,kvB<=1k,kp<=8k,0.0554,6
256,n<=32,sr<=15%,kvB<=1k,kp=0,0.1771,6
256,n<=32,sr<=15%,kvB<=4k,kp<=1k,0.125,6
256,n<=32,sr<=15%,kvB<=4k,kp<=2k,0.0972,6
256,n<=32,sr<=15%,kvB<=4k,kp<=4k,0.0265,6
256,n<=32,sr<=15%,kvB<=4k,kp<=512,0.1397,6
256,n<=32,sr<=15%,kvB<=4k,kp<=8k,-0.012,6
256,n<=32,sr<=15%,kvB<=4k,kp=0,0.2276,6
256,n<=32,sr<=40%,kvB<=16k,kp<=1k,0.2038,2
256,n<=32,sr<=40%,kvB<=16k,kp<=2k,0.1731,2
256,n<=32,sr<=40%,kvB<=16k,kp<=4k,0.1668,2
256,n<=32,sr<=40%,kvB<=16k,kp<=512,0.235,2
256,n<=32,sr<=40%,kvB<=16k,kp<=8k,0.1221,2
256,n<=32,sr<=40%,kvB<=16k,kp=0,0.3235,2
256,n<=32,sr<=40%,kvB<=1k,kp<=1k,0.0327,2
256,n<=32,sr<=40%,kvB<=1k,kp<=2k,0.0729,2
256,n<=32,sr<=40%,kvB<=1k,kp<=4k,0.1145,2
256,n<=32,sr<=40%,kvB<=1k,kp<=512,0.1292,2
256,n<=32,sr<=40%,kvB<=1k,kp<=8k,0.1106,2
256,n<=32,sr<=40%,kvB<=1k,kp=0,0.1758,2
256,n<=32,sr<=40%,kvB<=4k,kp<=1k,0.1412,2
256,n<=32,sr<=40%,kvB<=4k,kp<=2k,0.142,2
256,n<=32,sr<=40%,kvB<=4k,kp<=4k,0.0456,2
256,n<=32,sr<=40%,kvB<=4k,kp<=512,0.1394,2
256,n<=32,sr<=40%,kvB<=4k,kp<=8k,0.0487,2
256,n<=32,sr<=40%,kvB<=4k,kp=0,0.2546,2
256,n<=32,sr<=5%,kvB<=16k,kp<=1k,0.1582,2
256,n<=32,sr<=5%,kvB<=16k,kp<=2k,0.1539,2
256,n<=32,sr<=5%,kvB<=16k,kp<=4k,0.1406,2
256,n<=32,sr<=5%,kvB<=16k,kp<=512,0.1748,2
256,n<=32,sr<=5%,kvB<=16k,kp<=8k,0.0749,2
256,n<=32,sr<=5%,kvB<=16k,kp=0,0.2023,2
256,n<=32,sr<=5%,kvB<=1k,kp<=1k,0.0104,2
256,n<=32,sr<=5%,kvB<=1k,kp<=2k,0.028,2
256,n<=32,sr<=5%,kvB<=1k,kp<=4k,0.0048,2
256,n<=32,sr<=5%,kvB<=1k,kp<=512,0.0771,2
256,n<=32,sr<=5%,kvB<=1k,kp<=8k,0.0249,2
256,n<=32,sr<=5%,kvB<=1k,kp=0,0.1423,2
256,n<=32,sr<=5%,kvB<=4k,kp<=1k,0.1581,2
256,n<=32,sr<=5%,kvB<=4k,kp<=2k,0.0968,2
256,n<=32,sr<=5%,kvB<=4k,kp<=4k,0.0112,2
256,n<=32,sr<=5%,kvB<=4k,kp<=512,0.1654,2
256,n<=32,sr<=5%,kvB<=4k,kp<=8k,0.0078,2
256,n<=32,sr<=5%,kvB<=4k,kp=0,0.192,2
256,n<=32,sr<=70%,kvB<=16k,kp<=1k,0.3071,2
256,n<=32,sr<=70%,kvB<=16k,kp<=2k,0.2287,2
256,n<=32,sr<=70%,kvB<=16k,kp<=4k,0.1953,2
256,n<=32,sr<=70%,kvB<=16k,kp<=512,0.4496,2
256,n<=32,sr<=70%,kvB<=16k,kp<=8k,0.2088,2
256,n<=32,sr<=70%,kvB<=16k,kp=0,0.7605,2
256,n<=32,sr<=70%,kvB<=1k,kp<=1k,0.0532,2
256,n<=32,sr<=70%,kvB<=1k,kp<=2k,0.0372,2
256,n<=32,sr<=70%,kvB<=1k,kp<=4k,-0.0345,2
256,n<=32,sr<=70%,kvB<=1k,kp<=512,0.1191,2
256,n<=32,sr<=70%,kvB<=1k,kp<=8k,-0.0608,2
256,n<=32,sr<=70%,kvB<=1k,kp=0,0.112,2
256,n<=32,sr<=70%,kvB<=4k,kp<=1k,0.1849,2
256,n<=32,sr<=70%,kvB<=4k,kp<=2k,0.2233,2
256,n<=32,sr<=70%,kvB<=4k,kp<=4k,0.1471,2
256,n<=32,sr<=70%,kvB<=4k,kp<=512,0.2583,2
256,n<=32,sr<=70%,kvB<=4k,kp<=8k,0.1044,2
256,n<=32,sr<=70%,kvB<=4k,kp=0,0.6581,2
256,n<=32,sr>70%,kvB<=16k,kp<=1k,0.5216,4
256,n<=32,sr>70%,kvB<=16k,kp<=2k,0.4884,4
256,n<=32,sr>70%,kvB<=16k,kp<=4k,0.3341,4
256,n<=32,sr>70%,kvB<=16k,kp<=512,0.8064,4
256,n<=32,sr>70%,kvB<=16k,kp<=8k,0.2001,4
256,n<=32,sr>70%,kvB<=16k,kp=0,1.4279,4
256,n<=32,sr>70%,kvB<=1k,kp<=1k,0.0449,4
256,n<=32,sr>70%,kvB<=1k,kp<=2k,0.0683,4
256,n<=32,sr>70%,kvB<=1k,kp<=4k,0.347,4
256,n<=32,sr>70%,kvB<=1k,kp<=512,0.0692,4
256,n<=32,sr>70%,kvB<=1k,kp<=8k,-0.0809,4
256,n<=32,sr>70%,kvB<=1k,kp=0,0.3612,4
256,n<=32,sr>70%,kvB<=4k,kp<=1k,0.2191,4
256,n<=32,sr>70%,kvB<=4k,kp<=2k,-0.0012,4
256,n<=32,sr>70%,kvB<=4k,kp<=4k,0.0403,4
256,n<=32,sr>70%,kvB<=4k,kp<=512,0.5175,4
256,n<=32,sr>70%,kvB<=4k,kp<=8k,0.0724,4
256,n<=32,sr>70%,kvB<=4k,kp=0,1.5148,4
256,n<=4,sr<=40%,kvB<=16k,kp<=1k,0.9806,2
256,n<=4,sr<=40%,kvB<=16k,kp<=2k,0.9825,2
256,n<=4,sr<=40%,kvB<=16k,kp<=4k,0.9856,2
256,n<=4,sr<=40%,kvB<=16k,kp<=512,0.9808,2
256,n<=4,sr<=40%,kvB<=16k,kp<=8k,0.9807,2
256,n<=4,sr<=40%,kvB<=16k,kp=0,0.9804,2
256,n<=4,sr<=40%,kvB<=1k,kp<=1k,0.016,2
256,n<=4,sr<=40%,kvB<=1k,kp<=2k,0.4058,2
256,n<=4,sr<=40%,kvB<=1k,kp<=4k,0.3524,2
256,n<=4,sr<=40%,kvB<=1k,kp<=512,0.7182,2
256,n<=4,sr<=40%,kvB<=1k,kp<=8k,-0.0635,2
256,n<=4,sr<=40%,kvB<=1k,kp=0,0.7674,2
256,n<=4,sr<=40%,kvB<=4k,kp<=1k,0.9429,2
256,n<=4,sr<=40%,kvB<=4k,kp<=2k,0.9363,2
256,n<=4,sr<=40%,kvB<=4k,kp<=4k,0.0334,2
256,n<=4,sr<=40%,kvB<=4k,kp<=512,0.9406,2
256,n<=4,sr<=40%,kvB<=4k,kp<=8k,1.1923,2
256,n<=4,sr<=40%,kvB<=4k,kp=0,0.9333,2
256,n<=4,sr<=70%,kvB<=16k,kp<=1k,0.9862,2
256,n<=4,sr<=70%,kvB<=16k,kp<=2k,0.9923,2
256,n<=4,sr<=70%,kvB<=16k,kp<=4k,0.9847,2
256,n<=4,sr<=70%,kvB<=16k,kp<=512,0.986,2
256,n<=4,sr<=70%,kvB<=16k,kp<=8k,0.9868,2
256,n<=4,sr<=70%,kvB<=16k,kp=0,0.9849,2
256,n<=4,sr<=70%,kvB<=1k,kp<=1k,0.5864,2
256,n<=4,sr<=70%,kvB<=1k,kp<=2k,-2.2774,2
256,n<=4,sr<=70%,kvB<=1k,kp<=4k,-1.5556,1
256,n<=4,sr<=70%,kvB<=1k,kp<=512,0.7153,2
256,n<=4,sr<=70%,kvB<=1k,kp<=8k,0.3106,2
256,n<=4,sr<=70%,kvB<=1k,kp=0,0.688,2
256,n<=4,sr<=70%,kvB<=4k,kp<=1k,0.9269,2
256,n<=4,sr<=70%,kvB<=4k,kp<=2k,0.942,2
256,n<=4,sr<=70%,kvB<=4k,kp<=4k,-0.2702,2
256,n<=4,sr<=70%,kvB<=4k,kp<=512,0.9283,2
256,n<=4,sr<=70%,kvB<=4k,kp<=8k,-0.5003,1
256,n<=4,sr<=70%,kvB<=4k,kp=0,0.9304,2
256,n<=4,sr>70%,kvB<=16k,kp<=1k,0.995,2
256,n<=4,sr>70%,kvB<=16k,kp<=2k,0.9962,2
256,n<=4,sr>70%,kvB<=16k,kp<=4k,0.9973,2
256,n<=4,sr>70%,kvB<=16k,kp<=512,0.9929,2
256,n<=4,sr>70%,kvB<=16k,kp<=8k,0.9925,2
256,n<=4,sr>70%,kvB<=16k,kp=0,0.9945,2
256,n<=4,sr>70%,kvB<=1k,kp<=1k,0.6698,1
256,n<=4,sr>70%,kvB<=1k,kp<=2k,0.1762,2
256,n<=4,sr>70%,kvB<=1k,kp<=4k,2.2783,1
256,n<=4,sr>70%,kvB<=1k,kp<=512,0.6789,2
256,n<=4,sr>70%,kvB<=1k,kp<=8k,1.1803,1
256,n<=4,sr>70%,kvB<=1k,kp=0,0.6563,2
256,n<=4,sr>70%,kvB<=4k,kp<=1k,0.9484,2
256,n<=4,sr>70%,kvB<=4k,kp<=2k,0.9736,2
256,n<=4,sr>70%,kvB<=4k,kp<=4k,0.3881,2
256,n<=4,sr>70%,kvB<=4k,kp<=512,0.9564,2
256,n<=4,sr>70%,kvB<=4k,kp<=8k,0.6591,2
256,n<=4,sr>70%,kvB<=4k,kp=0,0.9255,2
256,n<=64,sr<=15%,kvB<=16k,kp<=1k,0.0432,4
256,n<=64,sr<=15%,kvB<=16k,kp<=2k,0.0412,4
256,n<=64,sr<=15%,kvB<=16k,kp<=4k,0.0367,4
256,n<=64,sr<=15%,kvB<=16k,kp<=512,0.0456,4
256,n<=64,sr<=15%,kvB<=16k,kp<=8k,0.0345,4
256,n<=64,sr<=15%,kvB<=16k,kp=0,0.0453,4
256,n<=64,sr<=15%,kvB<=1k,kp<=1k,0.0373,4
256,n<=64,sr<=15%,kvB<=1k,kp<=2k,0.0431,4
256,n<=64,sr<=15%,kvB<=1k,kp<=4k,0.0554,4
256,n<=64,sr<=15%,kvB<=1k,kp<=512,0.0521,4
256,n<=64,sr<=15%,kvB<=1k,kp<=8k,0.0672,4
256,n<=64,sr<=15%,kvB<=1k,kp=0,0.0519,4
256,n<=64,sr<=15%,kvB<=4k,kp<=1k,0.0397,4
256,n<=64,sr<=15%,kvB<=4k,kp<=2k,0.0295,4
256,n<=64,sr<=15%,kvB<=4k,kp<=4k,-0.0027,4
256,n<=64,sr<=15%,kvB<=4k,kp<=512,0.0447,4
256,n<=64,sr<=15%,kvB<=4k,kp<=8k,-0.0063,4
256,n<=64,sr<=15%,kvB<=4k,kp=0,0.0391,4
256,n<=64,sr<=40%,kvB<=16k,kp<=1k,0.0248,2
256,n<=64,sr<=40%,kvB<=16k,kp<=2k,0.0309,2
256,n<=64,sr<=40%,kvB<=16k,kp<=4k,0.0223,2
256,n<=64,sr<=40%,kvB<=16k,kp<=512,0.0258,2
256,n<=64,sr<=40%,kvB<=16k,kp<=8k,0.0188,2
256,n<=64,sr<=40%,kvB<=16k,kp=0,0.024,2
256,n<=64,sr<=40%,kvB<=1k,kp<=1k,0.0442,2
256,n<=64,sr<=40%,kvB<=1k,kp<=2k,0.0653,2
256,n<=64,sr<=40%,kvB<=1k,kp<=4k,0.0794,2
256,n<=64,sr<=40%,kvB<=1k,kp<=512,0.0504,2
256,n<=64,sr<=40%,kvB<=1k,kp<=8k,0.1078,2
256,n<=64,sr<=40%,kvB<=1k,kp=0,0.045,2
256,n<=64,sr<=40%,kvB<=4k,kp<=1k,0.0153,2
256,n<=64,sr<=40%,kvB<=4k,kp<=2k,0.0011,2
256,n<=64,sr<=40%,kvB<=4k,kp<=4k,-0.0028,2
256,n<=64,sr<=40%,kvB<=4k,kp<=512,0.0175,2
256,n<=64,sr<=40%,kvB<=4k,kp<=8k,-0.0162,2
256,n<=64,sr<=40%,kvB<=4k,kp=0,0.0126,2
256,n<=64,sr<=5%,kvB<=16k,kp<=1k,0.0528,6
256,n<=64,sr<=5%,kvB<=16k,kp<=2k,0.0506,6
256,n<=64,sr<=5%,kvB<=16k,kp<=4k,0.0487,6
256,n<=64,sr<=5%,kvB<=16k,kp<=512,0.0521,6
256,n<=64,sr<=5%,kvB<=16k,kp<=8k,0.0397,6
256,n<=64,sr<=5%,kvB<=16k,kp=0,0.0513,6
256,n<=64,sr<=5%,kvB<=1k,kp<=1k,0.007,6
256,n<=64,sr<=5%,kvB<=1k,kp<=2k,0.0091,6
256,n<=64,sr<=5%,kvB<=1k,kp<=4k,0.013,6
256,n<=64,sr<=5%,kvB<=1k,kp<=512,0.0246,6
256,n<=64,sr<=5%,kvB<=1k,kp<=8k,0.0129,6
256,n<=64,sr<=5%,kvB<=1k,kp=0,0.0272,6
256,n<=64,sr<=5%,kvB<=4k,kp<=1k,0.0468,6
256,n<=64,sr<=5%,kvB<=4k,kp<=2k,0.0372,6
256,n<=64,sr<=5%,kvB<=4k,kp<=4k,-0.0013,6
256,n<=64,sr<=5%,kvB<=4k,kp<=512,0.0471,6
256,n<=64,sr<=5%,kvB<=4k,kp<=8k,0.0042,6
256,n<=64,sr<=5%,kvB<=4k,kp=0,0.0468,6
256,n<=64,sr<=70%,kvB<=16k,kp<=1k,-0.0053,2
256,n<=64,sr<=70%,kvB<=16k,kp<=2k,0.0117,2
256,n<=64,sr<=70%,kvB<=16k,kp<=4k,0.0065,2
256,n<=64,sr<=70%,kvB<=16k,kp<=512,-0.0032,2
256,n<=64,sr<=70%,kvB<=16k,kp<=8k,0.0092,2
256,n<=64,sr<=70%,kvB<=16k,kp=0,-0.0023,2
256,n<=64,sr<=70%,kvB<=1k,kp<=1k,-0.0047,2
256,n<=64,sr<=70%,kvB<=1k,kp<=2k,-0.0281,2
256,n<=64,sr<=70%,kvB<=1k,kp<=4k,0.022,2
256,n<=64,sr<=70%,kvB<=1k,kp<=512,0.0044,2
256,n<=64,sr<=70%,kvB<=1k,kp<=8k,0.0285,2
256,n<=64,sr<=70%,kvB<=1k,kp=0,-0.0179,2
256,n<=64,sr<=70%,kvB<=4k,kp<=1k,0.0132,2
256,n<=64,sr<=70%,kvB<=4k,kp<=2k,0.0028,2
256,n<=64,sr<=70%,kvB<=4k,kp<=4k,-0.0162,2
256,n<=64,sr<=70%,kvB<=4k,kp<=512,0.0012,2
256,n<=64,sr<=70%,kvB<=4k,kp<=8k,-0.0209,2
256,n<=64,sr<=70%,kvB<=4k,kp=0,-0.0146,2
256,n<=64,sr>70%,kvB<=16k,kp<=1k,0.0481,4
256,n<=64,sr>70%,kvB<=16k,kp<=2k,0.0748,4
256,n<=64,sr>70%,kvB<=16k,kp<=4k,0.0607,4
256,n<=64,sr>70%,kvB<=16k,kp<=512,0.0547,4
256,n<=64,sr>70%,kvB<=16k,kp<=8k,0.0035,4
256,n<=64,sr>70%,kvB<=16k,kp=0,0.0343,4
256,n<=64,sr>70%,kvB<=1k,kp<=1k,0.1109,4
256,n<=64,sr>70%,kvB<=1k,kp<=2k,0.2691,4
256,n<=64,sr>70%,kvB<=1k,kp<=4k,0.3037,4
256,n<=64,sr>70%,kvB<=1k,kp<=512,0.1601,4
256,n<=64,sr>70%,kvB<=1k,kp<=8k,0.2577,4
256,n<=64,sr>70%,kvB<=1k,kp=0,0.0974,4
256,n<=64,sr>70%,kvB<=4k,kp<=1k,0.0527,4
256,n<=64,sr>70%,kvB<=4k,kp<=2k,-0.0083,4
256,n<=64,sr>70%,kvB<=4k,kp<=4k,-0.0143,4
256,n<=64,sr>70%,kvB<=4k,kp<=512,0.0287,4
256,n<=64,sr>70%,kvB<=4k,kp<=8k,0.2129,4
256,n<=64,sr>70%,kvB<=4k,kp=0,0.0121,4
256,n<=8,sr<=15%,kvB<=16k,kp<=1k,0.8425,2
256,n<=8,sr<=15%,kvB<=16k,kp<=2k,0.776,2
256,n<=8,sr<=15%,kvB<=16k,kp<=4k,0.5377,2
256,n<=8,sr<=15%,kvB<=16k,kp<=512,0.8704,2
256,n<=8,sr<=15%,kvB<=16k,kp<=8k,0.3018,2
256,n<=8,sr<=15%,kvB<=16k,kp=0,0.9182,2
256,n<=8,sr<=15%,kvB<=1k,kp<=1k,0.0003,2
256,n<=8,sr<=15%,kvB<=1k,kp<=2k,-0.0506,2
256,n<=8,sr<=15%,kvB<=1k,kp<=4k,0.0285,2
256,n<=8,sr<=15%,kvB<=1k,kp<=512,0.2732,2
256,n<=8,sr<=15%,kvB<=1k,kp<=8k,-0.0392,2
256,n<=8,sr<=15%,kvB<=1k,kp=0,0.5254,2
256,n<=8,sr<=15%,kvB<=4k,kp<=1k,0.4873,2
256,n<=8,sr<=15%,kvB<=4k,kp<=2k,0.2693,2
256,n<=8,sr<=15%,kvB<=4k,kp<=4k,-0.1114,2
256,n<=8,sr<=15%,kvB<=4k,kp<=512,0.6061,2
256,n<=8,sr<=15%,kvB<=4k,kp<=8k,-0.1365,2
256,n<=8,sr<=15%,kvB<=4k,kp=0,0.7819,2
256,n<=8,sr<=40%,kvB<=16k,kp<=1k,0.8477,4
256,n<=8,sr<=40%,kvB<=16k,kp<=2k,0.7581,4
256,n<=8,sr<=40%,kvB<=16k,kp<=4k,0.4391,4
256,n<=8,sr<=40%,kvB<=16k,kp<=512,0.858,4
256,n<=8,sr<=40%,kvB<=16k,kp<=8k,0.3335,4
256,n<=8,sr<=40%,kvB<=16k,kp=0,0.9295,4
256,n<=8,sr<=40%,kvB<=1k,kp<=1k,-0.0818,4
256,n<=8,sr<=40%,kvB<=1k,kp<=2k,-0.1858,4
256,n<=8,sr<=40%,kvB<=1k,kp<=4k,-0.1883,4
256,n<=8,sr<=40%,kvB<=1k,kp<=512,0.2883,4
256,n<=8,sr<=40%,kvB<=1k,kp<=8k,-0.173,4
256,n<=8,sr<=40%,kvB<=1k,kp=0,0.398,4
256,n<=8,sr<=40%,kvB<=4k,kp<=1k,0.3691,4
256,n<=8,sr<=40%,kvB<=4k,kp<=2k,0.3035,4
256,n<=8,sr<=40%,kvB<=4k,kp<=4k,-0.2143,4
256,n<=8,sr<=40%,kvB<=4k,kp<=512,0.4709,4
256,n<=8,sr<=40%,kvB<=4k,kp<=8k,-0.388,4
256,n<=8,sr<=40%,kvB<=4k,kp=0,0.7731,4
256,n<=8,sr<=70%,kvB<=16k,kp<=1k,0.8443,2
256,n<=8,sr<=70%,kvB<=16k,kp<=2k,0.7009,2
256,n<=8,sr<=70%,kvB<=16k,kp<=4k,0.3043,2
256,n<=8,sr<=70%,kvB<=16k,kp<=512,0.8254,2
256,n<=8,sr<=70%,kvB<=16k,kp<=8k,0.3119,2
256,n<=8,sr<=70%,kvB<=16k,kp=0,0.9349,2
256,n<=8,sr<=70%,kvB<=1k,kp<=1k,0.3966,2
256,n<=8,sr<=70%,kvB<=1k,kp<=2k,0.3014,2
256,n<=8,sr<=70%,kvB<=1k,kp<=4k,0.2641,2
256,n<=8,sr<=70%,kvB<=1k,kp<=512,0.3955,2
256,n<=8,sr<=70%,kvB<=1k,kp<=8k,0.3054,2
256,n<=8,sr<=70%,kvB<=1k,kp=0,0.1532,2
256,n<=8,sr<=70%,kvB<=4k,kp<=1k,0.1556,2
256,n<=8,sr<=70%,kvB<=4k,kp<=2k,0.3328,2
256,n<=8,sr<=70%,kvB<=4k,kp<=4k,-0.0998,2
256,n<=8,sr<=70%,kvB<=4k,kp<=512,0.2949,2
256,n<=8,sr<=70%,kvB<=4k,kp<=8k,-0.1992,2
256,n<=8,sr<=70%,kvB<=4k,kp=0,0.7659,2
256,n<=8,sr>70%,kvB<=16k,kp<=1k,0.7776,4
256,n<=8,sr>70%,kvB<=16k,kp<=2k,0.5339,4
256,n<=8,sr>70%,kvB<=16k,kp<=4k,-0.2548,4
256,n<=8,sr>70%,kvB<=16k,kp<=512,0.8676,4
256,n<=8,sr>70%,kvB<=16k,kp<=8k,-0.2096,4
256,n<=8,sr>70%,kvB<=16k,kp=0,0.9142,4
256,n<=8,sr>70%,kvB<=1k,kp<=1k,0.7117,4
256,n<=8,sr>70%,kvB<=1k,kp<=2k,0.743,4
256,n<=8,sr>70%,kvB<=1k,kp<=4k,0.6436,4
256,n<=8,sr>70%,kvB<=1k,kp<=512,0.4519,4
256,n<=8,sr>70%,kvB<=1k,kp<=8k,0.532,4
256,n<=8,sr>70%,kvB<=1k,kp=0,-0.224,4
256,n<=8,sr>70%,kvB<=4k,kp<=1k,-0.3438,4
256,n<=8,sr>70%,kvB<=4k,kp<=2k,-0.1344,4
256,n<=8,sr>70%,kvB<=4k,kp<=4k,0.9381,4
256,n<=8,sr>70%,kvB<=4k,kp<=512,-0.3288,4
256,n<=8,sr>70%,kvB<=4k,kp<=8k,0.8451,4
256,n<=8,sr>70%,kvB<=4k,kp=0,0.6492,4
512,n<=128,sr<=15%,kvB<=16k,kp<=1k,0.0059,4
512,n<=128,sr<=15%,kvB<=16k,kp<=2k,0.0065,4
512,n<=128,sr<=15%,kvB<=16k,kp<=4k,0.0023,4
512,n<=128,sr<=15%,kvB<=16k,kp<=512,0.0059,4
512,n<=128,sr<=15%,kvB<=16k,kp<=8k,0.002,4
512,n<=128,sr<=15%,kvB<=16k,kp=0,0.0047,4
512,n<=128,sr<=15%,kvB<=1k,kp<=1k,0.0552,4
512,n<=128,sr<=15%,kvB<=1k,kp<=2k,0.055,4
512,n<=128,sr<=15%,kvB<=1k,kp<=4k,0.0605,4
512,n<=128,sr<=15%,kvB<=1k,kp<=512,0.0536,4
512,n<=128,sr<=15%,kvB<=1k,kp<=8k,0.0736,4
512,n<=128,sr<=15%,kvB<=1k,kp=0,0.0537,4
512,n<=128,sr<=15%,kvB<=4k,kp<=1k,0.0052,4
512,n<=128,sr<=15%,kvB<=4k,kp<=2k,0.0036,4
512,n<=128,sr<=15%,kvB<=4k,kp<=4k,0.0071,4
512,n<=128,sr<=15%,kvB<=4k,kp<=512,0.0036,4
512,n<=128,sr<=15%,kvB<=4k,kp<=8k,0.0139,4
512,n<=128,sr<=15%,kvB<=4k,kp=0,0.0035,4
512,n<=128,sr<=40%,kvB<=16k,kp<=1k,-0.0029,2
512,n<=128,sr<=40%,kvB<=16k,kp<=2k,-0.0017,2
512,n<=128,sr<=40%,kvB<=16k,kp<=4k,-0.0033,2
512,n<=128,sr<=40%,kvB<=16k,kp<=512,-0.0047,2
512,n<=128,sr<=40%,kvB<=16k,kp<=8k,-0.0068,2
512,n<=128,sr<=40%,kvB<=16k,kp=0,-0.0028,2
512,n<=128,sr<=40%,kvB<=1k,kp<=1k,0.0892,2
512,n<=128,sr<=40%,kvB<=1k,kp<=2k,0.096,2
512,n<=128,sr<=40%,kvB<=1k,kp<=4k,0.1167,2
512,n<=128,sr<=40%,kvB<=1k,kp<=512,0.093,2
512,n<=128,sr<=40%,kvB<=1k,kp<=8k,0.1185,2
512,n<=128,sr<=40%,kvB<=1k,kp=0,0.1042,2
512,n<=128,sr<=40%,kvB<=4k,kp<=1k,0.0015,2
512,n<=128,sr<=40%,kvB<=4k,kp<=2k,-0.0011,2
512,n<=128,sr<=40%,kvB<=4k,kp<=4k,-0.0035,2
512,n<=128,sr<=40%,kvB<=4k,kp<=512,0.005,2
512,n<=128,sr<=40%,kvB<=4k,kp<=8k,0.0005,2
512,n<=128,sr<=40%,kvB<=4k,kp=0,0.0027,2
512,n<=128,sr<=5%,kvB<=16k,kp<=1k,0.0134,8
512,n<=128,sr<=5%,kvB<=16k,kp<=2k,0.0127,8
512,n<=128,sr<=5%,kvB<=16k,kp<=4k,0.008,8
512,n<=128,sr<=5%,kvB<=16k,kp<=512,0.0131,8
512,n<=128,sr<=5%,kvB<=16k,kp<=8k,0.0096,8
512,n<=128,sr<=5%,kvB<=16k,kp=0,0.0121,8
512,n<=128,sr<=5%,kvB<=1k,kp<=1k,0.0059,8
512,n<=128,sr<=5%,kvB<=1k,kp<=2k,0.0043,8
512,n<=128,sr<=5%,kvB<=1k,kp<=4k,0.0028,8
512,n<=128,sr<=5%,kvB<=1k,kp<=512,0.0052,8
512,n<=128,sr<=5%,kvB<=1k,kp<=8k,0.0047,8
512,n<=128,sr<=5%,kvB<=1k,kp=0,0.0048,8
512,n<=128,sr<=5%,kvB<=4k,kp<=1k,0.0068,8
512,n<=128,sr<=5%,kvB<=4k,kp<=2k,0.0054,8
512,n<=128,sr<=5%,kvB<=4k,kp<=4k,0.0048,8
512,n<=128,sr<=5%,kvB<=4k,kp<=512,0.0065,8
512,n<=128,sr<=5%,kvB<=4k,kp<=8k,0.0087,8
512,n<=128,sr<=5%,kvB<=4k,kp=0,0.0082,8
512,n<=128,sr<=70%,kvB<=16k,kp<=1k,-0.0041,2
512,n<=128,sr<=70%,kvB<=16k,kp<=2k,-0.0048,2
512,n<=128,sr<=70%,kvB<=16k,kp<=4k,-0.0129,2
512,n<=128,sr<=70%,kvB<=16k,kp<=512,-0.0039,2
512,n<=128,sr<=70%,kvB<=16k,kp<=8k,-0.0152,2
512,n<=128,sr<=70%,kvB<=16k,kp=0,-0.0073,2
512,n<=128,sr<=70%,kvB<=1k,kp<=1k,0.0908,2
512,n<=128,sr<=70%,kvB<=1k,kp<=2k,0.1129,2
512,n<=128,sr<=70%,kvB<=1k,kp<=4k,0.1109,2
512,n<=128,sr<=70%,kvB<=1k,kp<=512,0.1172,2
512,n<=128,sr<=70%,kvB<=1k,kp<=8k,0.1102,2
512,n<=128,sr<=70%,kvB<=1k,kp=0,0.1602,2
512,n<=128,sr<=70%,kvB<=4k,kp<=1k,-0.0039,2
512,n<=128,sr<=70%,kvB<=4k,kp<=2k,-0.0074,2
512,n<=128,sr<=70%,kvB<=4k,kp<=4k,0.0109,2
512,n<=128,sr<=70%,kvB<=4k,kp<=512,-0.0026,2
512,n<=128,sr<=70%,kvB<=4k,kp<=8k,0.0055,2
512,n<=128,sr<=70%,kvB<=4k,kp=0,-0.0035,2
512,n<=128,sr>70%,kvB<=16k,kp<=1k,0.0076,4
512,n<=128,sr>70%,kvB<=16k,kp<=2k,0.0064,4
512,n<=128,sr>70%,kvB<=16k,kp<=4k,0.013,4
512,n<=128,sr>70%,kvB<=16k,kp<=512,0.01,4
512,n<=128,sr>70%,kvB<=16k,kp<=8k,-0.0063,4
512,n<=128,sr>70%,kvB<=16k,kp=0,0.0054,4
512,n<=128,sr>70%,kvB<=1k,kp<=1k,0.2336,4
512,n<=128,sr>70%,kvB<=1k,kp<=2k,0.2906,4
512,n<=128,sr>70%,kvB<=1k,kp<=4k,0.394,4
512,n<=128,sr>70%,kvB<=1k,kp<=512,0.2242,4
512,n<=128,sr>70%,kvB<=1k,kp<=8k,0.3499,4
512,n<=128,sr>70%,kvB<=1k,kp=0,0.2131,4
512,n<=128,sr>70%,kvB<=4k,kp<=1k,0.0005,4
512,n<=128,sr>70%,kvB<=4k,kp<=2k,0.0005,4
512,n<=128,sr>70%,kvB<=4k,kp<=4k,-0.0173,4
512,n<=128,sr>70%,kvB<=4k,kp<=512,-0.0128,4
512,n<=128,sr>70%,kvB<=4k,kp<=8k,0.0267,4
512,n<=128,sr>70%,kvB<=4k,kp=0,-0.0003,4
512,n<=16,sr<=15%,kvB<=16k,kp<=1k,0.326,4
512,n<=16,sr<=15%,kvB<=16k,kp<=2k,0.3152,4
512,n<=16,sr<=15%,kvB<=16k,kp<=4k,0.2877,4
512,n<=16,sr<=15%,kvB<=16k,kp<=512,0.337,4
512,n<=16,sr<=15%,kvB<=16k,kp<=8k,0.2114,4
512,n<=16,sr<=15%,kvB<=16k,kp=0,0.3906,4
512,n<=16,sr<=15%,kvB<=1k,kp<=1k,0.0449,4
512,n<=16,sr<=15%,kvB<=1k,kp<=2k,0.0361,4
512,n<=16,sr<=15%,kvB<=1k,kp<=4k,0.158,4
512,n<=16,sr<=15%,kvB<=1k,kp<=512,0.1068,4
512,n<=16,sr<=15%,kvB<=1k,kp<=8k,0.072,4
512,n<=16,sr<=15%,kvB<=1k,kp=0,0.2774,4
512,n<=16,sr<=15%,kvB<=4k,kp<=1k,0.2718,4
512,n<=16,sr<=15%,kvB<=4k,kp<=2k,0.1873,4
512,n<=16,sr<=15%,kvB<=4k,kp<=4k,-0.0521,4
512,n<=16,sr<=15%,kvB<=4k,kp<=512,0.2666,4
512,n<=16,sr<=15%,kvB<=4k,kp<=8k,0.0616,4
512,n<=16,sr<=15%,kvB<=4k,kp=0,0.3268,4
512,n<=16,sr<=40%,kvB<=16k,kp<=1k,0.3039,4
512,n<=16,sr<=40%,kvB<=16k,kp<=2k,0.2566,4
512,n<=16,sr<=40%,kvB<=16k,kp<=4k,0.2678,4
512,n<=16,sr<=40%,kvB<=16k,kp<=512,0.3344,4
512,n<=16,sr<=40%,kvB<=16k,kp<=8k,0.3076,4
512,n<=16,sr<=40%,kvB<=16k,kp=0,0.4233,4
512,n<=16,sr<=40%,kvB<=1k,kp<=1k,-0.0038,4
512,n<=16,sr<=40%,kvB<=1k,kp<=2k,-0.0058,4
512,n<=16,sr<=40%,kvB<=1k,kp<=4k,0.17,4
512,n<=16,sr<=40%,kvB<=1k,kp<=512,0.1355,4
512,n<=16,sr<=40%,kvB<=1k,kp<=8k,0.072,4
512,n<=16,sr<=40%,kvB<=1k,kp=0,0.2655,4
512,n<=16,sr<=40%,kvB<=4k,kp<=1k,0.2796,4
512,n<=16,sr<=40%,kvB<=4k,kp<=2k,0.2299,4
512,n<=16,sr<=40%,kvB<=4k,kp<=4k,-0.1025,4
512,n<=16,sr<=40%,kvB<=4k,kp<=512,0.2716,4
512,n<=16,sr<=40%,kvB<=4k,kp<=8k,0.0452,4
512,n<=16,sr<=40%,kvB<=4k,kp=0,0.2611,4
512,n<=16,sr<=70%,kvB<=16k,kp<=1k,0.4695,2
512,n<=16,sr<=70%,kvB<=16k,kp<=2k,0.3248,2
512,n<=16,sr<=70%,kvB<=16k,kp<=4k,0.1664,2
512,n<=16,sr<=70%,kvB<=16k,kp<=512,0.545,2
512,n<=16,sr<=70%,kvB<=16k,kp<=8k,0.2649,2
512,n<=16,sr<=70%,kvB<=16k,kp=0,0.7495,2
512,n<=16,sr<=70%,kvB<=1k,kp<=1k,0.0397,2
512,n<=16,sr<=70%,kvB<=1k,kp<=2k,-0.1553,2
512,n<=16,sr<=70%,kvB<=1k,kp<=4k,0.0582,2
512,n<=16,sr<=70%,kvB<=1k,kp<=512,0.1273,2
512,n<=16,sr<=70%,kvB<=1k,kp<=8k,-0.0178,2
512,n<=16,sr<=70%,kvB<=1k,kp=0,0.2471,2
512,n<=16,sr<=70%,kvB<=4k,kp<=1k,0.2771,2
512,n<=16,sr<=70%,kvB<=4k,kp<=2k,0.4009,2
512,n<=16,sr<=70%,kvB<=4k,kp<=4k,0.2244,2
512,n<=16,sr<=70%,kvB<=4k,kp<=512,0.1109,2
512,n<=16,sr<=70%,kvB<=4k,kp<=8k,-0.5126,2
512,n<=16,sr<=70%,kvB<=4k,kp=0,0.3814,2
512,n<=16,sr>70%,kvB<=16k,kp<=1k,0.4485,4
512,n<=16,sr>70%,kvB<=16k,kp<=2k,0.2026,4
512,n<=16,sr>70%,kvB<=16k,kp<=4k,-0.269,4
512,n<=16,sr>70%,kvB<=16k,kp<=512,0.4657,4
512,n<=16,sr>70%,kvB<=16k,kp<=8k,0.0025,4
512,n<=16,sr>70%,kvB<=16k,kp=0,0.7531,4
512,n<=16,sr>70%,kvB<=1k,kp<=1k,0.1674,4
512,n<=16,sr>70%,kvB<=1k,kp<=2k,0.3395,4
512,n<=16,sr>70%,kvB<=1k,kp<=4k,-0.0036,3
512,n<=16,sr>70%,kvB<=1k,kp<=512,0.1589,4
512,n<=16,sr>70%,kvB<=1k,kp<=8k,0.119,4
512,n<=16,sr>70%,kvB<=1k,kp=0,0.3512,4
512,n<=16,sr>70%,kvB<=4k,kp<=1k,-0.1287,4
512,n<=16,sr>70%,kvB<=4k,kp<=2k,0.1421,4
512,n<=16,sr>70%,kvB<=4k,kp<=4k,0.3894,4
512,n<=16,sr>70%,kvB<=4k,kp<=512,-0.1154,4
512,n<=16,sr>70%,kvB<=4k,kp<=8k,-0.1827,4
512,n<=16,sr>70%,kvB<=4k,kp=0,0.1332,4
512,n<=2,sr<=70%,kvB<=16k,kp<=1k,0.9758,2
512,n<=2,sr<=70%,kvB<=16k,kp<=2k,0.9655,2
512,n<=2,sr<=70%,kvB<=16k,kp<=4k,0.9705,2
512,n<=2,sr<=70%,kvB<=16k,kp<=512,0.9685,2
512,n<=2,sr<=70%,kvB<=16k,kp<=8k,0.9522,2
512,n<=2,sr<=70%,kvB<=16k,kp=0,0.9841,2
512,n<=2,sr<=70%,kvB<=1k,kp<=1k,0.4957,2
512,n<=2,sr<=70%,kvB<=1k,kp<=2k,0.1478,2
512,n<=2,sr<=70%,kvB<=1k,kp<=4k,0.0875,2
512,n<=2,sr<=70%,kvB<=1k,kp<=512,0.3608,2
512,n<=2,sr<=70%,kvB<=1k,kp<=8k,0.0372,2
512,n<=2,sr<=70%,kvB<=1k,kp=0,0.9075,2
512,n<=2,sr<=70%,kvB<=4k,kp<=1k,0.9447,2
512,n<=2,sr<=70%,kvB<=4k,kp<=2k,0.8985,2
512,n<=2,sr<=70%,kvB<=4k,kp<=4k,0.0232,2
512,n<=2,sr<=70%,kvB<=4k,kp<=512,0.9493,2
512,n<=2,sr<=70%,kvB<=4k,kp<=8k,-0.0417,2
512,n<=2,sr<=70%,kvB<=4k,kp=0,0.9403,2
512,n<=32,sr<=15%,kvB<=16k,kp<=1k,0.1149,6
512,n<=32,sr<=15%,kvB<=16k,kp<=2k,0.1057,6
512,n<=32,sr<=15%,kvB<=16k,kp<=4k,0.0979,6
512,n<=32,sr<=15%,kvB<=16k,kp<=512,0.118,6
512,n<=32,sr<=15%,kvB<=16k,kp<=8k,0.1006,6
512,n<=32,sr<=15%,kvB<=16k,kp=0,0.2458,6
512,n<=32,sr<=15%,kvB<=1k,kp<=1k,0.0486,6
512,n<=32,sr<=15%,kvB<=1k,kp<=2k,0.0643,6
512,n<=32,sr<=15%,kvB<=1k,kp<=4k,0.0732,6
512,n<=32,sr<=15%,kvB<=1k,kp<=512,0.0721,6
512,n<=32,sr<=15%,kvB<=1k,kp<=8k,0.1328,6
512,n<=32,sr<=15%,kvB<=1k,kp=0,0.1256,6
512,n<=32,sr<=15%,kvB<=4k,kp<=1k,0.1085,6
512,n<=32,sr<=15%,kvB<=4k,kp<=2k,0.081,6
512,n<=32,sr<=15%,kvB<=4k,kp<=4k,0.0246,6
512,n<=32,sr<=15%,kvB<=4k,kp<=512,0.103,6
512,n<=32,sr<=15%,kvB<=4k,kp<=8k,-0.0124,6
512,n<=32,sr<=15%,kvB<=4k,kp=0,0.1395,6
512,n<=32,sr<=40%,kvB<=16k,kp<=1k,0.0717,2
512,n<=32,sr<=40%,kvB<=16k,kp<=2k,0.0715,2
512,n<=32,sr<=40%,kvB<=16k,kp<=4k,0.0694,2
512,n<=32,sr<=40%,kvB<=16k,kp<=512,0.0818,2
512,n<=32,sr<=40%,kvB<=16k,kp<=8k,0.1085,2
512,n<=32,sr<=40%,kvB<=16k,kp=0,0.2835,2
512,n<=32,sr<=40%,kvB<=1k,kp<=1k,0.0627,2
512,n<=32,sr<=40%,kvB<=1k,kp<=2k,0.1338,2
512,n<=32,sr<=40%,kvB<=1k,kp<=4k,0.1209,2
512,n<=32,sr<=40%,kvB<=1k,kp<=512,0.1389,2
512,n<=32,sr<=40%,kvB<=1k,kp<=8k,0.1985,2
512,n<=32,sr<=40%,kvB<=1k,kp=0,0.1371,2
512,n<=32,sr<=40%,kvB<=4k,kp<=1k,0.0569,2
512,n<=32,sr<=40%,kvB<=4k,kp<=2k,0.0692,2
512,n<=32,sr<=40%,kvB<=4k,kp<=4k,-0.0245,2
512,n<=32,sr<=40%,kvB<=4k,kp<=512,0.0504,2
512,n<=32,sr<=40%,kvB<=4k,kp<=8k,-0.0252,2
512,n<=32,sr<=40%,kvB<=4k,kp=0,0.1089,2
512,n<=32,sr<=5%,kvB<=16k,kp<=1k,0.1237,2
512,n<=32,sr<=5%,kvB<=16k,kp<=2k,0.1179,2
512,n<=32,sr<=5%,kvB<=16k,kp<=4k,0.1101,2
512,n<=32,sr<=5%,kvB<=16k,kp<=512,0.1285,2
512,n<=32,sr<=5%,kvB<=16k,kp<=8k,0.0912,2
512,n<=32,sr<=5%,kvB<=16k,kp=0,0.2036,2
512,n<=32,sr<=5%,kvB<=1k,kp<=1k,0.0078,2
512,n<=32,sr<=5%,kvB<=1k,kp<=2k,0.015,2
512,n<=32,sr<=5%,kvB<=1k,kp<=4k,0.012,2
512,n<=32,sr<=5%,kvB<=1k,kp<=512,0.0342,2
512,n<=32,sr<=5%,kvB<=1k,kp<=8k,0.0213,2
512,n<=32,sr<=5%,kvB<=1k,kp=0,0.0942,2
512,n<=32,sr<=5%,kvB<=4k,kp<=1k,0.1048,2
512,n<=32,sr<=5%,kvB<=4k,kp<=2k,0.0916,2
512,n<=32,sr<=5%,kvB<=4k,kp<=4k,0.0478,2
512,n<=32,sr<=5%,kvB<=4k,kp<=512,0.1248,2
512,n<=32,sr<=5%,kvB<=4k,kp<=8k,0.0674,2
512,n<=32,sr<=5%,kvB<=4k,kp=0,0.1484,2
512,n<=32,sr<=70%,kvB<=16k,kp<=1k,0.0511,2
512,n<=32,sr<=70%,kvB<=16k,kp<=2k,0.0448,2
512,n<=32,sr<=70%,kvB<=16k,kp<=4k,0.0597,2
512,n<=32,sr<=70%,kvB<=16k,kp<=512,0.0696,2
512,n<=32,sr<=70%,kvB<=16k,kp<=8k,0.0658,2
512,n<=32,sr<=70%,kvB<=16k,kp=0,0.6841,2
512,n<=32,sr<=70%,kvB<=1k,kp<=1k,-0.0026,2
512,n<=32,sr<=70%,kvB<=1k,kp<=2k,0.056,2
512,n<=32,sr<=70%,kvB<=1k,kp<=4k,0.0837,2
512,n<=32,sr<=70%,kvB<=1k,kp<=512,0.0151,2
512,n<=32,sr<=70%,kvB<=1k,kp<=8k,0.106,2
512,n<=32,sr<=70%,kvB<=1k,kp=0,0.1013,2
512,n<=32,sr<=70%,kvB<=4k,kp<=1k,0.047,2
512,n<=32,sr<=70%,kvB<=4k,kp<=2k,0.0905,2
512,n<=32,sr<=70%,kvB<=4k,kp<=4k,0.0444,2
512,n<=32,sr<=70%,kvB<=4k,kp<=512,0.0402,2
512,n<=32,sr<=70%,kvB<=4k,kp<=8k,0.1135,2
512,n<=32,sr<=70%,kvB<=4k,kp=0,0.302,2
512,n<=32,sr>70%,kvB<=16k,kp<=1k,0.1146,4
512,n<=32,sr>70%,kvB<=16k,kp<=2k,0.0996,4
512,n<=32,sr>70%,kvB<=16k,kp<=4k,0.0514,4
512,n<=32,sr>70%,kvB<=16k,kp<=512,0.1437,4
512,n<=32,sr>70%,kvB<=16k,kp<=8k,0.0264,4
512,n<=32,sr>70%,kvB<=16k,kp=0,1.2647,4
512,n<=32,sr>70%,kvB<=1k,kp<=1k,0.0214,4
512,n<=32,sr>70%,kvB<=1k,kp<=2k,0.0917,4
512,n<=32,sr>70%,kvB<=1k,kp<=4k,0.3009,4
512,n<=32,sr>70%,kvB<=1k,kp<=512,0.1186,4
512,n<=32,sr>70%,kvB<=1k,kp<=8k,0.3634,4
512,n<=32,sr>70%,kvB<=1k,kp=0,0.0554,4
512,n<=32,sr>70%,kvB<=4k,kp<=1k,-0.0524,4
512,n<=32,sr>70%,kvB<=4k,kp<=2k,-0.042,4
512,n<=32,sr>70%,kvB<=4k,kp<=4k,0.1018,4
512,n<=32,sr>70%,kvB<=4k,kp<=512,0.0457,4
512,n<=32,sr>70%,kvB<=4k,kp<=8k,-0.1774,4
512,n<=32,sr>70%,kvB<=4k,kp=0,0.8603,4
512,n<=4,sr<=40%,kvB<=16k,kp<=1k,0.9667,2
512,n<=4,sr<=40%,kvB<=16k,kp<=2k,0.938,2
512,n<=4,sr<=40%,kvB<=16k,kp<=4k,0.9484,2
512,n<=4,sr<=40%,kvB<=16k,kp<=512,0.9695,2
512,n<=4,sr<=40%,kvB<=16k,kp<=8k,0.9439,2
512,n<=4,sr<=40%,kvB<=16k,kp=0,0.974,2
512,n<=4,sr<=40%,kvB<=1k,kp<=1k,0.7826,2
512,n<=4,sr<=40%,kvB<=1k,kp<=2k,0.7534,2
512,n<=4,sr<=40%,kvB<=1k,kp<=4k,0.5483,2
512,n<=4,sr<=40%,kvB<=1k,kp<=512,0.384,2
512,n<=4,sr<=40%,kvB<=1k,kp<=8k,0.5403,2
512,n<=4,sr<=40%,kvB<=1k,kp=0,0.7223,2
512,n<=4,sr<=40%,kvB<=4k,kp<=1k,0.8465,2
512,n<=4,sr<=40%,kvB<=4k,kp<=2k,0.8456,2
512,n<=4,sr<=40%,kvB<=4k,kp<=4k,0.6941,2
512,n<=4,sr<=40%,kvB<=4k,kp<=512,0.9016,2
512,n<=4,sr<=40%,kvB<=4k,kp<=8k,0.559,2
512,n<=4,sr<=40%,kvB<=4k,kp=0,0.9339,2
512,n<=4,sr<=70%,kvB<=16k,kp<=1k,0.9697,2
512,n<=4,sr<=70%,kvB<=16k,kp<=2k,0.9481,2
512,n<=4,sr<=70%,kvB<=16k,kp<=4k,0.9517,2
512,n<=4,sr<=70%,kvB<=16k,kp<=512,0.9692,2
512,n<=4,sr<=70%,kvB<=16k,kp<=8k,0.988,2
512,n<=4,sr<=70%,kvB<=16k,kp=0,0.9717,2
512,n<=4,sr<=70%,kvB<=1k,kp<=1k,0.4853,2
512,n<=4,sr<=70%,kvB<=1k,kp<=2k,0.6505,2
512,n<=4,sr<=70%,kvB<=1k,kp<=4k,0.6473,2
512,n<=4,sr<=70%,kvB<=1k,kp<=512,0.4244,2
512,n<=4,sr<=70%,kvB<=1k,kp<=8k,0.6578,2
512,n<=4,sr<=70%,kvB<=1k,kp=0,0.6545,2
512,n<=4,sr<=70%,kvB<=4k,kp<=1k,0.8549,2
512,n<=4,sr<=70%,kvB<=4k,kp<=2k,0.8617,2
512,n<=4,sr<=70%,kvB<=4k,kp<=4k,0.9678,2
512,n<=4,sr<=70%,kvB<=4k,kp<=512,0.9012,2
512,n<=4,sr<=70%,kvB<=4k,kp<=8k,0.9096,2
512,n<=4,sr<=70%,kvB<=4k,kp=0,0.9341,2
512,n<=4,sr>70%,kvB<=16k,kp<=1k,0.9744,2
512,n<=4,sr>70%,kvB<=16k,kp<=2k,0.9974,2
512,n<=4,sr>70%,kvB<=16k,kp<=4k,0.9705,2
512,n<=4,sr>70%,kvB<=16k,kp<=512,0.9505,2
512,n<=4,sr>70%,kvB<=16k,kp<=8k,0.9743,2
512,n<=4,sr>70%,kvB<=16k,kp=0,0.9768,2
512,n<=4,sr>70%,kvB<=1k,kp<=1k,0.9132,1
512,n<=4,sr>70%,kvB<=1k,kp<=2k,0.5051,1
512,n<=4,sr>70%,kvB<=1k,kp<=4k,0.6748,2
512,n<=4,sr>70%,kvB<=1k,kp<=512,0.6043,2
512,n<=4,sr>70%,kvB<=1k,kp<=8k,0.5351,2
512,n<=4,sr>70%,kvB<=1k,kp=0,0.6376,2
512,n<=4,sr>70%,kvB<=4k,kp<=1k,0.8462,2
512,n<=4,sr>70%,kvB<=4k,kp<=2k,0.8512,2
512,n<=4,sr>70%,kvB<=4k,kp<=4k,0.8509,2
512,n<=4,sr>70%,kvB<=4k,kp<=512,0.9141,2
512,n<=4,sr>70%,kvB<=4k,kp<=8k,0.9472,2
512,n<=4,sr>70%,kvB<=4k,kp=0,0.8987,2
512,n<=64,sr<=15%,kvB<=16k,kp<=1k,0.0433,4
512,n<=64,sr<=15%,kvB<=16k,kp<=2k,0.0454,4
512,n<=64,sr<=15%,kvB<=16k,kp<=4k,0.0435,4
512,n<=64,sr<=15%,kvB<=16k,kp<=512,0.044,4
512,n<=64,sr<=15%,kvB<=16k,kp<=8k,0.0315,4
512,n<=64,sr<=15%,kvB<=16k,kp=0,0.0452,4
512,n<=64,sr<=15%,kvB<=1k,kp<=1k,0.0507,4
512,n<=64,sr<=15%,kvB<=1k,kp<=2k,0.0548,4
512,n<=64,sr<=15%,kvB<=1k,kp<=4k,0.0584,4
512,n<=64,sr<=15%,kvB<=1k,kp<=512,0.0552,4
512,n<=64,sr<=15%,kvB<=1k,kp<=8k,0.0595,4
512,n<=64,sr<=15%,kvB<=1k,kp=0,0.0575,4
512,n<=64,sr<=15%,kvB<=4k,kp<=1k,0.0377,4
512,n<=64,sr<=15%,kvB<=4k,kp<=2k,0.0272,4
512,n<=64,sr<=15%,kvB<=4k,kp<=4k,0.0115,4
512,n<=64,sr<=15%,kvB<=4k,kp<=512,0.0368,4
512,n<=64,sr<=15%,kvB<=4k,kp<=8k,0.0119,4
512,n<=64,sr<=15%,kvB<=4k,kp=0,0.0372,4
512,n<=64,sr<=40%,kvB<=16k,kp<=1k,0.0285,2
512,n<=64,sr<=40%,kvB<=16k,kp<=2k,0.0329,2
512,n<=64,sr<=40%,kvB<=16k,kp<=4k,0.032,2
512,n<=64,sr<=40%,kvB<=16k,kp<=512,0.0254,2
512,n<=64,sr<=40%,kvB<=16k,kp<=8k,0.0143,2
512,n<=64,sr<=40%,kvB<=16k,kp=0,0.0248,2
512,n<=64,sr<=40%,kvB<=1k,kp<=1k,0.064,2
512,n<=64,sr<=40%,kvB<=1k,kp<=2k,0.0845,2
512,n<=64,sr<=40%,kvB<=1k,kp<=4k,0.0957,2
512,n<=64,sr<=40%,kvB<=1k,kp<=512,0.0671,2
512,n<=64,sr<=40%,kvB<=1k,kp<=8k,0.104,2
512,n<=64,sr<=40%,kvB<=1k,kp=0,0.0692,2
512,n<=64,sr<=40%,kvB<=4k,kp<=1k,0.0104,2
512,n<=64,sr<=40%,kvB<=4k,kp<=2k,-0.0083,2
512,n<=64,sr<=40%,kvB<=4k,kp<=4k,-0.0058,2
512,n<=64,sr<=40%,kvB<=4k,kp<=512,0.009,2
512,n<=64,sr<=40%,kvB<=4k,kp<=8k,-0.0218,2
512,n<=64,sr<=40%,kvB<=4k,kp=0,0.0098,2
512,n<=64,sr<=5%,kvB<=16k,kp<=1k,0.0537,6
512,n<=64,sr<=5%,kvB<=16k,kp<=2k,0.0532,6
512,n<=64,sr<=5%,kvB<=16k,kp<=4k,0.0497,6
512,n<=64,sr<=5%,kvB<=16k,kp<=512,0.0531,6
512,n<=64,sr<=5%,kvB<=16k,kp<=8k,0.0418,6
512,n<=64,sr<=5%,kvB<=16k,kp=0,0.0519,6
512,n<=64,sr<=5%,kvB<=1k,kp<=1k,0.0112,6
512,n<=64,sr<=5%,kvB<=1k,kp<=2k,0.0137,6
512,n<=64,sr<=5%,kvB<=1k,kp<=4k,0.0219,6
512,n<=64,sr<=5%,kvB<=1k,kp<=512,0.0176,6
512,n<=64,sr<=5%,kvB<=1k,kp<=8k,0.0064,6
512,n<=64,sr<=5%,kvB<=1k,kp=0,0.0204,6
512,n<=64,sr<=5%,kvB<=4k,kp<=1k,0.0419,6
512,n<=64,sr<=5%,kvB<=4k,kp<=2k,0.0363,6
512,n<=64,sr<=5%,kvB<=4k,kp<=4k,0.0091,6
512,n<=64,sr<=5%,kvB<=4k,kp<=512,0.0431,6
512,n<=64,sr<=5%,kvB<=4k,kp<=8k,0.0071,6
512,n<=64,sr<=5%,kvB<=4k,kp=0,0.0442,6
512,n<=64,sr<=70%,kvB<=16k,kp<=1k,-0.0022,2
512,n<=64,sr<=70%,kvB<=16k,kp<=2k,0.0121,2
512,n<=64,sr<=70%,kvB<=16k,kp<=4k,0.0228,2
512,n<=64,sr<=70%,kvB<=16k,kp<=512,-0.007,2
512,n<=64,sr<=70%,kvB<=16k,kp<=8k,0.0211,2
512,n<=64,sr<=70%,kvB<=16k,kp=0,-0.0086,2
512,n<=64,sr<=70%,kvB<=1k,kp<=1k,0.0196,2
512,n<=64,sr<=70%,kvB<=1k,kp<=2k,0.0832,2
512,n<=64,sr<=70%,kvB<=1k,kp<=4k,0.0893,2
512,n<=64,sr<=70%,kvB<=1k,kp<=512,0.0157,2
512,n<=64,sr<=70%,kvB<=1k,kp<=8k,0.0796,2
512,n<=64,sr<=70%,kvB<=1k,kp=0,0.0069,2
512,n<=64,sr<=70%,kvB<=4k,kp<=1k,0.013,2
512,n<=64,sr<=70%,kvB<=4k,kp<=2k,0.0018,2
512,n<=64,sr<=70%,kvB<=4k,kp<=4k,0.0189,2
512,n<=64,sr<=70%,kvB<=4k,kp<=512,-0.0041,2
512,n<=64,sr<=70%,kvB<=4k,kp<=8k,-0.0072,2
512,n<=64,sr<=70%,kvB<=4k,kp=0,-0.0191,2
512,n<=64,sr>70%,kvB<=16k,kp<=1k,0.0182,4
512,n<=64,sr>70%,kvB<=16k,kp<=2k,0.0526,4
512,n<=64,sr>70%,kvB<=16k,kp<=4k,0.0515,4
512,n<=64,sr>70%,kvB<=16k,kp<=512,0.0413,4
512,n<=64,sr>70%,kvB<=16k,kp<=8k,0.0759,4
512,n<=64,sr>70%,kvB<=16k,kp=0,0.0325,4
512,n<=64,sr>70%,kvB<=1k,kp<=1k,0.2209,4
512,n<=64,sr>70%,kvB<=1k,kp<=2k,0.3291,4
512,n<=64,sr>70%,kvB<=1k,kp<=4k,0.3925,4
512,n<=64,sr>70%,kvB<=1k,kp<=512,0.2592,4
512,n<=64,sr>70%,kvB<=1k,kp<=8k,0.3518,4
512,n<=64,sr>70%,kvB<=1k,kp=0,0.1991,4
512,n<=64,sr>70%,kvB<=4k,kp<=1k,0.0202,4
512,n<=64,sr>70%,kvB<=4k,kp<=2k,0.0329,4
512,n<=64,sr>70%,kvB<=4k,kp<=4k,0.0636,4
512,n<=64,sr>70%,kvB<=4k,kp<=512,0.0307,4
512,n<=64,sr>70%,kvB<=4k,kp<=8k,0.2279,4
512,n<=64,sr>70%,kvB<=4k,kp=0,-0.0049,4
512,n<=8,sr<=15%,kvB<=16k,kp<=1k,0.6733,2
512,n<=8,sr<=15%,kvB<=16k,kp<=2k,0.5266,2
512,n<=8,sr<=15%,kvB<=16k,kp<=4k,0.4142,2
512,n<=8,sr<=15%,kvB<=16k,kp<=512,0.7832,2
512,n<=8,sr<=15%,kvB<=16k,kp<=8k,0.483,2
512,n<=8,sr<=15%,kvB<=16k,kp=0,0.8262,2
512,n<=8,sr<=15%,kvB<=1k,kp<=1k,0.2426,2
512,n<=8,sr<=15%,kvB<=1k,kp<=2k,0.2563,2
512,n<=8,sr<=15%,kvB<=1k,kp<=4k,0.2139,2
512,n<=8,sr<=15%,kvB<=1k,kp<=512,0.1926,2
512,n<=8,sr<=15%,kvB<=1k,kp<=8k,0.2183,2
512,n<=8,sr<=15%,kvB<=1k,kp=0,0.4706,2
512,n<=8,sr<=15%,kvB<=4k,kp<=1k,0.4109,2
512,n<=8,sr<=15%,kvB<=4k,kp<=2k,0.4333,2
512,n<=8,sr<=15%,kvB<=4k,kp<=4k,0.6677,2
512,n<=8,sr<=15%,kvB<=4k,kp<=512,0.4236,2
512,n<=8,sr<=15%,kvB<=4k,kp<=8k,0.4786,2
512,n<=8,sr<=15%,kvB<=4k,kp=0,0.5606,2
512,n<=8,sr<=40%,kvB<=16k,kp<=1k,0.619,4
512,n<=8,sr<=40%,kvB<=16k,kp<=2k,0.4626,4
512,n<=8,sr<=40%,kvB<=16k,kp<=4k,0.5257,4
512,n<=8,sr<=40%,kvB<=16k,kp<=512,0.7553,4
512,n<=8,sr<=40%,kvB<=16k,kp<=8k,0.6008,4
512,n<=8,sr<=40%,kvB<=16k,kp=0,0.8055,4
512,n<=8,sr<=40%,kvB<=1k,kp<=1k,0.2101,4
512,n<=8,sr<=40%,kvB<=1k,kp<=2k,0.3296,4
512,n<=8,sr<=40%,kvB<=1k,kp<=4k,0.1879,4
512,n<=8,sr<=40%,kvB<=1k,kp<=512,0.3151,4
512,n<=8,sr<=40%,kvB<=1k,kp<=8k,0.1758,4
512,n<=8,sr<=40%,kvB<=1k,kp=0,0.4487,4
512,n<=8,sr<=40%,kvB<=4k,kp<=1k,0.5073,4
512,n<=8,sr<=40%,kvB<=4k,kp<=2k,0.5805,4
512,n<=8,sr<=40%,kvB<=4k,kp<=4k,0.2671,4
512,n<=8,sr<=40%,kvB<=4k,kp<=512,0.3961,4
512,n<=8,sr<=40%,kvB<=4k,kp<=8k,0.3775,4
512,n<=8,sr<=40%,kvB<=4k,kp=0,0.4277,4
512,n<=8,sr<=70%,kvB<=16k,kp<=1k,0.5172,2
512,n<=8,sr<=70%,kvB<=16k,kp<=2k,0.2498,2
512,n<=8,sr<=70%,kvB<=16k,kp<=4k,0.4167,2
512,n<=8,sr<=70%,kvB<=16k,kp<=512,0.7209,2
512,n<=8,sr<=70%,kvB<=16k,kp<=8k,0.6812,2
512,n<=8,sr<=70%,kvB<=16k,kp=0,0.7851,2
512,n<=8,sr<=70%,kvB<=1k,kp<=1k,0.0726,2
512,n<=8,sr<=70%,kvB<=1k,kp<=2k,0.3853,2
512,n<=8,sr<=70%,kvB<=1k,kp<=4k,0.0902,2
512,n<=8,sr<=70%,kvB<=1k,kp<=512,0.3232,2
512,n<=8,sr<=70%,kvB<=1k,kp<=8k,0.0514,2
512,n<=8,sr<=70%,kvB<=1k,kp=0,0.463,2
512,n<=8,sr<=70%,kvB<=4k,kp<=1k,0.472,2
512,n<=8,sr<=70%,kvB<=4k,kp<=2k,0.7243,2
512,n<=8,sr<=70%,kvB<=4k,kp<=4k,0.273,2
512,n<=8,sr<=70%,kvB<=4k,kp<=512,0.2685,2
512,n<=8,sr<=70%,kvB<=4k,kp<=8k,0.2206,2
512,n<=8,sr<=70%,kvB<=4k,kp=0,0.2322,2
512,n<=8,sr>70%,kvB<=16k,kp<=1k,0.2531,4
512,n<=8,sr>70%,kvB<=16k,kp<=2k,-0.1321,4
512,n<=8,sr>70%,kvB<=16k,kp<=4k,-0.061,4
512,n<=8,sr>70%,kvB<=16k,kp<=512,0.5991,4
512,n<=8,sr>70%,kvB<=16k,kp<=8k,0.9737,4
512,n<=8,sr>70%,kvB<=16k,kp=0,0.8117,4
512,n<=8,sr>70%,kvB<=1k,kp<=1k,0.2886,4
512,n<=8,sr>70%,kvB<=1k,kp<=2k,0.5264,4
512,n<=8,sr>70%,kvB<=1k,kp<=4k,0.3261,4
512,n<=8,sr>70%,kvB<=1k,kp<=512,0.2443,4
512,n<=8,sr>70%,kvB<=1k,kp<=8k,0.3767,4
512,n<=8,sr>70%,kvB<=1k,kp=0,0.7277,4
512,n<=8,sr>70%,kvB<=4k,kp<=1k,0.3097,4
512,n<=8,sr>70%,kvB<=4k,kp<=2k,0.7267,4
512,n<=8,sr>70%,kvB<=4k,kp<=4k,0.6208,4
512,n<=8,sr>70%,kvB<=4k,kp<=512,-0.2598,4
512,n<=8,sr>70%,kvB<=4k,kp<=8k,0.6372,4
512,n<=8,sr>70%,kvB<=4k,kp=0,-0.3978,4
1024,n<=128,sr<=15%,kvB<=16k,kp<=1k,0.0036,4
1024,n<=128,sr<=15%,kvB<=16k,kp<=2k,0.0029,4
1024,n<=128,sr<=15%,kvB<=16k,kp<=4k,0.0025,4
1024,n<=128,sr<=15%,kvB<=16k,kp<=512,0.004,4
1024,n<=128,sr<=15%,kvB<=16k,kp<=8k,0.0032,4
1024,n<=128,sr<=15%,kvB<=16k,kp=0,0.0045,4
1024,n<=128,sr<=15%,kvB<=1k,kp<=1k,0.0631,4
1024,n<=128,sr<=15%,kvB<=1k,kp<=2k,0.0624,4
1024,n<=128,sr<=15%,kvB<=1k,kp<=4k,0.0747,4
1024,n<=128,sr<=15%,kvB<=1k,kp<=512,0.0626,4
1024,n<=128,sr<=15%,kvB<=1k,kp<=8k,0.0684,4
1024,n<=128,sr<=15%,kvB<=1k,kp=0,0.0605,4
1024,n<=128,sr<=15%,kvB<=4k,kp<=1k,0.0083,4
1024,n<=128,sr<=15%,kvB<=4k,kp<=2k,0.0086,4
1024,n<=128,sr<=15%,kvB<=4k,kp<=4k,0.0071,4
1024,n<=128,sr<=15%,kvB<=4k,kp<=512,0.0084,4
1024,n<=128,sr<=15%,kvB<=4k,kp<=8k,0.0099,4
1024,n<=128,sr<=15%,kvB<=4k,kp=0,0.0062,4
1024,n<=128,sr<=40%,kvB<=16k,kp<=1k,-0.0006,2
1024,n<=128,sr<=40%,kvB<=16k,kp<=2k,-0.0008,2
1024,n<=128,sr<=40%,kvB<=16k,kp<=4k,-0.0036,2
1024,n<=128,sr<=40%,kvB<=16k,kp<=512,-0.0005,2
1024,n<=128,sr<=40%,kvB<=16k,kp<=8k,-0.0103,2
1024,n<=128,sr<=40%,kvB<=16k,kp=0,-0.0042,2
1024,n<=128,sr<=40%,kvB<=1k,kp<=1k,0.0933,2
1024,n<=128,sr<=40%,kvB<=1k,kp<=2k,0.1004,2
1024,n<=128,sr<=40%,kvB<=1k,kp<=4k,0.1049,2
1024,n<=128,sr<=40%,kvB<=1k,kp<=512,0.0932,2
1024,n<=128,sr<=40%,kvB<=1k,kp<=8k,0.1109,2
1024,n<=128,sr<=40%,kvB<=1k,kp=0,0.1023,2
1024,n<=128,sr<=40%,kvB<=4k,kp<=1k,0.0055,2
1024,n<=128,sr<=40%,kvB<=4k,kp<=2k,-0.0048,2
1024,n<=128,sr<=40%,kvB<=4k,kp<=4k,-0.0132,2
1024,n<=128,sr<=40%,kvB<=4k,kp<=512,0.01,2
1024,n<=128,sr<=40%,kvB<=4k,kp<=8k,0.0009,2
1024,n<=128,sr<=40%,kvB<=4k,kp=0,0.0115,2
1024,n<=128,sr<=5%,kvB<=16k,kp<=1k,0.0118,8
1024,n<=128,sr<=5%,kvB<=16k,kp<=2k,0.0107,8
1024,n<=128,sr<=5%,kvB<=16k,kp<=4k,0.0072,8
1024,n<=128,sr<=5%,kvB<=16k,kp<=512,0.0124,8
1024,n<=128,sr<=5%,kvB<=16k,kp<=8k,0.0064,8
1024,n<=128,sr<=5%,kvB<=16k,kp=0,0.0124,8
1024,n<=128,sr<=5%,kvB<=1k,kp<=1k,0.0065,8
1024,n<=128,sr<=5%,kvB<=1k,kp<=2k,0.0085,8
1024,n<=128,sr<=5%,kvB<=1k,kp<=4k,0.0101,8
1024,n<=128,sr<=5%,kvB<=1k,kp<=512,0.0066,8
1024,n<=128,sr<=5%,kvB<=1k,kp<=8k,0.0035,8
1024,n<=128,sr<=5%,kvB<=1k,kp=0,0.0058,8
1024,n<=128,sr<=5%,kvB<=4k,kp<=1k,0.005,8
1024,n<=128,sr<=5%,kvB<=4k,kp<=2k,0.0074,8
1024,n<=128,sr<=5%,kvB<=4k,kp<=4k,0.0093,8
1024,n<=128,sr<=5%,kvB<=4k,kp<=512,0.0058,8
1024,n<=128,sr<=5%,kvB<=4k,kp<=8k,0.0085,8
1024,n<=128,sr<=5%,kvB<=4k,kp=0,0.0053,8
1024,n<=128,sr<=70%,kvB<=16k,kp<=1k,-0.0018,2
1024,n<=128,sr<=70%,kvB<=16k,kp<=2k,-0.0028,2
1024,n<=128,sr<=70%,kvB<=16k,kp<=4k,-0.0073,2
1024,n<=128,sr<=70%,kvB<=16k,kp<=512,-0.0016,2
1024,n<=128,sr<=70%,kvB<=16k,kp<=8k,-0.0154,2
1024,n<=128,sr<=70%,kvB<=16k,kp=0,-0.0055,2
1024,n<=128,sr<=70%,kvB<=1k,kp<=1k,0.0301,2
1024,n<=128,sr<=70%,kvB<=1k,kp<=2k,0.0373,2
1024,n<=128,sr<=70%,kvB<=1k,kp<=4k,0.0755,2
1024,n<=128,sr<=70%,kvB<=1k,kp<=512,0.0455,2
1024,n<=128,sr<=70%,kvB<=1k,kp<=8k,0.0893,2
1024,n<=128,sr<=70%,kvB<=1k,kp=0,0.1131,2
1024,n<=128,sr<=70%,kvB<=4k,kp<=1k,0.0069,2
1024,n<=128,sr<=70%,kvB<=4k,kp<=2k,-0.0105,2
1024,n<=128,sr<=70%,kvB<=4k,kp<=4k,-0.0022,2
1024,n<=128,sr<=70%,kvB<=4k,kp<=512,0.0172,2
1024,n<=128,sr<=70%,kvB<=4k,kp<=8k,0.0178,2
1024,n<=128,sr<=70%,kvB<=4k,kp=0,0.0187,2
1024,n<=128,sr>70%,kvB<=16k,kp<=1k,0.0189,4
1024,n<=128,sr>70%,kvB<=16k,kp<=2k,0.0221,4
1024,n<=128,sr>70%,kvB<=16k,kp<=4k,0.0185,4
1024,n<=128,sr>70%,kvB<=16k,kp<=512,0.0112,4
1024,n<=128,sr>70%,kvB<=16k,kp<=8k,0.0179,4
1024,n<=128,sr>70%,kvB<=16k,kp=0,0.006,4
1024,n<=128,sr>70%,kvB<=1k,kp<=1k,0.2516,4
1024,n<=128,sr>70%,kvB<=1k,kp<=2k,0.2085,4
1024,n<=128,sr>70%,kvB<=1k,kp<=4k,0.2905,4
1024,n<=128,sr>70%,kvB<=1k,kp<=512,0.2224,4
1024,n<=128,sr>70%,kvB<=1k,kp<=8k,0.2882,4
1024,n<=128,sr>70%,kvB<=1k,kp=0,0.2761,4
1024,n<=128,sr>70%,kvB<=4k,kp<=1k,-0.0182,4
1024,n<=128,sr>70%,kvB<=4k,kp<=2k,-0.0095,4
1024,n<=128,sr>70%,kvB<=4k,kp<=4k,0.0275,4
1024,n<=128,sr>70%,kvB<=4k,kp<=512,-0.0173,4
1024,n<=128,sr>70%,kvB<=4k,kp<=8k,0.0174,4
1024,n<=128,sr>70%,kvB<=4k,kp=0,-0.0195,4
1024,n<=16,sr<=15%,kvB<=16k,kp<=1k,0.2578,4
1024,n<=16,sr<=15%,kvB<=16k,kp<=2k,0.2579,4
1024,n<=16,sr<=15%,kvB<=16k,kp<=4k,0.2579,4
1024,n<=16,sr<=15%,kvB<=16k,kp<=512,0.2667,4
1024,n<=16,sr<=15%,kvB<=16k,kp<=8k,0.2103,4
1024,n<=16,sr<=15%,kvB<=16k,kp=0,0.2754,4
1024,n<=16,sr<=15%,kvB<=1k,kp<=1k,0.0632,4
1024,n<=16,sr<=15%,kvB<=1k,kp<=2k,0.0865,4
1024,n<=16,sr<=15%,kvB<=1k,kp<=4k,0.0699,4
1024,n<=16,sr<=15%,kvB<=1k,kp<=512,0.0654,4
1024,n<=16,sr<=15%,kvB<=1k,kp<=8k,0.0533,4
1024,n<=16,sr<=15%,kvB<=1k,kp=0,0.1069,4
1024,n<=16,sr<=15%,kvB<=4k,kp<=1k,0.2476,4
1024,n<=16,sr<=15%,kvB<=4k,kp<=2k,0.1567,4
1024,n<=16,sr<=15%,kvB<=4k,kp<=4k,0.0496,4
1024,n<=16,sr<=15%,kvB<=4k,kp<=512,0.2428,4
1024,n<=16,sr<=15%,kvB<=4k,kp<=8k,0.1741,4
1024,n<=16,sr<=15%,kvB<=4k,kp=0,0.2517,4
1024,n<=16,sr<=40%,kvB<=16k,kp<=1k,0.22,4
1024,n<=16,sr<=40%,kvB<=16k,kp<=2k,0.2482,4
1024,n<=16,sr<=40%,kvB<=16k,kp<=4k,0.2521,4
1024,n<=16,sr<=40%,kvB<=16k,kp<=512,0.2282,4
1024,n<=16,sr<=40%,kvB<=16k,kp<=8k,0.2872,4
1024,n<=16,sr<=40%,kvB<=16k,kp=0,0.2545,4
1024,n<=16,sr<=40%,kvB<=1k,kp<=1k,0.0991,4
1024,n<=16,sr<=40%,kvB<=1k,kp<=2k,0.1157,4
1024,n<=16,sr<=40%,kvB<=1k,kp<=4k,0.078,4
1024,n<=16,sr<=40%,kvB<=1k,kp<=512,0.0622,4
1024,n<=16,sr<=40%,kvB<=1k,kp<=8k,0.0521,4
1024,n<=16,sr<=40%,kvB<=1k,kp=0,0.1401,4
1024,n<=16,sr<=40%,kvB<=4k,kp<=1k,0.2666,4
1024,n<=16,sr<=40%,kvB<=4k,kp<=2k,0.2087,4
1024,n<=16,sr<=40%,kvB<=4k,kp<=4k,-0.0054,4
1024,n<=16,sr<=40%,kvB<=4k,kp<=512,0.2464,4
1024,n<=16,sr<=40%,kvB<=4k,kp<=8k,0.0495,4
1024,n<=16,sr<=40%,kvB<=4k,kp=0,0.2312,4
1024,n<=16,sr<=70%,kvB<=16k,kp<=1k,0.2643,2
1024,n<=16,sr<=70%,kvB<=16k,kp<=2k,0.2138,2
1024,n<=16,sr<=70%,kvB<=16k,kp<=4k,0.1958,2
1024,n<=16,sr<=70%,kvB<=16k,kp<=512,0.3272,2
1024,n<=16,sr<=70%,kvB<=16k,kp<=8k,0.2283,2
1024,n<=16,sr<=70%,kvB<=16k,kp=0,0.3956,2
1024,n<=16,sr<=70%,kvB<=1k,kp<=1k,0.0887,2
1024,n<=16,sr<=70%,kvB<=1k,kp<=2k,-0.0547,2
1024,n<=16,sr<=70%,kvB<=1k,kp<=4k,-0.0352,2
1024,n<=16,sr<=70%,kvB<=1k,kp<=512,-0.0038,2
1024,n<=16,sr<=70%,kvB<=1k,kp<=8k,-0.0829,2
1024,n<=16,sr<=70%,kvB<=1k,kp=0,0.2234,2
1024,n<=16,sr<=70%,kvB<=4k,kp<=1k,0.2503,2
1024,n<=16,sr<=70%,kvB<=4k,kp<=2k,0.2839,2
1024,n<=16,sr<=70%,kvB<=4k,kp<=4k,0.0646,2
1024,n<=16,sr<=70%,kvB<=4k,kp<=512,0.1577,2
1024,n<=16,sr<=70%,kvB<=4k,kp<=8k,0.0457,2
1024,n<=16,sr<=70%,kvB<=4k,kp=0,0.173,2
1024,n<=16,sr>70%,kvB<=16k,kp<=1k,0.1092,4
1024,n<=16,sr>70%,kvB<=16k,kp<=2k,0.1441,4
1024,n<=16,sr>70%,kvB<=16k,kp<=4k,0.2487,4
1024,n<=16,sr>70%,kvB<=16k,kp<=512,0.168,4
1024,n<=16,sr>70%,kvB<=16k,kp<=8k,0.0829,4
1024,n<=16,sr>70%,kvB<=16k,kp=0,0.2559,4
1024,n<=16,sr>70%,kvB<=1k,kp<=1k,0.268,4
1024,n<=16,sr>70%,kvB<=1k,kp<=2k,0.1553,4
1024,n<=16,sr>70%,kvB<=1k,kp<=4k,0.0364,4
1024,n<=16,sr>70%,kvB<=1k,kp<=512,0.2053,4
1024,n<=16,sr>70%,kvB<=1k,kp<=8k,-0.1737,4
1024,n<=16,sr>70%,kvB<=1k,kp=0,0.3868,4
1024,n<=16,sr>70%,kvB<=4k,kp<=1k,0.228,4
1024,n<=16,sr>70%,kvB<=4k,kp<=2k,0.2532,4
1024,n<=16,sr>70%,kvB<=4k,kp<=4k,0.2053,4
1024,n<=16,sr>70%,kvB<=4k,kp<=512,0.1912,4
1024,n<=16,sr>70%,kvB<=4k,kp<=8k,-0.1328,4
1024,n<=16,sr>70%,kvB<=4k,kp=0,-0.0126,4
1024,n<=2,sr<=70%,kvB<=16k,kp<=1k,0.9765,2
1024,n<=2,sr<=70%,kvB<=16k,kp<=2k,0.9373,2
1024,n<=2,sr<=70%,kvB<=16k,kp<=4k,0.9557,2
1024,n<=2,sr<=70%,kvB<=16k,kp<=512,0.9675,2
1024,n<=2,sr<=70%,kvB<=16k,kp<=8k,0.8699,2
1024,n<=2,sr<=70%,kvB<=16k,kp=0,0.9858,2
1024,n<=2,sr<=70%,kvB<=1k,kp<=1k,0.32,2
1024,n<=2,sr<=70%,kvB<=1k,kp<=2k,0.8108,2
1024,n<=2,sr<=70%,kvB<=1k,kp<=4k,0.7373,2
1024,n<=2,sr<=70%,kvB<=1k,kp<=512,0.016,2
1024,n<=2,sr<=70%,kvB<=1k,kp<=8k,0.791,2
1024,n<=2,sr<=70%,kvB<=1k,kp=0,0.6086,1
1024,n<=2,sr<=70%,kvB<=4k,kp<=1k,0.8503,2
1024,n<=2,sr<=70%,kvB<=4k,kp<=2k,0.7325,2
1024,n<=2,sr<=70%,kvB<=4k,kp<=4k,0.8576,2
1024,n<=2,sr<=70%,kvB<=4k,kp<=512,0.8571,2
1024,n<=2,sr<=70%,kvB<=4k,kp<=8k,0.9362,2
1024,n<=2,sr<=70%,kvB<=4k,kp=0,0.9067,2
1024,n<=32,sr<=15%,kvB<=16k,kp<=1k,0.1072,6
1024,n<=32,sr<=15%,kvB<=16k,kp<=2k,0.0979,6
1024,n<=32,sr<=15%,kvB<=16k,kp<=4k,0.0932,6
1024,n<=32,sr<=15%,kvB<=16k,kp<=512,0.1092,6
1024,n<=32,sr<=15%,kvB<=16k,kp<=8k,0.1132,6
1024,n<=32,sr<=15%,kvB<=16k,kp=0,0.1072,6
1024,n<=32,sr<=15%,kvB<=1k,kp<=1k,0.0645,6
1024,n<=32,sr<=15%,kvB<=1k,kp<=2k,0.0563,6
1024,n<=32,sr<=15%,kvB<=1k,kp<=4k,0.0603,6
1024,n<=32,sr<=15%,kvB<=1k,kp<=512,0.0579,6
1024,n<=32,sr<=15%,kvB<=1k,kp<=8k,0.0601,6
1024,n<=32,sr<=15%,kvB<=1k,kp=0,0.0898,6
1024,n<=32,sr<=15%,kvB<=4k,kp<=1k,0.0992,6
1024,n<=32,sr<=15%,kvB<=4k,kp<=2k,0.0942,6
1024,n<=32,sr<=15%,kvB<=4k,kp<=4k,0.0043,6
1024,n<=32,sr<=15%,kvB<=4k,kp<=512,0.0987,6
1024,n<=32,sr<=15%,kvB<=4k,kp<=8k,0.0184,6
1024,n<=32,sr<=15%,kvB<=4k,kp=0,0.0955,6
1024,n<=32,sr<=40%,kvB<=16k,kp<=1k,0.0902,2
1024,n<=32,sr<=40%,kvB<=16k,kp<=2k,0.0927,2
1024,n<=32,sr<=40%,kvB<=16k,kp<=4k,0.082,2
1024,n<=32,sr<=40%,kvB<=16k,kp<=512,0.089,2
1024,n<=32,sr<=40%,kvB<=16k,kp<=8k,0.1116,2
1024,n<=32,sr<=40%,kvB<=16k,kp=0,0.0692,2
1024,n<=32,sr<=40%,kvB<=1k,kp<=1k,0.1093,2
1024,n<=32,sr<=40%,kvB<=1k,kp<=2k,0.1142,2
1024,n<=32,sr<=40%,kvB<=1k,kp<=4k,0.1234,2
1024,n<=32,sr<=40%,kvB<=1k,kp<=512,0.088,2
1024,n<=32,sr<=40%,kvB<=1k,kp<=8k,0.0864,2
1024,n<=32,sr<=40%,kvB<=1k,kp=0,0.1366,2
1024,n<=32,sr<=40%,kvB<=4k,kp<=1k,0.1107,2
1024,n<=32,sr<=40%,kvB<=4k,kp<=2k,0.0687,2
1024,n<=32,sr<=40%,kvB<=4k,kp<=4k,-0.0161,2
1024,n<=32,sr<=40%,kvB<=4k,kp<=512,0.0998,2
1024,n<=32,sr<=40%,kvB<=4k,kp<=8k,-0.0376,2
1024,n<=32,sr<=40%,kvB<=4k,kp=0,0.0648,2
1024,n<=32,sr<=5%,kvB<=16k,kp<=1k,0.1162,2
1024,n<=32,sr<=5%,kvB<=16k,kp<=2k,0.1136,2
1024,n<=32,sr<=5%,kvB<=16k,kp<=4k,0.1102,2
1024,n<=32,sr<=5%,kvB<=16k,kp<=512,0.1135,2
1024,n<=32,sr<=5%,kvB<=16k,kp<=8k,0.1173,2
1024,n<=32,sr<=5%,kvB<=16k,kp=0,0.1208,2
1024,n<=32,sr<=5%,kvB<=1k,kp<=1k,0.0233,2
1024,n<=32,sr<=5%,kvB<=1k,kp<=2k,0.0165,2
1024,n<=32,sr<=5%,kvB<=1k,kp<=4k,0.0009,2
1024,n<=32,sr<=5%,kvB<=1k,kp<=512,0.0124,2
1024,n<=32,sr<=5%,kvB<=1k,kp<=8k,0.0124,2
1024,n<=32,sr<=5%,kvB<=1k,kp=0,0.034,2
1024,n<=32,sr<=5%,kvB<=4k,kp<=1k,0.0963,2
1024,n<=32,sr<=5%,kvB<=4k,kp<=2k,0.0863,2
1024,n<=32,sr<=5%,kvB<=4k,kp<=4k,0.0222,2
1024,n<=32,sr<=5%,kvB<=4k,kp<=512,0.1113,2
1024,n<=32,sr<=5%,kvB<=4k,kp<=8k,0.0228,2
1024,n<=32,sr<=5%,kvB<=4k,kp=0,0.1125,2
1024,n<=32,sr<=70%,kvB<=16k,kp<=1k,0.0975,2
1024,n<=32,sr<=70%,kvB<=16k,kp<=2k,0.0949,2
1024,n<=32,sr<=70%,kvB<=16k,kp<=4k,0.0921,2
1024,n<=32,sr<=70%,kvB<=16k,kp<=512,0.1006,2
1024,n<=32,sr<=70%,kvB<=16k,kp<=8k,0.0927,2
1024,n<=32,sr<=70%,kvB<=16k,kp=0,0.0706,2
1024,n<=32,sr<=70%,kvB<=1k,kp<=1k,0.0434,2
1024,n<=32,sr<=70%,kvB<=1k,kp<=2k,0.0731,2
1024,n<=32,sr<=70%,kvB<=1k,kp<=4k,0.0227,2
1024,n<=32,sr<=70%,kvB<=1k,kp<=512,0.0671,2
1024,n<=32,sr<=70%,kvB<=1k,kp<=8k,-0.0783,2
1024,n<=32,sr<=70%,kvB<=1k,kp=0,0.0427,2
1024,n<=32,sr<=70%,kvB<=4k,kp<=1k,0.0789,2
1024,n<=32,sr<=70%,kvB<=4k,kp<=2k,0.063,2
1024,n<=32,sr<=70%,kvB<=4k,kp<=4k,0.0822,2
1024,n<=32,sr<=70%,kvB<=4k,kp<=512,0.0743,2
1024,n<=32,sr<=70%,kvB<=4k,kp<=8k,-0.0209,2
1024,n<=32,sr<=70%,kvB<=4k,kp=0,0.0434,2
1024,n<=32,sr>70%,kvB<=16k,kp<=1k,0.2052,4
1024,n<=32,sr>70%,kvB<=16k,kp<=2k,0.1899,4
1024,n<=32,sr>70%,kvB<=16k,kp<=4k,0.1727,4
1024,n<=32,sr>70%,kvB<=16k,kp<=512,0.2082,4
1024,n<=32,sr>70%,kvB<=16k,kp<=8k,0.1623,4
1024,n<=32,sr>70%,kvB<=16k,kp=0,0.1623,4
1024,n<=32,sr>70%,kvB<=1k,kp<=1k,0.2725,4
1024,n<=32,sr>70%,kvB<=1k,kp<=2k,0.2453,4
1024,n<=32,sr>70%,kvB<=1k,kp<=4k,0.3092,4
1024,n<=32,sr>70%,kvB<=1k,kp<=512,0.2393,4
1024,n<=32,sr>70%,kvB<=1k,kp<=8k,0.06,4
1024,n<=32,sr>70%,kvB<=1k,kp=0,0.2314,4
1024,n<=32,sr>70%,kvB<=4k,kp<=1k,0.0663,4
1024,n<=32,sr>70%,kvB<=4k,kp<=2k,0.1154,4
1024,n<=32,sr>70%,kvB<=4k,kp<=4k,0.0667,4
1024,n<=32,sr>70%,kvB<=4k,kp<=512,0.0809,4
1024,n<=32,sr>70%,kvB<=4k,kp<=8k,0.0718,4
1024,n<=32,sr>70%,kvB<=4k,kp=0,0.0523,4
1024,n<=4,sr<=40%,kvB<=16k,kp<=1k,0.8681,2
1024,n<=4,sr<=40%,kvB<=16k,kp<=2k,0.7973,2
1024,n<=4,sr<=40%,kvB<=16k,kp<=4k,0.8469,2
1024,n<=4,sr<=40%,kvB<=16k,kp<=512,0.9434,2
1024,n<=4,sr<=40%,kvB<=16k,kp<=8k,0.8769,2
1024,n<=4,sr<=40%,kvB<=16k,kp=0,0.9639,2
1024,n<=4,sr<=40%,kvB<=1k,kp<=1k,0.2003,2
1024,n<=4,sr<=40%,kvB<=1k,kp<=2k,0.3703,2
1024,n<=4,sr<=40%,kvB<=1k,kp<=4k,0.2335,2
1024,n<=4,sr<=40%,kvB<=1k,kp<=512,0.1216,2
1024,n<=4,sr<=40%,kvB<=1k,kp<=8k,0.2446,2
1024,n<=4,sr<=40%,kvB<=1k,kp=0,0.2343,2
1024,n<=4,sr<=40%,kvB<=4k,kp<=1k,0.599,2
1024,n<=4,sr<=40%,kvB<=4k,kp<=2k,0.6356,2
1024,n<=4,sr<=40%,kvB<=4k,kp<=4k,0.3772,2
1024,n<=4,sr<=40%,kvB<=4k,kp<=512,0.7017,2
1024,n<=4,sr<=40%,kvB<=4k,kp<=8k,0.337,2
1024,n<=4,sr<=40%,kvB<=4k,kp=0,0.7871,2
1024,n<=4,sr<=70%,kvB<=16k,kp<=1k,0.8371,2
1024,n<=4,sr<=70%,kvB<=16k,kp<=2k,0.76,2
1024,n<=4,sr<=70%,kvB<=16k,kp<=4k,0.8248,2
1024,n<=4,sr<=70%,kvB<=16k,kp<=512,0.9589,2
1024,n<=4,sr<=70%,kvB<=16k,kp<=8k,0.975,2
1024,n<=4,sr<=70%,kvB<=16k,kp=0,0.9731,2
1024,n<=4,sr<=70%,kvB<=1k,kp<=1k,0.4079,2
1024,n<=4,sr<=70%,kvB<=1k,kp<=2k,0.2216,2
1024,n<=4,sr<=70%,kvB<=1k,kp<=4k,0.243,2
1024,n<=4,sr<=70%,kvB<=1k,kp<=512,0.235,2
1024,n<=4,sr<=70%,kvB<=1k,kp<=8k,0.2602,2
1024,n<=4,sr<=70%,kvB<=1k,kp=0,0.3521,2
1024,n<=4,sr<=70%,kvB<=4k,kp<=1k,0.5807,2
1024,n<=4,sr<=70%,kvB<=4k,kp<=2k,0.8151,2
1024,n<=4,sr<=70%,kvB<=4k,kp<=4k,0.3734,2
1024,n<=4,sr<=70%,kvB<=4k,kp<=512,0.6895,2
1024,n<=4,sr<=70%,kvB<=4k,kp<=8k,0.1072,2
1024,n<=4,sr<=70%,kvB<=4k,kp=0,0.8019,2
1024,n<=4,sr>70%,kvB<=16k,kp<=1k,0.834,2
1024,n<=4,sr>70%,kvB<=16k,kp<=2k,0.6146,2
1024,n<=4,sr>70%,kvB<=16k,kp<=4k,0.6899,2
1024,n<=4,sr>70%,kvB<=16k,kp<=512,0.9265,2
1024,n<=4,sr>70%,kvB<=16k,kp<=8k,1.0887,2
1024,n<=4,sr>70%,kvB<=16k,kp=0,0.9696,2
1024,n<=4,sr>70%,kvB<=1k,kp<=1k,0.6725,2
1024,n<=4,sr>70%,kvB<=1k,kp<=2k,0.4002,2
1024,n<=4,sr>70%,kvB<=1k,kp<=4k,0.5422,2
1024,n<=4,sr>70%,kvB<=1k,kp<=512,0.4604,2
1024,n<=4,sr>70%,kvB<=1k,kp<=8k,0.5366,2
1024,n<=4,sr>70%,kvB<=1k,kp=0,0.6258,2
1024,n<=4,sr>70%,kvB<=4k,kp<=1k,0.6131,2
1024,n<=4,sr>70%,kvB<=4k,kp<=2k,0.754,2
1024,n<=4,sr>70%,kvB<=4k,kp<=4k,0.6419,2
1024,n<=4,sr>70%,kvB<=4k,kp<=512,0.6016,2
1024,n<=4,sr>70%,kvB<=4k,kp<=8k,0.8384,2
1024,n<=4,sr>70%,kvB<=4k,kp=0,0.7728,2
1024,n<=64,sr<=15%,kvB<=16k,kp<=1k,0.0396,4
1024,n<=64,sr<=15%,kvB<=16k,kp<=2k,0.039,4
1024,n<=64,sr<=15%,kvB<=16k,kp<=4k,0.0381,4
1024,n<=64,sr<=15%,kvB<=16k,kp<=512,0.0408,4
1024,n<=64,sr<=15%,kvB<=16k,kp<=8k,0.0285,4
1024,n<=64,sr<=15%,kvB<=16k,kp=0,0.0411,4
1024,n<=64,sr<=15%,kvB<=1k,kp<=1k,0.0595,4
1024,n<=64,sr<=15%,kvB<=1k,kp<=2k,0.0698,4
1024,n<=64,sr<=15%,kvB<=1k,kp<=4k,0.0702,4
1024,n<=64,sr<=15%,kvB<=1k,kp<=512,0.0519,4
1024,n<=64,sr<=15%,kvB<=1k,kp<=8k,0.063,4
1024,n<=64,sr<=15%,kvB<=1k,kp=0,0.0514,4
1024,n<=64,sr<=15%,kvB<=4k,kp<=1k,0.0313,4
1024,n<=64,sr<=15%,kvB<=4k,kp<=2k,0.0269,4
1024,n<=64,sr<=15%,kvB<=4k,kp<=4k,0.0092,4
1024,n<=64,sr<=15%,kvB<=4k,kp<=512,0.037,4
1024,n<=64,sr<=15%,kvB<=4k,kp<=8k,0.0114,4
1024,n<=64,sr<=15%,kvB<=4k,kp=0,0.0351,4
1024,n<=64,sr<=40%,kvB<=16k,kp<=1k,0.0277,2
1024,n<=64,sr<=40%,kvB<=16k,kp<=2k,0.0256,2
1024,n<=64,sr<=40%,kvB<=16k,kp<=4k,0.0088,2
1024,n<=64,sr<=40%,kvB<=16k,kp<=512,0.0268,2
1024,n<=64,sr<=40%,kvB<=16k,kp<=8k,0.0276,2
1024,n<=64,sr<=40%,kvB<=16k,kp=0,0.026,2
1024,n<=64,sr<=40%,kvB<=1k,kp<=1k,0.0918,2
1024,n<=64,sr<=40%,kvB<=1k,kp<=2k,0.112,2
1024,n<=64,sr<=40%,kvB<=1k,kp<=4k,0.1107,2
1024,n<=64,sr<=40%,kvB<=1k,kp<=512,0.0723,2
1024,n<=64,sr<=40%,kvB<=1k,kp<=8k,0.1294,2
1024,n<=64,sr<=40%,kvB<=1k,kp=0,0.0796,2
1024,n<=64,sr<=40%,kvB<=4k,kp<=1k,0.0022,2
1024,n<=64,sr<=40%,kvB<=4k,kp<=2k,0.0117,2
1024,n<=64,sr<=40%,kvB<=4k,kp<=4k,-0.0041,2
1024,n<=64,sr<=40%,kvB<=4k,kp<=512,-0.0032,2
1024,n<=64,sr<=40%,kvB<=4k,kp<=8k,0.0127,2
1024,n<=64,sr<=40%,kvB<=4k,kp=0,-0.0061,2
1024,n<=64,sr<=5%,kvB<=16k,kp<=1k,0.0523,6
1024,n<=64,sr<=5%,kvB<=16k,kp<=2k,0.0492,6
1024,n<=64,sr<=5%,kvB<=16k,kp<=4k,0.0429,6
1024,n<=64,sr<=5%,kvB<=16k,kp<=512,0.0526,6
1024,n<=64,sr<=5%,kvB<=16k,kp<=8k,0.0381,6
1024,n<=64,sr<=5%,kvB<=16k,kp=0,0.0528,6
1024,n<=64,sr<=5%,kvB<=1k,kp<=1k,0.0175,6
1024,n<=64,sr<=5%,kvB<=1k,kp<=2k,0.016,6
1024,n<=64,sr<=5%,kvB<=1k,kp<=4k,0.0162,6
1024,n<=64,sr<=5%,kvB<=1k,kp<=512,0.0126,6
1024,n<=64,sr<=5%,kvB<=1k,kp<=8k,0.0153,6
1024,n<=64,sr<=5%,kvB<=1k,kp=0,0.0119,6
1024,n<=64,sr<=5%,kvB<=4k,kp<=1k,0.037,6
1024,n<=64,sr<=5%,kvB<=4k,kp<=2k,0.0317,6
1024,n<=64,sr<=5%,kvB<=4k,kp<=4k,0.0103,6
1024,n<=64,sr<=5%,kvB<=4k,kp<=512,0.0411,6
1024,n<=64,sr<=5%,kvB<=4k,kp<=8k,0.0097,6
1024,n<=64,sr<=5%,kvB<=4k,kp=0,0.0416,6
1024,n<=64,sr<=70%,kvB<=16k,kp<=1k,-0.0015,2
1024,n<=64,sr<=70%,kvB<=16k,kp<=2k,0.0109,2
1024,n<=64,sr<=70%,kvB<=16k,kp<=4k,0.0138,2
1024,n<=64,sr<=70%,kvB<=16k,kp<=512,-0.0026,2
1024,n<=64,sr<=70%,kvB<=16k,kp<=8k,0.0238,2
1024,n<=64,sr<=70%,kvB<=16k,kp=0,-0.0027,2
1024,n<=64,sr<=70%,kvB<=1k,kp<=1k,0.0256,2
1024,n<=64,sr<=70%,kvB<=1k,kp<=2k,0.0836,2
1024,n<=64,sr<=70%,kvB<=1k,kp<=4k,0.0844,2
1024,n<=64,sr<=70%,kvB<=1k,kp<=512,-0.0077,2
1024,n<=64,sr<=70%,kvB<=1k,kp<=8k,0.0549,2
1024,n<=64,sr<=70%,kvB<=1k,kp=0,0.0387,2
1024,n<=64,sr<=70%,kvB<=4k,kp<=1k,-0.0254,2
1024,n<=64,sr<=70%,kvB<=4k,kp<=2k,-0.0243,2
1024,n<=64,sr<=70%,kvB<=4k,kp<=4k,0.0158,2
1024,n<=64,sr<=70%,kvB<=4k,kp<=512,-0.0275,2
1024,n<=64,sr<=70%,kvB<=4k,kp<=8k,0.0124,2
1024,n<=64,sr<=70%,kvB<=4k,kp=0,-0.0295,2
1024,n<=64,sr>70%,kvB<=16k,kp<=1k,0.0667,4
1024,n<=64,sr>70%,kvB<=16k,kp<=2k,0.0667,4
1024,n<=64,sr>70%,kvB<=16k,kp<=4k,0.0714,4
1024,n<=64,sr>70%,kvB<=16k,kp<=512,0.0364,4
1024,n<=64,sr>70%,kvB<=16k,kp<=8k,0.0255,4
1024,n<=64,sr>70%,kvB<=16k,kp=0,0.0496,4
1024,n<=64,sr>70%,kvB<=1k,kp<=1k,0.2625,4
1024,n<=64,sr>70%,kvB<=1k,kp<=2k,0.3169,4
1024,n<=64,sr>70%,kvB<=1k,kp<=4k,0.3065,4
1024,n<=64,sr>70%,kvB<=1k,kp<=512,0.2355,4
1024,n<=64,sr>70%,kvB<=1k,kp<=8k,0.2272,4
1024,n<=64,sr>70%,kvB<=1k,kp=0,0.3201,4
1024,n<=64,sr>70%,kvB<=4k,kp<=1k,-0.0299,4
1024,n<=64,sr>70%,kvB<=4k,kp<=2k,0.0099,4
1024,n<=64,sr>70%,kvB<=4k,kp<=4k,0.0007,4
1024,n<=64,sr>70%,kvB<=4k,kp<=512,-0.0368,4
1024,n<=64,sr>70%,kvB<=4k,kp<=8k,0.1291,4
1024,n<=64,sr>70%,kvB<=4k,kp=0,-0.0427,4
1024,n<=8,sr<=15%,kvB<=16k,kp<=1k,0.5203,2
1024,n<=8,sr<=15%,kvB<=16k,kp<=2k,0.4638,2
1024,n<=8,sr<=15%,kvB<=16k,kp<=4k,0.4,2
1024,n<=8,sr<=15%,kvB<=16k,kp<=512,0.5502,2
1024,n<=8,sr<=15%,kvB<=16k,kp<=8k,0.4656,2
1024,n<=8,sr<=15%,kvB<=16k,kp=0,0.6842,2
1024,n<=8,sr<=15%,kvB<=1k,kp<=1k,0.1841,2
1024,n<=8,sr<=15%,kvB<=1k,kp<=2k,0.2444,2
1024,n<=8,sr<=15%,kvB<=1k,kp<=4k,0.1769,2
1024,n<=8,sr<=15%,kvB<=1k,kp<=512,0.1435,2
1024,n<=8,sr<=15%,kvB<=1k,kp<=8k,0.1711,2
1024,n<=8,sr<=15%,kvB<=1k,kp=0,0.1759,2
1024,n<=8,sr<=15%,kvB<=4k,kp<=1k,0.4242,2
1024,n<=8,sr<=15%,kvB<=4k,kp<=2k,0.2588,2
1024,n<=8,sr<=15%,kvB<=4k,kp<=4k,0.3789,2
1024,n<=8,sr<=15%,kvB<=4k,kp<=512,0.4255,2
1024,n<=8,sr<=15%,kvB<=4k,kp<=8k,0.3052,2
1024,n<=8,sr<=15%,kvB<=4k,kp=0,0.4474,2
1024,n<=8,sr<=40%,kvB<=16k,kp<=1k,0.4391,4
1024,n<=8,sr<=40%,kvB<=16k,kp<=2k,0.3966,4
1024,n<=8,sr<=40%,kvB<=16k,kp<=4k,0.5446,4
1024,n<=8,sr<=40%,kvB<=16k,kp<=512,0.4402,4
1024,n<=8,sr<=40%,kvB<=16k,kp<=8k,0.5843,4
1024,n<=8,sr<=40%,kvB<=16k,kp=0,0.6648,4
1024,n<=8,sr<=40%,kvB<=1k,kp<=1k,0.2183,4
1024,n<=8,sr<=40%,kvB<=1k,kp<=2k,0.124,4
1024,n<=8,sr<=40%,kvB<=1k,kp<=4k,0.1235,4
1024,n<=8,sr<=40%,kvB<=1k,kp<=512,0.1272,4
1024,n<=8,sr<=40%,kvB<=1k,kp<=8k,0.1333,4
1024,n<=8,sr<=40%,kvB<=1k,kp=0,0.2282,4
1024,n<=8,sr<=40%,kvB<=4k,kp<=1k,0.4578,4
1024,n<=8,sr<=40%,kvB<=4k,kp<=2k,0.3668,4
1024,n<=8,sr<=40%,kvB<=4k,kp<=4k,0.2722,4
1024,n<=8,sr<=40%,kvB<=4k,kp<=512,0.4523,4
1024,n<=8,sr<=40%,kvB<=4k,kp<=8k,0.1914,4
1024,n<=8,sr<=40%,kvB<=4k,kp=0,0.4003,4
1024,n<=8,sr<=70%,kvB<=16k,kp<=1k,0.2593,2
1024,n<=8,sr<=70%,kvB<=16k,kp<=2k,0.3362,2
1024,n<=8,sr<=70%,kvB<=16k,kp<=4k,0.4766,2
1024,n<=8,sr<=70%,kvB<=16k,kp<=512,0.3094,2
1024,n<=8,sr<=70%,kvB<=16k,kp<=8k,0.5942,2
1024,n<=8,sr<=70%,kvB<=16k,kp=0,0.5977,2
1024,n<=8,sr<=70%,kvB<=1k,kp<=1k,-0.0029,2
1024,n<=8,sr<=70%,kvB<=1k,kp<=2k,0.1353,2
1024,n<=8,sr<=70%,kvB<=1k,kp<=4k,0.0556,2
1024,n<=8,sr<=70%,kvB<=1k,kp<=512,0.1949,2
1024,n<=8,sr<=70%,kvB<=1k,kp<=8k,0.0401,2
1024,n<=8,sr<=70%,kvB<=1k,kp=0,0.3019,2
1024,n<=8,sr<=70%,kvB<=4k,kp<=1k,0.4491,2
1024,n<=8,sr<=70%,kvB<=4k,kp<=2k,0.6163,2
1024,n<=8,sr<=70%,kvB<=4k,kp<=4k,-0.37,2
1024,n<=8,sr<=70%,kvB<=4k,kp<=512,0.4387,2
1024,n<=8,sr<=70%,kvB<=4k,kp<=8k,-0.0028,2
1024,n<=8,sr<=70%,kvB<=4k,kp=0,0.3031,2
1024,n<=8,sr>70%,kvB<=16k,kp<=1k,-0.0758,4
1024,n<=8,sr>70%,kvB<=16k,kp<=2k,0.0158,4
1024,n<=8,sr>70%,kvB<=16k,kp<=4k,0.3978,4
1024,n<=8,sr>70%,kvB<=16k,kp<=512,-0.0734,4
1024,n<=8,sr>70%,kvB<=16k,kp<=8k,0.971,4
1024,n<=8,sr>70%,kvB<=16k,kp=0,0.3409,4
1024,n<=8,sr>70%,kvB<=1k,kp<=1k,-0.2415,3
1024,n<=8,sr>70%,kvB<=1k,kp<=2k,0.1199,4
1024,n<=8,sr>70%,kvB<=1k,kp<=4k,0.1607,4
1024,n<=8,sr>70%,kvB<=1k,kp<=512,0.1663,4
1024,n<=8,sr>70%,kvB<=1k,kp<=8k,0.1441,4
1024,n<=8,sr>70%,kvB<=1k,kp=0,0.498,4
1024,n<=8,sr>70%,kvB<=4k,kp<=1k,0.6619,4
1024,n<=8,sr>70%,kvB<=4k,kp<=2k,0.3775,4
1024,n<=8,sr>70%,kvB<=4k,kp<=4k,0.2444,4
1024,n<=8,sr>70%,kvB<=4k,kp<=512,0.2395,4
1024,n<=8,sr>70%,kvB<=4k,kp<=8k,-0.0316,4
1024,n<=8,sr>70%,kvB<=4k,kp=0,0.2012,4
2048,n<=128,sr<=15%,kvB<=16k,kp<=1k,-0.0027,4
2048,n<=128,sr<=15%,kvB<=16k,kp<=2k,-0.0026,4
2048,n<=128,sr<=15%,kvB<=16k,kp<=4k,0.0005,4
2048,n<=128,sr<=15%,kvB<=16k,kp<=512,-0.0016,4
2048,n<=128,sr<=15%,kvB<=16k,kp<=8k,-0.0022,4
2048,n<=128,sr<=15%,kvB<=16k,kp=0,-0.001,4
2048,n<=128,sr<=15%,kvB<=1k,kp<=1k,0.0679,4
2048,n<=128,sr<=15%,kvB<=1k,kp<=2k,0.0677,4
2048,n<=128,sr<=15%,kvB<=1k,kp<=4k,0.063,4
2048,n<=128,sr<=15%,kvB<=1k,kp<=512,0.069,4
2048,n<=128,sr<=15%,kvB<=1k,kp<=8k,0.0738,4
2048,n<=128,sr<=15%,kvB<=1k,kp=0,0.0667,4
2048,n<=128,sr<=15%,kvB<=4k,kp<=1k,0.0103,4
2048,n<=128,sr<=15%,kvB<=4k,kp<=2k,0.007,4
2048,n<=128,sr<=15%,kvB<=4k,kp<=4k,0.0069,4
2048,n<=128,sr<=15%,kvB<=4k,kp<=512,0.01,4
2048,n<=128,sr<=15%,kvB<=4k,kp<=8k,0.0112,4
2048,n<=128,sr<=15%,kvB<=4k,kp=0,0.0108,4
2048,n<=128,sr<=40%,kvB<=16k,kp<=1k,-0.0002,2
2048,n<=128,sr<=40%,kvB<=16k,kp<=2k,0.0008,2
2048,n<=128,sr<=40%,kvB<=16k,kp<=4k,-0.0022,2
2048,n<=128,sr<=40%,kvB<=16k,kp<=512,-0.0018,2
2048,n<=128,sr<=40%,kvB<=16k,kp<=8k,-0.0115,2
2048,n<=128,sr<=40%,kvB<=16k,kp=0,-0.0039,2
2048,n<=128,sr<=40%,kvB<=1k,kp<=1k,0.0991,2
2048,n<=128,sr<=40%,kvB<=1k,kp<=2k,0.0971,2
2048,n<=128,sr<=40%,kvB<=1k,kp<=4k,0.1021,2
2048,n<=128,sr<=40%,kvB<=1k,kp<=512,0.099,2
2048,n<=128,sr<=40%,kvB<=1k,kp<=8k,0.0993,2
2048,n<=128,sr<=40%,kvB<=1k,kp=0,0.0996,2
2048,n<=128,sr<=40%,kvB<=4k,kp<=1k,0.0116,2
2048,n<=128,sr<=40%,kvB<=4k,kp<=2k,-0.0036,2
2048,n<=128,sr<=40%,kvB<=4k,kp<=4k,-0.0202,2
2048,n<=128,sr<=40%,kvB<=4k,kp<=512,0.0181,2
2048,n<=128,sr<=40%,kvB<=4k,kp<=8k,-0.0034,2
2048,n<=128,sr<=40%,kvB<=4k,kp=0,0.021,2
2048,n<=128,sr<=5%,kvB<=16k,kp<=1k,0.0074,8
2048,n<=128,sr<=5%,kvB<=16k,kp<=2k,0.0065,8
2048,n<=128,sr<=5%,kvB<=16k,kp<=4k,0.0055,8
2048,n<=128,sr<=5%,kvB<=16k,kp<=512,0.0082,8
2048,n<=128,sr<=5%,kvB<=16k,kp<=8k,0.0041,8
2048,n<=128,sr<=5%,kvB<=16k,kp=0,0.0091,8
2048,n<=128,sr<=5%,kvB<=1k,kp<=1k,0.0078,8
2048,n<=128,sr<=5%,kvB<=1k,kp<=2k,0.0085,8
2048,n<=128,sr<=5%,kvB<=1k,kp<=4k,0.0097,8
2048,n<=128,sr<=5%,kvB<=1k,kp<=512,0.0079,8
2048,n<=128,sr<=5%,kvB<=1k,kp<=8k,0.0062,8
2048,n<=128,sr<=5%,kvB<=1k,kp=0,0.0074,8
2048,n<=128,sr<=5%,kvB<=4k,kp<=1k,0.0096,8
2048,n<=128,sr<=5%,kvB<=4k,kp<=2k,0.0098,8
2048,n<=128,sr<=5%,kvB<=4k,kp<=4k,0.0107,8
2048,n<=128,sr<=5%,kvB<=4k,kp<=512,0.009,8
2048,n<=128,sr<=5%,kvB<=4k,kp<=8k,0.0108,8
2048,n<=128,sr<=5%,kvB<=4k,kp=0,0.0087,8
2048,n<=128,sr<=70%,kvB<=16k,kp<=1k,-0.0001,2
2048,n<=128,sr<=70%,kvB<=16k,kp<=2k,-0.0022,2
2048,n<=128,sr<=70%,kvB<=16k,kp<=4k,-0.005,2
2048,n<=128,sr<=70%,kvB<=16k,kp<=512,-0.0008,2
2048,n<=128,sr<=70%,kvB<=16k,kp<=8k,-0.022,2
2048,n<=128,sr<=70%,kvB<=16k,kp=0,-0.003,2
2048,n<=128,sr<=70%,kvB<=1k,kp<=1k,0.0173,2
2048,n<=128,sr<=70%,kvB<=1k,kp<=2k,0.0184,2
2048,n<=128,sr<=70%,kvB<=1k,kp<=4k,0.0445,2
2048,n<=128,sr<=70%,kvB<=1k,kp<=512,0.0191,2
2048,n<=128,sr<=70%,kvB<=1k,kp<=8k,0.0208,2
2048,n<=128,sr<=70%,kvB<=1k,kp=0,0.0221,2
2048,n<=128,sr<=70%,kvB<=4k,kp<=1k,0.0317,2
2048,n<=128,sr<=70%,kvB<=4k,kp<=2k,-0.0007,2
2048,n<=128,sr<=70%,kvB<=4k,kp<=4k,-0.0249,2
2048,n<=128,sr<=70%,kvB<=4k,kp<=512,0.0446,2
2048,n<=128,sr<=70%,kvB<=4k,kp<=8k,-0.0477,2
2048,n<=128,sr<=70%,kvB<=4k,kp=0,0.0501,2
2048,n<=128,sr>70%,kvB<=16k,kp<=1k,-0.0199,4
2048,n<=128,sr>70%,kvB<=16k,kp<=2k,-0.0188,4
2048,n<=128,sr>70%,kvB<=16k,kp<=4k,-0.0073,4
2048,n<=128,sr>70%,kvB<=16k,kp<=512,-0.0142,4
2048,n<=128,sr>70%,kvB<=16k,kp<=8k,-0.0268,4
2048,n<=128,sr>70%,kvB<=16k,kp=0,-0.0037,4
2048,n<=128,sr>70%,kvB<=1k,kp<=1k,0.1606,4
2048,n<=128,sr>70%,kvB<=1k,kp<=2k,0.1622,4
2048,n<=128,sr>70%,kvB<=1k,kp<=4k,0.1781,4
2048,n<=128,sr>70%,kvB<=1k,kp<=512,0.1679,4
2048,n<=128,sr>70%,kvB<=1k,kp<=8k,0.1985,4
2048,n<=128,sr>70%,kvB<=1k,kp=0,0.172,4
2048,n<=128,sr>70%,kvB<=4k,kp<=1k,0.0224,4
2048,n<=128,sr>70%,kvB<=4k,kp<=2k,0.0518,4
2048,n<=128,sr>70%,kvB<=4k,kp<=4k,0.0609,4
2048,n<=128,sr>70%,kvB<=4k,kp<=512,0.0025,4
2048,n<=128,sr>70%,kvB<=4k,kp<=8k,0.0317,4
2048,n<=128,sr>70%,kvB<=4k,kp=0,-0.0102,4
2048,n<=16,sr<=15%,kvB<=16k,kp<=1k,0.2398,4
2048,n<=16,sr<=15%,kvB<=16k,kp<=2k,0.253,4
2048,n<=16,sr<=15%,kvB<=16k,kp<=4k,0.2403,4
2048,n<=16,sr<=15%,kvB<=16k,kp<=512,0.2368,4
2048,n<=16,sr<=15%,kvB<=16k,kp<=8k,0.189,4
2048,n<=16,sr<=15%,kvB<=16k,kp=0,0.2286,4
2048,n<=16,sr<=15%,kvB<=1k,kp<=1k,0.0587,4
2048,n<=16,sr<=15%,kvB<=1k,kp<=2k,0.0846,4
2048,n<=16,sr<=15%,kvB<=1k,kp<=4k,0.2727,4
2048,n<=16,sr<=15%,kvB<=1k,kp<=512,0.0663,4
2048,n<=16,sr<=15%,kvB<=1k,kp<=8k,0.3106,4
2048,n<=16,sr<=15%,kvB<=1k,kp=0,0.0908,4
2048,n<=16,sr<=15%,kvB<=4k,kp<=1k,0.1789,4
2048,n<=16,sr<=15%,kvB<=4k,kp<=2k,0.0606,4
2048,n<=16,sr<=15%,kvB<=4k,kp<=4k,0.1129,4
2048,n<=16,sr<=15%,kvB<=4k,kp<=512,0.2199,4
2048,n<=16,sr<=15%,kvB<=4k,kp<=8k,0.2297,4
2048,n<=16,sr<=15%,kvB<=4k,kp=0,0.2221,4
2048,n<=16,sr<=40%,kvB<=16k,kp<=1k,0.2196,4
2048,n<=16,sr<=40%,kvB<=16k,kp<=2k,0.252,4
2048,n<=16,sr<=40%,kvB<=16k,kp<=4k,0.2601,4
2048,n<=16,sr<=40%,kvB<=16k,kp<=512,0.2153,4
2048,n<=16,sr<=40%,kvB<=16k,kp<=8k,0.2389,4
2048,n<=16,sr<=40%,kvB<=16k,kp=0,0.2028,4
2048,n<=16,sr<=40%,kvB<=1k,kp<=1k,0.0475,4
2048,n<=16,sr<=40%,kvB<=1k,kp<=2k,0.0857,4
2048,n<=16,sr<=40%,kvB<=1k,kp<=4k,0.1485,4
2048,n<=16,sr<=40%,kvB<=1k,kp<=512,0.0713,4
2048,n<=16,sr<=40%,kvB<=1k,kp<=8k,0.2295,4
2048,n<=16,sr<=40%,kvB<=1k,kp=0,0.089,4
2048,n<=16,sr<=40%,kvB<=4k,kp<=1k,0.2214,4
2048,n<=16,sr<=40%,kvB<=4k,kp<=2k,0.097,4
2048,n<=16,sr<=40%,kvB<=4k,kp<=4k,0.042,4
2048,n<=16,sr<=40%,kvB<=4k,kp<=512,0.2244,4
2048,n<=16,sr<=40%,kvB<=4k,kp<=8k,0.1634,4
2048,n<=16,sr<=40%,kvB<=4k,kp=0,0.2373,4
2048,n<=16,sr<=70%,kvB<=16k,kp<=1k,0.1861,2
2048,n<=16,sr<=70%,kvB<=16k,kp<=2k,0.1681,2
2048,n<=16,sr<=70%,kvB<=16k,kp<=4k,0.2478,2
2048,n<=16,sr<=70%,kvB<=16k,kp<=512,0.1622,2
2048,n<=16,sr<=70%,kvB<=16k,kp<=8k,0.2918,2
2048,n<=16,sr<=70%,kvB<=16k,kp=0,0.2,2
2048,n<=16,sr<=70%,kvB<=1k,kp<=1k,0.0191,2
2048,n<=16,sr<=70%,kvB<=1k,kp<=2k,-0.0626,2
2048,n<=16,sr<=70%,kvB<=1k,kp<=4k,-0.0165,2
2048,n<=16,sr<=70%,kvB<=1k,kp<=512,0.0066,2
2048,n<=16,sr<=70%,kvB<=1k,kp<=8k,-0.1175,2
2048,n<=16,sr<=70%,kvB<=1k,kp=0,0.033,2
2048,n<=16,sr<=70%,kvB<=4k,kp<=1k,0.2259,2
2048,n<=16,sr<=70%,kvB<=4k,kp<=2k,0.1295,2
2048,n<=16,sr<=70%,kvB<=4k,kp<=4k,-0.1156,2
2048,n<=16,sr<=70%,kvB<=4k,kp<=512,0.2277,2
2048,n<=16,sr<=70%,kvB<=4k,kp<=8k,0.058,2
2048,n<=16,sr<=70%,kvB<=4k,kp=0,0.2337,2
2048,n<=16,sr>70%,kvB<=16k,kp<=1k,0.0433,4
2048,n<=16,sr>70%,kvB<=16k,kp<=2k,0.1394,4
2048,n<=16,sr>70%,kvB<=16k,kp<=4k,0.1063,4
2048,n<=16,sr>70%,kvB<=16k,kp<=512,0.0671,4
2048,n<=16,sr>70%,kvB<=16k,kp<=8k,0.3857,4
2048,n<=16,sr>70%,kvB<=16k,kp=0,0.1025,4
2048,n<=16,sr>70%,kvB<=1k,kp<=1k,0.1372,4
2048,n<=16,sr>70%,kvB<=1k,kp<=2k,0.1743,4
2048,n<=16,sr>70%,kvB<=1k,kp<=4k,-0.0419,4
2048,n<=16,sr>70%,kvB<=1k,kp<=512,0.205,4
2048,n<=16,sr>70%,kvB<=1k,kp<=8k,0.089,4
2048,n<=16,sr>70%,kvB<=1k,kp=0,0.2873,4
2048,n<=16,sr>70%,kvB<=4k,kp<=1k,0.3288,4
2048,n<=16,sr>70%,kvB<=4k,kp<=2k,0.1749,4
2048,n<=16,sr>70%,kvB<=4k,kp<=4k,-0.0655,4
2048,n<=16,sr>70%,kvB<=4k,kp<=512,0.2554,4
2048,n<=16,sr>70%,kvB<=4k,kp<=8k,-0.1002,4
2048,n<=16,sr>70%,kvB<=4k,kp=0,0.1772,4
2048,n<=2,sr<=70%,kvB<=16k,kp<=1k,0.8343,2
2048,n<=2,sr<=70%,kvB<=16k,kp<=2k,0.8338,2
2048,n<=2,sr<=70%,kvB<=16k,kp<=4k,0.8004,2
2048,n<=2,sr<=70%,kvB<=16k,kp<=512,0.9013,2
2048,n<=2,sr<=70%,kvB<=16k,kp<=8k,0.8569,2
2048,n<=2,sr<=70%,kvB<=16k,kp=0,0.9528,2
2048,n<=2,sr<=70%,kvB<=1k,kp<=1k,0.194,2
2048,n<=2,sr<=70%,kvB<=1k,kp<=2k,0.1094,2
2048,n<=2,sr<=70%,kvB<=1k,kp<=4k,0.656,2
2048,n<=2,sr<=70%,kvB<=1k,kp<=512,-0.4312,2
2048,n<=2,sr<=70%,kvB<=1k,kp<=8k,0.8187,2
2048,n<=2,sr<=70%,kvB<=1k,kp=0,0.189,2
2048,n<=2,sr<=70%,kvB<=4k,kp<=1k,0.6467,2
2048,n<=2,sr<=70%,kvB<=4k,kp<=2k,0.2191,2
2048,n<=2,sr<=70%,kvB<=4k,kp<=4k,0.4133,2
2048,n<=2,sr<=70%,kvB<=4k,kp<=512,0.753,2
2048,n<=2,sr<=70%,kvB<=4k,kp<=8k,0.9456,2
2048,n<=2,sr<=70%,kvB<=4k,kp=0,0.7373,2
2048,n<=32,sr<=15%,kvB<=16k,kp<=1k,0.1101,6
2048,n<=32,sr<=15%,kvB<=16k,kp<=2k,0.1153,6
2048,n<=32,sr<=15%,kvB<=16k,kp<=4k,0.1147,6
2048,n<=32,sr<=15%,kvB<=16k,kp<=512,0.106,6
2048,n<=32,sr<=15%,kvB<=16k,kp<=8k,0.0927,6
2048,n<=32,sr<=15%,kvB<=16k,kp=0,0.1048,6
2048,n<=32,sr<=15%,kvB<=1k,kp<=1k,0.0694,6
2048,n<=32,sr<=15%,kvB<=1k,kp<=2k,0.0653,6
2048,n<=32,sr<=15%,kvB<=1k,kp<=4k,0.0626,6
2048,n<=32,sr<=15%,kvB<=1k,kp<=512,0.064,6
2048,n<=32,sr<=15%,kvB<=1k,kp<=8k,0.0519,6
2048,n<=32,sr<=15%,kvB<=1k,kp=0,0.0628,6
2048,n<=32,sr<=15%,kvB<=4k,kp<=1k,0.0905,6
2048,n<=32,sr<=15%,kvB<=4k,kp<=2k,0.0504,6
2048,n<=32,sr<=15%,kvB<=4k,kp<=4k,0.003,6
2048,n<=32,sr<=15%,kvB<=4k,kp<=512,0.109,6
2048,n<=32,sr<=15%,kvB<=4k,kp<=8k,0.043,6
2048,n<=32,sr<=15%,kvB<=4k,kp=0,0.1099,6
2048,n<=32,sr<=40%,kvB<=16k,kp<=1k,0.0917,2
2048,n<=32,sr<=40%,kvB<=16k,kp<=2k,0.0976,2
2048,n<=32,sr<=40%,kvB<=16k,kp<=4k,0.116,2
2048,n<=32,sr<=40%,kvB<=16k,kp<=512,0.1016,2
2048,n<=32,sr<=40%,kvB<=16k,kp<=8k,0.0961,2
2048,n<=32,sr<=40%,kvB<=16k,kp=0,0.0997,2
2048,n<=32,sr<=40%,kvB<=1k,kp<=1k,0.1144,2
2048,n<=32,sr<=40%,kvB<=1k,kp<=2k,0.0968,2
2048,n<=32,sr<=40%,kvB<=1k,kp<=4k,0.0658,2
2048,n<=32,sr<=40%,kvB<=1k,kp<=512,0.0982,2
2048,n<=32,sr<=40%,kvB<=1k,kp<=8k,0.0499,2
2048,n<=32,sr<=40%,kvB<=1k,kp=0,0.1087,2
2048,n<=32,sr<=40%,kvB<=4k,kp<=1k,0.0966,2
2048,n<=32,sr<=40%,kvB<=4k,kp<=2k,0.0561,2
2048,n<=32,sr<=40%,kvB<=4k,kp<=4k,-0.0206,2
2048,n<=32,sr<=40%,kvB<=4k,kp<=512,0.0972,2
2048,n<=32,sr<=40%,kvB<=4k,kp<=8k,-0.0128,2
2048,n<=32,sr<=40%,kvB<=4k,kp=0,0.0868,2
2048,n<=32,sr<=5%,kvB<=16k,kp<=1k,0.115,2
2048,n<=32,sr<=5%,kvB<=16k,kp<=2k,0.1201,2
2048,n<=32,sr<=5%,kvB<=16k,kp<=4k,0.1211,2
2048,n<=32,sr<=5%,kvB<=16k,kp<=512,0.1138,2
2048,n<=32,sr<=5%,kvB<=16k,kp<=8k,0.0845,2
2048,n<=32,sr<=5%,kvB<=16k,kp=0,0.114,2
2048,n<=32,sr<=5%,kvB<=1k,kp<=1k,0.018,2
2048,n<=32,sr<=5%,kvB<=1k,kp<=2k,0.0068,2
2048,n<=32,sr<=5%,kvB<=1k,kp<=4k,0.0063,2
2048,n<=32,sr<=5%,kvB<=1k,kp<=512,0.0137,2
2048,n<=32,sr<=5%,kvB<=1k,kp<=8k,-0.0144,2
2048,n<=32,sr<=5%,kvB<=1k,kp=0,0.0169,2
2048,n<=32,sr<=5%,kvB<=4k,kp<=1k,0.0899,2
2048,n<=32,sr<=5%,kvB<=4k,kp<=2k,0.0437,2
2048,n<=32,sr<=5%,kvB<=4k,kp<=4k,0.0231,2
2048,n<=32,sr<=5%,kvB<=4k,kp<=512,0.1073,2
2048,n<=32,sr<=5%,kvB<=4k,kp<=8k,0.0545,2
2048,n<=32,sr<=5%,kvB<=4k,kp=0,0.1124,2
2048,n<=32,sr<=70%,kvB<=16k,kp<=1k,0.0878,2
2048,n<=32,sr<=70%,kvB<=16k,kp<=2k,0.0763,2
2048,n<=32,sr<=70%,kvB<=16k,kp<=4k,0.0509,2
2048,n<=32,sr<=70%,kvB<=16k,kp<=512,0.0862,2
2048,n<=32,sr<=70%,kvB<=16k,kp<=8k,0.1014,2
2048,n<=32,sr<=70%,kvB<=16k,kp=0,0.0789,2
2048,n<=32,sr<=70%,kvB<=1k,kp<=1k,0.0379,2
2048,n<=32,sr<=70%,kvB<=1k,kp<=2k,-0.0023,2
2048,n<=32,sr<=70%,kvB<=1k,kp<=4k,-0.1943,2
2048,n<=32,sr<=70%,kvB<=1k,kp<=512,0.0416,2
2048,n<=32,sr<=70%,kvB<=1k,kp<=8k,-0.0935,2
2048,n<=32,sr<=70%,kvB<=1k,kp=0,0.0452,2
2048,n<=32,sr<=70%,kvB<=4k,kp<=1k,0.0839,2
2048,n<=32,sr<=70%,kvB<=4k,kp<=2k,0.1251,2
2048,n<=32,sr<=70%,kvB<=4k,kp<=4k,-0.0014,2
2048,n<=32,sr<=70%,kvB<=4k,kp<=512,0.0923,2
2048,n<=32,sr<=70%,kvB<=4k,kp<=8k,-0.0625,2
2048,n<=32,sr<=70%,kvB<=4k,kp=0,0.1047,2
2048,n<=32,sr>70%,kvB<=16k,kp<=1k,0.1408,4
2048,n<=32,sr>70%,kvB<=16k,kp<=2k,0.0407,4
2048,n<=32,sr>70%,kvB<=16k,kp<=4k,0.0162,4
2048,n<=32,sr>70%,kvB<=16k,kp<=512,0.1669,4
2048,n<=32,sr>70%,kvB<=16k,kp<=8k,0.1571,4
2048,n<=32,sr>70%,kvB<=16k,kp=0,0.2087,4
2048,n<=32,sr>70%,kvB<=1k,kp<=1k,0.1918,4
2048,n<=32,sr>70%,kvB<=1k,kp<=2k,0.1864,4
2048,n<=32,sr>70%,kvB<=1k,kp<=4k,0.034,4
2048,n<=32,sr>70%,kvB<=1k,kp<=512,0.2212,4
2048,n<=32,sr>70%,kvB<=1k,kp<=8k,0.067,4
2048,n<=32,sr>70%,kvB<=1k,kp=0,0.2479,4
2048,n<=32,sr>70%,kvB<=4k,kp<=1k,0.1251,4
2048,n<=32,sr>70%,kvB<=4k,kp<=2k,0.1999,4
2048,n<=32,sr>70%,kvB<=4k,kp<=4k,0.1048,4
2048,n<=32,sr>70%,kvB<=4k,kp<=512,0.1575,4
2048,n<=32,sr>70%,kvB<=4k,kp<=8k,-0.0165,4
2048,n<=32,sr>70%,kvB<=4k,kp=0,0.1541,4
2048,n<=4,sr<=40%,kvB<=16k,kp<=1k,0.7472,2
2048,n<=4,sr<=40%,kvB<=16k,kp<=2k,0.6606,2
2048,n<=4,sr<=40%,kvB<=16k,kp<=4k,0.6042,2
2048,n<=4,sr<=40%,kvB<=16k,kp<=512,0.7676,2
2048,n<=4,sr<=40%,kvB<=16k,kp<=8k,0.7677,2
2048,n<=4,sr<=40%,kvB<=16k,kp=0,0.8293,2
2048,n<=4,sr<=40%,kvB<=1k,kp<=1k,0.1907,2
2048,n<=4,sr<=40%,kvB<=1k,kp<=2k,0.2531,2
2048,n<=4,sr<=40%,kvB<=1k,kp<=4k,0.2635,2
2048,n<=4,sr<=40%,kvB<=1k,kp<=512,0.0796,2
2048,n<=4,sr<=40%,kvB<=1k,kp<=8k,0.938,2
2048,n<=4,sr<=40%,kvB<=1k,kp=0,0.0822,2
2048,n<=4,sr<=40%,kvB<=4k,kp<=1k,0.4518,2
2048,n<=4,sr<=40%,kvB<=4k,kp<=2k,0.1276,2
2048,n<=4,sr<=40%,kvB<=4k,kp<=4k,0.1603,2
2048,n<=4,sr<=40%,kvB<=4k,kp<=512,0.5321,2
2048,n<=4,sr<=40%,kvB<=4k,kp<=8k,0.9461,2
2048,n<=4,sr<=40%,kvB<=4k,kp=0,0.5873,2
2048,n<=4,sr<=70%,kvB<=16k,kp<=1k,0.7483,2
2048,n<=4,sr<=70%,kvB<=16k,kp<=2k,0.6854,2
2048,n<=4,sr<=70%,kvB<=16k,kp<=4k,0.5888,2
2048,n<=4,sr<=70%,kvB<=16k,kp<=512,0.7479,2
2048,n<=4,sr<=70%,kvB<=16k,kp<=8k,0.8213,2
2048,n<=4,sr<=70%,kvB<=16k,kp=0,0.8154,2
2048,n<=4,sr<=70%,kvB<=1k,kp<=1k,-0.0846,2
2048,n<=4,sr<=70%,kvB<=1k,kp<=2k,0.1984,2
2048,n<=4,sr<=70%,kvB<=1k,kp<=4k,0.2565,2
2048,n<=4,sr<=70%,kvB<=1k,kp<=512,-0.2366,2
2048,n<=4,sr<=70%,kvB<=1k,kp<=8k,0.9663,2
2048,n<=4,sr<=70%,kvB<=1k,kp=0,-0.0061,2
2048,n<=4,sr<=70%,kvB<=4k,kp<=1k,0.5916,2
2048,n<=4,sr<=70%,kvB<=4k,kp<=2k,0.2995,2
2048,n<=4,sr<=70%,kvB<=4k,kp<=4k,0.3074,2
2048,n<=4,sr<=70%,kvB<=4k,kp<=512,0.6157,2
2048,n<=4,sr<=70%,kvB<=4k,kp<=8k,0.9183,2
2048,n<=4,sr<=70%,kvB<=4k,kp=0,0.6015,2
2048,n<=4,sr>70%,kvB<=16k,kp<=1k,0.7321,2
2048,n<=4,sr>70%,kvB<=16k,kp<=2k,0.6983,2
2048,n<=4,sr>70%,kvB<=16k,kp<=4k,0.4826,2
2048,n<=4,sr>70%,kvB<=16k,kp<=512,0.7617,2
2048,n<=4,sr>70%,kvB<=16k,kp<=8k,0.7972,2
2048,n<=4,sr>70%,kvB<=16k,kp=0,0.8499,2
2048,n<=4,sr>70%,kvB<=1k,kp<=1k,0.4987,2
2048,n<=4,sr>70%,kvB<=1k,kp<=2k,0.5032,2
2048,n<=4,sr>70%,kvB<=1k,kp<=4k,1.333,2
2048,n<=4,sr>70%,kvB<=1k,kp<=512,-0.0323,2
2048,n<=4,sr>70%,kvB<=1k,kp<=8k,0.6102,1
2048,n<=4,sr>70%,kvB<=1k,kp=0,0.3546,2
2048,n<=4,sr>70%,kvB<=4k,kp<=1k,0.5689,2
2048,n<=4,sr>70%,kvB<=4k,kp<=2k,0.5309,2
2048,n<=4,sr>70%,kvB<=4k,kp<=4k,0.5836,2
2048,n<=4,sr>70%,kvB<=4k,kp<=512,0.6395,2
2048,n<=4,sr>70%,kvB<=4k,kp<=8k,0.9187,2
2048,n<=4,sr>70%,kvB<=4k,kp=0,0.6101,2
2048,n<=64,sr<=15%,kvB<=16k,kp<=1k,0.0317,4
2048,n<=64,sr<=15%,kvB<=16k,kp<=2k,0.0312,4
2048,n<=64,sr<=15%,kvB<=16k,kp<=4k,0.0329,4
2048,n<=64,sr<=15%,kvB<=16k,kp<=512,0.0326,4
2048,n<=64,sr<=15%,kvB<=16k,kp<=8k,0.0225,4
2048,n<=64,sr<=15%,kvB<=16k,kp=0,0.0333,4
2048,n<=64,sr<=15%,kvB<=1k,kp<=1k,0.0612,4
2048,n<=64,sr<=15%,kvB<=1k,kp<=2k,0.0642,4
2048,n<=64,sr<=15%,kvB<=1k,kp<=4k,0.0714,4
2048,n<=64,sr<=15%,kvB<=1k,kp<=512,0.0629,4
2048,n<=64,sr<=15%,kvB<=1k,kp<=8k,0.0536,4
2048,n<=64,sr<=15%,kvB<=1k,kp=0,0.0586,4
2048,n<=64,sr<=15%,kvB<=4k,kp<=1k,0.0235,4
2048,n<=64,sr<=15%,kvB<=4k,kp<=2k,0.0165,4
2048,n<=64,sr<=15%,kvB<=4k,kp<=4k,0.0126,4
2048,n<=64,sr<=15%,kvB<=4k,kp<=512,0.0279,4
2048,n<=64,sr<=15%,kvB<=4k,kp<=8k,0.0083,4
2048,n<=64,sr<=15%,kvB<=4k,kp=0,0.0297,4
2048,n<=64,sr<=40%,kvB<=16k,kp<=1k,0.0086,2
2048,n<=64,sr<=40%,kvB<=16k,kp<=2k,0.0048,2
2048,n<=64,sr<=40%,kvB<=16k,kp<=4k,0.0151,2
2048,n<=64,sr<=40%,kvB<=16k,kp<=512,0.0111,2
2048,n<=64,sr<=40%,kvB<=16k,kp<=8k,0.0089,2
2048,n<=64,sr<=40%,kvB<=16k,kp=0,0.0127,2
2048,n<=64,sr<=40%,kvB<=1k,kp<=1k,0.0972,2
2048,n<=64,sr<=40%,kvB<=1k,kp<=2k,0.1004,2
2048,n<=64,sr<=40%,kvB<=1k,kp<=4k,0.0946,2
2048,n<=64,sr<=40%,kvB<=1k,kp<=512,0.0946,2
2048,n<=64,sr<=40%,kvB<=1k,kp<=8k,0.0796,2
2048,n<=64,sr<=40%,kvB<=1k,kp=0,0.082,2
2048,n<=64,sr<=40%,kvB<=4k,kp<=1k,-0.0037,2
2048,n<=64,sr<=40%,kvB<=4k,kp<=2k,-0.0019,2
2048,n<=64,sr<=40%,kvB<=4k,kp<=4k,-0.0081,2
2048,n<=64,sr<=40%,kvB<=4k,kp<=512,-0.0069,2
2048,n<=64,sr<=40%,kvB<=4k,kp<=8k,-0.0063,2
2048,n<=64,sr<=40%,kvB<=4k,kp=0,-0.0138,2
2048,n<=64,sr<=5%,kvB<=16k,kp<=1k,0.0451,6
2048,n<=64,sr<=5%,kvB<=16k,kp<=2k,0.0426,6
2048,n<=64,sr<=5%,kvB<=16k,kp<=4k,0.0407,6
2048,n<=64,sr<=5%,kvB<=16k,kp<=512,0.0459,6
2048,n<=64,sr<=5%,kvB<=16k,kp<=8k,0.0327,6
2048,n<=64,sr<=5%,kvB<=16k,kp=0,0.0477,6
2048,n<=64,sr<=5%,kvB<=1k,kp<=1k,0.015,6
2048,n<=64,sr<=5%,kvB<=1k,kp<=2k,0.0131,6
2048,n<=64,sr<=5%,kvB<=1k,kp<=4k,0.0159,6
2048,n<=64,sr<=5%,kvB<=1k,kp<=512,0.0152,6
2048,n<=64,sr<=5%,kvB<=1k,kp<=8k,0.0125,6
2048,n<=64,sr<=5%,kvB<=1k,kp=0,0.0139,6
2048,n<=64,sr<=5%,kvB<=4k,kp<=1k,0.0248,6
2048,n<=64,sr<=5%,kvB<=4k,kp<=2k,0.0182,6
2048,n<=64,sr<=5%,kvB<=4k,kp<=4k,0.0099,6
2048,n<=64,sr<=5%,kvB<=4k,kp<=512,0.0293,6
2048,n<=64,sr<=5%,kvB<=4k,kp<=8k,0.0205,6
2048,n<=64,sr<=5%,kvB<=4k,kp=0,0.0318,6
2048,n<=64,sr<=70%,kvB<=16k,kp<=1k,-0.0223,2
2048,n<=64,sr<=70%,kvB<=16k,kp<=2k,-0.015,2
2048,n<=64,sr<=70%,kvB<=16k,kp<=4k,-0.0078,2
2048,n<=64,sr<=70%,kvB<=16k,kp<=512,-0.0202,2
2048,n<=64,sr<=70%,kvB<=16k,kp<=8k,-0.0226,2
2048,n<=64,sr<=70%,kvB<=16k,kp=0,-0.0199,2
2048,n<=64,sr<=70%,kvB<=1k,kp<=1k,0.0333,2
2048,n<=64,sr<=70%,kvB<=1k,kp<=2k,0.0359,2
2048,n<=64,sr<=70%,kvB<=1k,kp<=4k,0.0334,2
2048,n<=64,sr<=70%,kvB<=1k,kp<=512,-0.0127,2
2048,n<=64,sr<=70%,kvB<=1k,kp<=8k,-0.0418,2
2048,n<=64,sr<=70%,kvB<=1k,kp=0,-0.004,2
2048,n<=64,sr<=70%,kvB<=4k,kp<=1k,-0.0343,2
2048,n<=64,sr<=70%,kvB<=4k,kp<=2k,-0.0287,2
2048,n<=64,sr<=70%,kvB<=4k,kp<=4k,-0.0294,2
2048,n<=64,sr<=70%,kvB<=4k,kp<=512,-0.0381,2
2048,n<=64,sr<=70%,kvB<=4k,kp<=8k,-0.0097,2
2048,n<=64,sr<=70%,kvB<=4k,kp=0,-0.0583,2
2048,n<=64,sr>70%,kvB<=16k,kp<=1k,-0.012,4
2048,n<=64,sr>70%,kvB<=16k,kp<=2k,-0.0195,4
2048,n<=64,sr>70%,kvB<=16k,kp<=4k,-0.0448,4
2048,n<=64,sr>70%,kvB<=16k,kp<=512,-0.0326,4
2048,n<=64,sr>70%,kvB<=16k,kp<=8k,-0.0241,4
2048,n<=64,sr>70%,kvB<=16k,kp=0,-0.0058,4
2048,n<=64,sr>70%,kvB<=1k,kp<=1k,0.2231,4
2048,n<=64,sr>70%,kvB<=1k,kp<=2k,0.2321,4
2048,n<=64,sr>70%,kvB<=1k,kp<=4k,0.1847,4
2048,n<=64,sr>70%,kvB<=1k,kp<=512,0.2198,4
2048,n<=64,sr>70%,kvB<=1k,kp<=8k,-0.0034,4
2048,n<=64,sr>70%,kvB<=1k,kp=0,0.2038,4
2048,n<=64,sr>70%,kvB<=4k,kp<=1k,0.0139,4
2048,n<=64,sr>70%,kvB<=4k,kp<=2k,0.0473,4
2048,n<=64,sr>70%,kvB<=4k,kp<=4k,0.0414,4
2048,n<=64,sr>70%,kvB<=4k,kp<=512,-0.0157,4
2048,n<=64,sr>70%,kvB<=4k,kp<=8k,0.0834,4
2048,n<=64,sr>70%,kvB<=4k,kp=0,-0.0607,4
2048,n<=8,sr<=15%,kvB<=16k,kp<=1k,0.4448,2
2048,n<=8,sr<=15%,kvB<=16k,kp<=2k,0.4723,2
2048,n<=8,sr<=15%,kvB<=16k,kp<=4k,0.4775,2
2048,n<=8,sr<=15%,kvB<=16k,kp<=512,0.4272,2
2048,n<=8,sr<=15%,kvB<=16k,kp<=8k,0.4125,2
2048,n<=8,sr<=15%,kvB<=16k,kp=0,0.4252,2
2048,n<=8,sr<=15%,kvB<=1k,kp<=1k,0.0191,2
2048,n<=8,sr<=15%,kvB<=1k,kp<=2k,0.093,2
2048,n<=8,sr<=15%,kvB<=1k,kp<=4k,0.6042,2
2048,n<=8,sr<=15%,kvB<=1k,kp<=512,0.1125,2
2048,n<=8,sr<=15%,kvB<=1k,kp<=8k,0.797,2
2048,n<=8,sr<=15%,kvB<=1k,kp=0,0.1713,2
2048,n<=8,sr<=15%,kvB<=4k,kp<=1k,0.2769,2
2048,n<=8,sr<=15%,kvB<=4k,kp<=2k,0.033,2
2048,n<=8,sr<=15%,kvB<=4k,kp<=4k,0.2,2
2048,n<=8,sr<=15%,kvB<=4k,kp<=512,0.3267,2
2048,n<=8,sr<=15%,kvB<=4k,kp<=8k,0.7451,2
2048,n<=8,sr<=15%,kvB<=4k,kp=0,0.3887,2
2048,n<=8,sr<=40%,kvB<=16k,kp<=1k,0.4211,4
2048,n<=8,sr<=40%,kvB<=16k,kp<=2k,0.471,4
2048,n<=8,sr<=40%,kvB<=16k,kp<=4k,0.4785,4
2048,n<=8,sr<=40%,kvB<=16k,kp<=512,0.373,4
2048,n<=8,sr<=40%,kvB<=16k,kp<=8k,0.5357,4
2048,n<=8,sr<=40%,kvB<=16k,kp=0,0.368,4
2048,n<=8,sr<=40%,kvB<=1k,kp<=1k,0.0716,4
2048,n<=8,sr<=40%,kvB<=1k,kp<=2k,0.1252,4
2048,n<=8,sr<=40%,kvB<=1k,kp<=4k,0.7188,4
2048,n<=8,sr<=40%,kvB<=1k,kp<=512,0.0351,4
2048,n<=8,sr<=40%,kvB<=1k,kp<=8k,0.7509,4
2048,n<=8,sr<=40%,kvB<=1k,kp=0,0.0666,4
2048,n<=8,sr<=40%,kvB<=4k,kp<=1k,0.3712,4
2048,n<=8,sr<=40%,kvB<=4k,kp<=2k,0.1756,4
2048,n<=8,sr<=40%,kvB<=4k,kp<=4k,0.1912,4
2048,n<=8,sr<=40%,kvB<=4k,kp<=512,0.3992,4
2048,n<=8,sr<=40%,kvB<=4k,kp<=8k,0.6167,4
2048,n<=8,sr<=40%,kvB<=4k,kp=0,0.4126,4
2048,n<=8,sr<=70%,kvB<=16k,kp<=1k,0.348,2
2048,n<=8,sr<=70%,kvB<=16k,kp<=2k,0.4548,2
2048,n<=8,sr<=70%,kvB<=16k,kp<=4k,0.4808,2
2048,n<=8,sr<=70%,kvB<=16k,kp<=512,0.2782,2
2048,n<=8,sr<=70%,kvB<=16k,kp<=8k,0.5733,2
2048,n<=8,sr<=70%,kvB<=16k,kp=0,0.2063,2
2048,n<=8,sr<=70%,kvB<=1k,kp<=1k,-0.0324,2
2048,n<=8,sr<=70%,kvB<=1k,kp<=2k,0.2397,2
2048,n<=8,sr<=70%,kvB<=1k,kp<=4k,0.6679,2
2048,n<=8,sr<=70%,kvB<=1k,kp<=512,-0.0158,2
2048,n<=8,sr<=70%,kvB<=1k,kp<=8k,0.2473,2
2048,n<=8,sr<=70%,kvB<=1k,kp=0,0.0105,2
2048,n<=8,sr<=70%,kvB<=4k,kp<=1k,0.4189,2
2048,n<=8,sr<=70%,kvB<=4k,kp<=2k,0.2934,2
2048,n<=8,sr<=70%,kvB<=4k,kp<=4k,0.0902,2
2048,n<=8,sr<=70%,kvB<=4k,kp<=512,0.3954,2
2048,n<=8,sr<=70%,kvB<=4k,kp<=8k,0.4227,2
2048,n<=8,sr<=70%,kvB<=4k,kp=0,0.4052,2
2048,n<=8,sr>70%,kvB<=16k,kp<=1k,0.32,4
2048,n<=8,sr>70%,kvB<=16k,kp<=2k,0.4396,4
2048,n<=8,sr>70%,kvB<=16k,kp<=4k,0.3897,4
2048,n<=8,sr>70%,kvB<=16k,kp<=512,0.1006,4
2048,n<=8,sr>70%,kvB<=16k,kp<=8k,0.6042,4
2048,n<=8,sr>70%,kvB<=16k,kp=0,-0.2284,4
2048,n<=8,sr>70%,kvB<=1k,kp<=1k,0.1898,4
2048,n<=8,sr>70%,kvB<=1k,kp<=2k,0.1323,4
2048,n<=8,sr>70%,kvB<=1k,kp<=4k,0.4192,4
2048,n<=8,sr>70%,kvB<=1k,kp<=512,0.0757,4
2048,n<=8,sr>70%,kvB<=1k,kp<=8k,0.3183,4
2048,n<=8,sr>70%,kvB<=1k,kp=0,0.3651,4
2048,n<=8,sr>70%,kvB<=4k,kp<=1k,0.3506,4
2048,n<=8,sr>70%,kvB<=4k,kp<=2k,0.3265,4
2048,n<=8,sr>70%,kvB<=4k,kp<=4k,0.0091,4
2048,n<=8,sr>70%,kvB<=4k,kp<=512,0.4455,4
2048,n<=8,sr>70%,kvB<=4k,kp<=8k,0.3094,4
2048,n<=8,sr>70%,kvB<=4k,kp=0,0.3991,4
