prefill_chunk,kv_prefill,n_decode,kv_decode,time_us
0,0,1,16,12.3297
0,0,1,32,12.2133
0,0,1,64,12.362
0,0,1,128,17.4823
0,0,1,256,17.78
0,0,1,512,18.2493
0,0,1,1024,19.1567
0,0,1,2048,21.4393
0,0,1,4096,29.4503
0,0,1,8192,36.319
0,0,1,16384,53.631
0,0,2,16,17.716
0,0,2,32,17.7063
0,0,2,64,17.792
0,0,2,128,21.2257
0,0,2,256,21.4927
0,0,2,512,22.133
0,0,2,1024,23.6903
0,0,2,2048,30.207
0,0,2,4096,37.3113
0,0,2,8192,54.036
0,0,2,16384,80.0513
0,0,4,16,17.5997
0,0,4,32,17.7277
0,0,4,64,17.781
0,0,4,128,21.2477
0,0,4,256,21.8017
0,0,4,512,23.1243
0,0,4,1024,28.672
0,0,4,2048,35.7433
0,0,4,4096,51.711
0,0,4,8192,76.0303
0,0,4,16384,123.976
0,0,8,16,17.5253
0,0,8,32,17.5883
0,0,8,64,17.781
0,0,8,128,21.4717
0,0,8,256,22.6873
0,0,8,512,28.639
0,0,8,1024,37.823
0,0,8,2048,51.263
0,0,8,4096,80.841
0,0,8,8192,123.635
0,0,8,16384,218.565
0,0,16,16,17.802
0,0,16,32,17.9623
0,0,16,64,18.4523
0,0,16,128,22.7297
0,0,16,256,29.0557
0,0,16,512,38.4527
0,0,16,1024,50.6117
0,0,16,2048,75.209
0,0,16,4096,123.09
0,0,16,8192,217.211
0,0,16,16384,407.393
0,0,32,16,18.6877
0,0,32,32,19.029
0,0,32,64,20.4157
0,0,32,128,30.1433
0,0,32,256,39.1137
0,0,32,512,50.836
0,0,32,1024,75.5387
0,0,32,2048,122.355
0,0,32,4096,216.87
0,0,32,8192,404.236
0,0,32,16384,791.928
0,0,64,16,25.13
0,0,64,32,25.8877
0,0,64,64,27.2953
0,0,64,128,36.7033
0,0,64,256,52.3403
0,0,64,512,77.7157
0,0,64,1024,123.805
0,0,64,2048,219.674
0,0,64,4096,406.742
0,0,64,8192,784.878
0,0,64,16384,1539.14
0,0,128,16,37.792
0,0,128,32,38.8683
0,0,128,64,42.7187
0,0,128,128,60.6497
0,0,128,256,85.3313
0,0,128,512,133.31
0,0,128,1024,227.366
0,0,128,2048,415.35
0,0,128,4096,790.263
0,0,128,8192,1560.38
0,0,128,16384,3056.2
0,0,256,16,63.2083
0,0,256,32,66.5377
0,0,256,64,70.2813
0,0,256,128,102.664
0,0,256,256,146.557
0,0,256,512,242.853
0,0,256,1024,429.206
0,0,256,2048,800.494
0,0,256,4096,1551.47
0,0,256,8192,3087.39
0,0,256,16384,6082.43
16,0,0,0,12.2347
16,0,1,16,12.2663
16,0,1,32,12.256
16,0,1,64,12.1493
16,0,1,128,14.8153
16,0,1,256,18.4747
16,0,1,512,25.7913
16,0,1,1024,40.404
16,0,1,2048,69.844
16,0,1,4096,128.519
16,0,1,8192,247.227
16,0,1,16384,482.773
16,0,2,16,12.2553
16,0,2,32,12.2557
16,0,2,64,12.2987
16,0,2,128,14.8587
16,0,2,256,18.4423
16,0,2,512,26.0157
16,0,2,1024,41.002
16,0,2,2048,70.6653
16,0,2,4096,129.896
16,0,2,8192,247.493
16,0,2,16384,485.878
16,0,4,16,12.1067
16,0,4,32,12.1067
16,0,4,64,12.096
16,0,4,128,14.8587
16,0,4,256,18.6127
16,0,4,512,26.0903
16,0,4,1024,41.6313
16,0,4,2048,71.6993
16,0,4,4096,131.699
16,0,4,8192,250.373
16,0,4,16384,486.881
16,0,8,16,17.663
16,0,8,32,17.877
16,0,8,64,17.9733
16,0,8,128,22.2183
16,0,8,256,26.197
16,0,8,512,33.6523
16,0,8,1024,48.6713
16,0,8,2048,79.0813
16,0,8,4096,137.138
16,0,8,8192,255.216
16,0,8,16384,493.461
16,0,16,16,23.669
16,0,16,32,24.0313
16,0,16,64,24.2023
16,0,16,128,31.9997
16,0,16,256,40.3403
16,0,16,512,55.3267
16,0,16,1024,85.4487
16,0,16,2048,144.68
16,0,16,4096,261.797
16,0,16,8192,499.626
16,0,16,16384,985.451
16,0,32,16,35.061
16,0,32,32,35.8277
16,0,32,64,36.4147
16,0,32,128,51.007
16,0,32,256,68.02
16,0,32,512,96.4463
16,0,32,1024,156.52
16,0,32,2048,277.455
16,0,32,4096,526.143
16,0,32,8192,1036.2
16,0,32,16384,2064.11
16,0,64,16,57.8123
16,0,64,32,58.964
16,0,64,64,59.7217
16,0,64,128,89.5657
16,0,64,256,133.704
16,0,64,512,226.598
16,0,64,1024,413.091
16,0,64,2048,785.797
16,0,64,4096,1543.23
16,0,64,8192,3067.07
16,0,64,16384,6080.03
16,0,128,16,101.886
16,0,128,32,104.072
16,0,128,64,106.195
16,0,128,128,169.693
16,0,128,256,248.933
16,0,128,512,434.327
16,0,128,1024,800.719
16,0,128,2048,1548.83
16,0,128,4096,3058.69
16,0,128,8192,6074.81
16,0,128,16384,12103.7
16,16,0,0,12.533
16,16,1,16,12.341
16,16,1,32,12.565
16,16,1,64,12.5223
16,16,1,128,14.8477
16,16,1,256,18.442
16,16,1,512,25.781
16,16,1,1024,40.468
16,16,1,2048,69.6943
16,16,1,4096,128.445
16,16,1,8192,247.355
16,16,1,16384,482.806
16,16,2,16,12.4373
16,16,2,32,12.5333
16,16,2,64,12.5653
16,16,2,128,14.8693
16,16,2,256,18.6343
16,16,2,512,26.0367
16,16,2,1024,41.0123
16,16,2,2048,70.5483
16,16,2,4096,129.96
16,16,2,8192,247.75
16,16,2,16384,486.028
16,16,4,16,12.3623
16,16,4,32,12.341
16,16,4,64,12.501
16,16,4,128,14.8793
16,16,4,256,18.485
16,16,4,512,26.25
16,16,4,1024,41.6737
16,16,4,2048,71.679
16,16,4,4096,131.73
16,16,4,8192,250.437
16,16,4,16384,486.955
16,16,8,16,17.9943
16,16,8,32,18.3573
16,16,8,64,18.698
16,16,8,128,22.5493
16,16,8,256,26.6447
16,16,8,512,33.9723
16,16,8,1024,49.1613
16,16,8,2048,79.1133
16,16,8,4096,138.706
16,16,8,8192,255.398
16,16,8,16384,494.24
16,16,16,16,23.6583
16,16,16,32,24.0953
16,16,16,64,24.458
16,16,16,128,32.2017
16,16,16,256,41.0443
16,16,16,512,55.839
16,16,16,1024,84.7553
16,16,16,2048,144.328
16,16,16,4096,261.723
16,16,16,8192,501.163
16,16,16,16384,978.904
16,16,32,16,35.0177
16,16,32,32,35.8507
16,16,32,64,36.437
16,16,32,128,51.7213
16,16,32,256,68.084
16,16,32,512,97.001
16,16,32,1024,157.49
16,16,32,2048,278.042
16,16,32,4096,526.07
16,16,32,8192,1040.15
16,16,32,16384,2036.98
16,16,64,16,57.9937
16,16,64,32,59.1777
16,16,64,64,59.8607
16,16,64,128,90.451
16,16,64,256,134.557
16,16,64,512,228.198
16,16,64,1024,413.379
16,16,64,2048,787.291
16,16,64,4096,1541.67
16,16,64,8192,3062.23
16,16,64,16384,6084.2
16,16,128,16,102.057
16,16,128,32,104.073
16,16,128,64,106.174
16,16,128,128,169.266
16,16,128,256,251.717
16,16,128,512,432.739
16,16,128,1024,799.899
16,16,128,2048,1547.67
16,16,128,4096,3056.18
16,16,128,8192,6072.39
16,16,128,16384,12102.3
16,32,0,0,12.5867
16,32,1,16,12.3627
16,32,1,32,12.469
16,32,1,64,12.607
16,32,1,128,14.8267
16,32,1,256,18.464
16,32,1,512,25.781
16,32,1,1024,40.4367
16,32,1,2048,69.7907
16,32,1,4096,128.435
16,32,1,8192,247.367
16,32,1,16384,482.775
16,32,2,16,12.4583
16,32,2,32,12.5653
16,32,2,64,12.6507
16,32,2,128,14.944
16,32,2,256,18.645
16,32,2,512,25.9943
16,32,2,1024,40.96
16,32,2,2048,70.761
16,32,2,4096,129.971
16,32,2,8192,247.569
16,32,2,16384,485.677
16,32,4,16,12.2453
16,32,4,32,12.4583
16,32,4,64,12.4907
16,32,4,128,14.8373
16,32,4,256,18.5273
16,32,4,512,26.1437
16,32,4,1024,41.6317
16,32,4,2048,71.743
16,32,4,4096,131.72
16,32,4,8192,250.353
16,32,4,16384,487.191
16,32,8,16,17.973
16,32,8,32,18.3037
16,32,8,64,18.5813
16,32,8,128,22.5597
16,32,8,256,26.5483
16,32,8,512,34.2827
16,32,8,1024,48.9807
16,32,8,2048,79.2303
16,32,8,4096,137.704
16,32,8,8192,255.835
16,32,8,16384,492.706
16,32,16,16,23.5727
16,32,16,32,24.1487
16,32,16,64,24.586
16,32,16,128,32.2773
16,32,16,256,41.6527
16,32,16,512,55.8923
16,32,16,1024,85.95
16,32,16,2048,144.083
16,32,16,4096,262.011
16,32,16,8192,500.269
16,32,16,16384,980.644
16,32,32,16,35.082
16,32,32,32,35.818
16,32,32,64,36.5653
16,32,32,128,51.3483
16,32,32,256,68.148
16,32,32,512,97.577
16,32,32,1024,157.363
16,32,32,2048,278.608
16,32,32,4096,526.754
16,32,32,8192,1035.96
16,32,32,16384,2057.3
16,32,64,16,57.9617
16,32,64,32,59.092
16,32,64,64,59.9563
16,32,64,128,89.769
16,32,64,256,132.733
16,32,64,512,228.177
16,32,64,1024,413.369
16,32,64,2048,787.666
16,32,64,4096,1541.69
16,32,64,8192,3074.25
16,32,64,16384,6081.65
16,32,128,16,102.377
16,32,128,32,104.073
16,32,128,64,106.323
16,32,128,128,169.426
16,32,128,256,252.699
16,32,128,512,434.723
16,32,128,1024,800.957
16,32,128,2048,1549.63
16,32,128,4096,3055.56
16,32,128,8192,6089.51
16,32,128,16384,12110
16,64,0,0,12.6927
16,64,1,16,12.2767
16,64,1,32,12.4053
16,64,1,64,12.6503
16,64,1,128,14.7727
16,64,1,256,18.442
16,64,1,512,25.621
16,64,1,1024,40.5117
16,64,1,2048,69.8547
16,64,1,4096,128.371
16,64,1,8192,247.281
16,64,1,16384,482.882
16,64,2,16,12.384
16,64,2,32,12.6613
16,64,2,64,12.7147
16,64,2,128,14.8903
16,64,2,256,18.6873
16,64,2,512,26.08
16,64,2,1024,40.9383
16,64,2,2048,70.7617
16,64,2,4096,129.939
16,64,2,8192,247.772
16,64,2,16384,485.997
16,64,4,16,12.2133
16,64,4,32,12.4583
16,64,4,64,12.5013
16,64,4,128,14.7947
16,64,4,256,18.517
16,64,4,512,26.1007
16,64,4,1024,41.6423
16,64,4,2048,71.8177
16,64,4,4096,131.507
16,64,4,8192,250.225
16,64,4,16384,486.999
16,64,8,16,18.1007
16,64,8,32,18.3037
16,64,8,64,18.5387
16,64,8,128,22.4213
16,64,8,256,26.4103
16,64,8,512,33.8447
16,64,8,1024,49.1087
16,64,8,2048,79.636
16,64,8,4096,138.537
16,64,8,8192,255.878
16,64,8,16384,493.527
16,64,16,16,23.6793
16,64,16,32,24.1917
16,64,16,64,24.5863
16,64,16,128,32.4047
16,64,16,256,40.5437
16,64,16,512,55.6793
16,64,16,1024,85.449
16,64,16,2048,144.435
16,64,16,4096,262.662
16,64,16,8192,499.523
16,64,16,16384,979.237
16,64,32,16,35.1777
16,64,32,32,35.9577
16,64,32,64,36.5223
16,64,32,128,51.38
16,64,32,256,67.5727
16,64,32,512,97.044
16,64,32,1024,157.512
16,64,32,2048,280.315
16,64,32,4096,526.2
16,64,32,8192,1032.69
16,64,32,16384,2056.16
16,64,64,16,57.727
16,64,64,32,59.189
16,64,64,64,60.02
16,64,64,128,90.1213
16,64,64,256,135.112
16,64,64,512,225.917
16,64,64,1024,413.38
16,64,64,2048,788.03
16,64,64,4096,1543.83
16,64,64,8192,3064.06
16,64,64,16384,6086.62
16,64,128,16,102.292
16,64,128,32,104.403
16,64,128,64,106.495
16,64,128,128,169.832
16,64,128,256,251.398
16,64,128,512,433.966
16,64,128,1024,801.032
16,64,128,2048,1550.02
16,64,128,4096,3056.7
16,64,128,8192,6079.25
16,64,128,16384,12104.6
16,128,0,0,16.0533
16,128,1,16,15.0503
16,128,1,32,15.019
16,128,1,64,15.072
16,128,1,128,15.8503
16,128,1,256,18.4537
16,128,1,512,25.684
16,128,1,1024,40.5113
16,128,1,2048,69.9617
16,128,1,4096,128.659
16,128,1,8192,247.271
16,128,1,16384,482.862
16,128,2,16,15.072
16,128,2,32,15.0507
16,128,2,64,15.168
16,128,2,128,15.9893
16,128,2,256,18.6233
16,128,2,512,26.112
16,128,2,1024,41.055
16,128,2,2048,70.6443
16,128,2,4096,130.11
16,128,2,8192,247.783
16,128,2,16384,485.816
16,128,4,16,14.8053
16,128,4,32,14.816
16,128,4,64,14.8477
16,128,4,128,15.8507
16,128,4,256,18.5173
16,128,4,512,26.1117
16,128,4,1024,41.5037
16,128,4,2048,71.7857
16,128,4,4096,131.646
16,128,4,8192,250.171
16,128,4,16384,487.053
16,128,8,16,18.0587
16,128,8,32,18.2717
16,128,8,64,18.6557
16,128,8,128,25.12
16,128,8,256,29.5457
16,128,8,512,37.6213
16,128,8,1024,52.575
16,128,8,2048,82.441
16,128,8,4096,141.747
16,128,8,8192,259.196
16,128,8,16384,492.889
16,128,16,16,23.7967
16,128,16,32,24.3093
16,128,16,64,24.5543
16,128,16,128,34.41
16,128,16,256,43.9567
16,128,16,512,59.4763
16,128,16,1024,89.6947
16,128,16,2048,148.542
16,128,16,4096,265.5
16,128,16,8192,501.347
16,128,16,16384,979.184
16,128,32,16,35.2423
16,128,32,32,35.8923
16,128,32,64,36.49
16,128,32,128,53.0547
16,128,32,256,70.6227
16,128,32,512,102.761
16,128,32,1024,161.299
16,128,32,2048,283.537
16,128,32,4096,526.585
16,128,32,8192,1031.54
16,128,32,16384,2076.38
16,128,64,16,58.0897
16,128,64,32,59.146
16,128,64,64,60.18
16,128,64,128,92.212
16,128,64,256,137.832
16,128,64,512,229.277
16,128,64,1024,415.045
16,128,64,2048,787.082
16,128,64,4096,1541.97
16,128,64,8192,3079.05
16,128,64,16384,6084.72
16,128,128,16,102.132
16,128,128,32,104.681
16,128,128,64,107.06
16,128,128,128,170.899
16,128,128,256,250.716
16,128,128,512,434.628
16,128,128,1024,801.503
16,128,128,2048,1552.08
16,128,128,4096,3061.93
16,128,128,8192,6113.73
16,128,128,16384,12103.1
16,256,0,0,19.7117
16,256,1,16,18.7197
16,256,1,32,18.496
16,256,1,64,18.666
16,256,1,128,18.6977
16,256,1,256,19.4877
16,256,1,512,25.7383
16,256,1,1024,40.479
16,256,1,2048,69.8333
16,256,1,4096,128.638
16,256,1,8192,247.196
16,256,1,16384,482.681
16,256,2,16,18.7197
16,256,2,32,18.8263
16,256,2,64,18.8267
16,256,2,128,18.858
16,256,2,256,19.6473
16,256,2,512,26.112
16,256,2,1024,40.9693
16,256,2,2048,70.6337
16,256,2,4096,130.003
16,256,2,8192,247.505
16,256,2,16384,486.051
16,256,4,16,18.3573
16,256,4,32,18.3463
16,256,4,64,18.4427
16,256,4,128,18.4637
16,256,4,256,19.648
16,256,4,512,26.1223
16,256,4,1024,41.642
16,256,4,2048,71.7643
16,256,4,4096,131.86
16,256,4,8192,250.429
16,256,4,16384,486.841
16,256,8,16,18.5163
16,256,8,32,18.4533
16,256,8,64,18.6873
16,256,8,128,25.1837
16,256,8,256,32.6717
16,256,8,512,41.109
16,256,8,1024,56.458
16,256,8,2048,86.42
16,256,8,4096,145.107
16,256,8,8192,262.258
16,256,8,16384,495.887
16,256,16,16,25.557
16,256,16,32,25.8127
16,256,16,64,25.909
16,256,16,128,34.57
16,256,16,256,45.6847
16,256,16,512,62.922
16,256,16,1024,92.383
16,256,16,2048,152.083
16,256,16,4096,269.735
16,256,16,8192,507.011
16,256,16,16384,979.261
16,256,32,16,37.3437
16,256,32,32,37.9837
16,256,32,64,38.3573
16,256,32,128,53.045
16,256,32,256,72.1483
16,256,32,512,104.692
16,256,32,1024,164.317
16,256,32,2048,288.561
16,256,32,4096,537.154
16,256,32,8192,1039.24
16,256,32,16384,2066.12
16,256,64,16,59.8067
16,256,64,32,60.6497
16,256,64,64,61.6523
16,256,64,128,91.8817
16,256,64,256,139.028
16,256,64,512,232.124
16,256,64,1024,414.064
16,256,64,2048,788.138
16,256,64,4096,1542.81
16,256,64,8192,3061.78
16,256,64,16384,6084.32
16,256,128,16,103.252
16,256,128,32,105.513
16,256,128,64,108.137
16,256,128,128,171.55
16,256,128,256,252.274
16,256,128,512,433.999
16,256,128,1024,803.445
16,256,128,2048,1550.22
16,256,128,4096,3061.4
16,256,128,8192,6075.95
16,256,128,16384,12110.8
16,512,0,0,26.8903
16,512,1,16,26.069
16,512,1,32,26.0587
16,512,1,64,26.101
16,512,1,128,26.112
16,512,1,256,26.1327
16,512,1,512,26.6873
16,512,1,1024,40.5863
16,512,1,2048,70.0153
16,512,1,4096,128.617
16,512,1,8192,247.1
16,512,1,16384,482.702
16,512,2,16,26.1113
16,512,2,32,26.0587
16,512,2,64,26.1223
16,512,2,128,26.154
16,512,2,256,26.2077
16,512,2,512,26.912
16,512,2,1024,40.981
16,512,2,2048,70.73
16,512,2,4096,130.057
16,512,2,8192,247.655
16,512,2,16384,486.062
16,512,4,16,25.7487
16,512,4,32,25.7487
16,512,4,64,25.7383
16,512,4,128,25.7597
16,512,4,256,25.94
16,512,4,512,26.9013
16,512,4,1024,41.7063
16,512,4,2048,71.775
16,512,4,4096,131.657
16,512,4,8192,250.546
16,512,4,16384,486.831
16,512,8,16,25.8343
16,512,8,32,25.76
16,512,8,64,25.813
16,512,8,128,26.0587
16,512,8,256,32.6503
16,512,8,512,47.0077
16,512,8,1024,64.341
16,512,8,2048,94.196
16,512,8,4096,153.555
16,512,8,8192,271.292
16,512,8,16384,504.814
16,512,16,16,32.618
16,512,16,32,32.81
16,512,16,64,33.0023
16,512,16,128,36.4683
16,512,16,256,45.6957
16,512,16,512,67.7217
16,512,16,1024,102.079
16,512,16,2048,160.905
16,512,16,4096,278.204
16,512,16,8192,513.817
16,512,16,16384,986.642
16,512,32,16,44.3623
16,512,32,32,44.8203
16,512,32,64,45.61
16,512,32,128,55.4337
16,512,32,256,72.17
16,512,32,512,109.982
16,512,32,1024,173.363
16,512,32,2048,295.409
16,512,32,4096,550.212
16,512,32,8192,1063.73
16,512,32,16384,2083.31
16,512,64,16,66.954
16,512,64,32,67.8603
16,512,64,64,69.098
16,512,64,128,93.4283
16,512,64,256,138.867
16,512,64,512,235.527
16,512,64,1024,418.138
16,512,64,2048,789.387
16,512,64,4096,1550.2
16,512,64,8192,3075.28
16,512,64,16384,6085.44
16,512,128,16,107.07
16,512,128,32,108.969
16,512,128,64,111.753
16,512,128,128,173.342
16,512,128,256,253.949
16,512,128,512,442.821
16,512,128,1024,804.811
16,512,128,2048,1552.17
16,512,128,4096,3064.5
16,512,128,8192,6087.94
16,512,128,16384,12110.8
16,1024,0,0,41.7163
16,1024,1,16,40.864
16,1024,1,32,41.0877
16,1024,1,64,40.874
16,1024,1,128,40.9813
16,1024,1,256,41.003
16,1024,1,512,41.0123
16,1024,1,1024,41.3863
16,1024,1,2048,69.7917
16,1024,1,4096,128.531
16,1024,1,8192,247.25
16,1024,1,16384,482.991
16,1024,2,16,40.9383
16,1024,2,32,40.9807
16,1024,2,64,40.9493
16,1024,2,128,41.0023
16,1024,2,256,41.0767
16,1024,2,512,41.183
16,1024,2,1024,41.8447
16,1024,2,2048,70.7727
16,1024,2,4096,130.259
16,1024,2,8192,247.559
16,1024,2,16384,485.583
16,1024,4,16,40.628
16,1024,4,32,40.682
16,1024,4,64,40.618
16,1024,4,128,40.8203
16,1024,4,256,40.8103
16,1024,4,512,41.1197
16,1024,4,1024,42.0583
16,1024,4,2048,72.0097
16,1024,4,4096,131.924
16,1024,4,8192,250.568
16,1024,4,16384,486.799
16,1024,8,16,40.6393
16,1024,8,32,40.65
16,1024,8,64,40.6717
16,1024,8,128,40.757
16,1024,8,256,41.0877
16,1024,8,512,47.434
16,1024,8,1024,77.4177
16,1024,8,2048,111.231
16,1024,8,4096,171.998
16,1024,8,8192,294.065
16,1024,8,16384,535.929
16,1024,16,16,46.9437
16,1024,16,32,47.1353
16,1024,16,64,47.2097
16,1024,16,128,50.8157
16,1024,16,256,54.6877
16,1024,16,512,67.5193
16,1024,16,1024,112.254
16,1024,16,2048,179.614
16,1024,16,4096,299.527
16,1024,16,8192,539.46
16,1024,16,16384,1028.8
16,1024,32,16,58.5487
16,1024,32,32,59.0497
16,1024,32,64,59.9037
16,1024,32,128,69.7277
16,1024,32,256,82.026
16,1024,32,512,109.908
16,1024,32,1024,186.067
16,1024,32,2048,314.364
16,1024,32,4096,572.666
16,1024,32,8192,1085.38
16,1024,32,16384,2100.72
16,1024,64,16,81.3857
16,1024,64,32,82.4313
16,1024,64,64,83.3277
16,1024,64,128,107.742
16,1024,64,256,148.755
16,1024,64,512,234.259
16,1024,64,1024,434.395
16,1024,64,2048,795.99
16,1024,64,4096,1550.67
16,1024,64,8192,3070.18
16,1024,64,16384,6084.49
16,1024,128,16,121.961
16,1024,128,32,123.892
16,1024,128,64,126.27
16,1024,128,128,179.881
16,1024,128,256,257.085
16,1024,128,512,444.219
16,1024,128,1024,816.417
16,1024,128,2048,1555.8
16,1024,128,4096,3070.65
16,1024,128,8192,6086.86
16,1024,128,16384,12118.8
16,2048,0,0,71.4553
16,2048,1,16,70.645
16,2048,1,32,70.6553
16,2048,1,64,70.6763
16,2048,1,128,70.527
16,2048,1,256,70.7403
16,2048,1,512,70.805
16,2048,1,1024,70.868
16,2048,1,2048,70.943
16,2048,1,4096,128.659
16,2048,1,8192,247.197
16,2048,1,16384,482.906
16,2048,2,16,70.6337
16,2048,2,32,70.5697
16,2048,2,64,70.5163
16,2048,2,128,70.623
16,2048,2,256,70.687
16,2048,2,512,70.7723
16,2048,2,1024,71.007
16,2048,2,2048,71.4017
16,2048,2,4096,129.715
16,2048,2,8192,247.923
16,2048,2,16384,486.106
16,2048,4,16,70.186
16,2048,4,32,70.218
16,2048,4,64,70.239
16,2048,4,128,70.2287
16,2048,4,256,70.2923
16,2048,4,512,70.517
16,2048,4,1024,71.071
16,2048,4,2048,72.0737
16,2048,4,4096,131.817
16,2048,4,8192,250.589
16,2048,4,16384,486.959
16,2048,8,16,70.2283
16,2048,8,32,70.2717
16,2048,8,64,70.133
16,2048,8,128,70.2603
16,2048,8,256,70.506
16,2048,8,512,70.8153
16,2048,8,1024,77.8443
16,2048,8,2048,138.355
16,2048,8,4096,202.76
16,2048,8,8192,322.951
16,2048,8,16384,566.639
16,2048,16,16,75.263
16,2048,16,32,75.263
16,2048,16,64,75.4443
16,2048,16,128,79.1353
16,2048,16,256,83.189
16,2048,16,512,90.708
16,2048,16,1024,113.066
16,2048,16,2048,204.371
16,2048,16,4096,330.215
16,2048,16,8192,569.679
16,2048,16,16384,1057.73
16,2048,32,16,86.719
16,2048,32,32,87.4017
16,2048,32,64,87.7637
16,2048,32,128,97.9937
16,2048,32,256,109.844
16,2048,32,512,133.545
16,2048,32,1024,187.571
16,2048,32,2048,338.429
16,2048,32,4096,605.102
16,2048,32,8192,1140.33
16,2048,32,16384,2145.74
16,2048,64,16,109.674
16,2048,64,32,110.697
16,2048,64,64,111.818
16,2048,64,128,136.927
16,2048,64,256,178.772
16,2048,64,512,262.61
16,2048,64,1024,437.158
16,2048,64,2048,827.074
16,2048,64,4096,1562.13
16,2048,64,8192,3090.04
16,2048,64,16384,6094.6
16,2048,128,16,151.316
16,2048,128,32,152.126
16,2048,128,64,156.681
16,2048,128,128,211.571
16,2048,128,256,286.92
16,2048,128,512,448.134
16,2048,128,1024,821.911
16,2048,128,2048,1573.34
16,2048,128,4096,3081.3
16,2048,128,8192,6130.6
16,2048,128,16384,12121
16,4096,0,0,130.837
16,4096,1,16,129.876
16,4096,1,32,129.748
16,4096,1,64,129.907
16,4096,1,128,129.833
16,4096,1,256,129.801
16,4096,1,512,129.94
16,4096,1,1024,129.972
16,4096,1,2048,130.111
16,4096,1,4096,130.036
16,4096,1,8192,246.483
16,4096,1,16384,482.885
16,4096,2,16,129.812
16,4096,2,32,129.834
16,4096,2,64,129.812
16,4096,2,128,129.759
16,4096,2,256,129.844
16,4096,2,512,129.759
16,4096,2,1024,129.929
16,4096,2,2048,130.399
16,4096,2,4096,130.932
16,4096,2,8192,248.147
16,4096,2,16384,485.733
16,4096,4,16,129.396
16,4096,4,32,129.439
16,4096,4,64,129.428
16,4096,4,128,129.481
16,4096,4,256,129.683
16,4096,4,512,129.748
16,4096,4,1024,129.844
16,4096,4,2048,130.442
16,4096,4,4096,132.095
16,4096,4,8192,250.76
16,4096,4,16384,487.601
16,4096,8,16,129.268
16,4096,8,32,129.342
16,4096,8,64,129.386
16,4096,8,128,129.491
16,4096,8,256,129.524
16,4096,8,512,129.876
16,4096,8,1024,130.676
16,4096,8,2048,138.548
16,4096,8,4096,258.835
16,4096,8,8192,381.745
16,4096,8,16384,624.975
16,4096,16,16,131.796
16,4096,16,32,131.807
16,4096,16,64,132.671
16,4096,16,128,135.732
16,4096,16,256,139.604
16,4096,16,512,147.839
16,4096,16,1024,165.47
16,4096,16,2048,203.304
16,4096,16,4096,381.927
16,4096,16,8192,629.838
16,4096,16,16384,1116.76
16,4096,32,16,143.507
16,4096,32,32,143.86
16,4096,32,64,144.318
16,4096,32,128,154.067
16,4096,32,256,166.195
16,4096,32,512,189.587
16,4096,32,1024,241.374
16,4096,32,2048,340.103
16,4096,32,4096,644.729
16,4096,32,8192,1199.1
16,4096,32,16384,2255.04
16,4096,64,16,165.78
16,4096,64,32,167.187
16,4096,64,64,168.158
16,4096,64,128,193.395
16,4096,64,256,235.987
16,4096,64,512,320.316
16,4096,64,1024,492.923
16,4096,64,2048,834.754
16,4096,64,4096,1620.29
16,4096,64,8192,3087.97
16,4096,64,16384,6106.08
16,4096,128,16,208.659
16,4096,128,32,210.814
16,4096,128,64,214.793
16,4096,128,128,274.29
16,4096,128,256,349.01
16,4096,128,512,512.518
16,4096,128,1024,847.223
16,4096,128,2048,1585.69
16,4096,128,4096,3106.64
16,4096,128,8192,6112.6
16,4096,128,16384,12133.7
16,8192,0,0,248.616
16,8192,1,16,248.189
16,8192,1,32,248.21
16,8192,1,64,248.136
16,8192,1,128,248.414
16,8192,1,256,248.253
16,8192,1,512,248.254
16,8192,1,1024,248.52
16,8192,1,2048,247.645
16,8192,1,4096,247.827
16,8192,1,8192,248.04
16,8192,1,16384,483.717
16,8192,2,16,248.008
16,8192,2,32,248.435
16,8192,2,64,248.339
16,8192,2,128,248.093
16,8192,2,256,248.435
16,8192,2,512,248.712
16,8192,2,1024,248.253
16,8192,2,2048,247.827
16,8192,2,4096,247.785
16,8192,2,8192,248.254
16,8192,2,16384,486.064
16,8192,4,16,247.326
16,8192,4,32,247.368
16,8192,4,64,247.048
16,8192,4,128,247.059
16,8192,4,256,247.144
16,8192,4,512,247.123
16,8192,4,1024,247.56
16,8192,4,2048,247.624
16,8192,4,4096,248.392
16,8192,4,8192,251.049
16,8192,4,16384,487.771
16,8192,8,16,246.835
16,8192,8,32,246.995
16,8192,8,64,246.75
16,8192,8,128,246.792
16,8192,8,256,246.995
16,8192,8,512,247.219
16,8192,8,1024,248.04
16,8192,8,2048,249.672
16,8192,8,4096,258.569
16,8192,8,8192,497.446
16,8192,8,16384,744.377
16,8192,16,16,247.454
16,8192,16,32,247.742
16,8192,16,64,247.838
16,8192,16,128,250.632
16,8192,16,256,253.672
16,8192,16,512,261.95
16,8192,16,1024,277.469
16,8192,16,2048,314.429
16,8192,16,4096,382.62
16,8192,16,8192,740.43
16,8192,16,16384,1235.98
16,8192,32,16,256.307
16,8192,32,32,257.257
16,8192,32,64,257.481
16,8192,32,128,267.699
16,8192,32,256,279.496
16,8192,32,512,303.379
16,8192,32,1024,354.652
16,8192,32,2048,453.041
16,8192,32,4096,654.447
16,8192,32,8192,1258.69
16,8192,32,16384,2373.69
16,8192,64,16,279.123
16,8192,64,32,280.637
16,8192,64,64,281.128
16,8192,64,128,306.354
16,8192,64,256,348.637
16,8192,64,512,433.17
16,8192,64,1024,608.784
16,8192,64,2048,950.263
16,8192,64,4096,1631.59
16,8192,64,8192,3186.98
16,8192,64,16384,6133.53
16,8192,128,16,322.29
16,8192,128,32,324.243
16,8192,128,64,328.552
16,8192,128,128,386.791
16,8192,128,256,465.553
16,8192,128,512,635.567
16,8192,128,1024,967.383
16,8192,128,2048,1648.69
16,8192,128,4096,3132.75
16,8192,128,8192,6161.72
16,8192,128,16384,12163.3
16,16384,0,0,486.609
16,16384,1,16,486.492
16,16384,1,32,486.492
16,16384,1,64,486.599
16,16384,1,128,486.512
16,16384,1,256,486.193
16,16384,1,512,486.619
16,16384,1,1024,486.544
16,16384,1,2048,486.513
16,16384,1,4096,486.513
16,16384,1,8192,486.503
16,16384,1,16384,486.213
16,16384,2,16,486.226
16,16384,2,32,486.311
16,16384,2,64,486.193
16,16384,2,128,485.937
16,16384,2,256,486.172
16,16384,2,512,486.374
16,16384,2,1024,486.609
16,16384,2,2048,486.717
16,16384,2,4096,486.865
16,16384,2,8192,486.812
16,16384,2,16384,487.697
16,16384,4,16,484.807
16,16384,4,32,484.604
16,16384,4,64,484.924
16,16384,4,128,485.051
16,16384,4,256,485.02
16,16384,4,512,485.457
16,16384,4,1024,485.435
16,16384,4,2048,485.894
16,16384,4,4096,486.268
16,16384,4,8192,486.876
16,16384,4,16384,488.199
16,16384,8,16,484.55
16,16384,8,32,484.241
16,16384,8,64,484.635
16,16384,8,128,484.71
16,16384,8,256,484.273
16,16384,8,512,484.689
16,16384,8,1024,486.065
16,16384,8,2048,487.142
16,16384,8,4096,488.049
16,16384,8,8192,498.15
16,16384,8,16384,975.053
16,16384,16,16,485.137
16,16384,16,32,485.052
16,16384,16,64,485.532
16,16384,16,128,485.767
16,16384,16,256,486.727
16,16384,16,512,489.255
16,16384,16,1024,505.799
16,16384,16,2048,541.371
16,16384,16,4096,609.211
16,16384,16,8192,742.074
16,16384,16,16384,1460.93
16,16384,32,16,486.289
16,16384,32,32,487.634
16,16384,32,64,486.044
16,16384,32,128,493.905
16,16384,32,256,505.617
16,16384,32,512,530.011
16,16384,32,1024,580.955
16,16384,32,2048,681.85
16,16384,32,4096,886.457
16,16384,32,8192,1289.38
16,16384,32,16384,2488.79
16,16384,64,16,505.511
16,16384,64,32,506.919
16,16384,64,64,507.452
16,16384,64,128,532.827
16,16384,64,256,575.131
16,16384,64,512,660.645
16,16384,64,1024,835.524
16,16384,64,2048,1191.83
16,16384,64,4096,1870.97
16,16384,64,8192,3242.16
16,16384,64,16384,6358.75
16,16384,128,16,549.809
16,16384,128,32,552.166
16,16384,128,64,555.451
16,16384,128,128,615.227
16,16384,128,256,693.243
16,16384,128,512,870.83
16,16384,128,1024,1217.71
16,16384,128,2048,1905.33
16,16384,128,4096,3268
16,16384,128,8192,6232.46
16,16384,128,16384,12371.3
32,0,0,0,12.8
32,0,1,16,12.6187
32,0,1,32,12.6503
32,0,1,64,12.629
32,0,1,128,14.9867
32,0,1,256,18.6243
32,0,1,512,25.9297
32,0,1,1024,40.5967
32,0,1,2048,70.0257
32,0,1,4096,128.628
32,0,1,8192,247.316
32,0,1,16384,482.759
32,0,2,16,12.5867
32,0,2,32,12.693
32,0,2,64,12.6187
32,0,2,128,15.0507
32,0,2,256,18.6663
32,0,2,512,26.0473
32,0,2,1024,41.0987
32,0,2,2048,70.912
32,0,2,4096,130.089
32,0,2,8192,247.763
32,0,2,16384,486.087
32,0,4,16,12.448
32,0,4,32,12.448
32,0,4,64,12.501
32,0,4,128,14.9433
32,0,4,256,18.624
32,0,4,512,26.2293
32,0,4,1024,41.8987
32,0,4,2048,71.924
32,0,4,4096,131.764
32,0,4,8192,250.75
32,0,4,16384,487.174
32,0,8,16,17.9623
32,0,8,32,18.1013
32,0,8,64,18.2187
32,0,8,128,22.368
32,0,8,256,26.496
32,0,8,512,33.7277
32,0,8,1024,48.8637
32,0,8,2048,78.8693
32,0,8,4096,137.823
32,0,8,8192,255.518
32,0,8,16384,493.383
32,0,16,16,23.6903
32,0,16,32,24.181
32,0,16,64,24.4687
32,0,16,128,32.3093
32,0,16,256,40.8747
32,0,16,512,55.04
32,0,16,1024,85.642
32,0,16,2048,144.265
32,0,16,4096,263.38
32,0,16,8192,500.274
32,0,16,16384,980.323
32,0,32,16,35.5307
32,0,32,32,36.1917
32,0,32,64,36.7787
32,0,32,128,51.797
32,0,32,256,68.4157
32,0,32,512,97.2257
32,0,32,1024,157.855
32,0,32,2048,279.23
32,0,32,4096,525.425
32,0,32,8192,1032.71
32,0,32,16384,2066.69
32,0,64,16,58.0047
32,0,64,32,59.2
32,0,64,64,60.277
32,0,64,128,89.4293
32,0,64,256,133.845
32,0,64,512,226.73
32,0,64,1024,412.957
32,0,64,2048,786.853
32,0,64,4096,1541
32,0,64,8192,3059.4
32,0,64,16384,6085.32
32,0,128,16,102.176
32,0,128,32,104.212
32,0,128,64,105.941
32,0,128,128,169.481
32,0,128,256,248.67
32,0,128,512,434.269
32,0,128,1024,800.719
32,0,128,2048,1547.66
32,0,128,4096,3059.12
32,0,128,8192,6084.03
32,0,128,16384,12109.8
32,16,0,0,12.9603
32,16,1,16,12.725
32,16,1,32,12.672
32,16,1,64,12.8
32,16,1,128,14.923
32,16,1,256,18.6453
32,16,1,512,25.9093
32,16,1,1024,40.629
32,16,1,2048,69.9943
32,16,1,4096,129.056
32,16,1,8192,247.273
32,16,1,16384,482.93
32,16,2,16,12.7147
32,16,2,32,12.8
32,16,2,64,12.9173
32,16,2,128,15.008
32,16,2,256,18.6667
32,16,2,512,26.1013
32,16,2,1024,40.9383
32,16,2,2048,70.5917
32,16,2,4096,129.876
32,16,2,8192,247.571
32,16,2,16384,485.714
32,16,4,16,12.3097
32,16,4,32,12.5223
32,16,4,64,12.6293
32,16,4,128,14.9007
32,16,4,256,18.6557
32,16,4,512,26.208
32,16,4,1024,41.7707
32,16,4,2048,71.8927
32,16,4,4096,131.893
32,16,4,8192,250.579
32,16,4,16384,487.346
32,16,8,16,17.941
32,16,8,32,18.3677
32,16,8,64,18.6027
32,16,8,128,22.432
32,16,8,256,26.56
32,16,8,512,34.0263
32,16,8,1024,49.44
32,16,8,2048,79.3707
32,16,8,4096,138.367
32,16,8,8192,257.715
32,16,8,16384,493.319
32,16,16,16,23.7547
32,16,16,32,24.224
32,16,16,64,24.48
32,16,16,128,32.2873
32,16,16,256,41.344
32,16,16,512,55.9783
32,16,16,1024,86.0477
32,16,16,2048,144.564
32,16,16,4096,262.75
32,16,16,8192,499.783
32,16,16,16384,980.75
32,16,32,16,35.5517
32,16,32,32,36.2667
32,16,32,64,36.8633
32,16,32,128,51.7863
32,16,32,256,68.5003
32,16,32,512,97.076
32,16,32,1024,157.652
32,16,32,2048,279.112
32,16,32,4096,526.749
32,16,32,8192,1046.5
32,16,32,16384,2042.54
32,16,64,16,57.9837
32,16,64,32,59.125
32,16,64,64,59.9993
32,16,64,128,89.1947
32,16,64,256,132.681
32,16,64,512,227.774
32,16,64,1024,413.458
32,16,64,2048,787.472
32,16,64,4096,1541.3
32,16,64,8192,3073.05
32,16,64,16384,6079.78
32,16,128,16,102.015
32,16,128,32,104.18
32,16,128,64,106.357
32,16,128,128,168.959
32,16,128,256,251.742
32,16,128,512,434.515
32,16,128,1024,799.792
32,16,128,2048,1550.57
32,16,128,4096,3056.15
32,16,128,8192,6086.3
32,16,128,16384,12113.5
32,32,0,0,12.896
32,32,1,16,12.576
32,32,1,32,12.6613
32,32,1,64,12.768
32,32,1,128,14.9863
32,32,1,256,18.6133
32,32,1,512,25.931
32,32,1,1024,40.6827
32,32,1,2048,69.9193
32,32,1,4096,128.586
32,32,1,8192,247.327
32,32,1,16384,483.005
32,32,2,16,12.502
32,32,2,32,12.6183
32,32,2,64,12.7673
32,32,2,128,15.0397
32,32,2,256,18.7943
32,32,2,512,26.1013
32,32,2,1024,41.1407
32,32,2,2048,70.677
32,32,2,4096,129.994
32,32,2,8192,247.817
32,32,2,16384,485.724
32,32,4,16,12.5017
32,32,4,32,12.6183
32,32,4,64,12.672
32,32,4,128,14.9653
32,32,4,256,18.656
32,32,4,512,26.2723
32,32,4,1024,41.813
32,32,4,2048,71.8393
32,32,4,4096,131.743
32,32,4,8192,250.825
32,32,4,16384,487.335
32,32,8,16,17.9837
32,32,8,32,18.3253
32,32,8,64,18.5917
32,32,8,128,22.3573
32,32,8,256,26.4
32,32,8,512,34.1437
32,32,8,1024,49.0877
32,32,8,2048,78.7937
32,32,8,4096,138.132
32,32,8,8192,256.916
32,32,8,16384,492.797
32,32,16,16,23.744
32,32,16,32,24.2337
32,32,16,64,24.6077
32,32,16,128,32.1803
32,32,16,256,41.0877
32,32,16,512,55.7437
32,32,16,1024,86.0897
32,32,16,2048,144.959
32,32,16,4096,262.825
32,32,16,8192,499.261
32,32,16,16384,980.687
32,32,32,16,35.4983
32,32,32,32,36.3307
32,32,32,64,36.7357
32,32,32,128,51.851
32,32,32,256,68.096
32,32,32,512,97.6847
32,32,32,1024,159.21
32,32,32,2048,278.302
32,32,32,4096,527.943
32,32,32,8192,1035.3
32,32,32,16384,2048.67
32,32,64,16,57.824
32,32,64,32,59.1893
32,32,64,64,59.9787
32,32,64,128,89.376
32,32,64,256,134.346
32,32,64,512,228.489
32,32,64,1024,413.374
32,32,64,2048,788.752
32,32,64,4096,1541.11
32,32,64,8192,3071.11
32,32,64,16384,6077.44
32,32,128,16,102.239
32,32,128,32,104.095
32,32,128,64,106.495
32,32,128,128,169.78
32,32,128,256,249.556
32,32,128,512,434.782
32,32,128,1024,802.107
32,32,128,2048,1547.93
32,32,128,4096,3057.28
32,32,128,8192,6084.84
32,32,128,16384,12102.5
32,64,0,0,13.1417
32,64,1,16,12.544
32,64,1,32,12.6607
32,64,1,64,12.7573
32,64,1,128,14.8587
32,64,1,256,18.592
32,64,1,512,25.8767
32,64,1,1024,40.6507
32,64,1,2048,69.9517
32,64,1,4096,128.639
32,64,1,8192,247.187
32,64,1,16384,482.888
32,64,2,16,12.5757
32,64,2,32,12.64
32,64,2,64,12.7787
32,64,2,128,15.114
32,64,2,256,18.7733
32,64,2,512,26.1967
32,64,2,1024,41.1193
32,64,2,2048,70.666
32,64,2,4096,130.004
32,64,2,8192,248.031
32,64,2,16384,486.067
32,64,4,16,12.5543
32,64,4,32,12.746
32,64,4,64,12.8
32,64,4,128,15.0823
32,64,4,256,18.7947
32,64,4,512,26.2077
32,64,4,1024,41.866
32,64,4,2048,71.872
32,64,4,4096,131.807
32,64,4,8192,250.676
32,64,4,16384,486.92
32,64,8,16,17.9733
32,64,8,32,18.3463
32,64,8,64,18.8157
32,64,8,128,22.6877
32,64,8,256,26.4853
32,64,8,512,34.336
32,64,8,1024,49.258
32,64,8,2048,79.562
32,64,8,4096,138.154
32,64,8,8192,256.351
32,64,8,16384,494.674
32,64,16,16,23.744
32,64,16,32,24.3947
32,64,16,64,24.6183
32,64,16,128,32.4583
32,64,16,256,41.3867
32,64,16,512,55.9147
32,64,16,1024,86.3247
32,64,16,2048,144.788
32,64,16,4096,262.291
32,64,16,8192,499.805
32,64,16,16384,980.005
32,64,32,16,35.4237
32,64,32,32,36.2023
32,64,32,64,36.7897
32,64,32,128,51.8073
32,64,32,256,68.0643
32,64,32,512,97.4287
32,64,32,1024,158.378
32,64,32,2048,279.166
32,64,32,4096,526.098
32,64,32,8192,1028.67
32,64,32,16384,2071.87
32,64,64,16,57.9837
32,64,64,32,59.2527
32,64,64,64,60.2667
32,64,64,128,89.194
32,64,64,256,132.821
32,64,64,512,227.028
32,64,64,1024,413.875
32,64,64,2048,785.82
32,64,64,4096,1545.55
32,64,64,8192,3069.45
32,64,64,16384,6084.77
32,64,128,16,102.527
32,64,128,32,104.351
32,64,128,64,106.496
32,64,128,128,169.567
32,64,128,256,250.132
32,64,128,512,433.374
32,64,128,1024,803.505
32,64,128,2048,1551.73
32,64,128,4096,3057.52
32,64,128,8192,6095.02
32,64,128,16384,12099.8
32,128,0,0,16.565
32,128,1,16,15.4773
32,128,1,32,15.4663
32,128,1,64,15.4557
32,128,1,128,16.0633
32,128,1,256,18.656
32,128,1,512,26.005
32,128,1,1024,40.65
32,128,1,2048,69.9623
32,128,1,4096,128.683
32,128,1,8192,247.231
32,128,1,16384,482.739
32,128,2,16,15.3483
32,128,2,32,15.4557
32,128,2,64,15.424
32,128,2,128,16.1173
32,128,2,256,18.7307
32,128,2,512,26.1013
32,128,2,1024,41.045
32,128,2,2048,70.7943
32,128,2,4096,130.292
32,128,2,8192,248.052
32,128,2,16384,486.162
32,128,4,16,15.1253
32,128,4,32,15.243
32,128,4,64,15.232
32,128,4,128,15.936
32,128,4,256,18.752
32,128,4,512,26.2827
32,128,4,1024,41.6107
32,128,4,2048,71.7863
32,128,4,4096,131.807
32,128,4,8192,250.559
32,128,4,16384,487.079
32,128,8,16,18.0907
32,128,8,32,18.3467
32,128,8,64,18.7413
32,128,8,128,25.3007
32,128,8,256,30.3147
32,128,8,512,38.165
32,128,8,1024,52.8523
32,128,8,2048,82.8263
32,128,8,4096,142.186
32,128,8,8192,261.171
32,128,8,16384,495.229
32,128,16,16,23.7543
32,128,16,32,24.3623
32,128,16,64,24.5973
32,128,16,128,34.517
32,128,16,256,44.32
32,128,16,512,61.1627
32,128,16,1024,89.962
32,128,16,2048,150.165
32,128,16,4096,266.292
32,128,16,8192,502.963
32,128,16,16384,979.547
32,128,32,16,35.7227
32,128,32,32,36.1593
32,128,32,64,36.7997
32,128,32,128,53.5357
32,128,32,256,70.8477
32,128,32,512,104.117
32,128,32,1024,162.132
32,128,32,2048,283.444
32,128,32,4096,527.613
32,128,32,8192,1036.19
32,128,32,16384,2059.18
32,128,64,16,57.984
32,128,64,32,59.0933
32,128,64,64,60.0853
32,128,64,128,91.413
32,128,64,256,137.269
32,128,64,512,229.45
32,128,64,1024,414.163
32,128,64,2048,787.303
32,128,64,4096,1544.6
32,128,64,8192,3065.91
32,128,64,16384,6086.2
32,128,128,16,102.453
32,128,128,32,104.629
32,128,128,64,107.285
32,128,128,128,171.146
32,128,128,256,252.009
32,128,128,512,435.87
32,128,128,1024,804.753
32,128,128,2048,1544.19
32,128,128,4096,3064.37
32,128,128,8192,6081.59
32,128,128,16384,12110.7
32,256,0,0,20.32
32,256,1,16,19.1257
32,256,1,32,19.082
32,256,1,64,19.1253
32,256,1,128,19.2213
32,256,1,256,19.6797
32,256,1,512,26.005
32,256,1,1024,40.6827
32,256,1,2048,70.0267
32,256,1,4096,128.693
32,256,1,8192,247.359
32,256,1,16384,482.931
32,256,2,16,19.0397
32,256,2,32,19.1253
32,256,2,64,19.04
32,256,2,128,19.264
32,256,2,256,19.6907
32,256,2,512,26.2187
32,256,2,1024,41.024
32,256,2,2048,70.624
32,256,2,4096,129.983
32,256,2,8192,248.169
32,256,2,16384,486.398
32,256,4,16,18.763
32,256,4,32,18.827
32,256,4,64,18.7413
32,256,4,128,19.2747
32,256,4,256,19.616
32,256,4,512,26.3253
32,256,4,1024,41.7923
32,256,4,2048,71.7963
32,256,4,4096,131.839
32,256,4,8192,250.772
32,256,4,16384,487.006
32,256,8,16,18.784
32,256,8,32,18.7093
32,256,8,64,18.9553
32,256,8,128,25.2257
32,256,8,256,32.8747
32,256,8,512,42.6447
32,256,8,1024,57.2903
32,256,8,2048,87.243
32,256,8,4096,146.687
32,256,8,8192,264.34
32,256,8,16384,496.147
32,256,16,16,25.888
32,256,16,32,26.0263
32,256,16,64,26.1013
32,256,16,128,34.613
32,256,16,256,46.0263
32,256,16,512,64.0207
32,256,16,1024,93.642
32,256,16,2048,153.066
32,256,16,4096,269.258
32,256,16,8192,506.909
32,256,16,16384,980.955
32,256,32,16,37.9093
32,256,32,32,38.357
32,256,32,64,38.7623
32,256,32,128,53.5353
32,256,32,256,72.469
32,256,32,512,105.664
32,256,32,1024,166.378
32,256,32,2048,288.681
32,256,32,4096,530.696
32,256,32,8192,1035.88
32,256,32,16384,2069.94
32,256,64,16,59.989
32,256,64,32,61.0133
32,256,64,64,61.7067
32,256,64,128,91.4763
32,256,64,256,140.042
32,256,64,512,230.655
32,256,64,1024,413.758
32,256,64,2048,789.127
32,256,64,4096,1544.79
32,256,64,8192,3072.99
32,256,64,16384,6078.59
32,256,128,16,103.253
32,256,128,32,105.631
32,256,128,64,108.256
32,256,128,128,171.935
32,256,128,256,253.738
32,256,128,512,431.39
32,256,128,1024,802.045
32,256,128,2048,1549.67
32,256,128,4096,3061.35
32,256,128,8192,6103.35
32,256,128,16384,12110
32,512,0,0,27.3597
32,512,1,16,26.4747
32,512,1,32,26.5383
32,512,1,64,26.5067
32,512,1,128,26.5173
32,512,1,256,26.635
32,512,1,512,26.8693
32,512,1,1024,40.7467
32,512,1,2048,70.0583
32,512,1,4096,128.448
32,512,1,8192,247.402
32,512,1,16384,483.038
32,512,2,16,26.4527
32,512,2,32,26.4533
32,512,2,64,26.4957
32,512,2,128,26.4857
32,512,2,256,26.688
32,512,2,512,27.0083
32,512,2,1024,41.1937
32,512,2,2048,70.8263
32,512,2,4096,130.25
32,512,2,8192,248.159
32,512,2,16384,486.324
32,512,4,16,26.037
32,512,4,32,26.1227
32,512,4,64,26.0157
32,512,4,128,26.3893
32,512,4,256,26.656
32,512,4,512,27.2213
32,512,4,1024,41.76
32,512,4,2048,71.9143
32,512,4,4096,131.914
32,512,4,8192,250.612
32,512,4,16384,486.899
32,512,8,16,26.0267
32,512,8,32,26.0907
32,512,8,64,26.1013
32,512,8,128,26.5493
32,512,8,256,32.96
32,512,8,512,47.2957
32,512,8,1024,66.5383
32,512,8,2048,95.4873
32,512,8,4096,156.105
32,512,8,8192,277.428
32,512,8,16384,508.702
32,512,16,16,32.875
32,512,16,32,33.2053
32,512,16,64,33.2583
32,512,16,128,37.088
32,512,16,256,46.1653
32,512,16,512,67.9893
32,512,16,1024,102.901
32,512,16,2048,163.167
32,512,16,4096,279.764
32,512,16,8192,514.835
32,512,16,16384,990.854
32,512,32,16,45.1513
32,512,32,32,45.4503
32,512,32,64,46.0263
32,512,32,128,56.0107
32,512,32,256,72.3943
32,512,32,512,110.251
32,512,32,1024,175.551
32,512,32,2048,297.385
32,512,32,4096,553.992
32,512,32,8192,1063.28
32,512,32,16384,2054.46
32,512,64,16,67.1673
32,512,64,32,68.0953
32,512,64,64,69.056
32,512,64,128,93.6957
32,512,64,256,138.965
32,512,64,512,235.669
32,512,64,1024,420.916
32,512,64,2048,788.488
32,512,64,4096,1544.25
32,512,64,8192,3070.55
32,512,64,16384,6088.38
32,512,128,16,107.039
32,512,128,32,108.981
32,512,128,64,111.573
32,512,128,128,173.013
32,512,128,256,252.394
32,512,128,512,444.222
32,512,128,1024,803.698
32,512,128,2048,1546.28
32,512,128,4096,3068.6
32,512,128,8192,6073.54
32,512,128,16384,12119
32,1024,0,0,42.2717
32,1024,1,16,41.3867
32,1024,1,32,41.312
32,1024,1,64,41.3223
32,1024,1,128,41.4397
32,1024,1,256,41.5357
32,1024,1,512,41.5147
32,1024,1,1024,41.6423
32,1024,1,2048,70.176
32,1024,1,4096,128.746
32,1024,1,8192,247.498
32,1024,1,16384,482.782
32,1024,2,16,41.2797
32,1024,2,32,41.3653
32,1024,2,64,41.3653
32,1024,2,128,41.493
32,1024,2,256,41.5253
32,1024,2,512,41.7813
32,1024,2,1024,41.9947
32,1024,2,2048,70.7733
32,1024,2,4096,130.261
32,1024,2,8192,248.073
32,1024,2,16384,486.141
32,1024,4,16,40.9707
32,1024,4,32,40.9817
32,1024,4,64,41.1093
32,1024,4,128,41.5253
32,1024,4,256,41.5033
32,1024,4,512,41.717
32,1024,4,1024,42.389
32,1024,4,2048,71.9783
32,1024,4,4096,131.882
32,1024,4,8192,250.751
32,1024,4,16384,487.209
32,1024,8,16,40.9703
32,1024,8,32,40.9603
32,1024,8,64,40.9917
32,1024,8,128,41.4507
32,1024,8,256,42.0263
32,1024,8,512,47.7433
32,1024,8,1024,77.9627
32,1024,8,2048,112.49
32,1024,8,4096,173.194
32,1024,8,8192,295.658
32,1024,8,16384,541.694
32,1024,16,16,47.1997
32,1024,16,32,47.3173
32,1024,16,64,47.3813
32,1024,16,128,51.104
32,1024,16,256,55.477
32,1024,16,512,67.9997
32,1024,16,1024,113.141
32,1024,16,2048,180.661
32,1024,16,4096,301.343
32,1024,16,8192,538.825
32,1024,16,16384,1027.61
32,1024,32,16,59.3063
32,1024,32,32,59.551
32,1024,32,64,60.352
32,1024,32,128,70.3677
32,1024,32,256,82.3467
32,1024,32,512,109.867
32,1024,32,1024,187.103
32,1024,32,2048,315.657
32,1024,32,4096,576.542
32,1024,32,8192,1079.53
32,1024,32,16384,2114.99
32,1024,64,16,81.5037
32,1024,64,32,82.8053
32,1024,64,64,83.733
32,1024,64,128,107.84
32,1024,64,256,147.338
32,1024,64,512,236.17
32,1024,64,1024,437.588
32,1024,64,2048,795.688
32,1024,64,4096,1548.43
32,1024,64,8192,3082.15
32,1024,64,16384,6083.71
32,1024,128,16,122.283
32,1024,128,32,123.743
32,1024,128,64,126.517
32,1024,128,128,180.628
32,1024,128,256,256.917
32,1024,128,512,443.86
32,1024,128,1024,818.055
32,1024,128,2048,1557
32,1024,128,4096,3066.68
32,1024,128,8192,6093.66
32,1024,128,16384,12120.4
32,2048,0,0,71.9463
32,2048,1,16,71.061
32,2048,1,32,71.0397
32,2048,1,64,70.9967
32,2048,1,128,71.1467
32,2048,1,256,71.082
32,2048,1,512,71.2637
32,2048,1,1024,71.2637
32,2048,1,2048,71.3807
32,2048,1,4096,128.736
32,2048,1,8192,247.392
32,2048,1,16384,482.931
32,2048,2,16,71.0073
32,2048,2,32,70.8907
32,2048,2,64,70.9437
32,2048,2,128,71.1247
32,2048,2,256,71.232
32,2048,2,512,71.4027
32,2048,2,1024,71.5737
32,2048,2,2048,71.733
32,2048,2,4096,129.909
32,2048,2,8192,248.33
32,2048,2,16384,486.718
32,2048,4,16,70.613
32,2048,4,32,70.688
32,2048,4,64,70.5383
32,2048,4,128,70.752
32,2048,4,256,71.1363
32,2048,4,512,71.3487
32,2048,4,1024,71.7013
32,2048,4,2048,72.1273
32,2048,4,4096,131.978
32,2048,4,8192,250.399
32,2048,4,16384,487.103
32,2048,8,16,70.5917
32,2048,8,32,70.5597
32,2048,8,64,70.464
32,2048,8,128,71.1253
32,2048,8,256,71.6267
32,2048,8,512,71.914
32,2048,8,1024,78.346
32,2048,8,2048,139.104
32,2048,8,4096,203.743
32,2048,8,8192,324.5
32,2048,8,16384,567.902
32,2048,16,16,75.5943
32,2048,16,32,75.7113
32,2048,16,64,75.7227
32,2048,16,128,79.3277
32,2048,16,256,83.6053
32,2048,16,512,91.5843
32,2048,16,1024,113.418
32,2048,16,2048,203.968
32,2048,16,4096,327.359
32,2048,16,8192,570.43
32,2048,16,16384,1057.55
32,2048,32,16,87.4773
32,2048,32,32,88.0423
32,2048,32,64,88.224
32,2048,32,128,98.7193
32,2048,32,256,110.719
32,2048,32,512,133.866
32,2048,32,1024,187.22
32,2048,32,2048,339.52
32,2048,32,4096,601.407
32,2048,32,8192,1135.34
32,2048,32,16384,2161.71
32,2048,64,16,109.984
32,2048,64,32,110.816
32,2048,64,64,111.733
32,2048,64,128,136.853
32,2048,64,256,178.901
32,2048,64,512,260.778
32,2048,64,1024,437.748
32,2048,64,2048,830.995
32,2048,64,4096,1562.08
32,2048,64,8192,3072.21
32,2048,64,16384,6094.98
32,2048,128,16,151.616
32,2048,128,32,153.749
32,2048,128,64,156.864
32,2048,128,128,211.945
32,2048,128,256,285.993
32,2048,128,512,448.98
32,2048,128,1024,822.408
32,2048,128,2048,1568.29
32,2048,128,4096,3073.26
32,2048,128,8192,6096.48
32,2048,128,16384,12121.6
32,4096,0,0,131.296
32,4096,1,16,130.229
32,4096,1,32,130.304
32,4096,1,64,130.336
32,4096,1,128,130.357
32,4096,1,256,130.282
32,4096,1,512,130.357
32,4096,1,1024,130.229
32,4096,1,2048,130.411
32,4096,1,4096,130.656
32,4096,1,8192,246.442
32,4096,1,16384,483.295
32,4096,2,16,130.197
32,4096,2,32,130.187
32,4096,2,64,130.112
32,4096,2,128,130.122
32,4096,2,256,130.336
32,4096,2,512,130.517
32,4096,2,1024,130.645
32,4096,2,2048,130.688
32,4096,2,4096,131.071
32,4096,2,8192,248.447
32,4096,2,16384,486.794
32,4096,4,16,129.866
32,4096,4,32,129.727
32,4096,4,64,129.866
32,4096,4,128,130.048
32,4096,4,256,130.357
32,4096,4,512,130.549
32,4096,4,1024,130.88
32,4096,4,2048,131.168
32,4096,4,4096,132.266
32,4096,4,8192,250.933
32,4096,4,16384,487.294
32,4096,8,16,129.61
32,4096,8,32,129.706
32,4096,8,64,129.589
32,4096,8,128,129.962
32,4096,8,256,130.122
32,4096,8,512,130.901
32,4096,8,1024,131.424
32,4096,8,2048,139.221
32,4096,8,4096,258.783
32,4096,8,8192,383.518
32,4096,8,16384,627.913
32,4096,16,16,132.576
32,4096,16,32,132.16
32,4096,16,64,132.138
32,4096,16,128,135.744
32,4096,16,256,140.895
32,4096,16,512,148.01
32,4096,16,1024,166.015
32,4096,16,2048,204.352
32,4096,16,4096,383.817
32,4096,16,8192,628.403
32,4096,16,16384,1119.12
32,4096,32,16,143.818
32,4096,32,32,144.213
32,4096,32,64,145.001
32,4096,32,128,155.424
32,4096,32,256,167.05
32,4096,32,512,190.304
32,4096,32,1024,241.727
32,4096,32,2048,342.047
32,4096,32,4096,646.29
32,4096,32,8192,1192.04
32,4096,32,16384,2275.28
32,4096,64,16,166.272
32,4096,64,32,167.167
32,4096,64,64,168.351
32,4096,64,128,193.066
32,4096,64,256,236.244
32,4096,64,512,319.348
32,4096,64,1024,490.516
32,4096,64,2048,835.582
32,4096,64,4096,1610.58
32,4096,64,8192,3100.97
32,4096,64,16384,6106.79
32,4096,128,16,208.906
32,4096,128,32,211.242
32,4096,128,64,214.613
32,4096,128,128,274.015
32,4096,128,256,347.157
32,4096,128,512,513.385
32,4096,128,1024,848.104
32,4096,128,2048,1582.79
32,4096,128,4096,3101.97
32,4096,128,8192,6115.69
32,4096,128,16384,12132.3
32,8192,0,0,249.162
32,8192,1,16,248.788
32,8192,1,32,248.617
32,8192,1,64,248.821
32,8192,1,128,248.756
32,8192,1,256,248.735
32,8192,1,512,248.991
32,8192,1,1024,248.766
32,8192,1,2048,248.127
32,8192,1,4096,248.095
32,8192,1,8192,248.555
32,8192,1,16384,482.995
32,8192,2,16,248.511
32,8192,2,32,248.458
32,8192,2,64,248.426
32,8192,2,128,248.66
32,8192,2,256,248.874
32,8192,2,512,249.013
32,8192,2,1024,249.066
32,8192,2,2048,248.405
32,8192,2,4096,248.938
32,8192,2,8192,249.076
32,8192,2,16384,486.718
32,8192,4,16,247.296
32,8192,4,32,247.476
32,8192,4,64,247.434
32,8192,4,128,247.626
32,8192,4,256,248.106
32,8192,4,512,248.127
32,8192,4,1024,248.565
32,8192,4,2048,248.767
32,8192,4,4096,249.087
32,8192,4,8192,250.879
32,8192,4,16384,487.476
32,8192,8,16,247.082
32,8192,8,32,247.316
32,8192,8,64,247.125
32,8192,8,128,247.657
32,8192,8,256,247.764
32,8192,8,512,248.543
32,8192,8,1024,248.917
32,8192,8,2048,249.994
32,8192,8,4096,259.434
32,8192,8,8192,497.93
32,8192,8,16384,745.94
32,8192,16,16,247.872
32,8192,16,32,247.924
32,8192,16,64,247.84
32,8192,16,128,249.205
32,8192,16,256,253.482
32,8192,16,512,261.727
32,8192,16,1024,279.349
32,8192,16,2048,314.538
32,8192,16,4096,383.103
32,8192,16,8192,742.398
32,8192,16,16384,1236.37
32,8192,32,16,258.303
32,8192,32,32,257.311
32,8192,32,64,257.952
32,8192,32,128,268.575
32,8192,32,256,280.938
32,8192,32,512,304.66
32,8192,32,1024,354.592
32,8192,32,2048,454.218
32,8192,32,4096,652.499
32,8192,32,8192,1264.73
32,8192,32,16384,2372.85
32,8192,64,16,279.264
32,8192,64,32,280.426
32,8192,64,64,281.514
32,8192,64,128,306.154
32,8192,64,256,349.269
32,8192,64,512,432.585
32,8192,64,1024,603.647
32,8192,64,2048,953.022
32,8192,64,4096,1635.86
32,8192,64,8192,3194.17
32,8192,64,16384,6123.91
32,8192,128,16,322.677
32,8192,128,32,324.992
32,8192,128,64,328.564
32,8192,128,128,387.583
32,8192,128,256,465.108
32,8192,128,512,640.596
32,8192,128,1024,973.011
32,8192,128,2048,1667.31
32,8192,128,4096,3131.61
32,8192,128,8192,6185.82
32,8192,128,16384,12151.9
32,16384,0,0,486.922
32,16384,1,16,486.847
32,16384,1,32,486.751
32,16384,1,64,486.943
32,16384,1,128,487.018
32,16384,1,256,486.974
32,16384,1,512,487.049
32,16384,1,1024,487.146
32,16384,1,2048,487.188
32,16384,1,4096,487.103
32,16384,1,8192,487.423
32,16384,1,16384,486.59
32,16384,2,16,486.74
32,16384,2,32,486.964
32,16384,2,64,486.527
32,16384,2,128,486.965
32,16384,2,256,487.113
32,16384,2,512,486.676
32,16384,2,1024,486.997
32,16384,2,2048,487.231
32,16384,2,4096,487.434
32,16384,2,8192,487.348
32,16384,2,16384,488.074
32,16384,4,16,485.503
32,16384,4,32,485.472
32,16384,4,64,485.301
32,16384,4,128,485.791
32,16384,4,256,485.855
32,16384,4,512,485.78
32,16384,4,1024,486.324
32,16384,4,2048,486.634
32,16384,4,4096,487.562
32,16384,4,8192,487.359
32,16384,4,16384,488.606
32,16384,8,16,484.874
32,16384,8,32,484.746
32,16384,8,64,485.13
32,16384,8,128,484.959
32,16384,8,256,485.557
32,16384,8,512,485.833
32,16384,8,1024,486.644
32,16384,8,2048,487.423
32,16384,8,4096,488.33
32,16384,8,8192,498.399
32,16384,8,16384,974.494
32,16384,16,16,485.684
32,16384,16,32,485.684
32,16384,16,64,485.546
32,16384,16,128,486.613
32,16384,16,256,488.639
32,16384,16,512,490.485
32,16384,16,1024,508.148
32,16384,16,2048,541.823
32,16384,16,4096,609.129
32,16384,16,8192,741.065
32,16384,16,16384,1458.93
32,16384,32,16,486.538
32,16384,32,32,487.05
32,16384,32,64,486.986
32,16384,32,128,494.196
32,16384,32,256,505.951
32,16384,32,512,530.495
32,16384,32,1024,581.311
32,16384,32,2048,683.401
32,16384,32,4096,887.955
32,16384,32,8192,1304.26
32,16384,32,16384,2486.93
32,16384,64,16,506.164
32,16384,64,32,506.538
32,16384,64,64,507.541
32,16384,64,128,533.481
32,16384,64,256,577.236
32,16384,64,512,660.457
32,16384,64,1024,838.601
32,16384,64,2048,1195.55
32,16384,64,4096,1882.56
32,16384,64,8192,3232.36
32,16384,64,16384,6379.19
32,16384,128,16,551.177
32,16384,128,32,554.42
32,16384,128,64,555.711
32,16384,128,128,614.889
32,16384,128,256,693.822
32,16384,128,512,869.855
32,16384,128,1024,1219.1
32,16384,128,2048,1909.31
32,16384,128,4096,3255.54
32,16384,128,8192,6224.93
32,16384,128,16384,12348.5
64,0,0,0,13.4933
64,0,1,16,13.088
64,0,1,32,13.365
64,0,1,64,13.2907
64,0,1,128,15.2423
64,0,1,256,18.8693
64,0,1,512,26.1333
64,0,1,1024,40.8853
64,0,1,2048,70.2397
64,0,1,4096,128.896
64,0,1,8192,247.647
64,0,1,16384,483.092
64,0,2,16,13.3333
64,0,2,32,13.365
64,0,2,64,13.4933
64,0,2,128,15.4773
64,0,2,256,19.0933
64,0,2,512,26.5813
64,0,2,1024,41.4933
64,0,2,2048,71.04
64,0,2,4096,130.517
64,0,2,8192,248.203
64,0,2,16384,486.474
64,0,4,16,13.3117
64,0,4,32,13.504
64,0,4,64,13.675
64,0,4,128,15.52
64,0,4,256,19.2853
64,0,4,512,26.8373
64,0,4,1024,42.4
64,0,4,2048,72.4157
64,0,4,4096,132.491
64,0,4,8192,251.179
64,0,4,16384,488.073
64,0,8,16,18.9337
64,0,8,32,19.008
64,0,8,64,19.2537
64,0,8,128,23.36
64,0,8,256,27.8717
64,0,8,512,35.744
64,0,8,1024,49.8453
64,0,8,2048,80.352
64,0,8,4096,139.808
64,0,8,8192,256.629
64,0,8,16384,495.54
64,0,16,16,24.4267
64,0,16,32,24.8423
64,0,16,64,25.2157
64,0,16,128,33.333
64,0,16,256,42.2507
64,0,16,512,56.9173
64,0,16,1024,85.824
64,0,16,2048,145.653
64,0,16,4096,263.99
64,0,16,8192,500.351
64,0,16,16384,981.641
64,0,32,16,35.669
64,0,32,32,36.5443
64,0,32,64,36.939
64,0,32,128,52.2347
64,0,32,256,68.4793
64,0,32,512,97.728
64,0,32,1024,158.475
64,0,32,2048,279.168
64,0,32,4096,527.284
64,0,32,8192,1036.73
64,0,32,16384,2062.48
64,0,64,16,58.165
64,0,64,32,59.3713
64,0,64,64,60.2877
64,0,64,128,90.773
64,0,64,256,135.765
64,0,64,512,231.413
64,0,64,1024,418.176
64,0,64,2048,791.657
64,0,64,4096,1547.86
64,0,64,8192,3070.28
64,0,64,16384,6088.67
64,0,128,16,102.09
64,0,128,32,104.341
64,0,128,64,106.688
64,0,128,128,170.496
64,0,128,256,250.41
64,0,128,512,437.257
64,0,128,1024,804.862
64,0,128,2048,1550.23
64,0,128,4096,3061.55
64,0,128,8192,6086.89
64,0,128,16384,12108.7
64,16,0,0,13.5463
64,16,1,16,13.1417
64,16,1,32,13.2157
64,16,1,64,13.2477
64,16,1,128,15.2
64,16,1,256,18.9543
64,16,1,512,26.08
64,16,1,1024,40.885
64,16,1,2048,70.2077
64,16,1,4096,128.864
64,16,1,8192,247.626
64,16,1,16384,483.189
64,16,2,16,13.419
64,16,2,32,13.3443
64,16,2,64,13.4183
64,16,2,128,15.4137
64,16,2,256,19.136
64,16,2,512,26.4853
64,16,2,1024,41.44
64,16,2,2048,71.029
64,16,2,4096,130.4
64,16,2,8192,247.978
64,16,2,16384,486.676
64,16,4,16,13.259
64,16,4,32,13.3973
64,16,4,64,13.472
64,16,4,128,15.5093
64,16,4,256,19.1893
64,16,4,512,26.9337
64,16,4,1024,42.3357
64,16,4,2048,72.405
64,16,4,4096,132.192
64,16,4,8192,251.061
64,16,4,16384,487.551
64,16,8,16,18.944
64,16,8,32,19.1677
64,16,8,64,19.4023
64,16,8,128,23.5517
64,16,8,256,27.9893
64,16,8,512,35.584
64,16,8,1024,50.4643
64,16,8,2048,80.6933
64,16,8,4096,139.776
64,16,8,8192,258.996
64,16,8,16384,494.303
64,16,16,16,24.3307
64,16,16,32,24.8427
64,16,16,64,25.2267
64,16,16,128,33.3013
64,16,16,256,42.005
64,16,16,512,56.597
64,16,16,1024,86.645
64,16,16,2048,145.013
64,16,16,4096,263.636
64,16,16,8192,501.577
64,16,16,16384,980.83
64,16,32,16,35.7227
64,16,32,32,36.4053
64,16,32,64,36.9813
64,16,32,128,52.234
64,16,32,256,68.6183
64,16,32,512,97.4403
64,16,32,1024,159.136
64,16,32,2048,278.794
64,16,32,4096,527.061
64,16,32,8192,1031.75
64,16,32,16384,2103.96
64,16,64,16,58.176
64,16,64,32,59.2217
64,16,64,64,60.3097
64,16,64,128,91.3607
64,16,64,256,135.638
64,16,64,512,230.229
64,16,64,1024,416.352
64,16,64,2048,790.389
64,16,64,4096,1546.17
64,16,64,8192,3060.9
64,16,64,16384,6077.77
64,16,128,16,102.272
64,16,128,32,104.342
64,16,128,64,106.869
64,16,128,128,170.39
64,16,128,256,252.159
64,16,128,512,435.711
64,16,128,1024,804.051
64,16,128,2048,1551.68
64,16,128,4096,3057.74
64,16,128,8192,6077.21
64,16,128,16384,12117.5
64,32,0,0,13.6217
64,32,1,16,13.0667
64,32,1,32,13.216
64,32,1,64,13.1517
64,32,1,128,15.2853
64,32,1,256,18.848
64,32,1,512,26.1013
64,32,1,1024,40.8213
64,32,1,2048,70.1327
64,32,1,4096,128.789
64,32,1,8192,247.573
64,32,1,16384,482.996
64,32,2,16,13.2693
64,32,2,32,13.3437
64,32,2,64,13.3867
64,32,2,128,15.4773
64,32,2,256,19.04
64,32,2,512,26.5067
64,32,2,1024,41.5463
64,32,2,2048,71.1043
64,32,2,4096,130.453
64,32,2,8192,248.106
64,32,2,16384,486.122
64,32,4,16,13.2907
64,32,4,32,13.4083
64,32,4,64,13.557
64,32,4,128,15.5093
64,32,4,256,19.2003
64,32,4,512,26.7307
64,32,4,1024,42.2827
64,32,4,2048,72.416
64,32,4,4096,132.288
64,32,4,8192,251.071
64,32,4,16384,487.669
64,32,8,16,18.8693
64,32,8,32,19.072
64,32,8,64,19.392
64,32,8,128,23.605
64,32,8,256,28.2137
64,32,8,512,35.8187
64,32,8,1024,50.8153
64,32,8,2048,81.461
64,32,8,4096,139.551
64,32,8,8192,256.949
64,32,8,16384,493.941
64,32,16,16,24.512
64,32,16,32,24.896
64,32,16,64,25.2267
64,32,16,128,33.3223
64,32,16,256,42.3253
64,32,16,512,56.949
64,32,16,1024,85.9627
64,32,16,2048,145.952
64,32,16,4096,263.508
64,32,16,8192,500.394
64,32,16,16384,980.425
64,32,32,16,35.733
64,32,32,32,36.448
64,32,32,64,37.1523
64,32,32,128,52.2453
64,32,32,256,68.2773
64,32,32,512,97.0347
64,32,32,1024,158.784
64,32,32,2048,281.131
64,32,32,4096,528.287
64,32,32,8192,1037.75
64,32,32,16384,2062.31
64,32,64,16,57.9943
64,32,64,32,59.424
64,32,64,64,60.469
64,32,64,128,89.856
64,32,64,256,136.245
64,32,64,512,230.357
64,32,64,1024,415.892
64,32,64,2048,788.383
64,32,64,4096,1549.02
64,32,64,8192,3072.75
64,32,64,16384,6077.03
64,32,128,16,102.517
64,32,128,32,104.575
64,32,128,64,106.858
64,32,128,128,169.547
64,32,128,256,250.144
64,32,128,512,434.986
64,32,128,1024,805.087
64,32,128,2048,1551.19
64,32,128,4096,3055.47
64,32,128,8192,6093.75
64,32,128,16384,12116
64,64,0,0,13.664
64,64,1,16,13.0987
64,64,1,32,13.2057
64,64,1,64,13.2693
64,64,1,128,15.1783
64,64,1,256,18.8587
64,64,1,512,26.144
64,64,1,1024,40.8853
64,64,1,2048,70.123
64,64,1,4096,128.853
64,64,1,8192,247.434
64,64,1,16384,482.996
64,64,2,16,13.2587
64,64,2,32,13.3227
64,64,2,64,13.302
64,64,2,128,15.3913
64,64,2,256,19.104
64,64,2,512,26.5493
64,64,2,1024,41.429
64,64,2,2048,71.072
64,64,2,4096,130.432
64,64,2,8192,248.17
64,64,2,16384,486.464
64,64,4,16,13.1843
64,64,4,32,13.44
64,64,4,64,13.504
64,64,4,128,15.4877
64,64,4,256,19.2107
64,64,4,512,26.763
64,64,4,1024,42.1653
64,64,4,2048,72.448
64,64,4,4096,132.298
64,64,4,8192,251.093
64,64,4,16384,487.359
64,64,8,16,18.8373
64,64,8,32,19.2107
64,64,8,64,19.2213
64,64,8,128,23.8293
64,64,8,256,28.298
64,64,8,512,35.925
64,64,8,1024,50.869
64,64,8,2048,80.9597
64,64,8,4096,139.712
64,64,8,8192,256.149
64,64,8,16384,494.57
64,64,16,16,24.491
64,64,16,32,24.8753
64,64,16,64,25.1523
64,64,16,128,33.408
64,64,16,256,42.3473
64,64,16,512,57.088
64,64,16,1024,87.136
64,64,16,2048,145.397
64,64,16,4096,263.883
64,64,16,8192,502.069
64,64,16,16384,980.991
64,64,32,16,35.68
64,64,32,32,36.4907
64,64,32,64,37.0663
64,64,32,128,52.2883
64,64,32,256,68.7043
64,64,32,512,99.6157
64,64,32,1024,159.04
64,64,32,2048,280.863
64,64,32,4096,528.469
64,64,32,8192,1027.08
64,64,32,16384,2048.8
64,64,64,16,58.1973
64,64,64,32,59.3817
64,64,64,64,60.4267
64,64,64,128,91.648
64,64,64,256,136.491
64,64,64,512,230.752
64,64,64,1024,415.658
64,64,64,2048,790.613
64,64,64,4096,1546.96
64,64,64,8192,3070.78
64,64,64,16384,6080.98
64,64,128,16,102.368
64,64,128,32,104.693
64,64,128,64,106.826
64,64,128,128,169.92
64,64,128,256,251.53
64,64,128,512,435.05
64,64,128,1024,803.36
64,64,128,2048,1550.04
64,64,128,4096,3060.76
64,64,128,8192,6084.08
64,64,128,16384,12112.2
64,128,0,0,17.2373
64,128,1,16,16.096
64,128,1,32,16.0643
64,128,1,64,16.0533
64,128,1,128,16.4907
64,128,1,256,18.8157
64,128,1,512,26.176
64,128,1,1024,40.928
64,128,1,2048,70.1653
64,128,1,4096,128.885
64,128,1,8192,247.498
64,128,1,16384,483.029
64,128,2,16,16.1813
64,128,2,32,16.1707
64,128,2,64,16.1913
64,128,2,128,16.49
64,128,2,256,19.104
64,128,2,512,26.517
64,128,2,1024,41.3863
64,128,2,2048,70.9223
64,128,2,4096,130.24
64,128,2,8192,248.352
64,128,2,16384,486.111
64,128,4,16,16.096
64,128,4,32,16.2133
64,128,4,64,16.2673
64,128,4,128,16.8
64,128,4,256,19.1467
64,128,4,512,26.7203
64,128,4,1024,42.379
64,128,4,2048,72.3733
64,128,4,4096,132.267
64,128,4,8192,250.869
64,128,4,16384,487.658
64,128,8,16,19.019
64,128,8,32,19.2213
64,128,8,64,19.4133
64,128,8,128,25.8557
64,128,8,256,31.6693
64,128,8,512,39.7973
64,128,8,1024,55.1893
64,128,8,2048,84.416
64,128,8,4096,143.925
64,128,8,8192,262.186
64,128,8,16384,495.999
64,128,16,16,24.469
64,128,16,32,25.0667
64,128,16,64,25.1733
64,128,16,128,35.2103
64,128,16,256,45.013
64,128,16,512,61.76
64,128,16,1024,90.5597
64,128,16,2048,150.549
64,128,16,4096,268.383
64,128,16,8192,504.362
64,128,16,16384,981.546
64,128,32,16,35.744
64,128,32,32,36.533
64,128,32,64,37.099
64,128,32,128,53.6853
64,128,32,256,70.8693
64,128,32,512,103.243
64,128,32,1024,163.221
64,128,32,2048,283.328
64,128,32,4096,528.127
64,128,32,8192,1036.42
64,128,32,16384,2037.31
64,128,64,16,58.08
64,128,64,32,59.3067
64,128,64,64,60.1707
64,128,64,128,92.586
64,128,64,256,140.692
64,128,64,512,231.648
64,128,64,1024,419.328
64,128,64,2048,790.731
64,128,64,4096,1548.85
64,128,64,8192,3081.91
64,128,64,16384,6083.41
64,128,128,16,102.09
64,128,128,32,104.16
64,128,128,64,106.997
64,128,128,128,172.373
64,128,128,256,251.882
64,128,128,512,437.003
64,128,128,1024,808.511
64,128,128,2048,1552.55
64,128,128,4096,3057.96
64,128,128,8192,6102.75
64,128,128,16384,12122.1
64,256,0,0,20.8217
64,256,1,16,19.744
64,256,1,32,19.8077
64,256,1,64,19.776
64,256,1,128,19.7333
64,256,1,256,20.0213
64,256,1,512,26.229
64,256,1,1024,40.832
64,256,1,2048,70.293
64,256,1,4096,129.003
64,256,1,8192,247.638
64,256,1,16384,483.135
64,256,2,16,19.861
64,256,2,32,19.744
64,256,2,64,19.829
64,256,2,128,19.8397
64,256,2,256,20.181
64,256,2,512,26.475
64,256,2,1024,41.5893
64,256,2,2048,71.0293
64,256,2,4096,130.56
64,256,2,8192,248.171
64,256,2,16384,486.112
64,256,4,16,19.7117
64,256,4,32,19.7227
64,256,4,64,19.744
64,256,4,128,19.9357
64,256,4,256,20.3623
64,256,4,512,26.816
64,256,4,1024,42.3677
64,256,4,2048,72.3947
64,256,4,4096,132.309
64,256,4,8192,251.018
64,256,4,16384,487.787
64,256,8,16,19.797
64,256,8,32,19.8723
64,256,8,64,19.904
64,256,8,128,25.984
64,256,8,256,33.141
64,256,8,512,43.595
64,256,8,1024,58.5287
64,256,8,2048,88.5227
64,256,8,4096,147.722
64,256,8,8192,265.397
64,256,8,16384,497.759
64,256,16,16,26.8907
64,256,16,32,27.0507
64,256,16,64,27.456
64,256,16,128,35.2743
64,256,16,256,46.7197
64,256,16,512,65.152
64,256,16,1024,95.3493
64,256,16,2048,152.565
64,256,16,4096,271.871
64,256,16,8192,507.04
64,256,16,16384,980.81
64,256,32,16,38.4
64,256,32,32,38.912
64,256,32,64,39.403
64,256,32,128,53.7493
64,256,32,256,72.587
64,256,32,512,106.069
64,256,32,1024,166.165
64,256,32,2048,286.656
64,256,32,4096,536.704
64,256,32,8192,1034.19
64,256,32,16384,2041.16
64,256,64,16,60.5433
64,256,64,32,61.514
64,256,64,64,62.5167
64,256,64,128,92.192
64,256,64,256,141.621
64,256,64,512,234.293
64,256,64,1024,416.341
64,256,64,2048,792.021
64,256,64,4096,1551.02
64,256,64,8192,3061.31
64,256,64,16384,6081.71
64,256,128,16,102.805
64,256,128,32,105.152
64,256,128,64,108.331
64,256,128,128,172.555
64,256,128,256,253.813
64,256,128,512,434.272
64,256,128,1024,806.176
64,256,128,2048,1552.4
64,256,128,4096,3064.3
64,256,128,8192,6080.06
64,256,128,16384,12102.1
64,512,0,0,28.0317
64,512,1,16,27.1363
64,512,1,32,27.2963
64,512,1,64,27.168
64,512,1,128,27.232
64,512,1,256,27.157
64,512,1,512,27.2963
64,512,1,1024,40.9173
64,512,1,2048,70.2933
64,512,1,4096,128.778
64,512,1,8192,247.413
64,512,1,16384,483.093
64,512,2,16,27.168
64,512,2,32,27.1787
64,512,2,64,27.221
64,512,2,128,27.36
64,512,2,256,27.3817
64,512,2,512,27.6477
64,512,2,1024,41.386
64,512,2,2048,71.0507
64,512,2,4096,130.624
64,512,2,8192,248.159
64,512,2,16384,486.091
64,512,4,16,26.976
64,512,4,32,27.0507
64,512,4,64,27.1147
64,512,4,128,27.3067
64,512,4,256,27.5843
64,512,4,512,27.8827
64,512,4,1024,42.443
64,512,4,2048,72.4477
64,512,4,4096,132.16
64,512,4,8192,250.997
64,512,4,16384,487.828
64,512,8,16,27.1467
64,512,8,32,27.1253
64,512,8,64,27.2213
64,512,8,128,27.9573
64,512,8,256,33.3653
64,512,8,512,47.9363
64,512,8,1024,66.9007
64,512,8,2048,96.576
64,512,8,4096,155.883
64,512,8,8192,276.459
64,512,8,16384,507.029
64,512,16,16,33.952
64,512,16,32,34.1863
64,512,16,64,34.4747
64,512,16,128,38.475
64,512,16,256,46.6667
64,512,16,512,68.6187
64,512,16,1024,103.307
64,512,16,2048,163.136
64,512,16,4096,281.215
64,512,16,8192,514.815
64,512,16,16384,986.186
64,512,32,16,45.429
64,512,32,32,46.1013
64,512,32,64,46.3573
64,512,32,128,56.7247
64,512,32,256,72.5867
64,512,32,512,110.336
64,512,32,1024,174.784
64,512,32,2048,299.872
64,512,32,4096,549.76
64,512,32,8192,1061.94
64,512,32,16384,2082.62
64,512,64,16,67.6687
64,512,64,32,68.7893
64,512,64,64,69.8027
64,512,64,128,95.307
64,512,64,256,141.152
64,512,64,512,238.037
64,512,64,1024,424.363
64,512,64,2048,794.187
64,512,64,4096,1548.68
64,512,64,8192,3078.93
64,512,64,16384,6076.06
64,512,128,16,107.136
64,512,128,32,109.184
64,512,128,64,111.958
64,512,128,128,173.728
64,512,128,256,253.771
64,512,128,512,444.352
64,512,128,1024,806.848
64,512,128,2048,1555.8
64,512,128,4096,3062.76
64,512,128,8192,6099.88
64,512,128,16384,12118
64,1024,0,0,42.965
64,1024,1,16,42.0907
64,1024,1,32,42.1543
64,1024,1,64,42.0477
64,1024,1,128,41.984
64,1024,1,256,42.144
64,1024,1,512,42.1123
64,1024,1,1024,42.25
64,1024,1,2048,70.272
64,1024,1,4096,128.843
64,1024,1,8192,247.584
64,1024,1,16384,483.147
64,1024,2,16,42.016
64,1024,2,32,42.112
64,1024,2,64,42.048
64,1024,2,128,42.176
64,1024,2,256,42.315
64,1024,2,512,42.2827
64,1024,2,1024,42.4423
64,1024,2,2048,71.04
64,1024,2,4096,130.465
64,1024,2,8192,248.16
64,1024,2,16384,486.026
64,1024,4,16,41.867
64,1024,4,32,41.952
64,1024,4,64,41.8987
64,1024,4,128,42.1763
64,1024,4,256,42.4533
64,1024,4,512,42.5173
64,1024,4,1024,42.8907
64,1024,4,2048,72.48
64,1024,4,4096,132.288
64,1024,4,8192,251.264
64,1024,4,16384,487.754
64,1024,8,16,41.941
64,1024,8,32,41.9627
64,1024,8,64,41.984
64,1024,8,128,42.7947
64,1024,8,256,42.944
64,1024,8,512,47.6803
64,1024,8,1024,78.5923
64,1024,8,2048,113.237
64,1024,8,4096,174.347
64,1024,8,8192,294.784
64,1024,8,16384,539.915
64,1024,16,16,48.2877
64,1024,16,32,48.2987
64,1024,16,64,48.6293
64,1024,16,128,52.2347
64,1024,16,256,56.747
64,1024,16,512,68.512
64,1024,16,1024,113.76
64,1024,16,2048,178.219
64,1024,16,4096,301.493
64,1024,16,8192,544.917
64,1024,16,16384,1026.81
64,1024,32,16,59.8613
64,1024,32,32,60.1493
64,1024,32,64,60.6293
64,1024,32,128,70.827
64,1024,32,256,82.688
64,1024,32,512,110.165
64,1024,32,1024,187.115
64,1024,32,2048,316.747
64,1024,32,4096,578.88
64,1024,32,8192,1076.97
64,1024,32,16384,2124.83
64,1024,64,16,82.048
64,1024,64,32,82.9867
64,1024,64,64,84.0213
64,1024,64,128,110.187
64,1024,64,256,151.445
64,1024,64,512,237.813
64,1024,64,1024,439.563
64,1024,64,2048,805.568
64,1024,64,4096,1554.64
64,1024,64,8192,3061.45
64,1024,64,16384,6089.04
64,1024,128,16,122.069
64,1024,128,32,123.968
64,1024,128,64,127.52
64,1024,128,128,180.725
64,1024,128,256,258.016
64,1024,128,512,444.821
64,1024,128,1024,820.149
64,1024,128,2048,1557.76
64,1024,128,4096,3070.35
64,1024,128,8192,6105
64,1024,128,16384,12127.3
64,2048,0,0,72.7147
64,2048,1,16,71.7547
64,2048,1,32,71.7653
64,2048,1,64,71.7973
64,2048,1,128,71.84
64,2048,1,256,71.7757
64,2048,1,512,71.7963
64,2048,1,1024,71.8297
64,2048,1,2048,71.8507
64,2048,1,4096,128.885
64,2048,1,8192,247.584
64,2048,1,16384,483.093
64,2048,2,16,71.7223
64,2048,2,32,71.744
64,2048,2,64,71.7867
64,2048,2,128,71.8187
64,2048,2,256,71.68
64,2048,2,512,71.8293
64,2048,2,1024,71.9573
64,2048,2,2048,72.1813
64,2048,2,4096,130.165
64,2048,2,8192,248.32
64,2048,2,16384,486.112
64,2048,4,16,71.488
64,2048,4,32,71.6053
64,2048,4,64,71.6373
64,2048,4,128,71.765
64,2048,4,256,71.8503
64,2048,4,512,72.1387
64,2048,4,1024,72.3417
64,2048,4,2048,72.8853
64,2048,4,4096,132.384
64,2048,4,8192,250.837
64,2048,4,16384,487.573
64,2048,8,16,71.6167
64,2048,8,32,71.6587
64,2048,8,64,71.5737
64,2048,8,128,72.2027
64,2048,8,256,72.4053
64,2048,8,512,72.7893
64,2048,8,1024,78.3467
64,2048,8,2048,139.168
64,2048,8,4096,204.128
64,2048,8,8192,324.629
64,2048,8,16384,568.959
64,2048,16,16,76.704
64,2048,16,32,76.7673
64,2048,16,64,76.9493
64,2048,16,128,80.3097
64,2048,16,256,85.0027
64,2048,16,512,92.693
64,2048,16,1024,114.048
64,2048,16,2048,204.33
64,2048,16,4096,331.519
64,2048,16,8192,575.818
64,2048,16,16384,1060.49
64,2048,32,16,87.9147
64,2048,32,32,88.181
64,2048,32,64,88.8427
64,2048,32,128,98.9653
64,2048,32,256,110.752
64,2048,32,512,134.507
64,2048,32,1024,187.627
64,2048,32,2048,340.331
64,2048,32,4096,601.27
64,2048,32,8192,1136.13
64,2048,32,16384,2129.61
64,2048,64,16,110.347
64,2048,64,32,111.296
64,2048,64,64,112.373
64,2048,64,128,138.507
64,2048,64,256,182.688
64,2048,64,512,265.216
64,2048,64,1024,440.053
64,2048,64,2048,835.851
64,2048,64,4096,1562.76
64,2048,64,8192,3085.95
64,2048,64,16384,6097.91
64,2048,128,16,151.158
64,2048,128,32,153.237
64,2048,128,64,157.877
64,2048,128,128,213.568
64,2048,128,256,286.378
64,2048,128,512,451.136
64,2048,128,1024,821.546
64,2048,128,2048,1575.76
64,2048,128,4096,3069.32
64,2048,128,8192,6109.18
64,2048,128,16384,12131.3
64,4096,0,0,131.947
64,4096,1,16,130.965
64,4096,1,32,131.029
64,4096,1,64,131.061
64,4096,1,128,131.029
64,4096,1,256,131.051
64,4096,1,512,130.955
64,4096,1,1024,131.072
64,4096,1,2048,131.104
64,4096,1,4096,131.232
64,4096,1,8192,246.869
64,4096,1,16384,483.605
64,4096,2,16,131.008
64,4096,2,32,130.944
64,4096,2,64,130.912
64,4096,2,128,130.987
64,4096,2,256,131.125
64,4096,2,512,131.2
64,4096,2,1024,131.125
64,4096,2,2048,131.509
64,4096,2,4096,131.413
64,4096,2,8192,248.864
64,4096,2,16384,486.698
64,4096,4,16,130.731
64,4096,4,32,130.827
64,4096,4,64,130.773
64,4096,4,128,131.073
64,4096,4,256,131.189
64,4096,4,512,131.317
64,4096,4,1024,131.541
64,4096,4,2048,131.819
64,4096,4,4096,132.736
64,4096,4,8192,251.264
64,4096,4,16384,487.882
64,4096,8,16,130.816
64,4096,8,32,130.923
64,4096,8,64,130.826
64,4096,8,128,131.509
64,4096,8,256,131.52
64,4096,8,512,131.893
64,4096,8,1024,132.587
64,4096,8,2048,139.36
64,4096,8,4096,259.936
64,4096,8,8192,383.978
64,4096,8,16384,627.445
64,4096,16,16,133.611
64,4096,16,32,133.343
64,4096,16,64,133.877
64,4096,16,128,137.227
64,4096,16,256,141.227
64,4096,16,512,149.227
64,4096,16,1024,166.955
64,4096,16,2048,205.12
64,4096,16,4096,384.469
64,4096,16,8192,633.824
64,4096,16,16384,1118.41
64,4096,32,16,144.832
64,4096,32,32,144.768
64,4096,32,64,145.354
64,4096,32,128,155.264
64,4096,32,256,167.285
64,4096,32,512,191.147
64,4096,32,1024,242.368
64,4096,32,2048,341.376
64,4096,32,4096,645.45
64,4096,32,8192,1199.46
64,4096,32,16384,2252.07
64,4096,64,16,166.784
64,4096,64,32,167.68
64,4096,64,64,168.949
64,4096,64,128,195.2
64,4096,64,256,240.405
64,4096,64,512,321.45
64,4096,64,1024,495.99
64,4096,64,2048,837.995
64,4096,64,4096,1621.43
64,4096,64,8192,3084.97
64,4096,64,16384,6098.97
64,4096,128,16,208.704
64,4096,128,32,211.253
64,4096,128,64,215.744
64,4096,128,128,274.773
64,4096,128,256,349.29
64,4096,128,512,510.155
64,4096,128,1024,848.341
64,4096,128,2048,1591.61
64,4096,128,4096,3103.15
64,4096,128,8192,6104.89
64,4096,128,16384,12133
64,8192,0,0,249.728
64,8192,1,16,249.397
64,8192,1,32,249.674
64,8192,1,64,249.536
64,8192,1,128,249.471
64,8192,1,256,249.589
64,8192,1,512,249.632
64,8192,1,1024,249.429
64,8192,1,2048,248.821
64,8192,1,4096,248.725
64,8192,1,8192,249.163
64,8192,1,16384,483.029
64,8192,2,16,249.376
64,8192,2,32,249.28
64,8192,2,64,249.483
64,8192,2,128,249.44
64,8192,2,256,249.344
64,8192,2,512,249.717
64,8192,2,1024,249.824
64,8192,2,2048,248.95
64,8192,2,4096,249.312
64,8192,2,8192,249.12
64,8192,2,16384,486.187
64,8192,4,16,248.416
64,8192,4,32,248.267
64,8192,4,64,248.416
64,8192,4,128,248.608
64,8192,4,256,248.64
64,8192,4,512,248.8
64,8192,4,1024,249.109
64,8192,4,2048,249.483
64,8192,4,4096,249.665
64,8192,4,8192,251.36
64,8192,4,16384,488.096
64,8192,8,16,248.352
64,8192,8,32,248.064
64,8192,8,64,248.256
64,8192,8,128,248.811
64,8192,8,256,249.014
64,8192,8,512,249.546
64,8192,8,1024,249.857
64,8192,8,2048,250.975
64,8192,8,4096,259.882
64,8192,8,8192,497.387
64,8192,8,16384,744.586
64,8192,16,16,248.981
64,8192,16,32,248.747
64,8192,16,64,248.906
64,8192,16,128,250.698
64,8192,16,256,255.136
64,8192,16,512,263.808
64,8192,16,1024,280.032
64,8192,16,2048,315.285
64,8192,16,4096,384.31
64,8192,16,8192,740.609
64,8192,16,16384,1236.9
64,8192,32,16,258.048
64,8192,32,32,259.093
64,8192,32,64,258.624
64,8192,32,128,268.758
64,8192,32,256,280.501
64,8192,32,512,303.392
64,8192,32,1024,356.171
64,8192,32,2048,455.222
64,8192,32,4096,654.357
64,8192,32,8192,1266.74
64,8192,32,16384,2351.93
64,8192,64,16,280.011
64,8192,64,32,280.832
64,8192,64,64,282.112
64,8192,64,128,308.096
64,8192,64,256,351.883
64,8192,64,512,435.008
64,8192,64,1024,615.009
64,8192,64,2048,954.646
64,8192,64,4096,1640.67
64,8192,64,8192,3194.98
64,8192,64,16384,6164.81
64,8192,128,16,322.155
64,8192,128,32,324.886
64,8192,128,64,329.397
64,8192,128,128,388.768
64,8192,128,256,467.968
64,8192,128,512,636.822
64,8192,128,1024,976.971
64,8192,128,2048,1647.8
64,8192,128,4096,3136.43
64,8192,128,8192,6173.19
64,8192,128,16384,12159.6
64,16384,0,0,488.172
64,16384,1,16,487.702
64,16384,1,32,487.616
64,16384,1,64,487.648
64,16384,1,128,487.553
64,16384,1,256,487.968
64,16384,1,512,487.755
64,16384,1,1024,487.776
64,16384,1,2048,487.53
64,16384,1,4096,487.712
64,16384,1,8192,487.712
64,16384,1,16384,487.072
64,16384,2,16,487.329
64,16384,2,32,487.659
64,16384,2,64,487.457
64,16384,2,128,487.68
64,16384,2,256,487.616
64,16384,2,512,487.883
64,16384,2,1024,487.275
64,16384,2,2048,487.531
64,16384,2,4096,487.648
64,16384,2,8192,488.139
64,16384,2,16384,488.181
64,16384,4,16,486.741
64,16384,4,32,486.219
64,16384,4,64,486.24
64,16384,4,128,486.507
64,16384,4,256,487.264
64,16384,4,512,486.634
64,16384,4,1024,487.041
64,16384,4,2048,487.541
64,16384,4,4096,487.905
64,16384,4,8192,487.968
64,16384,4,16384,489.27
64,16384,8,16,486.017
64,16384,8,32,485.739
64,16384,8,64,485.728
64,16384,8,128,486.571
64,16384,8,256,486.262
64,16384,8,512,486.859
64,16384,8,1024,487.403
64,16384,8,2048,488.448
64,16384,8,4096,489.387
64,16384,8,8192,499.125
64,16384,8,16384,977.857
64,16384,16,16,487.435
64,16384,16,32,487.03
64,16384,16,64,486.678
64,16384,16,128,487.83
64,16384,16,256,488.534
64,16384,16,512,489.301
64,16384,16,1024,508.118
64,16384,16,2048,543.871
64,16384,16,4096,610.965
64,16384,16,8192,742.72
64,16384,16,16384,1459.2
64,16384,32,16,487.541
64,16384,32,32,487.456
64,16384,32,64,488.287
64,16384,32,128,495.275
64,16384,32,256,506.933
64,16384,32,512,530.251
64,16384,32,1024,582.219
64,16384,32,2048,683.787
64,16384,32,4096,886.069
64,16384,32,8192,1295.24
64,16384,32,16384,2479.97
64,16384,64,16,505.803
64,16384,64,32,507.329
64,16384,64,64,508.79
64,16384,64,128,533.941
64,16384,64,256,579.734
64,16384,64,512,662.965
64,16384,64,1024,840.672
64,16384,64,2048,1189.49
64,16384,64,4096,1868.71
64,16384,64,8192,3238.49
64,16384,64,16384,6397.95
64,16384,128,16,549.387
64,16384,128,32,552.737
64,16384,128,64,556.619
64,16384,128,128,612.737
64,16384,128,256,695.766
64,16384,128,512,872.299
64,16384,128,1024,1222.5
64,16384,128,2048,1910.19
64,16384,128,4096,3256.43
64,16384,128,8192,6239.57
64,16384,128,16384,12376.9
128,0,0,0,13.5897
128,0,1,16,13.76
128,0,1,32,13.8237
128,0,1,64,13.8673
128,0,1,128,15.6693
128,0,1,256,18.9223
128,0,1,512,26.1547
128,0,1,1024,40.9597
128,0,1,2048,70.3257
128,0,1,4096,129.109
128,0,1,8192,247.03
128,0,1,16384,483.124
128,0,2,16,13.6
128,0,2,32,13.7707
128,0,2,64,13.8127
128,0,2,128,15.7013
128,0,2,256,19.3707
128,0,2,512,26.624
128,0,2,1024,41.4613
128,0,2,2048,71.3177
128,0,2,4096,130.304
128,0,2,8192,248.555
128,0,2,16384,486.315
128,0,4,16,13.952
128,0,4,32,14.1223
128,0,4,64,14.08
128,0,4,128,16.4697
128,0,4,256,20.511
128,0,4,512,27.7867
128,0,4,1024,42.8267
128,0,4,2048,72.8323
128,0,4,4096,132.746
128,0,4,8192,251.381
128,0,4,16384,488.256
128,0,8,16,19.9363
128,0,8,32,19.8933
128,0,8,64,20.2243
128,0,8,128,24.8537
128,0,8,256,32.32
128,0,8,512,44.053
128,0,8,1024,59.1357
128,0,8,2048,89.8243
128,0,8,4096,146.965
128,0,8,8192,265.131
128,0,8,16384,497.205
128,0,16,16,25.0987
128,0,16,32,25.4723
128,0,16,64,25.888
128,0,16,128,34.4107
128,0,16,256,44.8
128,0,16,512,59.36
128,0,16,1024,89.4493
128,0,16,2048,148.608
128,0,16,4096,266.337
128,0,16,8192,504.011
128,0,16,16384,981.547
128,0,32,16,37.2693
128,0,32,32,37.8773
128,0,32,64,38.592
128,0,32,128,53.4607
128,0,32,256,71.8193
128,0,32,512,102.4
128,0,32,1024,161.835
128,0,32,2048,282.453
128,0,32,4096,529.131
128,0,32,8192,1031.18
128,0,32,16384,2050.21
128,0,64,16,61.1203
128,0,64,32,62.4107
128,0,64,64,63.616
128,0,64,128,93.6533
128,0,64,256,136.661
128,0,64,512,232.694
128,0,64,1024,418.251
128,0,64,2048,794.241
128,0,64,4096,1552.17
128,0,64,8192,3058.74
128,0,64,16384,6085.05
128,0,128,16,109.952
128,0,128,32,112.448
128,0,128,64,115.403
128,0,128,128,179.061
128,0,128,256,253.035
128,0,128,512,433.835
128,0,128,1024,804.619
128,0,128,2048,1554.71
128,0,128,4096,3067.31
128,0,128,8192,6110.61
128,0,128,16384,12135
128,16,0,0,15.8083
128,16,1,16,16.138
128,16,1,32,16.0853
128,16,1,64,16.107
128,16,1,128,16.0747
128,16,1,256,19.04
128,16,1,512,26.229
128,16,1,1024,40.9707
128,16,1,2048,70.304
128,16,1,4096,129.269
128,16,1,8192,247.114
128,16,1,16384,482.997
128,16,2,16,16.6827
128,16,2,32,16.6507
128,16,2,64,16.416
128,16,2,128,16.3733
128,16,2,256,19.4133
128,16,2,512,26.6983
128,16,2,1024,41.376
128,16,2,2048,71.2213
128,16,2,4096,130.315
128,16,2,8192,248.79
128,16,2,16384,486.209
128,16,4,16,16.2027
128,16,4,32,16.363
128,16,4,64,16.2453
128,16,4,128,16.6187
128,16,4,256,19.7333
128,16,4,512,27.4457
128,16,4,1024,42.7413
128,16,4,2048,72.8003
128,16,4,4096,132.715
128,16,4,8192,251.457
128,16,4,16384,487.925
128,16,8,16,22.891
128,16,8,32,23.1893
128,16,8,64,23.392
128,16,8,128,25.3123
128,16,8,256,32.2347
128,16,8,512,46.5813
128,16,8,1024,61.8243
128,16,8,2048,91.3497
128,16,8,4096,149.867
128,16,8,8192,267.936
128,16,8,16384,499.104
128,16,16,16,27.072
128,16,16,32,27.2107
128,16,16,64,27.2003
128,16,16,128,34.7947
128,16,16,256,45.4823
128,16,16,512,61.7923
128,16,16,1024,92.021
128,16,16,2048,151.36
128,16,16,4096,268.8
128,16,16,8192,506.059
128,16,16,16384,980.897
128,16,32,16,37.2693
128,16,32,32,37.8883
128,16,32,64,38.5067
128,16,32,128,54.0053
128,16,32,256,72.2137
128,16,32,512,103.893
128,16,32,1024,164.47
128,16,32,2048,285.568
128,16,32,4096,532.331
128,16,32,8192,1035.99
128,16,32,16384,2048.81
128,16,64,16,61.3973
128,16,64,32,62.656
128,16,64,64,63.8077
128,16,64,128,94.1333
128,16,64,256,137.152
128,16,64,512,230.677
128,16,64,1024,418.368
128,16,64,2048,791.99
128,16,64,4096,1548.43
128,16,64,8192,3072.39
128,16,64,16384,6097.01
128,16,128,16,110.091
128,16,128,32,112.683
128,16,128,64,115.637
128,16,128,128,179.296
128,16,128,256,253.131
128,16,128,512,432.683
128,16,128,1024,802.187
128,16,128,2048,1555.61
128,16,128,4096,3077.3
128,16,128,8192,6137
128,16,128,16384,12143.1
128,32,0,0,15.9463
128,32,1,16,16.2237
128,32,1,32,16.064
128,32,1,64,16.096
128,32,1,128,16.1597
128,32,1,256,19.0507
128,32,1,512,26.2933
128,32,1,1024,40.896
128,32,1,2048,70.3463
128,32,1,4096,129.119
128,32,1,8192,246.923
128,32,1,16384,482.955
128,32,2,16,16.3627
128,32,2,32,16.2773
128,32,2,64,16.352
128,32,2,128,16.523
128,32,2,256,19.4033
128,32,2,512,26.6347
128,32,2,1024,41.6003
128,32,2,2048,71.2423
128,32,2,4096,130.325
128,32,2,8192,248.427
128,32,2,16384,486.773
128,32,4,16,16.4373
128,32,4,32,16.3733
128,32,4,64,16.4263
128,32,4,128,16.5973
128,32,4,256,19.7867
128,32,4,512,27.1677
128,32,4,1024,42.5707
128,32,4,2048,72.5973
128,32,4,4096,132.875
128,32,4,8192,251.466
128,32,4,16384,488.097
128,32,8,16,23.2213
128,32,8,32,23.3707
128,32,8,64,23.563
128,32,8,128,25.504
128,32,8,256,32.1597
128,32,8,512,46.7627
128,32,8,1024,62.464
128,32,8,2048,92.2983
128,32,8,4096,150.23
128,32,8,8192,265.643
128,32,8,16384,501.664
128,32,16,16,27.232
128,32,16,32,27.467
128,32,16,64,27.4237
128,32,16,128,34.6667
128,32,16,256,45.184
128,32,16,512,62.0797
128,32,16,1024,91.7013
128,32,16,2048,151.541
128,32,16,4096,269.909
128,32,16,8192,507.062
128,32,16,16384,982.55
128,32,32,16,37.3973
128,32,32,32,37.9627
128,32,32,64,38.5927
128,32,32,128,54.0907
128,32,32,256,72.1067
128,32,32,512,104.32
128,32,32,1024,164.277
128,32,32,2048,285.665
128,32,32,4096,528.918
128,32,32,8192,1040.03
128,32,32,16384,2052.6
128,32,64,16,61.3547
128,32,64,32,62.496
128,32,64,64,63.6587
128,32,64,128,94.0583
128,32,64,256,136.576
128,32,64,512,232.267
128,32,64,1024,418.56
128,32,64,2048,791.489
128,32,64,4096,1550.12
128,32,64,8192,3071.67
128,32,64,16384,6090.14
128,32,128,16,109.995
128,32,128,32,112.801
128,32,128,64,116.011
128,32,128,128,179.232
128,32,128,256,253.013
128,32,128,512,433.601
128,32,128,1024,803.947
128,32,128,2048,1551.93
128,32,128,4096,3073.27
128,32,128,8192,6106.12
128,32,128,16384,12137.7
128,64,0,0,16.1173
128,64,1,16,16.3097
128,64,1,32,16.3203
128,64,1,64,16.3097
128,64,1,128,16.32
128,64,1,256,19.0293
128,64,1,512,26.208
128,64,1,1024,40.96
128,64,1,2048,70.368
128,64,1,4096,129.056
128,64,1,8192,247.104
128,64,1,16384,482.88
128,64,2,16,16.5117
128,64,2,32,16.534
128,64,2,64,16.5013
128,64,2,128,16.6293
128,64,2,256,19.3817
128,64,2,512,26.6347
128,64,2,1024,41.5147
128,64,2,2048,71.1467
128,64,2,4096,130.72
128,64,2,8192,248.576
128,64,2,16384,486.528
128,64,4,16,16.8427
128,64,4,32,16.491
128,64,4,64,16.6297
128,64,4,128,16.768
128,64,4,256,19.9147
128,64,4,512,27.488
128,64,4,1024,42.5387
128,64,4,2048,72.811
128,64,4,4096,132.661
128,64,4,8192,251.744
128,64,4,16384,487.776
128,64,8,16,23.4137
128,64,8,32,23.4237
128,64,8,64,23.5097
128,64,8,128,25.3757
128,64,8,256,32.181
128,64,8,512,46.7197
128,64,8,1024,62.5073
128,64,8,2048,92.6403
128,64,8,4096,150.688
128,64,8,8192,266.944
128,64,8,16384,504.331
128,64,16,16,27.7333
128,64,16,32,27.4987
128,64,16,64,27.4773
128,64,16,128,34.826
128,64,16,256,45.3553
128,64,16,512,62.2613
128,64,16,1024,92.0427
128,64,16,2048,151.744
128,64,16,4096,270.41
128,64,16,8192,504.982
128,64,16,16384,982.764
128,64,32,16,37.547
128,64,32,32,38.0157
128,64,32,64,38.624
128,64,32,128,54.1013
128,64,32,256,72.1493
128,64,32,512,104.149
128,64,32,1024,165.429
128,64,32,2048,287.275
128,64,32,4096,533.782
128,64,32,8192,1034.01
128,64,32,16384,2059.3
128,64,64,16,61.4187
128,64,64,32,62.6347
128,64,64,64,63.8403
128,64,64,128,93.9627
128,64,64,256,137.227
128,64,64,512,231.808
128,64,64,1024,417.878
128,64,64,2048,793.398
128,64,64,4096,1552.98
128,64,64,8192,3065.72
128,64,64,16384,6094.61
128,64,128,16,110.272
128,64,128,32,112.811
128,64,128,64,115.819
128,64,128,128,179.776
128,64,128,256,253.504
128,64,128,512,435.809
128,64,128,1024,806.326
128,64,128,2048,1560.68
128,64,128,4096,3075.12
128,64,128,8192,6115.91
128,64,128,16384,12129.4
128,128,0,0,17.4933
128,128,1,16,16.6287
128,128,1,32,16.672
128,128,1,64,16.608
128,128,1,128,16.9283
128,128,1,256,19.2217
128,128,1,512,26.2933
128,128,1,1024,41.024
128,128,1,2048,70.4323
128,128,1,4096,129.046
128,128,1,8192,247.072
128,128,1,16384,482.987
128,128,2,16,16.832
128,128,2,32,16.8533
128,128,2,64,16.8213
128,128,2,128,16.7787
128,128,2,256,19.392
128,128,2,512,26.6883
128,128,2,1024,41.5147
128,128,2,2048,71.2747
128,128,2,4096,130.4
128,128,2,8192,248.523
128,128,2,16384,486.389
128,128,4,16,17.088
128,128,4,32,17.12
128,128,4,64,17.152
128,128,4,128,17.2057
128,128,4,256,20.2347
128,128,4,512,27.84
128,128,4,1024,42.7947
128,128,4,2048,72.8427
128,128,4,4096,132.918
128,128,4,8192,251.414
128,128,4,16384,488.469
128,128,8,16,23.872
128,128,8,32,24.1387
128,128,8,64,24.107
128,128,8,128,26.8587
128,128,8,256,32.5013
128,128,8,512,46.976
128,128,8,1024,66.9113
128,128,8,2048,96.4057
128,128,8,4096,154.368
128,128,8,8192,271.445
128,128,8,16384,505.248
128,128,16,16,28.5013
128,128,16,32,28.5227
128,128,16,64,28.6293
128,128,16,128,35.9253
128,128,16,256,45.931
128,128,16,512,64.1173
128,128,16,1024,92.7787
128,128,16,2048,152.224
128,128,16,4096,270.667
128,128,16,8192,506.603
128,128,16,16384,981.494
128,128,32,16,38.2827
128,128,32,32,38.816
128,128,32,64,39.2107
128,128,32,128,55.1147
128,128,32,256,72.693
128,128,32,512,109.141
128,128,32,1024,166.976
128,128,32,2048,289.846
128,128,32,4096,532.918
128,128,32,8192,1042.27
128,128,32,16384,2055.4
128,128,64,16,61.76
128,128,64,32,62.9333
128,128,64,64,64.256
128,128,64,128,95.456
128,128,64,256,139.2
128,128,64,512,230.603
128,128,64,1024,418.294
128,128,64,2048,791.445
128,128,64,4096,1550.72
128,128,64,8192,3087.27
128,128,64,16384,6090.97
128,128,128,16,110.784
128,128,128,32,113.344
128,128,128,64,116.64
128,128,128,128,180.459
128,128,128,256,254.258
128,128,128,512,433.364
128,128,128,1024,804.357
128,128,128,2048,1556.59
128,128,128,4096,3073.74
128,128,128,8192,6088.16
128,128,128,16384,12131.5
128,256,0,0,21.1647
128,256,1,16,20.354
128,256,1,32,20.3637
128,256,1,64,20.332
128,256,1,128,20.3637
128,256,1,256,20.4813
128,256,1,512,26.3063
128,256,1,1024,40.8773
128,256,1,2048,70.448
128,256,1,4096,129.215
128,256,1,8192,247.058
128,256,1,16384,483.085
128,256,2,16,20.4817
128,256,2,32,20.3853
128,256,2,64,20.4493
128,256,2,128,20.4813
128,256,2,256,20.4923
128,256,2,512,26.722
128,256,2,1024,41.539
128,256,2,2048,71.322
128,256,2,4096,130.377
128,256,2,8192,248.594
128,256,2,16384,486.264
128,256,4,16,20.567
128,256,4,32,20.716
128,256,4,64,20.684
128,256,4,128,20.8977
128,256,4,256,21.3137
128,256,4,512,27.6713
128,256,4,1024,42.8197
128,256,4,2048,73.0613
128,256,4,4096,132.895
128,256,4,8192,251.602
128,256,4,16384,488.131
128,256,8,16,27.2983
128,256,8,32,27.5217
128,256,8,64,27.8103
128,256,8,128,30.8177
128,256,8,256,34.413
128,256,8,512,47.0433
128,256,8,1024,73.5303
128,256,8,2048,103.293
128,256,8,4096,161.313
128,256,8,8192,279.252
128,256,8,16384,514.874
128,256,16,16,33.1337
128,256,16,32,33.3037
128,256,16,64,33.848
128,256,16,128,36.291
128,256,16,256,47.3203
128,256,16,512,67.0553
128,256,16,1024,97.116
128,256,16,2048,156.235
128,256,16,4096,273.523
128,256,16,8192,511.492
128,256,16,16384,985.563
128,256,32,16,42.2757
128,256,32,32,42.691
128,256,32,64,43.1073
128,256,32,128,55.364
128,256,32,256,74.458
128,256,32,512,109.735
128,256,32,1024,174.412
128,256,32,2048,295.039
128,256,32,4096,540.336
128,256,32,8192,1036.42
128,256,32,16384,2064.45
128,256,64,16,64.6877
128,256,64,32,65.5833
128,256,64,64,66.5427
128,256,64,128,95.7613
128,256,64,256,142.846
128,256,64,512,232.475
128,256,64,1024,418.407
128,256,64,2048,793.686
128,256,64,4096,1549.33
128,256,64,8192,3069.11
128,256,64,16384,6076.46
128,256,128,16,111.964
128,256,128,32,114.462
128,256,128,64,117.576
128,256,128,128,181.794
128,256,128,256,258.279
128,256,128,512,428.605
128,256,128,1024,804.13
128,256,128,2048,1561.95
128,256,128,4096,3076.45
128,256,128,8192,6123.68
128,256,128,16384,12135.5
128,512,0,0,28.45
128,512,1,16,27.821
128,512,1,32,27.7883
128,512,1,64,27.8633
128,512,1,128,27.8203
128,512,1,256,27.81
128,512,1,512,27.9807
128,512,1,1024,41.219
128,512,1,2048,70.6183
128,512,1,4096,129.225
128,512,1,8192,247.196
128,512,1,16384,483.061
128,512,2,16,27.9277
128,512,2,32,28.0447
128,512,2,64,27.9267
128,512,2,128,28.0133
128,512,2,256,28.1083
128,512,2,512,28.183
128,512,2,1024,41.774
128,512,2,2048,71.3007
128,512,2,4096,130.494
128,512,2,8192,248.785
128,512,2,16384,486.561
128,512,4,16,27.9383
128,512,4,32,28.0237
128,512,4,64,28.012
128,512,4,128,28.13
128,512,4,256,28.4823
128,512,4,512,28.834
128,512,4,1024,42.979
128,512,4,2048,72.9323
128,512,4,4096,132.948
128,512,4,8192,251.644
128,512,4,16384,488.534
128,512,8,16,34.5727
128,512,8,32,34.861
128,512,8,64,35.0217
128,512,8,128,37.8163
128,512,8,256,41.7517
128,512,8,512,49.198
128,512,8,1024,76.4967
128,512,8,2048,117.351
128,512,8,4096,177.153
128,512,8,8192,293.385
128,512,8,16384,545.551
128,512,16,16,40.2697
128,512,16,32,40.6857
128,512,16,64,40.973
128,512,16,128,47.3417
128,512,16,256,51.1397
128,512,16,512,69.914
128,512,16,1024,105.618
128,512,16,2048,166.176
128,512,16,4096,286.579
128,512,16,8192,528.984
128,512,16,16384,1001.32
128,512,32,16,51.662
128,512,32,32,52.1743
128,512,32,64,52.5157
128,512,32,128,60.8037
128,512,32,256,74.3727
128,512,32,512,112.551
128,512,32,1024,184.481
128,512,32,2048,313.279
128,512,32,4096,561.168
128,512,32,8192,1077.67
128,512,32,16384,2134.11
128,512,64,16,73.1027
128,512,64,32,73.9247
128,512,64,64,74.9167
128,512,64,128,98.726
128,512,64,256,139.689
128,512,64,512,236.975
128,512,64,1024,421.03
128,512,64,2048,791.977
128,512,64,4096,1551.32
128,512,64,8192,3075.01
128,512,64,16384,6104.06
128,512,128,16,116.488
128,512,128,32,118.343
128,512,128,64,121.447
128,512,128,128,184.129
128,512,128,256,258.79
128,512,128,512,443.197
128,512,128,1024,805.63
128,512,128,2048,1556.81
128,512,128,4096,3082.63
128,512,128,8192,6099.92
128,512,128,16384,12140.6
128,1024,0,0,43.5123
128,1024,1,16,42.797
128,1024,1,32,42.7663
128,1024,1,64,42.7977
128,1024,1,128,42.819
128,1024,1,256,42.8187
128,1024,1,512,42.8827
128,1024,1,1024,43.0103
128,1024,1,2048,70.661
128,1024,1,4096,129.384
128,1024,1,8192,247.333
128,1024,1,16384,483.198
128,1024,2,16,42.8823
128,1024,2,32,42.9257
128,1024,2,64,42.8717
128,1024,2,128,43.0003
128,1024,2,256,42.9677
128,1024,2,512,43.0853
128,1024,2,1024,43.2243
128,1024,2,2048,71.4067
128,1024,2,4096,130.856
128,1024,2,8192,248.901
128,1024,2,16384,486.323
128,1024,4,16,42.9253
128,1024,4,32,42.904
128,1024,4,64,42.9687
128,1024,4,128,42.989
128,1024,4,256,43.3213
128,1024,4,512,43.363
128,1024,4,1024,43.651
128,1024,4,2048,73.178
128,1024,4,4096,133
128,1024,4,8192,251.76
128,1024,4,16384,488.553
128,1024,8,16,48.7923
128,1024,8,32,48.952
128,1024,8,64,49.144
128,1024,8,128,52.5797
128,1024,8,256,55.9287
128,1024,8,512,63.5773
128,1024,8,1024,79.3433
128,1024,8,2048,135.517
128,1024,8,4096,207.586
128,1024,8,8192,329.258
128,1024,8,16384,573.486
128,1024,16,16,54.521
128,1024,16,32,54.6807
128,1024,16,64,55.1497
128,1024,16,128,61.6357
128,1024,16,256,69.284
128,1024,16,512,81.1787
128,1024,16,1024,115.73
128,1024,16,2048,183.414
128,1024,16,4096,305.63
128,1024,16,8192,551.714
128,1024,16,16384,1040.98
128,1024,32,16,66.2013
128,1024,32,32,66.6493
128,1024,32,64,67.215
128,1024,32,128,80.5597
128,1024,32,256,92.4963
128,1024,32,512,113.447
128,1024,32,1024,190.925
128,1024,32,2048,328.212
128,1024,32,4096,608.698
128,1024,32,8192,1122.51
128,1024,32,16384,2219.69
128,1024,64,16,89.4663
128,1024,64,32,90.3837
128,1024,64,64,91.0987
128,1024,64,128,115.185
128,1024,64,256,150.015
128,1024,64,512,235.939
128,1024,64,1024,436.293
128,1024,64,2048,803.803
128,1024,64,4096,1556.63
128,1024,64,8192,3087.69
128,1024,64,16384,6095.58
128,1024,128,16,133.416
128,1024,128,32,135.507
128,1024,128,64,138.333
128,1024,128,128,192.16
128,1024,128,256,264.485
128,1024,128,512,437.787
128,1024,128,1024,813.542
128,1024,128,2048,1566.51
128,1024,128,4096,3069.46
128,1024,128,8192,6143.98
128,1024,128,16384,12140.8
128,2048,0,0,73.3907
128,2048,1,16,72.7293
128,2048,1,32,72.6983
128,2048,1,64,72.74
128,2048,1,128,72.655
128,2048,1,256,72.6763
128,2048,1,512,72.7083
128,2048,1,1024,72.7297
128,2048,1,2048,72.7613
128,2048,1,4096,129.789
128,2048,1,8192,247.535
128,2048,1,16384,483.378
128,2048,2,16,72.8363
128,2048,2,32,72.7833
128,2048,2,64,72.772
128,2048,2,128,72.8577
128,2048,2,256,72.8893
128,2048,2,512,72.9003
128,2048,2,1024,72.9857
128,2048,2,2048,73.1777
128,2048,2,4096,130.93
128,2048,2,8192,249.156
128,2048,2,16384,486.62
128,2048,4,16,72.6657
128,2048,4,32,72.8893
128,2048,4,64,72.644
128,2048,4,128,72.8893
128,2048,4,256,73.135
128,2048,4,512,73.1453
128,2048,4,1024,73.455
128,2048,4,2048,73.8603
128,2048,4,4096,133.245
128,2048,4,8192,252.164
128,2048,4,16384,488.893
128,2048,8,16,77.4443
128,2048,8,32,77.775
128,2048,8,64,78.138
128,2048,8,128,80.5913
128,2048,8,256,85.4023
128,2048,8,512,91.696
128,2048,8,1024,108.134
128,2048,8,2048,139.869
128,2048,8,4096,255.908
128,2048,8,8192,385.121
128,2048,8,16384,628.42
128,2048,16,16,82.82
128,2048,16,32,83.5137
128,2048,16,64,83.5883
128,2048,16,128,90.4483
128,2048,16,256,97.8617
128,2048,16,512,112.785
128,2048,16,1024,141.576
128,2048,16,2048,206.86
128,2048,16,4096,334.708
128,2048,16,8192,580.972
128,2048,16,16384,1073.52
128,2048,32,16,94.4803
128,2048,32,32,95.099
128,2048,32,64,95.397
128,2048,32,128,109.094
128,2048,32,256,124.637
128,2048,32,512,155.859
128,2048,32,1024,194.123
128,2048,32,2048,344.265
128,2048,32,4096,631.418
128,2048,32,8192,1203.15
128,2048,32,16384,2209.67
128,2048,64,16,118.77
128,2048,64,32,119.771
128,2048,64,64,120.807
128,2048,64,128,148.457
128,2048,64,256,182.624
128,2048,64,512,264.378
128,2048,64,1024,431.801
128,2048,64,2048,828.592
128,2048,64,4096,1574.6
128,2048,64,8192,3086.72
128,2048,64,16384,6095.14
128,2048,128,16,165.812
128,2048,128,32,167.839
128,2048,128,64,170.826
128,2048,128,128,226.296
128,2048,128,256,294.278
128,2048,128,512,451.599
128,2048,128,1024,815.961
128,2048,128,2048,1579.1
128,2048,128,4096,3096.31
128,2048,128,8192,6133.43
128,2048,128,16384,12148.1
128,4096,0,0,132.583
128,4096,1,16,132.05
128,4096,1,32,132.007
128,4096,1,64,131.954
128,4096,1,128,131.869
128,4096,1,256,132.082
128,4096,1,512,131.954
128,4096,1,1024,131.922
128,4096,1,2048,131.932
128,4096,1,4096,132.072
128,4096,1,8192,247.715
128,4096,1,16384,484.08
128,4096,2,16,132.146
128,4096,2,32,132.242
128,4096,2,64,132.306
128,4096,2,128,132.189
128,4096,2,256,132.359
128,4096,2,512,132.199
128,4096,2,1024,132.242
128,4096,2,2048,132.327
128,4096,2,4096,132.434
128,4096,2,8192,249.177
128,4096,2,16384,486.982
128,4096,4,16,131.944
128,4096,4,32,131.975
128,4096,4,64,131.847
128,4096,4,128,132.327
128,4096,4,256,132.466
128,4096,4,512,132.455
128,4096,4,1024,132.818
128,4096,4,2048,132.839
128,4096,4,4096,133.874
128,4096,4,8192,252.067
128,4096,4,16384,489.253
128,4096,8,16,134.696
128,4096,8,32,135.4
128,4096,8,64,135.399
128,4096,8,128,138.685
128,4096,8,256,142.323
128,4096,8,512,148.947
128,4096,8,1024,164.223
128,4096,8,2048,197.717
128,4096,8,4096,259.299
128,4096,8,8192,494.918
128,4096,8,16384,741.577
128,4096,16,16,139.559
128,4096,16,32,140.69
128,4096,16,64,141.245
128,4096,16,128,146.92
128,4096,16,256,154.366
128,4096,16,512,170.569
128,4096,16,1024,200.864
128,4096,16,2048,259.054
128,4096,16,4096,386.389
128,4096,16,8192,638.573
128,4096,16,16384,1136.57
128,4096,32,16,150.835
128,4096,32,32,151.699
128,4096,32,64,152.104
128,4096,32,128,165.47
128,4096,32,256,181.023
128,4096,32,512,213.537
128,4096,32,1024,278.255
128,4096,32,2048,350.611
128,4096,32,4096,654.2
128,4096,32,8192,1233.86
128,4096,32,16384,2371.2
128,4096,64,16,174.922
128,4096,64,32,176.341
128,4096,64,64,177.076
128,4096,64,128,205.718
128,4096,64,256,249.508
128,4096,64,512,330.492
128,4096,64,1024,492.325
128,4096,64,2048,825.752
128,4096,64,4096,1621.36
128,4096,64,8192,3099.11
128,4096,64,16384,6102.25
128,4096,128,16,224.663
128,4096,128,32,226.967
128,4096,128,64,230.295
128,4096,128,128,290.725
128,4096,128,256,358.067
128,4096,128,512,522.066
128,4096,128,1024,845.314
128,4096,128,2048,1583.53
128,4096,128,4096,3117.39
128,4096,128,8192,6159.44
128,4096,128,16384,12167.4
128,8192,0,0,250.37
128,8192,1,16,250.381
128,8192,1,32,250.296
128,8192,1,64,250.413
128,8192,1,128,250.338
128,8192,1,256,250.285
128,8192,1,512,250.552
128,8192,1,1024,250.318
128,8192,1,2048,249.474
128,8192,1,4096,249.571
128,8192,1,8192,249.688
128,8192,1,16384,483.267
128,8192,2,16,250.776
128,8192,2,32,250.722
128,8192,2,64,250.626
128,8192,2,128,250.861
128,8192,2,256,250.883
128,8192,2,512,250.68
128,8192,2,1024,250.797
128,8192,2,2048,250.231
128,8192,2,4096,250.627
128,8192,2,8192,250.136
128,8192,2,16384,487.833
128,8192,4,16,250.402
128,8192,4,32,250.456
128,8192,4,64,250.382
128,8192,4,128,250.658
128,8192,4,256,250.861
128,8192,4,512,251
128,8192,4,1024,251.352
128,8192,4,2048,250.796
128,8192,4,4096,251.149
128,8192,4,8192,252.76
128,8192,4,16384,489.711
128,8192,8,16,252.322
128,8192,8,32,249.965
128,8192,8,64,250.178
128,8192,8,128,252.376
128,8192,8,256,257.837
128,8192,8,512,265.038
128,8192,8,1024,282.223
128,8192,8,2048,311.152
128,8192,8,4096,376.446
128,8192,8,8192,497.467
128,8192,8,16384,967.25
128,8192,16,16,253.346
128,8192,16,32,253.581
128,8192,16,64,254.585
128,8192,16,128,260.014
128,8192,16,256,267.769
128,8192,16,512,283.524
128,8192,16,1024,314.257
128,8192,16,2048,378.356
128,8192,16,4096,481.348
128,8192,16,8192,744.977
128,8192,16,16384,1244.83
128,8192,32,16,264.622
128,8192,32,32,265.08
128,8192,32,64,265.666
128,8192,32,128,279.214
128,8192,32,256,294.414
128,8192,32,512,326.609
128,8192,32,1024,392.788
128,8192,32,2048,523.601
128,8192,32,4096,672.834
128,8192,32,8192,1290.4
128,8192,32,16384,2472.9
128,8192,64,16,288.282
128,8192,64,32,290.383
128,8192,64,64,290.703
128,8192,64,128,319.611
128,8192,64,256,361.245
128,8192,64,512,447.937
128,8192,64,1024,627.893
128,8192,64,2048,945.766
128,8192,64,4096,1627.71
128,8192,64,8192,3202.58
128,8192,64,16384,6215.39
128,8192,128,16,337.916
128,8192,128,32,339.91
128,8192,128,64,344.102
128,8192,128,128,406.975
128,8192,128,256,480.067
128,8192,128,512,645.014
128,8192,128,1024,982.14
128,8192,128,2048,1646.6
128,8192,128,4096,3124.3
128,8192,128,8192,6196.9
128,8192,128,16384,12202.2
128,16384,0,0,488.739
128,16384,1,16,488.526
128,16384,1,32,488.739
128,16384,1,64,488.664
128,16384,1,128,488.376
128,16384,1,256,488.462
128,16384,1,512,488.792
128,16384,1,1024,488.781
128,16384,1,2048,488.824
128,16384,1,4096,488.664
128,16384,1,8192,488.686
128,16384,1,16384,487.875
128,16384,2,16,488.856
128,16384,2,32,489.39
128,16384,2,64,489.219
128,16384,2,128,489.144
128,16384,2,256,489.187
128,16384,2,512,489.187
128,16384,2,1024,489.487
128,16384,2,2048,489.795
128,16384,2,4096,489.315
128,16384,2,8192,489.038
128,16384,2,16384,489.263
128,16384,4,16,488.611
128,16384,4,32,488.077
128,16384,4,64,489.037
128,16384,4,128,488.771
128,16384,4,256,489.241
128,16384,4,512,488.664
128,16384,4,1024,489.016
128,16384,4,2048,489.55
128,16384,4,4096,489.891
128,16384,4,8192,489.369
128,16384,4,16384,491.224
128,16384,8,16,488.12
128,16384,8,32,488.43
128,16384,8,64,488.184
128,16384,8,128,488.973
128,16384,8,256,489.112
128,16384,8,512,490.414
128,16384,8,1024,505.177
128,16384,8,2048,541.904
128,16384,8,4096,609.821
128,16384,8,8192,734.213
128,16384,8,16384,976.816
128,16384,16,16,488.013
128,16384,16,32,488.333
128,16384,16,64,488.184
128,16384,16,128,489.101
128,16384,16,256,495.096
128,16384,16,512,510.02
128,16384,16,1024,543.195
128,16384,16,2048,606.153
128,16384,16,4096,735.929
128,16384,16,8192,943.673
128,16384,16,16384,1469.01
128,16384,32,16,491.096
128,16384,32,32,493.976
128,16384,32,64,493.496
128,16384,32,128,508.697
128,16384,32,256,521.444
128,16384,32,512,554.309
128,16384,32,1024,621.246
128,16384,32,2048,752.389
128,16384,32,4096,1012.45
128,16384,32,8192,1318.78
128,16384,32,16384,2545.68
128,16384,64,16,515.289
128,16384,64,32,517.923
128,16384,64,64,518.563
128,16384,64,128,545.989
128,16384,64,256,592.061
128,16384,64,512,675.457
128,16384,64,1024,859.828
128,16384,64,2048,1211.28
128,16384,64,4096,1855.52
128,16384,64,8192,3211.82
128,16384,64,16384,6384.74
128,16384,128,16,565.094
128,16384,128,32,566.384
128,16384,128,64,572.656
128,16384,128,128,635.177
128,16384,128,256,707.873
128,16384,128,512,880.255
128,16384,128,1024,1228.51
128,16384,128,2048,1928.12
128,16384,128,4096,3254.07
128,16384,128,8192,6205.32
128,16384,128,16384,12366.2
256,0,0,0,16.758
256,0,1,16,17.9637
256,0,1,32,17.9523
256,0,1,64,17.9963
256,0,1,128,18.059
256,0,1,256,20.3853
256,0,1,512,27.916
256,0,1,1024,43.2443
256,0,1,2048,73.7967
256,0,1,4096,134.609
256,0,1,8192,257.271
256,0,1,16384,501.933
256,0,2,16,18.145
256,0,2,32,18.2623
256,0,2,64,18.3573
256,0,2,128,18.1873
256,0,2,256,21.366
256,0,2,512,28.5993
256,0,2,1024,43.2877
256,0,2,2048,72.537
256,0,2,4096,131.419
256,0,2,8192,249.014
256,0,2,16384,487.202
256,0,4,16,19.595
256,0,4,32,19.6597
256,0,4,64,19.8307
256,0,4,128,21.7397
256,0,4,256,25.3137
256,0,4,512,32.9083
256,0,4,1024,47.223
256,0,4,2048,76.004
256,0,4,4096,134.139
256,0,4,8192,252.439
256,0,4,16384,489.601
256,0,8,16,25.697
256,0,8,32,25.953
256,0,8,64,26.3483
256,0,8,128,28.1397
256,0,8,256,34.7543
256,0,8,512,48.984
256,0,8,1024,70.3397
256,0,8,2048,99.7383
256,0,8,4096,159.026
256,0,8,8192,275.682
256,0,8,16384,508.866
256,0,16,16,32.5237
256,0,16,32,32.8757
256,0,16,64,33.0687
256,0,16,128,39.0417
256,0,16,256,48.9737
256,0,16,512,70.243
256,0,16,1024,104.047
256,0,16,2048,162.995
256,0,16,4096,279.618
256,0,16,8192,513.635
256,0,16,16384,988.056
256,0,32,16,45.314
256,0,32,32,45.9757
256,0,32,64,46.2423
256,0,32,128,60.835
256,0,32,256,78.4363
256,0,32,512,114.96
256,0,32,1024,177.8
256,0,32,2048,296.131
256,0,32,4096,537.562
256,0,32,8192,1035.59
256,0,32,16384,2036.54
256,0,64,16,73.2513
256,0,64,32,74.627
256,0,64,64,75.705
256,0,64,128,104.826
256,0,64,256,141.297
256,0,64,512,234.464
256,0,64,1024,422.622
256,0,64,2048,796.816
256,0,64,4096,1557.8
256,0,64,8192,3082.02
256,0,64,16384,6100.27
256,0,128,16,130.182
256,0,128,32,132.881
256,0,128,64,135.921
256,0,128,128,198.143
256,0,128,256,267.212
256,0,128,512,429.545
256,0,128,1024,802.361
256,0,128,2048,1559.69
256,0,128,4096,3071.91
256,0,128,8192,6099.58
256,0,128,16384,12133.1
256,16,0,0,20.246
256,16,1,16,21.0993
256,16,1,32,21.1847
256,16,1,64,21.089
256,16,1,128,21.1213
256,16,1,256,21.153
256,16,1,512,28.0223
256,16,1,1024,43.244
256,16,1,2048,73.849
256,16,1,4096,135.057
256,16,1,8192,257.687
256,16,1,16384,503.073
256,16,2,16,21.3873
256,16,2,32,21.5157
256,16,2,64,21.59
256,16,2,128,21.4517
256,16,2,256,21.665
256,16,2,512,28.513
256,16,2,1024,43.1377
256,16,2,2048,72.6967
256,16,2,4096,131.27
256,16,2,8192,249.025
256,16,2,16384,487.286
256,16,4,16,22.5507
256,16,4,32,22.518
256,16,4,64,22.9133
256,16,4,128,22.7527
256,16,4,256,25.5373
256,16,4,512,32.8767
256,16,4,1024,47.3623
256,16,4,2048,75.7157
256,16,4,4096,133.894
256,16,4,8192,252.663
256,16,4,16384,489.536
256,16,8,16,29.2063
256,16,8,32,29.2067
256,16,8,64,29.6117
256,16,8,128,31.9693
256,16,8,256,35.042
256,16,8,512,48.8447
256,16,8,1024,75.4913
256,16,8,2048,105.359
256,16,8,4096,163.869
256,16,8,8192,278.988
256,16,8,16384,518.614
256,16,16,16,35.649
256,16,16,32,36.2043
256,16,16,64,36.481
256,16,16,128,41.7723
256,16,16,256,49.528
256,16,16,512,70.5207
256,16,16,1024,107.738
256,16,16,2048,166.77
256,16,16,4096,284.237
256,16,16,8192,518.048
256,16,16,16384,989.696
256,16,32,16,48.9307
256,16,32,32,49.4847
256,16,32,64,49.9323
256,16,32,128,61.699
256,16,32,256,79.0643
256,16,32,512,114.726
256,16,32,1024,182.398
256,16,32,2048,302.488
256,16,32,4096,541.965
256,16,32,8192,1054.36
256,16,32,16384,2049.58
256,16,64,16,74.1793
256,16,64,32,75.353
256,16,64,64,76.6113
256,16,64,128,105.999
256,16,64,256,141.586
256,16,64,512,233.066
256,16,64,1024,420.701
256,16,64,2048,800.184
256,16,64,4096,1560.08
256,16,64,8192,3071.12
256,16,64,16384,6112.85
256,16,128,16,131.323
256,16,128,32,133.713
256,16,128,64,136.571
256,16,128,128,199.411
256,16,128,256,267.83
256,16,128,512,429.586
256,16,128,1024,801.26
256,16,128,2048,1561.82
256,16,128,4096,3077.56
256,16,128,8192,6116.44
256,16,128,16384,12137.1
256,32,0,0,20.107
256,32,1,16,21.2063
256,32,1,32,21.2487
256,32,1,64,21.1637
256,32,1,128,21.3233
256,32,1,256,21.2913
256,32,1,512,27.9693
256,32,1,1024,43.2123
256,32,1,2048,73.827
256,32,1,4096,134.608
256,32,1,8192,257.141
256,32,1,16384,501.802
256,32,2,16,21.58
256,32,2,32,21.665
256,32,2,64,21.6007
256,32,2,128,21.633
256,32,2,256,21.7507
256,32,2,512,28.6623
256,32,2,1024,43.2443
256,32,2,2048,72.483
256,32,2,4096,131.334
256,32,2,8192,248.971
256,32,2,16384,487.327
256,32,4,16,22.647
256,32,4,32,22.817
256,32,4,64,22.742
256,32,4,128,22.913
256,32,4,256,25.4837
256,32,4,512,32.94
256,32,4,1024,47.6287
256,32,4,2048,76.0457
256,32,4,4096,133.925
256,32,4,8192,252.746
256,32,4,16384,489.76
256,32,8,16,29.196
256,32,8,32,29.399
256,32,8,64,29.7183
256,32,8,128,32.0653
256,32,8,256,34.9773
256,32,8,512,49.026
256,32,8,1024,76.195
256,32,8,2048,105.284
256,32,8,4096,164.22
256,32,8,8192,284.215
256,32,8,16384,518.593
256,32,16,16,35.7243
256,32,16,32,36.2463
256,32,16,64,36.5563
256,32,16,128,42.061
256,32,16,256,49.5483
256,32,16,512,70.4883
256,32,16,1024,109.124
256,32,16,2048,166.94
256,32,16,4096,283.852
256,32,16,8192,517.43
256,32,16,16384,989.054
256,32,32,16,49.079
256,32,32,32,49.5703
256,32,32,64,50.4127
256,32,32,128,61.848
256,32,32,256,78.9897
256,32,32,512,114.746
256,32,32,1024,181.266
256,32,32,2048,302.583
256,32,32,4096,544.161
256,32,32,8192,1042.62
256,32,32,16384,2064.99
256,32,64,16,74.574
256,32,64,32,75.481
256,32,64,64,76.4513
256,32,64,128,105.807
256,32,64,256,141.958
256,32,64,512,230.773
256,32,64,1024,421.116
256,32,64,2048,800.524
256,32,64,4096,1554.21
256,32,64,8192,3079.22
256,32,64,16384,6104.14
256,32,128,16,131.237
256,32,128,32,133.744
256,32,128,64,136.72
256,32,128,128,199.507
256,32,128,256,267.712
256,32,128,512,427.964
256,32,128,1024,801.697
256,32,128,2048,1560.48
256,32,128,4096,3089.62
256,32,128,8192,6123.67
256,32,128,16384,12140.2
256,64,0,0,20.2673
256,64,1,16,21.27
256,64,1,32,21.2387
256,64,1,64,21.2167
256,64,1,128,21.1953
256,64,1,256,21.2493
256,64,1,512,27.9907
256,64,1,1024,43.2553
256,64,1,2048,73.8377
256,64,1,4096,134.822
256,64,1,8192,257.344
256,64,1,16384,501.93
256,64,2,16,21.59
256,64,2,32,21.676
256,64,2,64,21.6643
256,64,2,128,21.7177
256,64,2,256,21.8777
256,64,2,512,28.4917
256,64,2,1024,43.0207
256,64,2,2048,72.4937
256,64,2,4096,131.312
256,64,2,8192,249.013
256,64,2,16384,487.156
256,64,4,16,22.8483
256,64,4,32,22.8807
256,64,4,64,22.977
256,64,4,128,22.934
256,64,4,256,25.7613
256,64,4,512,32.9823
256,64,4,1024,47.6713
256,64,4,2048,76.195
256,64,4,4096,134.224
256,64,4,8192,253.002
256,64,4,16384,489.545
256,64,8,16,29.2383
256,64,8,32,29.4943
256,64,8,64,29.6013
256,64,8,128,32.0867
256,64,8,256,35.2333
256,64,8,512,48.983
256,64,8,1024,75.342
256,64,8,2048,106.298
256,64,8,4096,164.071
256,64,8,8192,282.891
256,64,8,16384,511.999
256,64,16,16,36.2683
256,64,16,32,36.1823
256,64,16,64,36.5667
256,64,16,128,41.8683
256,64,16,256,49.7187
256,64,16,512,70.5197
256,64,16,1024,107.673
256,64,16,2048,167.1
256,64,16,4096,283.808
256,64,16,8192,521.471
256,64,16,16384,990.588
256,64,32,16,49.25
256,64,32,32,49.6667
256,64,32,64,50.2207
256,64,32,128,61.4963
256,64,32,256,79.2563
256,64,32,512,114.927
256,64,32,1024,183.645
256,64,32,2048,301.42
256,64,32,4096,541.642
256,64,32,8192,1052.07
256,64,32,16384,2056.4
256,64,64,16,74.6587
256,64,64,32,75.6617
256,64,64,64,76.6323
256,64,64,128,105.999
256,64,64,256,141.552
256,64,64,512,233.151
256,64,64,1024,422.192
256,64,64,2048,800.607
256,64,64,4096,1562.91
256,64,64,8192,3075.97
256,64,64,16384,6097.89
256,64,128,16,131.173
256,64,128,32,133.637
256,64,128,64,136.538
256,64,128,128,199.517
256,64,128,256,267.829
256,64,128,512,428.987
256,64,128,1024,802.164
256,64,128,2048,1558.64
256,64,128,4096,3081.25
256,64,128,8192,6106.74
256,64,128,16384,12137
256,128,0,0,20.3203
256,128,1,16,21.6973
256,128,1,32,21.719
256,128,1,64,21.739
256,128,1,128,21.836
256,128,1,256,21.8147
256,128,1,512,27.9583
256,128,1,1024,43.2547
256,128,1,2048,73.784
256,128,1,4096,134.746
256,128,1,8192,257.311
256,128,1,16384,502.152
256,128,2,16,22.0813
256,128,2,32,21.9203
256,128,2,64,22.091
256,128,2,128,22.049
256,128,2,256,22.326
256,128,2,512,28.7907
256,128,2,1024,43.1057
256,128,2,2048,72.4827
256,128,2,4096,131.397
256,128,2,8192,249.161
256,128,2,16384,487.635
256,128,4,16,23.3187
256,128,4,32,23.2863
256,128,4,64,23.4677
256,128,4,128,23.4043
256,128,4,256,25.7187
256,128,4,512,32.9613
256,128,4,1024,47.4473
256,128,4,2048,75.672
256,128,4,4096,134.362
256,128,4,8192,252.959
256,128,4,16384,489.907
256,128,8,16,29.75
256,128,8,32,30.1127
256,128,8,64,30.2197
256,128,8,128,33.036
256,128,8,256,36.108
256,128,8,512,49.175
256,128,8,1024,77.1127
256,128,8,2048,106.681
256,128,8,4096,165.883
256,128,8,8192,283.583
256,128,8,16384,516.755
256,128,16,16,37.004
256,128,16,32,37.165
256,128,16,64,37.2597
256,128,16,128,43.3823
256,128,16,256,50.3487
256,128,16,512,70.7227
256,128,16,1024,111.311
256,128,16,2048,170.214
256,128,16,4096,289.451
256,128,16,8192,522.719
256,128,16,16384,989.466
256,128,32,16,50.221
256,128,32,32,50.701
256,128,32,64,51.245
256,128,32,128,62.893
256,128,32,256,80.056
256,128,32,512,116.389
256,128,32,1024,192.018
256,128,32,2048,307.03
256,128,32,4096,546.74
256,128,32,8192,1041.05
256,128,32,16384,2087.6
256,128,64,16,75.8207
256,128,64,32,76.792
256,128,64,64,77.6027
256,128,64,128,107.193
256,128,64,256,143.664
256,128,64,512,231.933
256,128,64,1024,421.487
256,128,64,2048,799.165
256,128,64,4096,1556.71
256,128,64,8192,3088.34
256,128,64,16384,6101.25
256,128,128,16,132.368
256,128,128,32,134.554
256,128,128,64,137.605
256,128,128,128,200.914
256,128,128,256,270.004
256,128,128,512,429.135
256,128,128,1024,805
256,128,128,2048,1561.77
256,128,128,4096,3078.58
256,128,128,8192,6128.93
256,128,128,16384,12145.8
256,256,0,0,23.9373
256,256,1,16,25.4197
256,256,1,32,25.3553
256,256,1,64,25.399
256,256,1,128,25.4193
256,256,1,256,25.398
256,256,1,512,28.108
256,256,1,1024,43.437
256,256,1,2048,73.8477
256,256,1,4096,134.832
256,256,1,8192,257.342
256,256,1,16384,502.109
256,256,2,16,25.7073
256,256,2,32,25.7393
256,256,2,64,25.7607
256,256,2,128,25.8993
256,256,2,256,25.8357
256,256,2,512,28.897
256,256,2,1024,43.4037
256,256,2,2048,72.6107
256,256,2,4096,131.567
256,256,2,8192,249.386
256,256,2,16384,487.57
256,256,4,16,26.9667
256,256,4,32,27.3927
256,256,4,64,27.083
256,256,4,128,27.2003
256,256,4,256,27.1053
256,256,4,512,33.3347
256,256,4,1024,47.7137
256,256,4,2048,75.7783
256,256,4,4096,133.936
256,256,4,8192,252.659
256,256,4,16384,488.913
256,256,8,16,33.7397
256,256,8,32,33.783
256,256,8,64,33.8143
256,256,8,128,37.164
256,256,8,256,40.61
256,256,8,512,49.6017
256,256,8,1024,78.8613
256,256,8,2048,113.796
256,256,8,4096,174.705
256,256,8,8192,296.64
256,256,8,16384,539.027
256,256,16,16,41.548
256,256,16,32,41.7187
256,256,16,64,41.6973
256,256,16,128,47.3083
256,256,16,256,54.455
256,256,16,512,71.0637
256,256,16,1024,114.819
256,256,16,2048,177.884
256,256,16,4096,301.056
256,256,16,8192,539.401
256,256,16,16384,1003.64
256,256,32,16,55.2443
256,256,32,32,55.5
256,256,32,64,55.895
256,256,32,128,67.4583
256,256,32,256,81.816
256,256,32,512,117.498
256,256,32,1024,199.623
256,256,32,2048,324.161
256,256,32,4096,566.131
256,256,32,8192,1064.59
256,256,32,16384,2070.33
256,256,64,16,80.6213
256,256,64,32,81.72
256,256,64,64,82.7763
256,256,64,128,109.349
256,256,64,256,146.831
256,256,64,512,229.992
256,256,64,1024,420.847
256,256,64,2048,798.62
256,256,64,4096,1558.25
256,256,64,8192,3081.14
256,256,64,16384,6094.58
256,256,128,16,133.914
256,256,128,32,136.496
256,256,128,64,139.44
256,256,128,128,202.439
256,256,128,256,272.106
256,256,128,512,427.204
256,256,128,1024,803.548
256,256,128,2048,1559.31
256,256,128,4096,3088.01
256,256,128,8192,6107.66
256,256,128,16384,12145.3
256,512,0,0,31.4253
256,512,1,16,32.7903
256,512,1,32,32.886
256,512,1,64,32.8223
256,512,1,128,32.9077
256,512,1,256,32.94
256,512,1,512,33.121
256,512,1,1024,43.714
256,512,1,2048,74.1353
256,512,1,4096,135.013
256,512,1,8192,257.427
256,512,1,16384,501.969
256,512,2,16,33.196
256,512,2,32,33.345
256,512,2,64,33.708
256,512,2,128,33.2063
256,512,2,256,33.3657
256,512,2,512,33.6333
256,512,2,1024,43.777
256,512,2,2048,72.8877
256,512,2,4096,131.545
256,512,2,8192,249.278
256,512,2,16384,488.165
256,512,4,16,34.4543
256,512,4,32,34.5507
256,512,4,64,34.497
256,512,4,128,34.721
256,512,4,256,34.668
256,512,4,512,34.9877
256,512,4,1024,48.1827
256,512,4,2048,76.728
256,512,4,4096,134.735
256,512,4,8192,253.032
256,512,4,16384,490.321
256,512,8,16,41.2067
256,512,8,32,41.3563
256,512,8,64,41.132
256,512,8,128,44.62
256,512,8,256,48.3853
256,512,8,512,55.5327
256,512,8,1024,79.0533
256,512,8,2048,130.117
256,512,8,4096,190.983
256,512,8,8192,312.779
256,512,8,16384,557.192
256,512,16,16,49.228
256,512,16,32,50.071
256,512,16,64,50.1357
256,512,16,128,56.1083
256,512,16,256,62.37
256,512,16,512,76.9417
256,512,16,1024,115.033
256,512,16,2048,194.94
256,512,16,4096,318.219
256,512,16,8192,565.737
256,512,16,16384,1055.24
256,512,32,16,64.322
256,512,32,32,64.471
256,512,32,64,65.09
256,512,32,128,76.707
256,512,32,256,89.699
256,512,32,512,121.529
256,512,32,1024,200.455
256,512,32,2048,362.444
256,512,32,4096,637.557
256,512,32,8192,1190.56
256,512,32,16384,2458.97
256,512,64,16,90.275
256,512,64,32,91.4157
256,512,64,64,92.4723
256,512,64,128,115.94
256,512,64,256,151.119
256,512,64,512,237.564
256,512,64,1024,419.662
256,512,64,2048,801.296
256,512,64,4096,1565.16
256,512,64,8192,3113.35
256,512,64,16384,6099.35
256,512,128,16,141.242
256,512,128,32,143.44
256,512,128,64,146.096
256,512,128,128,206.642
256,512,128,256,276.062
256,512,128,512,434.308
256,512,128,1024,805.2
256,512,128,2048,1562.3
256,512,128,4096,3094.66
256,512,128,8192,6138.89
256,512,128,16384,12136.7
256,1024,0,0,46.156
256,1024,1,16,47.863
256,1024,1,32,47.672
256,1024,1,64,47.66
256,1024,1,128,48.0127
256,1024,1,256,47.82
256,1024,1,512,47.916
256,1024,1,1024,48.2473
256,1024,1,2048,74.552
256,1024,1,4096,135.482
256,1024,1,8192,257.662
256,1024,1,16384,502.651
256,1024,2,16,47.927
256,1024,2,32,48.1403
256,1024,2,64,48.2253
256,1024,2,128,48.1407
256,1024,2,256,48.0973
256,1024,2,512,48.0443
256,1024,2,1024,48.6623
256,1024,2,2048,73.5493
256,1024,2,4096,132.058
256,1024,2,8192,249.693
256,1024,2,16384,488.548
256,1024,4,16,49.1743
256,1024,4,32,48.8867
256,1024,4,64,49.4843
256,1024,4,128,49.5057
256,1024,4,256,49.1007
256,1024,4,512,49.975
256,1024,4,1024,50.466
256,1024,4,2048,77.229
256,1024,4,4096,134.874
256,1024,4,8192,253.48
256,1024,4,16384,490.47
256,1024,8,16,55.362
256,1024,8,32,55.9697
256,1024,8,64,55.746
256,1024,8,128,59.0103
256,1024,8,256,62.7537
256,1024,8,512,70.3917
256,1024,8,1024,84.781
256,1024,8,2048,138.575
256,1024,8,4096,219.676
256,1024,8,8192,344.129
256,1024,8,16384,587.635
256,1024,16,16,64.0453
256,1024,16,32,64.4507
256,1024,16,64,64.6313
256,1024,16,128,71.394
256,1024,16,256,79.0427
256,1024,16,512,91.9177
256,1024,16,1024,122.287
256,1024,16,2048,203.58
256,1024,16,4096,348.267
256,1024,16,8192,597.566
256,1024,16,16384,1100.36
256,1024,32,16,81.1763
256,1024,32,32,82.0077
256,1024,32,64,82.488
256,1024,32,128,94.9683
256,1024,32,256,107.054
256,1024,32,512,136.026
256,1024,32,1024,202.545
256,1024,32,2048,370.977
256,1024,32,4096,690.486
256,1024,32,8192,1295.55
256,1024,32,16384,2527.54
256,1024,64,16,109.177
256,1024,64,32,110.286
256,1024,64,64,111.343
256,1024,64,128,135.012
256,1024,64,256,166.746
256,1024,64,512,244.765
256,1024,64,1024,429.998
256,1024,64,2048,806.735
256,1024,64,4096,1569.48
256,1024,64,8192,3097.47
256,1024,64,16384,6106.02
256,1024,128,16,160.826
256,1024,128,32,162.437
256,1024,128,64,165.797
256,1024,128,128,218.354
256,1024,128,256,283.411
256,1024,128,512,439.128
256,1024,128,1024,811.716
256,1024,128,2048,1562.72
256,1024,128,4096,3086.28
256,1024,128,8192,6136.32
256,1024,128,16384,12148.9
256,2048,0,0,75.9813
256,2048,1,16,77.155
256,2048,1,32,76.7913
256,2048,1,64,77.3353
256,2048,1,128,76.707
256,2048,1,256,77.08
256,2048,1,512,76.9837
256,2048,1,1024,76.9513
256,2048,1,2048,78.04
256,2048,1,4096,136.057
256,2048,1,8192,258.194
256,2048,1,16384,503.812
256,2048,2,16,77.1327
256,2048,2,32,77.3463
256,2048,2,64,77.474
256,2048,2,128,77.1967
256,2048,2,256,77.8267
256,2048,2,512,77.8693
256,2048,2,1024,77.5703
256,2048,2,2048,78.9677
256,2048,2,4096,132.686
256,2048,2,8192,250.194
256,2048,2,16384,489.113
256,2048,4,16,78.509
256,2048,4,32,79.0103
256,2048,4,64,78.8183
256,2048,4,128,78.69
256,2048,4,256,78.509
256,2048,4,512,78.7543
256,2048,4,1024,79.1597
256,2048,4,2048,80.056
256,2048,4,4096,135.951
256,2048,4,8192,254.376
256,2048,4,16384,490.585
256,2048,8,16,84.621
256,2048,8,32,84.792
256,2048,8,64,84.4293
256,2048,8,128,88.142
256,2048,8,256,92.163
256,2048,8,512,99.2887
256,2048,8,1024,114.884
256,2048,8,2048,144.143
256,2048,8,4096,261.48
256,2048,8,8192,398.668
256,2048,8,16384,647.636
256,2048,16,16,92.9417
256,2048,16,32,93.3147
256,2048,16,64,93.4743
256,2048,16,128,100.313
256,2048,16,256,108.024
256,2048,16,512,122.702
256,2048,16,1024,151.706
256,2048,16,2048,211.867
256,2048,16,4096,387.297
256,2048,16,8192,652.084
256,2048,16,16384,1153.71
256,2048,32,16,110.051
256,2048,32,32,110.702
256,2048,32,64,111.171
256,2048,32,128,127.481
256,2048,32,256,144.303
256,2048,32,512,168.57
256,2048,32,1024,233.095
256,2048,32,2048,360.843
256,2048,32,4096,703.765
256,2048,32,8192,1358.73
256,2048,32,16384,2584.46
256,2048,64,16,143.546
256,2048,64,32,144.569
256,2048,64,64,145.977
256,2048,64,128,172.517
256,2048,64,256,204.955
256,2048,64,512,277.011
256,2048,64,1024,442.03
256,2048,64,2048,817.828
256,2048,64,4096,1575.75
256,2048,64,8192,3092.64
256,2048,64,16384,6112.63
256,2048,128,16,198.353
256,2048,128,32,199.611
256,2048,128,64,203.452
256,2048,128,128,256.797
256,2048,128,256,316.916
256,2048,128,512,453.667
256,2048,128,1024,819.288
256,2048,128,2048,1573.13
256,2048,128,4096,3100.11
256,2048,128,8192,6145.19
256,2048,128,16384,12149
256,4096,0,0,134.073
256,4096,1,16,137.509
256,4096,1,32,137.946
256,4096,1,64,137.338
256,4096,1,128,137.754
256,4096,1,256,137.817
256,4096,1,512,137.573
256,4096,1,1024,137.519
256,4096,1,2048,137.338
256,4096,1,4096,137.935
256,4096,1,8192,258.972
256,4096,1,16384,503.63
256,4096,2,16,135.044
256,4096,2,32,135.694
256,4096,2,64,135.14
256,4096,2,128,135.3
256,4096,2,256,135.375
256,4096,2,512,135.407
256,4096,2,1024,136.004
256,4096,2,2048,136.111
256,4096,2,4096,137.391
256,4096,2,8192,251.058
256,4096,2,16384,489.646
256,4096,4,16,137.615
256,4096,4,32,137.049
256,4096,4,64,136.303
256,4096,4,128,137.124
256,4096,4,256,137.626
256,4096,4,512,137.582
256,4096,4,1024,137.103
256,4096,4,2048,138.926
256,4096,4,4096,140.623
256,4096,4,8192,255.165
256,4096,4,16384,491.94
256,4096,8,16,142.649
256,4096,8,32,141.593
256,4096,8,64,141.775
256,4096,8,128,146.33
256,4096,8,256,148.911
256,4096,8,512,157.199
256,4096,8,1024,172.687
256,4096,8,2048,202.321
256,4096,8,4096,261.981
256,4096,8,8192,500.206
256,4096,8,16384,754.252
256,4096,16,16,149.199
256,4096,16,32,150.415
256,4096,16,64,150.682
256,4096,16,128,157.007
256,4096,16,256,164.773
256,4096,16,512,179.077
256,4096,16,1024,210.854
256,4096,16,2048,269.981
256,4096,16,4096,393.867
256,4096,16,8192,756.214
256,4096,16,16384,1262.68
256,4096,32,16,167.056
256,4096,32,32,167.717
256,4096,32,64,168.303
256,4096,32,128,184.026
256,4096,32,256,202.193
256,4096,32,512,241.116
256,4096,32,1024,295.422
256,4096,32,2048,425.57
256,4096,32,4096,683.444
256,4096,32,8192,1380.73
256,4096,32,16384,2675.38
256,4096,64,16,200.838
256,4096,64,32,201.841
256,4096,64,64,203.57
256,4096,64,128,236.861
256,4096,64,256,275.432
256,4096,64,512,345.055
256,4096,64,1024,501.273
256,4096,64,2048,831.395
256,4096,64,4096,1601.15
256,4096,64,8192,3137.05
256,4096,64,16384,6137.21
256,4096,128,16,267.837
256,4096,128,32,270.194
256,4096,128,64,273.842
256,4096,128,128,331.721
256,4096,128,256,392.779
256,4096,128,512,524.41
256,4096,128,1024,845.517
256,4096,128,2048,1595.84
256,4096,128,4096,3102.79
256,4096,128,8192,6159.91
256,4096,128,16384,12169
256,8192,0,0,252.146
256,8192,1,16,260.498
256,8192,1,32,260.519
256,8192,1,64,259.901
256,8192,1,128,260.199
256,8192,1,256,260.039
256,8192,1,512,260.732
256,8192,1,1024,260.209
256,8192,1,2048,259.399
256,8192,1,4096,260.008
256,8192,1,8192,260.348
256,8192,1,16384,503.875
256,8192,2,16,252.445
256,8192,2,32,252.028
256,8192,2,64,252.764
256,8192,2,128,252.423
256,8192,2,256,252.723
256,8192,2,512,252.391
256,8192,2,1024,253.042
256,8192,2,2048,252.519
256,8192,2,4096,253.415
256,8192,2,8192,255.079
256,8192,2,16384,490.35
256,8192,4,16,252.177
256,8192,4,32,253.927
256,8192,4,64,252.872
256,8192,4,128,253.607
256,8192,4,256,253.852
256,8192,4,512,254.141
256,8192,4,1024,253.585
256,8192,4,2048,254.834
256,8192,4,4096,255.751
256,8192,4,8192,256.178
256,8192,4,16384,492.409
256,8192,8,16,258.247
256,8192,8,32,256.711
256,8192,8,64,256.626
256,8192,8,128,262.578
256,8192,8,256,263.207
256,8192,8,512,272.263
256,8192,8,1024,286.514
256,8192,8,2048,316.371
256,8192,8,4096,380.48
256,8192,8,8192,500.013
256,8192,8,16384,977.914
256,8192,16,16,263.41
256,8192,16,32,263.964
256,8192,16,64,264.018
256,8192,16,128,271.229
256,8192,16,256,278.258
256,8192,16,512,295.005
256,8192,16,1024,324.211
256,8192,16,2048,387.093
256,8192,16,4096,511.256
256,8192,16,8192,759.808
256,8192,16,16384,1461.78
256,8192,32,16,282.728
256,8192,32,32,281.256
256,8192,32,64,283.133
256,8192,32,128,298.11
256,8192,32,256,317.246
256,8192,32,512,354.122
256,8192,32,1024,435.233
256,8192,32,2048,541.753
256,8192,32,4096,819.404
256,8192,32,8192,1340.23
256,8192,32,16384,2721.5
256,8192,64,16,315.165
256,8192,64,32,315.593
256,8192,64,64,318.045
256,8192,64,128,350.837
256,8192,64,256,392.405
256,8192,64,512,475.928
256,8192,64,1024,636.049
256,8192,64,2048,957.999
256,8192,64,4096,1623.33
256,8192,64,8192,3167.88
256,8192,64,16384,6214.89
256,8192,128,16,383.584
256,8192,128,32,385.931
256,8192,128,64,390.284
256,8192,128,128,461.762
256,8192,128,256,534.81
256,8192,128,512,667.57
256,8192,128,1024,979.291
256,8192,128,2048,1646
256,8192,128,4096,3155.06
256,8192,128,8192,6162.29
256,8192,128,16384,12235.9
256,16384,0,0,491.502
256,16384,1,16,509.016
256,16384,1,32,508.899
256,16384,1,64,508.675
256,16384,1,128,509.166
256,16384,1,256,508.751
256,16384,1,512,508.771
256,16384,1,1024,508.825
256,16384,1,2048,508.44
256,16384,1,4096,508.601
256,16384,1,8192,508.217
256,16384,1,16384,508.558
256,16384,2,16,491.554
256,16384,2,32,491.768
256,16384,2,64,491.331
256,16384,2,128,491.79
256,16384,2,256,491.544
256,16384,2,512,491.65
256,16384,2,1024,491.64
256,16384,2,2048,491.672
256,16384,2,4096,492.035
256,16384,2,8192,491.874
256,16384,2,16384,492.632
256,16384,4,16,491.608
256,16384,4,32,491.351
256,16384,4,64,491.458
256,16384,4,128,491.629
256,16384,4,256,491.288
256,16384,4,512,492.014
256,16384,4,1024,492.429
256,16384,4,2048,492.653
256,16384,4,4096,493.197
256,16384,4,8192,493.336
256,16384,4,16384,495.405
256,16384,8,16,491.043
256,16384,8,32,491.074
256,16384,8,64,491.682
256,16384,8,128,491.618
256,16384,8,256,494.595
256,16384,8,512,501.592
256,16384,8,1024,518.147
256,16384,8,2048,550.318
256,16384,8,4096,614.331
256,16384,8,8192,738.697
256,16384,8,16384,978.831
256,16384,16,16,494.563
256,16384,16,32,494.146
256,16384,16,64,496.323
256,16384,16,128,501.155
256,16384,16,256,514.052
256,16384,16,512,523.577
256,16384,16,1024,555.706
256,16384,16,2048,617.639
256,16384,16,4096,745.875
256,16384,16,8192,997.211
256,16384,16,16384,1490.54
256,16384,32,16,510.189
256,16384,32,32,513.485
256,16384,32,64,513.368
256,16384,32,128,526.318
256,16384,32,256,544.558
256,16384,32,512,582.724
256,16384,32,1024,667.101
256,16384,32,2048,822.294
256,16384,32,4096,1045.48
256,16384,32,8192,1599.53
256,16384,32,16384,2664.89
256,16384,64,16,542.158
256,16384,64,32,545.134
256,16384,64,64,545.731
256,16384,64,128,579.332
256,16384,64,256,619.931
256,16384,64,512,703.858
256,16384,64,1024,875.095
256,16384,64,2048,1231.05
256,16384,64,4096,1874.08
256,16384,64,8192,3196.47
256,16384,64,16384,6312.09
256,16384,128,16,611.931
256,16384,128,32,612.902
256,16384,128,64,619.472
256,16384,128,128,690.546
256,16384,128,256,770.494
256,16384,128,512,935.097
256,16384,128,1024,1248
256,16384,128,2048,1901.45
256,16384,128,4096,3244.8
256,16384,128,8192,6227.88
256,16384,128,16384,12296.6
512,0,0,0,27.1153
512,0,1,16,34.0387
512,0,1,32,34.284
512,0,1,64,34.3263
512,0,1,128,35.2327
512,0,1,256,35.4033
512,0,1,512,38.0167
512,0,1,1024,52.268
512,0,1,2048,80.3223
512,0,1,4096,137.007
512,0,1,8192,250.95
512,0,1,16384,486.348
512,0,2,16,34.678
512,0,2,32,34.945
512,0,2,64,35.2967
512,0,2,128,36.15
512,0,2,256,36.7903
512,0,2,512,40.0757
512,0,2,1024,54.7637
512,0,2,2048,83.2233
512,0,2,4096,140.526
512,0,2,8192,255.409
512,0,2,16384,489.708
512,0,4,16,37.1107
512,0,4,32,37.0677
512,0,4,64,36.993
512,0,4,128,38.508
512,0,4,256,40.791
512,0,4,512,47.0413
512,0,4,1024,61.7183
512,0,4,2048,90.4453
512,0,4,4096,147.929
512,0,4,8192,261.479
512,0,4,16384,493.346
512,0,8,16,42.4763
512,0,8,32,42.4977
512,0,8,64,42.4437
512,0,8,128,45.345
512,0,8,256,46.476
512,0,8,512,57.3777
512,0,8,1024,82.381
512,0,8,2048,139.097
512,0,8,4096,201.381
512,0,8,8192,323.848
512,0,8,16384,568.527
512,0,16,16,51.191
512,0,16,32,51.372
512,0,16,64,51.447
512,0,16,128,56.7907
512,0,16,256,63.362
512,0,16,512,81.6237
512,0,16,1024,121.101
512,0,16,2048,200.154
512,0,16,4096,323.07
512,0,16,8192,564.612
512,0,16,16384,1048.84
512,0,32,16,68.183
512,0,32,32,68.5457
512,0,32,64,69.122
512,0,32,128,80.1297
512,0,32,256,97.0157
512,0,32,512,132.131
512,0,32,1024,228.08
512,0,32,2048,372.255
512,0,32,4096,608.655
512,0,32,8192,1098.1
512,0,32,16384,2118.5
512,0,64,16,100.877
512,0,64,32,101.72
512,0,64,64,102.829
512,0,64,128,131.385
512,0,64,256,166.703
512,0,64,512,244.849
512,0,64,1024,434.379
512,0,64,2048,807.743
512,0,64,4096,1566.77
512,0,64,8192,3085.59
512,0,64,16384,6109.61
512,0,128,16,172.112
512,0,128,32,174.735
512,0,128,64,177.37
512,0,128,128,240.486
512,0,128,256,306.493
512,0,128,512,447.254
512,0,128,1024,810.346
512,0,128,2048,1563.26
512,0,128,4096,3083.52
512,0,128,8192,6116.56
512,0,128,16384,12159.9
512,16,0,0,30.1017
512,16,1,16,37.643
512,16,1,32,37.761
512,16,1,64,37.7187
512,16,1,128,38.4007
512,16,1,256,39.009
512,16,1,512,39.9053
512,16,1,1024,54.113
512,16,1,2048,82.3377
512,16,1,4096,138.947
512,16,1,8192,252.891
512,16,1,16384,486.295
512,16,2,16,38.5077
512,16,2,32,38.561
512,16,2,64,38.3583
512,16,2,128,40.2993
512,16,2,256,41.3557
512,16,2,512,41.8463
512,16,2,1024,56.1297
512,16,2,2048,84.4503
512,16,2,4096,141.432
512,16,2,8192,254.683
512,16,2,16384,489.548
512,16,4,16,40.8007
512,16,4,32,41.2167
512,16,4,64,40.8757
512,16,4,128,42.23
512,16,4,256,44.566
512,16,4,512,49.1743
512,16,4,1024,63.4357
512,16,4,2048,91.9063
512,16,4,4096,149.934
512,16,4,8192,265.467
512,16,4,16384,497.004
512,16,8,16,46.3477
512,16,8,32,46.572
512,16,8,64,46.5937
512,16,8,128,49.3237
512,16,8,256,51.521
512,16,8,512,58.5723
512,16,8,1024,83.2233
512,16,8,2048,141.177
512,16,8,4096,207.472
512,16,8,8192,330.152
512,16,8,16384,576.708
512,16,16,16,55.6387
512,16,16,32,55.436
512,16,16,64,55.7983
512,16,16,128,61.527
512,16,16,256,66.572
512,16,16,512,83.1273
512,16,16,1024,122.841
512,16,16,2048,205.466
512,16,16,4096,335.444
512,16,16,8192,576.718
512,16,16,16384,1065.8
512,16,32,16,72.3327
512,16,32,32,73.1
512,16,32,64,73.1753
512,16,32,128,84.5457
512,16,32,256,98.6263
512,16,32,512,134.563
512,16,32,1024,226.309
512,16,32,2048,383.124
512,16,32,4096,627.172
512,16,32,8192,1116.33
512,16,32,16384,2190.18
512,16,64,16,105.389
512,16,64,32,106.199
512,16,64,64,107.395
512,16,64,128,132.9
512,16,64,256,168.612
512,16,64,512,246.929
512,16,64,1024,432.768
512,16,64,2048,809.695
512,16,64,4096,1565.74
512,16,64,8192,3082.77
512,16,64,16384,6114.61
512,16,128,16,173.914
512,16,128,32,176.58
512,16,128,64,179.172
512,16,128,128,242.15
512,16,128,256,308.189
512,16,128,512,448.907
512,16,128,1024,810.398
512,16,128,2048,1565.37
512,16,128,4096,3079.88
512,16,128,8192,6137.47
512,16,128,16384,12151.4
512,32,0,0,30.5283
512,32,1,16,37.494
512,32,1,32,37.537
512,32,1,64,37.5693
512,32,1,128,38.465
512,32,1,256,38.8917
512,32,1,512,40.033
512,32,1,1024,53.7507
512,32,1,2048,82.295
512,32,1,4096,139.481
512,32,1,8192,251.803
512,32,1,16384,486.336
512,32,2,16,38.5937
512,32,2,32,38.529
512,32,2,64,38.6783
512,32,2,128,40.545
512,32,2,256,41.3017
512,32,2,512,41.985
512,32,2,1024,55.969
512,32,2,2048,84.546
512,32,2,4096,141.209
512,32,2,8192,256.721
512,32,2,16384,489.963
512,32,4,16,40.9293
512,32,4,32,40.972
512,32,4,64,41.2917
512,32,4,128,42.497
512,32,4,256,45.0787
512,32,4,512,49.057
512,32,4,1024,63.681
512,32,4,2048,92.3967
512,32,4,4096,149.316
512,32,4,8192,265.328
512,32,4,16384,496.896
512,32,8,16,46.5287
512,32,8,32,46.753
512,32,8,64,46.6253
512,32,8,128,49.2597
512,32,8,256,51.3293
512,32,8,512,58.753
512,32,8,1024,83.4477
512,32,8,2048,141.027
512,32,8,4096,208.592
512,32,8,8192,330.023
512,32,8,16384,575.682
512,32,16,16,55.4467
512,32,16,32,55.4893
512,32,16,64,55.649
512,32,16,128,61.527
512,32,16,256,66.8283
512,32,16,512,83.202
512,32,16,1024,122.648
512,32,16,2048,205.712
512,32,16,4096,333.981
512,32,16,8192,578.914
512,32,16,16384,1060.72
512,32,32,16,72.375
512,32,32,32,73.0477
512,32,32,64,73.5907
512,32,32,128,84.8233
512,32,32,256,98.7963
512,32,32,512,133.784
512,32,32,1024,226.352
512,32,32,2048,381.96
512,32,32,4096,638.628
512,32,32,8192,1116.27
512,32,32,16384,2131.38
512,32,64,16,105.442
512,32,64,32,106.253
512,32,64,64,107.448
512,32,64,128,133.07
512,32,64,256,168.196
512,32,64,512,246.481
512,32,64,1024,433.226
512,32,64,2048,809.16
512,32,64,4096,1565.38
512,32,64,8192,3090.91
512,32,64,16384,6119.88
512,32,128,16,173.902
512,32,128,32,176.462
512,32,128,64,179.257
512,32,128,128,242.075
512,32,128,256,308.274
512,32,128,512,448.49
512,32,128,1024,810.749
512,32,128,2048,1564.89
512,32,128,4096,3086.31
512,32,128,8192,6107.67
512,32,128,16384,12168.3
512,64,0,0,30.7097
512,64,1,16,37.7607
512,64,1,32,37.91
512,64,1,64,37.7283
512,64,1,128,38.6887
512,64,1,256,38.934
512,64,1,512,39.7023
512,64,1,1024,53.9317
512,64,1,2048,82.2097
512,64,1,4096,139.097
512,64,1,8192,252.219
512,64,1,16384,486.549
512,64,2,16,38.454
512,64,2,32,38.7633
512,64,2,64,38.86
512,64,2,128,40.652
512,64,2,256,41.3877
512,64,2,512,41.9853
512,64,2,1024,56.439
512,64,2,2048,84.5567
512,64,2,4096,141.87
512,64,2,8192,254.523
512,64,2,16384,489.953
512,64,4,16,40.9927
512,64,4,32,40.9717
512,64,4,64,41.0247
512,64,4,128,42.5933
512,64,4,256,45.025
512,64,4,512,48.94
512,64,4,1024,63.7143
512,64,4,2048,92.1613
512,64,4,4096,149.369
512,64,4,8192,263.963
512,64,4,16384,497.045
512,64,8,16,46.4753
512,64,8,32,46.4223
512,64,8,64,46.892
512,64,8,128,49.409
512,64,8,256,51.1903
512,64,8,512,58.7323
512,64,8,1024,83.4997
512,64,8,2048,140.899
512,64,8,4096,206.309
512,64,8,8192,329.927
512,64,8,16384,574.285
512,64,16,16,55.532
512,64,16,32,55.5537
512,64,16,64,55.8733
512,64,16,128,61.5593
512,64,16,256,66.7963
512,64,16,512,83.5113
512,64,16,1024,122.936
512,64,16,2048,206.329
512,64,16,4096,333.522
512,64,16,8192,579.618
512,64,16,16384,1059.47
512,64,32,16,72.6303
512,64,32,32,73.239
512,64,32,64,73.4207
512,64,32,128,84.5453
512,64,32,256,98.7003
512,64,32,512,134.211
512,64,32,1024,227.333
512,64,32,2048,384.915
512,64,32,4096,624.152
512,64,32,8192,1145.96
512,64,32,16384,2156.87
512,64,64,16,105.634
512,64,64,32,106.434
512,64,64,64,107.683
512,64,64,128,133.187
512,64,64,256,168.036
512,64,64,512,245.68
512,64,64,1024,431.849
512,64,64,2048,807.079
512,64,64,4096,1564.48
512,64,64,8192,3095.9
512,64,64,16384,6105.84
512,64,128,16,173.977
512,64,128,32,176.356
512,64,128,64,179.118
512,64,128,128,242.49
512,64,128,256,308.466
512,64,128,512,448.181
512,64,128,1024,808.86
512,64,128,2048,1564.98
512,64,128,4096,3085.76
512,64,128,8192,6136.54
512,64,128,16384,12157.5
512,128,0,0,31.275
512,128,1,16,38.6463
512,128,1,32,38.7413
512,128,1,64,38.6573
512,128,1,128,41.292
512,128,1,256,42.753
512,128,1,512,42.689
512,128,1,1024,56.353
512,128,1,2048,84.4073
512,128,1,4096,141.112
512,128,1,8192,254.619
512,128,1,16384,487.029
512,128,2,16,40.833
512,128,2,32,40.769
512,128,2,64,40.907
512,128,2,128,42.2943
512,128,2,256,43.937
512,128,2,512,44.459
512,128,2,1024,58.1983
512,128,2,2048,86.925
512,128,2,4096,144.782
512,128,2,8192,260.358
512,128,2,16384,491.179
512,128,4,16,42.6463
512,128,4,32,42.582
512,128,4,64,42.849
512,128,4,128,44.3207
512,128,4,256,46.0597
512,128,4,512,50.3797
512,128,4,1024,65.495
512,128,4,2048,94.594
512,128,4,4096,151.502
512,128,4,8192,266.79
512,128,4,16384,494.987
512,128,8,16,48.044
512,128,8,32,48.5773
512,128,8,64,48.8433
512,128,8,128,51.7663
512,128,8,256,52.908
512,128,8,512,60.7583
512,128,8,1024,84.3963
512,128,8,2048,141.593
512,128,8,4096,217.093
512,128,8,8192,336.296
512,128,8,16384,586.264
512,128,16,16,57.1637
512,128,16,32,57.4943
512,128,16,64,57.441
512,128,16,128,63.713
512,128,16,256,68.9723
512,128,16,512,85.5273
512,128,16,1024,123.395
512,128,16,2048,211.46
512,128,16,4096,340.221
512,128,16,8192,584.599
512,128,16,16384,1082.16
512,128,32,16,74.4543
512,128,32,32,74.9883
512,128,32,64,75.5857
512,128,32,128,86.8177
512,128,32,256,100.738
512,128,32,512,136.889
512,128,32,1024,222.821
512,128,32,2048,398.59
512,128,32,4096,668.611
512,128,32,8192,1193.51
512,128,32,16384,2242.62
512,128,64,16,107.608
512,128,64,32,108.387
512,128,64,64,109.453
512,128,64,128,135.096
512,128,64,256,170.351
512,128,64,512,247.717
512,128,64,1024,436.009
512,128,64,2048,810.417
512,128,64,4096,1568.15
512,128,64,8192,3092.01
512,128,64,16384,6114.09
512,128,128,16,175.93
512,128,128,32,178.394
512,128,128,64,181.178
512,128,128,128,244.25
512,128,128,256,310.342
512,128,128,512,449.93
512,128,128,1024,811.825
512,128,128,2048,1563.8
512,128,128,4096,3090.82
512,128,128,8192,6105.18
512,128,128,16384,12150
512,256,0,0,35.0843
512,256,1,16,42.87
512,256,1,32,42.838
512,256,1,64,42.4757
512,256,1,128,46.156
512,256,1,256,49.292
512,256,1,512,50.113
512,256,1,1024,60.129
512,256,1,2048,88.2893
512,256,1,4096,144.664
512,256,1,8192,258.374
512,256,1,16384,486.89
512,256,2,16,48.0117
512,256,2,32,48.0013
512,256,2,64,47.9473
512,256,2,128,48.385
512,256,2,256,49.5053
512,256,2,512,51.383
512,256,2,1024,62.1347
512,256,2,2048,91.0633
512,256,2,4096,147.896
512,256,2,8192,263.483
512,256,2,16384,493.482
512,256,4,16,49.0463
512,256,4,32,49.1107
512,256,4,64,49.0997
512,256,4,128,50.1453
512,256,4,256,51.8093
512,256,4,512,55.4463
512,256,4,1024,69.633
512,256,4,2048,98.274
512,256,4,4096,155.256
512,256,4,8192,271.43
512,256,4,16384,500.959
512,256,8,16,54.252
512,256,8,32,54.475
512,256,8,64,54.497
512,256,8,128,57.185
512,256,8,256,59.5213
512,256,8,512,64.7477
512,256,8,1024,86.7117
512,256,8,2048,141.475
512,256,8,4096,229.092
512,256,8,8192,353.01
512,256,8,16384,597.559
512,256,16,16,63.2333
512,256,16,32,63.265
512,256,16,64,63.244
512,256,16,128,69.463
512,256,16,256,75.7247
512,256,16,512,91.031
512,256,16,1024,125.848
512,256,16,2048,217.904
512,256,16,4096,354.396
512,256,16,8192,615.309
512,256,16,16384,1138.2
512,256,32,16,80.62
512,256,32,32,81.1747
512,256,32,64,81.5273
512,256,32,128,93.1113
512,256,32,256,105.581
512,256,32,512,140.824
512,256,32,1024,220.944
512,256,32,2048,406.6
512,256,32,4096,737.658
512,256,32,8192,1383.73
512,256,32,16384,2413.92
512,256,64,16,113.699
512,256,64,32,114.904
512,256,64,64,115.992
512,256,64,128,139.47
512,256,64,256,175.001
512,256,64,512,249.914
512,256,64,1024,432.745
512,256,64,2048,811.035
512,256,64,4096,1568.01
512,256,64,8192,3113.77
512,256,64,16384,6118.48
512,256,128,16,179.513
512,256,128,32,181.934
512,256,128,64,184.622
512,256,128,128,247.845
512,256,128,256,314.63
512,256,128,512,452.564
512,256,128,1024,813.371
512,256,128,2048,1564.47
512,256,128,4096,3086.3
512,256,128,8192,6162.81
512,256,128,16384,12158
512,512,0,0,43.2007
512,512,1,16,50.8493
512,512,1,32,51.1047
512,512,1,64,50.4543
512,512,1,128,53.8783
512,512,1,256,57.494
512,512,1,512,63.8623
512,512,1,1024,68.1613
512,512,1,2048,95.81
512,512,1,4096,153.625
512,512,1,8192,266.448
512,512,1,16384,493.237
512,512,2,16,56.033
512,512,2,32,55.6383
512,512,2,64,55.7883
512,512,2,128,62.593
512,512,2,256,63.1373
512,512,2,512,63.8947
512,512,2,1024,69.7613
512,512,2,2048,98.178
512,512,2,4096,155.352
512,512,2,8192,269.487
512,512,2,16384,500.148
512,512,4,16,61.3663
512,512,4,32,61.1957
512,512,4,64,61.409
512,512,4,128,63.351
512,512,4,256,64.385
512,512,4,512,66.0707
512,512,4,1024,76.8763
512,512,4,2048,106.04
512,512,4,4096,162.969
512,512,4,8192,277.083
512,512,4,16384,507.103
512,512,8,16,66.3693
512,512,8,32,66.4223
512,512,8,64,66.444
512,512,8,128,68.8657
512,512,8,256,72.343
512,512,8,512,74.1563
512,512,8,1024,93.41
512,512,8,2048,142.723
512,512,8,4096,257.328
512,512,8,8192,381.064
512,512,8,16384,627.106
512,512,16,16,75.3723
512,512,16,32,75.159
512,512,16,64,75.031
512,512,16,128,81.132
512,512,16,256,88.098
512,512,16,512,98.295
512,512,16,1024,133.123
512,512,16,2048,218.949
512,512,16,4096,377.117
512,512,16,8192,651.085
512,512,16,16384,1195.96
512,512,32,16,92.4073
512,512,32,32,93.1427
512,512,32,64,93.314
512,512,32,128,105.495
512,512,32,256,118.936
512,512,32,512,147.32
512,512,32,1024,228.57
512,512,32,2048,414.163
512,512,32,4096,763.557
512,512,32,8192,1470.7
512,512,32,16384,2883.17
512,512,64,16,126.243
512,512,64,32,127.16
512,512,64,64,128.589
512,512,64,128,152.835
512,512,64,256,182.286
512,512,64,512,256.346
512,512,64,1024,433.662
512,512,64,2048,809.84
512,512,64,4096,1565.04
512,512,64,8192,3101.98
512,512,64,16384,6123.56
512,512,128,16,191.225
512,512,128,32,193.167
512,512,128,64,196.068
512,512,128,128,255.482
512,512,128,256,321.905
512,512,128,512,461.065
512,512,128,1024,812.613
512,512,128,2048,1566.5
512,512,128,4096,3086.1
512,512,128,8192,6111.77
512,512,128,16384,12174.5
512,1024,0,0,58.4223
512,1024,1,16,65.8037
512,1024,1,32,65.804
512,1024,1,64,66.113
512,1024,1,128,69.2383
512,1024,1,256,73.079
512,1024,1,512,79.6813
512,1024,1,1024,93.6027
512,1024,1,2048,111.789
512,1024,1,4096,168.483
512,1024,1,8192,281.713
512,1024,1,16384,508.629
512,1024,2,16,70.8493
512,1024,2,32,71.5007
512,1024,2,64,70.8917
512,1024,2,128,77.7933
512,1024,2,256,84.6527
512,1024,2,512,92.418
512,1024,2,1024,93.3887
512,1024,2,2048,114.114
512,1024,2,4096,170.488
512,1024,2,8192,286.096
512,1024,2,16384,510.729
512,1024,4,16,76.3963
512,1024,4,32,77.2283
512,1024,4,64,76.6733
512,1024,4,128,85.5483
512,1024,4,256,91.8207
512,1024,4,512,93.1643
512,1024,4,1024,95.5967
512,1024,4,2048,120.856
512,1024,4,4096,178.51
512,1024,4,8192,292.421
512,1024,4,16384,524.96
512,1024,8,16,88.108
512,1024,8,32,88.588
512,1024,8,64,88.93
512,1024,8,128,94.0927
512,1024,8,256,96.727
512,1024,8,512,101.804
512,1024,8,1024,104.535
512,1024,8,2048,151.897
512,1024,8,4096,264.293
512,1024,8,8192,435.07
512,1024,8,16384,680.333
512,1024,16,16,99.3083
512,1024,16,32,99.6503
512,1024,16,64,99.7887
512,1024,16,128,104.898
512,1024,16,256,111.202
512,1024,16,512,124.834
512,1024,16,1024,149.944
512,1024,16,2048,229.36
512,1024,16,4096,404.744
512,1024,16,8192,683.96
512,1024,16,16384,1256.4
512,1024,32,16,116.141
512,1024,32,32,116.568
512,1024,32,64,117.346
512,1024,32,128,128.856
512,1024,32,256,141.922
512,1024,32,512,169.155
512,1024,32,1024,242.735
512,1024,32,2048,418.313
512,1024,32,4096,780.367
512,1024,32,8192,1485.05
512,1024,32,16384,2900.85
512,1024,64,16,150.392
512,1024,64,32,152.013
512,1024,64,64,152.75
512,1024,64,128,176.835
512,1024,64,256,206.403
512,1024,64,512,269.819
512,1024,64,1024,445.406
512,1024,64,2048,815.727
512,1024,64,4096,1568.52
512,1024,64,8192,3095.07
512,1024,64,16384,6129.35
512,1024,128,16,216.473
512,1024,128,32,218.329
512,1024,128,64,221.519
512,1024,128,128,274.437
512,1024,128,256,335.825
512,1024,128,512,474.483
512,1024,128,1024,819.652
512,1024,128,2048,1569.77
512,1024,128,4096,3091.02
512,1024,128,8192,6143.49
512,1024,128,16384,12159.3
512,2048,0,0,89.047
512,2048,1,16,96.0867
512,2048,1,32,95.5323
512,2048,1,64,95.8103
512,2048,1,128,99.1377
512,2048,1,256,102.573
512,2048,1,512,109.047
512,2048,1,1024,123.981
512,2048,1,2048,152.419
512,2048,1,4096,199.353
512,2048,1,8192,312.326
512,2048,1,16384,539.733
512,2048,2,16,101.079
512,2048,2,32,101.303
512,2048,2,64,101.762
512,2048,2,128,107.863
512,2048,2,256,114.765
512,2048,2,512,128.258
512,2048,2,1024,150.104
512,2048,2,2048,152.238
512,2048,2,4096,202.862
512,2048,2,8192,319.409
512,2048,2,16384,549.781
512,2048,4,16,107.309
512,2048,4,32,106.263
512,2048,4,64,106.423
512,2048,4,128,115.095
512,2048,4,256,121.261
512,2048,4,512,135.629
512,2048,4,1024,151.043
512,2048,4,2048,154.35
512,2048,4,4096,207.727
512,2048,4,8192,324.699
512,2048,4,16384,563.37
512,2048,8,16,117.485
512,2048,8,32,118.594
512,2048,8,64,118.007
512,2048,8,128,131.746
512,2048,8,256,144.173
512,2048,8,512,152.845
512,2048,8,1024,158.179
512,2048,8,2048,163.139
512,2048,8,4096,270.907
512,2048,8,8192,504.063
512,2048,8,16384,792.249
512,2048,16,16,140.846
512,2048,16,32,141.24
512,2048,16,64,142.02
512,2048,16,128,153.688
512,2048,16,256,159.118
512,2048,16,512,174.073
512,2048,16,1024,199.449
512,2048,16,2048,237.529
512,2048,16,4096,422.323
512,2048,16,8192,755.022
512,2048,16,16384,1310.37
512,2048,32,16,164.409
512,2048,32,32,163.214
512,2048,32,64,165.059
512,2048,32,128,175.716
512,2048,32,256,188.27
512,2048,32,512,215.396
512,2048,32,1024,277.808
512,2048,32,2048,400.797
512,2048,32,4096,799.311
512,2048,32,8192,1509.37
512,2048,32,16384,2934.19
512,2048,64,16,197.209
512,2048,64,32,197.701
512,2048,64,64,198.873
512,2048,64,128,225.785
512,2048,64,256,255.61
512,2048,64,512,314.502
512,2048,64,1024,457.832
512,2048,64,2048,825.327
512,2048,64,4096,1578.35
512,2048,64,8192,3103.82
512,2048,64,16384,6142.92
512,2048,128,16,265.861
512,2048,128,32,268.176
512,2048,128,64,271.183
512,2048,128,128,324.667
512,2048,128,256,380.465
512,2048,128,512,499.444
512,2048,128,1024,833.082
512,2048,128,2048,1581.73
512,2048,128,4096,3096.2
512,2048,128,8192,6113.47
512,2048,128,16384,12197.2
512,4096,0,0,148.386
512,4096,1,16,154.414
512,4096,1,32,154.392
512,4096,1,64,155.299
512,4096,1,128,157.954
512,4096,1,256,161.55
512,4096,1,512,169.603
512,4096,1,1024,183.79
512,4096,1,2048,212.313
512,4096,1,4096,269.157
512,4096,1,8192,378.961
512,4096,1,16384,610.166
512,4096,2,16,160.707
512,4096,2,32,160.237
512,4096,2,64,161.08
512,4096,2,128,166.627
512,4096,2,256,173.944
512,4096,2,512,186.947
512,4096,2,1024,215.705
512,4096,2,2048,264.932
512,4096,2,4096,270.064
512,4096,2,8192,380.657
512,4096,2,16384,619.605
512,4096,4,16,164.739
512,4096,4,32,165.635
512,4096,4,64,165.187
512,4096,4,128,173.411
512,4096,4,256,180.696
512,4096,4,512,193.827
512,4096,4,1024,223.833
512,4096,4,2048,265.647
512,4096,4,4096,271.268
512,4096,4,8192,386.204
512,4096,4,16384,622.944
512,4096,8,16,176.355
512,4096,8,32,178.168
512,4096,8,64,178.008
512,4096,8,128,189.304
512,4096,8,256,202.82
512,4096,8,512,227.513
512,4096,8,1024,267.973
512,4096,8,2048,274.341
512,4096,8,4096,281.67
512,4096,8,8192,505.63
512,4096,8,16384,985.917
512,4096,16,16,199.438
512,4096,16,32,200.451
512,4096,16,64,200.068
512,4096,16,128,222.339
512,4096,16,256,246.009
512,4096,16,512,267.856
512,4096,16,1024,294.522
512,4096,16,2048,345.797
512,4096,16,4096,409.799
512,4096,16,8192,792.74
512,4096,16,16384,1443.96
512,4096,32,16,244.484
512,4096,32,32,246.756
512,4096,32,64,247.705
512,4096,32,128,270.404
512,4096,32,256,284.677
512,4096,32,512,313.328
512,4096,32,1024,361.478
512,4096,32,2048,493.716
512,4096,32,4096,734.061
512,4096,32,8192,1562.38
512,4096,32,16384,2986.87
512,4096,64,16,290.405
512,4096,64,32,292.272
512,4096,64,64,294.128
512,4096,64,128,317.541
512,4096,64,256,348.923
512,4096,64,512,412.21
512,4096,64,1024,535.327
512,4096,64,2048,856.175
512,4096,64,4096,1598.9
512,4096,64,8192,3128.97
512,4096,64,16384,6169.43
512,4096,128,16,357.735
512,4096,128,32,358.258
512,4096,128,64,362.502
512,4096,128,128,421.672
512,4096,128,256,480.104
512,4096,128,512,594.848
512,4096,128,1024,864.634
512,4096,128,2048,1607.92
512,4096,128,4096,3137.69
512,4096,128,8192,6210.7
512,4096,128,16384,12190.7
512,8192,0,0,268.08
512,8192,1,16,270.479
512,8192,1,32,271.194
512,8192,1,64,270.415
512,8192,1,128,275.259
512,8192,1,256,279.109
512,8192,1,512,284.197
512,8192,1,1024,299.877
512,8192,1,2048,328.369
512,8192,1,4096,385.703
512,8192,1,8192,500.947
512,8192,1,16384,733.72
512,8192,2,16,276.816
512,8192,2,32,276.666
512,8192,2,64,277.221
512,8192,2,128,283.834
512,8192,2,256,289.872
512,8192,2,512,304.261
512,8192,2,1024,332.987
512,8192,2,2048,389.693
512,8192,2,4096,500.584
512,8192,2,8192,506.856
512,8192,2,16384,739.703
512,8192,4,16,282.416
512,8192,4,32,281.445
512,8192,4,64,281.317
512,8192,4,128,288.176
512,8192,4,256,296.261
512,8192,4,512,309.424
512,8192,4,1024,339.185
512,8192,4,2048,398.012
512,8192,4,4096,496.862
512,8192,4,8192,505.812
512,8192,4,16384,743.202
512,8192,8,16,293.669
512,8192,8,32,294.117
512,8192,8,64,294.021
512,8192,8,128,308.293
512,8192,8,256,318.576
512,8192,8,512,343.921
512,8192,8,1024,385.426
512,8192,8,2048,472.115
512,8192,8,4096,499.39
512,8192,8,8192,516.724
512,8192,8,16384,987.335
512,8192,16,16,315.771
512,8192,16,32,315.238
512,8192,16,64,315.611
512,8192,16,128,337.904
512,8192,16,256,362.609
512,8192,16,512,407.89
512,8192,16,1024,495.347
512,8192,16,2048,529.108
512,8192,16,4096,639.745
512,8192,16,8192,770.617
512,8192,16,16384,1546.03
512,8192,32,16,360.614
512,8192,32,32,363.303
512,8192,32,64,365.639
512,8192,32,128,402.13
512,8192,32,256,447.837
512,8192,32,512,503.124
512,8192,32,1024,546.292
512,8192,32,2048,649.099
512,8192,32,4096,921.541
512,8192,32,8192,1505.36
512,8192,32,16384,3093.81
512,8192,64,16,453.225
512,8192,64,32,456.338
512,8192,64,64,459.208
512,8192,64,128,509.64
512,8192,64,256,539.296
512,8192,64,512,598.261
512,8192,64,1024,721.953
512,8192,64,2048,985.489
512,8192,64,4096,1662.06
512,8192,64,8192,3208.74
512,8192,64,16384,6201.15
512,8192,128,16,545.684
512,8192,128,32,552.233
512,8192,128,64,550.697
512,8192,128,128,605.782
512,8192,128,256,665.558
512,8192,128,512,790.051
512,8192,128,1024,1040.45
512,8192,128,2048,1649.12
512,8192,128,4096,3166.87
512,8192,128,8192,6245.37
512,8192,128,16384,12282.5
512,16384,0,0,502.889
512,16384,1,16,508.457
512,16384,1,32,508.34
512,16384,1,64,507.102
512,16384,1,128,507.881
512,16384,1,256,514.281
512,16384,1,512,520.927
512,16384,1,1024,534.164
512,16384,1,2048,562.505
512,16384,1,4096,622.155
512,16384,1,8192,742.156
512,16384,1,16384,976.508
512,16384,2,16,511.283
512,16384,2,32,511.198
512,16384,2,64,509.299
512,16384,2,128,519.519
512,16384,2,256,526.11
512,16384,2,512,539.07
512,16384,2,1024,567.764
512,16384,2,2048,623.872
512,16384,2,4096,752.876
512,16384,2,8192,987.12
512,16384,2,16384,983.9
512,16384,4,16,515.592
512,16384,4,32,516.35
512,16384,4,64,518.355
512,16384,4,128,525.385
512,16384,4,256,529.47
512,16384,4,512,544.436
512,16384,4,1024,570.591
512,16384,4,2048,632.832
512,16384,4,4096,751.042
512,16384,4,8192,970.949
512,16384,4,16384,985.009
512,16384,8,16,529.29
512,16384,8,32,529.172
512,16384,8,64,528.052
512,16384,8,128,539.519
512,16384,8,256,553.578
512,16384,8,512,575.979
512,16384,8,1024,621.185
512,16384,8,2048,707.842
512,16384,8,4096,883.109
512,16384,8,8192,976.475
512,16384,8,16384,991.825
512,16384,16,16,547.71
512,16384,16,32,549.855
512,16384,16,64,549.161
512,16384,16,128,569.173
512,16384,16,256,593.536
512,16384,16,512,643.915
512,16384,16,1024,732.898
512,16384,16,2048,908.688
512,16384,16,4096,999.356
512,16384,16,8192,1233.33
512,16384,16,16384,1513.31
512,16384,32,16,592.948
512,16384,32,32,595.05
512,16384,32,64,599.423
512,16384,32,128,635.103
512,16384,32,256,680.48
512,16384,32,512,765.069
512,16384,32,1024,934.81
512,16384,32,2048,1056.22
512,16384,32,4096,1253.85
512,16384,32,8192,1810.87
512,16384,32,16384,3020.46
512,16384,64,16,686.166
512,16384,64,32,685.782
512,16384,64,64,692.15
512,16384,64,128,769.677
512,16384,64,256,856.463
512,16384,64,512,987.408
512,16384,64,1024,1104.21
512,16384,64,2048,1358.22
512,16384,64,4096,1920.11
512,16384,64,8192,3261.81
512,16384,64,16384,6282.31
512,16384,128,16,873.242
512,16384,128,32,880.217
512,16384,128,64,886.415
512,16384,128,128,995.75
512,16384,128,256,1054.07
512,16384,128,512,1165.64
512,16384,128,1024,1412.67
512,16384,128,2048,1968.84
512,16384,128,4096,3240.45
512,16384,128,8192,6263.52
512,16384,128,16384,12337.9
1024,0,0,0,73.249
1024,0,1,16,73.751
1024,0,1,32,73.7087
1024,0,1,64,73.6553
1024,0,1,128,74.487
1024,0,1,256,74.3583
1024,0,1,512,75.468
1024,0,1,1024,80.8973
1024,0,1,2048,108.791
1024,0,1,4096,165.23
1024,0,1,8192,279.514
1024,0,1,16384,507.187
1024,0,2,16,74.593
1024,0,2,32,75.0623
1024,0,2,64,75.233
1024,0,2,128,77.0463
1024,0,2,256,77.4623
1024,0,2,512,77.6437
1024,0,2,1024,85.3037
1024,0,2,2048,115.863
1024,0,2,4096,172.27
1024,0,2,8192,286.789
1024,0,2,16384,516.191
1024,0,4,16,78.5823
1024,0,4,32,78.3487
1024,0,4,64,78.5937
1024,0,4,128,80.4813
1024,0,4,256,81.655
1024,0,4,512,85.0783
1024,0,4,1024,96.7477
1024,0,4,2048,132.087
1024,0,4,4096,188.387
1024,0,4,8192,303.269
1024,0,4,16384,531.615
1024,0,8,16,84.7483
1024,0,8,32,85.6867
1024,0,8,64,85.3983
1024,0,8,128,88.802
1024,0,8,256,91.607
1024,0,8,512,97.6123
1024,0,8,1024,118.968
1024,0,8,2048,165.72
1024,0,8,4096,277.402
1024,0,8,8192,434.29
1024,0,8,16384,690.572
1024,0,16,16,98.3263
1024,0,16,32,98.4017
1024,0,16,64,99.042
1024,0,16,128,104.993
1024,0,16,256,111.298
1024,0,16,512,122.508
1024,0,16,1024,161.411
1024,0,16,2048,241.669
1024,0,16,4096,430.013
1024,0,16,8192,752.365
1024,0,16,16384,1377.08
1024,0,32,16,122.776
1024,0,32,32,123.191
1024,0,32,64,123.383
1024,0,32,128,135.714
1024,0,32,256,148.088
1024,0,32,512,179.001
1024,0,32,1024,257.839
1024,0,32,2048,443.314
1024,0,32,4096,816.11
1024,0,32,8192,1549.52
1024,0,32,16384,3004.67
1024,0,64,16,170.243
1024,0,64,32,171.171
1024,0,64,64,171.928
1024,0,64,128,196.003
1024,0,64,256,230.884
1024,0,64,512,299.727
1024,0,64,1024,465.106
1024,0,64,2048,841.336
1024,0,64,4096,1597.1
1024,0,64,8192,3103.24
1024,0,64,16384,6145.36
1024,0,128,16,267.088
1024,0,128,32,269.145
1024,0,128,64,271.908
1024,0,128,128,335.568
1024,0,128,256,400.882
1024,0,128,512,531.091
1024,0,128,1024,844.26
1024,0,128,2048,1587.73
1024,0,128,4096,3098.46
1024,0,128,8192,6128.12
1024,0,128,16384,12169.5
1024,16,0,0,78.1877
1024,16,1,16,80.0437
1024,16,1,32,79.905
1024,16,1,64,79.7773
1024,16,1,128,80.1933
1024,16,1,256,80.748
1024,16,1,512,82.071
1024,16,1,1024,82.4017
1024,16,1,2048,111.682
1024,16,1,4096,168.27
1024,16,1,8192,281.573
1024,16,1,16384,507.945
1024,16,2,16,80.8863
1024,16,2,32,80.556
1024,16,2,64,81.3557
1024,16,2,128,82.1027
1024,16,2,256,82.465
1024,16,2,512,84.0553
1024,16,2,1024,87.5747
1024,16,2,2048,119.33
1024,16,2,4096,175.736
1024,16,2,8192,289.007
1024,16,2,16384,516.819
1024,16,4,16,84.012
1024,16,4,32,84.1827
1024,16,4,64,84.577
1024,16,4,128,85.8467
1024,16,4,256,87.1693
1024,16,4,512,90.753
1024,16,4,1024,100.172
1024,16,4,2048,136.675
1024,16,4,4096,193.006
1024,16,4,8192,308.122
1024,16,4,16384,535.775
1024,16,8,16,90.817
1024,16,8,32,90.892
1024,16,8,64,90.583
1024,16,8,128,93.8363
1024,16,8,256,97.7937
1024,16,8,512,103.596
1024,16,8,1024,122.146
1024,16,8,2048,170.083
1024,16,8,4096,277.807
1024,16,8,8192,447.186
1024,16,8,16384,703.787
1024,16,16,16,103.895
1024,16,16,32,104.108
1024,16,16,64,104.033
1024,16,16,128,110.221
1024,16,16,256,116.696
1024,16,16,512,128.343
1024,16,16,1024,164.537
1024,16,16,2048,245.188
1024,16,16,4096,434.973
1024,16,16,8192,762.476
1024,16,16,16384,1405.01
1024,16,32,16,128.055
1024,16,32,32,129.239
1024,16,32,64,129.186
1024,16,32,128,141.101
1024,16,32,256,153.186
1024,16,32,512,182.85
1024,16,32,1024,260.325
1024,16,32,2048,444.455
1024,16,32,4096,823.885
1024,16,32,8192,1554.9
1024,16,32,16384,3018.14
1024,16,64,16,175.725
1024,16,64,32,177.272
1024,16,64,64,177.944
1024,16,64,128,201.87
1024,16,64,256,234.169
1024,16,64,512,302.874
1024,16,64,1024,468.679
1024,16,64,2048,842.722
1024,16,64,4096,1595.82
1024,16,64,8192,3097
1024,16,64,16384,6142.6
1024,16,128,16,270.287
1024,16,128,32,272.644
1024,16,128,64,275.428
1024,16,128,128,338.971
1024,16,128,256,404.22
1024,16,128,512,535.401
1024,16,128,1024,847.204
1024,16,128,2048,1588.92
1024,16,128,4096,3096.5
1024,16,128,8192,6135.19
1024,16,128,16384,12152.8
1024,32,0,0,77.7503
1024,32,1,16,79.7667
1024,32,1,32,80.076
1024,32,1,64,79.9053
1024,32,1,128,80.897
1024,32,1,256,80.961
1024,32,1,512,81.452
1024,32,1,1024,83.4783
1024,32,1,2048,111.65
1024,32,1,4096,167.971
1024,32,1,8192,280.612
1024,32,1,16384,507.4
1024,32,2,16,80.8973
1024,32,2,32,81.2277
1024,32,2,64,81.0997
1024,32,2,128,82.3693
1024,32,2,256,83.2227
1024,32,2,512,84.162
1024,32,2,1024,87.8527
1024,32,2,2048,119.256
1024,32,2,4096,176.131
1024,32,2,8192,288.463
1024,32,2,16384,516.606
1024,32,4,16,83.777
1024,32,4,32,83.4683
1024,32,4,64,83.436
1024,32,4,128,86.0597
1024,32,4,256,87.2763
1024,32,4,512,91.1163
1024,32,4,1024,100.439
1024,32,4,2048,136.898
1024,32,4,4096,193.347
1024,32,4,8192,307.429
1024,32,4,16384,537.011
1024,32,8,16,90.625
1024,32,8,32,91.116
1024,32,8,64,91.383
1024,32,8,128,94.38
1024,32,8,256,97.9853
1024,32,8,512,104.14
1024,32,8,1024,122.178
1024,32,8,2048,169.902
1024,32,8,4096,277.924
1024,32,8,8192,451.762
1024,32,8,16384,706.08
1024,32,16,16,104.066
1024,32,16,32,104.14
1024,32,16,64,104.204
1024,32,16,128,111.33
1024,32,16,256,117.144
1024,32,16,512,128.739
1024,32,16,1024,164.899
1024,32,16,2048,245.667
1024,32,16,4096,434.386
1024,32,16,8192,761.056
1024,32,16,16384,1399.92
1024,32,32,16,128.215
1024,32,32,32,129.176
1024,32,32,64,129.389
1024,32,32,128,141.538
1024,32,32,256,153.719
1024,32,32,512,183.085
1024,32,32,1024,259.28
1024,32,32,2048,445.852
1024,32,32,4096,821.036
1024,32,32,8192,1555.32
1024,32,32,16384,3020.39
1024,32,64,16,176.248
1024,32,64,32,177.09
1024,32,64,64,177.773
1024,32,64,128,202.062
1024,32,64,256,233.999
1024,32,64,512,302.821
1024,32,64,1024,467.709
1024,32,64,2048,844.098
1024,32,64,4096,1594.98
1024,32,64,8192,3109.38
1024,32,64,16384,6151.98
1024,32,128,16,270.468
1024,32,128,32,272.698
1024,32,128,64,275.738
1024,32,128,128,338.683
1024,32,128,256,404.39
1024,32,128,512,534.579
1024,32,128,1024,847.341
1024,32,128,2048,1590.62
1024,32,128,4096,3100.26
1024,32,128,8192,6145.57
1024,32,128,16384,12176.9
1024,64,0,0,78.796
1024,64,1,16,80.7157
1024,64,1,32,80.2357
1024,64,1,64,80.5557
1024,64,1,128,80.6417
1024,64,1,256,80.4597
1024,64,1,512,81.697
1024,64,1,1024,82.903
1024,64,1,2048,111.703
1024,64,1,4096,168.355
1024,64,1,8192,281.572
1024,64,1,16384,508.605
1024,64,2,16,81.5167
1024,64,2,32,81.6973
1024,64,2,64,81.3773
1024,64,2,128,82.0387
1024,64,2,256,82.7327
1024,64,2,512,85.164
1024,64,2,1024,88.044
1024,64,2,2048,119.586
1024,64,2,4096,175.694
1024,64,2,8192,289.541
1024,64,2,16384,515.475
1024,64,4,16,83.9263
1024,64,4,32,83.5647
1024,64,4,64,83.8943
1024,64,4,128,86.1023
1024,64,4,256,87.0737
1024,64,4,512,91.4683
1024,64,4,1024,100.471
1024,64,4,2048,136.642
1024,64,4,4096,193.613
1024,64,4,8192,309.488
1024,64,4,16384,537.384
1024,64,8,16,90.977
1024,64,8,32,91.084
1024,64,8,64,90.8173
1024,64,8,128,94.5723
1024,64,8,256,98.1673
1024,64,8,512,104.002
1024,64,8,1024,122.168
1024,64,8,2048,170.381
1024,64,8,4096,277.743
1024,64,8,8192,448.134
1024,64,8,16384,702.677
1024,64,16,16,103.905
1024,64,16,32,104.204
1024,64,16,64,104.567
1024,64,16,128,111.234
1024,64,16,256,117.037
1024,64,16,512,129.005
1024,64,16,1024,164.642
1024,64,16,2048,246.425
1024,64,16,4096,436.999
1024,64,16,8192,761.377
1024,64,16,16384,1409.74
1024,64,32,16,128.727
1024,64,32,32,129.325
1024,64,32,64,129.751
1024,64,32,128,141.624
1024,64,32,256,153.709
1024,64,32,512,183.298
1024,64,32,1024,260.431
1024,64,32,2048,444.188
1024,64,32,4096,822.593
1024,64,32,8192,1556.3
1024,64,32,16384,3031.01
1024,64,64,16,176.269
1024,64,64,32,176.611
1024,64,64,64,177.901
1024,64,64,128,201.891
1024,64,64,256,234.574
1024,64,64,512,302.927
1024,64,64,1024,467.719
1024,64,64,2048,846.199
1024,64,64,4096,1596.47
1024,64,64,8192,3104.58
1024,64,64,16384,6127.15
1024,64,128,16,270.307
1024,64,128,32,272.804
1024,64,128,64,275.62
1024,64,128,128,338.79
1024,64,128,256,404.464
1024,64,128,512,535.325
1024,64,128,1024,847.309
1024,64,128,2048,1591.8
1024,64,128,4096,3103.27
1024,64,128,8192,6120.82
1024,64,128,16384,12170.8
1024,128,0,0,81.047
1024,128,1,16,82.5187
1024,128,1,32,82.721
1024,128,1,64,83.0197
1024,128,1,128,83.0197
1024,128,1,256,84.311
1024,128,1,512,85.633
1024,128,1,1024,86.4013
1024,128,1,2048,114.508
1024,128,1,4096,171.608
1024,128,1,8192,285.177
1024,128,1,16384,511.955
1024,128,2,16,84.0543
1024,128,2,32,84.5983
1024,128,2,64,84.1507
1024,128,2,128,84.609
1024,128,2,256,85.836
1024,128,2,512,88.225
1024,128,2,1024,91.9373
1024,128,2,2048,123.159
1024,128,2,4096,180.216
1024,128,2,8192,294.074
1024,128,2,16384,521.48
1024,128,4,16,86.7533
1024,128,4,32,86.7743
1024,128,4,64,87.009
1024,128,4,128,89.3237
1024,128,4,256,91.6603
1024,128,4,512,94.8387
1024,128,4,1024,104.002
1024,128,4,2048,141.602
1024,128,4,4096,198.328
1024,128,4,8192,312.047
1024,128,4,16384,541.481
1024,128,8,16,93.751
1024,128,8,32,94.3907
1024,128,8,64,94.1887
1024,128,8,128,98.0713
1024,128,8,256,101.111
1024,128,8,512,107.575
1024,128,8,1024,124.92
1024,128,8,2048,173.805
1024,128,8,4096,280.559
1024,128,8,8192,458.705
1024,128,8,16384,716.023
1024,128,16,16,107.383
1024,128,16,32,107.575
1024,128,16,64,107.618
1024,128,16,128,114.305
1024,128,16,256,120.45
1024,128,16,512,132.482
1024,128,16,1024,167.576
1024,128,16,2048,252.814
1024,128,16,4096,441.212
1024,128,16,8192,767.852
1024,128,16,16384,1405.32
1024,128,32,16,131.895
1024,128,32,32,132.163
1024,128,32,64,133.165
1024,128,32,128,144.962
1024,128,32,256,157.645
1024,128,32,512,186.178
1024,128,32,1024,263.428
1024,128,32,2048,447.186
1024,128,32,4096,826.476
1024,128,32,8192,1573.05
1024,128,32,16384,3036.58
1024,128,64,16,179.736
1024,128,64,32,180.462
1024,128,64,64,181.304
1024,128,64,128,205.657
1024,128,64,256,238.137
1024,128,64,512,306.863
1024,128,64,1024,469.799
1024,128,64,2048,845.869
1024,128,64,4096,1596.96
1024,128,64,8192,3102.27
1024,128,64,16384,6146.88
1024,128,128,16,274.02
1024,128,128,32,276.335
1024,128,128,64,279.237
1024,128,128,128,342.736
1024,128,128,256,407.953
1024,128,128,512,538.227
1024,128,128,1024,849.303
1024,128,128,2048,1593.2
1024,128,128,4096,3098.14
1024,128,128,8192,6150.42
1024,128,128,16384,12167.1
1024,256,0,0,91.0623
1024,256,1,16,93.0143
1024,256,1,32,93.804
1024,256,1,64,92.801
1024,256,1,128,93.068
1024,256,1,256,93.0893
1024,256,1,512,93.0037
1024,256,1,1024,93.4843
1024,256,1,2048,119.863
1024,256,1,4096,176.898
1024,256,1,8192,289.412
1024,256,1,16384,516.53
1024,256,2,16,93.004
1024,256,2,32,92.727
1024,256,2,64,92.6843
1024,256,2,128,92.6203
1024,256,2,256,95.212
1024,256,2,512,97.996
1024,256,2,1024,100.546
1024,256,2,2048,130.594
1024,256,2,4096,187.725
1024,256,2,8192,301.402
1024,256,2,16384,527.346
1024,256,4,16,95.5113
1024,256,4,32,95.383
1024,256,4,64,95.8313
1024,256,4,128,98.6783
1024,256,4,256,100.93
1024,256,4,512,102.818
1024,256,4,1024,111.063
1024,256,4,2048,145.762
1024,256,4,4096,207.16
1024,256,4,8192,319.92
1024,256,4,16384,550.312
1024,256,8,16,102.956
1024,256,8,32,103.564
1024,256,8,64,103.383
1024,256,8,128,107.01
1024,256,8,256,110.509
1024,256,8,512,116.738
1024,256,8,1024,130.573
1024,256,8,2048,182.317
1024,256,8,4096,281.413
1024,256,8,8192,480.594
1024,256,8,16384,740.971
1024,256,16,16,116.322
1024,256,16,32,116.706
1024,256,16,64,116.833
1024,256,16,128,123.362
1024,256,16,256,129.442
1024,256,16,512,141.762
1024,256,16,1024,172.877
1024,256,16,2048,260.751
1024,256,16,4096,443.548
1024,256,16,8192,775.019
1024,256,16,16384,1431.63
1024,256,32,16,141.272
1024,256,32,32,141.56
1024,256,32,64,142.178
1024,256,32,128,154.2
1024,256,32,256,167.139
1024,256,32,512,192.909
1024,256,32,1024,269.7
1024,256,32,2048,450.236
1024,256,32,4096,833.282
1024,256,32,8192,1577.57
1024,256,32,16384,3064.95
1024,256,64,16,188.931
1024,256,64,32,189.88
1024,256,64,64,190.755
1024,256,64,128,215.193
1024,256,64,256,244.388
1024,256,64,512,312.996
1024,256,64,1024,475.484
1024,256,64,2048,849.922
1024,256,64,4096,1600.15
1024,256,64,8192,3100.28
1024,256,64,16384,6147.75
1024,256,128,16,281.956
1024,256,128,32,284.207
1024,256,128,64,286.671
1024,256,128,128,349.893
1024,256,128,256,415.227
1024,256,128,512,545.181
1024,256,128,1024,855.757
1024,256,128,2048,1595.16
1024,256,128,4096,3106.84
1024,256,128,8192,6132.74
1024,256,128,16384,12170.9
1024,512,0,0,108.513
1024,512,1,16,109.239
1024,512,1,32,109.271
1024,512,1,64,109.506
1024,512,1,128,109.356
1024,512,1,256,109.036
1024,512,1,512,111.916
1024,512,1,1024,113.954
1024,512,1,2048,135.096
1024,512,1,4096,191.704
1024,512,1,8192,304.527
1024,512,1,16384,530.738
1024,512,2,16,110.402
1024,512,2,32,110.476
1024,512,2,64,110.423
1024,512,2,128,113.004
1024,512,2,256,114.125
1024,512,2,512,117.314
1024,512,2,1024,121.239
1024,512,2,2048,143.81
1024,512,2,4096,202.147
1024,512,2,8192,315.535
1024,512,2,16384,543.133
1024,512,4,16,113.207
1024,512,4,32,113.431
1024,512,4,64,113.378
1024,512,4,128,115.927
1024,512,4,256,119.479
1024,512,4,512,122.743
1024,512,4,1024,129.506
1024,512,4,2048,158.669
1024,512,4,4096,226.232
1024,512,4,8192,339.216
1024,512,4,16384,567.336
1024,512,8,16,120.194
1024,512,8,32,120.343
1024,512,8,64,120.855
1024,512,8,128,125.922
1024,512,8,256,128.226
1024,512,8,512,135.138
1024,512,8,1024,144.535
1024,512,8,2048,193.614
1024,512,8,4096,299.813
1024,512,8,8192,518.866
1024,512,8,16384,800.332
1024,512,16,16,133.463
1024,512,16,32,133.688
1024,512,16,64,134.679
1024,512,16,128,140.642
1024,512,16,256,147.65
1024,512,16,512,159.97
1024,512,16,1024,184.867
1024,512,16,2048,273.081
1024,512,16,4096,452.466
1024,512,16,8192,807.457
1024,512,16,16384,1455.45
1024,512,32,16,159.362
1024,512,32,32,159.33
1024,512,32,64,160.461
1024,512,32,128,172.131
1024,512,32,256,185.709
1024,512,32,512,211.021
1024,512,32,1024,282.884
1024,512,32,2048,455.932
1024,512,32,4096,840.14
1024,512,32,8192,1603.97
1024,512,32,16384,3094.58
1024,512,64,16,207.416
1024,512,64,32,208.472
1024,512,64,64,209.08
1024,512,64,128,233.763
1024,512,64,256,262.255
1024,512,64,512,327.151
1024,512,64,1024,482.951
1024,512,64,2048,853.623
1024,512,64,4096,1604.53
1024,512,64,8192,3106.96
1024,512,64,16384,6133.56
1024,512,128,16,301.007
1024,512,128,32,303.151
1024,512,128,64,305.967
1024,512,128,128,364.09
1024,512,128,256,429.233
1024,512,128,512,559.176
1024,512,128,1024,865.719
1024,512,128,2048,1603.03
1024,512,128,4096,3108.33
1024,512,128,8192,6125.78
1024,512,128,16384,12170.8
1024,1024,0,0,136.62
1024,1024,1,16,144.557
1024,1024,1,32,143.628
1024,1024,1,64,144.077
1024,1024,1,128,149.069
1024,1024,1,256,148.482
1024,1024,1,512,152.119
1024,1024,1,1024,155.063
1024,1024,1,2048,160.717
1024,1024,1,4096,220.611
1024,1024,1,8192,333.669
1024,1024,1,16384,560.424
1024,1024,2,16,143.97
1024,1024,2,32,144.077
1024,1024,2,64,144.311
1024,1024,2,128,148.759
1024,1024,2,256,149.676
1024,1024,2,512,155.671
1024,1024,2,1024,160.269
1024,1024,2,2048,171.458
1024,1024,2,4096,231.524
1024,1024,2,8192,344.272
1024,1024,2,16384,571.709
1024,1024,4,16,147.469
1024,1024,4,32,147.938
1024,1024,4,64,147.831
1024,1024,4,128,152.247
1024,1024,4,256,155.277
1024,1024,4,512,159.106
1024,1024,4,1024,166.104
1024,1024,4,2048,187.341
1024,1024,4,4096,263.278
1024,1024,4,8192,382.629
1024,1024,4,16384,622.366
1024,1024,8,16,153.901
1024,1024,8,32,154.509
1024,1024,8,64,154.775
1024,1024,8,128,160.247
1024,1024,8,256,167.959
1024,1024,8,512,171.351
1024,1024,8,1024,180.963
1024,1024,8,2048,220.792
1024,1024,8,4096,320.794
1024,1024,8,8192,523.165
1024,1024,8,16384,873.783
1024,1024,16,16,169.111
1024,1024,16,32,169.389
1024,1024,16,64,169.656
1024,1024,16,128,177.751
1024,1024,16,256,185.538
1024,1024,16,512,197.059
1024,1024,16,1024,222.19
1024,1024,16,2048,290.351
1024,1024,16,4096,472.273
1024,1024,16,8192,850.625
1024,1024,16,16384,1499.79
1024,1024,32,16,194.894
1024,1024,32,32,194.979
1024,1024,32,64,195.277
1024,1024,32,128,207.971
1024,1024,32,256,221.87
1024,1024,32,512,250.702
1024,1024,32,1024,309.892
1024,1024,32,2048,467.975
1024,1024,32,4096,860.194
1024,1024,32,8192,1616.26
1024,1024,32,16384,3125.49
1024,1024,64,16,243.427
1024,1024,64,32,244.793
1024,1024,64,64,244.739
1024,1024,64,128,270.681
1024,1024,64,256,300.527
1024,1024,64,512,355.098
1024,1024,64,1024,498.236
1024,1024,64,2048,862.306
1024,1024,64,4096,1617.05
1024,1024,64,8192,3122.94
1024,1024,64,16384,6132.85
1024,1024,128,16,338.159
1024,1024,128,32,339.599
1024,1024,128,64,343.258
1024,1024,128,128,396.411
1024,1024,128,256,457.457
1024,1024,128,512,587.741
1024,1024,128,1024,882.252
1024,1024,128,2048,1614.83
1024,1024,128,4096,3125.07
1024,1024,128,8192,6130.89
1024,1024,128,16384,12160.4
1024,2048,0,0,194.2
1024,2048,1,16,201.57
1024,2048,1,32,200.909
1024,2048,1,64,201.347
1024,2048,1,128,204.695
1024,2048,1,256,207.693
1024,2048,1,512,215.459
1024,2048,1,1024,231.682
1024,2048,1,2048,239.875
1024,2048,1,4096,275.385
1024,2048,1,8192,393.104
1024,2048,1,16384,621.097
1024,2048,2,16,200.866
1024,2048,2,32,201.347
1024,2048,2,64,199.971
1024,2048,2,128,204.376
1024,2048,2,256,208.611
1024,2048,2,512,216.739
1024,2048,2,1024,230.596
1024,2048,2,2048,244.729
1024,2048,2,4096,289.007
1024,2048,2,8192,401.498
1024,2048,2,16384,634.408
1024,2048,4,16,204.056
1024,2048,4,32,204.419
1024,2048,4,64,205.432
1024,2048,4,128,208.237
1024,2048,4,256,215.053
1024,2048,4,512,229.112
1024,2048,4,1024,239.939
1024,2048,4,2048,251.662
1024,2048,4,4096,301.796
1024,2048,4,8192,447.227
1024,2048,4,16384,685.033
1024,2048,8,16,211.309
1024,2048,8,32,211.32
1024,2048,8,64,211.693
1024,2048,8,128,220.579
1024,2048,8,256,231.416
1024,2048,8,512,245.976
1024,2048,8,1024,257.454
1024,2048,8,2048,268.036
1024,2048,8,4096,377.584
1024,2048,8,8192,588.722
1024,2048,8,16384,1010.89
1024,2048,16,16,230.233
1024,2048,16,32,229.87
1024,2048,16,64,229.72
1024,2048,16,128,244.067
1024,2048,16,256,255.139
1024,2048,16,512,272.398
1024,2048,16,1024,295.886
1024,2048,16,2048,347.078
1024,2048,16,4096,515.697
1024,2048,16,8192,874.241
1024,2048,16,16384,1574.88
1024,2048,32,16,263.929
1024,2048,32,32,264.835
1024,2048,32,64,264.622
1024,2048,32,128,279.438
1024,2048,32,256,293.806
1024,2048,32,512,323.407
1024,2048,32,1024,382.107
1024,2048,32,2048,519.527
1024,2048,32,4096,872.919
1024,2048,32,8192,1649.77
1024,2048,32,16384,3160.8
1024,2048,64,16,314.106
1024,2048,64,32,315.77
1024,2048,64,64,316.154
1024,2048,64,128,342.031
1024,2048,64,256,372.827
1024,2048,64,512,428.944
1024,2048,64,1024,548.499
1024,2048,64,2048,883.831
1024,2048,64,4096,1636.03
1024,2048,64,8192,3146.3
1024,2048,64,16384,6157.54
1024,2048,128,16,411.088
1024,2048,128,32,414.363
1024,2048,128,64,417.286
1024,2048,128,128,470.865
1024,2048,128,256,527.144
1024,2048,128,512,642.462
1024,2048,128,1024,930.338
1024,2048,128,2048,1634.71
1024,2048,128,4096,3146.92
1024,2048,128,8192,6158.67
1024,2048,128,16384,12192.1
1024,4096,0,0,308.346
1024,4096,1,16,315.599
1024,4096,1,32,314.457
1024,4096,1,64,314.287
1024,4096,1,128,317.925
1024,4096,1,256,323.342
1024,4096,1,512,329.039
1024,4096,1,1024,344.079
1024,4096,1,2048,375.343
1024,4096,1,4096,411.109
1024,4096,1,8192,508.528
1024,4096,1,16384,746.421
1024,4096,2,16,314.233
1024,4096,2,32,314.959
1024,4096,2,64,315.545
1024,4096,2,128,318.297
1024,4096,2,256,321.796
1024,4096,2,512,329.327
1024,4096,2,1024,344.74
1024,4096,2,2048,375.429
1024,4096,2,4096,415.589
1024,4096,2,8192,519.826
1024,4096,2,16384,750.869
1024,4096,4,16,318.063
1024,4096,4,32,318.511
1024,4096,4,64,318.628
1024,4096,4,128,323.044
1024,4096,4,256,328.41
1024,4096,4,512,341.914
1024,4096,4,1024,371.567
1024,4096,4,2048,412.143
1024,4096,4,4096,422.576
1024,4096,4,8192,529.799
1024,4096,4,16384,796.628
1024,4096,8,16,323.844
1024,4096,8,32,325.189
1024,4096,8,64,325.871
1024,4096,8,128,333.785
1024,4096,8,256,343.993
1024,4096,8,512,364.794
1024,4096,8,1024,411.994
1024,4096,8,2048,428.399
1024,4096,8,4096,440.305
1024,4096,8,8192,662.269
1024,4096,8,16384,1084.26
1024,4096,16,16,342.746
1024,4096,16,32,343.695
1024,4096,16,64,342.884
1024,4096,16,128,358.522
1024,4096,16,256,374.16
1024,4096,16,512,407.494
1024,4096,16,1024,444.166
1024,4096,16,2048,496.871
1024,4096,16,4096,585.373
1024,4096,16,8192,964.952
1024,4096,16,16384,1678.34
1024,4096,32,16,380.794
1024,4096,32,32,382.181
1024,4096,32,64,381.755
1024,4096,32,128,408.453
1024,4096,32,256,435.58
1024,4096,32,512,464.902
1024,4096,32,1024,523.175
1024,4096,32,2048,621.267
1024,4096,32,4096,928.929
1024,4096,32,8192,1698.83
1024,4096,32,16384,3223.21
1024,4096,64,16,455.782
1024,4096,64,32,455.057
1024,4096,64,64,457.489
1024,4096,64,128,485.649
1024,4096,64,256,516.231
1024,4096,64,512,573.202
1024,4096,64,1024,688.863
1024,4096,64,2048,944.951
1024,4096,64,4096,1681.57
1024,4096,64,8192,3204.37
1024,4096,64,16384,6191.34
1024,4096,128,16,556.456
1024,4096,128,32,557.939
1024,4096,128,64,562.013
1024,4096,128,128,615.688
1024,4096,128,256,670.473
1024,4096,128,512,781.92
1024,4096,128,1024,1018.54
1024,4096,128,2048,1679.29
1024,4096,128,4096,3195.15
1024,4096,128,8192,6222.56
1024,4096,128,16384,12243.8
1024,8192,0,0,534.876
1024,8192,1,16,543.325
1024,8192,1,32,540.444
1024,8192,1,64,541.446
1024,8192,1,128,546.12
1024,8192,1,256,548.53
1024,8192,1,512,555.036
1024,8192,1,1024,570.141
1024,8192,1,2048,599.038
1024,8192,1,4096,661.63
1024,8192,1,8192,751.029
1024,8192,1,16384,975.373
1024,8192,2,16,541.468
1024,8192,2,32,540.861
1024,8192,2,64,541.425
1024,8192,2,128,544.806
1024,8192,2,256,549.639
1024,8192,2,512,557.404
1024,8192,2,1024,571.56
1024,8192,2,2048,601.373
1024,8192,2,4096,662.857
1024,8192,2,8192,755.573
1024,8192,2,16384,980.589
1024,8192,4,16,544.871
1024,8192,4,32,544.872
1024,8192,4,64,545.095
1024,8192,4,128,547.868
1024,8192,4,256,553.522
1024,8192,4,512,567.016
1024,8192,4,1024,598.963
1024,8192,4,2048,657.833
1024,8192,4,4096,747.605
1024,8192,4,8192,765.077
1024,8192,4,16384,987.897
1024,8192,8,16,552.903
1024,8192,8,32,550.034
1024,8192,8,64,550.834
1024,8192,8,128,561.447
1024,8192,8,256,571.069
1024,8192,8,512,591.176
1024,8192,8,1024,637.64
1024,8192,8,2048,729.589
1024,8192,8,4096,768.757
1024,8192,8,8192,786.367
1024,8192,8,16384,1245.27
1024,8192,16,16,569.607
1024,8192,16,32,569.736
1024,8192,16,64,568.04
1024,8192,16,128,582.985
1024,8192,16,256,599.901
1024,8192,16,512,631.08
1024,8192,16,1024,696.65
1024,8192,16,2048,783.434
1024,8192,16,4096,902.528
1024,8192,16,8192,1055.07
1024,8192,16,16384,1870.68
1024,8192,32,16,607.368
1024,8192,32,32,607.272
1024,8192,32,64,608.52
1024,8192,32,128,634.098
1024,8192,32,256,662.92
1024,8192,32,512,722.847
1024,8192,32,1024,807.051
1024,8192,32,2048,919.628
1024,8192,32,4096,1108.54
1024,8192,32,8192,1728.84
1024,8192,32,16384,3342.66
1024,8192,64,16,686.931
1024,8192,64,32,688.105
1024,8192,64,64,689.481
1024,8192,64,128,739.093
1024,8192,64,256,793.727
1024,8192,64,512,856.619
1024,8192,64,1024,975.383
1024,8192,64,2048,1212.24
1024,8192,64,4096,1783.4
1024,8192,64,8192,3282.22
1024,8192,64,16384,6320.79
1024,8192,128,16,840.63
1024,8192,128,32,844.586
1024,8192,128,64,842.433
1024,8192,128,128,900.662
1024,8192,128,256,956.002
1024,8192,128,512,1072.52
1024,8192,128,1024,1303.95
1024,8192,128,2048,1806.32
1024,8192,128,4096,3258.61
1024,8192,128,8192,6350.03
1024,8192,128,16384,12374.9
1024,16384,0,0,989.964
1024,16384,1,16,997.602
1024,16384,1,32,997.911
1024,16384,1,64,999.854
1024,16384,1,128,1001.79
1024,16384,1,256,1006.05
1024,16384,1,512,1010.67
1024,16384,1,1024,1028.77
1024,16384,1,2048,1059.16
1024,16384,1,4096,1118.84
1024,16384,1,8192,1251.04
1024,16384,1,16384,1437.94
1024,16384,2,16,1000.07
1024,16384,2,32,997.293
1024,16384,2,64,1000.64
1024,16384,2,128,1004.81
1024,16384,2,256,1006.61
1024,16384,2,512,1013.22
1024,16384,2,1024,1028.69
1024,16384,2,2048,1058.92
1024,16384,2,4096,1122.2
1024,16384,2,8192,1244.34
1024,16384,2,16384,1444.7
1024,16384,4,16,1003.53
1024,16384,4,32,1001.38
1024,16384,4,64,1002.29
1024,16384,4,128,1006.22
1024,16384,4,256,1009.86
1024,16384,4,512,1022.24
1024,16384,4,1024,1055.27
1024,16384,4,2048,1115.28
1024,16384,4,4096,1236.02
1024,16384,4,8192,1437.29
1024,16384,4,16384,1450.18
1024,16384,8,16,1008.53
1024,16384,8,32,1008.62
1024,16384,8,64,1007.31
1024,16384,8,128,1016.48
1024,16384,8,256,1026.7
1024,16384,8,512,1048.07
1024,16384,8,1024,1094.7
1024,16384,8,2048,1188.69
1024,16384,8,4096,1373.3
1024,16384,8,8192,1452.43
1024,16384,8,16384,1520.99
1024,16384,16,16,1024.32
1024,16384,16,32,1025.2
1024,16384,16,64,1024.91
1024,16384,16,128,1040.12
1024,16384,16,256,1056.55
1024,16384,16,512,1091.31
1024,16384,16,1024,1151.21
1024,16384,16,2048,1275.77
1024,16384,16,4096,1468
1024,16384,16,8192,1705.39
1024,16384,16,16384,2029.3
1024,16384,32,16,1064.14
1024,16384,32,32,1063.71
1024,16384,32,64,1063.56
1024,16384,32,128,1092.56
1024,16384,32,256,1119.87
1024,16384,32,512,1177.86
1024,16384,32,1024,1290.5
1024,16384,32,2048,1501.55
1024,16384,32,4096,1729.79
1024,16384,32,8192,2116.93
1024,16384,32,16384,3360.09
1024,16384,64,16,1144.86
1024,16384,64,32,1148.2
1024,16384,64,64,1147.75
1024,16384,64,128,1200.14
1024,16384,64,256,1251.58
1024,16384,64,512,1356.21
1024,16384,64,1024,1543.32
1024,16384,64,2048,1792.47
1024,16384,64,4096,2262.69
1024,16384,64,8192,3511.82
1024,16384,64,16384,6410.92
1024,16384,128,16,1308.25
1024,16384,128,32,1314.53
1024,16384,128,64,1317.45
1024,16384,128,128,1412.59
1024,16384,128,256,1511.23
1024,16384,128,512,1645.3
1024,16384,128,1024,1885.16
1024,16384,128,2048,2354.43
1024,16384,128,4096,3524.05
1024,16384,128,8192,6472.33
1024,16384,128,16384,12576.1
2048,0,0,0,192.141
2048,0,1,16,194.435
2048,0,1,32,195.107
2048,0,1,64,195.693
2048,0,1,128,195.885
2048,0,1,256,196.398
2048,0,1,512,197.176
2048,0,1,1024,198.029
2048,0,1,2048,205.08
2048,0,1,4096,265.081
2048,0,1,8192,377.721
2048,0,1,16384,604.145
2048,0,2,16,198.168
2048,0,2,32,197.731
2048,0,2,64,197.656
2048,0,2,128,198.541
2048,0,2,256,199.682
2048,0,2,512,201.175
2048,0,2,1024,204.173
2048,0,2,2048,217.389
2048,0,2,4096,279.524
2048,0,2,8192,397.605
2048,0,2,16384,623.603
2048,0,4,16,202.263
2048,0,4,32,202.328
2048,0,4,64,202.605
2048,0,4,128,203.118
2048,0,4,256,205.646
2048,0,4,512,208.941
2048,0,4,1024,214.967
2048,0,4,2048,238.413
2048,0,4,4096,315.055
2048,0,4,8192,446.129
2048,0,4,16384,685.705
2048,0,8,16,212.003
2048,0,8,32,211.778
2048,0,8,64,211.117
2048,0,8,128,214.915
2048,0,8,256,218.936
2048,0,8,512,225.283
2048,0,8,1024,237.998
2048,0,8,2048,280.26
2048,0,8,4096,380.538
2048,0,8,8192,598.013
2048,0,8,16384,1056.4
2048,0,16,16,229.411
2048,0,16,32,229.998
2048,0,16,64,229.475
2048,0,16,128,237.283
2048,0,16,256,243.811
2048,0,16,512,257.977
2048,0,16,1024,282.947
2048,0,16,2048,361.423
2048,0,16,4096,534.279
2048,0,16,8192,947.543
2048,0,16,16384,1704.5
2048,0,32,16,267.875
2048,0,32,32,268.355
2048,0,32,64,268.419
2048,0,32,128,281.391
2048,0,32,256,295.993
2048,0,32,512,323.278
2048,0,32,1024,385.37
2048,0,32,2048,533.469
2048,0,32,4096,891.106
2048,0,32,8192,1660.69
2048,0,32,16384,3165.68
2048,0,64,16,344.143
2048,0,64,32,345.316
2048,0,64,64,345.786
2048,0,64,128,371.557
2048,0,64,256,400.453
2048,0,64,512,465.787
2048,0,64,1024,603.197
2048,0,64,2048,937.837
2048,0,64,4096,1697.03
2048,0,64,8192,3199.12
2048,0,64,16384,6214.36
2048,0,128,16,497.233
2048,0,128,32,499.782
2048,0,128,64,503.739
2048,0,128,128,566.226
2048,0,128,256,632.254
2048,0,128,512,761.504
2048,0,128,1024,1028.3
2048,0,128,2048,1687.32
2048,0,128,4096,3195.93
2048,0,128,8192,6200.63
2048,0,128,16384,12220.5
2048,16,0,0,201.144
2048,16,1,16,203.832
2048,16,1,32,203.502
2048,16,1,64,203.629
2048,16,1,128,204.344
2048,16,1,256,204.803
2048,16,1,512,205.72
2048,16,1,1024,208.387
2048,16,1,2048,211.704
2048,16,1,4096,271.235
2048,16,1,8192,385.786
2048,16,1,16384,611.463
2048,16,2,16,206.125
2048,16,2,32,206.051
2048,16,2,64,206.36
2048,16,2,128,206.723
2048,16,2,256,208.237
2048,16,2,512,211.651
2048,16,2,1024,212.899
2048,16,2,2048,224.376
2048,16,2,4096,286.713
2048,16,2,8192,404.826
2048,16,2,16384,631.357
2048,16,4,16,212.013
2048,16,4,32,211.715
2048,16,4,64,212.291
2048,16,4,128,212.749
2048,16,4,256,214.498
2048,16,4,512,218.348
2048,16,4,1024,225.101
2048,16,4,2048,243.608
2048,16,4,4096,321.615
2048,16,4,8192,456.304
2048,16,4,16384,694.057
2048,16,8,16,220.056
2048,16,8,32,220.312
2048,16,8,64,220.856
2048,16,8,128,224.558
2048,16,8,256,226.755
2048,16,8,512,235.246
2048,16,8,1024,247.214
2048,16,8,2048,286.467
2048,16,8,4096,388.613
2048,16,8,8192,604.167
2048,16,8,16384,1074.33
2048,16,16,16,238.937
2048,16,16,32,238.947
2048,16,16,64,239
2048,16,16,128,245.742
2048,16,16,256,253.987
2048,16,16,512,266.98
2048,16,16,1024,292.046
2048,16,16,2048,368.037
2048,16,16,4096,538.77
2048,16,16,8192,952.151
2048,16,16,16384,1706.11
2048,16,32,16,277.124
2048,16,32,32,277.102
2048,16,32,64,277.913
2048,16,32,128,289.838
2048,16,32,256,304.547
2048,16,32,512,332.452
2048,16,32,1024,391.599
2048,16,32,2048,539.933
2048,16,32,4096,894.156
2048,16,32,8192,1665.81
2048,16,32,16384,3172.07
2048,16,64,16,353.775
2048,16,64,32,353.808
2048,16,64,64,355.066
2048,16,64,128,380.069
2048,16,64,256,409.776
2048,16,64,512,472.742
2048,16,64,1024,610.504
2048,16,64,2048,942.219
2048,16,64,4096,1699.14
2048,16,64,8192,3207.2
2048,16,64,16384,6209.84
2048,16,128,16,504.305
2048,16,128,32,506.769
2048,16,128,64,510.747
2048,16,128,128,573.469
2048,16,128,256,639.55
2048,16,128,512,768.671
2048,16,128,1024,1035.35
2048,16,128,2048,1689.91
2048,16,128,4096,3200.4
2048,16,128,8192,6204.03
2048,16,128,16384,12226.4
2048,32,0,0,202.318
2048,32,1,16,203.853
2048,32,1,32,203.949
2048,32,1,64,203.726
2048,32,1,128,204.632
2048,32,1,256,204.429
2048,32,1,512,206.157
2048,32,1,1024,208.152
2048,32,1,2048,211.939
2048,32,1,4096,271.982
2048,32,1,8192,386.468
2048,32,1,16384,611.667
2048,32,2,16,206.466
2048,32,2,32,206.082
2048,32,2,64,206.221
2048,32,2,128,206.573
2048,32,2,256,208.344
2048,32,2,512,211.266
2048,32,2,1024,212.621
2048,32,2,2048,224.013
2048,32,2,4096,288.218
2048,32,2,8192,404.475
2048,32,2,16384,631.241
2048,32,4,16,212.163
2048,32,4,32,212.206
2048,32,4,64,212.024
2048,32,4,128,213.742
2048,32,4,256,214.285
2048,32,4,512,218.573
2048,32,4,1024,224.377
2048,32,4,2048,244.867
2048,32,4,4096,321.455
2048,32,4,8192,455.707
2048,32,4,16384,695.453
2048,32,8,16,220.536
2048,32,8,32,219.79
2048,32,8,64,221.176
2048,32,8,128,224.077
2048,32,8,256,227.395
2048,32,8,512,235.373
2048,32,8,1024,247.705
2048,32,8,2048,286.051
2048,32,8,4096,388.271
2048,32,8,8192,603.4
2048,32,8,16384,1080.92
2048,32,16,16,239.523
2048,32,16,32,239.416
2048,32,16,64,239.854
2048,32,16,128,245.955
2048,32,16,256,254.446
2048,32,16,512,268.068
2048,32,16,1024,292.078
2048,32,16,2048,368.4
2048,32,16,4096,540.262
2048,32,16,8192,952.162
2048,32,16,16384,1711.94
2048,32,32,16,277.273
2048,32,32,32,277.272
2048,32,32,64,277.475
2048,32,32,128,291.14
2048,32,32,256,304.25
2048,32,32,512,332.718
2048,32,32,1024,391.621
2048,32,32,2048,540.145
2048,32,32,4096,892.469
2048,32,32,8192,1667.41
2048,32,32,16384,3176.15
2048,32,64,16,353.743
2048,32,64,32,354.276
2048,32,64,64,355.577
2048,32,64,128,380.623
2048,32,64,256,408.774
2048,32,64,512,472.304
2048,32,64,1024,611.059
2048,32,64,2048,941.655
2048,32,64,4096,1697.66
2048,32,64,8192,3197.21
2048,32,64,16384,6215.04
2048,32,128,16,504.124
2048,32,128,32,506.769
2048,32,128,64,510.653
2048,32,128,128,573.511
2048,32,128,256,639.144
2048,32,128,512,768.745
2048,32,128,1024,1034.98
2048,32,128,2048,1692.38
2048,32,128,4096,3201.12
2048,32,128,8192,6208.69
2048,32,128,16384,12222.7
2048,64,0,0,201.933
2048,64,1,16,204.291
2048,64,1,32,204.237
2048,64,1,64,204.738
2048,64,1,128,204.791
2048,64,1,256,204.227
2048,64,1,512,206.541
2048,64,1,1024,208.44
2048,64,1,2048,210.36
2048,64,1,4096,271.331
2048,64,1,8192,385.199
2048,64,1,16384,612.445
2048,64,2,16,206.104
2048,64,2,32,205.933
2048,64,2,64,206.51
2048,64,2,128,207.064
2048,64,2,256,208.504
2048,64,2,512,212.195
2048,64,2,1024,214.093
2048,64,2,2048,224.173
2048,64,2,4096,287.726
2048,64,2,8192,404.645
2048,64,2,16384,631.474
2048,64,4,16,211.726
2048,64,4,32,212.141
2048,64,4,64,211.757
2048,64,4,128,212.301
2048,64,4,256,214.754
2048,64,4,512,219.171
2048,64,4,1024,224.077
2048,64,4,2048,244.067
2048,64,4,4096,321.434
2048,64,4,8192,455.514
2048,64,4,16384,694.996
2048,64,8,16,221.389
2048,64,8,32,220.643
2048,64,8,64,221.251
2048,64,8,128,224.707
2048,64,8,256,227.171
2048,64,8,512,235.533
2048,64,8,1024,247.843
2048,64,8,2048,286.286
2048,64,8,4096,389.53
2048,64,8,8192,604.199
2048,64,8,16384,1082.29
2048,64,16,16,239.417
2048,64,16,32,239.661
2048,64,16,64,239.118
2048,64,16,128,246.126
2048,64,16,256,254.083
2048,64,16,512,267.832
2048,64,16,1024,292.271
2048,64,16,2048,368.836
2048,64,16,4096,539.207
2048,64,16,8192,951.255
2048,64,16,16384,1713.31
2048,64,32,16,276.494
2048,64,32,32,277.07
2048,64,32,64,278.329
2048,64,32,128,290.98
2048,64,32,256,304.334
2048,64,32,512,332.985
2048,64,32,1024,391.717
2048,64,32,2048,540.38
2048,64,32,4096,894.133
2048,64,32,8192,1662.37
2048,64,32,16384,3177.82
2048,64,64,16,353.636
2048,64,64,32,354.65
2048,64,64,64,354.564
2048,64,64,128,380.399
2048,64,64,256,409.989
2048,64,64,512,472.539
2048,64,64,1024,610.653
2048,64,64,2048,941.239
2048,64,64,4096,1702.45
2048,64,64,8192,3204.99
2048,64,64,16384,6214.8
2048,64,128,16,504.465
2048,64,128,32,506.662
2048,64,128,64,510.897
2048,64,128,128,573.308
2048,64,128,256,639.155
2048,64,128,512,768.863
2048,64,128,1024,1035.56
2048,64,128,2048,1693.42
2048,64,128,4096,3200.74
2048,64,128,8192,6206.02
2048,64,128,16384,12224.4
2048,128,0,0,209.229
2048,128,1,16,211.608
2048,128,1,32,211.907
2048,128,1,64,211.544
2048,128,1,128,211.683
2048,128,1,256,212.27
2048,128,1,512,212.845
2048,128,1,1024,214.381
2048,128,1,2048,218.285
2048,128,1,4096,276.59
2048,128,1,8192,391.727
2048,128,1,16384,618.184
2048,128,2,16,214.595
2048,128,2,32,214.146
2048,128,2,64,213.271
2048,128,2,128,215.938
2048,128,2,256,216.023
2048,128,2,512,217.986
2048,128,2,1024,220.333
2048,128,2,2048,230.605
2048,128,2,4096,297.785
2048,128,2,8192,412.676
2048,128,2,16384,639.804
2048,128,4,16,218.328
2048,128,4,32,218.595
2048,128,4,64,219.021
2048,128,4,128,220.504
2048,128,4,256,221.453
2048,128,4,512,224.707
2048,128,4,1024,231.448
2048,128,4,2048,251.011
2048,128,4,4096,327.983
2048,128,4,8192,464.784
2048,128,4,16384,703.902
2048,128,8,16,227.789
2048,128,8,32,227.171
2048,128,8,64,227.576
2048,128,8,128,231.267
2048,128,8,256,235.064
2048,128,8,512,243
2048,128,8,1024,253.785
2048,128,8,2048,294.692
2048,128,8,4096,397.146
2048,128,8,8192,609.799
2048,128,8,16384,1097.14
2048,128,16,16,246.029
2048,128,16,32,246.308
2048,128,16,64,246.297
2048,128,16,128,252.91
2048,128,16,256,260.43
2048,128,16,512,274.627
2048,128,16,1024,300.825
2048,128,16,2048,375.919
2048,128,16,4096,545.393
2048,128,16,8192,952.203
2048,128,16,16384,1714.91
2048,128,32,16,283.427
2048,128,32,32,283.758
2048,128,32,64,284.654
2048,128,32,128,297.049
2048,128,32,256,310.906
2048,128,32,512,339.737
2048,128,32,1024,398.703
2048,128,32,2048,545.895
2048,128,32,4096,897.579
2048,128,32,8192,1670.24
2048,128,32,16384,3180.85
2048,128,64,16,359.983
2048,128,64,32,360.164
2048,128,64,64,361.86
2048,128,64,128,387.086
2048,128,64,256,417.018
2048,128,64,512,479.664
2048,128,64,1024,618.152
2048,128,64,2048,945.857
2048,128,64,4096,1705.36
2048,128,64,8192,3210.02
2048,128,64,16384,6211.91
2048,128,128,16,511.441
2048,128,128,32,514.214
2048,128,128,64,518.075
2048,128,128,128,580.786
2048,128,128,256,646.77
2048,128,128,512,776.031
2048,128,128,1024,1041.21
2048,128,128,2048,1698.32
2048,128,128,4096,3198.27
2048,128,128,8192,6211
2048,128,128,16384,12243.5
2048,256,0,0,225.346
2048,256,1,16,227.778
2048,256,1,32,228.131
2048,256,1,64,228.429
2048,256,1,128,227.992
2048,256,1,256,228.345
2048,256,1,512,229.752
2048,256,1,1024,231.789
2048,256,1,2048,234.498
2048,256,1,4096,290.786
2048,256,1,8192,406.085
2048,256,1,16384,631.666
2048,256,2,16,229.944
2048,256,2,32,231
2048,256,2,64,231.192
2048,256,2,128,230.776
2048,256,2,256,232.003
2048,256,2,512,232.973
2048,256,2,1024,236.483
2048,256,2,2048,243.8
2048,256,2,4096,310.82
2048,256,2,8192,429.381
2048,256,2,16384,655.207
2048,256,4,16,235.896
2048,256,4,32,236.313
2048,256,4,64,234.935
2048,256,4,128,236.323
2048,256,4,256,237.326
2048,256,4,512,240.867
2048,256,4,1024,247.352
2048,256,4,2048,264.952
2048,256,4,4096,341.977
2048,256,4,8192,483.728
2048,256,4,16384,723.689
2048,256,8,16,243.416
2048,256,8,32,243.768
2048,256,8,64,243.448
2048,256,8,128,247.288
2048,256,8,256,250.264
2048,256,8,512,260.281
2048,256,8,1024,269.998
2048,256,8,2048,309.059
2048,256,8,4096,410.821
2048,256,8,8192,616.498
2048,256,8,16384,1123.39
2048,256,16,16,261.635
2048,256,16,32,261.838
2048,256,16,64,263.096
2048,256,16,128,268.355
2048,256,16,256,275.502
2048,256,16,512,290.276
2048,256,16,1024,317.294
2048,256,16,2048,390.617
2048,256,16,4096,557.81
2048,256,16,8192,957.846
2048,256,16,16384,1730.88
2048,256,32,16,299.033
2048,256,32,32,299.321
2048,256,32,64,299.31
2048,256,32,128,313.071
2048,256,32,256,326.446
2048,256,32,512,355.141
2048,256,32,1024,413.338
2048,256,32,2048,558.535
2048,256,32,4096,901.323
2048,256,32,8192,1679.91
2048,256,32,16384,3188.07
2048,256,64,16,375.588
2048,256,64,32,376.25
2048,256,64,64,376.89
2048,256,64,128,402.426
2048,256,64,256,432.432
2048,256,64,512,493.446
2048,256,64,1024,631.335
2048,256,64,2048,953.452
2048,256,64,4096,1717.08
2048,256,64,8192,3220.71
2048,256,64,16384,6226.95
2048,256,128,16,525.425
2048,256,128,32,528.529
2048,256,128,64,532.273
2048,256,128,128,594.93
2048,256,128,256,660.328
2048,256,128,512,790.325
2048,256,128,1024,1055.62
2048,256,128,2048,1705.49
2048,256,128,4096,3215.09
2048,256,128,8192,6225.8
2048,256,128,16384,12235.9
2048,512,0,0,257.069
2048,512,1,16,261.763
2048,512,1,32,261.23
2048,512,1,64,259.981
2048,512,1,128,261.251
2048,512,1,256,261.144
2048,512,1,512,261.764
2048,512,1,1024,264.398
2048,512,1,2048,266.467
2048,512,1,4096,317.134
2048,512,1,8192,433.477
2048,512,1,16384,661.63
2048,512,2,16,263.129
2048,512,2,32,262.99
2048,512,2,64,262.318
2048,512,2,128,264.462
2048,512,2,256,263.651
2048,512,2,512,266.265
2048,512,2,1024,267.854
2048,512,2,2048,275.396
2048,512,2,4096,335.535
2048,512,2,8192,458.48
2048,512,2,16384,689.224
2048,512,4,16,266.094
2048,512,4,32,266.094
2048,512,4,64,265.689
2048,512,4,128,266.83
2048,512,4,256,269.764
2048,512,4,512,273.838
2048,512,4,1024,278.073
2048,512,4,2048,292.569
2048,512,4,4096,371.087
2048,512,4,8192,516.465
2048,512,4,16384,764.852
2048,512,8,16,274.488
2048,512,8,32,274.713
2048,512,8,64,274.18
2048,512,8,128,277.592
2048,512,8,256,281.497
2048,512,8,512,290.915
2048,512,8,1024,304.516
2048,512,8,2048,335.3
2048,512,8,4096,441.925
2048,512,8,8192,646.888
2048,512,8,16384,1140.83
2048,512,16,16,293.391
2048,512,16,32,292.334
2048,512,16,64,293.113
2048,512,16,128,300.035
2048,512,16,256,307.791
2048,512,16,512,321.518
2048,512,16,1024,350.522
2048,512,16,2048,418.843
2048,512,16,4096,581.159
2048,512,16,8192,966.54
2048,512,16,16384,1760.02
2048,512,32,16,329.838
2048,512,32,32,331.151
2048,512,32,64,329.636
2048,512,32,128,344.356
2048,512,32,256,358.33
2048,512,32,512,386.458
2048,512,32,1024,445.649
2048,512,32,2048,583.207
2048,512,32,4096,913.706
2048,512,32,8192,1696.05
2048,512,32,16384,3202.29
2048,512,64,16,406.842
2048,512,64,32,407.376
2048,512,64,64,408.538
2048,512,64,128,434.213
2048,512,64,256,463.75
2048,512,64,512,521.414
2048,512,64,1024,658.877
2048,512,64,2048,973.462
2048,512,64,4096,1729.89
2048,512,64,8192,3238.12
2048,512,64,16384,6246.42
2048,512,128,16,556.999
2048,512,128,32,559.73
2048,512,128,64,562.738
2048,512,128,128,623.005
2048,512,128,256,688.873
2048,512,128,512,817.855
2048,512,128,1024,1083.04
2048,512,128,2048,1727.75
2048,512,128,4096,3229.43
2048,512,128,8192,6237.54
2048,512,128,16384,12264.9
2048,1024,0,0,322.095
2048,1024,1,16,321.839
2048,1024,1,32,322.937
2048,1024,1,64,322.948
2048,1024,1,128,322.873
2048,1024,1,256,321.444
2048,1024,1,512,324.698
2048,1024,1,1024,326.425
2048,1024,1,2048,328.015
2048,1024,1,4096,367.375
2048,1024,1,8192,486.801
2048,1024,1,16384,713.588
2048,1024,2,16,325.646
2048,1024,2,32,324.292
2048,1024,2,64,324.996
2048,1024,2,128,324.878
2048,1024,2,256,325.679
2048,1024,2,512,327.587
2048,1024,2,1024,330.436
2048,1024,2,2048,337.956
2048,1024,2,4096,391.087
2048,1024,2,8192,517.947
2048,1024,2,16384,758.42
2048,1024,4,16,328.143
2048,1024,4,32,328.495
2048,1024,4,64,328.174
2048,1024,4,128,328.452
2048,1024,4,256,332.089
2048,1024,4,512,336.025
2048,1024,4,1024,343.716
2048,1024,4,2048,357.391
2048,1024,4,4096,427.578
2048,1024,4,8192,576.902
2048,1024,4,16384,834.474
2048,1024,8,16,337.497
2048,1024,8,32,337.913
2048,1024,8,64,338.116
2048,1024,8,128,340.42
2048,1024,8,256,343.748
2048,1024,8,512,352.378
2048,1024,8,1024,367.898
2048,1024,8,2048,391.215
2048,1024,8,4096,497.148
2048,1024,8,8192,696.35
2048,1024,8,16384,1169.35
2048,1024,16,16,355.439
2048,1024,16,32,356.965
2048,1024,16,64,356.825
2048,1024,16,128,362.116
2048,1024,16,256,369.85
2048,1024,16,512,384.175
2048,1024,16,1024,413.2
2048,1024,16,2048,474.512
2048,1024,16,4096,630.087
2048,1024,16,8192,1008.53
2048,1024,16,16384,1831.82
2048,1024,32,16,390.49
2048,1024,32,32,391.269
2048,1024,32,64,393.156
2048,1024,32,128,406.576
2048,1024,32,256,420.015
2048,1024,32,512,450.651
2048,1024,32,1024,506.876
2048,1024,32,2048,632.125
2048,1024,32,4096,953.185
2048,1024,32,8192,1723.92
2048,1024,32,16384,3235.64
2048,1024,64,16,469.189
2048,1024,64,32,469.659
2048,1024,64,64,470.661
2048,1024,64,128,496.305
2048,1024,64,256,526.758
2048,1024,64,512,580.817
2048,1024,64,1024,712.157
2048,1024,64,2048,1021.82
2048,1024,64,4096,1762.05
2048,1024,64,8192,3269.86
2048,1024,64,16384,6278.12
2048,1024,128,16,619.56
2048,1024,128,32,622.994
2048,1024,128,64,626.013
2048,1024,128,128,679.411
2048,1024,128,256,745.673
2048,1024,128,512,875.029
2048,1024,128,1024,1139.36
2048,1024,128,2048,1776.92
2048,1024,128,4096,3266.44
2048,1024,128,8192,6277.28
2048,1024,128,16384,12296
2048,2048,0,0,445.659
2048,2048,1,16,445.786
2048,2048,1,32,445.648
2048,2048,1,64,445.029
2048,2048,1,128,445.584
2048,2048,1,256,445.381
2048,2048,1,512,447.291
2048,2048,1,1024,451.226
2048,2048,1,2048,456.923
2048,2048,1,4096,469.382
2048,2048,1,8192,593.533
2048,2048,1,16384,826.677
2048,2048,2,16,448.486
2048,2048,2,32,446.842
2048,2048,2,64,447.866
2048,2048,2,128,451.376
2048,2048,2,256,447.877
2048,2048,2,512,453.093
2048,2048,2,1024,458.448
2048,2048,2,2048,464.976
2048,2048,2,4096,493.829
2048,2048,2,8192,624.755
2048,2048,2,16384,875.903
2048,2048,4,16,452.57
2048,2048,4,32,451.547
2048,2048,4,64,452.079
2048,2048,4,128,452.944
2048,2048,4,256,457.542
2048,2048,4,512,461.808
2048,2048,4,1024,468.241
2048,2048,4,2048,485.937
2048,2048,4,4096,531.558
2048,2048,4,8192,694.153
2048,2048,4,16384,978.625
2048,2048,8,16,465.606
2048,2048,8,32,464.752
2048,2048,8,64,465.201
2048,2048,8,128,470.182
2048,2048,8,256,471.856
2048,2048,8,512,476.796
2048,2048,8,1024,490.95
2048,2048,8,2048,520.038
2048,2048,8,4096,607.794
2048,2048,8,8192,817.471
2048,2048,8,16384,1231.01
2048,2048,16,16,487.141
2048,2048,16,32,486.278
2048,2048,16,64,486.587
2048,2048,16,128,491.013
2048,2048,16,256,497.947
2048,2048,16,512,507.803
2048,2048,16,1024,536.006
2048,2048,16,2048,591.59
2048,2048,16,4096,744.425
2048,2048,16,8192,1092.26
2048,2048,16,16384,1905.15
2048,2048,32,16,512.763
2048,2048,32,32,513.435
2048,2048,32,64,514.704
2048,2048,32,128,526.886
2048,2048,32,256,545.041
2048,2048,32,512,575.228
2048,2048,32,1024,632.402
2048,2048,32,2048,750.687
2048,2048,32,4096,1042.01
2048,2048,32,8192,1782.3
2048,2048,32,16384,3331.93
2048,2048,64,16,590.268
2048,2048,64,32,591.559
2048,2048,64,64,593.33
2048,2048,64,128,621.725
2048,2048,64,256,651.026
2048,2048,64,512,707.667
2048,2048,64,1024,820.063
2048,2048,64,2048,1109.76
2048,2048,64,4096,1833.4
2048,2048,64,8192,3348.83
2048,2048,64,16384,6360.62
2048,2048,128,16,744.286
2048,2048,128,32,746.569
2048,2048,128,64,751.22
2048,2048,128,128,803.924
2048,2048,128,256,859.669
2048,2048,128,512,987.692
2048,2048,128,1024,1250.7
2048,2048,128,2048,1864.25
2048,2048,128,4096,3332.9
2048,2048,128,8192,6356.39
2048,2048,128,16384,12380.1
2048,4096,0,0,692.808
2048,4096,1,16,698.537
2048,4096,1,32,695.592
2048,4096,1,64,695.421
2048,4096,1,128,697.171
2048,4096,1,256,698.558
2048,4096,1,512,698.856
2048,4096,1,1024,699.346
2048,4096,1,2048,704.126
2048,4096,1,4096,729.289
2048,4096,1,8192,803.509
2048,4096,1,16384,1054.03
2048,4096,2,16,702.834
2048,4096,2,32,700.872
2048,4096,2,64,702.623
2048,4096,2,128,702.269
2048,4096,2,256,702.802
2048,4096,2,512,705.885
2048,4096,2,1024,707.73
2048,4096,2,2048,722.312
2048,4096,2,4096,747.336
2048,4096,2,8192,838.228
2048,4096,2,16384,1102
2048,4096,4,16,712.754
2048,4096,4,32,714.13
2048,4096,4,64,715.731
2048,4096,4,128,717.607
2048,4096,4,256,718.792
2048,4096,4,512,719.485
2048,4096,4,1024,722.93
2048,4096,4,2048,739.784
2048,4096,4,4096,765.854
2048,4096,4,8192,883.264
2048,4096,4,16384,1221.35
2048,4096,8,16,722.301
2048,4096,8,32,722.268
2048,4096,8,64,722.088
2048,4096,8,128,724.242
2048,4096,8,256,729.437
2048,4096,8,512,738.761
2048,4096,8,1024,750.248
2048,4096,8,2048,765.95
2048,4096,8,4096,814.473
2048,4096,8,8192,1025.85
2048,4096,8,16384,1450.22
2048,4096,16,16,726.365
2048,4096,16,32,727.87
2048,4096,16,64,726.526
2048,4096,16,128,731.198
2048,4096,16,256,735.848
2048,4096,16,512,745.748
2048,4096,16,1024,781.054
2048,4096,16,2048,847.242
2048,4096,16,4096,969.644
2048,4096,16,8192,1277.17
2048,4096,16,16384,2060.36
2048,4096,32,16,739.507
2048,4096,32,32,739.721
2048,4096,32,64,739.774
2048,4096,32,128,752.35
2048,4096,32,256,773.512
2048,4096,32,512,810.164
2048,4096,32,1024,880.085
2048,4096,32,2048,991.019
2048,4096,32,4096,1231.69
2048,4096,32,8192,1912.32
2048,4096,32,16384,3527.92
2048,4096,64,16,817.961
2048,4096,64,32,819.145
2048,4096,64,64,822.057
2048,4096,64,128,856.395
2048,4096,64,256,891.647
2048,4096,64,512,955.926
2048,4096,64,1024,1066.03
2048,4096,64,2048,1303.12
2048,4096,64,4096,1975.27
2048,4096,64,8192,3489.15
2048,4096,64,16384,6497.72
2048,4096,128,16,988.022
2048,4096,128,32,993.249
2048,4096,128,64,994.412
2048,4096,128,128,1050.82
2048,4096,128,256,1107.62
2048,4096,128,512,1217.53
2048,4096,128,1024,1470.05
2048,4096,128,2048,2052.76
2048,4096,128,4096,3483.13
2048,4096,128,8192,6514.5
2048,4096,128,16384,12524.7
2048,8192,0,0,1166.2
2048,8192,1,16,1173.74
2048,8192,1,32,1171.82
2048,8192,1,64,1171.52
2048,8192,1,128,1177.24
2048,8192,1,256,1177.28
2048,8192,1,512,1186.2
2048,8192,1,1024,1201.62
2048,8192,1,2048,1234.28
2048,8192,1,4096,1256.12
2048,8192,1,8192,1291.04
2048,8192,1,16384,1502.34
2048,8192,2,16,1171.87
2048,8192,2,32,1172.6
2048,8192,2,64,1171.26
2048,8192,2,128,1177.06
2048,8192,2,256,1177.87
2048,8192,2,512,1184.61
2048,8192,2,1024,1201.3
2048,8192,2,2048,1234.89
2048,8192,2,4096,1264.43
2048,8192,2,8192,1311.33
2048,8192,2,16384,1532.8
2048,8192,4,16,1171.66
2048,8192,4,32,1175.46
2048,8192,4,64,1174.66
2048,8192,4,128,1174.56
2048,8192,4,256,1183.22
2048,8192,4,512,1187.32
2048,8192,4,1024,1201.2
2048,8192,4,2048,1232.01
2048,8192,4,4096,1282.33
2048,8192,4,8192,1333.53
2048,8192,4,16384,1578.06
2048,8192,8,16,1175.85
2048,8192,8,32,1175.21
2048,8192,8,64,1171.59
2048,8192,8,128,1175.47
2048,8192,8,256,1180.11
2048,8192,8,512,1188.16
2048,8192,8,1024,1203.94
2048,8192,8,2048,1237.64
2048,8192,8,4096,1332.87
2048,8192,8,8192,1390.42
2048,8192,8,16384,1841.79
2048,8192,16,16,1176.25
2048,8192,16,32,1177.39
2048,8192,16,64,1176.88
2048,8192,16,128,1186.08
2048,8192,16,256,1187.59
2048,8192,16,512,1196.68
2048,8192,16,1024,1232.76
2048,8192,16,2048,1323.58
2048,8192,16,4096,1468.78
2048,8192,16,8192,1700.74
2048,8192,16,16384,2345.17
2048,8192,32,16,1192.54
2048,8192,32,32,1192.66
2048,8192,32,64,1193.71
2048,8192,32,128,1206.38
2048,8192,32,256,1222.73
2048,8192,32,512,1261.89
2048,8192,32,1024,1337.1
2048,8192,32,2048,1490.1
2048,8192,32,4096,1717.9
2048,8192,32,8192,2260.07
2048,8192,32,16384,3738.11
2048,8192,64,16,1272.18
2048,8192,64,32,1273.01
2048,8192,64,64,1272.99
2048,8192,64,128,1305.33
2048,8192,64,256,1341.85
2048,8192,64,512,1411.84
2048,8192,64,1024,1546.82
2048,8192,64,2048,1790.21
2048,8192,64,4096,2287.24
2048,8192,64,8192,3767.2
2048,8192,64,16384,6777.81
2048,8192,128,16,1443.28
2048,8192,128,32,1447.28
2048,8192,128,64,1449.01
2048,8192,128,128,1510.24
2048,8192,128,256,1575.58
2048,8192,128,512,1704.9
2048,8192,128,1024,1940.62
2048,8192,128,2048,2446.37
2048,8192,128,4096,3792.78
2048,8192,128,8192,6786.33
2048,8192,128,16384,12852.2
2048,16384,0,0,2065.58
2048,16384,1,16,2077.3
2048,16384,1,32,2079.68
2048,16384,1,64,2078.24
2048,16384,1,128,2082.54
2048,16384,1,256,2083.32
2048,16384,1,512,2095.28
2048,16384,1,1024,2108.49
2048,16384,1,2048,2148.31
2048,16384,1,4096,2211.44
2048,16384,1,8192,2341.06
2048,16384,1,16384,2421.4
2048,16384,2,16,2076.33
2048,16384,2,32,2076.09
2048,16384,2,64,2078.27
2048,16384,2,128,2080.74
2048,16384,2,256,2088.4
2048,16384,2,512,2091.44
2048,16384,2,1024,2109.69
2048,16384,2,2048,2137.57
2048,16384,2,4096,2204.25
2048,16384,2,8192,2334.05
2048,16384,2,16384,2447.58
2048,16384,4,16,2077.17
2048,16384,4,32,2076.32
2048,16384,4,64,2076.32
2048,16384,4,128,2082.24
2048,16384,4,256,2087
2048,16384,4,512,2094.24
2048,16384,4,1024,2103.79
2048,16384,4,2048,2137.51
2048,16384,4,4096,2203.75
2048,16384,4,8192,2331.43
2048,16384,4,16384,2476.78
2048,16384,8,16,2083.3
2048,16384,8,32,2077.55
2048,16384,8,64,2087.65
2048,16384,8,128,2085.56
2048,16384,8,256,2086.22
2048,16384,8,512,2100.38
2048,16384,8,1024,2109.91
2048,16384,8,2048,2148.51
2048,16384,8,4096,2271.3
2048,16384,8,8192,2471.97
2048,16384,8,16384,2540.97
2048,16384,16,16,2081.48
2048,16384,16,32,2083.36
2048,16384,16,64,2085.76
2048,16384,16,128,2087.47
2048,16384,16,256,2091.76
2048,16384,16,512,2108.63
2048,16384,16,1024,2140.49
2048,16384,16,2048,2228.37
2048,16384,16,4096,2411.51
2048,16384,16,8192,2729.96
2048,16384,16,16384,3104.47
2048,16384,32,16,2102.52
2048,16384,32,32,2099.31
2048,16384,32,64,2102.36
2048,16384,32,128,2112.3
2048,16384,32,256,2130.11
2048,16384,32,512,2170.58
2048,16384,32,1024,2246.77
2048,16384,32,2048,2400.62
2048,16384,32,4096,2698.55
2048,16384,32,8192,3183.97
2048,16384,32,16384,4342.17
2048,16384,64,16,2177.71
2048,16384,64,32,2180.16
2048,16384,64,64,2181.97
2048,16384,64,128,2216.34
2048,16384,64,256,2250.57
2048,16384,64,512,2318.17
2048,16384,64,1024,2458.1
2048,16384,64,2048,2729.8
2048,16384,64,4096,3259.17
2048,16384,64,8192,4307.83
2048,16384,64,16384,7304.43
2048,16384,128,16,2357.34
2048,16384,128,32,2359.3
2048,16384,128,64,2360.44
2048,16384,128,128,2420.53
2048,16384,128,256,2485.12
2048,16384,128,512,2623.31
2048,16384,128,1024,2880.34
2048,16384,128,2048,3398.22
2048,16384,128,4096,4429.41
2048,16384,128,8192,7322.74
2048,16384,128,16384,13361.7
