prefill_chunk,kv_prefill,n_decode,kv_decode,time_us
0,0,1,16,12.362
0,0,1,32,12.384
0,0,1,64,12.3837
0,0,1,128,17.7173
0,0,1,256,17.8553
0,0,1,512,18.1973
0,0,1,1024,19.0397
0,0,1,2048,20.6723
0,0,1,4096,24.5973
0,0,1,8192,32.7783
0,0,1,16384,40.2023
0,0,2,16,14.8693
0,0,2,32,14.9547
0,0,2,64,15.0297
0,0,2,128,20.0643
0,0,2,256,20.2567
0,0,2,512,20.7357
0,0,2,1024,21.6853
0,0,2,2048,24.2343
0,0,2,4096,29.8767
0,0,2,8192,43.7423
0,0,2,16384,59.476
0,0,4,16,14.8267
0,0,4,32,14.9643
0,0,4,64,14.9867
0,0,4,128,20.1917
0,0,4,256,20.394
0,0,4,512,21.002
0,0,4,1024,22.836
0,0,4,2048,27.2743
0,0,4,4096,38.3257
0,0,4,8192,53.877
0,0,4,16384,87.8613
0,0,8,16,14.9333
0,0,8,32,14.976
0,0,8,64,14.9547
0,0,8,128,20.1707
0,0,8,256,20.5433
0,0,8,512,22.0373
0,0,8,1024,25.963
0,0,8,2048,36.1277
0,0,8,4096,51.8937
0,0,8,8192,82.0157
0,0,8,16384,137.013
0,0,16,16,14.9123
0,0,16,32,14.986
0,0,16,64,15.168
0,0,16,128,20.4903
0,0,16,256,21.695
0,0,16,512,25.1843
0,0,16,1024,34.6877
0,0,16,2048,50.7513
0,0,16,4096,80.4693
0,0,16,8192,134.943
0,0,16,16384,245.278
0,0,32,16,15.0187
0,0,32,32,15.1257
0,0,32,64,15.5203
0,0,32,128,21.6217
0,0,32,256,27.3267
0,0,32,512,35.5527
0,0,32,1024,52.683
0,0,32,2048,80.266
0,0,32,4096,135.476
0,0,32,8192,244.275
0,0,32,16384,473.019
0,0,64,16,15.3927
0,0,64,32,15.8287
0,0,64,64,17.0347
0,0,64,128,28.0533
0,0,64,256,38.0053
0,0,64,512,55.4663
0,0,64,1024,83.4773
0,0,64,2048,141.62
0,0,64,4096,250.665
0,0,64,8192,470.503
0,0,64,16384,917.125
0,0,128,16,21.3547
0,0,128,32,21.909
0,0,128,64,24.319
0,0,128,128,35.4663
0,0,128,256,50.8897
0,0,128,512,87.7753
0,0,128,1024,144.202
0,0,128,2048,257.151
0,0,128,4096,480.467
0,0,128,8192,919.396
0,0,128,16384,1803.33
0,0,256,16,32.9177
0,0,256,32,33.0983
0,0,256,64,37.2157
0,0,256,128,58.3787
0,0,256,256,90.3783
0,0,256,512,150.772
0,0,256,1024,270.91
0,0,256,2048,504.413
0,0,256,4096,986.682
0,0,256,8192,1950.73
0,0,256,16384,3898.43
16,0,0,0,12.5333
16,0,1,16,12.373
16,0,1,32,12.2987
16,0,1,64,12.3093
16,0,1,128,14.667
16,0,1,256,18.1117
16,0,1,512,25.0453
16,0,1,1024,39.5093
16,0,1,2048,68.2983
16,0,1,4096,125.908
16,0,1,8192,240.542
16,0,1,16384,471.27
16,0,2,16,12.1923
16,0,2,32,12.2347
16,0,2,64,12.245
16,0,2,128,14.581
16,0,2,256,18.08
16,0,2,512,25.141
16,0,2,1024,39.541
16,0,2,2048,68.394
16,0,2,4096,125.962
16,0,2,8192,240.734
16,0,2,16384,472.924
16,0,4,16,12.2987
16,0,4,32,12.2557
16,0,4,64,12.3303
16,0,4,128,14.7627
16,0,4,256,18.2183
16,0,4,512,25.3863
16,0,4,1024,39.9787
16,0,4,2048,69.0987
16,0,4,4096,127.21
16,0,4,8192,244.105
16,0,4,16384,474.556
16,0,8,16,12.3097
16,0,8,32,12.3727
16,0,8,64,12.4053
16,0,8,128,14.9007
16,0,8,256,18.5597
16,0,8,512,25.8353
16,0,8,1024,40.6823
16,0,8,2048,69.9943
16,0,8,4096,128.18
16,0,8,8192,246.153
16,0,8,16384,478.718
16,0,16,16,17.9837
16,0,16,32,18.1437
16,0,16,64,18.3357
16,0,16,128,24.224
16,0,16,256,31.658
16,0,16,512,45.8773
16,0,16,1024,75.711
16,0,16,2048,135.338
16,0,16,4096,253.705
16,0,16,8192,490.225
16,0,16,16384,964.058
16,0,32,16,28.8747
16,0,32,32,29.1733
16,0,32,64,29.504
16,0,32,128,41.024
16,0,32,256,55.4453
16,0,32,512,85.8657
16,0,32,1024,147.072
16,0,32,2048,267.379
16,0,32,4096,506.759
16,0,32,8192,995.481
16,0,32,16384,1958.37
16,0,64,16,44.789
16,0,64,32,45.7487
16,0,64,64,46.4853
16,0,64,128,70.218
16,0,64,256,118.357
16,0,64,512,214.633
16,0,64,1024,389.298
16,0,64,2048,806.362
16,0,64,4096,1616.49
16,0,64,8192,3514.3
16,0,64,16384,7051.26
16,0,128,16,77.28
16,0,128,32,78.9113
16,0,128,64,81.2583
16,0,128,128,146.858
16,0,128,256,250.59
16,0,128,512,467.122
16,0,128,1024,909.669
16,0,128,2048,1789.55
16,0,128,4096,3575.68
16,0,128,8192,7140.79
16,0,128,16384,14285.6
16,16,0,0,12.8213
16,16,1,16,12.5217
16,16,1,32,12.6183
16,16,1,64,12.5973
16,16,1,128,14.635
16,16,1,256,18.1227
16,16,1,512,25.1193
16,16,1,1024,39.5513
16,16,1,2048,68.3833
16,16,1,4096,126.026
16,16,1,8192,240.51
16,16,1,16384,471.175
16,16,2,16,12.384
16,16,2,32,12.469
16,16,2,64,12.512
16,16,2,128,14.656
16,16,2,256,18.0693
16,16,2,512,25.1727
16,16,2,1024,39.5093
16,16,2,2048,68.4367
16,16,2,4096,125.983
16,16,2,8192,240.809
16,16,2,16384,473.052
16,16,4,16,12.4797
16,16,4,32,12.5973
16,16,4,64,12.6183
16,16,4,128,14.7733
16,16,4,256,18.3147
16,16,4,512,25.429
16,16,4,1024,39.9783
16,16,4,2048,69.269
16,16,4,4096,127.317
16,16,4,8192,244.276
16,16,4,16384,474.429
16,16,8,16,12.523
16,16,8,32,12.6817
16,16,8,64,12.704
16,16,8,128,14.933
16,16,8,256,18.5283
16,16,8,512,25.7057
16,16,8,1024,40.821
16,16,8,2048,69.8233
16,16,8,4096,128.267
16,16,8,8192,245.758
16,16,8,16384,478.386
16,16,16,16,18.2507
16,16,16,32,18.5917
16,16,16,64,18.848
16,16,16,128,24.2877
16,16,16,256,31.584
16,16,16,512,45.674
16,16,16,1024,75.9573
16,16,16,2048,134.751
16,16,16,4096,253.758
16,16,16,8192,490.162
16,16,16,16384,962.372
16,16,32,16,28.7573
16,16,32,32,29.28
16,16,32,64,29.7063
16,16,32,128,41.0347
16,16,32,256,55.5837
16,16,32,512,85.8233
16,16,32,1024,146.57
16,16,32,2048,266.728
16,16,32,4096,507.228
16,16,32,8192,1002.24
16,16,32,16384,1971.59
16,16,64,16,44.896
16,16,64,32,45.738
16,16,64,64,46.5807
16,16,64,128,70.0583
16,16,64,256,118.624
16,16,64,512,216.425
16,16,64,1024,389.203
16,16,64,2048,804.006
16,16,64,4096,1643.19
16,16,64,8192,3521.26
16,16,64,16384,7031.72
16,16,128,16,77.2793
16,16,128,32,79.0717
16,16,128,64,81.61
16,16,128,128,145.247
16,16,128,256,251.849
16,16,128,512,468.957
16,16,128,1024,906.458
16,16,128,2048,1794.05
16,16,128,4096,3575.79
16,16,128,8192,7139.38
16,16,128,16384,14287.8
16,32,0,0,12.875
16,32,1,16,12.576
16,32,1,32,12.597
16,32,1,64,12.6827
16,32,1,128,14.677
16,32,1,256,18.1547
16,32,1,512,25.1623
16,32,1,1024,39.5197
16,32,1,2048,68.341
16,32,1,4096,125.844
16,32,1,8192,240.403
16,32,1,16384,471.059
16,32,2,16,12.4693
16,32,2,32,12.4583
16,32,2,64,12.5547
16,32,2,128,14.6343
16,32,2,256,18.1433
16,32,2,512,25.1733
16,32,2,1024,39.4657
16,32,2,2048,68.331
16,32,2,4096,126.037
16,32,2,8192,240.852
16,32,2,16384,473.064
16,32,4,16,12.5013
16,32,4,32,12.565
16,32,4,64,12.629
16,32,4,128,14.7623
16,32,4,256,18.3043
16,32,4,512,25.365
16,32,4,1024,39.936
16,32,4,2048,69.2367
16,32,4,4096,127.156
16,32,4,8192,244.116
16,32,4,16384,474.685
16,32,8,16,12.6507
16,32,8,32,12.704
16,32,8,64,12.82
16,32,8,128,14.955
16,32,8,256,18.5593
16,32,8,512,25.76
16,32,8,1024,40.661
16,32,8,2048,69.8553
16,32,8,4096,128.266
16,32,8,8192,246.078
16,32,8,16384,478.504
16,32,16,16,18.315
16,32,16,32,18.6553
16,32,16,64,18.8803
16,32,16,128,24.384
16,32,16,256,31.637
16,32,16,512,45.823
16,32,16,1024,75.5937
16,32,16,2048,136.106
16,32,16,4096,253.609
16,32,16,8192,491.249
16,32,16,16384,962.832
16,32,32,16,28.9067
16,32,32,32,29.333
16,32,32,64,29.749
16,32,32,128,41.0663
16,32,32,256,55.456
16,32,32,512,85.738
16,32,32,1024,147.551
16,32,32,2048,266.601
16,32,32,4096,507.645
16,32,32,8192,1002.86
16,32,32,16384,1971.03
16,32,64,16,44.7887
16,32,64,32,45.7377
16,32,64,64,46.613
16,32,64,128,69.984
16,32,64,256,117.908
16,32,64,512,214.26
16,32,64,1024,390.483
16,32,64,2048,800.976
16,32,64,4096,1696.51
16,32,64,8192,3525.53
16,32,64,16384,7043.53
16,32,128,16,77.3757
16,32,128,32,79.1563
16,32,128,64,81.5773
16,32,128,128,147.306
16,32,128,256,248.596
16,32,128,512,468.328
16,32,128,1024,908.346
16,32,128,2048,1790.86
16,32,128,4096,3580.24
16,32,128,8192,7136.94
16,32,128,16384,14280.5
16,64,0,0,12.9707
16,64,1,16,12.5653
16,64,1,32,12.7037
16,64,1,64,12.7457
16,64,1,128,14.699
16,64,1,256,18.0693
16,64,1,512,25.1307
16,64,1,1024,39.541
16,64,1,2048,68.3197
16,64,1,4096,125.898
16,64,1,8192,240.575
16,64,1,16384,471.09
16,64,2,16,12.4157
16,64,2,32,12.5227
16,64,2,64,12.5867
16,64,2,128,14.613
16,64,2,256,18.0687
16,64,2,512,25.1097
16,64,2,1024,39.5413
16,64,2,2048,68.3617
16,64,2,4096,125.962
16,64,2,8192,240.787
16,64,2,16384,473.127
16,64,4,16,12.4697
16,64,4,32,12.5973
16,64,4,64,12.6507
16,64,4,128,14.8583
16,64,4,256,18.261
16,64,4,512,25.44
16,64,4,1024,39.9467
16,64,4,2048,69.2367
16,64,4,4096,127.146
16,64,4,8192,244.223
16,64,4,16384,474.301
16,64,8,16,12.6293
16,64,8,32,12.7573
16,64,8,64,12.7997
16,64,8,128,14.9227
16,64,8,256,18.5067
16,64,8,512,25.973
16,64,8,1024,40.682
16,64,8,2048,69.8027
16,64,8,4096,128.138
16,64,8,8192,245.631
16,64,8,16384,478.801
16,64,16,16,18.347
16,64,16,32,18.5067
16,64,16,64,18.912
16,64,16,128,24.3947
16,64,16,256,31.765
16,64,16,512,45.8553
16,64,16,1024,75.776
16,64,16,2048,135.253
16,64,16,4096,254.612
16,64,16,8192,489.971
16,64,16,16384,962.981
16,64,32,16,28.7997
16,64,32,32,29.3333
16,64,32,64,29.9193
16,64,32,128,41.152
16,64,32,256,55.4453
16,64,32,512,86.037
16,64,32,1024,147.722
16,64,32,2048,266.835
16,64,32,4096,505.981
16,64,32,8192,992.698
16,64,32,16384,1952.11
16,64,64,16,44.885
16,64,64,32,45.845
16,64,64,64,46.5817
16,64,64,128,70.2923
16,64,64,256,119.551
16,64,64,512,217.023
16,64,64,1024,398.035
16,64,64,2048,797.906
16,64,64,4096,1668.81
16,64,64,8192,3524.49
16,64,64,16384,7049.07
16,64,128,16,77.29
16,64,128,32,79.167
16,64,128,64,81.695
16,64,128,128,147.818
16,64,128,256,248.99
16,64,128,512,470.205
16,64,128,1024,908.956
16,64,128,2048,1791.5
16,64,128,4096,3576.66
16,64,128,8192,7147.58
16,64,128,16384,14279.9
16,128,0,0,16.288
16,128,1,16,14.7737
16,128,1,32,14.858
16,128,1,64,14.88
16,128,1,128,15.8293
16,128,1,256,18.112
16,128,1,512,25.1517
16,128,1,1024,39.5627
16,128,1,2048,68.3837
16,128,1,4096,126.069
16,128,1,8192,240.522
16,128,1,16384,471.07
16,128,2,16,14.7627
16,128,2,32,14.8267
16,128,2,64,14.8263
16,128,2,128,15.8403
16,128,2,256,18.1333
16,128,2,512,25.1307
16,128,2,1024,39.5517
16,128,2,2048,68.2667
16,128,2,4096,126.026
16,128,2,8192,240.841
16,128,2,16384,473.021
16,128,4,16,14.8583
16,128,4,32,14.8693
16,128,4,64,14.912
16,128,4,128,15.9357
16,128,4,256,18.3037
16,128,4,512,25.429
16,128,4,1024,39.871
16,128,4,2048,69.386
16,128,4,4096,127.337
16,128,4,8192,244.211
16,128,4,16384,474.6
16,128,8,16,14.6457
16,128,8,32,14.656
16,128,8,64,14.859
16,128,8,128,16.021
16,128,8,256,18.5813
16,128,8,512,26.0157
16,128,8,1024,40.736
16,128,8,2048,69.887
16,128,8,4096,128.17
16,128,8,8192,246.121
16,128,8,16384,479.122
16,128,16,16,21.7387
16,128,16,32,22.0373
16,128,16,64,22.0907
16,128,16,128,25.5787
16,128,16,256,31.648
16,128,16,512,45.9087
16,128,16,1024,75.744
16,128,16,2048,135.167
16,128,16,4096,253.908
16,128,16,8192,491.326
16,128,16,16384,962.938
16,128,32,16,28.8537
16,128,32,32,29.3227
16,128,32,64,30.005
16,128,32,128,42.6667
16,128,32,256,55.573
16,128,32,512,85.9083
16,128,32,1024,147.487
16,128,32,2048,266.58
16,128,32,4096,507.774
16,128,32,8192,990.469
16,128,32,16384,1948.9
16,128,64,16,44.832
16,128,64,32,45.7913
16,128,64,64,46.4747
16,128,64,128,71.029
16,128,64,256,120.906
16,128,64,512,218.474
16,128,64,1024,395.838
16,128,64,2048,798.556
16,128,64,4096,1655.17
16,128,64,8192,3522.59
16,128,64,16384,7053.41
16,128,128,16,77.4397
16,128,128,32,79.2
16,128,128,64,81.7167
16,128,128,128,149.226
16,128,128,256,252.105
16,128,128,512,470.355
16,128,128,1024,911.89
16,128,128,2048,1794.24
16,128,128,4096,3574.95
16,128,128,8192,7146.32
16,128,128,16384,14276.6
16,256,0,0,19.8293
16,256,1,16,18.304
16,256,1,32,18.2187
16,256,1,64,18.2613
16,256,1,128,18.2507
16,256,1,256,19.456
16,256,1,512,25.1197
16,256,1,1024,39.5513
16,256,1,2048,68.3093
16,256,1,4096,126.005
16,256,1,8192,240.564
16,256,1,16384,471.315
16,256,2,16,18.176
16,256,2,32,18.2613
16,256,2,64,18.2293
16,256,2,128,18.304
16,256,2,256,19.402
16,256,2,512,25.184
16,256,2,1024,39.5413
16,256,2,2048,68.341
16,256,2,4096,126.079
16,256,2,8192,241.001
16,256,2,16384,473.01
16,256,4,16,18.2717
16,256,4,32,18.3147
16,256,4,64,18.3463
16,256,4,128,18.3893
16,256,4,256,19.5947
16,256,4,512,25.4077
16,256,4,1024,40.01
16,256,4,2048,69.3003
16,256,4,4096,127.284
16,256,4,8192,244.329
16,256,4,16384,474.995
16,256,8,16,18.197
16,256,8,32,18.2183
16,256,8,64,18.2827
16,256,8,128,18.293
16,256,8,256,19.7863
16,256,8,512,25.9627
16,256,8,1024,40.9383
16,256,8,2048,69.8763
16,256,8,4096,128.17
16,256,8,8192,246.078
16,256,8,16384,479.71
16,256,16,16,25.237
16,256,16,32,25.4187
16,256,16,64,25.7067
16,256,16,128,28.6823
16,256,16,256,33.098
16,256,16,512,45.9087
16,256,16,1024,75.829
16,256,16,2048,135.338
16,256,16,4096,253.972
16,256,16,8192,490.558
16,256,16,16384,962.309
16,256,32,16,30.7947
16,256,32,32,31.253
16,256,32,64,31.776
16,256,32,128,42.6877
16,256,32,256,57.0987
16,256,32,512,86.165
16,256,32,1024,148.575
16,256,32,2048,269.438
16,256,32,4096,507.378
16,256,32,8192,1000.55
16,256,32,16384,1954.17
16,256,64,16,46.7413
16,256,64,32,47.488
16,256,64,64,48.256
16,256,64,128,71.0077
16,256,64,256,121.728
16,256,64,512,212.777
16,256,64,1024,406.057
16,256,64,2048,807.198
16,256,64,4096,1619.93
16,256,64,8192,3479.97
16,256,64,16384,7069.18
16,256,128,16,77.6957
16,256,128,32,79.4017
16,256,128,64,82.037
16,256,128,128,148.479
16,256,128,256,252.927
16,256,128,512,470.11
16,256,128,1024,910.47
16,256,128,2048,1793.26
16,256,128,4096,3575.12
16,256,128,8192,7151.34
16,256,128,16384,14284.7
16,512,0,0,26.6667
16,512,1,16,25.301
16,512,1,32,25.2693
16,512,1,64,25.3013
16,512,1,128,25.344
16,512,1,256,25.3013
16,512,1,512,26.378
16,512,1,1024,39.6267
16,512,1,2048,68.405
16,512,1,4096,126.016
16,512,1,8192,240.596
16,512,1,16384,471.358
16,512,2,16,25.1623
16,512,2,32,25.205
16,512,2,64,25.2267
16,512,2,128,25.2053
16,512,2,256,25.248
16,512,2,512,26.3463
16,512,2,1024,39.552
16,512,2,2048,68.2887
16,512,2,4096,126.09
16,512,2,8192,240.895
16,512,2,16384,473.299
16,512,4,16,25.1843
16,512,4,32,25.301
16,512,4,64,25.205
16,512,4,128,25.3117
16,512,4,256,25.366
16,512,4,512,26.4743
16,512,4,1024,39.9573
16,512,4,2048,69.3007
16,512,4,4096,127.327
16,512,4,8192,244.351
16,512,4,16384,474.707
16,512,8,16,25.1943
16,512,8,32,25.2267
16,512,8,64,25.248
16,512,8,128,25.3863
16,512,8,256,25.525
16,512,8,512,26.6553
16,512,8,1024,40.9277
16,512,8,2048,69.9307
16,512,8,4096,128.01
16,512,8,8192,246.015
16,512,8,16384,478.867
16,512,16,16,32.096
16,512,16,32,32.2877
16,512,16,64,32.416
16,512,16,128,35.488
16,512,16,256,40.1067
16,512,16,512,47.157
16,512,16,1024,76.021
16,512,16,2048,135.616
16,512,16,4096,253.791
16,512,16,8192,491.453
16,512,16,16384,962.524
16,512,32,16,37.717
16,512,32,32,38.0587
16,512,32,64,38.5707
16,512,32,128,44.789
16,512,32,256,57.1197
16,512,32,512,87.029
16,512,32,1024,146.762
16,512,32,2048,274.452
16,512,32,4096,528.148
16,512,32,8192,1033.53
16,512,32,16384,2073.87
16,512,64,16,53.6103
16,512,64,32,54.56
16,512,64,64,55.3913
16,512,64,128,73.2257
16,512,64,256,121.622
16,512,64,512,215.892
16,512,64,1024,408.766
16,512,64,2048,823.196
16,512,64,4096,1669.7
16,512,64,8192,3521.06
16,512,64,16384,7074.29
16,512,128,16,82.763
16,512,128,32,84.1277
16,512,128,64,86.079
16,512,128,128,150.101
16,512,128,256,253.962
16,512,128,512,472.734
16,512,128,1024,909.916
16,512,128,2048,1797.1
16,512,128,4096,3573.48
16,512,128,8192,7145.59
16,512,128,16384,14379.5
16,1024,0,0,41.066
16,1024,1,16,39.6263
16,1024,1,32,39.6373
16,1024,1,64,39.584
16,1024,1,128,39.6473
16,1024,1,256,39.679
16,1024,1,512,39.648
16,1024,1,1024,40.704
16,1024,1,2048,68.3947
16,1024,1,4096,125.962
16,1024,1,8192,240.681
16,1024,1,16384,471.218
16,1024,2,16,39.4773
16,1024,2,32,39.477
16,1024,2,64,39.477
16,1024,2,128,39.4667
16,1024,2,256,39.5517
16,1024,2,512,39.712
16,1024,2,1024,40.661
16,1024,2,2048,68.4903
16,1024,2,4096,125.963
16,1024,2,8192,240.959
16,1024,2,16384,473.278
16,1024,4,16,39.573
16,1024,4,32,39.6267
16,1024,4,64,39.5727
16,1024,4,128,39.6693
16,1024,4,256,39.7327
16,1024,4,512,39.712
16,1024,4,1024,40.7033
16,1024,4,2048,69.3327
16,1024,4,4096,127.242
16,1024,4,8192,244.383
16,1024,4,16384,474.504
16,1024,8,16,39.5087
16,1024,8,32,39.5307
16,1024,8,64,39.562
16,1024,8,128,39.637
16,1024,8,256,39.8297
16,1024,8,512,40.192
16,1024,8,1024,41.024
16,1024,8,2048,69.9403
16,1024,8,4096,128.159
16,1024,8,8192,246.355
16,1024,8,16384,479.432
16,1024,16,16,45.877
16,1024,16,32,46.1547
16,1024,16,64,46.3463
16,1024,16,128,49.5467
16,1024,16,256,53.4827
16,1024,16,512,60.7143
16,1024,16,1024,77.1837
16,1024,16,2048,135.679
16,1024,16,4096,254.154
16,1024,16,8192,491.293
16,1024,16,16384,964.593
16,1024,32,16,51.5303
16,1024,32,32,51.8283
16,1024,32,64,52.213
16,1024,32,128,58.485
16,1024,32,256,66.6123
16,1024,32,512,87.509
16,1024,32,1024,149.589
16,1024,32,2048,271.764
16,1024,32,4096,529.011
16,1024,32,8192,1063
16,1024,32,16384,2111.33
16,1024,64,16,67.4023
16,1024,64,32,68.5323
16,1024,64,64,69.365
16,1024,64,128,87.509
16,1024,64,256,134.261
16,1024,64,512,217.162
16,1024,64,1024,397.993
16,1024,64,2048,829.042
16,1024,64,4096,1663.76
16,1024,64,8192,3444.49
16,1024,64,16384,7079.1
16,1024,128,16,99.5197
16,1024,128,32,100.767
16,1024,128,64,102.848
16,1024,128,128,161.717
16,1024,128,256,262.09
16,1024,128,512,476.787
16,1024,128,1024,914.695
16,1024,128,2048,1794.81
16,1024,128,4096,3576.02
16,1024,128,8192,7147.94
16,1024,128,16384,14377.6
16,2048,0,0,69.8027
16,2048,1,16,68.2773
16,2048,1,32,68.32
16,2048,1,64,68.2667
16,2048,1,128,68.33
16,2048,1,256,68.2663
16,2048,1,512,68.3407
16,2048,1,1024,68.3947
16,2048,1,2048,69.5893
16,2048,1,4096,126.09
16,2048,1,8192,240.714
16,2048,1,16384,471.326
16,2048,2,16,68.1703
16,2048,2,32,68.2453
16,2048,2,64,68.149
16,2048,2,128,68.2773
16,2048,2,256,68.2027
16,2048,2,512,68.298
16,2048,2,1024,68.3087
16,2048,2,2048,69.2053
16,2048,2,4096,126.101
16,2048,2,8192,240.991
16,2048,2,16384,473.235
16,2048,4,16,68.2557
16,2048,4,32,68.2453
16,2048,4,64,68.2243
16,2048,4,128,68.3093
16,2048,4,256,68.4153
16,2048,4,512,68.4267
16,2048,4,1024,68.5013
16,2048,4,2048,69.5253
16,2048,4,4096,127.498
16,2048,4,8192,244.457
16,2048,4,16384,474.867
16,2048,8,16,68.1597
16,2048,8,32,68.1383
16,2048,8,64,68.213
16,2048,8,128,68.3093
16,2048,8,256,68.3947
16,2048,8,512,69.1943
16,2048,8,1024,69.4717
16,2048,8,2048,70.1867
16,2048,8,4096,128.543
16,2048,8,8192,246.196
16,2048,8,16384,479.561
16,2048,16,16,73.567
16,2048,16,32,73.6427
16,2048,16,64,74.1867
16,2048,16,128,77.1947
16,2048,16,256,81.333
16,2048,16,512,88.544
16,2048,16,1024,103.412
16,2048,16,2048,136.49
16,2048,16,4096,254.143
16,2048,16,8192,491.816
16,2048,16,16384,962.353
16,2048,32,16,78.9973
16,2048,32,32,79.5413
16,2048,32,64,80.1067
16,2048,32,128,86.1973
16,2048,32,256,94.3353
16,2048,32,512,109.824
16,2048,32,1024,149.738
16,2048,32,2048,274.431
16,2048,32,4096,530.835
16,2048,32,8192,1043.01
16,2048,32,16384,2123.85
16,2048,64,16,95.0503
16,2048,64,32,95.9143
16,2048,64,64,96.682
16,2048,64,128,115.125
16,2048,64,256,163.413
16,2048,64,512,246.815
16,2048,64,1024,405.087
16,2048,64,2048,823.687
16,2048,64,4096,1688.2
16,2048,64,8192,3532.11
16,2048,64,16384,7077.12
16,2048,128,16,127.466
16,2048,128,32,128.672
16,2048,128,64,131.616
16,2048,128,128,191.231
16,2048,128,256,293.077
16,2048,128,512,495.678
16,2048,128,1024,918.365
16,2048,128,2048,1799.15
16,2048,128,4096,3576.41
16,2048,128,8192,7147.46
16,2048,128,16384,14296.1
16,4096,0,0,127.317
16,4096,1,16,125.77
16,4096,1,32,125.77
16,4096,1,64,125.643
16,4096,1,128,125.738
16,4096,1,256,125.706
16,4096,1,512,125.781
16,4096,1,1024,125.738
16,4096,1,2048,125.727
16,4096,1,4096,127.082
16,4096,1,8192,240.586
16,4096,1,16384,471.497
16,4096,2,16,125.471
16,4096,2,32,125.429
16,4096,2,64,125.461
16,4096,2,128,125.461
16,4096,2,256,125.578
16,4096,2,512,125.567
16,4096,2,1024,125.738
16,4096,2,2048,125.803
16,4096,2,4096,126.389
16,4096,2,8192,241.13
16,4096,2,16384,473.427
16,4096,4,16,125.546
16,4096,4,32,125.578
16,4096,4,64,125.642
16,4096,4,128,125.653
16,4096,4,256,125.909
16,4096,4,512,125.792
16,4096,4,1024,125.866
16,4096,4,2048,126.314
16,4096,4,4096,127.541
16,4096,4,8192,244.479
16,4096,4,16384,474.676
16,4096,8,16,125.482
16,4096,8,32,125.472
16,4096,8,64,125.515
16,4096,8,128,125.525
16,4096,8,256,125.802
16,4096,8,512,126.197
16,4096,8,1024,126.666
16,4096,8,2048,126.847
16,4096,8,4096,128.309
16,4096,8,8192,246.122
16,4096,8,16384,478.845
16,4096,16,16,128.981
16,4096,16,32,128.928
16,4096,16,64,129.055
16,4096,16,128,132.159
16,4096,16,256,136.842
16,4096,16,512,143.978
16,4096,16,1024,158.41
16,4096,16,2048,191.348
16,4096,16,4096,255.252
16,4096,16,8192,490.856
16,4096,16,16384,964.093
16,4096,32,16,134.368
16,4096,32,32,134.506
16,4096,32,64,135.114
16,4096,32,128,141.834
16,4096,32,256,149.482
16,4096,32,512,164.725
16,4096,32,1024,200.031
16,4096,32,2048,272.191
16,4096,32,4096,515.753
16,4096,32,8192,1044.55
16,4096,32,16384,2079.79
16,4096,64,16,150.122
16,4096,64,32,151.199
16,4096,64,64,151.978
16,4096,64,128,170.975
16,4096,64,256,221.844
16,4096,64,512,303.263
16,4096,64,1024,465.685
16,4096,64,2048,811.783
16,4096,64,4096,1667.52
16,4096,64,8192,3531.78
16,4096,64,16384,7087.46
16,4096,128,16,182.496
16,4096,128,32,183.882
16,4096,128,64,186.847
16,4096,128,128,248.202
16,4096,128,256,349.247
16,4096,128,512,559.219
16,4096,128,1024,958.599
16,4096,128,2048,1805.59
16,4096,128,4096,3588.34
16,4096,128,8192,7146.05
16,4096,128,16384,14286
16,8192,0,0,243.402
16,8192,1,16,241.588
16,8192,1,32,241.727
16,8192,1,64,241.599
16,8192,1,128,241.599
16,8192,1,256,241.62
16,8192,1,512,241.706
16,8192,1,1024,241.834
16,8192,1,2048,241.567
16,8192,1,4096,241.759
16,8192,1,8192,242.026
16,8192,1,16384,471.07
16,8192,2,16,241.215
16,8192,2,32,241.215
16,8192,2,64,241.182
16,8192,2,128,241.215
16,8192,2,256,241.279
16,8192,2,512,241.3
16,8192,2,1024,241.524
16,8192,2,2048,241.503
16,8192,2,4096,241.62
16,8192,2,8192,241.951
16,8192,2,16384,473.534
16,8192,4,16,241.396
16,8192,4,32,241.29
16,8192,4,64,241.428
16,8192,4,128,241.524
16,8192,4,256,241.567
16,8192,4,512,241.706
16,8192,4,1024,242.047
16,8192,4,2048,242.186
16,8192,4,4096,242.036
16,8192,4,8192,244.414
16,8192,4,16384,475.059
16,8192,8,16,241.289
16,8192,8,32,241.279
16,8192,8,64,241.268
16,8192,8,128,241.332
16,8192,8,256,241.545
16,8192,8,512,241.908
16,8192,8,1024,242.462
16,8192,8,2048,242.559
16,8192,8,4096,243.039
16,8192,8,8192,246.495
16,8192,8,16384,480.574
16,8192,16,16,241.343
16,8192,16,32,241.492
16,8192,16,64,241.546
16,8192,16,128,242.943
16,8192,16,256,247.348
16,8192,16,512,254.463
16,8192,16,1024,269.151
16,8192,16,2048,303.071
16,8192,16,4096,367.828
16,8192,16,8192,492.052
16,8192,16,16384,963.516
16,8192,32,16,244.266
16,8192,32,32,245.471
16,8192,32,64,245.407
16,8192,32,128,251.775
16,8192,32,256,260.521
16,8192,32,512,275.647
16,8192,32,1024,309.79
16,8192,32,2048,375.924
16,8192,32,4096,527.092
16,8192,32,8192,1032.26
16,8192,32,16384,2105.07
16,8192,64,16,260.522
16,8192,64,32,261.652
16,8192,64,64,262.239
16,8192,64,128,280.981
16,8192,64,256,330.185
16,8192,64,512,415.551
16,8192,64,1024,582.697
16,8192,64,2048,956.37
16,8192,64,4096,1688.7
16,8192,64,8192,3548.71
16,8192,64,16384,7026.04
16,8192,128,16,292.437
16,8192,128,32,294.175
16,8192,128,64,296.905
16,8192,128,128,357.802
16,8192,128,256,461.481
16,8192,128,512,678.846
16,8192,128,1024,1098.69
16,8192,128,2048,1898.47
16,8192,128,4096,3603.61
16,8192,128,8192,7160.63
16,8192,128,16384,14305.4
16,16384,0,0,477.193
16,16384,1,16,474.932
16,16384,1,32,474.91
16,16384,1,64,474.856
16,16384,1,128,474.782
16,16384,1,256,474.857
16,16384,1,512,474.814
16,16384,1,1024,475.092
16,16384,1,2048,475.145
16,16384,1,4096,474.964
16,16384,1,8192,475.186
16,16384,1,16384,475.7
16,16384,2,16,474.067
16,16384,2,32,474.227
16,16384,2,64,474.121
16,16384,2,128,474.355
16,16384,2,256,474.237
16,16384,2,512,474.29
16,16384,2,1024,474.527
16,16384,2,2048,474.451
16,16384,2,4096,474.664
16,16384,2,8192,474.612
16,16384,2,16384,475.092
16,16384,4,16,474.367
16,16384,4,32,474.59
16,16384,4,64,474.452
16,16384,4,128,474.409
16,16384,4,256,474.463
16,16384,4,512,474.835
16,16384,4,1024,475.102
16,16384,4,2048,475.305
16,16384,4,4096,475.134
16,16384,4,8192,475.486
16,16384,4,16384,476.18
16,16384,8,16,474.216
16,16384,8,32,474.271
16,16384,8,64,474.12
16,16384,8,128,474.332
16,16384,8,256,474.59
16,16384,8,512,474.985
16,16384,8,1024,475.465
16,16384,8,2048,475.369
16,16384,8,4096,475.732
16,16384,8,8192,477.203
16,16384,8,16384,481.14
16,16384,16,16,474.089
16,16384,16,32,474.515
16,16384,16,64,474.046
16,16384,16,128,474.654
16,16384,16,256,474.665
16,16384,16,512,475.603
16,16384,16,1024,490.515
16,16384,16,2048,524.798
16,16384,16,4096,591.806
16,16384,16,8192,721.992
16,16384,16,16384,963.282
16,16384,32,16,474.825
16,16384,32,32,475.23
16,16384,32,64,475.198
16,16384,32,128,475.923
16,16384,32,256,480.587
16,16384,32,512,496.916
16,16384,32,1024,530.59
16,16384,32,2048,599.539
16,16384,32,4096,744.404
16,16384,32,8192,1049.91
16,16384,32,16384,2043.89
16,16384,64,16,482.248
16,16384,64,32,482.814
16,16384,64,64,483.028
16,16384,64,128,501.438
16,16384,64,256,551.24
16,16384,64,512,634.504
16,16384,64,1024,809.876
16,16384,64,2048,1181.44
16,16384,64,4096,1955.13
16,16384,64,8192,3569.01
16,16384,64,16384,7103.09
16,16384,128,16,513.268
16,16384,128,32,514.964
16,16384,128,64,516.638
16,16384,128,128,578.473
16,16384,128,256,680.212
16,16384,128,512,904.712
16,16384,128,1024,1338
16,16384,128,2048,2192.76
16,16384,128,4096,3798.13
16,16384,128,8192,7191.56
16,16384,128,16384,14312.6
32,0,0,0,12.6717
32,0,1,16,12.491
32,0,1,32,12.5013
32,0,1,64,12.4903
32,0,1,128,14.6553
32,0,1,256,18.1543
32,0,1,512,25.1627
32,0,1,1024,39.5943
32,0,1,2048,68.3197
32,0,1,4096,125.994
32,0,1,8192,240.65
32,0,1,16384,471.261
32,0,2,16,12.4587
32,0,2,32,12.426
32,0,2,64,12.533
32,0,2,128,14.6347
32,0,2,256,18.1333
32,0,2,512,25.12
32,0,2,1024,39.5303
32,0,2,2048,68.373
32,0,2,4096,125.963
32,0,2,8192,240.8
32,0,2,16384,473.043
32,0,4,16,12.4373
32,0,4,32,12.5223
32,0,4,64,12.5337
32,0,4,128,14.7733
32,0,4,256,18.3143
32,0,4,512,25.376
32,0,4,1024,39.9683
32,0,4,2048,69.237
32,0,4,4096,127.435
32,0,4,8192,244.234
32,0,4,16384,474.697
32,0,8,16,12.5973
32,0,8,32,12.5867
32,0,8,64,12.555
32,0,8,128,14.8797
32,0,8,256,18.6663
32,0,8,512,26.0587
32,0,8,1024,40.8857
32,0,8,2048,70.037
32,0,8,4096,129.183
32,0,8,8192,245.93
32,0,8,16384,479.145
32,0,16,16,18.2933
32,0,16,32,18.4213
32,0,16,64,18.6987
32,0,16,128,24.2347
32,0,16,256,31.6373
32,0,16,512,45.8233
32,0,16,1024,75.787
32,0,16,2048,135.498
32,0,16,4096,254.133
32,0,16,8192,490.601
32,0,16,16384,962.439
32,0,32,16,28.8217
32,0,32,32,29.3653
32,0,32,64,29.6103
32,0,32,128,41.1413
32,0,32,256,55.6373
32,0,32,512,86.7623
32,0,32,1024,147.551
32,0,32,2048,267.999
32,0,32,4096,508.435
32,0,32,8192,989.17
32,0,32,16384,1955.43
32,0,64,16,44.8213
32,0,64,32,45.8017
32,0,64,64,46.5383
32,0,64,128,71.008
32,0,64,256,120.597
32,0,64,512,220.245
32,0,64,1024,392.863
32,0,64,2048,774.707
32,0,64,4096,1660.22
32,0,64,8192,3520.73
32,0,64,16384,7046.98
32,0,128,16,77.3967
32,0,128,32,79.04
32,0,128,64,81.4187
32,0,128,128,146.709
32,0,128,256,249.941
32,0,128,512,468.98
32,0,128,1024,907.358
32,0,128,2048,1792.01
32,0,128,4096,3573.6
32,0,128,8192,7136.35
32,0,128,16384,14281.5
32,16,0,0,12.8427
32,16,1,16,12.6293
32,16,1,32,12.576
32,16,1,64,12.607
32,16,1,128,14.6347
32,16,1,256,18.059
32,16,1,512,25.1413
32,16,1,1024,39.4667
32,16,1,2048,68.2663
32,16,1,4096,125.866
32,16,1,8192,240.554
32,16,1,16384,471.124
32,16,2,16,12.512
32,16,2,32,12.6077
32,16,2,64,12.6293
32,16,2,128,14.6347
32,16,2,256,18.091
32,16,2,512,25.0873
32,16,2,1024,39.5197
32,16,2,2048,68.512
32,16,2,4096,126.037
32,16,2,8192,240.916
32,16,2,16384,472.958
32,16,4,16,12.534
32,16,4,32,12.6617
32,16,4,64,12.672
32,16,4,128,14.7517
32,16,4,256,18.261
32,16,4,512,25.4173
32,16,4,1024,39.8913
32,16,4,2048,69.248
32,16,4,4096,127.21
32,16,4,8192,244.398
32,16,4,16384,474.899
32,16,8,16,12.6717
32,16,8,32,12.8533
32,16,8,64,12.7897
32,16,8,128,14.9333
32,16,8,256,18.7523
32,16,8,512,26.0377
32,16,8,1024,40.7573
32,16,8,2048,69.8777
32,16,8,4096,128.106
32,16,8,8192,245.738
32,16,8,16384,479.424
32,16,16,16,18.4107
32,16,16,32,18.677
32,16,16,64,18.9653
32,16,16,128,24.3413
32,16,16,256,31.6907
32,16,16,512,45.8663
32,16,16,1024,75.659
32,16,16,2048,135.68
32,16,16,4096,254.666
32,16,16,8192,490.421
32,16,16,16384,963.346
32,16,32,16,28.8307
32,16,32,32,29.376
32,16,32,64,30.0587
32,16,32,128,41.0873
32,16,32,256,55.6907
32,16,32,512,86.4317
32,16,32,1024,147.892
32,16,32,2048,267.284
32,16,32,4096,508.404
32,16,32,8192,994.642
32,16,32,16384,1968.09
32,16,64,16,44.8743
32,16,64,32,45.675
32,16,64,64,46.677
32,16,64,128,70.8053
32,16,64,256,121.245
32,16,64,512,215.946
32,16,64,1024,393.369
32,16,64,2048,792.286
32,16,64,4096,1706.72
32,16,64,8192,3524.92
32,16,64,16384,7060.34
32,16,128,16,77.4183
32,16,128,32,79.1357
32,16,128,64,81.7807
32,16,128,128,147.114
32,16,128,256,248.607
32,16,128,512,468.649
32,16,128,1024,908.808
32,16,128,2048,1791.32
32,16,128,4096,3574.86
32,16,128,8192,7132.42
32,16,128,16384,14282.3
32,32,0,0,12.864
32,32,1,16,12.4907
32,32,1,32,12.587
32,32,1,64,12.576
32,32,1,128,14.6347
32,32,1,256,18.1647
32,32,1,512,25.1413
32,32,1,1024,39.5627
32,32,1,2048,68.469
32,32,1,4096,126.037
32,32,1,8192,240.521
32,32,1,16384,471.165
32,32,2,16,12.4903
32,32,2,32,12.5333
32,32,2,64,12.5653
32,32,2,128,14.677
32,32,2,256,18.091
32,32,2,512,25.2477
32,32,2,1024,39.5733
32,32,2,2048,68.5123
32,32,2,4096,126.058
32,32,2,8192,240.992
32,32,2,16384,473.172
32,32,4,16,12.4483
32,32,4,32,12.6187
32,32,4,64,12.6503
32,32,4,128,14.7947
32,32,4,256,18.2827
32,32,4,512,25.4293
32,32,4,1024,39.957
32,32,4,2048,69.3437
32,32,4,4096,127.296
32,32,4,8192,244.395
32,32,4,16384,474.644
32,32,8,16,12.608
32,32,8,32,12.843
32,32,8,64,12.864
32,32,8,128,14.9013
32,32,8,256,18.4637
32,32,8,512,25.8667
32,32,8,1024,40.8747
32,32,8,2048,70.0797
32,32,8,4096,128.48
32,32,8,8192,245.929
32,32,8,16384,478.878
32,32,16,16,18.368
32,32,16,32,18.528
32,32,16,64,18.9443
32,32,16,128,24.2237
32,32,16,256,31.733
32,32,16,512,45.8987
32,32,16,1024,75.765
32,32,16,2048,135.359
32,32,16,4096,254.154
32,32,16,8192,490.836
32,32,16,16384,961.212
32,32,32,16,28.8847
32,32,32,32,29.4083
32,32,32,64,30.0053
32,32,32,128,41.1413
32,32,32,256,55.52
32,32,32,512,86.5477
32,32,32,1024,148.074
32,32,32,2048,269.428
32,32,32,4096,508.788
32,32,32,8192,992.638
32,32,32,16384,1976.13
32,32,64,16,44.811
32,32,64,32,45.7493
32,32,64,64,46.56
32,32,64,128,70.848
32,32,64,256,121.354
32,32,64,512,221.386
32,32,64,1024,395.423
32,32,64,2048,794.239
32,32,64,4096,1672.81
32,32,64,8192,3505.09
32,32,64,16384,7048.61
32,32,128,16,77.5463
32,32,128,32,79.104
32,32,128,64,81.877
32,32,128,128,146.698
32,32,128,256,248.501
32,32,128,512,470.442
32,32,128,1024,909.341
32,32,128,2048,1795.02
32,32,128,4096,3572.64
32,32,128,8192,7142.92
32,32,128,16384,14275.6
32,64,0,0,12.981
32,64,1,16,12.5757
32,64,1,32,12.6397
32,64,1,64,12.6933
32,64,1,128,14.7307
32,64,1,256,18.1117
32,64,1,512,25.12
32,64,1,1024,39.509
32,64,1,2048,68.384
32,64,1,4096,125.952
32,64,1,8192,240.543
32,64,1,16384,471.314
32,64,2,16,12.4483
32,64,2,32,12.597
32,64,2,64,12.5867
32,64,2,128,14.656
32,64,2,256,18.1437
32,64,2,512,25.1413
32,64,2,1024,39.52
32,64,2,2048,68.3623
32,64,2,4096,126.037
32,64,2,8192,240.853
32,64,2,16384,473.215
32,64,4,16,12.5333
32,64,4,32,12.6293
32,64,4,64,12.6933
32,64,4,128,14.805
32,64,4,256,18.2723
32,64,4,512,25.408
32,64,4,1024,39.8827
32,64,4,2048,69.2583
32,64,4,4096,127.2
32,64,4,8192,244.267
32,64,4,16384,474.74
32,64,8,16,12.6723
32,64,8,32,12.7893
32,64,8,64,12.8427
32,64,8,128,14.9013
32,64,8,256,18.5593
32,64,8,512,25.7383
32,64,8,1024,40.469
32,64,8,2048,69.824
32,64,8,4096,128.362
32,64,8,8192,246.485
32,64,8,16384,479.264
32,64,16,16,18.507
32,64,16,32,18.6983
32,64,16,64,18.944
32,64,16,128,24.277
32,64,16,256,31.5733
32,64,16,512,45.952
32,64,16,1024,75.9567
32,64,16,2048,136.138
32,64,16,4096,254.548
32,64,16,8192,491.285
32,64,16,16384,961.6
32,64,32,16,28.8213
32,64,32,32,29.3757
32,64,32,64,29.845
32,64,32,128,41.2907
32,64,32,256,55.68
32,64,32,512,86.315
32,64,32,1024,147.392
32,64,32,2048,267.369
32,64,32,4096,507.316
32,64,32,8192,1001.19
32,64,32,16384,1973.14
32,64,64,16,44.8743
32,64,64,32,45.664
32,64,64,64,46.506
32,64,64,128,70.954
32,64,64,256,120.106
32,64,64,512,219.754
32,64,64,1024,394.794
32,64,64,2048,786.708
32,64,64,4096,1710.88
32,64,64,8192,3513.35
32,64,64,16384,7049.74
32,64,128,16,77.4713
32,64,128,32,79.0927
32,64,128,64,81.8343
32,64,128,128,147.605
32,64,128,256,248.884
32,64,128,512,468.298
32,64,128,1024,911.316
32,64,128,2048,1793.64
32,64,128,4096,3574.51
32,64,128,8192,7140.17
32,64,128,16384,14281.3
32,128,0,0,16.4267
32,128,1,16,14.9653
32,128,1,32,14.9973
32,128,1,64,14.987
32,128,1,128,15.904
32,128,1,256,18.1017
32,128,1,512,25.2053
32,128,1,1024,39.5307
32,128,1,2048,68.469
32,128,1,4096,125.983
32,128,1,8192,240.65
32,128,1,16384,471.06
32,128,2,16,14.9973
32,128,2,32,14.944
32,128,2,64,15.0073
32,128,2,128,15.9147
32,128,2,256,18.176
32,128,2,512,25.1623
32,128,2,1024,39.5193
32,128,2,2048,68.2773
32,128,2,4096,126.047
32,128,2,8192,240.778
32,128,2,16384,473.535
32,128,4,16,15.104
32,128,4,32,15.0613
32,128,4,64,15.1357
32,128,4,128,15.861
32,128,4,256,18.2933
32,128,4,512,25.3757
32,128,4,1024,39.8403
32,128,4,2048,69.2043
32,128,4,4096,127.402
32,128,4,8192,244.266
32,128,4,16384,474.676
32,128,8,16,14.8473
32,128,8,32,14.88
32,128,8,64,14.9653
32,128,8,128,16.0637
32,128,8,256,18.5387
32,128,8,512,25.92
32,128,8,1024,40.672
32,128,8,2048,70.0053
32,128,8,4096,128.298
32,128,8,8192,245.727
32,128,8,16384,479.007
32,128,16,16,22.0053
32,128,16,32,22.1863
32,128,16,64,22.2827
32,128,16,128,25.7603
32,128,16,256,31.584
32,128,16,512,45.888
32,128,16,1024,75.765
32,128,16,2048,135.455
32,128,16,4096,253.93
32,128,16,8192,490.281
32,128,16,16384,961.769
32,128,32,16,28.7997
32,128,32,32,29.354
32,128,32,64,30.0803
32,128,32,128,42.56
32,128,32,256,55.7647
32,128,32,512,86.4217
32,128,32,1024,148.384
32,128,32,2048,268.938
32,128,32,4096,508.724
32,128,32,8192,998.792
32,128,32,16384,1982.51
32,128,64,16,44.757
32,128,64,32,45.8237
32,128,64,64,46.7837
32,128,64,128,71.7227
32,128,64,256,123.733
32,128,64,512,216.362
32,128,64,1024,405.525
32,128,64,2048,800.66
32,128,64,4096,1661.23
32,128,64,8192,3475.35
32,128,64,16384,7064.23
32,128,128,16,77.397
32,128,128,32,79.1893
32,128,128,64,81.8557
32,128,128,128,147.765
32,128,128,256,251.007
32,128,128,512,469.673
32,128,128,1024,909.203
32,128,128,2048,1796.94
32,128,128,4096,3576.98
32,128,128,8192,7149.59
32,128,128,16384,14287.2
32,256,0,0,19.904
32,256,1,16,18.4537
32,256,1,32,18.4213
32,256,1,64,18.432
32,256,1,128,18.6563
32,256,1,256,19.4557
32,256,1,512,25.1627
32,256,1,1024,39.5837
32,256,1,2048,68.4053
32,256,1,4096,125.994
32,256,1,8192,240.575
32,256,1,16384,471.242
32,256,2,16,18.4107
32,256,2,32,18.453
32,256,2,64,18.4213
32,256,2,128,18.6237
32,256,2,256,19.413
32,256,2,512,25.1623
32,256,2,1024,39.552
32,256,2,2048,68.469
32,256,2,4096,126.016
32,256,2,8192,240.874
32,256,2,16384,473.343
32,256,4,16,18.5063
32,256,4,32,18.5917
32,256,4,64,18.4857
32,256,4,128,18.816
32,256,4,256,19.5307
32,256,4,512,25.45
32,256,4,1024,40.021
32,256,4,2048,69.2583
32,256,4,4096,127.253
32,256,4,8192,244.255
32,256,4,16384,474.857
32,256,8,16,18.4857
32,256,8,32,18.4853
32,256,8,64,18.4743
32,256,8,128,18.848
32,256,8,256,19.786
32,256,8,512,26.0903
32,256,8,1024,41.0983
32,256,8,2048,69.8243
32,256,8,4096,128.512
32,256,8,8192,246.261
32,256,8,16384,478.793
32,256,16,16,25.3547
32,256,16,32,25.6853
32,256,16,64,25.7813
32,256,16,128,29.2267
32,256,16,256,33.3547
32,256,16,512,46.048
32,256,16,1024,75.7437
32,256,16,2048,135.252
32,256,16,4096,254.26
32,256,16,8192,491.114
32,256,16,16384,962.685
32,256,32,16,31.1143
32,256,32,32,31.4663
32,256,32,64,32.1707
32,256,32,128,42.7307
32,256,32,256,57.216
32,256,32,512,86.741
32,256,32,1024,149.728
32,256,32,2048,270.154
32,256,32,4096,510.697
32,256,32,8192,1000.33
32,256,32,16384,1985.57
32,256,64,16,46.987
32,256,64,32,47.6793
32,256,64,64,48.4373
32,256,64,128,71.7437
32,256,64,256,125.535
32,256,64,512,213.13
32,256,64,1024,408.095
32,256,64,2048,821.097
32,256,64,4096,1692.34
32,256,64,8192,3448.01
32,256,64,16384,7060.99
32,256,128,16,77.6957
32,256,128,32,79.5307
32,256,128,64,82.2827
32,256,128,128,149.589
32,256,128,256,253.28
32,256,128,512,469.631
32,256,128,1024,911.529
32,256,128,2048,1795.64
32,256,128,4096,3576.12
32,256,128,8192,7151.45
32,256,128,16384,14278.2
32,512,0,0,26.848
32,512,1,16,25.5043
32,512,1,32,25.4827
32,512,1,64,25.5463
32,512,1,128,25.4503
32,512,1,256,25.6107
32,512,1,512,26.3787
32,512,1,1024,39.5413
32,512,1,2048,68.4797
32,512,1,4096,125.94
32,512,1,8192,240.66
32,512,1,16384,471.381
32,512,2,16,25.3973
32,512,2,32,25.4187
32,512,2,64,25.4087
32,512,2,128,25.5363
32,512,2,256,25.4827
32,512,2,512,26.368
32,512,2,1024,39.5627
32,512,2,2048,68.4797
32,512,2,4096,125.984
32,512,2,8192,241.023
32,512,2,16384,473.183
32,512,4,16,25.4507
32,512,4,32,25.4823
32,512,4,64,25.5457
32,512,4,128,25.7063
32,512,4,256,25.9623
32,512,4,512,26.4427
32,512,4,1024,40.0747
32,512,4,2048,69.279
32,512,4,4096,127.413
32,512,4,8192,244.436
32,512,4,16384,474.986
32,512,8,16,25.4397
32,512,8,32,25.493
32,512,8,64,25.4827
32,512,8,128,25.7707
32,512,8,256,26.091
32,512,8,512,26.827
32,512,8,1024,40.7147
32,512,8,2048,70.0907
32,512,8,4096,128.779
32,512,8,8192,246.068
32,512,8,16384,479.039
32,512,16,16,32.2987
32,512,16,32,32.48
32,512,16,64,32.672
32,512,16,128,36.2343
32,512,16,256,40.309
32,512,16,512,47.3063
32,512,16,1024,75.8507
32,512,16,2048,135.509
32,512,16,4096,253.888
32,512,16,8192,491.316
32,512,16,16384,962.249
32,512,32,16,37.8773
32,512,32,32,38.2827
32,512,32,64,38.6987
32,512,32,128,45.5147
32,512,32,256,57.1947
32,512,32,512,87.9887
32,512,32,1024,147.402
32,512,32,2048,274.721
32,512,32,4096,526.697
32,512,32,8192,1017.62
32,512,32,16384,2099.61
32,512,64,16,53.9413
32,512,64,32,54.496
32,512,64,64,55.424
32,512,64,128,74.7307
32,512,64,256,123.317
32,512,64,512,219.103
32,512,64,1024,412.202
32,512,64,2048,825.258
32,512,64,4096,1695.05
32,512,64,8192,3535.73
32,512,64,16384,7076.7
32,512,128,16,82.7943
32,512,128,32,84.3623
32,512,128,64,86.2717
32,512,128,128,149.387
32,512,128,256,253.792
32,512,128,512,474.09
32,512,128,1024,910.932
32,512,128,2048,1799.73
32,512,128,4096,3580.02
32,512,128,8192,7151.39
32,512,128,16384,14293.3
32,1024,0,0,41.141
32,1024,1,16,39.8503
32,1024,1,32,39.8713
32,1024,1,64,39.8397
32,1024,1,128,39.8297
32,1024,1,256,39.851
32,1024,1,512,39.9467
32,1024,1,1024,40.8213
32,1024,1,2048,68.3947
32,1024,1,4096,126.004
32,1024,1,8192,240.608
32,1024,1,16384,471.423
32,1024,2,16,39.7113
32,1024,2,32,39.7443
32,1024,2,64,39.744
32,1024,2,128,39.765
32,1024,2,256,39.8287
32,1024,2,512,40.149
32,1024,2,1024,40.7037
32,1024,2,2048,68.448
32,1024,2,4096,125.983
32,1024,2,8192,240.906
32,1024,2,16384,473.365
32,1024,4,16,39.723
32,1024,4,32,39.808
32,1024,4,64,39.797
32,1024,4,128,40.0323
32,1024,4,256,40.128
32,1024,4,512,40.4593
32,1024,4,1024,40.7037
32,1024,4,2048,69.2157
32,1024,4,4096,127.326
32,1024,4,8192,244.33
32,1024,4,16384,474.783
32,1024,8,16,39.7017
32,1024,8,32,39.712
32,1024,8,64,39.6903
32,1024,8,128,40.0637
32,1024,8,256,40.4587
32,1024,8,512,40.8957
32,1024,8,1024,41.3017
32,1024,8,2048,69.9413
32,1024,8,4096,128.448
32,1024,8,8192,246.293
32,1024,8,16384,479.401
32,1024,16,16,46.0797
32,1024,16,32,46.2507
32,1024,16,64,46.5493
32,1024,16,128,49.8453
32,1024,16,256,53.9727
32,1024,16,512,61.066
32,1024,16,1024,77.1523
32,1024,16,2048,136.181
32,1024,16,4096,254.55
32,1024,16,8192,492.586
32,1024,16,16384,963.818
32,1024,32,16,51.7227
32,1024,32,32,52.0427
32,1024,32,64,52.437
32,1024,32,128,59.104
32,1024,32,256,66.88
32,1024,32,512,88.0213
32,1024,32,1024,149.76
32,1024,32,2048,272.693
32,1024,32,4096,532.244
32,1024,32,8192,1074.86
32,1024,32,16384,2097.78
32,1024,64,16,67.85
32,1024,64,32,68.736
32,1024,64,64,69.4397
32,1024,64,128,88.533
32,1024,64,256,136.245
32,1024,64,512,219.466
32,1024,64,1024,399.316
32,1024,64,2048,822.228
32,1024,64,4096,1667.83
32,1024,64,8192,3517.28
32,1024,64,16384,7094.57
32,1024,128,16,99.5837
32,1024,128,32,101.173
32,1024,128,64,103.53
32,1024,128,128,161.397
32,1024,128,256,262.613
32,1024,128,512,475.008
32,1024,128,1024,917.044
32,1024,128,2048,1796.69
32,1024,128,4096,3579.04
32,1024,128,8192,7151.01
32,1024,128,16384,14290.2
32,2048,0,0,69.9733
32,2048,1,16,68.4797
32,2048,1,32,68.5547
32,2048,1,64,68.5227
32,2048,1,128,68.6293
32,2048,1,256,68.544
32,2048,1,512,68.6403
32,2048,1,1024,68.6077
32,2048,1,2048,69.7063
32,2048,1,4096,126.047
32,2048,1,8192,240.682
32,2048,1,16384,471.316
32,2048,2,16,68.4477
32,2048,2,32,68.405
32,2048,2,64,68.4373
32,2048,2,128,68.5113
32,2048,2,256,68.5753
32,2048,2,512,68.6077
32,2048,2,1024,68.715
32,2048,2,2048,69.2373
32,2048,2,4096,126.197
32,2048,2,8192,241.002
32,2048,2,16384,473.236
32,2048,4,16,68.4373
32,2048,4,32,68.416
32,2048,4,64,68.438
32,2048,4,128,68.672
32,2048,4,256,68.917
32,2048,4,512,69.1093
32,2048,4,1024,69.0667
32,2048,4,2048,69.344
32,2048,4,4096,127.253
32,2048,4,8192,244.49
32,2048,4,16384,474.815
32,2048,8,16,68.3947
32,2048,8,32,68.405
32,2048,8,64,68.4373
32,2048,8,128,68.6927
32,2048,8,256,69.152
32,2048,8,512,69.536
32,2048,8,1024,69.536
32,2048,8,2048,70.176
32,2048,8,4096,128.256
32,2048,8,8192,245.92
32,2048,8,16384,479.306
32,2048,16,16,73.7277
32,2048,16,32,73.973
32,2048,16,64,74.0693
32,2048,16,128,77.4077
32,2048,16,256,81.7597
32,2048,16,512,88.9273
32,2048,16,1024,104.864
32,2048,16,2048,136.298
32,2048,16,4096,254.645
32,2048,16,8192,492.042
32,2048,16,16384,967.123
32,2048,32,16,79.3707
32,2048,32,32,79.648
32,2048,32,64,80.2877
32,2048,32,128,86.6453
32,2048,32,256,94.4427
32,2048,32,512,110.859
32,2048,32,1024,151.99
32,2048,32,2048,271.936
32,2048,32,4096,529.162
32,2048,32,8192,1054.91
32,2048,32,16384,2080.49
32,2048,64,16,95.3707
32,2048,64,32,96.1493
32,2048,64,64,96.992
32,2048,64,128,116.373
32,2048,64,256,166.698
32,2048,64,512,250.047
32,2048,64,1024,405.792
32,2048,64,2048,820.158
32,2048,64,4096,1708.46
32,2048,64,8192,3465.11
32,2048,64,16384,7054.07
32,2048,128,16,127.648
32,2048,128,32,129.205
32,2048,128,64,131.882
32,2048,128,128,191.466
32,2048,128,256,290.794
32,2048,128,512,491.936
32,2048,128,1024,920.201
32,2048,128,2048,1800.87
32,2048,128,4096,3580.35
32,2048,128,8192,7149.67
32,2048,128,16384,14302.3
32,4096,0,0,127.391
32,4096,1,16,125.91
32,4096,1,32,125.962
32,4096,1,64,125.866
32,4096,1,128,125.909
32,4096,1,256,126.026
32,4096,1,512,125.962
32,4096,1,1024,126.048
32,4096,1,2048,126.144
32,4096,1,4096,127.295
32,4096,1,8192,240.671
32,4096,1,16384,471.37
32,4096,2,16,125.728
32,4096,2,32,125.653
32,4096,2,64,125.685
32,4096,2,128,125.781
32,4096,2,256,125.855
32,4096,2,512,126.027
32,4096,2,1024,126.005
32,4096,2,2048,126.187
32,4096,2,4096,126.698
32,4096,2,8192,240.746
32,4096,2,16384,473.822
32,4096,4,16,125.802
32,4096,4,32,125.77
32,4096,4,64,125.77
32,4096,4,128,126.026
32,4096,4,256,126.208
32,4096,4,512,126.442
32,4096,4,1024,126.464
32,4096,4,2048,126.666
32,4096,4,4096,127.391
32,4096,4,8192,244.683
32,4096,4,16384,475.019
32,4096,8,16,125.77
32,4096,8,32,125.782
32,4096,8,64,125.792
32,4096,8,128,126.186
32,4096,8,256,126.453
32,4096,8,512,126.741
32,4096,8,1024,126.89
32,4096,8,2048,127.318
32,4096,8,4096,128.629
32,4096,8,8192,245.483
32,4096,8,16384,479.178
32,4096,16,16,128.886
32,4096,16,32,129.355
32,4096,16,64,129.461
32,4096,16,128,132.778
32,4096,16,256,136.939
32,4096,16,512,144.021
32,4096,16,1024,158.794
32,4096,16,2048,192.576
32,4096,16,4096,255.081
32,4096,16,8192,491.615
32,4096,16,16384,965.599
32,4096,32,16,134.635
32,4096,32,32,134.933
32,4096,32,64,135.391
32,4096,32,128,141.984
32,4096,32,256,150.026
32,4096,32,512,165.632
32,4096,32,1024,201.738
32,4096,32,2048,274.581
32,4096,32,4096,518.572
32,4096,32,8192,1048.92
32,4096,32,16384,2079.57
32,4096,64,16,150.72
32,4096,64,32,151.498
32,4096,64,64,152.245
32,4096,64,128,171.904
32,4096,64,256,222.399
32,4096,64,512,307.146
32,4096,64,1024,474.965
32,4096,64,2048,843.092
32,4096,64,4096,1643.23
32,4096,64,8192,3536.2
32,4096,64,16384,7085.85
32,4096,128,16,182.848
32,4096,128,32,184.128
32,4096,128,64,187.723
32,4096,128,128,246.251
32,4096,128,256,351.808
32,4096,128,512,562.826
32,4096,128,1024,971.69
32,4096,128,2048,1809.79
32,4096,128,4096,3587.97
32,4096,128,8192,7155.65
32,4096,128,16384,14296.3
32,8192,0,0,243.53
32,8192,1,16,241.792
32,8192,1,32,241.748
32,8192,1,64,241.877
32,8192,1,128,241.931
32,8192,1,256,241.866
32,8192,1,512,241.941
32,8192,1,1024,241.94
32,8192,1,2048,241.92
32,8192,1,4096,241.973
32,8192,1,8192,242.122
32,8192,1,16384,471.454
32,8192,2,16,241.514
32,8192,2,32,241.44
32,8192,2,64,241.418
32,8192,2,128,241.429
32,8192,2,256,241.621
32,8192,2,512,241.739
32,8192,2,1024,241.695
32,8192,2,2048,241.898
32,8192,2,4096,241.728
32,8192,2,8192,241.972
32,8192,2,16384,473.301
32,8192,4,16,241.503
32,8192,4,32,241.535
32,8192,4,64,241.557
32,8192,4,128,241.738
32,8192,4,256,242.004
32,8192,4,512,241.983
32,8192,4,1024,242.09
32,8192,4,2048,242.219
32,8192,4,4096,242.25
32,8192,4,8192,244.447
32,8192,4,16384,475.764
32,8192,8,16,241.525
32,8192,8,32,241.439
32,8192,8,64,241.471
32,8192,8,128,241.92
32,8192,8,256,242.07
32,8192,8,512,242.346
32,8192,8,1024,242.591
32,8192,8,2048,242.826
32,8192,8,4096,243.242
32,8192,8,8192,246.507
32,8192,8,16384,480.992
32,8192,16,16,241.568
32,8192,16,32,241.685
32,8192,16,64,241.652
32,8192,16,128,243.306
32,8192,16,256,247.85
32,8192,16,512,254.335
32,8192,16,1024,269.236
32,8192,16,2048,303.572
32,8192,16,4096,368.149
32,8192,16,8192,492.266
32,8192,16,16384,966.921
32,8192,32,16,245.492
32,8192,32,32,245.055
32,8192,32,64,246.059
32,8192,32,128,252.34
32,8192,32,256,260.266
32,8192,32,512,276.533
32,8192,32,1024,310.517
32,8192,32,2048,376.703
32,8192,32,4096,530.099
32,8192,32,8192,1037.28
32,8192,32,16384,2068.11
32,8192,64,16,260.991
32,8192,64,32,262.015
32,8192,64,64,262.324
32,8192,64,128,281.397
32,8192,64,256,330.229
32,8192,64,512,416.757
32,8192,64,1024,588.512
32,8192,64,2048,955.328
32,8192,64,4096,1703.41
32,8192,64,8192,3555.7
32,8192,64,16384,7080.85
32,8192,128,16,292.917
32,8192,128,32,294.464
32,8192,128,64,297.109
32,8192,128,128,356.384
32,8192,128,256,460.597
32,8192,128,512,680.49
32,8192,128,1024,1102.94
32,8192,128,2048,1904.7
32,8192,128,4096,3607.97
32,8192,128,8192,7163.05
32,8192,128,16384,14295.4
32,16384,0,0,477.364
32,16384,1,16,475.082
32,16384,1,32,475.168
32,16384,1,64,475.177
32,16384,1,128,475.114
32,16384,1,256,475.082
32,16384,1,512,475.211
32,16384,1,1024,475.21
32,16384,1,2048,475.135
32,16384,1,4096,475.296
32,16384,1,8192,475.422
32,16384,1,16384,475.476
32,16384,2,16,474.399
32,16384,2,32,474.591
32,16384,2,64,474.357
32,16384,2,128,474.707
32,16384,2,256,474.784
32,16384,2,512,474.74
32,16384,2,1024,474.698
32,16384,2,2048,474.655
32,16384,2,4096,474.74
32,16384,2,8192,474.772
32,16384,2,16384,475.295
32,16384,4,16,474.847
32,16384,4,32,474.73
32,16384,4,64,474.666
32,16384,4,128,474.901
32,16384,4,256,475.039
32,16384,4,512,475.145
32,16384,4,1024,475.134
32,16384,4,2048,475.392
32,16384,4,4096,475.925
32,16384,4,8192,475.807
32,16384,4,16384,477.067
32,16384,8,16,474.304
32,16384,8,32,474.346
32,16384,8,64,474.527
32,16384,8,128,474.921
32,16384,8,256,475.007
32,16384,8,512,475.348
32,16384,8,1024,475.594
32,16384,8,2048,475.69
32,16384,8,4096,476.49
32,16384,8,8192,478.111
32,16384,8,16384,481.78
32,16384,16,16,474.474
32,16384,16,32,474.261
32,16384,16,64,474.217
32,16384,16,128,475.029
32,16384,16,256,475.584
32,16384,16,512,476.074
32,16384,16,1024,491.285
32,16384,16,2048,525.429
32,16384,16,4096,592.18
32,16384,16,8192,721.631
32,16384,16,16384,965.78
32,16384,32,16,475.317
32,16384,32,32,475.391
32,16384,32,64,475.135
32,16384,32,128,477.012
32,16384,32,256,480.757
32,16384,32,512,497.898
32,16384,32,1024,531.381
32,16384,32,2048,598.196
32,16384,32,4096,738.773
32,16384,32,8192,1038.46
32,16384,32,16384,2078.25
32,16384,64,16,481.364
32,16384,64,32,482.164
32,16384,64,64,483.584
32,16384,64,128,503.124
32,16384,64,256,552.693
32,16384,64,512,639.082
32,16384,64,1024,809.034
32,16384,64,2048,1181.03
32,16384,64,4096,1989.58
32,16384,64,8192,3565.12
32,16384,64,16384,7093.84
32,16384,128,16,513.268
32,16384,128,32,514.88
32,16384,128,64,518.506
32,16384,128,128,579.211
32,16384,128,256,684.063
32,16384,128,512,899.903
32,16384,128,1024,1337.9
32,16384,128,2048,2183.38
32,16384,128,4096,3802.84
32,16384,128,8192,7192.7
32,16384,128,16384,14320.8
64,0,0,0,13.216
64,0,1,16,12.8
64,0,1,32,12.992
64,0,1,64,13.0137
64,0,1,128,14.7513
64,0,1,256,18.1547
64,0,1,512,25.1733
64,0,1,1024,39.5947
64,0,1,2048,68.4693
64,0,1,4096,126.048
64,0,1,8192,240.587
64,0,1,16384,471.434
64,0,2,16,12.7893
64,0,2,32,12.8743
64,0,2,64,12.9277
64,0,2,128,14.7513
64,0,2,256,18.1643
64,0,2,512,25.2253
64,0,2,1024,39.562
64,0,2,2048,68.395
64,0,2,4096,126.186
64,0,2,8192,240.832
64,0,2,16384,473.29
64,0,4,16,12.8427
64,0,4,32,12.9387
64,0,4,64,13.056
64,0,4,128,14.8373
64,0,4,256,18.3573
64,0,4,512,25.4503
64,0,4,1024,40.0853
64,0,4,2048,69.4823
64,0,4,4096,127.381
64,0,4,8192,244.342
64,0,4,16384,474.89
64,0,8,16,12.938
64,0,8,32,13.034
64,0,8,64,13.0773
64,0,8,128,15.0083
64,0,8,256,18.581
64,0,8,512,25.9523
64,0,8,1024,40.7787
64,0,8,2048,69.8343
64,0,8,4096,128.33
64,0,8,8192,246.271
64,0,8,16384,479.146
64,0,16,16,18.8907
64,0,16,32,18.8587
64,0,16,64,19.168
64,0,16,128,24.288
64,0,16,256,31.733
64,0,16,512,45.9943
64,0,16,1024,76.0847
64,0,16,2048,135.178
64,0,16,4096,254.133
64,0,16,8192,490.549
64,0,16,16384,961.002
64,0,32,16,28.9707
64,0,32,32,29.451
64,0,32,64,29.9623
64,0,32,128,41.2693
64,0,32,256,55.68
64,0,32,512,87.4133
64,0,32,1024,148.896
64,0,32,2048,268.245
64,0,32,4096,513.952
64,0,32,8192,991.424
64,0,32,16384,1981.99
64,0,64,16,44.832
64,0,64,32,45.781
64,0,64,64,46.6887
64,0,64,128,70.656
64,0,64,256,120.01
64,0,64,512,217.734
64,0,64,1024,392.788
64,0,64,2048,777.291
64,0,64,4096,1675.92
64,0,64,8192,3512.4
64,0,64,16384,7052.18
64,0,128,16,77.2373
64,0,128,32,79.0613
64,0,128,64,82.4957
64,0,128,128,152.128
64,0,128,256,254.208
64,0,128,512,475.061
64,0,128,1024,914.303
64,0,128,2048,1796.4
64,0,128,4096,3584.21
64,0,128,8192,7140.41
64,0,128,16384,14285.4
64,16,0,0,13.3547
64,16,1,16,12.8637
64,16,1,32,12.992
64,16,1,64,12.992
64,16,1,128,14.6987
64,16,1,256,18.1653
64,16,1,512,25.1627
64,16,1,1024,39.6263
64,16,1,2048,68.4057
64,16,1,4096,126.026
64,16,1,8192,240.597
64,16,1,16384,471.455
64,16,2,16,12.7353
64,16,2,32,12.8853
64,16,2,64,12.9273
64,16,2,128,14.6877
64,16,2,256,18.2293
64,16,2,512,25.2267
64,16,2,1024,39.616
64,16,2,2048,68.448
64,16,2,4096,126.101
64,16,2,8192,241.045
64,16,2,16384,473.138
64,16,4,16,12.8103
64,16,4,32,12.9707
64,16,4,64,12.9817
64,16,4,128,14.8697
64,16,4,256,18.432
64,16,4,512,25.4617
64,16,4,1024,40.1387
64,16,4,2048,69.4397
64,16,4,4096,127.368
64,16,4,8192,244.309
64,16,4,16384,474.847
64,16,8,16,12.928
64,16,8,32,13.067
64,16,8,64,13.1197
64,16,8,128,15.0183
64,16,8,256,18.538
64,16,8,512,25.9843
64,16,8,1024,40.7677
64,16,8,2048,70.2507
64,16,8,4096,128.309
64,16,8,8192,246.261
64,16,8,16384,479.466
64,16,16,16,18.8587
64,16,16,32,19.0397
64,16,16,64,19.115
64,16,16,128,24.32
64,16,16,256,31.808
64,16,16,512,46.0693
64,16,16,1024,76
64,16,16,2048,135.328
64,16,16,4096,254.23
64,16,16,8192,491.092
64,16,16,16384,962.487
64,16,32,16,29.0133
64,16,32,32,29.6003
64,16,32,64,30.0683
64,16,32,128,41.2157
64,16,32,256,55.7757
64,16,32,512,87.2643
64,16,32,1024,149.173
64,16,32,2048,271.413
64,16,32,4096,510.677
64,16,32,8192,996.906
64,16,32,16384,1955.38
64,16,64,16,44.885
64,16,64,32,45.8453
64,16,64,64,46.7413
64,16,64,128,70.6247
64,16,64,256,119.616
64,16,64,512,216.181
64,16,64,1024,394.132
64,16,64,2048,802.186
64,16,64,4096,1659
64,16,64,8192,3522.12
64,16,64,16384,7002.96
64,16,128,16,77.344
64,16,128,32,79.04
64,16,128,64,82.5597
64,16,128,128,153.493
64,16,128,256,254.112
64,16,128,512,474.773
64,16,128,1024,913.429
64,16,128,2048,1798.64
64,16,128,4096,3579.88
64,16,128,8192,7146.96
64,16,128,16384,14288.1
64,32,0,0,13.3547
64,32,1,16,12.949
64,32,1,32,12.907
64,32,1,64,13.013
64,32,1,128,14.72
64,32,1,256,18.197
64,32,1,512,25.163
64,32,1,1024,39.5947
64,32,1,2048,68.4907
64,32,1,4096,126.048
64,32,1,8192,240.639
64,32,1,16384,471.265
64,32,2,16,12.8537
64,32,2,32,12.885
64,32,2,64,12.96
64,32,2,128,14.7187
64,32,2,256,18.1973
64,32,2,512,25.2797
64,32,2,1024,39.5837
64,32,2,2048,68.576
64,32,2,4096,126.133
64,32,2,8192,240.97
64,32,2,16384,473.098
64,32,4,16,12.8637
64,32,4,32,12.981
64,32,4,64,13.002
64,32,4,128,14.848
64,32,4,256,18.3257
64,32,4,512,25.4507
64,32,4,1024,39.9787
64,32,4,2048,69.2053
64,32,4,4096,127.445
64,32,4,8192,244.395
64,32,4,16384,474.901
64,32,8,16,12.9063
64,32,8,32,13.0773
64,32,8,64,13.131
64,32,8,128,15.0077
64,32,8,256,18.5597
64,32,8,512,25.9307
64,32,8,1024,40.5437
64,32,8,2048,70.4537
64,32,8,4096,128.202
64,32,8,8192,246.155
64,32,8,16384,479.21
64,32,16,16,18.9333
64,32,16,32,19.1573
64,32,16,64,19.2963
64,32,16,128,24.352
64,32,16,256,31.7653
64,32,16,512,45.984
64,32,16,1024,76.0213
64,32,16,2048,135.755
64,32,16,4096,254.389
64,32,16,8192,490.432
64,32,16,16384,963.434
64,32,32,16,28.928
64,32,32,32,29.5143
64,32,32,64,30.0373
64,32,32,128,41.248
64,32,32,256,55.68
64,32,32,512,87.21
64,32,32,1024,149.066
64,32,32,2048,268.426
64,32,32,4096,510.229
64,32,32,8192,1007.28
64,32,32,16384,1975.02
64,32,64,16,44.9607
64,32,64,32,45.899
64,32,64,64,46.656
64,32,64,128,70.496
64,32,64,256,120.031
64,32,64,512,215.435
64,32,64,1024,396.245
64,32,64,2048,789.653
64,32,64,4096,1695.07
64,32,64,8192,3505.11
64,32,64,16384,7049.19
64,32,128,16,77.3657
64,32,128,32,79.081
64,32,128,64,82.5067
64,32,128,128,154.027
64,32,128,256,254.015
64,32,128,512,471.979
64,32,128,1024,917.588
64,32,128,2048,1796.78
64,32,128,4096,3576.19
64,32,128,8192,7149.92
64,32,128,16384,14299.4
64,64,0,0,13.4187
64,64,1,16,12.8427
64,64,1,32,12.9817
64,64,1,64,13.0027
64,64,1,128,14.709
64,64,1,256,18.165
64,64,1,512,25.2373
64,64,1,1024,39.584
64,64,1,2048,68.4167
64,64,1,4096,126.058
64,64,1,8192,240.64
64,64,1,16384,471.082
64,64,2,16,12.8427
64,64,2,32,12.8963
64,64,2,64,12.9917
64,64,2,128,14.7203
64,64,2,256,18.1867
64,64,2,512,25.2477
64,64,2,1024,39.5627
64,64,2,2048,68.4057
64,64,2,4096,126.112
64,64,2,8192,240.949
64,64,2,16384,473.205
64,64,4,16,12.8427
64,64,4,32,12.9707
64,64,4,64,12.9817
64,64,4,128,14.8583
64,64,4,256,18.336
64,64,4,512,25.4937
64,64,4,1024,39.936
64,64,4,2048,69.2797
64,64,4,4096,127.435
64,64,4,8192,244.373
64,64,4,16384,474.635
64,64,8,16,12.9713
64,64,8,32,13.0347
64,64,8,64,13.1307
64,64,8,128,14.9977
64,64,8,256,18.5707
64,64,8,512,25.995
64,64,8,1024,40.7467
64,64,8,2048,69.952
64,64,8,4096,128.395
64,64,8,8192,246.431
64,64,8,16384,479.199
64,64,16,16,19.04
64,64,16,32,19.147
64,64,16,64,19.3817
64,64,16,128,24.5333
64,64,16,256,31.872
64,64,16,512,46.1653
64,64,16,1024,76.1177
64,64,16,2048,135.723
64,64,16,4096,254.101
64,64,16,8192,491.328
64,64,16,16384,961.994
64,64,32,16,28.9063
64,64,32,32,29.429
64,64,32,64,29.9953
64,64,32,128,41.2267
64,64,32,256,55.4983
64,64,32,512,87.3603
64,64,32,1024,150.048
64,64,32,2048,268.907
64,64,32,4096,509.131
64,64,32,8192,1006.46
64,64,32,16384,1979.7
64,64,64,16,44.9277
64,64,64,32,45.792
64,64,64,64,46.624
64,64,64,128,70.4747
64,64,64,256,119.541
64,64,64,512,215.765
64,64,64,1024,396.383
64,64,64,2048,794.325
64,64,64,4096,1653.27
64,64,64,8192,3518.88
64,64,64,16384,7056.95
64,64,128,16,77.3007
64,64,128,32,79.1677
64,64,128,64,82.56
64,64,128,128,153.195
64,64,128,256,254.688
64,64,128,512,474.976
64,64,128,1024,914.079
64,64,128,2048,1796.29
64,64,128,4096,3581.19
64,64,128,8192,7151.34
64,64,128,16384,14291.3
64,128,0,0,16.9493
64,128,1,16,15.541
64,128,1,32,15.4557
64,128,1,64,15.5307
64,128,1,128,16.149
64,128,1,256,18.1653
64,128,1,512,25.237
64,128,1,1024,39.6053
64,128,1,2048,68.4027
64,128,1,4096,126.08
64,128,1,8192,240.704
64,128,1,16384,471.338
64,128,2,16,15.455
64,128,2,32,15.4457
64,128,2,64,15.4773
64,128,2,128,16.1493
64,128,2,256,18.176
64,128,2,512,25.2477
64,128,2,1024,39.6057
64,128,2,2048,68.5757
64,128,2,4096,126.138
64,128,2,8192,240.875
64,128,2,16384,473.418
64,128,4,16,15.5307
64,128,4,32,15.541
64,128,4,64,15.5413
64,128,4,128,16.1813
64,128,4,256,18.3573
64,128,4,512,25.4617
64,128,4,1024,40.1173
64,128,4,2048,69.2907
64,128,4,4096,127.392
64,128,4,8192,244.309
64,128,4,16384,474.997
64,128,8,16,15.3483
64,128,8,32,15.3063
64,128,8,64,15.3703
64,128,8,128,16.3943
64,128,8,256,18.6453
64,128,8,512,26.1227
64,128,8,1024,40.9067
64,128,8,2048,70.336
64,128,8,4096,128.48
64,128,8,8192,247.157
64,128,8,16384,478.768
64,128,16,16,22.3787
64,128,16,32,22.5817
64,128,16,64,22.795
64,128,16,128,26.1437
64,128,16,256,31.7873
64,128,16,512,45.7917
64,128,16,1024,75.8503
64,128,16,2048,135.765
64,128,16,4096,253.729
64,128,16,8192,491.305
64,128,16,16384,962.858
64,128,32,16,28.831
64,128,32,32,29.4403
64,128,32,64,29.8777
64,128,32,128,42.6983
64,128,32,256,56.608
64,128,32,512,87.125
64,128,32,1024,149.685
64,128,32,2048,270.763
64,128,32,4096,509.77
64,128,32,8192,998.122
64,128,32,16384,1977.14
64,128,64,16,44.8107
64,128,64,32,45.856
64,128,64,64,46.656
64,128,64,128,71.797
64,128,64,256,122.826
64,128,64,512,217.909
64,128,64,1024,404.021
64,128,64,2048,827.445
64,128,64,4096,1690.28
64,128,64,8192,3451.53
64,128,64,16384,7041.23
64,128,128,16,77.237
64,128,128,32,79.072
64,128,128,64,82.528
64,128,128,128,154.912
64,128,128,256,257.514
64,128,128,512,472.597
64,128,128,1024,913.898
64,128,128,2048,1798.78
64,128,128,4096,3582.12
64,128,128,8192,7154.31
64,128,128,16384,14283.7
64,256,0,0,20.352
64,256,1,16,18.934
64,256,1,32,18.976
64,256,1,64,18.9337
64,256,1,128,19.018
64,256,1,256,19.659
64,256,1,512,25.302
64,256,1,1024,39.6693
64,256,1,2048,68.4373
64,256,1,4096,126.08
64,256,1,8192,240.672
64,256,1,16384,471.37
64,256,2,16,18.944
64,256,2,32,18.9333
64,256,2,64,18.9013
64,256,2,128,18.9863
64,256,2,256,19.584
64,256,2,512,25.2687
64,256,2,1024,39.5733
64,256,2,2048,68.5543
64,256,2,4096,126.101
64,256,2,8192,241.056
64,256,2,16384,473.536
64,256,4,16,18.9337
64,256,4,32,19.008
64,256,4,64,18.9867
64,256,4,128,19.2107
64,256,4,256,19.7117
64,256,4,512,25.504
64,256,4,1024,40.256
64,256,4,2048,69.2803
64,256,4,4096,127.552
64,256,4,8192,244.448
64,256,4,16384,475.136
64,256,8,16,18.8373
64,256,8,32,18.9013
64,256,8,64,18.9117
64,256,8,128,19.477
64,256,8,256,19.851
64,256,8,512,25.8457
64,256,8,1024,40.9393
64,256,8,2048,70.1087
64,256,8,4096,128.213
64,256,8,8192,246.432
64,256,8,16384,479.103
64,256,16,16,26.0263
64,256,16,32,26.101
64,256,16,64,26.325
64,256,16,128,29.6
64,256,16,256,33.5037
64,256,16,512,45.844
64,256,16,1024,75.6693
64,256,16,2048,135.647
64,256,16,4096,254.026
64,256,16,8192,491.274
64,256,16,16384,962.741
64,256,32,16,31.5627
64,256,32,32,31.8287
64,256,32,64,32.3843
64,256,32,128,42.6987
64,256,32,256,57.248
64,256,32,512,87.3387
64,256,32,1024,150.88
64,256,32,2048,273.952
64,256,32,4096,516.981
64,256,32,8192,1002.57
64,256,32,16384,1986.62
64,256,64,16,47.5097
64,256,64,32,48.3833
64,256,64,64,48.982
64,256,64,128,71.3707
64,256,64,256,124.405
64,256,64,512,214.794
64,256,64,1024,414.25
64,256,64,2048,803.115
64,256,64,4096,1687.87
64,256,64,8192,3458.3
64,256,64,16384,7079.57
64,256,128,16,77.4187
64,256,128,32,79.1253
64,256,128,64,82.9227
64,256,128,128,154.177
64,256,128,256,256.586
64,256,128,512,472.761
64,256,128,1024,913.013
64,256,128,2048,1800.64
64,256,128,4096,3579.33
64,256,128,8192,7147.13
64,256,128,16384,14287.4
64,512,0,0,27.3603
64,512,1,16,26.0047
64,512,1,32,25.92
64,512,1,64,25.952
64,512,1,128,25.984
64,512,1,256,25.9627
64,512,1,512,26.699
64,512,1,1024,39.68
64,512,1,2048,68.437
64,512,1,4096,126.133
64,512,1,8192,240.629
64,512,1,16384,471.285
64,512,2,16,25.899
64,512,2,32,25.952
64,512,2,64,25.856
64,512,2,128,25.9307
64,512,2,256,26.038
64,512,2,512,26.6457
64,512,2,1024,39.6267
64,512,2,2048,68.512
64,512,2,4096,126.101
64,512,2,8192,240.917
64,512,2,16384,473.503
64,512,4,16,25.898
64,512,4,32,25.92
64,512,4,64,25.9297
64,512,4,128,26.144
64,512,4,256,26.4
64,512,4,512,26.7523
64,512,4,1024,40.0213
64,512,4,2048,69.3333
64,512,4,4096,127.403
64,512,4,8192,244.673
64,512,4,16384,475.126
64,512,8,16,25.8773
64,512,8,32,25.899
64,512,8,64,25.9413
64,512,8,128,26.6773
64,512,8,256,26.8157
64,512,8,512,27.0293
64,512,8,1024,40.8427
64,512,8,2048,70.174
64,512,8,4096,128.191
64,512,8,8192,246.538
64,512,8,16384,478.976
64,512,16,16,32.7463
64,512,16,32,32.8537
64,512,16,64,33.2057
64,512,16,128,36.4903
64,512,16,256,40.6823
64,512,16,512,47.7867
64,512,16,1024,75.9357
64,512,16,2048,135.307
64,512,16,4096,254.518
64,512,16,8192,490.527
64,512,16,16384,962.901
64,512,32,16,38.538
64,512,32,32,38.7947
64,512,32,64,39.2427
64,512,32,128,45.6423
64,512,32,256,57.4933
64,512,32,512,89.1093
64,512,32,1024,148.874
64,512,32,2048,276.479
64,512,32,4096,531.264
64,512,32,8192,1031.84
64,512,32,16384,2094.33
64,512,64,16,54.3787
64,512,64,32,55.3057
64,512,64,64,55.8717
64,512,64,128,74.5603
64,512,64,256,122.592
64,512,64,512,214.752
64,512,64,1024,410.688
64,512,64,2048,832.908
64,512,64,4096,1718.26
64,512,64,8192,3536.68
64,512,64,16384,7072.7
64,512,128,16,83.2217
64,512,128,32,84.448
64,512,128,64,88.0747
64,512,128,128,156.693
64,512,128,256,258.251
64,512,128,512,478.741
64,512,128,1024,914.741
64,512,128,2048,1800.39
64,512,128,4096,3581.53
64,512,128,8192,7147.61
64,512,128,16384,14287.9
64,1024,0,0,41.7177
64,1024,1,16,40.2663
64,1024,1,32,40.2983
64,1024,1,64,40.2647
64,1024,1,128,40.2453
64,1024,1,256,40.2773
64,1024,1,512,40.32
64,1024,1,1024,41.1627
64,1024,1,2048,68.5973
64,1024,1,4096,126.133
64,1024,1,8192,240.885
64,1024,1,16384,471.37
64,1024,2,16,40.2133
64,1024,2,32,40.192
64,1024,2,64,40.2133
64,1024,2,128,40.2453
64,1024,2,256,40.4267
64,1024,2,512,40.4587
64,1024,2,1024,40.9493
64,1024,2,2048,68.704
64,1024,2,4096,126.219
64,1024,2,8192,240.906
64,1024,2,16384,473.472
64,1024,4,16,40.2667
64,1024,4,32,40.2133
64,1024,4,64,40.254
64,1024,4,128,40.6187
64,1024,4,256,40.6183
64,1024,4,512,40.7767
64,1024,4,1024,41.035
64,1024,4,2048,69.3647
64,1024,4,4096,127.424
64,1024,4,8192,244.565
64,1024,4,16384,475.071
64,1024,8,16,40.2013
64,1024,8,32,40.1907
64,1024,8,64,40.2033
64,1024,8,128,41.0133
64,1024,8,256,41.088
64,1024,8,512,41.2263
64,1024,8,1024,41.4717
64,1024,8,2048,70.1227
64,1024,8,4096,128.65
64,1024,8,8192,246.805
64,1024,8,16384,478.676
64,1024,16,16,46.6443
64,1024,16,32,46.7947
64,1024,16,64,47.115
64,1024,16,128,50.432
64,1024,16,256,54.4853
64,1024,16,512,61.472
64,1024,16,1024,77.363
64,1024,16,2048,135.542
64,1024,16,4096,254.837
64,1024,16,8192,493.344
64,1024,16,16384,965.653
64,1024,32,16,52.4157
64,1024,32,32,52.5967
64,1024,32,64,53.0453
64,1024,32,128,59.8293
64,1024,32,256,67.467
64,1024,32,512,89.141
64,1024,32,1024,152
64,1024,32,2048,273.504
64,1024,32,4096,534.262
64,1024,32,8192,1054.2
64,1024,32,16384,2081.39
64,1024,64,16,68.3413
64,1024,64,32,69.1193
64,1024,64,64,70.1543
64,1024,64,128,88.4273
64,1024,64,256,135.467
64,1024,64,512,219.178
64,1024,64,1024,402.388
64,1024,64,2048,820.277
64,1024,64,4096,1702.8
64,1024,64,8192,3510.51
64,1024,64,16384,7084.01
64,1024,128,16,100.021
64,1024,128,32,101.301
64,1024,128,64,104.416
64,1024,128,128,167.605
64,1024,128,256,266.795
64,1024,128,512,482.249
64,1024,128,1024,919.872
64,1024,128,2048,1799.37
64,1024,128,4096,3580.29
64,1024,128,8192,7156.91
64,1024,128,16384,14296.9
64,2048,0,0,70.4533
64,2048,1,16,68.9493
64,2048,1,32,68.9707
64,2048,1,64,68.9813
64,2048,1,128,69.12
64,2048,1,256,69.0847
64,2048,1,512,69.077
64,2048,1,1024,69.0443
64,2048,1,2048,69.9493
64,2048,1,4096,126.091
64,2048,1,8192,240.683
64,2048,1,16384,471.434
64,2048,2,16,68.8743
64,2048,2,32,68.896
64,2048,2,64,68.9383
64,2048,2,128,68.8747
64,2048,2,256,68.9173
64,2048,2,512,69.0133
64,2048,2,1024,68.9813
64,2048,2,2048,69.536
64,2048,2,4096,126.261
64,2048,2,8192,240.917
64,2048,2,16384,473.183
64,2048,4,16,68.9703
64,2048,4,32,68.8747
64,2048,4,64,68.8963
64,2048,4,128,69.0953
64,2048,4,256,69.2053
64,2048,4,512,69.2907
64,2048,4,1024,69.5673
64,2048,4,2048,69.6857
64,2048,4,4096,127.435
64,2048,4,8192,244.853
64,2048,4,16384,474.944
64,2048,8,16,68.8633
64,2048,8,32,68.9387
64,2048,8,64,68.9173
64,2048,8,128,69.44
64,2048,8,256,69.589
64,2048,8,512,69.845
64,2048,8,1024,69.8663
64,2048,8,2048,70.4213
64,2048,8,4096,128.693
64,2048,8,8192,246.56
64,2048,8,16384,479.435
64,2048,16,16,74.379
64,2048,16,32,74.5377
64,2048,16,64,74.496
64,2048,16,128,78.0247
64,2048,16,256,81.9947
64,2048,16,512,89.354
64,2048,16,1024,105.237
64,2048,16,2048,136.374
64,2048,16,4096,255.135
64,2048,16,8192,491.541
64,2048,16,16384,966.058
64,2048,32,16,79.915
64,2048,32,32,80.2987
64,2048,32,64,80.5863
64,2048,32,128,87.2103
64,2048,32,256,94.826
64,2048,32,512,112.395
64,2048,32,1024,152.662
64,2048,32,2048,274.753
64,2048,32,4096,529.006
64,2048,32,8192,1056.98
64,2048,32,16384,2089.27
64,2048,64,16,95.9463
64,2048,64,32,96.6513
64,2048,64,64,97.3867
64,2048,64,128,116.128
64,2048,64,256,165.461
64,2048,64,512,248.187
64,2048,64,1024,403.83
64,2048,64,2048,796.459
64,2048,64,4096,1684.35
64,2048,64,8192,3474.52
64,2048,64,16384,7091.77
64,2048,128,16,127.755
64,2048,128,32,129.462
64,2048,128,64,133.152
64,2048,128,128,198.795
64,2048,128,256,294.919
64,2048,128,512,500.086
64,2048,128,1024,923.072
64,2048,128,2048,1806.99
64,2048,128,4096,3584.48
64,2048,128,8192,7155.77
64,2048,128,16384,14298.2
64,4096,0,0,127.935
64,4096,1,16,126.45
64,4096,1,32,126.411
64,4096,1,64,126.315
64,4096,1,128,126.4
64,4096,1,256,126.379
64,4096,1,512,126.442
64,4096,1,1024,126.517
64,4096,1,2048,126.581
64,4096,1,4096,127.541
64,4096,1,8192,240.715
64,4096,1,16384,471.371
64,4096,2,16,126.176
64,4096,2,32,126.208
64,4096,2,64,126.165
64,4096,2,128,126.24
64,4096,2,256,126.379
64,4096,2,512,126.271
64,4096,2,1024,126.511
64,4096,2,2048,126.431
64,4096,2,4096,127.104
64,4096,2,8192,241.183
64,4096,2,16384,473.454
64,4096,4,16,126.208
64,4096,4,32,126.251
64,4096,4,64,126.272
64,4096,4,128,126.581
64,4096,4,256,126.571
64,4096,4,512,126.667
64,4096,4,1024,126.741
64,4096,4,2048,127.093
64,4096,4,4096,127.574
64,4096,4,8192,244.523
64,4096,4,16384,475.584
64,4096,8,16,126.208
64,4096,8,32,126.176
64,4096,8,64,126.294
64,4096,8,128,126.934
64,4096,8,256,126.976
64,4096,8,512,127.2
64,4096,8,1024,127.562
64,4096,8,2048,127.69
64,4096,8,4096,129.035
64,4096,8,8192,246.859
64,4096,8,16384,479.146
64,4096,16,16,129.557
64,4096,16,32,129.728
64,4096,16,64,129.791
64,4096,16,128,132.842
64,4096,16,256,137.568
64,4096,16,512,144.309
64,4096,16,1024,159.573
64,4096,16,2048,192.779
64,4096,16,4096,255.392
64,4096,16,8192,492.415
64,4096,16,16384,964.565
64,4096,32,16,135.008
64,4096,32,32,135.477
64,4096,32,64,135.68
64,4096,32,128,142.549
64,4096,32,256,150.4
64,4096,32,512,167.381
64,4096,32,1024,201.301
64,4096,32,2048,274.774
64,4096,32,4096,519.605
64,4096,32,8192,1053.48
64,4096,32,16384,2112.54
64,4096,64,16,150.816
64,4096,64,32,151.99
64,4096,64,64,152.629
64,4096,64,128,171.456
64,4096,64,256,220.523
64,4096,64,512,309.418
64,4096,64,1024,470.304
64,4096,64,2048,813.994
64,4096,64,4096,1705.25
64,4096,64,8192,3531.66
64,4096,64,16384,7077.86
64,4096,128,16,182.955
64,4096,128,32,184.437
64,4096,128,64,188.363
64,4096,128,128,253.216
64,4096,128,256,353.962
64,4096,128,512,564.501
64,4096,128,1024,963.958
64,4096,128,2048,1816.42
64,4096,128,4096,3594.24
64,4096,128,8192,7149.87
64,4096,128,16384,14292.1
64,8192,0,0,244.223
64,8192,1,16,242.357
64,8192,1,32,242.272
64,8192,1,64,242.208
64,8192,1,128,242.379
64,8192,1,256,242.346
64,8192,1,512,242.376
64,8192,1,1024,242.432
64,8192,1,2048,242.325
64,8192,1,4096,242.4
64,8192,1,8192,242.838
64,8192,1,16384,471.371
64,8192,2,16,241.867
64,8192,2,32,241.835
64,8192,2,64,241.931
64,8192,2,128,241.888
64,8192,2,256,242.016
64,8192,2,512,241.995
64,8192,2,1024,242.091
64,8192,2,2048,242.069
64,8192,2,4096,242.048
64,8192,2,8192,242.208
64,8192,2,16384,473.526
64,8192,4,16,242.004
64,8192,4,32,242.122
64,8192,4,64,241.931
64,8192,4,128,242.229
64,8192,4,256,242.357
64,8192,4,512,242.411
64,8192,4,1024,242.432
64,8192,4,2048,242.485
64,8192,4,4096,242.645
64,8192,4,8192,244.715
64,8192,4,16384,475.253
64,8192,8,16,241.899
64,8192,8,32,242.07
64,8192,8,64,241.919
64,8192,8,128,242.411
64,8192,8,256,242.72
64,8192,8,512,242.891
64,8192,8,1024,242.677
64,8192,8,2048,243.136
64,8192,8,4096,243.551
64,8192,8,8192,246.762
64,8192,8,16384,479.882
64,8192,16,16,242.218
64,8192,16,32,241.963
64,8192,16,64,242.165
64,8192,16,128,243.712
64,8192,16,256,247.67
64,8192,16,512,255.114
64,8192,16,1024,270.944
64,8192,16,2048,303.455
64,8192,16,4096,368.235
64,8192,16,8192,492.522
64,8192,16,16384,964.831
64,8192,32,16,245.504
64,8192,32,32,245.952
64,8192,32,64,246.656
64,8192,32,128,252.821
64,8192,32,256,260.693
64,8192,32,512,277.354
64,8192,32,1024,313.376
64,8192,32,2048,379.2
64,8192,32,4096,527.851
64,8192,32,8192,1040.8
64,8192,32,16384,2070.45
64,8192,64,16,261.558
64,8192,64,32,262.336
64,8192,64,64,263.243
64,8192,64,128,281.568
64,8192,64,256,330.197
64,8192,64,512,417.761
64,8192,64,1024,584.224
64,8192,64,2048,964.789
64,8192,64,4096,1682.21
64,8192,64,8192,3550.06
64,8192,64,16384,7079.3
64,8192,128,16,292.991
64,8192,128,32,294.187
64,8192,128,64,298.368
64,8192,128,128,363.82
64,8192,128,256,464.043
64,8192,128,512,685.141
64,8192,128,1024,1107.02
64,8192,128,2048,1907.53
64,8192,128,4096,3610.87
64,8192,128,8192,7168.99
64,8192,128,16384,14300
64,16384,0,0,477.834
64,16384,1,16,475.434
64,16384,1,32,475.637
64,16384,1,64,475.584
64,16384,1,128,475.647
64,16384,1,256,475.648
64,16384,1,512,475.669
64,16384,1,1024,475.722
64,16384,1,2048,475.647
64,16384,1,4096,475.647
64,16384,1,8192,475.86
64,16384,1,16384,475.776
64,16384,2,16,474.945
64,16384,2,32,474.879
64,16384,2,64,474.911
64,16384,2,128,475.03
64,16384,2,256,474.815
64,16384,2,512,475.019
64,16384,2,1024,475.04
64,16384,2,2048,475.031
64,16384,2,4096,475.094
64,16384,2,8192,475.168
64,16384,2,16384,475.658
64,16384,4,16,475.253
64,16384,4,32,475.157
64,16384,4,64,475.199
64,16384,4,128,475.254
64,16384,4,256,475.551
64,16384,4,512,475.616
64,16384,4,1024,475.626
64,16384,4,2048,475.796
64,16384,4,4096,476.223
64,16384,4,8192,476.254
64,16384,4,16384,477.312
64,16384,8,16,474.912
64,16384,8,32,474.751
64,16384,8,64,474.89
64,16384,8,128,475.456
64,16384,8,256,475.552
64,16384,8,512,475.543
64,16384,8,1024,475.879
64,16384,8,2048,476.447
64,16384,8,4096,477.076
64,16384,8,8192,478.688
64,16384,8,16384,482.431
64,16384,16,16,474.956
64,16384,16,32,474.825
64,16384,16,64,474.795
64,16384,16,128,475.615
64,16384,16,256,475.796
64,16384,16,512,476.277
64,16384,16,1024,492.417
64,16384,16,2048,525.238
64,16384,16,4096,592.843
64,16384,16,8192,721.781
64,16384,16,16384,963.221
64,16384,32,16,476.053
64,16384,32,32,475.68
64,16384,32,64,475.712
64,16384,32,128,477.482
64,16384,32,256,481.493
64,16384,32,512,499.008
64,16384,32,1024,535.017
64,16384,32,2048,602.421
64,16384,32,4096,749.408
64,16384,32,8192,1059.63
64,16384,32,16384,2059.57
64,16384,64,16,481.376
64,16384,64,32,483.158
64,16384,64,64,483.499
64,16384,64,128,502.528
64,16384,64,256,552.213
64,16384,64,512,640.266
64,16384,64,1024,811.028
64,16384,64,2048,1190.22
64,16384,64,4096,1941.02
64,16384,64,8192,3577.86
64,16384,64,16384,7100.42
64,16384,128,16,512.832
64,16384,128,32,515.786
64,16384,128,64,518.933
64,16384,128,128,583.723
64,16384,128,256,685.931
64,16384,128,512,908.224
64,16384,128,1024,1345.48
64,16384,128,2048,2192.2
64,16384,128,4096,3800.24
64,16384,128,8192,7194.21
64,16384,128,16384,14318.1
128,0,0,0,13.3547
128,0,1,16,13.152
128,0,1,32,13.248
128,0,1,64,13.248
128,0,1,128,14.7307
128,0,1,256,18.261
128,0,1,512,25.1947
128,0,1,1024,39.5947
128,0,1,2048,68.4797
128,0,1,4096,125.995
128,0,1,8192,240.435
128,0,1,16384,470.783
128,0,2,16,13.216
128,0,2,32,13.3767
128,0,2,64,13.3333
128,0,2,128,14.795
128,0,2,256,18.3253
128,0,2,512,25.216
128,0,2,1024,39.7333
128,0,2,2048,68.437
128,0,2,4096,126.026
128,0,2,8192,240.884
128,0,2,16384,473.909
128,0,4,16,13.173
128,0,4,32,13.28
128,0,4,64,13.3333
128,0,4,128,15.189
128,0,4,256,18.4853
128,0,4,512,25.5253
128,0,4,1024,40.0533
128,0,4,2048,69.4933
128,0,4,4096,127.562
128,0,4,8192,244.617
128,0,4,16384,475.488
128,0,8,16,13.131
128,0,8,32,13.2693
128,0,8,64,13.3543
128,0,8,128,16.245
128,0,8,256,19.7653
128,0,8,512,27.0507
128,0,8,1024,41.3017
128,0,8,2048,70.2717
128,0,8,4096,128.277
128,0,8,8192,246.048
128,0,8,16384,480.511
128,0,16,16,19.5413
128,0,16,32,19.872
128,0,16,64,20.0853
128,0,16,128,25.2693
128,0,16,256,32.502
128,0,16,512,46.8583
128,0,16,1024,76.5547
128,0,16,2048,136.448
128,0,16,4096,254.377
128,0,16,8192,491.36
128,0,16,16384,964.214
128,0,32,16,29.9307
128,0,32,32,30.3577
128,0,32,64,31.0727
128,0,32,128,42.4537
128,0,32,256,56.8103
128,0,32,512,87.2427
128,0,32,1024,149.877
128,0,32,2048,269.173
128,0,32,4096,508.107
128,0,32,8192,1000.32
128,0,32,16384,1962.43
128,0,64,16,47.1467
128,0,64,32,48.1387
128,0,64,64,49.216
128,0,64,128,73.5997
128,0,64,256,124.779
128,0,64,512,232.853
128,0,64,1024,405.428
128,0,64,2048,829.664
128,0,64,4096,1698.45
128,0,64,8192,3539.24
128,0,64,16384,7046.15
128,0,128,16,83.3067
128,0,128,32,85.1513
128,0,128,64,88.2773
128,0,128,128,156.949
128,0,128,256,251.211
128,0,128,512,472.117
128,0,128,1024,914.305
128,0,128,2048,1799.03
128,0,128,4096,3583.55
128,0,128,8192,7153.02
128,0,128,16384,14288.1
128,16,0,0,15.3813
128,16,1,16,15.4027
128,16,1,32,15.328
128,16,1,64,15.3707
128,16,1,128,15.3387
128,16,1,256,18.2293
128,16,1,512,25.2583
128,16,1,1024,39.648
128,16,1,2048,68.491
128,16,1,4096,126.027
128,16,1,8192,240.523
128,16,1,16384,470.783
128,16,2,16,15.7757
128,16,2,32,15.7337
128,16,2,64,15.7337
128,16,2,128,15.7233
128,16,2,256,18.2823
128,16,2,512,25.2267
128,16,2,1024,39.6053
128,16,2,2048,68.4583
128,16,2,4096,126.005
128,16,2,8192,240.843
128,16,2,16384,473.92
128,16,4,16,15.5837
128,16,4,32,15.616
128,16,4,64,15.6267
128,16,4,128,15.7117
128,16,4,256,18.4427
128,16,4,512,25.5573
128,16,4,1024,40.1177
128,16,4,2048,69.45
128,16,4,4096,127.648
128,16,4,8192,244.586
128,16,4,16384,475.337
128,16,8,16,15.7657
128,16,8,32,15.8937
128,16,8,64,15.9683
128,16,8,128,16.3417
128,16,8,256,19.829
128,16,8,512,26.9017
128,16,8,1024,41.0987
128,16,8,2048,70.3787
128,16,8,4096,128.906
128,16,8,8192,246.294
128,16,8,16384,479.787
128,16,16,16,22.656
128,16,16,32,22.8373
128,16,16,64,23.04
128,16,16,128,25.291
128,16,16,256,32.587
128,16,16,512,47.029
128,16,16,1024,76.7787
128,16,16,2048,136.106
128,16,16,4096,254.198
128,16,16,8192,492.554
128,16,16,16384,964.491
128,16,32,16,30.219
128,16,32,32,30.6667
128,16,32,64,31.0403
128,16,32,128,42.656
128,16,32,256,56.715
128,16,32,512,87.4453
128,16,32,1024,149.291
128,16,32,2048,269.973
128,16,32,4096,509.494
128,16,32,8192,1007.51
128,16,32,16384,1981.02
128,16,64,16,47.3173
128,16,64,32,48.2773
128,16,64,64,49.323
128,16,64,128,73.7173
128,16,64,256,124.021
128,16,64,512,230.507
128,16,64,1024,405.259
128,16,64,2048,814.956
128,16,64,4096,1688.82
128,16,64,8192,3520.49
128,16,64,16384,7059.92
128,16,128,16,83.7973
128,16,128,32,85.5787
128,16,128,64,88.512
128,16,128,128,157.61
128,16,128,256,250.304
128,16,128,512,472.288
128,16,128,1024,915.584
128,16,128,2048,1798.93
128,16,128,4096,3582.57
128,16,128,8192,7154.7
128,16,128,16384,14277.7
128,32,0,0,15.3707
128,32,1,16,15.4563
128,32,1,32,15.4777
128,32,1,64,15.4773
128,32,1,128,15.552
128,32,1,256,18.208
128,32,1,512,25.2477
128,32,1,1024,39.6907
128,32,1,2048,68.4587
128,32,1,4096,125.951
128,32,1,8192,240.565
128,32,1,16384,470.837
128,32,2,16,15.6693
128,32,2,32,15.68
128,32,2,64,15.68
128,32,2,128,15.7867
128,32,2,256,18.3257
128,32,2,512,25.248
128,32,2,1024,39.68
128,32,2,2048,68.5227
128,32,2,4096,126.049
128,32,2,8192,240.949
128,32,2,16384,473.322
128,32,4,16,15.5733
128,32,4,32,15.584
128,32,4,64,15.6373
128,32,4,128,15.712
128,32,4,256,18.4637
128,32,4,512,25.4933
128,32,4,1024,40.032
128,32,4,2048,69.3757
128,32,4,4096,127.52
128,32,4,8192,244.534
128,32,4,16384,475.616
128,32,8,16,16.0213
128,32,8,32,16.171
128,32,8,64,16.203
128,32,8,128,16.3097
128,32,8,256,19.8297
128,32,8,512,26.9437
128,32,8,1024,41.152
128,32,8,2048,70.6453
128,32,8,4096,129.099
128,32,8,8192,246.689
128,32,8,16384,480.042
128,32,16,16,22.8267
128,32,16,32,23.072
128,32,16,64,23.243
128,32,16,128,25.6213
128,32,16,256,32.5977
128,32,16,512,46.795
128,32,16,1024,76.406
128,32,16,2048,136.01
128,32,16,4096,255.093
128,32,16,8192,491.434
128,32,16,16384,964.149
128,32,32,16,30.5813
128,32,32,32,30.7203
128,32,32,64,30.9753
128,32,32,128,42.7413
128,32,32,256,56.896
128,32,32,512,87.0503
128,32,32,1024,150.304
128,32,32,2048,269.387
128,32,32,4096,509.684
128,32,32,8192,990.197
128,32,32,16384,1972.2
128,32,64,16,47.3383
128,32,64,32,48.4157
128,32,64,64,49.504
128,32,64,128,73.878
128,32,64,256,124.832
128,32,64,512,232.843
128,32,64,1024,409.013
128,32,64,2048,808.822
128,32,64,4096,1708.05
128,32,64,8192,3502.11
128,32,64,16384,7060.28
128,32,128,16,83.7227
128,32,128,32,85.8027
128,32,128,64,88.544
128,32,128,128,154.752
128,32,128,256,249.984
128,32,128,512,471.264
128,32,128,1024,913.675
128,32,128,2048,1803.17
128,32,128,4096,3581.33
128,32,128,8192,7153.69
128,32,128,16384,14284.1
128,64,0,0,15.52
128,64,1,16,15.5093
128,64,1,32,15.52
128,64,1,64,15.456
128,64,1,128,15.5187
128,64,1,256,18.3043
128,64,1,512,25.2373
128,64,1,1024,39.7013
128,64,1,2048,68.512
128,64,1,4096,125.962
128,64,1,8192,240.459
128,64,1,16384,470.751
128,64,2,16,15.701
128,64,2,32,15.7227
128,64,2,64,15.7337
128,64,2,128,15.68
128,64,2,256,18.2613
128,64,2,512,25.3227
128,64,2,1024,39.712
128,64,2,2048,68.3737
128,64,2,4096,126.101
128,64,2,8192,240.915
128,64,2,16384,473.643
128,64,4,16,15.6483
128,64,4,32,15.6273
128,64,4,64,15.584
128,64,4,128,15.9467
128,64,4,256,18.4213
128,64,4,512,25.5467
128,64,4,1024,39.9997
128,64,4,2048,69.397
128,64,4,4096,127.435
128,64,4,8192,244.522
128,64,4,16384,475.659
128,64,8,16,16.149
128,64,8,32,16.096
128,64,8,64,16.2877
128,64,8,128,16.3303
128,64,8,256,19.7543
128,64,8,512,26.8583
128,64,8,1024,41.259
128,64,8,2048,70.1323
128,64,8,4096,128.789
128,64,8,8192,247.296
128,64,8,16384,479.766
128,64,16,16,22.9973
128,64,16,32,23.0613
128,64,16,64,23.3707
128,64,16,128,25.4403
128,64,16,256,32.6933
128,64,16,512,46.827
128,64,16,1024,76.5763
128,64,16,2048,136.138
128,64,16,4096,254.528
128,64,16,8192,491.499
128,64,16,16384,963.627
128,64,32,16,30.5707
128,64,32,32,30.9007
128,64,32,64,31.232
128,64,32,128,42.6883
128,64,32,256,56.864
128,64,32,512,87.2747
128,64,32,1024,149.91
128,64,32,2048,267.573
128,64,32,4096,510.73
128,64,32,8192,996.608
128,64,32,16384,1968.14
128,64,64,16,47.3707
128,64,64,32,48.235
128,64,64,64,49.3223
128,64,64,128,73.9093
128,64,64,256,123.733
128,64,64,512,230.624
128,64,64,1024,410.518
128,64,64,2048,826.144
128,64,64,4096,1704.55
128,64,64,8192,3513.49
128,64,64,16384,7028.53
128,64,128,16,83.584
128,64,128,32,85.7813
128,64,128,64,88.5977
128,64,128,128,155.734
128,64,128,256,251.307
128,64,128,512,470.987
128,64,128,1024,911.18
128,64,128,2048,1798.68
128,64,128,4096,3584.34
128,64,128,8192,7154.45
128,64,128,16384,14288.9
128,128,0,0,17.1307
128,128,1,16,15.7867
128,128,1,32,15.798
128,128,1,64,15.7333
128,128,1,128,16.224
128,128,1,256,18.3677
128,128,1,512,25.2477
128,128,1,1024,39.6267
128,128,1,2048,68.448
128,128,1,4096,125.899
128,128,1,8192,240.458
128,128,1,16384,470.666
128,128,2,16,16.0217
128,128,2,32,16.0427
128,128,2,64,16.0427
128,128,2,128,16.3413
128,128,2,256,18.4323
128,128,2,512,25.28
128,128,2,1024,39.6267
128,128,2,2048,68.384
128,128,2,4096,125.963
128,128,2,8192,240.875
128,128,2,16384,473.11
128,128,4,16,15.8507
128,128,4,32,15.84
128,128,4,64,15.9573
128,128,4,128,16.3097
128,128,4,256,18.3897
128,128,4,512,25.6107
128,128,4,1024,40.053
128,128,4,2048,69.4187
128,128,4,4096,127.605
128,128,4,8192,244.694
128,128,4,16384,475.434
128,128,8,16,16.4373
128,128,8,32,16.342
128,128,8,64,16.4163
128,128,8,128,16.597
128,128,8,256,19.925
128,128,8,512,27.1577
128,128,8,1024,41.2053
128,128,8,2048,70.1973
128,128,8,4096,128.682
128,128,8,8192,246.784
128,128,8,16384,480.543
128,128,16,16,23.5303
128,128,16,32,23.5837
128,128,16,64,23.6907
128,128,16,128,26.9437
128,128,16,256,32.5547
128,128,16,512,46.8163
128,128,16,1024,76.7677
128,128,16,2048,136.704
128,128,16,4096,254.976
128,128,16,8192,492.322
128,128,16,16384,964.94
128,128,32,16,31.4767
128,128,32,32,31.7553
128,128,32,64,31.9893
128,128,32,128,43.797
128,128,32,256,57.3333
128,128,32,512,86.8797
128,128,32,1024,153.675
128,128,32,2048,274.848
128,128,32,4096,515.403
128,128,32,8192,1003.97
128,128,32,16384,1972.51
128,128,64,16,47.713
128,128,64,32,48.576
128,128,64,64,49.4933
128,128,64,128,74.806
128,128,64,256,126.218
128,128,64,512,229.109
128,128,64,1024,426.827
128,128,64,2048,830.934
128,128,64,4096,1724.1
128,128,64,8192,3481.28
128,128,64,16384,7054.13
128,128,128,16,84.149
128,128,128,32,86.0373
128,128,128,64,89.0673
128,128,128,128,156.181
128,128,128,256,254.411
128,128,128,512,470.976
128,128,128,1024,914.368
128,128,128,2048,1798.52
128,128,128,4096,3581.19
128,128,128,8192,7147.45
128,128,128,16384,14282.5
128,256,0,0,20.534
128,256,1,16,19.2957
128,256,1,32,19.2743
128,256,1,64,19.2213
128,256,1,128,19.2533
128,256,1,256,19.6267
128,256,1,512,25.3547
128,256,1,1024,39.669
128,256,1,2048,68.4907
128,256,1,4096,126.048
128,256,1,8192,240.458
128,256,1,16384,470.838
128,256,2,16,19.446
128,256,2,32,19.488
128,256,2,64,19.4453
128,256,2,128,19.4983
128,256,2,256,19.7547
128,256,2,512,25.28
128,256,2,1024,39.6053
128,256,2,2048,68.4163
128,256,2,4096,126.037
128,256,2,8192,240.778
128,256,2,16384,473.504
128,256,4,16,19.4027
128,256,4,32,19.275
128,256,4,64,19.3493
128,256,4,128,19.52
128,256,4,256,19.851
128,256,4,512,25.5463
128,256,4,1024,40.4053
128,256,4,2048,69.558
128,256,4,4096,127.606
128,256,4,8192,244.598
128,256,4,16384,475.702
128,256,8,16,19.872
128,256,8,32,20.0213
128,256,8,64,20.0743
128,256,8,128,19.9787
128,256,8,256,20.128
128,256,8,512,26.901
128,256,8,1024,41.472
128,256,8,2048,70.432
128,256,8,4096,128.587
128,256,8,8192,246.176
128,256,8,16384,481.012
128,256,16,16,26.9123
128,256,16,32,27.403
128,256,16,64,27.3603
128,256,16,128,30.2933
128,256,16,256,34.112
128,256,16,512,46.955
128,256,16,1024,76.3307
128,256,16,2048,136.16
128,256,16,4096,255.69
128,256,16,8192,492.457
128,256,16,16384,965.771
128,256,32,16,35.307
128,256,32,32,35.7337
128,256,32,64,36.0747
128,256,32,128,43.808
128,256,32,256,58.3893
128,256,32,512,87.2857
128,256,32,1024,153.451
128,256,32,2048,281.334
128,256,32,4096,518.827
128,256,32,8192,1005.5
128,256,32,16384,1964.31
128,256,64,16,51.1147
128,256,64,32,51.968
128,256,64,64,52.5433
128,256,64,128,75.04
128,256,64,256,127.36
128,256,64,512,226.091
128,256,64,1024,435.435
128,256,64,2048,855.531
128,256,64,4096,1738.13
128,256,64,8192,3478.46
128,256,64,16384,7091.46
128,256,128,16,85.0137
128,256,128,32,86.8907
128,256,128,64,89.878
128,256,128,128,154.314
128,256,128,256,255.104
128,256,128,512,473.43
128,256,128,1024,913.643
128,256,128,2048,1800.4
128,256,128,4096,3577.98
128,256,128,8192,7149.61
128,256,128,16384,14297.6
128,512,0,0,27.5303
128,512,1,16,26.283
128,512,1,32,26.272
128,512,1,64,26.2933
128,512,1,128,26.2293
128,512,1,256,26.2933
128,512,1,512,26.7513
128,512,1,1024,39.7013
128,512,1,2048,68.501
128,512,1,4096,126.069
128,512,1,8192,240.65
128,512,1,16384,471.018
128,512,2,16,26.5067
128,512,2,32,26.5067
128,512,2,64,26.443
128,512,2,128,26.5923
128,512,2,256,26.5597
128,512,2,512,26.8803
128,512,2,1024,39.7117
128,512,2,2048,68.5013
128,512,2,4096,126.133
128,512,2,8192,241.099
128,512,2,16384,473.748
128,512,4,16,26.357
128,512,4,32,26.325
128,512,4,64,26.326
128,512,4,128,26.4963
128,512,4,256,26.4747
128,512,4,512,26.9867
128,512,4,1024,40.053
128,512,4,2048,69.547
128,512,4,4096,127.807
128,512,4,8192,244.715
128,512,4,16384,475.627
128,512,8,16,26.9227
128,512,8,32,26.9973
128,512,8,64,26.944
128,512,8,128,27.1143
128,512,8,256,27.242
128,512,8,512,27.52
128,512,8,1024,41.5573
128,512,8,2048,70.592
128,512,8,4096,129.045
128,512,8,8192,246.827
128,512,8,16384,480.149
128,512,16,16,33.7597
128,512,16,32,34.1657
128,512,16,64,34.6127
128,512,16,128,37.173
128,512,16,256,41.3007
128,512,16,512,48.139
128,512,16,1024,76.5013
128,512,16,2048,136.597
128,512,16,4096,256.021
128,512,16,8192,493.888
128,512,16,16384,967.553
128,512,32,16,43.989
128,512,32,32,44.341
128,512,32,64,44.6073
128,512,32,128,49.4933
128,512,32,256,58.7947
128,512,32,512,88.8327
128,512,32,1024,149.184
128,512,32,2048,286.923
128,512,32,4096,566.294
128,512,32,8192,1102.41
128,512,32,16384,2242.37
128,512,64,16,59.0077
128,512,64,32,59.7113
128,512,64,64,60.0537
128,512,64,128,78.6667
128,512,64,256,129.269
128,512,64,512,223.051
128,512,64,1024,431.968
128,512,64,2048,857.259
128,512,64,4096,1738.12
128,512,64,8192,3531.03
128,512,64,16384,7117.16
128,512,128,16,91.776
128,512,128,32,93.1947
128,512,128,64,96.2347
128,512,128,128,158.294
128,512,128,256,256.353
128,512,128,512,477.259
128,512,128,1024,912.598
128,512,128,2048,1797.83
128,512,128,4096,3581.14
128,512,128,8192,7152.82
128,512,128,16384,14284.5
128,1024,0,0,42.0167
128,1024,1,16,40.5437
128,1024,1,32,40.5653
128,1024,1,64,40.6083
128,1024,1,128,40.5867
128,1024,1,256,40.5867
128,1024,1,512,40.6403
128,1024,1,1024,41.1627
128,1024,1,2048,68.4587
128,1024,1,4096,126.079
128,1024,1,8192,240.437
128,1024,1,16384,470.688
128,1024,2,16,40.8423
128,1024,2,32,40.832
128,1024,2,64,40.822
128,1024,2,128,40.854
128,1024,2,256,40.9173
128,1024,2,512,40.821
128,1024,2,1024,41.312
128,1024,2,2048,68.4907
128,1024,2,4096,126.261
128,1024,2,8192,241.088
128,1024,2,16384,473.782
128,1024,4,16,40.6397
128,1024,4,32,40.6077
128,1024,4,64,40.6503
128,1024,4,128,40.747
128,1024,4,256,40.8103
128,1024,4,512,40.875
128,1024,4,1024,41.2693
128,1024,4,2048,69.4403
128,1024,4,4096,127.563
128,1024,4,8192,244.704
128,1024,4,16384,475.446
128,1024,8,16,40.64
128,1024,8,32,40.8747
128,1024,8,64,41.099
128,1024,8,128,41.013
128,1024,8,256,41.355
128,1024,8,512,41.5463
128,1024,8,1024,41.8873
128,1024,8,2048,70.699
128,1024,8,4096,128.757
128,1024,8,8192,247.487
128,1024,8,16384,480.779
128,1024,16,16,47.4877
128,1024,16,32,47.7223
128,1024,16,64,48.096
128,1024,16,128,50.9333
128,1024,16,256,54.9337
128,1024,16,512,62.2933
128,1024,16,1024,77.792
128,1024,16,2048,136.363
128,1024,16,4096,256.448
128,1024,16,8192,495.499
128,1024,16,16384,972.984
128,1024,32,16,57.5787
128,1024,32,32,58.005
128,1024,32,64,58.5913
128,1024,32,128,68.1067
128,1024,32,256,76.0423
128,1024,32,512,88.6503
128,1024,32,1024,153.034
128,1024,32,2048,282.229
128,1024,32,4096,564.32
128,1024,32,8192,1112.65
128,1024,32,16384,2210.72
128,1024,64,16,74.1227
128,1024,64,32,74.965
128,1024,64,64,75.3283
128,1024,64,128,94.176
128,1024,64,256,141.152
128,1024,64,512,228.822
128,1024,64,1024,408.064
128,1024,64,2048,855.906
128,1024,64,4096,1732.81
128,1024,64,8192,3485.21
128,1024,64,16384,7111.19
128,1024,128,16,107.211
128,1024,128,32,108.736
128,1024,128,64,111.627
128,1024,128,128,166.422
128,1024,128,256,261.291
128,1024,128,512,479.147
128,1024,128,1024,917.781
128,1024,128,2048,1797.4
128,1024,128,4096,3584.14
128,1024,128,8192,7154.67
128,1024,128,16384,14294.8
128,2048,0,0,70.6453
128,2048,1,16,69.2163
128,2048,1,32,69.3227
128,2048,1,64,69.2587
128,2048,1,128,69.1623
128,2048,1,256,69.3867
128,2048,1,512,69.312
128,2048,1,1024,69.312
128,2048,1,2048,69.941
128,2048,1,4096,126.08
128,2048,1,8192,240.405
128,2048,1,16384,471.061
128,2048,2,16,69.4823
128,2048,2,32,69.5253
128,2048,2,64,69.5357
128,2048,2,128,69.4187
128,2048,2,256,69.419
128,2048,2,512,69.4517
128,2048,2,1024,69.6537
128,2048,2,2048,69.888
128,2048,2,4096,126.165
128,2048,2,8192,240.928
128,2048,2,16384,473.76
128,2048,4,16,69.302
128,2048,4,32,69.2693
128,2048,4,64,69.3977
128,2048,4,128,69.4513
128,2048,4,256,69.44
128,2048,4,512,69.675
128,2048,4,1024,69.5893
128,2048,4,2048,69.888
128,2048,4,4096,127.509
128,2048,4,8192,244.95
128,2048,4,16384,476.171
128,2048,8,16,69.2587
128,2048,8,32,69.237
128,2048,8,64,69.376
128,2048,8,128,69.9413
128,2048,8,256,69.952
128,2048,8,512,70.208
128,2048,8,1024,70.6457
128,2048,8,2048,71.5947
128,2048,8,4096,129.163
128,2048,8,8192,247.018
128,2048,8,16384,481.557
128,2048,16,16,75.4563
128,2048,16,32,75.7767
128,2048,16,64,75.7543
128,2048,16,128,79.0827
128,2048,16,256,83.019
128,2048,16,512,90.272
128,2048,16,1024,105.717
128,2048,16,2048,137.387
128,2048,16,4096,256.267
128,2048,16,8192,495.008
128,2048,16,16384,971.937
128,2048,32,16,85.408
128,2048,32,32,85.8777
128,2048,32,64,86.165
128,2048,32,128,95.712
128,2048,32,256,106.667
128,2048,32,512,131.328
128,2048,32,1024,153.035
128,2048,32,2048,275.029
128,2048,32,4096,550.635
128,2048,32,8192,1124.15
128,2048,32,16384,2212.73
128,2048,64,16,101.877
128,2048,64,32,102.805
128,2048,64,64,103.605
128,2048,64,128,124.64
128,2048,64,256,174.336
128,2048,64,512,269.067
128,2048,64,1024,417.547
128,2048,64,2048,830.571
128,2048,64,4096,1734.3
128,2048,64,8192,3550.28
128,2048,64,16384,7122.57
128,2048,128,16,136.725
128,2048,128,32,138.634
128,2048,128,64,141.632
128,2048,128,128,195.989
128,2048,128,256,294.849
128,2048,128,512,495.051
128,2048,128,1024,925.43
128,2048,128,2048,1800.24
128,2048,128,4096,3579.43
128,2048,128,8192,7148.95
128,2048,128,16384,14294.7
128,4096,0,0,128.052
128,4096,1,16,126.539
128,4096,1,32,126.624
128,4096,1,64,126.559
128,4096,1,128,126.549
128,4096,1,256,126.592
128,4096,1,512,126.645
128,4096,1,1024,126.539
128,4096,1,2048,126.657
128,4096,1,4096,127.478
128,4096,1,8192,240.565
128,4096,1,16384,471.157
128,4096,2,16,126.827
128,4096,2,32,126.741
128,4096,2,64,126.773
128,4096,2,128,126.72
128,4096,2,256,126.837
128,4096,2,512,126.741
128,4096,2,1024,126.816
128,4096,2,2048,126.805
128,4096,2,4096,127.381
128,4096,2,8192,241.386
128,4096,2,16384,473.879
128,4096,4,16,126.624
128,4096,4,32,126.571
128,4096,4,64,126.709
128,4096,4,128,126.677
128,4096,4,256,126.784
128,4096,4,512,126.934
128,4096,4,1024,126.923
128,4096,4,2048,127.062
128,4096,4,4096,127.808
128,4096,4,8192,245.173
128,4096,4,16384,475.808
128,4096,8,16,126.709
128,4096,8,32,126.709
128,4096,8,64,126.804
128,4096,8,128,126.89
128,4096,8,256,127.179
128,4096,8,512,127.797
128,4096,8,1024,128.063
128,4096,8,2048,128.598
128,4096,8,4096,130.954
128,4096,8,8192,248.085
128,4096,8,16384,481.406
128,4096,16,16,130.539
128,4096,16,32,131.018
128,4096,16,64,131.178
128,4096,16,128,133.835
128,4096,16,256,138.037
128,4096,16,512,145.493
128,4096,16,1024,160.512
128,4096,16,2048,194.251
128,4096,16,4096,256.565
128,4096,16,8192,495.519
128,4096,16,16384,972.896
128,4096,32,16,140.5
128,4096,32,32,141.301
128,4096,32,64,141.354
128,4096,32,128,150.944
128,4096,32,256,161.973
128,4096,32,512,186.282
128,4096,32,1024,235.733
128,4096,32,2048,277.708
128,4096,32,4096,523.157
128,4096,32,8192,1086.43
128,4096,32,16384,2209.75
128,4096,64,16,157.046
128,4096,64,32,157.793
128,4096,64,64,158.677
128,4096,64,128,180.512
128,4096,64,256,229.344
128,4096,64,512,317.429
128,4096,64,1024,499.231
128,4096,64,2048,838.742
128,4096,64,4096,1722.11
128,4096,64,8192,3529.18
128,4096,64,16384,7089.37
128,4096,128,16,192.256
128,4096,128,32,194.058
128,4096,128,64,197.354
128,4096,128,128,255.712
128,4096,128,256,352.416
128,4096,128,512,564.022
128,4096,128,1024,974.966
128,4096,128,2048,1816.84
128,4096,128,4096,3583.61
128,4096,128,8192,7138.47
128,4096,128,16384,14288.8
128,8192,0,0,244.085
128,8192,1,16,242.368
128,8192,1,32,242.336
128,8192,1,64,242.271
128,8192,1,128,242.239
128,8192,1,256,242.389
128,8192,1,512,242.259
128,8192,1,1024,242.294
128,8192,1,2048,242.325
128,8192,1,4096,242.293
128,8192,1,8192,243.136
128,8192,1,16384,470.945
128,8192,2,16,242.465
128,8192,2,32,242.507
128,8192,2,64,242.475
128,8192,2,128,242.432
128,8192,2,256,242.484
128,8192,2,512,242.506
128,8192,2,1024,242.434
128,8192,2,2048,242.421
128,8192,2,4096,242.474
128,8192,2,8192,242.677
128,8192,2,16384,473.888
128,8192,4,16,242.528
128,8192,4,32,242.411
128,8192,4,64,242.432
128,8192,4,128,242.602
128,8192,4,256,242.529
128,8192,4,512,242.699
128,8192,4,1024,242.71
128,8192,4,2048,242.773
128,8192,4,4096,242.72
128,8192,4,8192,245.205
128,8192,4,16384,476.502
128,8192,8,16,242.325
128,8192,8,32,242.357
128,8192,8,64,242.271
128,8192,8,128,243.007
128,8192,8,256,243.051
128,8192,8,512,243.306
128,8192,8,1024,243.392
128,8192,8,2048,244.639
128,8192,8,4096,245.364
128,8192,8,8192,248.863
128,8192,8,16384,482.72
128,8192,16,16,242.848
128,8192,16,32,243.018
128,8192,16,64,243.04
128,8192,16,128,245.739
128,8192,16,256,248.906
128,8192,16,512,255.926
128,8192,16,1024,272.287
128,8192,16,2048,306.005
128,8192,16,4096,370.731
128,8192,16,8192,494.347
128,8192,16,16384,975.126
128,8192,32,16,250.806
128,8192,32,32,251.317
128,8192,32,64,251.861
128,8192,32,128,261.247
128,8192,32,256,272.48
128,8192,32,512,297.098
128,8192,32,1024,346.411
128,8192,32,2048,442.113
128,8192,32,4096,531.136
128,8192,32,8192,1025.81
128,8192,32,16384,2188.8
128,8192,64,16,267.541
128,8192,64,32,268.128
128,8192,64,64,268.906
128,8192,64,128,290.987
128,8192,64,256,342.358
128,8192,64,512,430.336
128,8192,64,1024,600.267
128,8192,64,2048,975.733
128,8192,64,4096,1730.72
128,8192,64,8192,3467.14
128,8192,64,16384,7063.62
128,8192,128,16,302.88
128,8192,128,32,304.619
128,8192,128,64,308.629
128,8192,128,128,366.261
128,8192,128,256,464.353
128,8192,128,512,682.049
128,8192,128,1024,1094.04
128,8192,128,2048,1924.66
128,8192,128,4096,3604.24
128,8192,128,8192,7136.34
128,8192,128,16384,14271
128,16384,0,0,477.6
128,16384,1,16,475.25
128,16384,1,32,475.243
128,16384,1,64,475.307
128,16384,1,128,475.349
128,16384,1,256,475.276
128,16384,1,512,475.37
128,16384,1,1024,475.349
128,16384,1,2048,475.392
128,16384,1,4096,475.307
128,16384,1,8192,475.403
128,16384,1,16384,475.787
128,16384,2,16,475.467
128,16384,2,32,475.442
128,16384,2,64,475.434
128,16384,2,128,475.435
128,16384,2,256,475.338
128,16384,2,512,475.456
128,16384,2,1024,475.616
128,16384,2,2048,475.381
128,16384,2,4096,475.275
128,16384,2,8192,475.371
128,16384,2,16384,476.214
128,16384,4,16,475.401
128,16384,4,32,475.346
128,16384,4,64,475.606
128,16384,4,128,475.542
128,16384,4,256,475.646
128,16384,4,512,475.68
128,16384,4,1024,475.563
128,16384,4,2048,475.787
128,16384,4,4096,475.83
128,16384,4,8192,475.85
128,16384,4,16384,477.973
128,16384,8,16,475.361
128,16384,8,32,475.381
128,16384,8,64,475.317
128,16384,8,128,475.498
128,16384,8,256,475.903
128,16384,8,512,476.075
128,16384,8,1024,476.661
128,16384,8,2048,476.917
128,16384,8,4096,478.465
128,16384,8,8192,480.149
128,16384,8,16384,488.022
128,16384,16,16,475.915
128,16384,16,32,475.754
128,16384,16,64,476.127
128,16384,16,128,476.544
128,16384,16,256,476.64
128,16384,16,512,479.467
128,16384,16,1024,494.752
128,16384,16,2048,527.935
128,16384,16,4096,596.362
128,16384,16,8192,725.323
128,16384,16,16384,967.788
128,16384,32,16,476.256
128,16384,32,32,476.245
128,16384,32,64,475.989
128,16384,32,128,483.029
128,16384,32,256,492.639
128,16384,32,512,516.853
128,16384,32,1024,567.948
128,16384,32,2048,664.042
128,16384,32,4096,863.798
128,16384,32,8192,1043.91
128,16384,32,16384,2049.04
128,16384,64,16,487.755
128,16384,64,32,490.497
128,16384,64,64,490.24
128,16384,64,128,511.436
128,16384,64,256,562.347
128,16384,64,512,649.387
128,16384,64,1024,823.051
128,16384,64,2048,1210.69
128,16384,64,4096,1987.25
128,16384,64,8192,3520.15
128,16384,64,16384,7048.37
128,16384,128,16,524.619
128,16384,128,32,526.764
128,16384,128,64,529.046
128,16384,128,128,588.353
128,16384,128,256,688.502
128,16384,128,512,902.112
128,16384,128,1024,1333.94
128,16384,128,2048,2166.11
128,16384,128,4096,3829.64
128,16384,128,8192,7170.97
128,16384,128,16384,14256.4
256,0,0,0,15.9893
256,0,1,16,16.1493
256,0,1,32,16.128
256,0,1,64,16.128
256,0,1,128,16.1707
256,0,1,256,18.7627
256,0,1,512,25.6107
256,0,1,1024,39.9787
256,0,1,2048,68.8107
256,0,1,4096,126.24
256,0,1,8192,240.757
256,0,1,16384,471.232
256,0,2,16,16.437
256,0,2,32,16.5867
256,0,2,64,16.5547
256,0,2,128,16.448
256,0,2,256,19.6267
256,0,2,512,26.336
256,0,2,1024,40.267
256,0,2,2048,69.12
256,0,2,4096,126.592
256,0,2,8192,241.387
256,0,2,16384,473.238
256,0,4,16,16.842
256,0,4,32,16.832
256,0,4,64,17.184
256,0,4,128,17.0243
256,0,4,256,20.1063
256,0,4,512,26.7627
256,0,4,1024,41.109
256,0,4,2048,69.8347
256,0,4,4096,128.021
256,0,4,8192,244.907
256,0,4,16384,475.776
256,0,8,16,22.8057
256,0,8,32,23.168
256,0,8,64,23.2
256,0,8,128,24.4057
256,0,8,256,28.6293
256,0,8,512,36.085
256,0,8,1024,50.3683
256,0,8,2048,77.909
256,0,8,4096,134.421
256,0,8,8192,247.798
256,0,8,16384,480.48
256,0,16,16,25.4937
256,0,16,32,25.675
256,0,16,64,25.5573
256,0,16,128,29.3337
256,0,16,256,35.8727
256,0,16,512,49.8667
256,0,16,1024,78.4427
256,0,16,2048,137.291
256,0,16,4096,255.434
256,0,16,8192,493.504
256,0,16,16384,965.345
256,0,32,16,35.7017
256,0,32,32,36.1597
256,0,32,64,36.139
256,0,32,128,46.2193
256,0,32,256,59.7863
256,0,32,512,90.965
256,0,32,1024,162.539
256,0,32,2048,283.359
256,0,32,4096,522.121
256,0,32,8192,1021.75
256,0,32,16384,2003.54
256,0,64,16,55.2327
256,0,64,32,56.0747
256,0,64,64,57.1303
256,0,64,128,79.328
256,0,64,256,129.696
256,0,64,512,240.118
256,0,64,1024,456.139
256,0,64,2048,877.356
256,0,64,4096,1742.99
256,0,64,8192,3549.96
256,0,64,16384,7085.42
256,0,128,16,97.7497
256,0,128,32,99.552
256,0,128,64,101.398
256,0,128,128,156.779
256,0,128,256,246.251
256,0,128,512,463.446
256,0,128,1024,907.307
256,0,128,2048,1797.62
256,0,128,4096,3580.29
256,0,128,8192,7153.21
256,0,128,16384,14283.8
256,16,0,0,19.1893
256,16,1,16,19.6053
256,16,1,32,19.4983
256,16,1,64,19.4773
256,16,1,128,19.5623
256,16,1,256,19.5733
256,16,1,512,25.6533
256,16,1,1024,40.085
256,16,1,2048,68.8
256,16,1,4096,126.229
256,16,1,8192,240.778
256,16,1,16384,471.008
256,16,2,16,19.4767
256,16,2,32,19.4133
256,16,2,64,19.755
256,16,2,128,19.6693
256,16,2,256,19.7547
256,16,2,512,26.1867
256,16,2,1024,40.1813
256,16,2,2048,69.035
256,16,2,4096,126.56
256,16,2,8192,241.525
256,16,2,16384,473.141
256,16,4,16,20.0637
256,16,4,32,19.7547
256,16,4,64,20.2133
256,16,4,128,19.9573
256,16,4,256,20.0853
256,16,4,512,27.0933
256,16,4,1024,41.0453
256,16,4,2048,69.7707
256,16,4,4096,128.086
256,16,4,8192,244.959
256,16,4,16384,475.851
256,16,8,16,25.8027
256,16,8,32,26.1647
256,16,8,64,26.2827
256,16,8,128,27.616
256,16,8,256,30.08
256,16,8,512,37.6423
256,16,8,1024,51.381
256,16,8,2048,80.0853
256,16,8,4096,136.278
256,16,8,8192,248.407
256,16,8,16384,481.483
256,16,16,16,28.7783
256,16,16,32,28.864
256,16,16,64,29.024
256,16,16,128,31.307
256,16,16,256,35.9573
256,16,16,512,50.092
256,16,16,1024,78.1013
256,16,16,2048,137.579
256,16,16,4096,255.915
256,16,16,8192,493.429
256,16,16,16384,966.891
256,16,32,16,39.2953
256,16,32,32,39.3707
256,16,32,64,39.68
256,16,32,128,47.0717
256,16,32,256,60.2663
256,16,32,512,90.3787
256,16,32,1024,165.216
256,16,32,2048,288.372
256,16,32,4096,528.032
256,16,32,8192,1031.38
256,16,32,16384,1994.1
256,16,64,16,57.6743
256,16,64,32,58.4
256,16,64,64,59.1467
256,16,64,128,79.8933
256,16,64,256,129.505
256,16,64,512,240.981
256,16,64,1024,457.92
256,16,64,2048,878.399
256,16,64,4096,1730.31
256,16,64,8192,3554.04
256,16,64,16384,7078.59
256,16,128,16,98.4747
256,16,128,32,100.107
256,16,128,64,101.899
256,16,128,128,157.76
256,16,128,256,246.838
256,16,128,512,467.424
256,16,128,1024,909.43
256,16,128,2048,1793.25
256,16,128,4096,3582.12
256,16,128,8192,7155.22
256,16,128,16384,14284.2
256,32,0,0,19.2103
256,32,1,16,19.638
256,32,1,32,19.6477
256,32,1,64,19.4987
256,32,1,128,19.6053
256,32,1,256,19.605
256,32,1,512,25.611
256,32,1,1024,40.0003
256,32,1,2048,68.9063
256,32,1,4096,126.347
256,32,1,8192,240.65
256,32,1,16384,471.029
256,32,2,16,19.7757
256,32,2,32,19.6803
256,32,2,64,19.776
256,32,2,128,19.851
256,32,2,256,19.8293
256,32,2,512,26.1867
256,32,2,1024,40.3627
256,32,2,2048,69.131
256,32,2,4096,126.623
256,32,2,8192,241.43
256,32,2,16384,473.238
256,32,4,16,19.893
256,32,4,32,20.032
256,32,4,64,20.0853
256,32,4,128,20.053
256,32,4,256,20.1067
256,32,4,512,26.8693
256,32,4,1024,41.0773
256,32,4,2048,69.9197
256,32,4,4096,128.171
256,32,4,8192,244.926
256,32,4,16384,475.957
256,32,8,16,26.0587
256,32,8,32,26.229
256,32,8,64,26.229
256,32,8,128,27.4023
256,32,8,256,30.123
256,32,8,512,37.418
256,32,8,1024,51.648
256,32,8,2048,79.4347
256,32,8,4096,135.882
256,32,8,8192,248.875
256,32,8,16384,481.077
256,32,16,16,28.9067
256,32,16,32,29.2157
256,32,16,64,29.269
256,32,16,128,31.5843
256,32,16,256,36.299
256,32,16,512,49.7387
256,32,16,1024,78.0153
256,32,16,2048,137.599
256,32,16,4096,256.939
256,32,16,8192,494.219
256,32,16,16384,968.35
256,32,32,16,38.8907
256,32,32,32,39.382
256,32,32,64,39.6053
256,32,32,128,47.4137
256,32,32,256,60.299
256,32,32,512,90.3677
256,32,32,1024,165.387
256,32,32,2048,288.693
256,32,32,4096,532.577
256,32,32,8192,1022.1
256,32,32,16384,1975.4
256,32,64,16,57.8887
256,32,64,32,58.6243
256,32,64,64,59.5087
256,32,64,128,79.9783
256,32,64,256,128.961
256,32,64,512,241.323
256,32,64,1024,457.237
256,32,64,2048,880.321
256,32,64,4096,1748.25
256,32,64,8192,3540.34
256,32,64,16384,7085.71
256,32,128,16,98.432
256,32,128,32,100.064
256,32,128,64,101.846
256,32,128,128,157.59
256,32,128,256,247.328
256,32,128,512,465.643
256,32,128,1024,907.052
256,32,128,2048,1798.79
256,32,128,4096,3580.2
256,32,128,8192,7143.32
256,32,128,16384,14282
256,64,0,0,19.232
256,64,1,16,19.5093
256,64,1,32,19.4987
256,64,1,64,19.5093
256,64,1,128,19.5627
256,64,1,256,19.6053
256,64,1,512,25.695
256,64,1,1024,40.0107
256,64,1,2048,68.832
256,64,1,4096,126.4
256,64,1,8192,240.693
256,64,1,16384,470.974
256,64,2,16,19.6587
256,64,2,32,19.808
256,64,2,64,19.6587
256,64,2,128,19.808
256,64,2,256,19.872
256,64,2,512,26.0373
256,64,2,1024,40.1707
256,64,2,2048,69.2267
256,64,2,4096,126.772
256,64,2,8192,241.44
256,64,2,16384,473.397
256,64,4,16,20.128
256,64,4,32,20.128
256,64,4,64,20.1387
256,64,4,128,20.064
256,64,4,256,20.2667
256,64,4,512,26.9013
256,64,4,1024,40.9703
256,64,4,2048,69.9843
256,64,4,4096,128.096
256,64,4,8192,244.981
256,64,4,16384,475.862
256,64,8,16,26.0587
256,64,8,32,26.3467
256,64,8,64,26.3893
256,64,8,128,27.8937
256,64,8,256,30.016
256,64,8,512,37.3443
256,64,8,1024,51.5307
256,64,8,2048,79.7653
256,64,8,4096,135.893
256,64,8,8192,248.511
256,64,8,16384,481.184
256,64,16,16,28.939
256,64,16,32,29.2373
256,64,16,64,29.3977
256,64,16,128,31.5413
256,64,16,256,36.149
256,64,16,512,50.144
256,64,16,1024,77.867
256,64,16,2048,137.43
256,64,16,4096,256.181
256,64,16,8192,493.695
256,64,16,16384,966.752
256,64,32,16,39.2427
256,64,32,32,39.541
256,64,32,64,39.9467
256,64,32,128,47.68
256,64,32,256,60.4587
256,64,32,512,90.3893
256,64,32,1024,164.864
256,64,32,2048,287.787
256,64,32,4096,527.391
256,64,32,8192,1025.67
256,64,32,16384,1986.9
256,64,64,16,57.8997
256,64,64,32,58.5487
256,64,64,64,59.4883
256,64,64,128,79.7547
256,64,64,256,129.056
256,64,64,512,241.035
256,64,64,1024,457.163
256,64,64,2048,872.896
256,64,64,4096,1740.63
256,64,64,8192,3529.9
256,64,64,16384,7087.55
256,64,128,16,98.368
256,64,128,32,100.171
256,64,128,64,101.973
256,64,128,128,156.885
256,64,128,256,246.538
256,64,128,512,465.772
256,64,128,1024,907.734
256,64,128,2048,1798.02
256,64,128,4096,3584.52
256,64,128,8192,7151.66
256,64,128,16384,14288.4
256,128,0,0,19.2533
256,128,1,16,19.7867
256,128,1,32,19.7333
256,128,1,64,19.7977
256,128,1,128,19.6163
256,128,1,256,19.6157
256,128,1,512,25.632
256,128,1,1024,40.1283
256,128,1,2048,68.8537
256,128,1,4096,126.432
256,128,1,8192,240.96
256,128,1,16384,471.253
256,128,2,16,20.2347
256,128,2,32,20.096
256,128,2,64,19.904
256,128,2,128,20
256,128,2,256,20.0213
256,128,2,512,26.0267
256,128,2,1024,40.48
256,128,2,2048,69.1203
256,128,2,4096,126.741
256,128,2,8192,241.344
256,128,2,16384,473.43
256,128,4,16,20.704
256,128,4,32,20.4373
256,128,4,64,20.512
256,128,4,128,20.5873
256,128,4,256,20.6183
256,128,4,512,27.1357
256,128,4,1024,41.173
256,128,4,2048,70.0903
256,128,4,4096,127.968
256,128,4,8192,245.056
256,128,4,16384,475.989
256,128,8,16,26.7093
256,128,8,32,26.688
256,128,8,64,26.6347
256,128,8,128,29.7597
256,128,8,256,31.6053
256,128,8,512,39.6373
256,128,8,1024,53.888
256,128,8,2048,82.5703
256,128,8,4096,138.528
256,128,8,8192,251.125
256,128,8,16384,481.483
256,128,16,16,29.9307
256,128,16,32,29.9627
256,128,16,64,30.2187
256,128,16,128,32.6503
256,128,16,256,36.8957
256,128,16,512,50.1973
256,128,16,1024,78.1547
256,128,16,2048,138.944
256,128,16,4096,257.61
256,128,16,8192,494.593
256,128,16,16384,966.87
256,128,32,16,39.9253
256,128,32,32,40.384
256,128,32,64,40.4693
256,128,32,128,48.885
256,128,32,256,60.8963
256,128,32,512,90.027
256,128,32,1024,171.104
256,128,32,2048,298.379
256,128,32,4096,552.021
256,128,32,8192,1045.15
256,128,32,16384,2020.75
256,128,64,16,58.9547
256,128,64,32,59.4347
256,128,64,64,60.139
256,128,64,128,80.7467
256,128,64,256,130.433
256,128,64,512,239.744
256,128,64,1024,455.883
256,128,64,2048,887.351
256,128,64,4096,1765.09
256,128,64,8192,3575.99
256,128,64,16384,7165.63
256,128,128,16,99.1467
256,128,128,32,100.971
256,128,128,64,102.815
256,128,128,128,158.795
256,128,128,256,248.96
256,128,128,512,469.408
256,128,128,1024,907.436
256,128,128,2048,1797.95
256,128,128,4096,3585.64
256,128,128,8192,7143.31
256,128,128,16384,14287.1
256,256,0,0,22.9433
256,256,1,16,23.3493
256,256,1,32,23.381
256,256,1,64,23.4773
256,256,1,128,23.3813
256,256,1,256,23.3173
256,256,1,512,25.8453
256,256,1,1024,40.139
256,256,1,2048,68.9377
256,256,1,4096,126.293
256,256,1,8192,240.768
256,256,1,16384,471.114
256,256,2,16,23.68
256,256,2,32,23.712
256,256,2,64,23.68
256,256,2,128,23.541
256,256,2,256,23.616
256,256,2,512,26.4003
256,256,2,1024,40.469
256,256,2,2048,69.1307
256,256,2,4096,126.571
256,256,2,8192,241.483
256,256,2,16384,473.067
256,256,4,16,23.893
256,256,4,32,24.1703
256,256,4,64,23.968
256,256,4,128,24.0533
256,256,4,256,24.085
256,256,4,512,27.328
256,256,4,1024,40.992
256,256,4,2048,70.133
256,256,4,4096,128.043
256,256,4,8192,245.056
256,256,4,16384,476.171
256,256,8,16,29.9307
256,256,8,32,30.144
256,256,8,64,30.1337
256,256,8,128,33.2477
256,256,8,256,37.088
256,256,8,512,43.36
256,256,8,1024,57.7707
256,256,8,2048,85.003
256,256,8,4096,142.165
256,256,8,8192,254.742
256,256,8,16384,481.867
256,256,16,16,33.8027
256,256,16,32,34.1547
256,256,16,64,33.8453
256,256,16,128,36.9497
256,256,16,256,39.9037
256,256,16,512,50.4537
256,256,16,1024,78.9333
256,256,16,2048,140.021
256,256,16,4096,259.478
256,256,16,8192,498.698
256,256,16,16384,971.713
256,256,32,16,44.032
256,256,32,32,44.5223
256,256,32,64,44.864
256,256,32,128,53.1093
256,256,32,256,63.1363
256,256,32,512,90.4853
256,256,32,1024,170.357
256,256,32,2048,316.64
256,256,32,4096,569.205
256,256,32,8192,1095.47
256,256,32,16384,2155.26
256,256,64,16,63.136
256,256,64,32,63.744
256,256,64,64,64.608
256,256,64,128,82.3993
256,256,64,256,132.107
256,256,64,512,240.042
256,256,64,1024,455.595
256,256,64,2048,895.105
256,256,64,4096,1787.48
256,256,64,8192,3583.98
256,256,64,16384,7169.12
256,256,128,16,100.971
256,256,128,32,102.347
256,256,128,64,103.989
256,256,128,128,159.797
256,256,128,256,250.049
256,256,128,512,468.95
256,256,128,1024,909.953
256,256,128,2048,1796.66
256,256,128,4096,3579.06
256,256,128,8192,7150.41
256,256,128,16384,14285.6
256,512,0,0,30.0693
256,512,1,16,30.1333
256,512,1,32,30.155
256,512,1,64,30.208
256,512,1,128,30.154
256,512,1,256,30.2187
256,512,1,512,30.208
256,512,1,1024,40.2453
256,512,1,2048,69.003
256,512,1,4096,126.421
256,512,1,8192,240.886
256,512,1,16384,471.435
256,512,2,16,30.4427
256,512,2,32,30.7417
256,512,2,64,30.56
256,512,2,128,30.571
256,512,2,256,30.6023
256,512,2,512,31.0933
256,512,2,1024,40.7683
256,512,2,2048,69.2477
256,512,2,4096,126.699
256,512,2,8192,241.597
256,512,2,16384,473.931
256,512,4,16,30.8053
256,512,4,32,30.7947
256,512,4,64,30.88
256,512,4,128,30.848
256,512,4,256,31.1683
256,512,4,512,31.253
256,512,4,1024,41.3973
256,512,4,2048,70.1223
256,512,4,4096,128.651
256,512,4,8192,245.003
256,512,4,16384,475.744
256,512,8,16,37.1627
256,512,8,32,37.152
256,512,8,64,37.0667
256,512,8,128,40.4263
256,512,8,256,44.0213
256,512,8,512,51.1153
256,512,8,1024,64.7787
256,512,8,2048,92.4687
256,512,8,4096,148.928
256,512,8,8192,262.688
256,512,8,16384,488.874
256,512,16,16,40.7687
256,512,16,32,41.056
256,512,16,64,40.9923
256,512,16,128,44.288
256,512,16,256,48.0107
256,512,16,512,54.6243
256,512,16,1024,78.976
256,512,16,2048,139.691
256,512,16,4096,261.749
256,512,16,8192,505.333
256,512,16,16384,989.654
256,512,32,16,52.117
256,512,32,32,52.4377
256,512,32,64,52.779
256,512,32,128,61.2163
256,512,32,256,71.093
256,512,32,512,93.952
256,512,32,1024,157.27
256,512,32,2048,324.865
256,512,32,4096,643.52
256,512,32,8192,1282.72
256,512,32,16384,2742.06
256,512,64,16,71.744
256,512,64,32,72.576
256,512,64,64,73.2903
256,512,64,128,90.624
256,512,64,256,134.165
256,512,64,512,237.206
256,512,64,1024,453.451
256,512,64,2048,889.525
256,512,64,4096,1785.79
256,512,64,8192,3590.98
256,512,64,16384,7172.87
256,512,128,16,109.835
256,512,128,32,111.382
256,512,128,64,113.12
256,512,128,128,161.739
256,512,128,256,250.602
256,512,128,512,471.009
256,512,128,1024,909.719
256,512,128,2048,1794.34
256,512,128,4096,3578.81
256,512,128,8192,7154.02
256,512,128,16384,14290.9
256,1024,0,0,43.7547
256,1024,1,16,44.3417
256,1024,1,32,44.416
256,1024,1,64,44.2453
256,1024,1,128,44.299
256,1024,1,256,44.256
256,1024,1,512,44.4263
256,1024,1,1024,44.2243
256,1024,1,2048,69.1097
256,1024,1,4096,126.518
256,1024,1,8192,241.163
256,1024,1,16384,471.19
256,1024,2,16,44.416
256,1024,2,32,44.309
256,1024,2,64,44.309
256,1024,2,128,44.416
256,1024,2,256,44.331
256,1024,2,512,44.4693
256,1024,2,1024,44.6827
256,1024,2,2048,69.3867
256,1024,2,4096,126.688
256,1024,2,8192,241.664
256,1024,2,16384,473.387
256,1024,4,16,44.789
256,1024,4,32,44.864
256,1024,4,64,45.0137
256,1024,4,128,44.9813
256,1024,4,256,45.1307
256,1024,4,512,45.3333
256,1024,4,1024,45.248
256,1024,4,2048,70.2827
256,1024,4,4096,128.971
256,1024,4,8192,244.896
256,1024,4,16384,476.256
256,1024,8,16,50.7947
256,1024,8,32,50.7943
256,1024,8,64,51.04
256,1024,8,128,54.3033
256,1024,8,256,57.8453
256,1024,8,512,64.9917
256,1024,8,1024,79.4133
256,1024,8,2048,109.301
256,1024,8,4096,167.563
256,1024,8,8192,284.3
256,1024,8,16384,519.179
256,1024,16,16,54.582
256,1024,16,32,54.8373
256,1024,16,64,54.9433
256,1024,16,128,58.4423
256,1024,16,256,62.2507
256,1024,16,512,69.355
256,1024,16,1024,83.3713
256,1024,16,2048,139.05
256,1024,16,4096,262.784
256,1024,16,8192,506.486
256,1024,16,16384,992.737
256,1024,32,16,66.3467
256,1024,32,32,66.56
256,1024,32,64,66.976
256,1024,32,128,76.896
256,1024,32,256,86.88
256,1024,32,512,108.384
256,1024,32,1024,156.65
256,1024,32,2048,315.478
256,1024,32,4096,643.36
256,1024,32,8192,1285.33
256,1024,32,16384,2678.25
256,1024,64,16,88.5013
256,1024,64,32,89.0777
256,1024,64,64,89.877
256,1024,64,128,107.829
256,1024,64,256,147.744
256,1024,64,512,246.816
256,1024,64,1024,431.51
256,1024,64,2048,885.846
256,1024,64,4096,1783.29
256,1024,64,8192,3582.17
256,1024,64,16384,7181.41
256,1024,128,16,127.254
256,1024,128,32,128.992
256,1024,128,64,130.677
256,1024,128,128,176.256
256,1024,128,256,255.883
256,1024,128,512,473.206
256,1024,128,1024,914.156
256,1024,128,2048,1791.07
256,1024,128,4096,3580.29
256,1024,128,8192,7153.28
256,1024,128,16384,14298.4
256,2048,0,0,71.8293
256,2048,1,16,72
256,2048,1,32,72.107
256,2048,1,64,72.1173
256,2048,1,128,72.0747
256,2048,1,256,72.096
256,2048,1,512,72.182
256,2048,1,1024,72.2987
256,2048,1,2048,72.2133
256,2048,1,4096,126.421
256,2048,1,8192,241.174
256,2048,1,16384,471.499
256,2048,2,16,72.4373
256,2048,2,32,72.6293
256,2048,2,64,72.0643
256,2048,2,128,72.2563
256,2048,2,256,72.1917
256,2048,2,512,72.2667
256,2048,2,1024,72.448
256,2048,2,2048,72.6613
256,2048,2,4096,127.082
256,2048,2,8192,241.664
256,2048,2,16384,473.76
256,2048,4,16,72.7467
256,2048,4,32,72.331
256,2048,4,64,72.48
256,2048,4,128,72.533
256,2048,4,256,72.6183
256,2048,4,512,73.1733
256,2048,4,1024,73.1837
256,2048,4,2048,73.536
256,2048,4,4096,128.768
256,2048,4,8192,245.718
256,2048,4,16384,476.683
256,2048,8,16,78.3467
256,2048,8,32,78.56
256,2048,8,64,78.9013
256,2048,8,128,81.76
256,2048,8,256,85.8773
256,2048,8,512,92.832
256,2048,8,1024,107.925
256,2048,8,2048,137.077
256,2048,8,4096,198.23
256,2048,8,8192,316.192
256,2048,8,16384,552.662
256,2048,16,16,82.3573
256,2048,16,32,82.7833
256,2048,16,64,82.752
256,2048,16,128,86.208
256,2048,16,256,89.7497
256,2048,16,512,97.781
256,2048,16,1024,112.8
256,2048,16,2048,141.131
256,2048,16,4096,262.069
256,2048,16,8192,508.916
256,2048,16,16384,992.726
256,2048,32,16,93.696
256,2048,32,32,94.2933
256,2048,32,64,94.7733
256,2048,32,128,104.587
256,2048,32,256,116.107
256,2048,32,512,139.147
256,2048,32,1024,184.63
256,2048,32,2048,280.875
256,2048,32,4096,626.485
256,2048,32,8192,1334.41
256,2048,32,16384,2613.58
256,2048,64,16,117.344
256,2048,64,32,118.154
256,2048,64,64,119.253
256,2048,64,128,140.96
256,2048,64,256,181.633
256,2048,64,512,276.342
256,2048,64,1024,458.795
256,2048,64,2048,843.361
256,2048,64,4096,1758.23
256,2048,64,8192,3569.98
256,2048,64,16384,7165.32
256,2048,128,16,160.672
256,2048,128,32,161.76
256,2048,128,64,164.064
256,2048,128,128,209.238
256,2048,128,256,285.344
256,2048,128,512,484.384
256,2048,128,1024,919.937
256,2048,128,2048,1795.54
256,2048,128,4096,3568.94
256,2048,128,8192,7143.37
256,2048,128,16384,14306.9
256,4096,0,0,128.032
256,4096,1,16,127.541
256,4096,1,32,127.68
256,4096,1,64,127.617
256,4096,1,128,127.755
256,4096,1,256,127.669
256,4096,1,512,127.616
256,4096,1,1024,127.702
256,4096,1,2048,127.723
256,4096,1,4096,128.181
256,4096,1,8192,241.291
256,4096,1,16384,471.371
256,4096,2,16,127.808
256,4096,2,32,127.467
256,4096,2,64,127.477
256,4096,2,128,127.499
256,4096,2,256,127.979
256,4096,2,512,127.851
256,4096,2,1024,128.278
256,4096,2,2048,127.989
256,4096,2,4096,128.545
256,4096,2,8192,241.653
256,4096,2,16384,474.305
256,4096,4,16,127.893
256,4096,4,32,128.17
256,4096,4,64,128.266
256,4096,4,128,128.406
256,4096,4,256,128.245
256,4096,4,512,128.661
256,4096,4,1024,128.992
256,4096,4,2048,128.972
256,4096,4,4096,129.493
256,4096,4,8192,246.251
256,4096,4,16384,477.11
256,4096,8,16,133.974
256,4096,8,32,134.336
256,4096,8,64,134.816
256,4096,8,128,138.016
256,4096,8,256,140.992
256,4096,8,512,147.946
256,4096,8,1024,163.051
256,4096,8,2048,192.544
256,4096,8,4096,252.96
256,4096,8,8192,375.712
256,4096,8,16384,612.523
256,4096,16,16,138.186
256,4096,16,32,138.325
256,4096,16,64,138.261
256,4096,16,128,141.824
256,4096,16,256,145.792
256,4096,16,512,152.726
256,4096,16,1024,168.085
256,4096,16,2048,198.4
256,4096,16,4096,258.304
256,4096,16,8192,507.733
256,4096,16,16384,995.104
256,4096,32,16,149.568
256,4096,32,32,150.058
256,4096,32,64,150.869
256,4096,32,128,159.872
256,4096,32,256,171.329
256,4096,32,512,194.176
256,4096,32,1024,247.2
256,4096,32,2048,335.221
256,4096,32,4096,532.395
256,4096,32,8192,1269.47
256,4096,32,16384,2709.49
256,4096,64,16,172.555
256,4096,64,32,173.174
256,4096,64,64,174.123
256,4096,64,128,197.803
256,4096,64,256,241.472
256,4096,64,512,330.891
256,4096,64,1024,527.648
256,4096,64,2048,896.854
256,4096,64,4096,1714.9
256,4096,64,8192,3536.92
256,4096,64,16384,7118.75
256,4096,128,16,218.955
256,4096,128,32,221.216
256,4096,128,64,223.766
256,4096,128,128,276.139
256,4096,128,256,349.835
256,4096,128,512,551.158
256,4096,128,1024,962.155
256,4096,128,2048,1818.38
256,4096,128,4096,3575.22
256,4096,128,8192,7127.34
256,4096,128,16384,14273
256,8192,0,0,244.011
256,8192,1,16,243.093
256,8192,1,32,243.094
256,8192,1,64,243.168
256,8192,1,128,243.211
256,8192,1,256,243.222
256,8192,1,512,243.211
256,8192,1,1024,243.05
256,8192,1,2048,243.381
256,8192,1,4096,243.21
256,8192,1,8192,244.085
256,8192,1,16384,471.563
256,8192,2,16,242.923
256,8192,2,32,243.147
256,8192,2,64,243.04
256,8192,2,128,242.997
256,8192,2,256,242.87
256,8192,2,512,243.168
256,8192,2,1024,243.03
256,8192,2,2048,243.253
256,8192,2,4096,243.114
256,8192,2,8192,243.787
256,8192,2,16384,474.401
256,8192,4,16,243.083
256,8192,4,32,243.135
256,8192,4,64,243.2
256,8192,4,128,243.18
256,8192,4,256,243.264
256,8192,4,512,243.487
256,8192,4,1024,243.328
256,8192,4,2048,243.862
256,8192,4,4096,244.618
256,8192,4,8192,246.763
256,8192,4,16384,478.677
256,8192,8,16,244.693
256,8192,8,32,245.696
256,8192,8,64,245.408
256,8192,8,128,248.502
256,8192,8,256,252.832
256,8192,8,512,259.605
256,8192,8,1024,274.133
256,8192,8,2048,304.266
256,8192,8,4096,369.301
256,8192,8,8192,488.897
256,8192,8,16384,729.675
256,8192,16,16,249.088
256,8192,16,32,249.803
256,8192,16,64,249.899
256,8192,16,128,253.387
256,8192,16,256,257.056
256,8192,16,512,264.512
256,8192,16,1024,278.549
256,8192,16,2048,310.176
256,8192,16,4096,377.952
256,8192,16,8192,497.803
256,8192,16,16384,995.169
256,8192,32,16,260.108
256,8192,32,32,261.077
256,8192,32,64,260.874
256,8192,32,128,270.763
256,8192,32,256,282.624
256,8192,32,512,305.642
256,8192,32,1024,354.326
256,8192,32,2048,458.272
256,8192,32,4096,644.544
256,8192,32,8192,1048.6
256,8192,32,16384,2698.15
256,8192,64,16,283.445
256,8192,64,32,283.979
256,8192,64,64,285.569
256,8192,64,128,308.161
256,8192,64,256,354.251
256,8192,64,512,446.369
256,8192,64,1024,644.129
256,8192,64,2048,1021.26
256,8192,64,4096,1774.44
256,8192,64,8192,3435.17
256,8192,64,16384,7059.12
256,8192,128,16,330.176
256,8192,128,32,331.531
256,8192,128,64,334.134
256,8192,128,128,390.059
256,8192,128,256,463.211
256,8192,128,512,674.091
256,8192,128,1024,1088.19
256,8192,128,2048,1890.44
256,8192,128,4096,3604.73
256,8192,128,8192,7115.99
256,8192,128,16384,14222.7
256,16384,0,0,477.451
256,16384,1,16,476.289
256,16384,1,32,476.191
256,16384,1,64,476.181
256,16384,1,128,476.159
256,16384,1,256,476.374
256,16384,1,512,476.32
256,16384,1,1024,476.469
256,16384,1,2048,476.351
256,16384,1,4096,476.235
256,16384,1,8192,476.171
256,16384,1,16384,477.141
256,16384,2,16,475.809
256,16384,2,32,476.288
256,16384,2,64,476.14
256,16384,2,128,476.203
256,16384,2,256,476.205
256,16384,2,512,476.416
256,16384,2,1024,476.311
256,16384,2,2048,476.405
256,16384,2,4096,476.375
256,16384,2,8192,476.33
256,16384,2,16384,477.248
256,16384,4,16,476.383
256,16384,4,32,476.333
256,16384,4,64,476.299
256,16384,4,128,476.266
256,16384,4,256,476.65
256,16384,4,512,476.629
256,16384,4,1024,477.002
256,16384,4,2048,477.024
256,16384,4,4096,477.889
256,16384,4,8192,479.072
256,16384,4,16384,481.813
256,16384,8,16,476.064
256,16384,8,32,476.363
256,16384,8,64,476.085
256,16384,8,128,476.245
256,16384,8,256,476.554
256,16384,8,512,480.835
256,16384,8,1024,495.616
256,16384,8,2048,527.552
256,16384,8,4096,593.398
256,16384,8,8192,721.665
256,16384,8,16384,961.452
256,16384,16,16,476.543
256,16384,16,32,476.246
256,16384,16,64,476.629
256,16384,16,128,476.757
256,16384,16,256,480.33
256,16384,16,512,487.147
256,16384,16,1024,500.725
256,16384,16,2048,535.638
256,16384,16,4096,604.481
256,16384,16,8192,736.619
256,16384,16,16384,975.009
256,16384,32,16,482.176
256,16384,32,32,483.435
256,16384,32,64,483.872
256,16384,32,128,494.444
256,16384,32,256,503.723
256,16384,32,512,528.897
256,16384,32,1024,579.136
256,16384,32,2048,678.87
256,16384,32,4096,890.816
256,16384,32,8192,1285.19
256,16384,32,16384,2115.95
256,16384,64,16,505.633
256,16384,64,32,505.409
256,16384,64,64,507.095
256,16384,64,128,530.774
256,16384,64,256,576.139
256,16384,64,512,666.987
256,16384,64,1024,862.785
256,16384,64,2048,1253.7
256,16384,64,4096,2028.18
256,16384,64,8192,3563.13
256,16384,64,16384,7000.88
256,16384,128,16,551.393
256,16384,128,32,554.273
256,16384,128,64,556.459
256,16384,128,128,611.489
256,16384,128,256,684.96
256,16384,128,512,897.089
256,16384,128,1024,1322.06
256,16384,128,2048,2155.19
256,16384,128,4096,3778.48
256,16384,128,8192,7177.09
256,16384,128,16384,14206.1
512,0,0,0,23.9147
512,0,1,16,24.715
512,0,1,32,24.7367
512,0,1,64,24.6513
512,0,1,128,24.8103
512,0,1,256,24.5013
512,0,1,512,27.4663
512,0,1,1024,41.345
512,0,1,2048,69.4293
512,0,1,4096,127.083
512,0,1,8192,241.546
512,0,1,16384,471.926
512,0,2,16,25.6423
512,0,2,32,25.7603
512,0,2,64,25.8667
512,0,2,128,25.845
512,0,2,256,25.9413
512,0,2,512,28.6507
512,0,2,1024,42.688
512,0,2,2048,70.1013
512,0,2,4096,127.253
512,0,2,8192,241.653
512,0,2,16384,474.251
512,0,4,16,30.9227
512,0,4,32,30.89
512,0,4,64,30.6137
512,0,4,128,31.4883
512,0,4,256,32.128
512,0,4,512,36.3733
512,0,4,1024,50.4533
512,0,4,2048,77.813
512,0,4,4096,133.439
512,0,4,8192,246.357
512,0,4,16384,477.13
512,0,8,16,33.4933
512,0,8,32,33.526
512,0,8,64,33.4187
512,0,8,128,35.445
512,0,8,256,37.941
512,0,8,512,46.6987
512,0,8,1024,63.0613
512,0,8,2048,91.8083
512,0,8,4096,147.467
512,0,8,8192,260.544
512,0,8,16384,483.809
512,0,16,16,40.043
512,0,16,32,40.3413
512,0,16,64,40.5223
512,0,16,128,44.4477
512,0,16,256,48.747
512,0,16,512,63.5947
512,0,16,1024,91.9783
512,0,16,2048,152.053
512,0,16,4096,267.317
512,0,16,8192,507.883
512,0,16,16384,982.903
512,0,32,16,52.8323
512,0,32,32,52.9173
512,0,32,64,53.5687
512,0,32,128,61.12
512,0,32,256,71.8507
512,0,32,512,103.115
512,0,32,1024,194.315
512,0,32,2048,346.027
512,0,32,4096,647.019
512,0,32,8192,1229.96
512,0,32,16384,2422.52
512,0,64,16,77.312
512,0,64,32,77.8243
512,0,64,64,78.3037
512,0,64,128,97.269
512,0,64,256,135.659
512,0,64,512,249.664
512,0,64,1024,470.709
512,0,64,2048,919.968
512,0,64,4096,1814.44
512,0,64,8192,3605.21
512,0,64,16384,7181.15
512,0,128,16,128.096
512,0,128,32,129.579
512,0,128,64,131.531
512,0,128,128,183.68
512,0,128,256,255.041
512,0,128,512,471.126
512,0,128,1024,911.116
512,0,128,2048,1799.51
512,0,128,4096,3588.81
512,0,128,8192,7154.1
512,0,128,16384,14298.3
512,16,0,0,27.168
512,16,1,16,28.1173
512,16,1,32,28
512,16,1,64,27.798
512,16,1,128,28.054
512,16,1,256,28.117
512,16,1,512,28.1387
512,16,1,1024,41.4827
512,16,1,2048,69.6533
512,16,1,4096,126.965
512,16,1,8192,241.654
512,16,1,16384,472.171
512,16,2,16,28.6607
512,16,2,32,28.7467
512,16,2,64,28.5973
512,16,2,128,28.8107
512,16,2,256,28.928
512,16,2,512,29.0773
512,16,2,1024,42.859
512,16,2,2048,70.208
512,16,2,4096,127.445
512,16,2,8192,242.102
512,16,2,16384,473.984
512,16,4,16,33.9413
512,16,4,32,33.8027
512,16,4,64,33.9307
512,16,4,128,35.691
512,16,4,256,36.139
512,16,4,512,37.6633
512,16,4,1024,52.128
512,16,4,2048,79.808
512,16,4,4096,135.157
512,16,4,8192,246.444
512,16,4,16384,476.896
512,16,8,16,36.9277
512,16,8,32,36.918
512,16,8,64,36.8103
512,16,8,128,38.9543
512,16,8,256,41.099
512,16,8,512,46.8903
512,16,8,1024,65.5363
512,16,8,2048,93.8133
512,16,8,4096,149.855
512,16,8,8192,262.263
512,16,8,16384,487.318
512,16,16,16,43.8717
512,16,16,32,44
512,16,16,64,44.2887
512,16,16,128,48.0637
512,16,16,256,52.917
512,16,16,512,65.2903
512,16,16,1024,94.1547
512,16,16,2048,155.542
512,16,16,4096,271.733
512,16,16,8192,513.237
512,16,16,16384,982.102
512,16,32,16,56.4373
512,16,32,32,56.853
512,16,32,64,56.8637
512,16,32,128,64.7573
512,16,32,256,73.835
512,16,32,512,103.36
512,16,32,1024,194.197
512,16,32,2048,351.434
512,16,32,4096,677.505
512,16,32,8192,1317.86
512,16,32,16384,2433.87
512,16,64,16,80.8
512,16,64,32,81.7813
512,16,64,64,82.2613
512,16,64,128,99.1257
512,16,64,256,137.088
512,16,64,512,251.488
512,16,64,1024,469.035
512,16,64,2048,921.643
512,16,64,4096,1818.78
512,16,64,8192,3612.69
512,16,64,16384,7186.62
512,16,128,16,129.088
512,16,128,32,130.891
512,16,128,64,132.779
512,16,128,128,184.918
512,16,128,256,255.862
512,16,128,512,472.342
512,16,128,1024,912.054
512,16,128,2048,1802.85
512,16,128,4096,3583.43
512,16,128,8192,7157.71
512,16,128,16384,14297.9
512,32,0,0,27.1147
512,32,1,16,28.0533
512,32,1,32,27.9253
512,32,1,64,28.011
512,32,1,128,27.8613
512,32,1,256,28.256
512,32,1,512,28.032
512,32,1,1024,41.4933
512,32,1,2048,69.3547
512,32,1,4096,127.071
512,32,1,8192,241.696
512,32,1,16384,471.584
512,32,2,16,28.5653
512,32,2,32,28.9707
512,32,2,64,28.7253
512,32,2,128,28.8003
512,32,2,256,28.9497
512,32,2,512,28.9817
512,32,2,1024,42.624
512,32,2,2048,70.5493
512,32,2,4096,127.371
512,32,2,8192,241.984
512,32,2,16384,474.356
512,32,4,16,34.24
512,32,4,32,34.048
512,32,4,64,34.0267
512,32,4,128,35.926
512,32,4,256,35.7873
512,32,4,512,37.813
512,32,4,1024,52.032
512,32,4,2048,79.7653
512,32,4,4096,135.03
512,32,4,8192,246.635
512,32,4,16384,476.811
512,32,8,16,36.9707
512,32,8,32,37.1947
512,32,8,64,37.1307
512,32,8,128,39.2533
512,32,8,256,41.5357
512,32,8,512,47.285
512,32,8,1024,65.589
512,32,8,2048,93.8457
512,32,8,4096,150.773
512,32,8,8192,263.211
512,32,8,16384,488.256
512,32,16,16,44.1707
512,32,16,32,44.1707
512,32,16,64,44.1593
512,32,16,128,48.2137
512,32,16,256,52.725
512,32,16,512,65.344
512,32,16,1024,94.7413
512,32,16,2048,155.861
512,32,16,4096,272.799
512,32,16,8192,512.394
512,32,16,16384,984.311
512,32,32,16,56.8753
512,32,32,32,57.0133
512,32,32,64,56.9063
512,32,32,128,65.045
512,32,32,256,73.632
512,32,32,512,103.573
512,32,32,1024,196.096
512,32,32,2048,359.691
512,32,32,4096,679.149
512,32,32,8192,1320.21
512,32,32,16384,2746.46
512,32,64,16,81.035
512,32,64,32,81.7707
512,32,64,64,82.5813
512,32,64,128,99.179
512,32,64,256,135.722
512,32,64,512,249.472
512,32,64,1024,469.91
512,32,64,2048,923.051
512,32,64,4096,1817.93
512,32,64,8192,3618.69
512,32,64,16384,7198.15
512,32,128,16,129.451
512,32,128,32,131.062
512,32,128,64,132.907
512,32,128,128,184.96
512,32,128,256,254.753
512,32,128,512,469.708
512,32,128,1024,909.719
512,32,128,2048,1802.62
512,32,128,4096,3585.45
512,32,128,8192,7153.26
512,32,128,16384,14298.1
512,64,0,0,27.061
512,64,1,16,28.053
512,64,1,32,28.1707
512,64,1,64,28.128
512,64,1,128,28.0853
512,64,1,256,27.915
512,64,1,512,28.1707
512,64,1,1024,41.141
512,64,1,2048,69.3977
512,64,1,4096,127.317
512,64,1,8192,241.302
512,64,1,16384,471.978
512,64,2,16,28.79
512,64,2,32,28.8853
512,64,2,64,28.7467
512,64,2,128,29.1627
512,64,2,256,28.9817
512,64,2,512,28.9813
512,64,2,1024,42.4107
512,64,2,2048,70.4853
512,64,2,4096,126.912
512,64,2,8192,241.995
512,64,2,16384,474.284
512,64,4,16,34.1867
512,64,4,32,34.101
512,64,4,64,34.027
512,64,4,128,35.7547
512,64,4,256,36.448
512,64,4,512,38.2187
512,64,4,1024,51.9253
512,64,4,2048,79.4237
512,64,4,4096,135.392
512,64,4,8192,248.032
512,64,4,16384,476.982
512,64,8,16,36.843
512,64,8,32,37.1413
512,64,8,64,37.0667
512,64,8,128,38.9867
512,64,8,256,41.3113
512,64,8,512,47.157
512,64,8,1024,65.9953
512,64,8,2048,93.9303
512,64,8,4096,151.349
512,64,8,8192,262.432
512,64,8,16384,488.811
512,64,16,16,44.064
512,64,16,32,44.2987
512,64,16,64,44.4583
512,64,16,128,48.3843
512,64,16,256,53.1733
512,64,16,512,65.483
512,64,16,1024,94.0483
512,64,16,2048,155.552
512,64,16,4096,273.228
512,64,16,8192,512.044
512,64,16,16384,985.271
512,64,32,16,56.6403
512,64,32,32,56.9813
512,64,32,64,57.2163
512,64,32,128,65.184
512,64,32,256,74.0057
512,64,32,512,102.602
512,64,32,1024,193.526
512,64,32,2048,353.75
512,64,32,4096,689.09
512,64,32,8192,1272.63
512,64,32,16384,2698.55
512,64,64,16,81.2373
512,64,64,32,81.984
512,64,64,64,82.1547
512,64,64,128,99.5093
512,64,64,256,135.371
512,64,64,512,248.086
512,64,64,1024,471.542
512,64,64,2048,923.745
512,64,64,4096,1819.13
512,64,64,8192,3607.41
512,64,64,16384,7202.78
512,64,128,16,129.771
512,64,128,32,130.816
512,64,128,64,132.96
512,64,128,128,185.163
512,64,128,256,255.659
512,64,128,512,471.766
512,64,128,1024,911.127
512,64,128,2048,1803.64
512,64,128,4096,3586.31
512,64,128,8192,7154.85
512,64,128,16384,14298
512,128,0,0,27.4987
512,128,1,16,28.2347
512,128,1,32,27.9787
512,128,1,64,28.256
512,128,1,128,28.256
512,128,1,256,28.3197
512,128,1,512,28.469
512,128,1,1024,41.344
512,128,1,2048,69.6
512,128,1,4096,127.008
512,128,1,8192,241.43
512,128,1,16384,471.819
512,128,2,16,29.2377
512,128,2,32,29.44
512,128,2,64,29.664
512,128,2,128,29.504
512,128,2,256,29.366
512,128,2,512,29.8987
512,128,2,1024,42.5707
512,128,2,2048,70.1123
512,128,2,4096,127.36
512,128,2,8192,242.315
512,128,2,16384,474.187
512,128,4,16,34.4
512,128,4,32,34.592
512,128,4,64,34.965
512,128,4,128,37.536
512,128,4,256,38.8373
512,128,4,512,40.5977
512,128,4,1024,54.1013
512,128,4,2048,81.546
512,128,4,4096,137.643
512,128,4,8192,249.953
512,128,4,16384,477.58
512,128,8,16,37.824
512,128,8,32,38.1017
512,128,8,64,38.1767
512,128,8,128,40.448
512,128,8,256,42.7733
512,128,8,512,47.9787
512,128,8,1024,68.9603
512,128,8,2048,96.9067
512,128,8,4096,152.716
512,128,8,8192,265.324
512,128,8,16384,490.753
512,128,16,16,45.4607
512,128,16,32,45.824
512,128,16,64,45.8347
512,128,16,128,49.7493
512,128,16,256,54.368
512,128,16,512,66.891
512,128,16,1024,96.8427
512,128,16,2048,159.894
512,128,16,4096,276.14
512,128,16,8192,514.796
512,128,16,16384,988.344
512,128,32,16,57.931
512,128,32,32,58.197
512,128,32,64,58.4217
512,128,32,128,66.6133
512,128,32,256,75.5627
512,128,32,512,104.331
512,128,32,1024,200.384
512,128,32,2048,363.532
512,128,32,4096,714.966
512,128,32,8192,1454.82
512,128,32,16384,2952.57
512,128,64,16,82.8377
512,128,64,32,83.4343
512,128,64,64,84.192
512,128,64,128,101.035
512,128,64,256,139.051
512,128,64,512,248.789
512,128,64,1024,470.101
512,128,64,2048,920.769
512,128,64,4096,1827.36
512,128,64,8192,3645.22
512,128,64,16384,7278.79
512,128,128,16,131.147
512,128,128,32,132.096
512,128,128,64,134.55
512,128,128,128,186.294
512,128,128,256,258.827
512,128,128,512,471.916
512,128,128,1024,911.597
512,128,128,2048,1803.25
512,128,128,4096,3587.57
512,128,128,8192,7163.4
512,128,128,16384,14292.4
512,256,0,0,31.1363
512,256,1,16,31.7447
512,256,1,32,31.808
512,256,1,64,32.0323
512,256,1,128,31.9253
512,256,1,256,31.9573
512,256,1,512,31.957
512,256,1,1024,41.5787
512,256,1,2048,69.6103
512,256,1,4096,127.168
512,256,1,8192,241.835
512,256,1,16384,472.781
512,256,2,16,33.0347
512,256,2,32,33.1093
512,256,2,64,33.2693
512,256,2,128,33.2373
512,256,2,256,33.1417
512,256,2,512,33.5787
512,256,2,1024,43.0507
512,256,2,2048,70.3257
512,256,2,4096,127.318
512,256,2,8192,242.24
512,256,2,16384,474.593
512,256,4,16,38.4643
512,256,4,32,38.6133
512,256,4,64,38.2403
512,256,4,128,41.1093
512,256,4,256,44.8747
512,256,4,512,46.037
512,256,4,1024,57.6533
512,256,4,2048,85.1303
512,256,4,4096,141.013
512,256,4,8192,253.196
512,256,4,16384,477.089
512,256,8,16,42.3363
512,256,8,32,42.411
512,256,8,64,42.3677
512,256,8,128,45.035
512,256,8,256,47.4457
512,256,8,512,52.256
512,256,8,1024,74.1443
512,256,8,2048,101.963
512,256,8,4096,158.848
512,256,8,8192,270.497
512,256,8,16384,494.124
512,256,16,16,50.027
512,256,16,32,50.7417
512,256,16,64,50.8903
512,256,16,128,54.6023
512,256,16,256,59.5307
512,256,16,512,69.4933
512,256,16,1024,99.883
512,256,16,2048,164.192
512,256,16,4096,282.934
512,256,16,8192,521.462
512,256,16,16384,995.767
512,256,32,16,63.019
512,256,32,32,63.2533
512,256,32,64,63.4673
512,256,32,128,72.1177
512,256,32,256,81.2163
512,256,32,512,106.837
512,256,32,1024,198.262
512,256,32,2048,375.414
512,256,32,4096,714.988
512,256,32,8192,1509.51
512,256,32,16384,3295.25
512,256,64,16,87.968
512,256,64,32,88.8
512,256,64,64,89.7073
512,256,64,128,107.307
512,256,64,256,141.963
512,256,64,512,251.126
512,256,64,1024,472.502
512,256,64,2048,920.298
512,256,64,4096,1830.14
512,256,64,8192,3652.59
512,256,64,16384,7296.28
512,256,128,16,136.769
512,256,128,32,137.75
512,256,128,64,140.032
512,256,128,128,188.289
512,256,128,256,259.233
512,256,128,512,473.344
512,256,128,1024,911.959
512,256,128,2048,1796.99
512,256,128,4096,3589.17
512,256,128,8192,7161.87
512,256,128,16384,14306.2
512,512,0,0,38.5067
512,512,1,16,38.9437
512,512,1,32,38.8263
512,512,1,64,38.6453
512,512,1,128,39.1253
512,512,1,256,38.869
512,512,1,512,38.8807
512,512,1,1024,42.3683
512,512,1,2048,69.6313
512,512,1,4096,127.264
512,512,1,8192,242.273
512,512,1,16384,472.108
512,512,2,16,40.3413
512,512,2,32,39.9997
512,512,2,64,39.7333
512,512,2,128,40.1173
512,512,2,256,40.512
512,512,2,512,40.5013
512,512,2,1024,43.5627
512,512,2,2048,71.2323
512,512,2,4096,127.2
512,512,2,8192,242.22
512,512,2,16384,475.083
512,512,4,16,45.6853
512,512,4,32,45.6
512,512,4,64,45.3973
512,512,4,128,48.715
512,512,4,256,52.4693
512,512,4,512,59.05
512,512,4,1024,64.5757
512,512,4,2048,92.373
512,512,4,4096,148.438
512,512,4,8192,260.598
512,512,4,16384,481.815
512,512,8,16,49.3013
512,512,8,32,49.548
512,512,8,64,49.525
512,512,8,128,52.9173
512,512,8,256,55.9897
512,512,8,512,61.7173
512,512,8,1024,75.3603
512,512,8,2048,110.827
512,512,8,4096,167.852
512,512,8,8192,279.115
512,512,8,16384,501.761
512,512,16,16,59.264
512,512,16,32,59.8617
512,512,16,64,59.925
512,512,16,128,64.6607
512,512,16,256,68.6297
512,512,16,512,80.3737
512,512,16,1024,108.075
512,512,16,2048,174.421
512,512,16,4096,297.589
512,512,16,8192,548.288
512,512,16,16384,1039.68
512,512,32,16,73.2483
512,512,32,32,73.7703
512,512,32,64,73.3547
512,512,32,128,82.6777
512,512,32,256,92.0963
512,512,32,512,118.144
512,512,32,1024,169.494
512,512,32,2048,392.033
512,512,32,4096,769.986
512,512,32,8192,1629.55
512,512,32,16384,3305.31
512,512,64,16,98.603
512,512,64,32,99.0503
512,512,64,64,100.128
512,512,64,128,117.888
512,512,64,256,149.526
512,512,64,512,255.798
512,512,64,1024,470.891
512,512,64,2048,915.564
512,512,64,4096,1825.97
512,512,64,8192,3649.02
512,512,64,16384,7296
512,512,128,16,147.382
512,512,128,32,149.003
512,512,128,64,150.486
512,512,128,128,194.177
512,512,128,256,262.55
512,512,128,512,478.945
512,512,128,1024,911.436
512,512,128,2048,1800.81
512,512,128,4096,3583.05
512,512,128,8192,7160.99
512,512,128,16384,14307.8
512,1024,0,0,52.3307
512,1024,1,16,53.2267
512,1024,1,32,53.205
512,1024,1,64,53.0027
512,1024,1,128,53.387
512,1024,1,256,52.7577
512,1024,1,512,53.0137
512,1024,1,1024,53.408
512,1024,1,2048,69.8983
512,1024,1,4096,127.424
512,1024,1,8192,241.984
512,1024,1,16384,472.278
512,1024,2,16,54.8587
512,1024,2,32,53.9733
512,1024,2,64,54.496
512,1024,2,128,54.432
512,1024,2,256,54.955
512,1024,2,512,54.9017
512,1024,2,1024,54.8907
512,1024,2,2048,71.051
512,1024,2,4096,127.83
512,1024,2,8192,242.497
512,1024,2,16384,474.572
512,1024,4,16,60.0213
512,1024,4,32,59.84
512,1024,4,64,59.563
512,1024,4,128,62.5277
512,1024,4,256,66.827
512,1024,4,512,73.461
512,1024,4,1024,87.296
512,1024,4,2048,106.827
512,1024,4,4096,162.517
512,1024,4,8192,274.806
512,1024,4,16384,496.748
512,1024,8,16,63.4667
512,1024,8,32,63.4887
512,1024,8,64,63.1253
512,1024,8,128,66.9977
512,1024,8,256,70.8377
512,1024,8,512,77.9733
512,1024,8,1024,90.251
512,1024,8,2048,125.334
512,1024,8,4096,181.493
512,1024,8,8192,292.161
512,1024,8,16384,522.711
512,1024,16,16,74.026
512,1024,16,32,74.1653
512,1024,16,64,74.582
512,1024,16,128,82.8803
512,1024,16,256,89.5577
512,1024,16,512,97.899
512,1024,16,1024,124.075
512,1024,16,2048,188.95
512,1024,16,4096,310.71
512,1024,16,8192,565.462
512,1024,16,16384,1075.48
512,1024,32,16,92.9277
512,1024,32,32,93.3227
512,1024,32,64,93.803
512,1024,32,128,102.859
512,1024,32,256,112.299
512,1024,32,512,135.168
512,1024,32,1024,173.728
512,1024,32,2048,386.347
512,1024,32,4096,777.505
512,1024,32,8192,1600.42
512,1024,32,16384,3350.27
512,1024,64,16,118.965
512,1024,64,32,119.872
512,1024,64,64,120
512,1024,64,128,139.414
512,1024,64,256,167.392
512,1024,64,512,258.848
512,1024,64,1024,474.262
512,1024,64,2048,918.158
512,1024,64,4096,1816.48
512,1024,64,8192,3638.44
512,1024,64,16384,7296.63
512,1024,128,16,169.333
512,1024,128,32,170.293
512,1024,128,64,172.918
512,1024,128,128,215.531
512,1024,128,256,270.732
512,1024,128,512,480.993
512,1024,128,1024,919.896
512,1024,128,2048,1798.55
512,1024,128,4096,3585.51
512,1024,128,8192,7162.15
512,1024,128,16384,14311.4
512,2048,0,0,80.992
512,2048,1,16,81.2267
512,2048,1,32,81.5463
512,2048,1,64,81.3223
512,2048,1,128,80.811
512,2048,1,256,81.1837
512,2048,1,512,81.5153
512,2048,1,1024,81.2703
512,2048,1,2048,81.4833
512,2048,1,4096,127.659
512,2048,1,8192,242.4
512,2048,1,16384,472.813
512,2048,2,16,81.9517
512,2048,2,32,82.4217
512,2048,2,64,82.1973
512,2048,2,128,82.624
512,2048,2,256,82.1223
512,2048,2,512,82.4753
512,2048,2,1024,83.3813
512,2048,2,2048,83.1357
512,2048,2,4096,127.829
512,2048,2,8192,242.977
512,2048,2,16384,475.063
512,2048,4,16,88.2887
512,2048,4,32,87.7017
512,2048,4,64,87.445
512,2048,4,128,90.976
512,2048,4,256,94.848
512,2048,4,512,101.973
512,2048,4,1024,115.617
512,2048,4,2048,143.595
512,2048,4,4096,195.157
512,2048,4,8192,313.686
512,2048,4,16384,545.592
512,2048,8,16,92.139
512,2048,8,32,92.0537
512,2048,8,64,91.776
512,2048,8,128,95.456
512,2048,8,256,98.731
512,2048,8,512,105.526
512,2048,8,1024,120.693
512,2048,8,2048,147.126
512,2048,8,4096,210.006
512,2048,8,8192,321.025
512,2048,8,16384,554.102
512,2048,16,16,102.571
512,2048,16,32,102.646
512,2048,16,64,102.827
512,2048,16,128,111.328
512,2048,16,256,121.419
512,2048,16,512,141.899
512,2048,16,1024,153.611
512,2048,16,2048,210.263
512,2048,16,4096,337.921
512,2048,16,8192,596.961
512,2048,16,16384,1102.23
512,2048,32,16,123.201
512,2048,32,32,123.51
512,2048,32,64,124.502
512,2048,32,128,140.15
512,2048,32,256,152.779
512,2048,32,512,176.032
512,2048,32,1024,211.787
512,2048,32,2048,296.427
512,2048,32,4096,738.977
512,2048,32,8192,1566.5
512,2048,32,16384,3244.78
512,2048,64,16,159.34
512,2048,64,32,160.278
512,2048,64,64,160.566
512,2048,64,128,180.278
512,2048,64,256,207.851
512,2048,64,512,285.835
512,2048,64,1024,483.915
512,2048,64,2048,913.271
512,2048,64,4096,1806.27
512,2048,64,8192,3625.24
512,2048,64,16384,7278.2
512,2048,128,16,210.486
512,2048,128,32,212.181
512,2048,128,64,212.821
512,2048,128,128,258.571
512,2048,128,256,310.23
512,2048,128,512,490.721
512,2048,128,1024,923.864
512,2048,128,2048,1804.17
512,2048,128,4096,3579.63
512,2048,128,8192,7150.53
512,2048,128,16384,14301.9
512,4096,0,0,137.078
512,4096,1,16,138.006
512,4096,1,32,137.793
512,4096,1,64,138.155
512,4096,1,128,137.653
512,4096,1,256,138.571
512,4096,1,512,138.646
512,4096,1,1024,137.813
512,4096,1,2048,138.314
512,4096,1,4096,138.976
512,4096,1,8192,242.817
512,4096,1,16384,472.821
512,4096,2,16,138.539
512,4096,2,32,139.105
512,4096,2,64,138.058
512,4096,2,128,139.286
512,4096,2,256,139.126
512,4096,2,512,138.315
512,4096,2,1024,138.656
512,4096,2,2048,139.286
512,4096,2,4096,141.141
512,4096,2,8192,244.139
512,4096,2,16384,476.226
512,4096,4,16,144.256
512,4096,4,32,143.392
512,4096,4,64,144.854
512,4096,4,128,147.861
512,4096,4,256,151.413
512,4096,4,512,157.59
512,4096,4,1024,173.365
512,4096,4,2048,201.217
512,4096,4,4096,256.673
512,4096,4,8192,373.014
512,4096,4,16384,606.262
512,4096,8,16,148.107
512,4096,8,32,148.075
512,4096,8,64,147.905
512,4096,8,128,150.73
512,4096,8,256,154.614
512,4096,8,512,162.037
512,4096,8,1024,177.216
512,4096,8,2048,206.71
512,4096,8,4096,260.939
512,4096,8,8192,380.758
512,4096,8,16384,614.315
512,4096,16,16,158.123
512,4096,16,32,158.336
512,4096,16,64,159.297
512,4096,16,128,167.541
512,4096,16,256,176.726
512,4096,16,512,198.433
512,4096,16,1024,243.158
512,4096,16,2048,268.971
512,4096,16,4096,385.793
512,4096,16,8192,637.378
512,4096,16,16384,1140.18
512,4096,32,16,179.211
512,4096,32,32,179.083
512,4096,32,64,180.502
512,4096,32,128,196.021
512,4096,32,256,214.518
512,4096,32,512,253.334
512,4096,32,1024,307.712
512,4096,32,2048,362.176
512,4096,32,4096,557.624
512,4096,32,8192,1518.07
512,4096,32,16384,3121.39
512,4096,64,16,221.227
512,4096,64,32,223.201
512,4096,64,64,223.435
512,4096,64,128,257.611
512,4096,64,256,288.417
512,4096,64,512,357.408
512,4096,64,1024,559.969
512,4096,64,2048,929.164
512,4096,64,4096,1784.48
512,4096,64,8192,3586.3
512,4096,64,16384,7222.53
512,4096,128,16,290.454
512,4096,128,32,292.406
512,4096,128,64,296.161
512,4096,128,128,340.374
512,4096,128,256,392.342
512,4096,128,512,547.883
512,4096,128,1024,950.157
512,4096,128,2048,1823.12
512,4096,128,4096,3589.29
512,4096,128,8192,7146.13
512,4096,128,16384,14276.3
512,8192,0,0,251.147
512,8192,1,16,251.147
512,8192,1,32,251.029
512,8192,1,64,251.5
512,8192,1,128,251.114
512,8192,1,256,252.257
512,8192,1,512,251.115
512,8192,1,1024,251.168
512,8192,1,2048,251.041
512,8192,1,4096,251.563
512,8192,1,8192,252.225
512,8192,1,16384,475.596
512,8192,2,16,252.395
512,8192,2,32,252.714
512,8192,2,64,251.702
512,8192,2,128,252.843
512,8192,2,256,252.673
512,8192,2,512,251.702
512,8192,2,1024,252
512,8192,2,2048,251.926
512,8192,2,4096,253.579
512,8192,2,8192,257.696
512,8192,2,16384,479.318
512,8192,4,16,256.95
512,8192,4,32,257.569
512,8192,4,64,257.536
512,8192,4,128,260.033
512,8192,4,256,262.998
512,8192,4,512,272.822
512,8192,4,1024,283.595
512,8192,4,2048,314.817
512,8192,4,4096,373.237
512,8192,4,8192,489.108
512,8192,4,16384,724.29
512,8192,8,16,259.969
512,8192,8,32,260.897
512,8192,8,64,259.969
512,8192,8,128,263.713
512,8192,8,256,267.648
512,8192,8,512,273.43
512,8192,8,1024,289.74
512,8192,8,2048,319.628
512,8192,8,4096,379.148
512,8192,8,8192,493.174
512,8192,8,16384,735.062
512,8192,16,16,270.678
512,8192,16,32,270.935
512,8192,16,64,271.498
512,8192,16,128,278.614
512,8192,16,256,289.729
512,8192,16,512,311.34
512,8192,16,1024,357.131
512,8192,16,2048,443.446
512,8192,16,4096,501.365
512,8192,16,8192,738.272
512,8192,16,16384,1265.11
512,8192,32,16,290.859
512,8192,32,32,292.694
512,8192,32,64,291.51
512,8192,32,128,309.142
512,8192,32,256,327.083
512,8192,32,512,365.879
512,8192,32,1024,446.817
512,8192,32,2048,555.063
512,8192,32,4096,681.005
512,8192,32,8192,1152.26
512,8192,32,16384,3066.34
512,8192,64,16,333.131
512,8192,64,32,335.073
512,8192,64,64,335.243
512,8192,64,128,369.419
512,8192,64,256,417.365
512,8192,64,512,510.753
512,8192,64,1024,669.985
512,8192,64,2048,1073.3
512,8192,64,4096,1827.05
512,8192,64,8192,3592.16
512,8192,64,16384,7158.37
512,8192,128,16,417.121
512,8192,128,32,422.806
512,8192,128,64,426.049
512,8192,128,128,496.566
512,8192,128,256,551.863
512,8192,128,512,686.38
512,8192,128,1024,1073.54
512,8192,128,2048,1887.43
512,8192,128,4096,3619.24
512,8192,128,8192,7150.64
512,8192,128,16384,14225.5
512,16384,0,0,482.068
512,16384,1,16,481.686
512,16384,1,32,481.11
512,16384,1,64,481.845
512,16384,1,128,481.686
512,16384,1,256,481.664
512,16384,1,512,483.072
512,16384,1,1024,482.348
512,16384,1,2048,481.931
512,16384,1,4096,483.841
512,16384,1,8192,482.668
512,16384,1,16384,485.142
512,16384,2,16,482.262
512,16384,2,32,482.125
512,16384,2,64,482.177
512,16384,2,128,483.031
512,16384,2,256,482.55
512,16384,2,512,482.336
512,16384,2,1024,482.082
512,16384,2,2048,484.011
512,16384,2,4096,483.872
512,16384,2,8192,485.077
512,16384,2,16384,488.631
512,16384,4,16,486.625
512,16384,4,32,485.185
512,16384,4,64,487.223
512,16384,4,128,490.199
512,16384,4,256,493.335
512,16384,4,512,500.971
512,16384,4,1024,513.985
512,16384,4,2048,541.867
512,16384,4,4096,600.837
512,16384,4,8192,728.225
512,16384,4,16384,959.341
512,16384,8,16,488.961
512,16384,8,32,489.089
512,16384,8,64,489.505
512,16384,8,128,491.85
512,16384,8,256,492.716
512,16384,8,512,499.926
512,16384,8,1024,515.833
512,16384,8,2048,545.494
512,16384,8,4096,605.239
512,16384,8,8192,730.592
512,16384,8,16384,962.53
512,16384,16,16,496.97
512,16384,16,32,498.806
512,16384,16,64,497.505
512,16384,16,128,506.337
512,16384,16,256,513.665
512,16384,16,512,535.403
512,16384,16,1024,582.935
512,16384,16,2048,669.431
512,16384,16,4096,851.17
512,16384,16,8192,975.063
512,16384,16,16384,1455.62
512,16384,32,16,517.814
512,16384,32,32,517.462
512,16384,32,64,515.841
512,16384,32,128,535.619
512,16384,32,256,551.787
512,16384,32,512,591.821
512,16384,32,1024,671.638
512,16384,32,2048,828.769
512,16384,32,4096,1059.5
512,16384,32,8192,1380.62
512,16384,32,16384,2361.16
512,16384,64,16,557.442
512,16384,64,32,560.033
512,16384,64,64,560.376
512,16384,64,128,592.961
512,16384,64,256,641.228
512,16384,64,512,734.594
512,16384,64,1024,941.772
512,16384,64,2048,1318.97
512,16384,64,4096,2108.84
512,16384,64,8192,3640.6
512,16384,64,16384,7155.54
512,16384,128,16,640.684
512,16384,128,32,643.254
512,16384,128,64,650.242
512,16384,128,128,724.887
512,16384,128,256,806.721
512,16384,128,512,987.479
512,16384,128,1024,1323.97
512,16384,128,2048,2115.32
512,16384,128,4096,3781.13
512,16384,128,8192,7211.05
512,16384,128,16384,14220.4
1024,0,0,0,57.824
1024,0,1,16,59.115
1024,0,1,32,59.019
1024,0,1,64,59.0187
1024,0,1,128,59.7013
1024,0,1,256,59.616
1024,0,1,512,60.576
1024,0,1,1024,63.328
1024,0,1,2048,91.286
1024,0,1,4096,146.965
1024,0,1,8192,258.134
1024,0,1,16384,476.546
1024,0,2,16,60.6187
1024,0,2,32,60.5337
1024,0,2,64,60.832
1024,0,2,128,60.875
1024,0,2,256,61.141
1024,0,2,512,62.0693
1024,0,2,1024,68.64
1024,0,2,2048,96.1927
1024,0,2,4096,151.285
1024,0,2,8192,261.995
1024,0,2,16384,482.615
1024,0,4,16,62.5173
1024,0,4,32,62.656
1024,0,4,64,62.069
1024,0,4,128,63.904
1024,0,4,256,64.992
1024,0,4,512,65.6
1024,0,4,1024,76.5227
1024,0,4,2048,103.734
1024,0,4,4096,159.136
1024,0,4,8192,270.508
1024,0,4,16384,493.239
1024,0,8,16,67.9897
1024,0,8,32,68.1493
1024,0,8,64,67.8727
1024,0,8,128,69.781
1024,0,8,256,72.2033
1024,0,8,512,75.3387
1024,0,8,1024,90.2187
1024,0,8,2048,138.464
1024,0,8,4096,201.494
1024,0,8,8192,314.336
1024,0,8,16384,539.139
1024,0,16,16,76.4487
1024,0,16,32,76.587
1024,0,16,64,76.3093
1024,0,16,128,81.1413
1024,0,16,256,86.165
1024,0,16,512,94.3363
1024,0,16,1024,124.544
1024,0,16,2048,223.456
1024,0,16,4096,358.549
1024,0,16,8192,644.321
1024,0,16,16384,1168.12
1024,0,32,16,94.475
1024,0,32,32,95.0833
1024,0,32,64,95.5193
1024,0,32,128,104.512
1024,0,32,256,113.366
1024,0,32,512,142.304
1024,0,32,1024,249.995
1024,0,32,2048,458.453
1024,0,32,4096,861.634
1024,0,32,8192,1736.9
1024,0,32,16384,3458.04
1024,0,64,16,130.4
1024,0,64,32,130.721
1024,0,64,64,131.733
1024,0,64,128,149.749
1024,0,64,256,172.939
1024,0,64,512,260.95
1024,0,64,1024,481.91
1024,0,64,2048,930.231
1024,0,64,4096,1844.36
1024,0,64,8192,3682.31
1024,0,64,16384,7357.11
1024,0,128,16,200.896
1024,0,128,32,201.792
1024,0,128,64,204.373
1024,0,128,128,252.204
1024,0,128,256,309.003
1024,0,128,512,485.281
1024,0,128,1024,921.261
1024,0,128,2048,1808.12
1024,0,128,4096,3595.12
1024,0,128,8192,7170.71
1024,0,128,16384,14319.5
1024,16,0,0,63.3813
1024,16,1,16,63.5103
1024,16,1,32,63.648
1024,16,1,64,63.893
1024,16,1,128,64.48
1024,16,1,256,65.131
1024,16,1,512,65.12
1024,16,1,1024,66.7413
1024,16,1,2048,94.4537
1024,16,1,4096,149.291
1024,16,1,8192,259.777
1024,16,1,16384,480.469
1024,16,2,16,65.131
1024,16,2,32,65.013
1024,16,2,64,65.472
1024,16,2,128,65.2163
1024,16,2,256,66.421
1024,16,2,512,66.635
1024,16,2,1024,70.9227
1024,16,2,2048,98.0907
1024,16,2,4096,153.451
1024,16,2,8192,263.873
1024,16,2,16384,485.014
1024,16,4,16,67.712
1024,16,4,32,67.6057
1024,16,4,64,67.8293
1024,16,4,128,67.9573
1024,16,4,256,69.248
1024,16,4,512,70.6567
1024,16,4,1024,78.3677
1024,16,4,2048,107.05
1024,16,4,4096,161.653
1024,16,4,8192,273.515
1024,16,4,16384,496.599
1024,16,8,16,72.48
1024,16,8,32,72.512
1024,16,8,64,72.7147
1024,16,8,128,74.656
1024,16,8,256,76.7783
1024,16,8,512,80.2133
1024,16,8,1024,93.2373
1024,16,8,2048,140.171
1024,16,8,4096,214.059
1024,16,8,8192,328.64
1024,16,8,16384,556.563
1024,16,16,16,81.195
1024,16,16,32,81.28
1024,16,16,64,81.2377
1024,16,16,128,86.283
1024,16,16,256,90.6453
1024,16,16,512,99.4563
1024,16,16,1024,124.992
1024,16,16,2048,222.134
1024,16,16,4096,370.518
1024,16,16,8192,658.711
1024,16,16,16384,1213.4
1024,16,32,16,99.958
1024,16,32,32,99.9793
1024,16,32,64,100.395
1024,16,32,128,109.301
1024,16,32,256,119.254
1024,16,32,512,144.63
1024,16,32,1024,251.382
1024,16,32,2048,459.287
1024,16,32,4096,860.814
1024,16,32,8192,1722.51
1024,16,32,16384,3436.96
1024,16,64,16,135.445
1024,16,64,32,135.904
1024,16,64,64,136.726
1024,16,64,128,154.475
1024,16,64,256,178.091
1024,16,64,512,261.92
1024,16,64,1024,483.948
1024,16,64,2048,929.453
1024,16,64,4096,1848
1024,16,64,8192,3684.79
1024,16,64,16384,7355.61
1024,16,128,16,205.163
1024,16,128,32,206.465
1024,16,128,64,208.758
1024,16,128,128,254.657
1024,16,128,256,310.934
1024,16,128,512,485.292
1024,16,128,1024,921.442
1024,16,128,2048,1809.73
1024,16,128,4096,3594.23
1024,16,128,8192,7167.32
1024,16,128,16384,14317.3
1024,32,0,0,63.5737
1024,32,1,16,63.851
1024,32,1,32,63.6693
1024,32,1,64,63.7977
1024,32,1,128,64.3523
1024,32,1,256,64.2987
1024,32,1,512,65.088
1024,32,1,1024,67.04
1024,32,1,2048,94.7417
1024,32,1,4096,149.387
1024,32,1,8192,259.136
1024,32,1,16384,478.828
1024,32,2,16,64.608
1024,32,2,32,65.056
1024,32,2,64,65.3333
1024,32,2,128,65.6317
1024,32,2,256,66.7947
1024,32,2,512,66.8273
1024,32,2,1024,70.496
1024,32,2,2048,97.952
1024,32,2,4096,153.685
1024,32,2,8192,263.328
1024,32,2,16384,484.726
1024,32,4,16,67.4347
1024,32,4,32,67.6587
1024,32,4,64,67.606
1024,32,4,128,68.6403
1024,32,4,256,69.792
1024,32,4,512,71.2103
1024,32,4,1024,78.112
1024,32,4,2048,107.019
1024,32,4,4096,161.888
1024,32,4,8192,273.601
1024,32,4,16384,495.66
1024,32,8,16,72.3093
1024,32,8,32,72.4587
1024,32,8,64,72.6077
1024,32,8,128,74.155
1024,32,8,256,77.259
1024,32,8,512,80.1283
1024,32,8,1024,93.0147
1024,32,8,2048,140.993
1024,32,8,4096,213.868
1024,32,8,8192,329.899
1024,32,8,16384,558.23
1024,32,16,16,81.579
1024,32,16,32,81.771
1024,32,16,64,81.5897
1024,32,16,128,85.7503
1024,32,16,256,90.5923
1024,32,16,512,99.4133
1024,32,16,1024,124.512
1024,32,16,2048,223.478
1024,32,16,4096,368.086
1024,32,16,8192,662.561
1024,32,16,16384,1214.88
1024,32,32,16,99.712
1024,32,32,32,100.363
1024,32,32,64,100.298
1024,32,32,128,109.568
1024,32,32,256,118.603
1024,32,32,512,143.637
1024,32,32,1024,249.558
1024,32,32,2048,457.984
1024,32,32,4096,874.914
1024,32,32,8192,1738.31
1024,32,32,16384,3449.89
1024,32,64,16,135.499
1024,32,64,32,136.097
1024,32,64,64,137.078
1024,32,64,128,155.136
1024,32,64,256,178.304
1024,32,64,512,261.91
1024,32,64,1024,481.804
1024,32,64,2048,930.498
1024,32,64,4096,1842.48
1024,32,64,8192,3681.59
1024,32,64,16384,7359.3
1024,32,128,16,204.684
1024,32,128,32,207.488
1024,32,128,64,208.875
1024,32,128,128,255.051
1024,32,128,256,310.721
1024,32,128,512,485.409
1024,32,128,1024,924.727
1024,32,128,2048,1806.37
1024,32,128,4096,3598.56
1024,32,128,8192,7169.53
1024,32,128,16384,14313.6
1024,64,0,0,64.0747
1024,64,1,16,63.915
1024,64,1,32,63.819
1024,64,1,64,63.8293
1024,64,1,128,64.1707
1024,64,1,256,64.3843
1024,64,1,512,65.0457
1024,64,1,1024,67.1253
1024,64,1,2048,94.027
1024,64,1,4096,149.302
1024,64,1,8192,259.649
1024,64,1,16384,479.895
1024,64,2,16,64.8643
1024,64,2,32,65.3763
1024,64,2,64,65.088
1024,64,2,128,65.8457
1024,64,2,256,66.688
1024,64,2,512,66.9227
1024,64,2,1024,71.019
1024,64,2,2048,98.4213
1024,64,2,4096,153.227
1024,64,2,8192,263.062
1024,64,2,16384,483.116
1024,64,4,16,67.2533
1024,64,4,32,67.403
1024,64,4,64,67.125
1024,64,4,128,68.256
1024,64,4,256,69.5897
1024,64,4,512,71.1467
1024,64,4,1024,78.112
1024,64,4,2048,107.617
1024,64,4,4096,162.187
1024,64,4,8192,272.651
1024,64,4,16384,495.872
1024,64,8,16,72.832
1024,64,8,32,72.245
1024,64,8,64,72.3523
1024,64,8,128,74.624
1024,64,8,256,76.2137
1024,64,8,512,80.6083
1024,64,8,1024,93.4297
1024,64,8,2048,140.193
1024,64,8,4096,210.07
1024,64,8,8192,324.247
1024,64,8,16384,562.421
1024,64,16,16,81.227
1024,64,16,32,81.0133
1024,64,16,64,81.7173
1024,64,16,128,85.9947
1024,64,16,256,90.357
1024,64,16,512,99.6693
1024,64,16,1024,123.904
1024,64,16,2048,221.878
1024,64,16,4096,370.038
1024,64,16,8192,652.695
1024,64,16,16384,1199.48
1024,64,32,16,99.9253
1024,64,32,32,100.405
1024,64,32,64,100.854
1024,64,32,128,108.896
1024,64,32,256,118.368
1024,64,32,512,143.755
1024,64,32,1024,250.23
1024,64,32,2048,463.159
1024,64,32,4096,866.66
1024,64,32,8192,1739.8
1024,64,32,16384,3441.55
1024,64,64,16,134.987
1024,64,64,32,135.915
1024,64,64,64,137.408
1024,64,64,128,154.72
1024,64,64,256,178.24
1024,64,64,512,261.387
1024,64,64,1024,482.508
1024,64,64,2048,931.522
1024,64,64,4096,1844.62
1024,64,64,8192,3687.7
1024,64,64,16384,7359.09
1024,64,128,16,205.366
1024,64,128,32,207.35
1024,64,128,64,209.238
1024,64,128,128,255.169
1024,64,128,256,310.401
1024,64,128,512,485.228
1024,64,128,1024,922.051
1024,64,128,2048,1811.4
1024,64,128,4096,3596.91
1024,64,128,8192,7170.37
1024,64,128,16384,14319.3
1024,128,0,0,64.7573
1024,128,1,16,67.3387
1024,128,1,32,67.3067
1024,128,1,64,67.3173
1024,128,1,128,67.3067
1024,128,1,256,68.032
1024,128,1,512,67.6053
1024,128,1,1024,69.7493
1024,128,1,2048,96.6827
1024,128,1,4096,152.235
1024,128,1,8192,262.508
1024,128,1,16384,481.665
1024,128,2,16,68.4053
1024,128,2,32,67.4023
1024,128,2,64,68.3097
1024,128,2,128,68.3203
1024,128,2,256,69.259
1024,128,2,512,69.2697
1024,128,2,1024,73.3227
1024,128,2,2048,100.747
1024,128,2,4096,156.096
1024,128,2,8192,265.952
1024,128,2,16384,486.69
1024,128,4,16,69.7707
1024,128,4,32,69.5683
1024,128,4,64,70.24
1024,128,4,128,71.2427
1024,128,4,256,72.331
1024,128,4,512,73.0457
1024,128,4,1024,79.2743
1024,128,4,2048,109.984
1024,128,4,4096,165.163
1024,128,4,8192,275.18
1024,128,4,16384,499.884
1024,128,8,16,75.1147
1024,128,8,32,74.923
1024,128,8,64,75.3707
1024,128,8,128,76.6083
1024,128,8,256,78.667
1024,128,8,512,82.9653
1024,128,8,1024,96.1713
1024,128,8,2048,141.387
1024,128,8,4096,217.835
1024,128,8,8192,338.124
1024,128,8,16384,573.686
1024,128,16,16,83.7327
1024,128,16,32,83.7763
1024,128,16,64,84.0537
1024,128,16,128,88.5653
1024,128,16,256,93.5467
1024,128,16,512,102.294
1024,128,16,1024,129.207
1024,128,16,2048,221.845
1024,128,16,4096,380.961
1024,128,16,8192,691.724
1024,128,16,16384,1248.01
1024,128,32,16,102.069
1024,128,32,32,102.539
1024,128,32,64,102.923
1024,128,32,128,111.68
1024,128,32,256,121.216
1024,128,32,512,145.568
1024,128,32,1024,252.683
1024,128,32,2048,468.599
1024,128,32,4096,875.969
1024,128,32,8192,1768.56
1024,128,32,16384,3485.14
1024,128,64,16,137.675
1024,128,64,32,139.04
1024,128,64,64,139.445
1024,128,64,128,158.059
1024,128,64,256,181.152
1024,128,64,512,260.631
1024,128,64,1024,483.649
1024,128,64,2048,928.759
1024,128,64,4096,1844.38
1024,128,64,8192,3684.34
1024,128,64,16384,7357.54
1024,128,128,16,208
1024,128,128,32,209.899
1024,128,128,64,212.043
1024,128,128,128,257.323
1024,128,128,256,313.366
1024,128,128,512,486.049
1024,128,128,1024,921.996
1024,128,128,2048,1809.5
1024,128,128,4096,3598.05
1024,128,128,8192,7176.2
1024,128,128,16384,14313.5
1024,256,0,0,71.957
1024,256,1,16,74.2397
1024,256,1,32,73.9627
1024,256,1,64,73.9943
1024,256,1,128,74.6777
1024,256,1,256,75.3283
1024,256,1,512,75.9037
1024,256,1,1024,76.1707
1024,256,1,2048,101.856
1024,256,1,4096,155.969
1024,256,1,8192,265.899
1024,256,1,16384,485.441
1024,256,2,16,75.083
1024,256,2,32,75.2103
1024,256,2,64,74.912
1024,256,2,128,76.0003
1024,256,2,256,75.9147
1024,256,2,512,76.832
1024,256,2,1024,78.4533
1024,256,2,2048,105.109
1024,256,2,4096,161.057
1024,256,2,8192,270.7
1024,256,2,16384,491.477
1024,256,4,16,76.7147
1024,256,4,32,76.8643
1024,256,4,64,77.5577
1024,256,4,128,78.518
1024,256,4,256,79.776
1024,256,4,512,81.4187
1024,256,4,1024,84.608
1024,256,4,2048,115.51
1024,256,4,4096,170.39
1024,256,4,8192,281.174
1024,256,4,16384,505.057
1024,256,8,16,81.6863
1024,256,8,32,81.974
1024,256,8,64,82.3573
1024,256,8,128,84.395
1024,256,8,256,85.4403
1024,256,8,512,90.1123
1024,256,8,1024,102.038
1024,256,8,2048,139.723
1024,256,8,4096,225.6
1024,256,8,8192,344.14
1024,256,8,16384,574.678
1024,256,16,16,91.04
1024,256,16,32,91.2747
1024,256,16,64,90.7957
1024,256,16,128,95.584
1024,256,16,256,101.387
1024,256,16,512,109.6
1024,256,16,1024,134.795
1024,256,16,2048,219.04
1024,256,16,4096,395.905
1024,256,16,8192,716.374
1024,256,16,16384,1332.99
1024,256,32,16,109.281
1024,256,32,32,109.813
1024,256,32,64,110.177
1024,256,32,128,119.221
1024,256,32,256,129.013
1024,256,32,512,151.638
1024,256,32,1024,254.517
1024,256,32,2048,467.607
1024,256,32,4096,895.031
1024,256,32,8192,1788.96
1024,256,32,16384,3549.99
1024,256,64,16,145.611
1024,256,64,32,146.357
1024,256,64,64,147.264
1024,256,64,128,166.049
1024,256,64,256,188.896
1024,256,64,512,263.403
1024,256,64,1024,484.63
1024,256,64,2048,934.913
1024,256,64,4096,1843.14
1024,256,64,8192,3683.77
1024,256,64,16384,7361.72
1024,256,128,16,216.438
1024,256,128,32,218.241
1024,256,128,64,219.755
1024,256,128,128,262.859
1024,256,128,256,319.212
1024,256,128,512,488.065
1024,256,128,1024,922.637
1024,256,128,2048,1807.38
1024,256,128,4096,3601.47
1024,256,128,8192,7170.59
1024,256,128,16384,14318
1024,512,0,0,86.304
1024,512,1,16,88.2343
1024,512,1,32,88.4697
1024,512,1,64,88.5223
1024,512,1,128,88.3197
1024,512,1,256,88.843
1024,512,1,512,89.2593
1024,512,1,1024,89.0883
1024,512,1,2048,109.504
1024,512,1,4096,164.544
1024,512,1,8192,274.678
1024,512,1,16384,494.711
1024,512,2,16,88.8323
1024,512,2,32,89.067
1024,512,2,64,89.2697
1024,512,2,128,89.2903
1024,512,2,256,89.963
1024,512,2,512,90.6133
1024,512,2,1024,90.1657
1024,512,2,2048,113.344
1024,512,2,4096,168.395
1024,512,2,8192,277.889
1024,512,2,16384,500.374
1024,512,4,16,91.5843
1024,512,4,32,91.4983
1024,512,4,64,91.222
1024,512,4,128,92.1493
1024,512,4,256,93.4827
1024,512,4,512,95.307
1024,512,4,1024,95.2963
1024,512,4,2048,129.024
1024,512,4,4096,185.035
1024,512,4,8192,295.02
1024,512,4,16384,519.138
1024,512,8,16,95.8927
1024,512,8,32,96.0533
1024,512,8,64,96.0753
1024,512,8,128,98.2083
1024,512,8,256,99.8293
1024,512,8,512,103.605
1024,512,8,1024,116.384
1024,512,8,2048,149.781
1024,512,8,4096,241.835
1024,512,8,8192,369.334
1024,512,8,16384,596.79
1024,512,16,16,104.843
1024,512,16,32,104.918
1024,512,16,64,105.27
1024,512,16,128,109.633
1024,512,16,256,114.56
1024,512,16,512,125.013
1024,512,16,1024,145.43
1024,512,16,2048,237.344
1024,512,16,4096,407.82
1024,512,16,8192,744.971
1024,512,16,16384,1402.16
1024,512,32,16,124.267
1024,512,32,32,123.776
1024,512,32,64,124.107
1024,512,32,128,134.731
1024,512,32,256,144.501
1024,512,32,512,166.272
1024,512,32,1024,251.35
1024,512,32,2048,462.828
1024,512,32,4096,899.831
1024,512,32,8192,1804.39
1024,512,32,16384,3606.64
1024,512,64,16,160.554
1024,512,64,32,161.003
1024,512,64,64,161.889
1024,512,64,128,180.555
1024,512,64,256,204.427
1024,512,64,512,268.427
1024,512,64,1024,487.339
1024,512,64,2048,935.81
1024,512,64,4096,1840
1024,512,64,8192,3676.1
1024,512,64,16384,7357.97
1024,512,128,16,232.214
1024,512,128,32,233.152
1024,512,128,64,235.254
1024,512,128,128,277.27
1024,512,128,256,328.31
1024,512,128,512,491.66
1024,512,128,1024,924.258
1024,512,128,2048,1813.61
1024,512,128,4096,3598.87
1024,512,128,8192,7177.01
1024,512,128,16384,14317.6
1024,1024,0,0,114.166
1024,1024,1,16,115.904
1024,1024,1,32,116.651
1024,1024,1,64,116.267
1024,1024,1,128,116.171
1024,1024,1,256,116.48
1024,1024,1,512,117.44
1024,1024,1,1024,117.227
1024,1024,1,2048,123.584
1024,1024,1,4096,179.563
1024,1024,1,8192,290.177
1024,1024,1,16384,509.568
1024,1024,2,16,117.142
1024,1024,2,32,116.811
1024,1024,2,64,116.554
1024,1024,2,128,117.355
1024,1024,2,256,118.027
1024,1024,2,512,117.707
1024,1024,2,1024,118.272
1024,1024,2,2048,127.456
1024,1024,2,4096,183.585
1024,1024,2,8192,294.422
1024,1024,2,16384,513.953
1024,1024,4,16,119.425
1024,1024,4,32,119.157
1024,1024,4,64,118.795
1024,1024,4,128,120.726
1024,1024,4,256,121.857
1024,1024,4,512,122.678
1024,1024,4,1024,123.691
1024,1024,4,2048,138.475
1024,1024,4,4096,213.302
1024,1024,4,8192,325.036
1024,1024,4,16384,545.611
1024,1024,8,16,123.435
1024,1024,8,32,123.637
1024,1024,8,64,124.096
1024,1024,8,128,125.537
1024,1024,8,256,127.531
1024,1024,8,512,131.605
1024,1024,8,1024,145.152
1024,1024,8,2048,177.312
1024,1024,8,4096,258.763
1024,1024,8,8192,408.993
1024,1024,8,16384,661.057
1024,1024,16,16,132.533
1024,1024,16,32,132.81
1024,1024,16,64,132.64
1024,1024,16,128,137.109
1024,1024,16,256,142.262
1024,1024,16,512,153.174
1024,1024,16,1024,170.198
1024,1024,16,2048,246.763
1024,1024,16,4096,418.049
1024,1024,16,8192,708.855
1024,1024,16,16384,1422.69
1024,1024,32,16,150.997
1024,1024,32,32,151.851
1024,1024,32,64,152.95
1024,1024,32,128,163.02
1024,1024,32,256,173.301
1024,1024,32,512,194.934
1024,1024,32,1024,266.465
1024,1024,32,2048,475.383
1024,1024,32,4096,895.735
1024,1024,32,8192,1775.2
1024,1024,32,16384,3597.5
1024,1024,64,16,189.846
1024,1024,64,32,190.827
1024,1024,64,64,191.136
1024,1024,64,128,209.612
1024,1024,64,256,234.475
1024,1024,64,512,287.734
1024,1024,64,1024,496.812
1024,1024,64,2048,935.127
1024,1024,64,4096,1847.41
1024,1024,64,8192,3683.2
1024,1024,64,16384,7373.59
1024,1024,128,16,261.59
1024,1024,128,32,264.085
1024,1024,128,64,266.987
1024,1024,128,128,307.744
1024,1024,128,256,352.384
1024,1024,128,512,494.806
1024,1024,128,1024,933.367
1024,1024,128,2048,1813.91
1024,1024,128,4096,3602.46
1024,1024,128,8192,7180.22
1024,1024,128,16384,14337.3
1024,2048,0,0,168.768
1024,2048,1,16,170.998
1024,2048,1,32,171.553
1024,2048,1,64,171.584
1024,2048,1,128,171.467
1024,2048,1,256,172.395
1024,2048,1,512,172.075
1024,2048,1,1024,171.392
1024,2048,1,2048,172.225
1024,2048,1,4096,208.288
1024,2048,1,8192,317.142
1024,2048,1,16384,538.689
1024,2048,2,16,172.406
1024,2048,2,32,173.59
1024,2048,2,64,172.523
1024,2048,2,128,173.057
1024,2048,2,256,173.696
1024,2048,2,512,173.451
1024,2048,2,1024,174.102
1024,2048,2,2048,173.632
1024,2048,2,4096,212.629
1024,2048,2,8192,323.179
1024,2048,2,16384,542.807
1024,2048,4,16,175.041
1024,2048,4,32,175.328
1024,2048,4,64,173.984
1024,2048,4,128,175.862
1024,2048,4,256,176.491
1024,2048,4,512,178.027
1024,2048,4,1024,179.05
1024,2048,4,2048,179.521
1024,2048,4,4096,252.779
1024,2048,4,8192,390.369
1024,2048,4,16384,624.151
1024,2048,8,16,178.539
1024,2048,8,32,178.892
1024,2048,8,64,179.019
1024,2048,8,128,180.49
1024,2048,8,256,182.475
1024,2048,8,512,184.683
1024,2048,8,1024,201.483
1024,2048,8,2048,229.387
1024,2048,8,4096,294.294
1024,2048,8,8192,482.763
1024,2048,8,16384,734.744
1024,2048,16,16,187.083
1024,2048,16,32,187.808
1024,2048,16,64,186.592
1024,2048,16,128,191.297
1024,2048,16,256,196.683
1024,2048,16,512,207.765
1024,2048,16,1024,233.921
1024,2048,16,2048,287.126
1024,2048,16,4096,455.606
1024,2048,16,8192,769.324
1024,2048,16,16384,1425.14
1024,2048,32,16,206.016
1024,2048,32,32,205.782
1024,2048,32,64,205.345
1024,2048,32,128,215.872
1024,2048,32,256,228.459
1024,2048,32,512,256.076
1024,2048,32,1024,303.969
1024,2048,32,2048,423.319
1024,2048,32,4096,826.925
1024,2048,32,8192,1747.7
1024,2048,32,16384,3546.73
1024,2048,64,16,244.715
1024,2048,64,32,246.56
1024,2048,64,64,247.393
1024,2048,64,128,268.725
1024,2048,64,256,293.26
1024,2048,64,512,343.627
1024,2048,64,1024,516.032
1024,2048,64,2048,947.03
1024,2048,64,4096,1841.78
1024,2048,64,8192,3654
1024,2048,64,16384,7352.95
1024,2048,128,16,319.713
1024,2048,128,32,323.894
1024,2048,128,64,325.142
1024,2048,128,128,366.657
1024,2048,128,256,414.433
1024,2048,128,512,521.718
1024,2048,128,1024,940.525
1024,2048,128,2048,1830
1024,2048,128,4096,3605.34
1024,2048,128,8192,7179.84
1024,2048,128,16384,14342.8
1024,4096,0,0,281.984
1024,4096,1,16,282.134
1024,4096,1,32,283.607
1024,4096,1,64,282.209
1024,4096,1,128,283.446
1024,4096,1,256,282.603
1024,4096,1,512,283.787
1024,4096,1,1024,283.894
1024,4096,1,2048,283.66
1024,4096,1,4096,283.499
1024,4096,1,8192,376.726
1024,4096,1,16384,597.569
1024,4096,2,16,282.529
1024,4096,2,32,282.422
1024,4096,2,64,283.691
1024,4096,2,128,283.456
1024,4096,2,256,284.843
1024,4096,2,512,285.142
1024,4096,2,1024,285.227
1024,4096,2,2048,284.31
1024,4096,2,4096,284.993
1024,4096,2,8192,383.296
1024,4096,2,16384,605.74
1024,4096,4,16,285.206
1024,4096,4,32,285.74
1024,4096,4,64,285.142
1024,4096,4,128,286.571
1024,4096,4,256,288.801
1024,4096,4,512,288.395
1024,4096,4,1024,288.854
1024,4096,4,2048,291.948
1024,4096,4,4096,289.964
1024,4096,4,8192,490.06
1024,4096,4,16384,736.034
1024,4096,8,16,289.632
1024,4096,8,32,289.718
1024,4096,8,64,290.859
1024,4096,8,128,291.84
1024,4096,8,256,292.576
1024,4096,8,512,295.435
1024,4096,8,1024,311.659
1024,4096,8,2048,342.262
1024,4096,8,4096,400.974
1024,4096,8,8192,519.542
1024,4096,8,16384,883.96
1024,4096,16,16,297.793
1024,4096,16,32,297.121
1024,4096,16,64,297.259
1024,4096,16,128,301.943
1024,4096,16,256,304.394
1024,4096,16,512,316.662
1024,4096,16,1024,337.324
1024,4096,16,2048,390.561
1024,4096,16,4096,514.242
1024,4096,16,8192,797.824
1024,4096,16,16384,1441.25
1024,4096,32,16,315.915
1024,4096,32,32,315.137
1024,4096,32,64,315.68
1024,4096,32,128,325.334
1024,4096,32,256,338.465
1024,4096,32,512,365.035
1024,4096,32,1024,420.097
1024,4096,32,2048,537.462
1024,4096,32,4096,737.047
1024,4096,32,8192,1642.01
1024,4096,32,16384,3483.1
1024,4096,64,16,352.375
1024,4096,64,32,353.633
1024,4096,64,64,354.017
1024,4096,64,128,377.291
1024,4096,64,256,403.862
1024,4096,64,512,458.401
1024,4096,64,1024,588.62
1024,4096,64,2048,993.208
1024,4096,64,4096,1853.22
1024,4096,64,8192,3673.14
1024,4096,64,16384,7289.84
1024,4096,128,16,436.225
1024,4096,128,32,437.665
1024,4096,128,64,440.225
1024,4096,128,128,484.522
1024,4096,128,256,530.743
1024,4096,128,512,632.93
1024,4096,128,1024,966.295
1024,4096,128,2048,1841.59
1024,4096,128,4096,3622.96
1024,4096,128,8192,7205.3
1024,4096,128,16384,14354.9
1024,8192,0,0,503.415
1024,8192,1,16,502.05
1024,8192,1,32,504.321
1024,8192,1,64,503.66
1024,8192,1,128,504.321
1024,8192,1,256,505.313
1024,8192,1,512,504.908
1024,8192,1,1024,505.537
1024,8192,1,2048,504.972
1024,8192,1,4096,505.26
1024,8192,1,8192,507.298
1024,8192,1,16384,719.585
1024,8192,2,16,505.121
1024,8192,2,32,505.911
1024,8192,2,64,505.515
1024,8192,2,128,506.07
1024,8192,2,256,504.641
1024,8192,2,512,506.689
1024,8192,2,1024,506.966
1024,8192,2,2048,505.729
1024,8192,2,4096,507.49
1024,8192,2,8192,509.036
1024,8192,2,16384,725.634
1024,8192,4,16,505.412
1024,8192,4,32,505.994
1024,8192,4,64,507.478
1024,8192,4,128,509.421
1024,8192,4,256,509.037
1024,8192,4,512,509.729
1024,8192,4,1024,509.154
1024,8192,4,2048,510.006
1024,8192,4,4096,516.802
1024,8192,4,8192,514.028
1024,8192,4,16384,955.483
1024,8192,8,16,512.482
1024,8192,8,32,512.652
1024,8192,8,64,512.001
1024,8192,8,128,514.188
1024,8192,8,256,513.387
1024,8192,8,512,517.418
1024,8192,8,1024,519.319
1024,8192,8,2048,552.118
1024,8192,8,4096,626.945
1024,8192,8,8192,744.844
1024,8192,8,16384,979.106
1024,8192,16,16,517.079
1024,8192,16,32,520.087
1024,8192,16,64,519.094
1024,8192,16,128,522.177
1024,8192,16,256,528.322
1024,8192,16,512,533.739
1024,8192,16,1024,550.284
1024,8192,16,2048,587.426
1024,8192,16,4096,678.562
1024,8192,16,8192,970.296
1024,8192,16,16384,1551.39
1024,8192,32,16,534.912
1024,8192,32,32,535.671
1024,8192,32,64,535.83
1024,8192,32,128,546.027
1024,8192,32,256,554.113
1024,8192,32,512,587.104
1024,8192,32,1024,636.736
1024,8192,32,2048,744.939
1024,8192,32,4096,1037.44
1024,8192,32,8192,1575.66
1024,8192,32,16384,3447.82
1024,8192,64,16,575.276
1024,8192,64,32,571.105
1024,8192,64,64,573.089
1024,8192,64,128,594.156
1024,8192,64,256,618.54
1024,8192,64,512,675.233
1024,8192,64,1024,815.596
1024,8192,64,2048,1106.95
1024,8192,64,4096,1955.1
1024,8192,64,8192,3709.38
1024,8192,64,16384,7337.52
1024,8192,128,16,648.29
1024,8192,128,32,649.516
1024,8192,128,64,653.996
1024,8192,128,128,697.815
1024,8192,128,256,757.678
1024,8192,128,512,864.664
1024,8192,128,1024,1119.32
1024,8192,128,2048,1919.08
1024,8192,128,4096,3678.18
1024,8192,128,8192,7213.76
1024,8192,128,16384,14382.9
1024,16384,0,0,944.173
1024,16384,1,16,948.588
1024,16384,1,32,949.154
1024,16384,1,64,948.95
1024,16384,1,128,946.242
1024,16384,1,256,947.393
1024,16384,1,512,945.388
1024,16384,1,1024,947.127
1024,16384,1,2048,947.309
1024,16384,1,4096,948.877
1024,16384,1,8192,950.359
1024,16384,1,16384,964.706
1024,16384,2,16,947.618
1024,16384,2,32,947.726
1024,16384,2,64,947.009
1024,16384,2,128,948.099
1024,16384,2,256,948.652
1024,16384,2,512,949.239
1024,16384,2,1024,949.261
1024,16384,2,2048,950.094
1024,16384,2,4096,949.911
1024,16384,2,8192,956.107
1024,16384,2,16384,975.575
1024,16384,4,16,948.233
1024,16384,4,32,949.73
1024,16384,4,64,951.992
1024,16384,4,128,952.023
1024,16384,4,256,952.151
1024,16384,4,512,953.601
1024,16384,4,1024,955.64
1024,16384,4,2048,953.038
1024,16384,4,4096,953.324
1024,16384,4,8192,989.977
1024,16384,4,16384,979.981
1024,16384,8,16,952.61
1024,16384,8,32,954.348
1024,16384,8,64,954.744
1024,16384,8,128,955.287
1024,16384,8,256,961.655
1024,16384,8,512,961.709
1024,16384,8,1024,960.716
1024,16384,8,2048,962.058
1024,16384,8,4096,1013.46
1024,16384,8,8192,1203.12
1024,16384,8,16384,1421.25
1024,16384,16,16,964.642
1024,16384,16,32,962.423
1024,16384,16,64,963.617
1024,16384,16,128,966.285
1024,16384,16,256,967.607
1024,16384,16,512,974.978
1024,16384,16,1024,993.217
1024,16384,16,2048,1032.99
1024,16384,16,4096,1091.44
1024,16384,16,8192,1265.43
1024,16384,16,16384,1890.82
1024,16384,32,16,980.301
1024,16384,32,32,980.897
1024,16384,32,64,979.104
1024,16384,32,128,988.898
1024,16384,32,256,999.384
1024,16384,32,512,1017.64
1024,16384,32,1024,1073.39
1024,16384,32,2048,1198.14
1024,16384,32,4096,1421.09
1024,16384,32,8192,1976.06
1024,16384,32,16384,3173.36
1024,16384,64,16,1012.91
1024,16384,64,32,1013.55
1024,16384,64,64,1015.63
1024,16384,64,128,1033.84
1024,16384,64,256,1059.79
1024,16384,64,512,1120.93
1024,16384,64,1024,1245.97
1024,16384,64,2048,1496.73
1024,16384,64,4096,2211.84
1024,16384,64,8192,3947.72
1024,16384,64,16384,7314.46
1024,16384,128,16,1089.82
1024,16384,128,32,1090.58
1024,16384,128,64,1092.9
1024,16384,128,128,1134.89
1024,16384,128,256,1190.26
1024,16384,128,512,1297.91
1024,16384,128,1024,1551.95
1024,16384,128,2048,2196.57
1024,16384,128,4096,3790.06
1024,16384,128,8192,7346.96
1024,16384,128,16384,14418.3
2048,0,0,0,151.136
2048,0,1,16,148.8
2048,0,1,32,149.814
2048,0,1,64,150.123
2048,0,1,128,151.318
2048,0,1,256,150.101
2048,0,1,512,151.168
2048,0,1,1024,152.449
2048,0,1,2048,157.781
2048,0,1,4096,214.251
2048,0,1,8192,323.691
2048,0,1,16384,545.932
2048,0,2,16,151.349
2048,0,2,32,151.797
2048,0,2,64,151.84
2048,0,2,128,153.162
2048,0,2,256,154.507
2048,0,2,512,156.491
2048,0,2,1024,157.024
2048,0,2,2048,165.548
2048,0,2,4096,225.291
2048,0,2,8192,335.734
2048,0,2,16384,555.927
2048,0,4,16,154.379
2048,0,4,32,154.518
2048,0,4,64,154.379
2048,0,4,128,155.872
2048,0,4,256,158.326
2048,0,4,512,159.232
2048,0,4,1024,164.78
2048,0,4,2048,182.966
2048,0,4,4096,251.627
2048,0,4,8192,369.921
2048,0,4,16384,590.606
2048,0,8,16,160.971
2048,0,8,32,162.486
2048,0,8,64,162.582
2048,0,8,128,165.259
2048,0,8,256,167.808
2048,0,8,512,171.798
2048,0,8,1024,183.008
2048,0,8,2048,214.475
2048,0,8,4096,311.788
2048,0,8,8192,509.11
2048,0,8,16384,866.127
2048,0,16,16,176.001
2048,0,16,32,175.947
2048,0,16,64,176.524
2048,0,16,128,181.141
2048,0,16,256,188.48
2048,0,16,512,194.326
2048,0,16,1024,216.694
2048,0,16,2048,292.108
2048,0,16,4096,517.718
2048,0,16,8192,936.248
2048,0,16,16384,1754.51
2048,0,32,16,205.12
2048,0,32,32,205.878
2048,0,32,64,205.76
2048,0,32,128,215.061
2048,0,32,256,224.246
2048,0,32,512,246.848
2048,0,32,1024,298.956
2048,0,32,2048,512.588
2048,0,32,4096,977.901
2048,0,32,8192,1911.28
2048,0,32,16384,3857.48
2048,0,64,16,263.414
2048,0,64,32,264.086
2048,0,64,64,264.597
2048,0,64,128,283.232
2048,0,64,256,305.75
2048,0,64,512,351.552
2048,0,64,1024,513.933
2048,0,64,2048,964.695
2048,0,64,4096,1866.77
2048,0,64,8192,3695.35
2048,0,64,16384,7378.62
2048,0,128,16,375.83
2048,0,128,32,376.961
2048,0,128,64,380.406
2048,0,128,128,421.696
2048,0,128,256,474.145
2048,0,128,512,589.644
2048,0,128,1024,956.994
2048,0,128,2048,1834.01
2048,0,128,4096,3618.92
2048,0,128,8192,7191.17
2048,0,128,16384,14349.3
2048,16,0,0,158.433
2048,16,1,16,157.579
2048,16,1,32,158.636
2048,16,1,64,158.357
2048,16,1,128,157.366
2048,16,1,256,157.985
2048,16,1,512,158.059
2048,16,1,1024,159.488
2048,16,1,2048,162.539
2048,16,1,4096,221.333
2048,16,1,8192,330.039
2048,16,1,16384,550.081
2048,16,2,16,158.902
2048,16,2,32,158.636
2048,16,2,64,160.171
2048,16,2,128,161.782
2048,16,2,256,160.651
2048,16,2,512,161.942
2048,16,2,1024,165.537
2048,16,2,2048,173.184
2048,16,2,4096,231.264
2048,16,2,8192,341.686
2048,16,2,16384,562.891
2048,16,4,16,162.058
2048,16,4,32,162.336
2048,16,4,64,161.824
2048,16,4,128,163.178
2048,16,4,256,165.313
2048,16,4,512,166.689
2048,16,4,1024,171.094
2048,16,4,2048,186.56
2048,16,4,4096,254.337
2048,16,4,8192,378.422
2048,16,4,16384,609.431
2048,16,8,16,169.312
2048,16,8,32,169.792
2048,16,8,64,170.016
2048,16,8,128,171.883
2048,16,8,256,174.454
2048,16,8,512,179.638
2048,16,8,1024,191.201
2048,16,8,2048,217.685
2048,16,8,4096,315.201
2048,16,8,8192,517.164
2048,16,8,16384,880.397
2048,16,16,16,183.083
2048,16,16,32,184.481
2048,16,16,64,186.145
2048,16,16,128,190.923
2048,16,16,256,194.059
2048,16,16,512,202.912
2048,16,16,1024,222.891
2048,16,16,2048,295.02
2048,16,16,4096,520.055
2048,16,16,8192,956.472
2048,16,16,16384,1779.68
2048,16,32,16,212.79
2048,16,32,32,212.299
2048,16,32,64,215.126
2048,16,32,128,224.097
2048,16,32,256,233.239
2048,16,32,512,255.275
2048,16,32,1024,301.995
2048,16,32,2048,512.46
2048,16,32,4096,975.352
2048,16,32,8192,1909.9
2048,16,32,16384,3855.24
2048,16,64,16,270.988
2048,16,64,32,270.304
2048,16,64,64,271.232
2048,16,64,128,291.126
2048,16,64,256,313.355
2048,16,64,512,358.304
2048,16,64,1024,517.526
2048,16,64,2048,971.287
2048,16,64,4096,1872.41
2048,16,64,8192,3695.83
2048,16,64,16384,7379.97
2048,16,128,16,383.809
2048,16,128,32,385.025
2048,16,128,64,387.34
2048,16,128,128,428.374
2048,16,128,256,478.775
2048,16,128,512,594.455
2048,16,128,1024,961.282
2048,16,128,2048,1832.69
2048,16,128,4096,3615.4
2048,16,128,8192,7189.66
2048,16,128,16384,14342.8
2048,32,0,0,157.707
2048,32,1,16,156.608
2048,32,1,32,156.534
2048,32,1,64,158.625
2048,32,1,128,159.99
2048,32,1,256,158.39
2048,32,1,512,158.709
2048,32,1,1024,159.019
2048,32,1,2048,162.827
2048,32,1,4096,219.564
2048,32,1,8192,332.043
2048,32,1,16384,548.876
2048,32,2,16,159.254
2048,32,2,32,158.933
2048,32,2,64,158.763
2048,32,2,128,159.659
2048,32,2,256,159.819
2048,32,2,512,161.152
2048,32,2,1024,165.291
2048,32,2,2048,171.531
2048,32,2,4096,232.746
2048,32,2,8192,342.177
2048,32,2,16384,561.962
2048,32,4,16,162.187
2048,32,4,32,162.251
2048,32,4,64,163.446
2048,32,4,128,164.566
2048,32,4,256,165.313
2048,32,4,512,165.729
2048,32,4,1024,171.52
2048,32,4,2048,188.609
2048,32,4,4096,257.889
2048,32,4,8192,372.364
2048,32,4,16384,614.709
2048,32,8,16,169.803
2048,32,8,32,169.163
2048,32,8,64,169.344
2048,32,8,128,172.086
2048,32,8,256,175.137
2048,32,8,512,179.52
2048,32,8,1024,189.579
2048,32,8,2048,217.942
2048,32,8,4096,317.11
2048,32,8,8192,516.662
2048,32,8,16384,876.322
2048,32,16,16,183.574
2048,32,16,32,183.883
2048,32,16,64,184.213
2048,32,16,128,189.291
2048,32,16,256,196.193
2048,32,16,512,205.323
2048,32,16,1024,223.606
2048,32,16,2048,293.601
2048,32,16,4096,520.652
2048,32,16,8192,947.831
2048,32,16,16384,1795.06
2048,32,32,16,213.121
2048,32,32,32,212.822
2048,32,32,64,213.472
2048,32,32,128,222.763
2048,32,32,256,232.395
2048,32,32,512,255.371
2048,32,32,1024,302.634
2048,32,32,2048,511.479
2048,32,32,4096,976.77
2048,32,32,8192,1907.93
2048,32,32,16384,3849.84
2048,32,64,16,271.051
2048,32,64,32,271.66
2048,32,64,64,272.172
2048,32,64,128,290.262
2048,32,64,256,313.963
2048,32,64,512,358.305
2048,32,64,1024,515.937
2048,32,64,2048,970.444
2048,32,64,4096,1875.56
2048,32,64,8192,3699.29
2048,32,64,16384,7371.65
2048,32,128,16,383.766
2048,32,128,32,384.929
2048,32,128,64,388.502
2048,32,128,128,426.113
2048,32,128,256,478.562
2048,32,128,512,594.551
2048,32,128,1024,960.727
2048,32,128,2048,1834.54
2048,32,128,4096,3618.99
2048,32,128,8192,7197.7
2048,32,128,16384,14346.8
2048,64,0,0,158.155
2048,64,1,16,157.824
2048,64,1,32,158.294
2048,64,1,64,157.43
2048,64,1,128,157.611
2048,64,1,256,158.229
2048,64,1,512,159.136
2048,64,1,1024,160.576
2048,64,1,2048,164.001
2048,64,1,4096,220.779
2048,64,1,8192,329.846
2048,64,1,16384,549.292
2048,64,2,16,159.979
2048,64,2,32,159.531
2048,64,2,64,159.328
2048,64,2,128,159.403
2048,64,2,256,161.675
2048,64,2,512,163.009
2048,64,2,1024,164.811
2048,64,2,2048,171.424
2048,64,2,4096,231.435
2048,64,2,8192,341.398
2048,64,2,16384,562.018
2048,64,4,16,161.686
2048,64,4,32,162.699
2048,64,4,64,163.36
2048,64,4,128,164.033
2048,64,4,256,164.897
2048,64,4,512,166.795
2048,64,4,1024,171.179
2048,64,4,2048,186.123
2048,64,4,4096,257.558
2048,64,4,8192,374.859
2048,64,4,16384,609.697
2048,64,8,16,169.003
2048,64,8,32,170.688
2048,64,8,64,169.163
2048,64,8,128,171.872
2048,64,8,256,175.371
2048,64,8,512,178.262
2048,64,8,1024,189.142
2048,64,8,2048,218.571
2048,64,8,4096,313.974
2048,64,8,8192,517.398
2048,64,8,16384,872.279
2048,64,16,16,183.232
2048,64,16,32,185.804
2048,64,16,64,183.541
2048,64,16,128,190.635
2048,64,16,256,193.163
2048,64,16,512,202.785
2048,64,16,1024,226.742
2048,64,16,2048,294.027
2048,64,16,4096,523.052
2048,64,16,8192,952.567
2048,64,16,16384,1770.45
2048,64,32,16,212.672
2048,64,32,32,212.939
2048,64,32,64,213.473
2048,64,32,128,223.125
2048,64,32,256,233.173
2048,64,32,512,256.107
2048,64,32,1024,302.113
2048,64,32,2048,510.838
2048,64,32,4096,976.472
2048,64,32,8192,1908.94
2048,64,32,16384,3856.35
2048,64,64,16,270.368
2048,64,64,32,270.71
2048,64,64,64,271.446
2048,64,64,128,290.091
2048,64,64,256,314.155
2048,64,64,512,358.507
2048,64,64,1024,517.185
2048,64,64,2048,971.607
2048,64,64,4096,1876.25
2048,64,64,8192,3701.47
2048,64,64,16384,7384.09
2048,64,128,16,383.532
2048,64,128,32,384.566
2048,64,128,64,388.14
2048,64,128,128,429.281
2048,64,128,256,478.763
2048,64,128,512,595.478
2048,64,128,1024,960.514
2048,64,128,2048,1833.34
2048,64,128,4096,3615.82
2048,64,128,8192,7188.07
2048,64,128,16384,14346.6
2048,128,0,0,163.745
2048,128,1,16,161.493
2048,128,1,32,161.995
2048,128,1,64,162.23
2048,128,1,128,162.891
2048,128,1,256,162.688
2048,128,1,512,164.587
2048,128,1,1024,165.131
2048,128,1,2048,169.046
2048,128,1,4096,226.443
2048,128,1,8192,340.396
2048,128,1,16384,556.545
2048,128,2,16,163.83
2048,128,2,32,164.31
2048,128,2,64,164.086
2048,128,2,128,166.326
2048,128,2,256,165.472
2048,128,2,512,166.806
2048,128,2,1024,169.142
2048,128,2,2048,176.95
2048,128,2,4096,236.363
2048,128,2,8192,349.707
2048,128,2,16384,568.001
2048,128,4,16,167.574
2048,128,4,32,166.849
2048,128,4,64,167.114
2048,128,4,128,169.142
2048,128,4,256,170.678
2048,128,4,512,171.894
2048,128,4,1024,178.86
2048,128,4,2048,191.702
2048,128,4,4096,256.779
2048,128,4,8192,382.785
2048,128,4,16384,616.759
2048,128,8,16,174.294
2048,128,8,32,174.305
2048,128,8,64,176.566
2048,128,8,128,176.822
2048,128,8,256,180.117
2048,128,8,512,184.298
2048,128,8,1024,194.069
2048,128,8,2048,222.901
2048,128,8,4096,317.302
2048,128,8,8192,524.492
2048,128,8,16384,895.821
2048,128,16,16,188.245
2048,128,16,32,189.056
2048,128,16,64,189.409
2048,128,16,128,194.08
2048,128,16,256,199.136
2048,128,16,512,208.587
2048,128,16,1024,228.224
2048,128,16,2048,296.812
2048,128,16,4096,525.718
2048,128,16,8192,963.743
2048,128,16,16384,1805.96
2048,128,32,16,217.675
2048,128,32,32,217.526
2048,128,32,64,217.696
2048,128,32,128,227.467
2048,128,32,256,237.985
2048,128,32,512,261.216
2048,128,32,1024,307.681
2048,128,32,2048,513.153
2048,128,32,4096,975.565
2048,128,32,8192,1910.17
2048,128,32,16384,3841.43
2048,128,64,16,274.988
2048,128,64,32,276.107
2048,128,64,64,276.385
2048,128,64,128,295.713
2048,128,64,256,319.179
2048,128,64,512,364.481
2048,128,64,1024,519.19
2048,128,64,2048,971.501
2048,128,64,4096,1871.15
2048,128,64,8192,3694.47
2048,128,64,16384,7376.51
2048,128,128,16,388.417
2048,128,128,32,389.697
2048,128,128,64,392.694
2048,128,128,128,432.982
2048,128,128,256,484.844
2048,128,128,512,599.383
2048,128,128,1024,964.589
2048,128,128,2048,1832.53
2048,128,128,4096,3615.07
2048,128,128,8192,7189.95
2048,128,128,16384,14348.4
2048,256,0,0,175.072
2048,256,1,16,176.172
2048,256,1,32,176.139
2048,256,1,64,175.595
2048,256,1,128,175.756
2048,256,1,256,176.086
2048,256,1,512,176.32
2048,256,1,1024,177.163
2048,256,1,2048,179.851
2048,256,1,4096,236.224
2048,256,1,8192,347.382
2048,256,1,16384,564.076
2048,256,2,16,176.587
2048,256,2,32,176.843
2048,256,2,64,176.908
2048,256,2,128,181.27
2048,256,2,256,180.619
2048,256,2,512,179.232
2048,256,2,1024,181.707
2048,256,2,2048,188.512
2048,256,2,4096,246.987
2048,256,2,8192,358.188
2048,256,2,16384,579.127
2048,256,4,16,179.68
2048,256,4,32,181.761
2048,256,4,64,178.849
2048,256,4,128,181.963
2048,256,4,256,183.435
2048,256,4,512,184.843
2048,256,4,1024,190.006
2048,256,4,2048,202.103
2048,256,4,4096,269.952
2048,256,4,8192,396.651
2048,256,4,16384,633.388
2048,256,8,16,187.404
2048,256,8,32,187.936
2048,256,8,64,185.494
2048,256,8,128,189.728
2048,256,8,256,192.267
2048,256,8,512,197.312
2048,256,8,1024,207.371
2048,256,8,2048,233.654
2048,256,8,4096,325.601
2048,256,8,8192,542.038
2048,256,8,16384,924.651
2048,256,16,16,200.928
2048,256,16,32,200.299
2048,256,16,64,201.921
2048,256,16,128,205.91
2048,256,16,256,211.318
2048,256,16,512,221.942
2048,256,16,1024,242.902
2048,256,16,2048,304.064
2048,256,16,4096,530.231
2048,256,16,8192,973.634
2048,256,16,16384,1832.63
2048,256,32,16,229.365
2048,256,32,32,229.836
2048,256,32,64,229.675
2048,256,32,128,239.435
2048,256,32,256,250.005
2048,256,32,512,272.107
2048,256,32,1024,317.419
2048,256,32,2048,512.844
2048,256,32,4096,979.427
2048,256,32,8192,1915.07
2048,256,32,16384,3839.05
2048,256,64,16,287.585
2048,256,64,32,287.712
2048,256,64,64,288.672
2048,256,64,128,307.734
2048,256,64,256,331.957
2048,256,64,512,375.532
2048,256,64,1024,524.727
2048,256,64,2048,972.493
2048,256,64,4096,1874.68
2048,256,64,8192,3703.08
2048,256,64,16384,7371.49
2048,256,128,16,400.438
2048,256,128,32,402.848
2048,256,128,64,405.825
2048,256,128,128,446.902
2048,256,128,256,494.764
2048,256,128,512,609.9
2048,256,128,1024,970.594
2048,256,128,2048,1841.74
2048,256,128,4096,3619.17
2048,256,128,8192,7200.62
2048,256,128,16384,14356.1
2048,512,0,0,199.446
2048,512,1,16,200.097
2048,512,1,32,199.99
2048,512,1,64,200.309
2048,512,1,128,200.705
2048,512,1,256,202.721
2048,512,1,512,202.091
2048,512,1,1024,201.654
2048,512,1,2048,204.096
2048,512,1,4096,252.235
2048,512,1,8192,363.724
2048,512,1,16384,586.306
2048,512,2,16,200.993
2048,512,2,32,200.076
2048,512,2,64,203.072
2048,512,2,128,200.928
2048,512,2,256,201.28
2048,512,2,512,202.944
2048,512,2,1024,204.182
2048,512,2,2048,211.317
2048,512,2,4096,266.358
2048,512,2,8192,380.342
2048,512,2,16384,600.335
2048,512,4,16,203.147
2048,512,4,32,203.061
2048,512,4,64,206.156
2048,512,4,128,204.566
2048,512,4,256,206.304
2048,512,4,512,210.881
2048,512,4,1024,215.179
2048,512,4,2048,220.896
2048,512,4,4096,293.259
2048,512,4,8192,419.414
2048,512,4,16384,657.999
2048,512,8,16,211.062
2048,512,8,32,212.011
2048,512,8,64,212.565
2048,512,8,128,213.739
2048,512,8,256,217.1
2048,512,8,512,222.4
2048,512,8,1024,231.723
2048,512,8,2048,255.467
2048,512,8,4096,345.185
2048,512,8,8192,565.196
2048,512,8,16384,944.771
2048,512,16,16,223.787
2048,512,16,32,223.904
2048,512,16,64,224.363
2048,512,16,128,229.995
2048,512,16,256,235.616
2048,512,16,512,248.405
2048,512,16,1024,265.856
2048,512,16,2048,325.867
2048,512,16,4096,538.252
2048,512,16,8192,986.371
2048,512,16,16384,1853.27
2048,512,32,16,253.302
2048,512,32,32,256.321
2048,512,32,64,253.771
2048,512,32,128,263.446
2048,512,32,256,275.062
2048,512,32,512,296.651
2048,512,32,1024,337.579
2048,512,32,2048,515.489
2048,512,32,4096,982.509
2048,512,32,8192,1916.56
2048,512,32,16384,3824.95
2048,512,64,16,311.393
2048,512,64,32,311.948
2048,512,64,64,312.897
2048,512,64,128,332.396
2048,512,64,256,354.817
2048,512,64,512,400.556
2048,512,64,1024,538.38
2048,512,64,2048,977.165
2048,512,64,4096,1877.32
2048,512,64,8192,3692.43
2048,512,64,16384,7378.54
2048,512,128,16,424.897
2048,512,128,32,426.988
2048,512,128,64,430.593
2048,512,128,128,470.73
2048,512,128,256,516.513
2048,512,128,512,629.079
2048,512,128,1024,981.41
2048,512,128,2048,1847.27
2048,512,128,4096,3619.41
2048,512,128,8192,7201.02
2048,512,128,16384,14361.9
2048,1024,0,0,246.102
2048,1024,1,16,248.267
2048,1024,1,32,250.976
2048,1024,1,64,248.469
2048,1024,1,128,249.942
2048,1024,1,256,249.248
2048,1024,1,512,250.23
2048,1024,1,1024,250.465
2048,1024,1,2048,253.632
2048,1024,1,4096,291.478
2048,1024,1,8192,402.561
2048,1024,1,16384,624.492
2048,1024,2,16,250.561
2048,1024,2,32,249.462
2048,1024,2,64,250.528
2048,1024,2,128,250.71
2048,1024,2,256,251.062
2048,1024,2,512,253.558
2048,1024,2,1024,255.18
2048,1024,2,2048,261.248
2048,1024,2,4096,305.495
2048,1024,2,8192,423.595
2048,1024,2,16384,642.189
2048,1024,4,16,251.073
2048,1024,4,32,254.443
2048,1024,4,64,252.982
2048,1024,4,128,257.601
2048,1024,4,256,255.126
2048,1024,4,512,260.438
2048,1024,4,1024,265.868
2048,1024,4,2048,272.396
2048,1024,4,4096,329.004
2048,1024,4,8192,469.174
2048,1024,4,16384,708.983
2048,1024,8,16,260.438
2048,1024,8,32,260.022
2048,1024,8,64,260.044
2048,1024,8,128,261.398
2048,1024,8,256,264.064
2048,1024,8,512,272.589
2048,1024,8,1024,284.961
2048,1024,8,2048,298.443
2048,1024,8,4096,387.564
2048,1024,8,8192,587.98
2048,1024,8,16384,985.048
2048,1024,16,16,272.555
2048,1024,16,32,270.134
2048,1024,16,64,270.262
2048,1024,16,128,278.284
2048,1024,16,256,283.862
2048,1024,16,512,299.307
2048,1024,16,1024,317.302
2048,1024,16,2048,359.702
2048,1024,16,4096,553.462
2048,1024,16,8192,1018.54
2048,1024,16,16384,1895.79
2048,1024,32,16,300.299
2048,1024,32,32,301.9
2048,1024,32,64,301.9
2048,1024,32,128,312.15
2048,1024,32,256,324.492
2048,1024,32,512,345.228
2048,1024,32,1024,388.481
2048,1024,32,2048,527.777
2048,1024,32,4096,996.395
2048,1024,32,8192,1906.32
2048,1024,32,16384,3776.05
2048,1024,64,16,360.246
2048,1024,64,32,360.119
2048,1024,64,64,360.566
2048,1024,64,128,381.153
2048,1024,64,256,404.267
2048,1024,64,512,448.95
2048,1024,64,1024,563.404
2048,1024,64,2048,991.885
2048,1024,64,4096,1881.25
2048,1024,64,8192,3703.32
2048,1024,64,16384,7377.68
2048,1024,128,16,473.57
2048,1024,128,32,476.652
2048,1024,128,64,479.5
2048,1024,128,128,518.849
2048,1024,128,256,563.094
2048,1024,128,512,666.241
2048,1024,128,1024,1000.75
2048,1024,128,2048,1863.99
2048,1024,128,4096,3647.96
2048,1024,128,8192,7211.28
2048,1024,128,16384,14373.9
2048,2048,0,0,346.87
2048,2048,1,16,344.48
2048,2048,1,32,345.644
2048,2048,1,64,346.593
2048,2048,1,128,346.54
2048,2048,1,256,345.889
2048,2048,1,512,347.318
2048,2048,1,1024,347.67
2048,2048,1,2048,354.049
2048,2048,1,4096,363.084
2048,2048,1,8192,479.991
2048,2048,1,16384,706.305
2048,2048,2,16,347.787
2048,2048,2,32,345.665
2048,2048,2,64,347.831
2048,2048,2,128,346.656
2048,2048,2,256,349.163
2048,2048,2,512,348.449
2048,2048,2,1024,352.748
2048,2048,2,2048,363.595
2048,2048,2,4096,383.584
2048,2048,2,8192,505.942
2048,2048,2,16384,739.725
2048,2048,4,16,347.607
2048,2048,4,32,354.337
2048,2048,4,64,351.51
2048,2048,4,128,349.217
2048,2048,4,256,349.505
2048,2048,4,512,349.761
2048,2048,4,1024,362.849
2048,2048,4,2048,373.793
2048,2048,4,4096,407.382
2048,2048,4,8192,542.369
2048,2048,4,16384,801.816
2048,2048,8,16,357.59
2048,2048,8,32,354.624
2048,2048,8,64,354.582
2048,2048,8,128,360.076
2048,2048,8,256,360.001
2048,2048,8,512,366.635
2048,2048,8,1024,385.494
2048,2048,8,2048,393.43
2048,2048,8,4096,460.341
2048,2048,8,8192,650.777
2048,2048,8,16384,1084.08
2048,2048,16,16,369.089
2048,2048,16,32,374.657
2048,2048,16,64,371.553
2048,2048,16,128,370.146
2048,2048,16,256,378.656
2048,2048,16,512,393.676
2048,2048,16,1024,415.841
2048,2048,16,2048,456.129
2048,2048,16,4096,590.561
2048,2048,16,8192,1069.16
2048,2048,16,16384,1962.35
2048,2048,32,16,394.456
2048,2048,32,32,394.817
2048,2048,32,64,395.35
2048,2048,32,128,406.402
2048,2048,32,256,421.121
2048,2048,32,512,445.33
2048,2048,32,1024,485.547
2048,2048,32,2048,580.557
2048,2048,32,4096,1023.44
2048,2048,32,8192,1925.18
2048,2048,32,16384,3805.08
2048,2048,64,16,454.678
2048,2048,64,32,455.98
2048,2048,64,64,455.745
2048,2048,64,128,476.236
2048,2048,64,256,499.19
2048,2048,64,512,544.705
2048,2048,64,1024,639.245
2048,2048,64,2048,1016.89
2048,2048,64,4096,1899.94
2048,2048,64,8192,3725.58
2048,2048,64,16384,7373.33
2048,2048,128,16,572.204
2048,2048,128,32,573.889
2048,2048,128,64,576.129
2048,2048,128,128,617.004
2048,2048,128,256,662.433
2048,2048,128,512,749.473
2048,2048,128,1024,1023.76
2048,2048,128,2048,1902.11
2048,2048,128,4096,3669.18
2048,2048,128,8192,7273.81
2048,2048,128,16384,14412.8
2048,4096,0,0,564.545
2048,4096,1,16,563.959
2048,4096,1,32,566.689
2048,4096,1,64,563.062
2048,4096,1,128,563.052
2048,4096,1,256,565.132
2048,4096,1,512,563.745
2048,4096,1,1024,570.198
2048,4096,1,2048,562.402
2048,4096,1,4096,573.485
2048,4096,1,8192,650.092
2048,4096,1,16384,888.289
2048,4096,2,16,561.857
2048,4096,2,32,569.387
2048,4096,2,64,571.066
2048,4096,2,128,568.321
2048,4096,2,256,570.711
2048,4096,2,512,565.526
2048,4096,2,1024,566.26
2048,4096,2,2048,565.046
2048,4096,2,4096,585.611
2048,4096,2,8192,671.756
2048,4096,2,16384,909.9
2048,4096,4,16,569.164
2048,4096,4,32,569.068
2048,4096,4,64,565.591
2048,4096,4,128,571.788
2048,4096,4,256,569.942
2048,4096,4,512,568.737
2048,4096,4,1024,571.244
2048,4096,4,2048,582.262
2048,4096,4,4096,598.08
2048,4096,4,8192,692.215
2048,4096,4,16384,962.327
2048,4096,8,16,577.132
2048,4096,8,32,573.953
2048,4096,8,64,577.987
2048,4096,8,128,583.063
2048,4096,8,256,579.51
2048,4096,8,512,580.599
2048,4096,8,1024,579.98
2048,4096,8,2048,604.29
2048,4096,8,4096,617.322
2048,4096,8,8192,804.588
2048,4096,8,16384,1217.57
2048,4096,16,16,583.116
2048,4096,16,32,584.129
2048,4096,16,64,585.196
2048,4096,16,128,585.996
2048,4096,16,256,588.129
2048,4096,16,512,591.596
2048,4096,16,1024,615.138
2048,4096,16,2048,669.931
2048,4096,16,4096,749.421
2048,4096,16,8192,1119.93
2048,4096,16,16384,2053.98
2048,4096,32,16,592.663
2048,4096,32,32,594.22
2048,4096,32,64,594.145
2048,4096,32,128,602.455
2048,4096,32,256,613.355
2048,4096,32,512,632.684
2048,4096,32,1024,679.257
2048,4096,32,2048,769.623
2048,4096,32,4096,1075.11
2048,4096,32,8192,1982.33
2048,4096,32,16384,3813.35
2048,4096,64,16,644.117
2048,4096,64,32,643.499
2048,4096,64,64,645.666
2048,4096,64,128,668.236
2048,4096,64,256,689.985
2048,4096,64,512,735.223
2048,4096,64,1024,831.607
2048,4096,64,2048,1065.17
2048,4096,64,4096,1984.73
2048,4096,64,8192,3777.29
2048,4096,64,16384,7388.43
2048,4096,128,16,760.14
2048,4096,128,32,763.884
2048,4096,128,64,766.956
2048,4096,128,128,806.732
2048,4096,128,256,851.831
2048,4096,128,512,941.677
2048,4096,128,1024,1124.58
2048,4096,128,2048,1959.46
2048,4096,128,4096,3769.99
2048,4096,128,8192,7292.58
2048,4096,128,16384,14511.6
2048,8192,0,0,1003.87
2048,8192,1,16,1006.07
2048,8192,1,32,1014.26
2048,8192,1,64,1002.33
2048,8192,1,128,1007.04
2048,8192,1,256,1005.06
2048,8192,1,512,1004.01
2048,8192,1,1024,1002.43
2048,8192,1,2048,1003.25
2048,8192,1,4096,1011.26
2048,8192,1,8192,1017.09
2048,8192,1,16384,1212.4
2048,8192,2,16,1006.48
2048,8192,2,32,1004.03
2048,8192,2,64,1020.47
2048,8192,2,128,1002.47
2048,8192,2,256,1005.12
2048,8192,2,512,1008.81
2048,8192,2,1024,1017.78
2048,8192,2,2048,1013.54
2048,8192,2,4096,1011.9
2048,8192,2,8192,1031.65
2048,8192,2,16384,1233.92
2048,8192,4,16,1014.9
2048,8192,4,32,1008.9
2048,8192,4,64,1016.74
2048,8192,4,128,1011.07
2048,8192,4,256,1004.87
2048,8192,4,512,1007.65
2048,8192,4,1024,1014.23
2048,8192,4,2048,1021.56
2048,8192,4,4096,1014.51
2048,8192,4,8192,1040.53
2048,8192,4,16384,1242.89
2048,8192,8,16,1019.55
2048,8192,8,32,1028.92
2048,8192,8,64,1022.52
2048,8192,8,128,1032.17
2048,8192,8,256,1025.7
2048,8192,8,512,1019.34
2048,8192,8,1024,1022.27
2048,8192,8,2048,1024.65
2048,8192,8,4096,1047.16
2048,8192,8,8192,1068.53
2048,8192,8,16384,1500.26
2048,8192,16,16,1026.52
2048,8192,16,32,1024.71
2048,8192,16,64,1024
2048,8192,16,128,1035.13
2048,8192,16,256,1023.29
2048,8192,16,512,1024.87
2048,8192,16,1024,1025.57
2048,8192,16,2048,1046.83
2048,8192,16,4096,1121.62
2048,8192,16,8192,1313.29
2048,8192,16,16384,2227.97
2048,8192,32,16,1031.14
2048,8192,32,32,1029.86
2048,8192,32,64,1029.92
2048,8192,32,128,1030.46
2048,8192,32,256,1029.87
2048,8192,32,512,1032.36
2048,8192,32,1024,1063.05
2048,8192,32,2048,1148.5
2048,8192,32,4096,1388.54
2048,8192,32,8192,2092.18
2048,8192,32,16384,3903.9
2048,8192,64,16,1042.98
2048,8192,64,32,1045.56
2048,8192,64,64,1046.1
2048,8192,64,128,1064.93
2048,8192,64,256,1080.66
2048,8192,64,512,1117.18
2048,8192,64,1024,1206.64
2048,8192,64,2048,1449.8
2048,8192,64,4096,2095.8
2048,8192,64,8192,3946.66
2048,8192,64,16384,7387.51
2048,8192,128,16,1139.39
2048,8192,128,32,1142.54
2048,8192,128,64,1143.01
2048,8192,128,128,1187.34
2048,8192,128,256,1228.52
2048,8192,128,512,1321.51
2048,8192,128,1024,1504.07
2048,8192,128,2048,2005
2048,8192,128,4096,3858.18
2048,8192,128,8192,7414.58
2048,8192,128,16384,14525.1
2048,16384,0,0,1891.36
2048,16384,1,16,1893.45
2048,16384,1,32,1889.72
2048,16384,1,64,1890.44
2048,16384,1,128,1898.07
2048,16384,1,256,1893.08
2048,16384,1,512,1889.74
2048,16384,1,1024,1892.69
2048,16384,1,2048,1885.48
2048,16384,1,4096,1899.17
2048,16384,1,8192,1892.52
2048,16384,1,16384,1915.61
2048,16384,2,16,1890.88
2048,16384,2,32,1893.33
2048,16384,2,64,1890.85
2048,16384,2,128,1892.67
2048,16384,2,256,1892.43
2048,16384,2,512,1891.35
2048,16384,2,1024,1909.59
2048,16384,2,2048,1905.05
2048,16384,2,4096,1895.31
2048,16384,2,8192,1892.46
2048,16384,2,16384,1905.82
2048,16384,4,16,1902.45
2048,16384,4,32,1894.36
2048,16384,4,64,1892.56
2048,16384,4,128,1901.97
2048,16384,4,256,1905.28
2048,16384,4,512,1893.19
2048,16384,4,1024,1894.64
2048,16384,4,2048,1895.49
2048,16384,4,4096,1893.89
2048,16384,4,8192,1893.74
2048,16384,4,16384,1927.26
2048,16384,8,16,1904.16
2048,16384,8,32,1905.27
2048,16384,8,64,1901.7
2048,16384,8,128,1900.72
2048,16384,8,256,1903.7
2048,16384,8,512,1902.83
2048,16384,8,1024,1901.79
2048,16384,8,2048,1901.44
2048,16384,8,4096,1913.2
2048,16384,8,8192,1931.38
2048,16384,8,16384,1970.85
2048,16384,16,16,1907.23
2048,16384,16,32,1910.66
2048,16384,16,64,1911.32
2048,16384,16,128,1910.23
2048,16384,16,256,1914.96
2048,16384,16,512,1933.67
2048,16384,16,1024,1915.57
2048,16384,16,2048,1916.93
2048,16384,16,4096,1938.34
2048,16384,16,8192,2001.59
2048,16384,16,16384,2478.76
2048,16384,32,16,1921.07
2048,16384,32,32,1922.26
2048,16384,32,64,1920.41
2048,16384,32,128,1913.64
2048,16384,32,256,1925.33
2048,16384,32,512,1919.57
2048,16384,32,1024,1930.94
2048,16384,32,2048,1941.1
2048,16384,32,4096,2107.67
2048,16384,32,8192,2622.05
2048,16384,32,16384,4208.56
2048,16384,64,16,1924.21
2048,16384,64,32,1925.15
2048,16384,64,64,1926.84
2048,16384,64,128,1919.88
2048,16384,64,256,1916.28
2048,16384,64,512,1920.64
2048,16384,64,1024,2001.62
2048,16384,64,2048,2174.42
2048,16384,64,4096,2793.76
2048,16384,64,8192,4212.61
2048,16384,64,16384,7844.73
2048,16384,128,16,1954.32
2048,16384,128,32,1953.24
2048,16384,128,64,1956.47
2048,16384,128,128,1994.93
2048,16384,128,256,2028.24
2048,16384,128,512,2085.41
2048,16384,128,1024,2264.17
2048,16384,128,2048,2785.05
2048,16384,128,4096,4101.01
2048,16384,128,8192,7739.37
2048,16384,128,16384,14767.4
