prefill_chunk,kv_prefill,n_decode,kv_decode,time_us
0,0,1,16,12.4267
0,0,1,32,12.5547
0,0,1,64,12.608
0,0,1,128,17.888
0,0,1,256,18.144
0,0,1,512,18.827
0,0,1,1024,20.2773
0,0,1,2048,27.2213
0,0,1,4096,33.6
0,0,1,8192,50.0907
0,0,1,16384,75.968
0,0,2,16,18.2613
0,0,2,32,18.272
0,0,2,64,18.464
0,0,2,128,22.112
0,0,2,256,22.4423
0,0,2,512,23.616
0,0,2,1024,29.504
0,0,2,2048,36.288
0,0,2,4096,51.5307
0,0,2,8192,74.5817
0,0,2,16384,122.965
0,0,4,16,18.1443
0,0,4,32,18.1657
0,0,4,64,18.421
0,0,4,128,22.3683
0,0,4,256,23.147
0,0,4,512,29.408
0,0,4,1024,37.7067
0,0,4,2048,50.5063
0,0,4,4096,79.6587
0,0,4,8192,123.243
0,0,4,16384,217.27
0,0,8,16,18.346
0,0,8,32,18.5067
0,0,8,64,18.9753
0,0,8,128,23.061
0,0,8,256,29.5573
0,0,8,512,37.6957
0,0,8,1024,49.6747
0,0,8,2048,73.6213
0,0,8,4096,120.896
0,0,8,8192,215.318
0,0,8,16384,402.955
0,0,16,16,19.0933
0,0,16,32,19.5413
0,0,16,64,20.2997
0,0,16,128,30.7627
0,0,16,256,39.1253
0,0,16,512,50.571
0,0,16,1024,74.304
0,0,16,2048,121.643
0,0,16,4096,215.339
0,0,16,8192,405.003
0,0,16,16384,783.053
0,0,32,16,25.3023
0,0,32,32,25.9093
0,0,32,64,27.2217
0,0,32,128,36.1597
0,0,32,256,50.752
0,0,32,512,76.608
0,0,32,1024,121.056
0,0,32,2048,215.413
0,0,32,4096,405.302
0,0,32,8192,780.781
0,0,32,16384,1534.93
0,0,64,16,37.056
0,0,64,32,37.7917
0,0,64,64,40.875
0,0,64,128,57.77
0,0,64,256,82.688
0,0,64,512,132.107
0,0,64,1024,224.597
0,0,64,2048,413.686
0,0,64,4096,790.765
0,0,64,8192,1547.43
0,0,64,16384,3056.75
0,0,128,16,61.8667
0,0,128,32,63.6267
0,0,128,64,67.6803
0,0,128,128,100.524
0,0,128,256,143.723
0,0,128,512,237.942
0,0,128,1024,423.831
0,0,128,2048,799.672
0,0,128,4096,1559.64
0,0,128,8192,3118.93
0,0,128,16384,6119.09
0,0,256,16,115.104
0,0,256,32,117.611
0,0,256,64,123.563
0,0,256,128,183.061
0,0,256,256,261.654
0,0,256,512,444.577
0,0,256,1024,820.834
0,0,256,2048,1568.87
0,0,256,4096,3097.51
0,0,256,8192,6141.11
0,0,256,16384,12176
16,0,0,0,12.672
16,0,1,16,12.896
16,0,1,32,12.7993
16,0,1,64,12.8537
16,0,1,128,15.3817
16,0,1,256,19.0613
16,0,1,512,26.3893
16,0,1,1024,41.184
16,0,1,2048,70.7093
16,0,1,4096,130.272
16,0,1,8192,248.267
16,0,1,16384,483.862
16,0,2,16,12.9387
16,0,2,32,12.928
16,0,2,64,12.96
16,0,2,128,15.5733
16,0,2,256,19.2637
16,0,2,512,26.8163
16,0,2,1024,41.8773
16,0,2,2048,72.2457
16,0,2,4096,131.147
16,0,2,8192,248.736
16,0,2,16384,486.71
16,0,4,16,18.5707
16,0,4,32,18.688
16,0,4,64,18.7947
16,0,4,128,24.2343
16,0,4,256,32.0533
16,0,4,512,39.6373
16,0,4,1024,54.8263
16,0,4,2048,84.3097
16,0,4,4096,142.774
16,0,4,8192,260.971
16,0,4,16384,494.89
16,0,8,16,24.405
16,0,8,32,24.491
16,0,8,64,24.6827
16,0,8,128,33.3973
16,0,8,256,44.8317
16,0,8,512,60.192
16,0,8,1024,90.1973
16,0,8,2048,149.141
16,0,8,4096,266.891
16,0,8,8192,504.374
16,0,8,16384,979.309
16,0,16,16,35.989
16,0,16,32,36.5977
16,0,16,64,37.152
16,0,16,128,51.062
16,0,16,256,67.051
16,0,16,512,96.139
16,0,16,1024,156.811
16,0,16,2048,275.595
16,0,16,4096,513.452
16,0,16,8192,988.279
16,0,16,16384,1960.72
16,0,32,16,58.208
16,0,32,32,59.4887
16,0,32,64,60.544
16,0,32,128,87.3283
16,0,32,256,119.584
16,0,32,512,177.356
16,0,32,1024,301.281
16,0,32,2048,544.834
16,0,32,4096,1066.63
16,0,32,8192,2349.84
16,0,32,16384,4741.94
16,0,64,16,101.782
16,0,64,32,103.947
16,0,64,64,105.856
16,0,64,128,162.603
16,0,64,256,251.062
16,0,64,512,424.183
16,0,64,1024,802.487
16,0,64,2048,1550.97
16,0,64,4096,3080.08
16,0,64,8192,6099.79
16,0,64,16384,12148
16,0,128,16,189.429
16,0,128,32,194.091
16,0,128,64,198.421
16,0,128,128,322.348
16,0,128,256,468.108
16,0,128,512,822.21
16,0,128,1024,1562.67
16,0,128,2048,3066.13
16,0,128,4096,6084.74
16,0,128,8192,12126.1
16,0,128,16384,24187.5
16,16,0,0,12.864
16,16,1,16,13.0457
16,16,1,32,13.205
16,16,1,64,13.1093
16,16,1,128,15.4027
16,16,1,256,19.0507
16,16,1,512,26.3893
16,16,1,1024,41.2267
16,16,1,2048,70.6883
16,16,1,4096,130.305
16,16,1,8192,248.321
16,16,1,16384,483.937
16,16,2,16,13.12
16,16,2,32,13.301
16,16,2,64,13.323
16,16,2,128,15.5947
16,16,2,256,19.264
16,16,2,512,26.795
16,16,2,1024,41.771
16,16,2,2048,72.3203
16,16,2,4096,131.179
16,16,2,8192,248.929
16,16,2,16384,487.021
16,16,4,16,18.6987
16,16,4,32,18.9763
16,16,4,64,19.1573
16,16,4,128,24.2343
16,16,4,256,32.0103
16,16,4,512,39.808
16,16,4,1024,54.8913
16,16,4,2048,85.1097
16,16,4,4096,143.328
16,16,4,8192,259.606
16,16,4,16384,494.935
16,16,8,16,24.48
16,16,8,32,24.939
16,16,8,64,25.184
16,16,8,128,33.568
16,16,8,256,44.8427
16,16,8,512,61.152
16,16,8,1024,90.8267
16,16,8,2048,149.675
16,16,8,4096,268.779
16,16,8,8192,502.561
16,16,8,16384,978.584
16,16,16,16,36.011
16,16,16,32,36.5443
16,16,16,64,37.216
16,16,16,128,51.0087
16,16,16,256,67.285
16,16,16,512,95.9683
16,16,16,1024,156.598
16,16,16,2048,275.681
16,16,16,4096,513.899
16,16,16,8192,990.136
16,16,16,16384,1975.48
16,16,32,16,58.3573
16,16,32,32,59.4883
16,16,32,64,60.7257
16,16,32,128,87.7977
16,16,32,256,119.68
16,16,32,512,178.123
16,16,32,1024,300.748
16,16,32,2048,545.462
16,16,32,4096,1067.04
16,16,32,8192,2439.42
16,16,32,16384,4761.52
16,16,64,16,102.048
16,16,64,32,104.065
16,16,64,64,105.878
16,16,64,128,162.656
16,16,64,256,251.393
16,16,64,512,427.852
16,16,64,1024,802.551
16,16,64,2048,1555.08
16,16,64,4096,3073.99
16,16,64,8192,6115.11
16,16,64,16384,12156.3
16,16,128,16,189.686
16,16,128,32,194.475
16,16,128,64,198.721
16,16,128,128,321.441
16,16,128,256,469.463
16,16,128,512,820.728
16,16,128,1024,1562.17
16,16,128,2048,3064.49
16,16,128,4096,6086.67
16,16,128,8192,12137.1
16,16,128,16384,24196.9
16,32,0,0,12.96
16,32,1,16,13.013
16,32,1,32,13.1627
16,32,1,64,13.269
16,32,1,128,15.4243
16,32,1,256,19.0193
16,32,1,512,26.4
16,32,1,1024,41.184
16,32,1,2048,70.72
16,32,1,4096,130.272
16,32,1,8192,248.246
16,32,1,16384,484.054
16,32,2,16,13.1627
16,32,2,32,13.312
16,32,2,64,13.4187
16,32,2,128,15.5837
16,32,2,256,19.296
16,32,2,512,26.763
16,32,2,1024,41.8773
16,32,2,2048,72.235
16,32,2,4096,131.04
16,32,2,8192,248.694
16,32,2,16384,486.753
16,32,4,16,18.9223
16,32,4,32,18.997
16,32,4,64,19.1893
16,32,4,128,24.224
16,32,4,256,31.9577
16,32,4,512,39.9787
16,32,4,1024,55.0833
16,32,4,2048,84.9603
16,32,4,4096,144.331
16,32,4,8192,261.26
16,32,4,16384,498.135
16,32,8,16,24.5017
16,32,8,32,24.896
16,32,8,64,25.2693
16,32,8,128,33.504
16,32,8,256,44.8747
16,32,8,512,61.1517
16,32,8,1024,89.7813
16,32,8,2048,148.576
16,32,8,4096,266.954
16,32,8,8192,504.854
16,32,8,16384,981.431
16,32,16,16,36.0963
16,32,16,32,36.6293
16,32,16,64,37.216
16,32,16,128,51.051
16,32,16,256,67.1043
16,32,16,512,96.0963
16,32,16,1024,156.203
16,32,16,2048,274.955
16,32,16,4096,515.917
16,32,16,8192,993.336
16,32,16,16384,1970.45
16,32,32,16,58.4747
16,32,32,32,59.6163
16,32,32,64,60.48
16,32,32,128,87.627
16,32,32,256,119.638
16,32,32,512,178.784
16,32,32,1024,302.849
16,32,32,2048,544.247
16,32,32,4096,1051.88
16,32,32,8192,2357.48
16,32,32,16384,4776.49
16,32,64,16,101.856
16,32,64,32,104.363
16,32,64,64,106.112
16,32,64,128,162.507
16,32,64,256,248.748
16,32,64,512,426.262
16,32,64,1024,800.888
16,32,64,2048,1555
16,32,64,4096,3075.69
16,32,64,8192,6127.64
16,32,64,16384,12151.5
16,32,128,16,189.931
16,32,128,32,194.668
16,32,128,64,198.496
16,32,128,128,321.75
16,32,128,256,467.393
16,32,128,512,821.25
16,32,128,1024,1566.48
16,32,128,2048,3068.92
16,32,128,4096,6083.58
16,32,128,8192,12155.7
16,32,128,16384,24187.2
16,64,0,0,13.0773
16,64,1,16,12.9707
16,64,1,32,13.099
16,64,1,64,13.2053
16,64,1,128,15.4023
16,64,1,256,19.04
16,64,1,512,26.3997
16,64,1,1024,41.2587
16,64,1,2048,70.688
16,64,1,4096,130.454
16,64,1,8192,248.256
16,64,1,16384,483.937
16,64,2,16,13.1413
16,64,2,32,13.3333
16,64,2,64,13.4187
16,64,2,128,15.5947
16,64,2,256,19.296
16,64,2,512,26.7947
16,64,2,1024,41.867
16,64,2,2048,72.3203
16,64,2,4096,131.253
16,64,2,8192,248.63
16,64,2,16384,486.903
16,64,4,16,18.9333
16,64,4,32,19.1257
16,64,4,64,19.3067
16,64,4,128,24.2557
16,64,4,256,32.011
16,64,4,512,40.043
16,64,4,1024,54.827
16,64,4,2048,84.918
16,64,4,4096,143.595
16,64,4,8192,260.577
16,64,4,16384,494.487
16,64,8,16,24.5013
16,64,8,32,24.8427
16,64,8,64,25.344
16,64,8,128,33.504
16,64,8,256,44.8753
16,64,8,512,61.3973
16,64,8,1024,90.0273
16,64,8,2048,149.952
16,64,8,4096,266.433
16,64,8,8192,506.188
16,64,8,16384,980.258
16,64,16,16,36.022
16,64,16,32,36.576
16,64,16,64,37.3657
16,64,16,128,51.0513
16,64,16,256,67.723
16,64,16,512,96.32
16,64,16,1024,156.267
16,64,16,2048,276.534
16,64,16,4096,515.063
16,64,16,8192,991.565
16,64,16,16384,1963.58
16,64,32,16,58.464
16,64,32,32,59.6587
16,64,32,64,60.8423
16,64,32,128,88.5973
16,64,32,256,119.659
16,64,32,512,178.432
16,64,32,1024,300.577
16,64,32,2048,546.252
16,64,32,4096,1052.17
16,64,32,8192,2382.35
16,64,32,16384,4713.94
16,64,64,16,102.293
16,64,64,32,104.267
16,64,64,64,106.379
16,64,64,128,163.03
16,64,64,256,250.731
16,64,64,512,428.502
16,64,64,1024,799.681
16,64,64,2048,1552.91
16,64,64,4096,3071.64
16,64,64,8192,6122.27
16,64,64,16384,12158.8
16,64,128,16,190.219
16,64,128,32,195.029
16,64,128,64,198.731
16,64,128,128,321.26
16,64,128,256,467.841
16,64,128,512,821.261
16,64,128,1024,1564.52
16,64,128,2048,3065.47
16,64,128,4096,6079.88
16,64,128,8192,12134.7
16,64,128,16384,24198.7
16,128,0,0,16.608
16,128,1,16,15.605
16,128,1,32,15.627
16,128,1,64,15.6267
16,128,1,128,16.6187
16,128,1,256,19.1463
16,128,1,512,26.4963
16,128,1,1024,41.2373
16,128,1,2048,70.7307
16,128,1,4096,130.401
16,128,1,8192,248.267
16,128,1,16384,484.044
16,128,2,16,15.6053
16,128,2,32,15.744
16,128,2,64,15.6907
16,128,2,128,16.725
16,128,2,256,19.36
16,128,2,512,26.8907
16,128,2,1024,41.942
16,128,2,2048,72.5333
16,128,2,4096,131.094
16,128,2,8192,248.789
16,128,2,16384,486.838
16,128,4,16,22.379
16,128,4,32,22.6457
16,128,4,64,22.7523
16,128,4,128,25.9947
16,128,4,256,31.723
16,128,4,512,46.816
16,128,4,1024,62.0587
16,128,4,2048,92.235
16,128,4,4096,150.634
16,128,4,8192,268.224
16,128,4,16384,503.5
16,128,8,16,28.043
16,128,8,32,28.1813
16,128,8,64,28.4273
16,128,8,128,35.4563
16,128,8,256,44.8643
16,128,8,512,66.1437
16,128,8,1024,97.867
16,128,8,2048,156.491
16,128,8,4096,275.872
16,128,8,8192,508.225
16,128,8,16384,981.985
16,128,16,16,38.8163
16,128,16,32,39.456
16,128,16,64,39.8933
16,128,16,128,53.8667
16,128,16,256,70.8483
16,128,16,512,100.491
16,128,16,1024,159.755
16,128,16,2048,279.425
16,128,16,4096,518.177
16,128,16,8192,992.396
16,128,16,16384,1960.25
16,128,32,16,58.1653
16,128,32,32,59.488
16,128,32,64,60.6513
16,128,32,128,90.8373
16,128,32,256,122.241
16,128,32,512,183.915
16,128,32,1024,306.837
16,128,32,2048,550.272
16,128,32,4096,1072.32
16,128,32,8192,2374.68
16,128,32,16384,4860.75
16,128,64,16,102.144
16,128,64,32,104.416
16,128,64,64,106.646
16,128,64,128,165.259
16,128,64,256,250.123
16,128,64,512,424.086
16,128,64,1024,800.941
16,128,64,2048,1557.23
16,128,64,4096,3072.09
16,128,64,8192,6135.48
16,128,64,16384,12158.3
16,128,128,16,190.881
16,128,128,32,196.204
16,128,128,64,200.661
16,128,128,128,323.276
16,128,128,256,469.953
16,128,128,512,822.903
16,128,128,1024,1565.9
16,128,128,2048,3071.59
16,128,128,4096,6088.4
16,128,128,8192,12157
16,128,128,16384,24191.9
16,256,0,0,20.2987
16,256,1,16,19.3703
16,256,1,32,19.2853
16,256,1,64,19.317
16,256,1,128,19.3817
16,256,1,256,20.1813
16,256,1,512,26.4957
16,256,1,1024,41.3763
16,256,1,2048,70.7627
16,256,1,4096,130.464
16,256,1,8192,248.213
16,256,1,16384,484.055
16,256,2,16,19.2747
16,256,2,32,19.2217
16,256,2,64,19.264
16,256,2,128,19.3387
16,256,2,256,20.4903
16,256,2,512,26.9437
16,256,2,1024,41.9093
16,256,2,2048,72.469
16,256,2,4096,131.104
16,256,2,8192,248.982
16,256,2,16384,486.913
16,256,4,16,26.155
16,256,4,32,26.3787
16,256,4,64,26.3997
16,256,4,128,29.9307
16,256,4,256,33.8453
16,256,4,512,46.656
16,256,4,1024,69.3443
16,256,4,2048,99.6373
16,256,4,4096,157.803
16,256,4,8192,274.806
16,256,4,16384,509.804
16,256,8,16,31.6803
16,256,8,32,31.969
16,256,8,64,32.075
16,256,8,128,38.8267
16,256,8,256,46.944
16,256,8,512,66.7307
16,256,8,1024,104.576
16,256,8,2048,163.616
16,256,8,4096,282.379
16,256,8,8192,513.622
16,256,8,16384,987.213
16,256,16,16,42.9763
16,256,16,32,43.5203
16,256,16,64,43.9037
16,256,16,128,55.3173
16,256,16,256,73.035
16,256,16,512,104.63
16,256,16,1024,163.819
16,256,16,2048,283.084
16,256,16,4096,522.145
16,256,16,8192,996.834
16,256,16,16384,1964.45
16,256,32,16,61.6427
16,256,32,32,62.4
16,256,32,64,63.4133
16,256,32,128,90.8167
16,256,32,256,124.736
16,256,32,512,186.24
16,256,32,1024,312.619
16,256,32,2048,554.07
16,256,32,4096,1074.09
16,256,32,8192,2411.11
16,256,32,16384,4845.62
16,256,64,16,104.491
16,256,64,32,106.752
16,256,64,64,108.886
16,256,64,128,165.867
16,256,64,256,258.219
16,256,64,512,420.097
16,256,64,1024,803
16,256,64,2048,1558.33
16,256,64,4096,3073.12
16,256,64,8192,6129.14
16,256,64,16384,12155.6
16,256,128,16,192.737
16,256,128,32,198.017
16,256,128,64,202.134
16,256,128,128,325.6
16,256,128,256,472.417
16,256,128,512,816.728
16,256,128,1024,1569.48
16,256,128,2048,3066.78
16,256,128,4096,6084.52
16,256,128,8192,12141.6
16,256,128,16384,24181.6
16,512,0,0,27.5307
16,512,1,16,26.6663
16,512,1,32,26.7627
16,512,1,64,26.688
16,512,1,128,26.827
16,512,1,256,26.923
16,512,1,512,27.5947
16,512,1,1024,41.43
16,512,1,2048,70.784
16,512,1,4096,130.262
16,512,1,8192,248.331
16,512,1,16384,484.119
16,512,2,16,26.592
16,512,2,32,26.5817
16,512,2,64,26.6347
16,512,2,128,26.7633
16,512,2,256,26.8907
16,512,2,512,27.989
16,512,2,1024,42.0697
16,512,2,2048,71.6693
16,512,2,4096,131.2
16,512,2,8192,249.025
16,512,2,16384,487.063
16,512,4,16,33.376
16,512,4,32,33.472
16,512,4,64,33.504
16,512,4,128,37.1517
16,512,4,256,41.1947
16,512,4,512,48.5333
16,512,4,1024,75.851
16,512,4,2048,113.163
16,512,4,4096,172.747
16,512,4,8192,289.366
16,512,4,16384,531.927
16,512,8,16,38.827
16,512,8,32,39.0403
16,512,8,64,39.2213
16,512,8,128,46.2293
16,512,8,256,53.995
16,512,8,512,68.8323
16,512,8,1024,110.336
16,512,8,2048,177.035
16,512,8,4096,296.971
16,512,8,8192,533.26
16,512,8,16384,1021.19
16,512,16,16,50.1227
16,512,16,32,50.7737
16,512,16,64,51.2217
16,512,16,128,64.7683
16,512,16,256,79.4457
16,512,16,512,109.771
16,512,16,1024,173.387
16,512,16,2048,292.79
16,512,16,4096,533.804
16,512,16,8192,1009.84
16,512,16,16384,1965.11
16,512,32,16,72.182
16,512,32,32,73.3333
16,512,32,64,74.2517
16,512,32,128,95.0507
16,512,32,256,124.405
16,512,32,512,193.056
16,512,32,1024,325.814
16,512,32,2048,572.268
16,512,32,4096,1083.73
16,512,32,8192,2366.17
16,512,32,16384,4863.38
16,512,64,16,112.171
16,512,64,32,114.283
16,512,64,64,116.939
16,512,64,128,168.673
16,512,64,256,255.98
16,512,64,512,435.415
16,512,64,1024,804.717
16,512,64,2048,1560.73
16,512,64,4096,3081.5
16,512,64,8192,6133.19
16,512,64,16384,12184
16,512,128,16,197.686
16,512,128,32,201.952
16,512,128,64,206.476
16,512,128,128,328.619
16,512,128,256,477.686
16,512,128,512,826.722
16,512,128,1024,1566.79
16,512,128,2048,3075.24
16,512,128,4096,6088.2
16,512,128,8192,12165
16,512,128,16384,24192.1
16,1024,0,0,42.5173
16,1024,1,16,41.7173
16,1024,1,32,41.7177
16,1024,1,64,41.814
16,1024,1,128,41.7287
16,1024,1,256,41.8243
16,1024,1,512,42.0587
16,1024,1,1024,42.5073
16,1024,1,2048,70.8803
16,1024,1,4096,129.61
16,1024,1,8192,248.395
16,1024,1,16384,484.246
16,1024,2,16,41.4937
16,1024,2,32,41.5577
16,1024,2,64,41.557
16,1024,2,128,41.6323
16,1024,2,256,41.781
16,1024,2,512,42.0163
16,1024,2,1024,43.189
16,1024,2,2048,71.7547
16,1024,2,4096,131.52
16,1024,2,8192,249.121
16,1024,2,16384,487.148
16,1024,4,16,47.68
16,1024,4,32,47.7227
16,1024,4,64,47.8937
16,1024,4,128,51.2743
16,1024,4,256,55.499
16,1024,4,512,63.1787
16,1024,4,1024,78.3893
16,1024,4,2048,134.795
16,1024,4,4096,204.32
16,1024,4,8192,325.045
16,1024,4,16384,566.476
16,1024,8,16,53.3227
16,1024,8,32,53.4077
16,1024,8,64,53.621
16,1024,8,128,60.832
16,1024,8,256,68.5123
16,1024,8,512,82.6777
16,1024,8,1024,114.038
16,1024,8,2048,197.035
16,1024,8,4096,329.953
16,1024,8,8192,570.732
16,1024,8,16384,1057.7
16,1024,16,16,64.7893
16,1024,16,32,64.9177
16,1024,16,64,65.568
16,1024,16,128,79.0933
16,1024,16,256,93.8887
16,1024,16,512,122.997
16,1024,16,1024,185.355
16,1024,16,2048,312.769
16,1024,16,4096,557.389
16,1024,16,8192,1045.75
16,1024,16,16384,2045.44
16,1024,32,16,87.136
16,1024,32,32,87.9897
16,1024,32,64,89.131
16,1024,32,128,115.403
16,1024,32,256,143.841
16,1024,32,512,198.177
16,1024,32,1024,333.718
16,1024,32,2048,623.318
16,1024,32,4096,1216.64
16,1024,32,8192,2434.13
16,1024,32,16384,4808.8
16,1024,64,16,131.179
16,1024,64,32,133.419
16,1024,64,64,135.125
16,1024,64,128,186.347
16,1024,64,256,269.44
16,1024,64,512,434.316
16,1024,64,1024,818.093
16,1024,64,2048,1564.66
16,1024,64,4096,3086.34
16,1024,64,8192,6146.12
16,1024,64,16384,12173.1
16,1024,128,16,215.958
16,1024,128,32,220.513
16,1024,128,64,224.417
16,1024,128,128,340.908
16,1024,128,256,485.592
16,1024,128,512,832.237
16,1024,128,1024,1573.23
16,1024,128,2048,3072.26
16,1024,128,4096,6095.96
16,1024,128,8192,12153.6
16,1024,128,16384,24211.6
16,2048,0,0,72.3947
16,2048,1,16,71.5203
16,2048,1,32,71.5847
16,2048,1,64,71.669
16,2048,1,128,71.616
16,2048,1,256,71.6587
16,2048,1,512,71.691
16,2048,1,1024,72.0753
16,2048,1,2048,72.1173
16,2048,1,4096,129.536
16,2048,1,8192,248.374
16,2048,1,16384,484.194
16,2048,2,16,71.318
16,2048,2,32,71.36
16,2048,2,64,71.2853
16,2048,2,128,71.4137
16,2048,2,256,71.424
16,2048,2,512,71.5633
16,2048,2,1024,72.0217
16,2048,2,2048,72.864
16,2048,2,4096,131.605
16,2048,2,8192,249.398
16,2048,2,16384,487.308
16,2048,4,16,76.6507
16,2048,4,32,76.6293
16,2048,4,64,76.6083
16,2048,4,128,80.1087
16,2048,4,256,83.97
16,2048,4,512,91.7897
16,2048,4,1024,106.925
16,2048,4,2048,139.652
16,2048,4,4096,253.627
16,2048,4,8192,381.076
16,2048,4,16384,623.333
16,2048,8,16,81.762
16,2048,8,32,81.8047
16,2048,8,64,82.1033
16,2048,8,128,88.941
16,2048,8,256,96.888
16,2048,8,512,111.427
16,2048,8,1024,141.572
16,2048,8,2048,204.23
16,2048,8,4096,371.241
16,2048,8,8192,628.805
16,2048,8,16384,1113.49
16,2048,16,16,92.8343
16,2048,16,32,93.3573
16,2048,16,64,93.7407
16,2048,16,128,107.223
16,2048,16,256,122.926
16,2048,16,512,151.726
16,2048,16,1024,210.917
16,2048,16,2048,333.661
16,2048,16,4096,584.783
16,2048,16,8192,1081.37
16,2048,16,16384,2094.56
16,2048,32,16,115.331
16,2048,32,32,116.419
16,2048,32,64,117.614
16,2048,32,128,144.771
16,2048,32,256,175.311
16,2048,32,512,243.249
16,2048,32,1024,345.321
16,2048,32,2048,613.264
16,2048,32,4096,1271.82
16,2048,32,8192,2563.77
16,2048,32,16384,4709.9
16,2048,64,16,159.897
16,2048,64,32,163.204
16,2048,64,64,165.999
16,2048,64,128,219.579
16,2048,64,256,311.826
16,2048,64,512,468.129
16,2048,64,1024,825.012
16,2048,64,2048,1582.91
16,2048,64,4096,3103.32
16,2048,64,8192,6169.99
16,2048,64,16384,12190.3
16,2048,128,16,249.382
16,2048,128,32,254.139
16,2048,128,64,258.247
16,2048,128,128,376.606
16,2048,128,256,518.328
16,2048,128,512,856.522
16,2048,128,1024,1587.89
16,2048,128,2048,3091.02
16,2048,128,4096,6110.16
16,2048,128,8192,12183.9
16,2048,128,16384,24223
16,4096,0,0,131.565
16,4096,1,16,131.811
16,4096,1,32,131.8
16,4096,1,64,131.875
16,4096,1,128,131.832
16,4096,1,256,131.769
16,4096,1,512,131.843
16,4096,1,1024,132.419
16,4096,1,2048,131.384
16,4096,1,4096,131.555
16,4096,1,8192,248.774
16,4096,1,16384,485.195
16,4096,2,16,130.606
16,4096,2,32,130.552
16,4096,2,64,130.456
16,4096,2,128,130.542
16,4096,2,256,130.542
16,4096,2,512,130.733
16,4096,2,1024,131.181
16,4096,2,2048,131.843
16,4096,2,4096,132.281
16,4096,2,8192,250.086
16,4096,2,16384,487.542
16,4096,4,16,133.272
16,4096,4,32,133.636
16,4096,4,64,134.04
16,4096,4,128,138.328
16,4096,4,256,140.995
16,4096,4,512,148.612
16,4096,4,1024,164.302
16,4096,4,2048,196.911
16,4096,4,4096,259.398
16,4096,4,8192,494.048
16,4096,4,16384,739.056
16,4096,8,16,139.043
16,4096,8,32,138.755
16,4096,8,64,139.033
16,4096,8,128,145.305
16,4096,8,256,153.529
16,4096,8,512,167.502
16,4096,8,1024,199.151
16,4096,8,2048,263.515
16,4096,8,4096,384.371
16,4096,8,8192,715.431
16,4096,8,16384,1225.56
16,4096,16,16,149.466
16,4096,16,32,149.987
16,4096,16,64,150.607
16,4096,16,128,163.812
16,4096,16,256,178.809
16,4096,16,512,208.688
16,4096,16,1024,269.767
16,4096,16,2048,391.753
16,4096,16,4096,629.604
16,4096,16,8192,1133.47
16,4096,16,16384,2162.98
16,4096,32,16,172.324
16,4096,32,32,173.082
16,4096,32,64,173.977
16,4096,32,128,201.349
16,4096,32,256,232.538
16,4096,32,512,299.004
16,4096,32,1024,441.695
16,4096,32,2048,646.415
16,4096,32,4096,1228.82
16,4096,32,8192,2573.38
16,4096,32,16384,5059.51
16,4096,64,16,221.573
16,4096,64,32,224.07
16,4096,64,64,225.744
16,4096,64,128,286.503
16,4096,64,256,374.9
16,4096,64,512,536.183
16,4096,64,1024,897.824
16,4096,64,2048,1601.31
16,4096,64,4096,3127.53
16,4096,64,8192,6187.73
16,4096,64,16384,12214.7
16,4096,128,16,313.256
16,4096,128,32,315.644
16,4096,128,64,324.562
16,4096,128,128,443.135
16,4096,128,256,586.819
16,4096,128,512,922.849
16,4096,128,1024,1622.27
16,4096,128,2048,3112.2
16,4096,128,4096,6138.53
16,4096,128,8192,12181.4
16,4096,128,16384,24250.4
16,8192,0,0,249.232
16,8192,1,16,249.393
16,8192,1,32,249.467
16,8192,1,64,249.595
16,8192,1,128,249.477
16,8192,1,256,249.478
16,8192,1,512,249.616
16,8192,1,1024,249.563
16,8192,1,2048,250.022
16,8192,1,4096,250.128
16,8192,1,8192,249.734
16,8192,1,16384,484.32
16,8192,2,16,248.177
16,8192,2,32,248.059
16,8192,2,64,248.186
16,8192,2,128,248.028
16,8192,2,256,248.219
16,8192,2,512,248.273
16,8192,2,1024,248.549
16,8192,2,2048,248.805
16,8192,2,4096,249.179
16,8192,2,8192,250.608
16,8192,2,16384,487.915
16,8192,4,16,248.506
16,8192,4,32,248.901
16,8192,4,64,248.507
16,8192,4,128,251.995
16,8192,4,256,255.27
16,8192,4,512,263.526
16,8192,4,1024,278.225
16,8192,4,2048,310.695
16,8192,4,4096,374.867
16,8192,4,8192,497.206
16,8192,4,16384,963.104
16,8192,8,16,252.134
16,8192,8,32,252.614
16,8192,8,64,253.488
16,8192,8,128,259.6
16,8192,8,256,268.198
16,8192,8,512,282.599
16,8192,8,1024,312.028
16,8192,8,2048,374.099
16,8192,8,4096,497.269
16,8192,8,8192,742.044
16,8192,8,16384,1421.93
16,8192,16,16,262.758
16,8192,16,32,263.707
16,8192,16,64,264.038
16,8192,16,128,277.67
16,8192,16,256,292.252
16,8192,16,512,321.778
16,8192,16,1024,383.422
16,8192,16,2048,503.585
16,8192,16,4096,747.238
16,8192,16,8192,1223.41
16,8192,16,16384,2301.67
16,8192,32,16,285.596
16,8192,32,32,287.163
16,8192,32,64,287.559
16,8192,32,128,314.855
16,8192,32,256,346.109
16,8192,32,512,412.787
16,8192,32,1024,547.948
16,8192,32,2048,843.239
16,8192,32,4096,1296.03
16,8192,32,8192,2581.98
16,8192,32,16384,5244.32
16,8192,64,16,334.034
16,8192,64,32,337.128
16,8192,64,64,338.781
16,8192,64,128,399.625
16,8192,64,256,496.107
16,8192,64,512,677.423
16,8192,64,1024,1036.1
16,8192,64,2048,1748.44
16,8192,64,4096,3167.06
16,8192,64,8192,6241.55
16,8192,64,16384,12259.5
16,8192,128,16,431.359
16,8192,128,32,437.012
16,8192,128,64,444.031
16,8192,128,128,573.197
16,8192,128,256,719.941
16,8192,128,512,1062.18
16,8192,128,1024,1780.27
16,8192,128,2048,3194.13
16,8192,128,4096,6180.22
16,8192,128,8192,12257.1
16,8192,128,16384,24289.4
16,16384,0,0,487.285
16,16384,1,16,487.53
16,16384,1,32,487.659
16,16384,1,64,487.616
16,16384,1,128,487.552
16,16384,1,256,487.744
16,16384,1,512,488.043
16,16384,1,1024,488.171
16,16384,1,2048,488.544
16,16384,1,4096,488.16
16,16384,1,8192,488.64
16,16384,1,16384,487.146
16,16384,2,16,486.219
16,16384,2,32,486.346
16,16384,2,64,486.176
16,16384,2,128,486.634
16,16384,2,256,486.475
16,16384,2,512,486.858
16,16384,2,1024,487.296
16,16384,2,2048,487.659
16,16384,2,4096,487.403
16,16384,2,8192,487.691
16,16384,2,16384,490.709
16,16384,4,16,486.816
16,16384,4,32,486.965
16,16384,4,64,486.933
16,16384,4,128,486.827
16,16384,4,256,487.094
16,16384,4,512,494.4
16,16384,4,1024,507.413
16,16384,4,2048,542.935
16,16384,4,4096,611.757
16,16384,4,8192,732.421
16,16384,4,16384,972.448
16,16384,8,16,486.559
16,16384,8,32,487.21
16,16384,8,64,488.992
16,16384,8,128,487.87
16,16384,8,256,496.587
16,16384,8,512,510.582
16,16384,8,1024,540.247
16,16384,8,2048,604.428
16,16384,8,4096,725.988
16,16384,8,8192,970.314
16,16384,8,16384,1463.31
16,16384,16,16,492.427
16,16384,16,32,495.221
16,16384,16,64,492.586
16,16384,16,128,505.109
16,16384,16,256,518.752
16,16384,16,512,548.224
16,16384,16,1024,612.387
16,16384,16,2048,735.984
16,16384,16,4096,978.944
16,16384,16,8192,1464.48
16,16384,16,16384,2411.89
16,16384,32,16,514.827
16,16384,32,32,513.078
16,16384,32,64,516.214
16,16384,32,128,541.388
16,16384,32,256,574.497
16,16384,32,512,638.211
16,16384,32,1024,776.027
16,16384,32,2048,1067.28
16,16384,32,4096,1696.12
16,16384,32,8192,2695.24
16,16384,32,16384,5303.26
16,16384,64,16,560.438
16,16384,64,32,563.531
16,16384,64,64,565.494
16,16384,64,128,624.856
16,16384,64,256,726.041
16,16384,64,512,907.816
16,16384,64,1024,1310.9
16,16384,64,2048,2051.88
16,16384,64,4096,3481.05
16,16384,64,8192,6323.16
16,16384,64,16384,12481.4
16,16384,128,16,657.891
16,16384,128,32,663.672
16,16384,128,64,669.699
16,16384,128,128,806.044
16,16384,128,256,974.878
16,16384,128,512,1341.15
16,16384,128,1024,2080.61
16,16384,128,2048,3518.88
16,16384,128,4096,6384.76
16,16384,128,8192,12328.4
16,16384,128,16384,24454.6
32,0,0,0,12.9813
32,0,1,16,13.0133
32,0,1,32,13.1097
32,0,1,64,13.088
32,0,1,128,15.4033
32,0,1,256,19.051
32,0,1,512,26.4327
32,0,1,1024,41.2813
32,0,1,2048,70.7327
32,0,1,4096,130.338
32,0,1,8192,248.218
32,0,1,16384,484.116
32,0,2,16,13.0883
32,0,2,32,13.163
32,0,2,64,13.1843
32,0,2,128,15.584
32,0,2,256,19.328
32,0,2,512,26.7847
32,0,2,1024,41.814
32,0,2,2048,72.343
32,0,2,4096,131.149
32,0,2,8192,248.774
32,0,2,16384,486.687
32,0,4,16,18.7843
32,0,4,32,18.8907
32,0,4,64,19.0403
32,0,4,128,24.1813
32,0,4,256,32.054
32,0,4,512,39.873
32,0,4,1024,54.8817
32,0,4,2048,84.855
32,0,4,4096,143.139
32,0,4,8192,260.24
32,0,4,16384,496.063
32,0,8,16,24.513
32,0,8,32,24.79
32,0,8,64,25.0137
32,0,8,128,33.526
32,0,8,256,44.865
32,0,8,512,60.7477
32,0,8,1024,90.636
32,0,8,2048,150.19
32,0,8,4096,268.944
32,0,8,8192,504.916
32,0,8,16384,981.085
32,0,16,16,35.958
32,0,16,32,36.619
32,0,16,64,37.217
32,0,16,128,51.0197
32,0,16,256,67.3937
32,0,16,512,96.6633
32,0,16,1024,157.87
32,0,16,2048,275.675
32,0,16,4096,514.976
32,0,16,8192,992.938
32,0,16,16384,1960.9
32,0,32,16,58.3693
32,0,32,32,59.5327
32,0,32,64,60.5883
32,0,32,128,87.469
32,0,32,256,119.693
32,0,32,512,178.116
32,0,32,1024,302.257
32,0,32,2048,544.683
32,0,32,4096,1049.59
32,0,32,8192,2366.93
32,0,32,16384,4752.42
32,0,64,16,102.221
32,0,64,32,104.525
32,0,64,64,106.135
32,0,64,128,162.19
32,0,64,256,248.859
32,0,64,512,423.283
32,0,64,1024,800.421
32,0,64,2048,1555.2
32,0,64,4096,3077.45
32,0,64,8192,6119.9
32,0,64,16384,12147.7
32,0,128,16,190.425
32,0,128,32,194.905
32,0,128,64,198.916
32,0,128,128,321.521
32,0,128,256,466.911
32,0,128,512,823.43
32,0,128,1024,1565.93
32,0,128,2048,3066.14
32,0,128,4096,6082.28
32,0,128,8192,12133.9
32,0,128,16384,24209.6
32,16,0,0,13.099
32,16,1,16,13.056
32,16,1,32,13.1633
32,16,1,64,13.2263
32,16,1,128,15.424
32,16,1,256,19.041
32,16,1,512,26.4113
32,16,1,1024,41.2167
32,16,1,2048,70.753
32,16,1,4096,130.371
32,16,1,8192,248.324
32,16,1,16384,484.212
32,16,2,16,13.1203
32,16,2,32,13.2483
32,16,2,64,13.3333
32,16,2,128,15.595
32,16,2,256,19.254
32,16,2,512,26.8273
32,16,2,1024,41.7927
32,16,2,2048,72.3107
32,16,2,4096,131.074
32,16,2,8192,248.783
32,16,2,16384,486.954
32,16,4,16,18.9337
32,16,4,32,19.0297
32,16,4,64,19.2327
32,16,4,128,24.2037
32,16,4,256,31.9897
32,16,4,512,40.0857
32,16,4,1024,54.9773
32,16,4,2048,84.8657
32,16,4,4096,143.491
32,16,4,8192,259.397
32,16,4,16384,497.546
32,16,8,16,24.6193
32,16,8,32,24.9067
32,16,8,64,25.387
32,16,8,128,33.5367
32,16,8,256,44.7797
32,16,8,512,60.8973
32,16,8,1024,90.5407
32,16,8,2048,150.211
32,16,8,4096,267.407
32,16,8,8192,504.265
32,16,8,16384,981.299
32,16,16,16,36.0437
32,16,16,32,36.6407
32,16,16,64,37.206
32,16,16,128,51.0837
32,16,16,256,67.138
32,16,16,512,96.6527
32,16,16,1024,157.39
32,16,16,2048,276.176
32,16,16,4096,514.847
32,16,16,8192,991.475
32,16,16,16384,1959.26
32,16,32,16,58.476
32,16,32,32,59.6383
32,16,32,64,60.78
32,16,32,128,88.183
32,16,32,256,119.533
32,16,32,512,179.107
32,16,32,1024,301.797
32,16,32,2048,546.879
32,16,32,4096,1066.5
32,16,32,8192,2408.73
32,16,32,16384,4794.85
32,16,64,16,102.263
32,16,64,32,104.578
32,16,64,64,106.103
32,16,64,128,162.328
32,16,64,256,246.906
32,16,64,512,428.488
32,16,64,1024,800.602
32,16,64,2048,1553.24
32,16,64,4096,3075.31
32,16,64,8192,6131.33
32,16,64,16384,12170.7
32,16,128,16,190.841
32,16,128,32,195.075
32,16,128,64,198.969
32,16,128,128,321.116
32,16,128,256,469.343
32,16,128,512,821.157
32,16,128,1024,1564.54
32,16,128,2048,3070.45
32,16,128,4096,6088.03
32,16,128,8192,12147.7
32,16,128,16384,24195.5
32,32,0,0,13.067
32,32,1,16,13.078
32,32,1,32,13.131
32,32,1,64,13.2057
32,32,1,128,15.424
32,32,1,256,19.083
32,32,1,512,26.4327
32,32,1,1024,41.259
32,32,1,2048,70.8387
32,32,1,4096,130.498
32,32,1,8192,248.368
32,32,1,16384,484.287
32,32,2,16,13.1417
32,32,2,32,13.248
32,32,2,64,13.387
32,32,2,128,15.5523
32,32,2,256,19.318
32,32,2,512,26.806
32,32,2,1024,41.8463
32,32,2,2048,72.3427
32,32,2,4096,131.16
32,32,2,8192,248.772
32,32,2,16384,486.932
32,32,4,16,18.891
32,32,4,32,19.0733
32,32,4,64,19.2
32,32,4,128,24.246
32,32,4,256,32.001
32,32,4,512,40.0323
32,32,4,1024,54.7957
32,32,4,2048,84.5137
32,32,4,4096,143.374
32,32,4,8192,261.562
32,32,4,16384,495.369
32,32,8,16,24.6407
32,32,8,32,24.929
32,32,8,64,25.355
32,32,8,128,33.5473
32,32,8,256,44.8433
32,32,8,512,61.2173
32,32,8,1024,90.5187
32,32,8,2048,149.827
32,32,8,4096,268.73
32,32,8,8192,504.479
32,32,8,16384,978.483
32,32,16,16,36.0537
32,32,16,32,36.6617
32,32,16,64,37.142
32,32,16,128,51.0517
32,32,16,256,67.4143
32,32,16,512,96.8657
32,32,16,1024,156.409
32,32,16,2048,276.56
32,32,16,4096,514.165
32,32,16,8192,992.136
32,32,16,16384,1972.18
32,32,32,16,58.4757
32,32,32,32,59.6277
32,32,32,64,60.7157
32,32,32,128,87.927
32,32,32,256,120.087
32,32,32,512,178.296
32,32,32,1024,302.15
32,32,32,2048,545.247
32,32,32,4096,1064.16
32,32,32,8192,2408.77
32,32,32,16384,4722
32,32,64,16,102.381
32,32,64,32,104.45
32,32,64,64,106.242
32,32,64,128,161.987
32,32,64,256,247.674
32,32,64,512,426.387
32,32,64,1024,800.858
32,32,64,2048,1552.03
32,32,64,4096,3071.77
32,32,64,8192,6098.55
32,32,64,16384,12162.9
32,32,128,16,190.446
32,32,128,32,195.065
32,32,128,64,199.161
32,32,128,128,322.129
32,32,128,256,468.221
32,32,128,512,822.042
32,32,128,1024,1568.23
32,32,128,2048,3066.87
32,32,128,4096,6081.96
32,32,128,8192,12114.6
32,32,128,16384,24194.8
32,64,0,0,13.195
32,64,1,16,13.0137
32,64,1,32,13.131
32,64,1,64,13.1527
32,64,1,128,15.4133
32,64,1,256,19.0833
32,64,1,512,26.454
32,64,1,1024,41.195
32,64,1,2048,70.7633
32,64,1,4096,130.423
32,64,1,8192,248.186
32,64,1,16384,484.297
32,64,2,16,13.206
32,64,2,32,13.3977
32,64,2,64,13.387
32,64,2,128,15.5947
32,64,2,256,19.3283
32,64,2,512,26.7843
32,64,2,1024,41.846
32,64,2,2048,72.3
32,64,2,4096,130.936
32,64,2,8192,248.922
32,64,2,16384,486.75
32,64,4,16,19.1153
32,64,4,32,19.3287
32,64,4,64,19.4453
32,64,4,128,24.192
32,64,4,256,32.001
32,64,4,512,40.4167
32,64,4,1024,55.393
32,64,4,2048,85.8893
32,64,4,4096,144.728
32,64,4,8192,261.327
32,64,4,16384,493.854
32,64,8,16,24.598
32,64,8,32,24.843
32,64,8,64,25.3763
32,64,8,128,33.5043
32,64,8,256,44.7577
32,64,8,512,61.879
32,64,8,1024,90.9353
32,64,8,2048,150.67
32,64,8,4096,268.452
32,64,8,8192,504.958
32,64,8,16384,980.368
32,64,16,16,36.043
32,64,16,32,36.673
32,64,16,64,37.3127
32,64,16,128,51.3603
32,64,16,256,68.0867
32,64,16,512,97.292
32,64,16,1024,156.471
32,64,16,2048,276.677
32,64,16,4096,515.219
32,64,16,8192,991.43
32,64,16,16384,1962.6
32,64,32,16,58.4437
32,64,32,32,59.6917
32,64,32,64,60.769
32,64,32,128,88.364
32,64,32,256,120.023
32,64,32,512,178.734
32,64,32,1024,301.989
32,64,32,2048,545.62
32,64,32,4096,1063.8
32,64,32,8192,2472.94
32,64,32,16384,4823.58
32,64,64,16,102.54
32,64,64,32,104.652
32,64,64,64,106.701
32,64,64,128,162.445
32,64,64,256,248.975
32,64,64,512,428.52
32,64,64,1024,801.017
32,64,64,2048,1552.24
32,64,64,4096,3071.83
32,64,64,8192,6130.81
32,64,64,16384,12154.7
32,64,128,16,190.84
32,64,128,32,195.257
32,64,128,64,199.417
32,64,128,128,321.232
32,64,128,256,468.125
32,64,128,512,820.942
32,64,128,1024,1567.21
32,64,128,2048,3072.31
32,64,128,4096,6088.14
32,64,128,8192,12162.1
32,64,128,16384,24190.1
32,128,0,0,16.779
32,128,1,16,15.8187
32,128,1,32,15.8937
32,128,1,64,15.84
32,128,1,128,16.5013
32,128,1,256,19.1147
32,128,1,512,26.4653
32,128,1,1024,41.2697
32,128,1,2048,70.8277
32,128,1,4096,130.381
32,128,1,8192,248.346
32,128,1,16384,484.157
32,128,2,16,15.8613
32,128,2,32,15.8727
32,128,2,64,15.808
32,128,2,128,16.768
32,128,2,256,19.3503
32,128,2,512,26.8163
32,128,2,1024,41.878
32,128,2,2048,72.417
32,128,2,4096,131.127
32,128,2,8192,248.911
32,128,2,16384,486.964
32,128,4,16,22.6563
32,128,4,32,22.8273
32,128,4,64,22.976
32,128,4,128,26.3793
32,128,4,256,31.841
32,128,4,512,46.5077
32,128,4,1024,63.276
32,128,4,2048,93.0257
32,128,4,4096,151.939
32,128,4,8192,269.348
32,128,4,16384,502.622
32,128,8,16,28.2563
32,128,8,32,28.609
32,128,8,64,28.7897
32,128,8,128,35.6483
32,128,8,256,44.9717
32,128,8,512,66.924
32,128,8,1024,98.103
32,128,8,2048,156.077
32,128,8,4096,272.73
32,128,8,8192,509.193
32,128,8,16384,980.923
32,128,16,16,39.328
32,128,16,32,39.7977
32,128,16,64,40.3093
32,128,16,128,54.027
32,128,16,256,70.9663
32,128,16,512,101.804
32,128,16,1024,160.313
32,128,16,2048,280.111
32,128,16,4096,518.579
32,128,16,8192,994.14
32,128,16,16384,1965.41
32,128,32,16,58.2837
32,128,32,32,59.6277
32,128,32,64,60.7903
32,128,32,128,90.7747
32,128,32,256,121.645
32,128,32,512,184.291
32,128,32,1024,306.949
32,128,32,2048,549.012
32,128,32,4096,1066.57
32,128,32,8192,2336.9
32,128,32,16384,4797.77
32,128,64,16,102.209
32,128,64,32,104.546
32,128,64,64,106.583
32,128,64,128,164.75
32,128,64,256,250.297
32,128,64,512,425.895
32,128,64,1024,801.55
32,128,64,2048,1552.38
32,128,64,4096,3074.48
32,128,64,8192,6097.04
32,128,64,16384,12154
32,128,128,16,191.15
32,128,128,32,196.601
32,128,128,64,200.761
32,128,128,128,323.333
32,128,128,256,468.392
32,128,128,512,824.409
32,128,128,1024,1565
32,128,128,2048,3064.83
32,128,128,4096,6089.68
32,128,128,8192,12119.2
32,128,128,16384,24196.8
32,256,0,0,20.48
32,256,1,16,19.563
32,256,1,32,19.563
32,256,1,64,19.5523
32,256,1,128,19.7227
32,256,1,256,20.1707
32,256,1,512,26.517
32,256,1,1024,41.302
32,256,1,2048,70.8597
32,256,1,4096,130.424
32,256,1,8192,248.367
32,256,1,16384,484.125
32,256,2,16,19.4673
32,256,2,32,19.4347
32,256,2,64,19.5523
32,256,2,128,19.819
32,256,2,256,20.416
32,256,2,512,26.9017
32,256,2,1024,41.9103
32,256,2,2048,72.428
32,256,2,4096,131.277
32,256,2,8192,248.825
32,256,2,16384,486.92
32,256,4,16,26.487
32,256,4,32,26.71
32,256,4,64,26.7527
32,256,4,128,30.2723
32,256,4,256,34.0273
32,256,4,512,46.7207
32,256,4,1024,70.3477
32,256,4,2048,99.9697
32,256,4,4096,158.84
32,256,4,8192,275.663
32,256,4,16384,511.325
32,256,8,16,32.172
32,256,8,32,32.2883
32,256,8,64,32.5557
32,256,8,128,39.105
32,256,8,256,46.9873
32,256,8,512,66.796
32,256,8,1024,105.293
32,256,8,2048,164.162
32,256,8,4096,278.287
32,256,8,8192,520.201
32,256,8,16384,988.699
32,256,16,16,43.073
32,256,16,32,43.702
32,256,16,64,44.246
32,256,16,128,56.225
32,256,16,256,73.0783
32,256,16,512,104.951
32,256,16,1024,164.291
32,256,16,2048,284.304
32,256,16,4096,522.771
32,256,16,8192,999.878
32,256,16,16384,1968.76
32,256,32,16,62.1877
32,256,32,32,62.7637
32,256,32,64,63.553
32,256,32,128,90.7747
32,256,32,256,124.791
32,256,32,512,187.533
32,256,32,1024,312.389
32,256,32,2048,555.23
32,256,32,4096,1064.35
32,256,32,8192,2381.45
32,256,32,16384,4896.08
32,256,64,16,104.78
32,256,64,32,106.839
32,256,64,64,109.111
32,256,64,128,165.016
32,256,64,256,254.863
32,256,64,512,421.692
32,256,64,1024,803.192
32,256,64,2048,1556.16
32,256,64,4096,3071.09
32,256,64,8192,6129.86
32,256,64,16384,12159.7
32,256,128,16,192.696
32,256,128,32,198.051
32,256,128,64,202.232
32,256,128,128,326.736
32,256,128,256,471.208
32,256,128,512,818.36
32,256,128,1024,1567.16
32,256,128,2048,3074.76
32,256,128,4096,6087.07
32,256,128,8192,12152.9
32,256,128,16384,24193.6
32,512,0,0,27.7763
32,512,1,16,26.966
32,512,1,32,27.0407
32,512,1,64,27.1047
32,512,1,128,27.1687
32,512,1,256,27.3607
32,512,1,512,27.489
32,512,1,1024,41.398
32,512,1,2048,70.8487
32,512,1,4096,130.359
32,512,1,8192,248.42
32,512,1,16384,484.274
32,512,2,16,26.8483
32,512,2,32,26.8593
32,512,2,64,26.9013
32,512,2,128,27.1263
32,512,2,256,27.4353
32,512,2,512,27.8933
32,512,2,1024,41.91
32,512,2,2048,71.7557
32,512,2,4096,131.288
32,512,2,8192,248.91
32,512,2,16384,487.143
32,512,4,16,33.5473
32,512,4,32,33.5897
32,512,4,64,33.92
32,512,4,128,37.696
32,512,4,256,41.4517
32,512,4,512,48.7047
32,512,4,1024,75.8623
32,512,4,2048,114.53
32,512,4,4096,174.392
32,512,4,8192,290.244
32,512,4,16384,525.118
32,512,8,16,39.2213
32,512,8,32,39.6063
32,512,8,64,39.5423
32,512,8,128,46.496
32,512,8,256,54.0063
32,512,8,512,69.0463
32,512,8,1024,109.879
32,512,8,2048,179.523
32,512,8,4096,298.277
32,512,8,8192,530.888
32,512,8,16384,1011.09
32,512,16,16,50.454
32,512,16,32,50.934
32,512,16,64,51.5
32,512,16,128,64.7047
32,512,16,256,79.521
32,512,16,512,109.997
32,512,16,1024,172.131
32,512,16,2048,293.466
32,512,16,4096,536.723
32,512,16,8192,1015.44
32,512,16,16384,1980.2
32,512,32,16,72.3957
32,512,32,32,73.6223
32,512,32,64,74.732
32,512,32,128,96.0017
32,512,32,256,124.908
32,512,32,512,193.39
32,512,32,1024,326
32,512,32,2048,579.39
32,512,32,4096,1089.07
32,512,32,8192,2386.18
32,512,32,16384,4814.82
32,512,64,16,112.513
32,512,64,32,114.487
32,512,64,64,117.186
32,512,64,128,168.184
32,512,64,256,251.353
32,512,64,512,428.818
32,512,64,1024,803.628
32,512,64,2048,1558.28
32,512,64,4096,3083.6
32,512,64,8192,6111.78
32,512,64,16384,12163.6
32,512,128,16,198.211
32,512,128,32,202.361
32,512,128,64,206.756
32,512,128,128,329.477
32,512,128,256,476.721
32,512,128,512,826.775
32,512,128,1024,1569.76
32,512,128,2048,3068.15
32,512,128,4096,6088.86
32,512,128,8192,12127.6
32,512,128,16384,24211.7
32,1024,0,0,42.731
32,1024,1,16,41.9737
32,1024,1,32,42.0163
32,1024,1,64,42.006
32,1024,1,128,42.155
32,1024,1,256,42.2293
32,1024,1,512,42.454
32,1024,1,1024,42.6143
32,1024,1,2048,70.913
32,1024,1,4096,130.456
32,1024,1,8192,248.569
32,1024,1,16384,484.413
32,1024,2,16,41.7613
32,1024,2,32,41.7817
32,1024,2,64,41.76
32,1024,2,128,42.123
32,1024,2,256,42.3897
32,1024,2,512,42.625
32,1024,2,1024,43.0617
32,1024,2,2048,71.8093
32,1024,2,4096,131.255
32,1024,2,8192,249.251
32,1024,2,16384,487.047
32,1024,4,16,48.0007
32,1024,4,32,48.107
32,1024,4,64,48.587
32,1024,4,128,51.841
32,1024,4,256,56.0117
32,1024,4,512,63.1367
32,1024,4,1024,78.4547
32,1024,4,2048,135.031
32,1024,4,4096,203.875
32,1024,4,8192,324.73
32,1024,4,16384,565.384
32,1024,8,16,53.4513
32,1024,8,32,53.5583
32,1024,8,64,53.9317
32,1024,8,128,60.737
32,1024,8,256,68.5563
32,1024,8,512,83.2543
32,1024,8,1024,113.782
32,1024,8,2048,197.561
32,1024,8,4096,333.061
32,1024,8,8192,571.752
32,1024,8,16384,1057.4
32,1024,16,16,64.8753
32,1024,16,32,65.313
32,1024,16,64,65.8143
32,1024,16,128,79.34
32,1024,16,256,94.4223
32,1024,16,512,122.914
32,1024,16,1024,185.39
32,1024,16,2048,314.469
32,1024,16,4096,555.122
32,1024,16,8192,1048.23
32,1024,16,16384,2047.2
32,1024,32,16,87.3077
32,1024,32,32,88.3317
32,1024,32,64,89.1423
32,1024,32,128,115.842
32,1024,32,256,144.311
32,1024,32,512,197.976
32,1024,32,1024,333.808
32,1024,32,2048,617.022
32,1024,32,4096,1195.96
32,1024,32,8192,2498.71
32,1024,32,16384,4972.71
32,1024,64,16,131.362
32,1024,64,32,133.581
32,1024,64,64,135.586
32,1024,64,128,185.027
32,1024,64,256,266.287
32,1024,64,512,429.233
32,1024,64,1024,813.804
32,1024,64,2048,1566.59
32,1024,64,4096,3083.4
32,1024,64,8192,6150
32,1024,64,16384,12172
32,1024,128,16,216.344
32,1024,128,32,221.006
32,1024,128,64,224.142
32,1024,128,128,340.261
32,1024,128,256,483.719
32,1024,128,512,838.017
32,1024,128,1024,1578.31
32,1024,128,2048,3080.73
32,1024,128,4096,6094.45
32,1024,128,8192,12163.2
32,1024,128,16384,24210.6
32,2048,0,0,72.7263
32,2048,1,16,71.8727
32,2048,1,32,72.0223
32,2048,1,64,71.948
32,2048,1,128,72.0863
32,2048,1,256,72.2037
32,2048,1,512,72.2037
32,2048,1,1024,72.2357
32,2048,1,2048,72.3957
32,2048,1,4096,129.869
32,2048,1,8192,248.473
32,2048,1,16384,484.465
32,2048,2,16,71.6277
32,2048,2,32,71.6487
32,2048,2,64,71.7557
32,2048,2,128,71.8727
32,2048,2,256,72.1717
32,2048,2,512,72.2247
32,2048,2,1024,72.4597
32,2048,2,2048,72.9607
32,2048,2,4096,131.682
32,2048,2,8192,249.593
32,2048,2,16384,487.068
32,2048,4,16,76.9397
32,2048,4,32,76.769
32,2048,4,64,77.2813
32,2048,4,128,80.5673
32,2048,4,256,84.833
32,2048,4,512,91.5427
32,2048,4,1024,107.148
32,2048,4,2048,139.82
32,2048,4,4096,253.572
32,2048,4,8192,381.999
32,2048,4,16384,621.951
32,2048,8,16,82.0597
32,2048,8,32,82.5823
32,2048,8,64,82.465
32,2048,8,128,89.0147
32,2048,8,256,96.993
32,2048,8,512,111.873
32,2048,8,1024,142.37
32,2048,8,2048,204.088
32,2048,8,4096,369.808
32,2048,8,8192,629.288
32,2048,8,16384,1111.75
32,2048,16,16,93.2167
32,2048,16,32,93.836
32,2048,16,64,94.273
32,2048,16,128,107.617
32,2048,16,256,122.828
32,2048,16,512,152.354
32,2048,16,1024,212.91
32,2048,16,2048,334.416
32,2048,16,4096,585.15
32,2048,16,8192,1081.12
32,2048,16,16384,2072.27
32,2048,32,16,115.682
32,2048,32,32,116.781
32,2048,32,64,117.986
32,2048,32,128,144.941
32,2048,32,256,175.032
32,2048,32,512,243.384
32,2048,32,1024,346
32,2048,32,2048,614.697
32,2048,32,4096,1285.01
32,2048,32,8192,2512.15
32,2048,32,16384,4975.91
32,2048,64,16,160.588
32,2048,64,32,163.693
32,2048,64,64,166.424
32,2048,64,128,218.808
32,2048,64,256,310.052
32,2048,64,512,464.465
32,2048,64,1024,823.115
32,2048,64,2048,1587.96
32,2048,64,4096,3099.77
32,2048,64,8192,6126.13
32,2048,64,16384,12206.6
32,2048,128,16,249.817
32,2048,128,32,254.403
32,2048,128,64,258.755
32,2048,128,128,375.877
32,2048,128,256,518.781
32,2048,128,512,850.966
32,2048,128,1024,1587.02
32,2048,128,2048,3088.42
32,2048,128,4096,6110.55
32,2048,128,8192,12143.9
32,2048,128,16384,24226.5
32,4096,0,0,131.874
32,4096,1,16,132.023
32,4096,1,32,132.002
32,4096,1,64,132.065
32,4096,1,128,132.086
32,4096,1,256,132.257
32,4096,1,512,132.396
32,4096,1,1024,132.46
32,4096,1,2048,131.468
32,4096,1,4096,131.863
32,4096,1,8192,248.696
32,4096,1,16384,485.414
32,4096,2,16,130.817
32,4096,2,32,130.807
32,4096,2,64,130.935
32,4096,2,128,130.999
32,4096,2,256,131.415
32,4096,2,512,131.522
32,4096,2,1024,131.639
32,4096,2,2048,131.991
32,4096,2,4096,132.162
32,4096,2,8192,250.009
32,4096,2,16384,487.334
32,4096,4,16,133.9
32,4096,4,32,134.178
32,4096,4,64,133.953
32,4096,4,128,138.189
32,4096,4,256,141.709
32,4096,4,512,148.877
32,4096,4,1024,164.525
32,4096,4,2048,197.016
32,4096,4,4096,260.739
32,4096,4,8192,493.948
32,4096,4,16384,736.682
32,4096,8,16,138.914
32,4096,8,32,139.832
32,4096,8,64,139.597
32,4096,8,128,145.922
32,4096,8,256,153.656
32,4096,8,512,168.567
32,4096,8,1024,199.256
32,4096,8,2048,261.945
32,4096,8,4096,381.083
32,4096,8,8192,715.882
32,4096,8,16384,1227
32,4096,16,16,150.188
32,4096,16,32,150.263
32,4096,16,64,150.85
32,4096,16,128,164.002
32,4096,16,256,179.555
32,4096,16,512,208.824
32,4096,16,1024,270.02
32,4096,16,2048,386.427
32,4096,16,4096,629.747
32,4096,16,8192,1140.75
32,4096,16,16384,2162.01
32,4096,32,16,172.098
32,4096,32,32,173.187
32,4096,32,64,174.253
32,4096,32,128,201.709
32,4096,32,256,233.017
32,4096,32,512,297.626
32,4096,32,1024,442.363
32,4096,32,2048,641.726
32,4096,32,4096,1218.37
32,4096,32,8192,2623.76
32,4096,32,16384,5049.52
32,4096,64,16,221.688
32,4096,64,32,224.185
32,4096,64,64,226.083
32,4096,64,128,284.986
32,4096,64,256,377.37
32,4096,64,512,536.945
32,4096,64,1024,890.593
32,4096,64,2048,1602.46
32,4096,64,4096,3134.86
32,4096,64,8192,6196.39
32,4096,64,16384,12212.2
32,4096,128,16,313.444
32,4096,128,32,318.586
32,4096,128,64,324.687
32,4096,128,128,444.902
32,4096,128,256,584.882
32,4096,128,512,923.479
32,4096,128,1024,1621.65
32,4096,128,2048,3116.88
32,4096,128,4096,6129.16
32,4096,128,8192,12184.4
32,4096,128,16384,24248
32,8192,0,0,249.604
32,8192,1,16,249.678
32,8192,1,32,249.636
32,8192,1,64,249.603
32,8192,1,128,249.923
32,8192,1,256,249.859
32,8192,1,512,249.955
32,8192,1,1024,250.168
32,8192,1,2048,250.254
32,8192,1,4096,250.168
32,8192,1,8192,249.657
32,8192,1,16384,484.359
32,8192,2,16,248.302
32,8192,2,32,248.377
32,8192,2,64,248.473
32,8192,2,128,248.59
32,8192,2,256,248.665
32,8192,2,512,249.123
32,8192,2,1024,249.54
32,8192,2,2048,249.721
32,8192,2,4096,250.019
32,8192,2,8192,251.043
32,8192,2,16384,487.527
32,8192,4,16,249.017
32,8192,4,32,249.103
32,8192,4,64,248.953
32,8192,4,128,253.369
32,8192,4,256,256.025
32,8192,4,512,263.417
32,8192,4,1024,278.649
32,8192,4,2048,311.396
32,8192,4,4096,375.035
32,8192,4,8192,500.167
32,8192,4,16384,963.319
32,8192,8,16,253.049
32,8192,8,32,253.145
32,8192,8,64,254.169
32,8192,8,128,259.279
32,8192,8,256,268.11
32,8192,8,512,281.55
32,8192,8,1024,312.932
32,8192,8,2048,376.698
32,8192,8,4096,498.716
32,8192,8,8192,741.994
32,8192,8,16384,1421.36
32,8192,16,16,263.193
32,8192,16,32,263.684
32,8192,16,64,264.622
32,8192,16,128,277.272
32,8192,16,256,293.294
32,8192,16,512,323.066
32,8192,16,1024,383.92
32,8192,16,2048,503.569
32,8192,16,4096,747.413
32,8192,16,8192,1225.19
32,8192,16,16384,2265.79
32,8192,32,16,284.943
32,8192,32,32,286.766
32,8192,32,64,288.015
32,8192,32,128,314.948
32,8192,32,256,345.85
32,8192,32,512,412.902
32,8192,32,1024,547.762
32,8192,32,2048,835.67
32,8192,32,4096,1286.52
32,8192,32,8192,2595.09
32,8192,32,16384,5313.69
32,8192,64,16,334.404
32,8192,64,32,336.858
32,8192,64,64,339.077
32,8192,64,128,399.002
32,8192,64,256,497.223
32,8192,64,512,669.652
32,8192,64,1024,1027.14
32,8192,64,2048,1758.58
32,8192,64,4096,3169.85
32,8192,64,8192,6236.94
32,8192,64,16384,12252.8
32,8192,128,16,431.803
32,8192,128,32,437.424
32,8192,128,64,444.486
32,8192,128,128,573.885
32,8192,128,256,722.014
32,8192,128,512,1072.8
32,8192,128,1024,1774.77
32,8192,128,2048,3221.66
32,8192,128,4096,6179.48
32,8192,128,8192,12228
32,8192,128,16384,24305.4
32,16384,0,0,487.761
32,16384,1,16,488.038
32,16384,1,32,488.123
32,16384,1,64,487.932
32,16384,1,128,488.081
32,16384,1,256,488.306
32,16384,1,512,488.518
32,16384,1,1024,488.337
32,16384,1,2048,488.678
32,16384,1,4096,488.465
32,16384,1,8192,488.86
32,16384,1,16384,487.696
32,16384,2,16,486.683
32,16384,2,32,486.609
32,16384,2,64,486.641
32,16384,2,128,486.79
32,16384,2,256,487.302
32,16384,2,512,487.153
32,16384,2,1024,487.302
32,16384,2,2048,487.942
32,16384,2,4096,487.804
32,16384,2,8192,487.954
32,16384,2,16384,489.948
32,16384,4,16,487.11
32,16384,4,32,487.047
32,16384,4,64,486.896
32,16384,4,128,486.919
32,16384,4,256,488.081
32,16384,4,512,493.809
32,16384,4,1024,508.444
32,16384,4,2048,542.247
32,16384,4,4096,612.83
32,16384,4,8192,732.83
32,16384,4,16384,973.601
32,16384,8,16,486.747
32,16384,8,32,487.27
32,16384,8,64,490.417
32,16384,8,128,491.91
32,16384,8,256,497.211
32,16384,8,512,511.782
32,16384,8,1024,541.564
32,16384,8,2048,606.706
32,16384,8,4096,731.978
32,16384,8,8192,981.794
32,16384,8,16384,1456.04
32,16384,16,16,495.42
32,16384,16,32,493.393
32,16384,16,64,491.911
32,16384,16,128,504.635
32,16384,16,256,519.655
32,16384,16,512,551.452
32,16384,16,1024,611.4
32,16384,16,2048,737.332
32,16384,16,4096,984.236
32,16384,16,8192,1468.64
32,16384,16,16384,2417.93
32,16384,32,16,512.199
32,16384,32,32,514.929
32,16384,32,64,514.161
32,16384,32,128,541.98
32,16384,32,256,572.679
32,16384,32,512,639.326
32,16384,32,1024,778.762
32,16384,32,2048,1072.72
32,16384,32,4096,1712.78
32,16384,32,8192,2687.33
32,16384,32,16384,5132.08
32,16384,64,16,561.106
32,16384,64,32,562.695
32,16384,64,64,564.519
32,16384,64,128,626.077
32,16384,64,256,724.819
32,16384,64,512,906.86
32,16384,64,1024,1308.26
32,16384,64,2048,2047.56
32,16384,64,4096,3474.93
32,16384,64,8192,6328.67
32,16384,64,16384,12454.6
32,16384,128,16,658.27
32,16384,128,32,663.059
32,16384,128,64,670.483
32,16384,128,128,805.183
32,16384,128,256,973.473
32,16384,128,512,1348.37
32,16384,128,1024,2081.17
32,16384,128,2048,3506.25
32,16384,128,4096,6384.08
32,16384,128,8192,12323.1
32,16384,128,16384,24474.1
64,0,0,0,13.4613
64,0,1,16,13.4827
64,0,1,32,13.675
64,0,1,64,13.76
64,0,1,128,15.7333
64,0,1,256,19.222
64,0,1,512,26.5497
64,0,1,1024,41.3553
64,0,1,2048,71.0727
64,0,1,4096,130.658
64,0,1,8192,248.419
64,0,1,16384,484.369
64,0,2,16,13.6427
64,0,2,32,13.739
64,0,2,64,13.8557
64,0,2,128,15.787
64,0,2,256,19.5417
64,0,2,512,26.965
64,0,2,1024,42.027
64,0,2,2048,72.4593
64,0,2,4096,131.105
64,0,2,8192,249.145
64,0,2,16384,487.398
64,0,4,16,19.5843
64,0,4,32,19.702
64,0,4,64,19.723
64,0,4,128,24.4273
64,0,4,256,32.257
64,0,4,512,41.398
64,0,4,1024,56.2033
64,0,4,2048,86.582
64,0,4,4096,145.495
64,0,4,8192,261.827
64,0,4,16384,494.311
64,0,8,16,25.195
64,0,8,32,25.5683
64,0,8,64,25.7073
64,0,8,128,33.8243
64,0,8,256,45.163
64,0,8,512,61.8783
64,0,8,1024,91.521
64,0,8,2048,150.914
64,0,8,4096,269.23
64,0,8,8192,505.884
64,0,8,16384,981.261
64,0,16,16,36.1707
64,0,16,32,36.971
64,0,16,64,37.7067
64,0,16,128,51.5847
64,0,16,256,68.673
64,0,16,512,97.4303
64,0,16,1024,157.218
64,0,16,2048,278.147
64,0,16,4096,516.422
64,0,16,8192,990.754
64,0,16,16384,1961.72
64,0,32,16,58.7417
64,0,32,32,59.9473
64,0,32,64,61.334
64,0,32,128,88.78
64,0,32,256,120.247
64,0,32,512,179.383
64,0,32,1024,302.382
64,0,32,2048,545.159
64,0,32,4096,1066.82
64,0,32,8192,2359.35
64,0,32,16384,4882.48
64,0,64,16,102.625
64,0,64,32,104.887
64,0,64,64,106.977
64,0,64,128,162.861
64,0,64,256,248.088
64,0,64,512,425.766
64,0,64,1024,802.473
64,0,64,2048,1552.97
64,0,64,4096,3072.76
64,0,64,8192,6099.65
64,0,64,16384,12159.2
64,0,128,16,191.427
64,0,128,32,195.927
64,0,128,64,199.928
64,0,128,128,322.17
64,0,128,256,466.96
64,0,128,512,824.969
64,0,128,1024,1568.39
64,0,128,2048,3072.44
64,0,128,4096,6090.4
64,0,128,8192,12131.3
64,0,128,16384,24210.9
64,16,0,0,13.5787
64,16,1,16,13.4827
64,16,1,32,13.5783
64,16,1,64,13.7493
64,16,1,128,15.6803
64,16,1,256,19.3707
64,16,1,512,26.6243
64,16,1,1024,41.4513
64,16,1,2048,70.977
64,16,1,4096,130.561
64,16,1,8192,248.493
64,16,1,16384,484.593
64,16,2,16,13.5787
64,16,2,32,13.7703
64,16,2,64,13.9413
64,16,2,128,15.7333
64,16,2,256,19.5847
64,16,2,512,26.955
64,16,2,1024,42.059
64,16,2,2048,72.598
64,16,2,4096,131.18
64,16,2,8192,249.069
64,16,2,16384,487.376
64,16,4,16,19.6483
64,16,4,32,19.84
64,16,4,64,19.915
64,16,4,128,24.4273
64,16,4,256,32.3097
64,16,4,512,41.697
64,16,4,1024,56.47
64,16,4,2048,87.2333
64,16,4,4096,144.866
64,16,4,8192,263.8
64,16,4,16384,496.741
64,16,8,16,25.2697
64,16,8,32,25.579
64,16,8,64,25.8883
64,16,8,128,33.75
64,16,8,256,45.0243
64,16,8,512,62.4113
64,16,8,1024,92.417
64,16,8,2048,150.732
64,16,8,4096,269.155
64,16,8,8192,504.667
64,16,8,16384,981.238
64,16,16,16,36.2467
64,16,16,32,37.0137
64,16,16,64,37.686
64,16,16,128,51.851
64,16,16,256,68.3203
64,16,16,512,97.687
64,16,16,1024,157.58
64,16,16,2048,278.766
64,16,16,4096,516.177
64,16,16,8192,991.02
64,16,16,16384,1964.9
64,16,32,16,58.721
64,16,32,32,60.1073
64,16,32,64,61.1413
64,16,32,128,89.26
64,16,32,256,120.193
64,16,32,512,178.839
64,16,32,1024,303.032
64,16,32,2048,545.201
64,16,32,4096,1052.58
64,16,32,8192,2381.25
64,16,32,16384,4791.99
64,16,64,16,102.732
64,16,64,32,105.111
64,16,64,64,106.945
64,16,64,128,163.138
64,16,64,256,249.123
64,16,64,512,426.298
64,16,64,1024,801.683
64,16,64,2048,1554.19
64,16,64,4096,3074.8
64,16,64,8192,6119.89
64,16,64,16384,12165.1
64,16,128,16,191.458
64,16,128,32,196.365
64,16,128,64,200.173
64,16,128,128,322.233
64,16,128,256,468.805
64,16,128,512,821.193
64,16,128,1024,1569.27
64,16,128,2048,3072.09
64,16,128,4096,6089.1
64,16,128,8192,12145.8
64,16,128,16384,24207
64,32,0,0,13.6
64,32,1,16,13.4937
64,32,1,32,13.632
64,32,1,64,13.718
64,32,1,128,15.744
64,32,1,256,19.2633
64,32,1,512,26.5287
64,32,1,1024,41.3763
64,32,1,2048,70.902
64,32,1,4096,130.508
64,32,1,8192,248.535
64,32,1,16384,484.709
64,32,2,16,13.696
64,32,2,32,13.845
64,32,2,64,13.8773
64,32,2,128,15.947
64,32,2,256,19.616
64,32,2,512,27.0507
64,32,2,1024,42.4213
64,32,2,2048,72.502
64,32,2,4096,131.383
64,32,2,8192,249.25
64,32,2,16384,487.089
64,32,4,16,19.7977
64,32,4,32,19.9577
64,32,4,64,19.9577
64,32,4,128,24.406
64,32,4,256,32.2773
64,32,4,512,42.0377
64,32,4,1024,56.8753
64,32,4,2048,87.2753
64,32,4,4096,145.527
64,32,4,8192,263.715
64,32,4,16384,496.613
64,32,8,16,25.3123
64,32,8,32,25.59
64,32,8,64,25.888
64,32,8,128,33.8133
64,32,8,256,44.9817
64,32,8,512,62.6243
64,32,8,1024,92.0117
64,32,8,2048,151.447
64,32,8,4096,270.733
64,32,8,8192,507.834
64,32,8,16384,981.013
64,32,16,16,36.214
64,32,16,32,37.014
64,32,16,64,37.5473
64,32,16,128,51.968
64,32,16,256,68.182
64,32,16,512,98.2093
64,32,16,1024,157.634
64,32,16,2048,277.912
64,32,16,4096,515.375
64,32,16,8192,991.861
64,32,16,16384,1981.42
64,32,32,16,58.8597
64,32,32,32,60.214
64,32,32,64,61.131
64,32,32,128,88.7583
64,32,32,256,120.78
64,32,32,512,179.842
64,32,32,1024,303.022
64,32,32,2048,548.272
64,32,32,4096,1056.42
64,32,32,8192,2354.25
64,32,32,16384,4848.3
64,32,64,16,102.678
64,32,64,32,105.089
64,32,64,64,107.137
64,32,64,128,162.498
64,32,64,256,248.76
64,32,64,512,427.728
64,32,64,1024,801.364
64,32,64,2048,1557.29
64,32,64,4096,3072.55
64,32,64,8192,6119.07
64,32,64,16384,12169.4
64,32,128,16,191.789
64,32,128,32,196.535
64,32,128,64,200.046
64,32,128,128,322.276
64,32,128,256,469.498
64,32,128,512,827.497
64,32,128,1024,1567.47
64,32,128,2048,3072.55
64,32,128,4096,6093.61
64,32,128,8192,12156.3
64,32,128,16384,24205.3
64,64,0,0,13.6963
64,64,1,16,13.6
64,64,1,32,13.5903
64,64,1,64,13.6313
64,64,1,128,15.5943
64,64,1,256,19.2753
64,64,1,512,26.592
64,64,1,1024,41.3767
64,64,1,2048,70.9657
64,64,1,4096,130.454
64,64,1,8192,248.451
64,64,1,16384,484.346
64,64,2,16,13.611
64,64,2,32,13.7497
64,64,2,64,13.952
64,64,2,128,15.8613
64,64,2,256,19.702
64,64,2,512,26.9873
64,64,2,1024,42.0593
64,64,2,2048,72.374
64,64,2,4096,131.426
64,64,2,8192,249.261
64,64,2,16384,487.152
64,64,4,16,19.8613
64,64,4,32,19.9893
64,64,4,64,20.0217
64,64,4,128,24.427
64,64,4,256,32.2133
64,64,4,512,41.9943
64,64,4,1024,57.2587
64,64,4,2048,87.169
64,64,4,4096,145.442
64,64,4,8192,262.958
64,64,4,16384,496.261
64,64,8,16,25.323
64,64,8,32,25.632
64,64,8,64,26.1123
64,64,8,128,33.7817
64,64,8,256,45.142
64,64,8,512,63.254
64,64,8,1024,92.225
64,64,8,2048,151.81
64,64,8,4096,269.081
64,64,8,8192,506.865
64,64,8,16384,979.883
64,64,16,16,36.288
64,64,16,32,37.0457
64,64,16,64,37.696
64,64,16,128,51.7337
64,64,16,256,68.2997
64,64,16,512,98.22
64,64,16,1024,157.719
64,64,16,2048,277.976
64,64,16,4096,514.684
64,64,16,8192,991.008
64,64,16,16384,1964.67
64,64,32,16,58.8277
64,64,32,32,60.118
64,64,32,64,61.1207
64,64,32,128,89.356
64,64,32,256,120.129
64,64,32,512,179.618
64,64,32,1024,303.299
64,64,32,2048,544.647
64,64,32,4096,1060.27
64,64,32,8192,2375.44
64,64,32,16384,4805.82
64,64,64,16,102.945
64,64,64,32,105.217
64,64,64,64,107.159
64,64,64,128,162.721
64,64,64,256,245.336
64,64,64,512,427.877
64,64,64,1024,802.195
64,64,64,2048,1557.63
64,64,64,4096,3070.37
64,64,64,8192,6119.99
64,64,64,16384,12161.6
64,64,128,16,192.172
64,64,128,32,197.005
64,64,128,64,200.493
64,64,128,128,323.054
64,64,128,256,468.571
64,64,128,512,820.308
64,64,128,1024,1568.17
64,64,128,2048,3071.96
64,64,128,4096,6093.05
64,64,128,8192,12150.1
64,64,128,16384,24206.6
64,128,0,0,17.3333
64,128,1,16,16.416
64,128,1,32,16.416
64,128,1,64,16.4587
64,128,1,128,16.8747
64,128,1,256,19.264
64,128,1,512,26.5927
64,128,1,1024,41.4083
64,128,1,2048,70.9763
64,128,1,4096,130.583
64,128,1,8192,248.494
64,128,1,16384,484.614
64,128,2,16,16.491
64,128,2,32,16.448
64,128,2,64,16.534
64,128,2,128,17.12
64,128,2,256,19.563
64,128,2,512,27.0083
64,128,2,1024,42.0913
64,128,2,2048,72.5767
64,128,2,4096,131.436
64,128,2,8192,249.069
64,128,2,16384,487.045
64,128,4,16,23.6693
64,128,4,32,23.552
64,128,4,64,23.6377
64,128,4,128,26.8163
64,128,4,256,32.0863
64,128,4,512,46.8487
64,128,4,1024,64.7157
64,128,4,2048,94.2943
64,128,4,4096,153.996
64,128,4,8192,269.976
64,128,4,16384,504.687
64,128,8,16,29.046
64,128,8,32,29.4083
64,128,8,64,29.696
64,128,8,128,36.086
64,128,8,256,45.2697
64,128,8,512,66.8697
64,128,8,1024,100.001
64,128,8,2048,158.988
64,128,8,4096,275.96
64,128,8,8192,512.399
64,128,8,16384,982.356
64,128,16,16,39.7977
64,128,16,32,40.342
64,128,16,64,40.908
64,128,16,128,54.24
64,128,16,256,71.3927
64,128,16,512,102.636
64,128,16,1024,160.375
64,128,16,2048,281.005
64,128,16,4096,520.006
64,128,16,8192,997.643
64,128,16,16384,1968.94
64,128,32,16,58.6677
64,128,32,32,59.8297
64,128,32,64,61.0993
64,128,32,128,91.1477
64,128,32,256,122.124
64,128,32,512,184.973
64,128,32,1024,307.427
64,128,32,2048,549.2
64,128,32,4096,1089.87
64,128,32,8192,2430.45
64,128,32,16384,4895.7
64,128,64,16,102.55
64,128,64,32,104.801
64,128,64,64,106.934
64,128,64,128,165.186
64,128,64,256,251.788
64,128,64,512,423.546
64,128,64,1024,802.909
64,128,64,2048,1556.24
64,128,64,4096,3071.09
64,128,64,8192,6123.76
64,128,64,16384,12171.2
64,128,128,16,191.522
64,128,128,32,196.45
64,128,128,64,200.812
64,128,128,128,325.177
64,128,128,256,470.192
64,128,128,512,823.934
64,128,128,1024,1570
64,128,128,2048,3076.9
64,128,128,4096,6095.4
64,128,128,8192,12155
64,128,128,16384,24217.7
64,256,0,0,20.9817
64,256,1,16,20.0957
64,256,1,32,20.1173
64,256,1,64,20.1283
64,256,1,128,20.139
64,256,1,256,20.5123
64,256,1,512,26.7093
64,256,1,1024,41.4937
64,256,1,2048,71.0083
64,256,1,4096,130.551
64,256,1,8192,248.461
64,256,1,16384,484.506
64,256,2,16,20
64,256,2,32,20.0327
64,256,2,64,20.065
64,256,2,128,20.3953
64,256,2,256,20.7367
64,256,2,512,27.0727
64,256,2,1024,42.102
64,256,2,2048,72.6517
64,256,2,4096,131.18
64,256,2,8192,249.102
64,256,2,16384,487.141
64,256,4,16,27.3387
64,256,4,32,27.4673
64,256,4,64,27.5523
64,256,4,128,30.6567
64,256,4,256,34.475
64,256,4,512,46.7957
64,256,4,1024,71.969
64,256,4,2048,101.547
64,256,4,4096,159.917
64,256,4,8192,278.68
64,256,4,16384,513.413
64,256,8,16,32.8853
64,256,8,32,33.248
64,256,8,64,33.515
64,256,8,128,39.6917
64,256,8,256,47.5947
64,256,8,512,67.0303
64,256,8,1024,107.158
64,256,8,2048,165.089
64,256,8,4096,283.64
64,256,8,8192,521.434
64,256,8,16384,986.293
64,256,16,16,43.9153
64,256,16,32,44.3527
64,256,16,64,45.0453
64,256,16,128,58.1447
64,256,16,256,73.2803
64,256,16,512,105.484
64,256,16,1024,164.695
64,256,16,2048,284.014
64,256,16,4096,523.696
64,256,16,8192,1005.65
64,256,16,16384,1979
64,256,32,16,63.158
64,256,32,32,63.947
64,256,32,64,64.758
64,256,32,128,91.1583
64,256,32,256,125.26
64,256,32,512,189.474
64,256,32,1024,312.173
64,256,32,2048,555.067
64,256,32,4096,1085.53
64,256,32,8192,2369.9
64,256,32,16384,4875.55
64,256,64,16,105.345
64,256,64,32,107.425
64,256,64,64,109.718
64,256,64,128,165.773
64,256,64,256,258.317
64,256,64,512,422.308
64,256,64,1024,802.302
64,256,64,2048,1557.51
64,256,64,4096,3071.12
64,256,64,8192,6123.16
64,256,64,16384,12173
64,256,128,16,192.887
64,256,128,32,198.263
64,256,128,64,203.298
64,256,128,128,328.302
64,256,128,256,472.57
64,256,128,512,818.536
64,256,128,1024,1570.6
64,256,128,2048,3075.74
64,256,128,4096,6093.77
64,256,128,8192,12164.9
64,256,128,16384,24223.2
64,512,0,0,28.288
64,512,1,16,27.5627
64,512,1,32,27.5417
64,512,1,64,27.6277
64,512,1,128,27.638
64,512,1,256,27.7443
64,512,1,512,27.9683
64,512,1,1024,41.5577
64,512,1,2048,71.051
64,512,1,4096,130.572
64,512,1,8192,248.461
64,512,1,16384,484.538
64,512,2,16,27.4343
64,512,2,32,27.456
64,512,2,64,27.468
64,512,2,128,27.638
64,512,2,256,27.819
64,512,2,512,28.3413
64,512,2,1024,42.1227
64,512,2,2048,71.7773
64,512,2,4096,131.265
64,512,2,8192,249.187
64,512,2,16384,487.323
64,512,4,16,34.6453
64,512,4,32,34.5813
64,512,4,64,34.7417
64,512,4,128,37.803
64,512,4,256,41.867
64,512,4,512,49.5683
64,512,4,1024,76.353
64,512,4,2048,115.862
64,512,4,4096,174.668
64,512,4,8192,292.792
64,512,4,16384,533.435
64,512,8,16,40.096
64,512,8,32,40.3203
64,512,8,64,40.5547
64,512,8,128,47.0833
64,512,8,256,54.7097
64,512,8,512,69.6857
64,512,8,1024,110.401
64,512,8,2048,179.852
64,512,8,4096,299.811
64,512,8,8192,537.786
64,512,8,16384,1016.31
64,512,16,16,51.0187
64,512,16,32,51.638
64,512,16,64,52.2353
64,512,16,128,65.6433
64,512,16,256,80.2457
64,512,16,512,110.209
64,512,16,1024,172.813
64,512,16,2048,293.08
64,512,16,4096,534.48
64,512,16,8192,1017.74
64,512,16,16384,1987
64,512,32,16,73.281
64,512,32,32,74.518
64,512,32,64,75.2647
64,512,32,128,97.2597
64,512,32,256,125.26
64,512,32,512,193.464
64,512,32,1024,327.15
64,512,32,2048,581.297
64,512,32,4096,1107.77
64,512,32,8192,2323.66
64,512,32,16384,4844.49
64,512,64,16,113.014
64,512,64,32,115.34
64,512,64,64,117.804
64,512,64,128,168.801
64,512,64,256,254.093
64,512,64,512,434.597
64,512,64,1024,803.443
64,512,64,2048,1563.58
64,512,64,4096,3082.84
64,512,64,8192,6131.11
64,512,64,16384,12171.3
64,512,128,16,198.508
64,512,128,32,203.181
64,512,128,64,207.789
64,512,128,128,330.915
64,512,128,256,478.106
64,512,128,512,833.79
64,512,128,1024,1570.98
64,512,128,2048,3079.27
64,512,128,4096,6095.86
64,512,128,8192,12158.7
64,512,128,16384,24211.2
64,1024,0,0,43.3067
64,1024,1,16,42.539
64,1024,1,32,42.6457
64,1024,1,64,42.486
64,1024,1,128,42.5923
64,1024,1,256,42.6777
64,1024,1,512,42.774
64,1024,1,1024,42.9447
64,1024,1,2048,71.1683
64,1024,1,4096,130.646
64,1024,1,8192,248.568
64,1024,1,16384,484.538
64,1024,2,16,42.3683
64,1024,2,32,42.3903
64,1024,2,64,42.401
64,1024,2,128,42.603
64,1024,2,256,42.7417
64,1024,2,512,43.0407
64,1024,2,1024,43.4563
64,1024,2,2048,71.9793
64,1024,2,4096,131.532
64,1024,2,8192,249.186
64,1024,2,16384,487.344
64,1024,4,16,48.7683
64,1024,4,32,49.2267
64,1024,4,64,49.195
64,1024,4,128,52.182
64,1024,4,256,56.438
64,1024,4,512,63.7873
64,1024,4,1024,79.4993
64,1024,4,2048,135.383
64,1024,4,4096,205.709
64,1024,4,8192,326.052
64,1024,4,16384,566.981
64,1024,8,16,54.2193
64,1024,8,32,54.7427
64,1024,8,64,54.838
64,1024,8,128,61.2483
64,1024,8,256,69.153
64,1024,8,512,83.5733
64,1024,8,1024,115.126
64,1024,8,2048,196.759
64,1024,8,4096,331.768
64,1024,8,8192,573.445
64,1024,8,16384,1058.15
64,1024,16,16,65.4517
64,1024,16,32,66.2087
64,1024,16,64,66.6887
64,1024,16,128,79.7447
64,1024,16,256,94.9557
64,1024,16,512,123.639
64,1024,16,1024,186.081
64,1024,16,2048,313.923
64,1024,16,4096,558.864
64,1024,16,8192,1056.54
64,1024,16,16384,2049.16
64,1024,32,16,87.937
64,1024,32,32,89.2807
64,1024,32,64,90.3797
64,1024,32,128,116.705
64,1024,32,256,145.281
64,1024,32,512,198.402
64,1024,32,1024,335.502
64,1024,32,2048,620.347
64,1024,32,4096,1227.08
64,1024,32,8192,2352.88
64,1024,32,16384,4998.61
64,1024,64,16,131.703
64,1024,64,32,134.22
64,1024,64,64,135.895
64,1024,64,128,186.274
64,1024,64,256,268.717
64,1024,64,512,432.174
64,1024,64,1024,818.824
64,1024,64,2048,1563.43
64,1024,64,4096,3090.86
64,1024,64,8192,6134.84
64,1024,64,16384,12173.1
64,1024,128,16,216.663
64,1024,128,32,221.783
64,1024,128,64,225.784
64,1024,128,128,342.051
64,1024,128,256,489.135
64,1024,128,512,833.459
64,1024,128,1024,1575.99
64,1024,128,2048,3078.87
64,1024,128,4096,6109.11
64,1024,128,8192,12159.9
64,1024,128,16384,24226.3
64,2048,0,0,73.11
64,2048,1,16,72.3747
64,2048,1,32,72.48
64,2048,1,64,72.363
64,2048,1,128,72.5017
64,2048,1,256,72.523
64,2048,1,512,72.5873
64,2048,1,1024,72.662
64,2048,1,2048,72.7683
64,2048,1,4096,129.975
64,2048,1,8192,248.642
64,2048,1,16384,484.591
64,2048,2,16,72.2783
64,2048,2,32,72.289
64,2048,2,64,72.225
64,2048,2,128,72.449
64,2048,2,256,72.4913
64,2048,2,512,72.6833
64,2048,2,1024,72.822
64,2048,2,2048,73.3123
64,2048,2,4096,131.927
64,2048,2,8192,249.815
64,2048,2,16384,487.184
64,2048,4,16,77.5153
64,2048,4,32,77.686
64,2048,4,64,77.9633
64,2048,4,128,80.9077
64,2048,4,256,84.7477
64,2048,4,512,92.2573
64,2048,4,1024,108.172
64,2048,4,2048,140.162
64,2048,4,4096,254.466
64,2048,4,8192,382.393
64,2048,4,16384,624.103
64,2048,8,16,83.116
64,2048,8,32,83.094
64,2048,8,64,83.5847
64,2048,8,128,89.558
64,2048,8,256,97.5267
64,2048,8,512,112.268
64,2048,8,1024,143.244
64,2048,8,2048,204.92
64,2048,8,4096,371.449
64,2048,8,8192,629.478
64,2048,8,16384,1112.45
64,2048,16,16,94.006
64,2048,16,32,94.4013
64,2048,16,64,94.7847
64,2048,16,128,108.15
64,2048,16,256,123.884
64,2048,16,512,153.1
64,2048,16,1024,213.186
64,2048,16,2048,335.15
64,2048,16,4096,586.608
64,2048,16,8192,1082.48
64,2048,16,16384,2082.22
64,2048,32,16,116.268
64,2048,32,32,117.633
64,2048,32,64,118.796
64,2048,32,128,145.761
64,2048,32,256,176.418
64,2048,32,512,244.472
64,2048,32,1024,346.115
64,2048,32,2048,614.981
64,2048,32,4096,1295.82
64,2048,32,8192,2515
64,2048,32,16384,4905.97
64,2048,64,16,161.751
64,2048,64,32,163.425
64,2048,64,64,166.796
64,2048,64,128,219.01
64,2048,64,256,312.814
64,2048,64,512,467.013
64,2048,64,1024,827.836
64,2048,64,2048,1585.11
64,2048,64,4096,3095.71
64,2048,64,8192,6157.83
64,2048,64,16384,12203.4
64,2048,128,16,250.487
64,2048,128,32,255.128
64,2048,128,64,258.914
64,2048,128,128,377.07
64,2048,128,256,520.304
64,2048,128,512,853.31
64,2048,128,1024,1590.52
64,2048,128,2048,3096.33
64,2048,128,4096,6113.25
64,2048,128,8192,12181.7
64,2048,128,16384,24245.1
64,4096,0,0,132.438
64,4096,1,16,132.673
64,4096,1,32,132.759
64,4096,1,64,132.802
64,4096,1,128,132.769
64,4096,1,256,132.897
64,4096,1,512,132.78
64,4096,1,1024,132.961
64,4096,1,2048,131.969
64,4096,1,4096,132.396
64,4096,1,8192,249.079
64,4096,1,16384,485.54
64,4096,2,16,131.478
64,4096,2,32,131.393
64,4096,2,64,131.414
64,4096,2,128,131.628
64,4096,2,256,131.543
64,4096,2,512,131.894
64,4096,2,1024,132.012
64,4096,2,2048,132.524
64,4096,2,4096,132.716
64,4096,2,8192,249.869
64,4096,2,16384,488.026
64,4096,4,16,134.487
64,4096,4,32,134.892
64,4096,4,64,135.393
64,4096,4,128,138.551
64,4096,4,256,141.836
64,4096,4,512,149.868
64,4096,4,1024,165.495
64,4096,4,2048,198.134
64,4096,4,4096,259.811
64,4096,4,8192,495.664
64,4096,4,16384,739.324
64,4096,8,16,139.874
64,4096,8,32,139.681
64,4096,8,64,140.257
64,4096,8,128,146.956
64,4096,8,256,154.167
64,4096,8,512,169.334
64,4096,8,1024,200.098
64,4096,8,2048,261.303
64,4096,8,4096,384.664
64,4096,8,8192,716.647
64,4096,8,16384,1228.06
64,4096,16,16,150.348
64,4096,16,32,150.711
64,4096,16,64,151.127
64,4096,16,128,164.641
64,4096,16,256,180.801
64,4096,16,512,209.741
64,4096,16,1024,271.256
64,4096,16,2048,393.326
64,4096,16,4096,629.733
64,4096,16,8192,1136.2
64,4096,16,16384,2151.09
64,4096,32,16,173.154
64,4096,32,32,174.422
64,4096,32,64,175.127
64,4096,32,128,202.743
64,4096,32,256,233.443
64,4096,32,512,301.656
64,4096,32,1024,444.079
64,4096,32,2048,644.614
64,4096,32,4096,1239.41
64,4096,32,8192,2616.17
64,4096,32,16384,5139.59
64,4096,64,16,222.263
64,4096,64,32,224.738
64,4096,64,64,226.551
64,4096,64,128,285.335
64,4096,64,256,378.169
64,4096,64,512,533.69
64,4096,64,1024,897.587
64,4096,64,2048,1602.95
64,4096,64,4096,3139.91
64,4096,64,8192,6169.4
64,4096,64,16384,12216.9
64,4096,128,16,314.317
64,4096,128,32,318.168
64,4096,128,64,325.944
64,4096,128,128,446.148
64,4096,128,256,588.645
64,4096,128,512,919.837
64,4096,128,1024,1631.83
64,4096,128,2048,3112.99
64,4096,128,4096,6142
64,4096,128,8192,12194.6
64,4096,128,16384,24272.1
64,8192,0,0,250.018
64,8192,1,16,250.348
64,8192,1,32,250.328
64,8192,1,64,250.253
64,8192,1,128,250.371
64,8192,1,256,250.477
64,8192,1,512,250.584
64,8192,1,1024,250.647
64,8192,1,2048,250.85
64,8192,1,4096,250.68
64,8192,1,8192,250.21
64,8192,1,16384,484.485
64,8192,2,16,249.016
64,8192,2,32,249.038
64,8192,2,64,249.058
64,8192,2,128,249.132
64,8192,2,256,249.293
64,8192,2,512,249.581
64,8192,2,1024,249.912
64,8192,2,2048,250.221
64,8192,2,4096,250.733
64,8192,2,8192,251.704
64,8192,2,16384,488.143
64,8192,4,16,250.829
64,8192,4,32,251.042
64,8192,4,64,251.458
64,8192,4,128,252.631
64,8192,4,256,256.493
64,8192,4,512,264.184
64,8192,4,1024,279.596
64,8192,4,2048,312.066
64,8192,4,4096,375.854
64,8192,4,8192,498.319
64,8192,4,16384,965.405
64,8192,8,16,253.527
64,8192,8,32,255.191
64,8192,8,64,255.159
64,8192,8,128,260.269
64,8192,8,256,268.994
64,8192,8,512,282.936
64,8192,8,1024,313.389
64,8192,8,2048,375.715
64,8192,8,4096,499.758
64,8192,8,8192,740.934
64,8192,8,16384,1423.72
64,8192,16,16,263.565
64,8192,16,32,264.579
64,8192,16,64,265.154
64,8192,16,128,278.669
64,8192,16,256,293.421
64,8192,16,512,323.96
64,8192,16,1024,384.867
64,8192,16,2048,504.175
64,8192,16,4096,748.946
64,8192,16,8192,1225.64
64,8192,16,16384,2259.08
64,8192,32,16,286.381
64,8192,32,32,287.501
64,8192,32,64,288.493
64,8192,32,128,315.543
64,8192,32,256,347.299
64,8192,32,512,413.625
64,8192,32,1024,548.922
64,8192,32,2048,839.143
64,8192,32,4096,1281.49
64,8192,32,8192,2583.46
64,8192,32,16384,5308.97
64,8192,64,16,335.459
64,8192,64,32,338.094
64,8192,64,64,339.779
64,8192,64,128,399.246
64,8192,64,256,500.335
64,8192,64,512,670.054
64,8192,64,1024,1042.76
64,8192,64,2048,1744.73
64,8192,64,4096,3178.31
64,8192,64,8192,6245.14
64,8192,64,16384,12243.9
64,8192,128,16,432.089
64,8192,128,32,437.828
64,8192,128,64,445.572
64,8192,128,128,573.478
64,8192,128,256,723.42
64,8192,128,512,1069.6
64,8192,128,1024,1780.28
64,8192,128,2048,3206.51
64,8192,128,4096,6180.36
64,8192,128,8192,12241.5
64,8192,128,16384,24309.1
64,16384,0,0,488.462
64,16384,1,16,488.942
64,16384,1,32,488.836
64,16384,1,64,488.761
64,16384,1,128,488.804
64,16384,1,256,488.9
64,16384,1,512,489.188
64,16384,1,1024,488.794
64,16384,1,2048,488.911
64,16384,1,4096,488.985
64,16384,1,8192,489.295
64,16384,1,16384,488.153
64,16384,2,16,487.3
64,16384,2,32,487.14
64,16384,2,64,487.129
64,16384,2,128,487.577
64,16384,2,256,487.759
64,16384,2,512,487.972
64,16384,2,1024,488.036
64,16384,2,2048,488.388
64,16384,2,4096,488.484
64,16384,2,8192,488.526
64,16384,2,16384,491.076
64,16384,4,16,487.951
64,16384,4,32,487.641
64,16384,4,64,487.844
64,16384,4,128,487.919
64,16384,4,256,488.26
64,16384,4,512,494.234
64,16384,4,1024,509.583
64,16384,4,2048,542.457
64,16384,4,4096,614.308
64,16384,4,8192,734.235
64,16384,4,16384,980.456
64,16384,8,16,487.63
64,16384,8,32,487.843
64,16384,8,64,487.833
64,16384,8,128,491.086
64,16384,8,256,497.54
64,16384,8,512,510.745
64,16384,8,1024,541.55
64,16384,8,2048,606.532
64,16384,8,4096,735.76
64,16384,8,8192,970.6
64,16384,8,16384,1464.84
64,16384,16,16,492.335
64,16384,16,32,493.167
64,16384,16,64,496.804
64,16384,16,128,504.644
64,16384,16,256,519.941
64,16384,16,512,549.028
64,16384,16,1024,611.525
64,16384,16,2048,737.02
64,16384,16,4096,985.662
64,16384,16,8192,1471.6
64,16384,16,16384,2433.17
64,16384,32,16,513.232
64,16384,32,32,513.391
64,16384,32,64,516.879
64,16384,32,128,543.258
64,16384,32,256,574.193
64,16384,32,512,641.062
64,16384,32,1024,776.797
64,16384,32,2048,1075.81
64,16384,32,4096,1712.75
64,16384,32,8192,2744.55
64,16384,32,16384,5049.72
64,16384,64,16,561.242
64,16384,64,32,565.487
64,16384,64,64,566.437
64,16384,64,128,624.721
64,16384,64,256,727.292
64,16384,64,512,906.717
64,16384,64,1024,1321.19
64,16384,64,2048,2052.18
64,16384,64,4096,3482.55
64,16384,64,8192,6315.26
64,16384,64,16384,12472.6
64,16384,128,16,658.715
64,16384,128,32,664.144
64,16384,128,64,672.327
64,16384,128,128,806.311
64,16384,128,256,972.403
64,16384,128,512,1354.56
64,16384,128,1024,2078.44
64,16384,128,2048,3532.11
64,16384,128,4096,6373.21
64,16384,128,8192,12327.7
64,16384,128,16384,24449.9
128,0,0,0,14.2403
128,0,1,16,15.328
128,0,1,32,15.4563
128,0,1,64,15.5303
128,0,1,128,17.195
128,0,1,256,20.9603
128,0,1,512,28.608
128,0,1,1024,43.9577
128,0,1,2048,74.6773
128,0,1,4096,135.937
128,0,1,8192,259.021
128,0,1,16384,504.708
128,0,2,16,15.851
128,0,2,32,15.8507
128,0,2,64,15.8403
128,0,2,128,19.3283
128,0,2,256,23.0827
128,0,2,512,30.144
128,0,2,1024,44.9707
128,0,2,2048,74.3577
128,0,2,4096,132.78
128,0,2,8192,251.33
128,0,2,16384,488.751
128,0,4,16,22.1657
128,0,4,32,22.251
128,0,4,64,22.2933
128,0,4,128,26.9757
128,0,4,256,34.3897
128,0,4,512,48.7903
128,0,4,1024,67.553
128,0,4,2048,96.812
128,0,4,4096,155.948
128,0,4,8192,272.835
128,0,4,16384,504.953
128,0,8,16,28.032
128,0,8,32,28.4163
128,0,8,64,28.736
128,0,8,128,37.0677
128,0,8,256,47.9363
128,0,8,512,68.641
128,0,8,1024,98.7
128,0,8,2048,157.495
128,0,8,4096,275.597
128,0,8,8192,512.655
128,0,8,16384,985.384
128,0,16,16,39.8403
128,0,16,32,40.523
128,0,16,64,41.0767
128,0,16,128,56.1497
128,0,16,256,74.23
128,0,16,512,107.468
128,0,16,1024,166.999
128,0,16,2048,284.59
128,0,16,4096,522.618
128,0,16,8192,996.339
128,0,16,16384,1966.77
128,0,32,16,64.1607
128,0,32,32,65.3763
128,0,32,64,66.486
128,0,32,128,94.849
128,0,32,256,127.03
128,0,32,512,188.567
128,0,32,1024,311.203
128,0,32,2048,553.114
128,0,32,4096,1089.98
128,0,32,8192,2382.72
128,0,32,16384,4775.62
128,0,64,16,112.033
128,0,64,32,114.23
128,0,64,64,116.769
128,0,64,128,173.068
128,0,64,256,251.629
128,0,64,512,432.558
128,0,64,1024,804.913
128,0,64,2048,1559.97
128,0,64,4096,3078.92
128,0,64,8192,6115.59
128,0,64,16384,12152.1
128,0,128,16,208.439
128,0,128,32,213.271
128,0,128,64,217.954
128,0,128,128,342.019
128,0,128,256,480.111
128,0,128,512,821.223
128,0,128,1024,1568.88
128,0,128,2048,3075.58
128,0,128,4096,6096.63
128,0,128,8192,12132.7
128,0,128,16384,24216.1
128,16,0,0,16.768
128,16,1,16,18.112
128,16,1,32,18.2293
128,16,1,64,18.1543
128,16,1,128,18.2293
128,16,1,256,21.003
128,16,1,512,28.5873
128,16,1,1024,43.8937
128,16,1,2048,74.561
128,16,1,4096,135.809
128,16,1,8192,257.996
128,16,1,16384,502.873
128,16,2,16,18.7847
128,16,2,32,18.9227
128,16,2,64,19.1037
128,16,2,128,19.0833
128,16,2,256,22.7737
128,16,2,512,29.7817
128,16,2,1024,44.299
128,16,2,2048,73.931
128,16,2,4096,132.652
128,16,2,8192,251.213
128,16,2,16384,489.219
128,16,4,16,25.4833
128,16,4,32,25.7707
128,16,4,64,25.632
128,16,4,128,27.3923
128,16,4,256,34.4003
128,16,4,512,49.0247
128,16,4,1024,73.2483
128,16,4,2048,101.985
128,16,4,4096,161.473
128,16,4,8192,276.653
128,16,4,16384,509.775
128,16,8,16,31.307
128,16,8,32,31.7337
128,16,8,64,32.011
128,16,8,128,37.2267
128,16,8,256,47.9047
128,16,8,512,69.494
128,16,8,1024,102.913
128,16,8,2048,161.9
128,16,8,4096,278.626
128,16,8,8192,516.889
128,16,8,16384,990.334
128,16,16,16,43.0183
128,16,16,32,43.5307
128,16,16,64,44.0747
128,16,16,128,56.3523
128,16,16,256,74.4647
128,16,16,512,110.742
128,16,16,1024,171.895
128,16,16,2048,289.229
128,16,16,4096,524.591
128,16,16,8192,1000.7
128,16,16,16384,1969.3
128,16,32,16,65.814
128,16,32,32,66.8377
128,16,32,64,67.574
128,16,32,128,95.212
128,16,32,256,127.809
128,16,32,512,192.972
128,16,32,1024,314.094
128,16,32,2048,556.57
128,16,32,4096,1070.91
128,16,32,8192,2369.36
128,16,32,16384,4842.04
128,16,64,16,112.545
128,16,64,32,115.052
128,16,64,64,117.398
128,16,64,128,173.889
128,16,64,256,249.261
128,16,64,512,431.076
128,16,64,1024,806.887
128,16,64,2048,1562.45
128,16,64,4096,3083.62
128,16,64,8192,6121.22
128,16,64,16384,12157
128,16,128,16,209.09
128,16,128,32,213.954
128,16,128,64,218.466
128,16,128,128,342.958
128,16,128,256,479.428
128,16,128,512,822.706
128,16,128,1024,1567.89
128,16,128,2048,3077.15
128,16,128,4096,6096.95
128,16,128,8192,12163.6
128,16,128,16384,24214.9
128,32,0,0,16.7573
128,32,1,16,18.2293
128,32,1,32,18.208
128,32,1,64,18.3893
128,32,1,128,18.24
128,32,1,256,21.0453
128,32,1,512,28.6403
128,32,1,1024,44.0327
128,32,1,2048,74.806
128,32,1,4096,135.873
128,32,1,8192,258.978
128,32,1,16384,504.847
128,32,2,16,18.8587
128,32,2,32,18.9547
128,32,2,64,18.8907
128,32,2,128,19.0507
128,32,2,256,22.614
128,32,2,512,29.8887
128,32,2,1024,44.8433
128,32,2,2048,74.2087
128,32,2,4096,132.801
128,32,2,8192,251.416
128,32,2,16384,488.921
128,32,4,16,25.792
128,32,4,32,25.8667
128,32,4,64,25.7493
128,32,4,128,27.6487
128,32,4,256,34.3577
128,32,4,512,49.0137
128,32,4,1024,73.4197
128,32,4,2048,102.732
128,32,4,4096,161.26
128,32,4,8192,277.923
128,32,4,16384,511.919
128,32,8,16,31.3603
128,32,8,32,31.7973
128,32,8,64,32.1177
128,32,8,128,37.3017
128,32,8,256,47.8197
128,32,8,512,69.387
128,32,8,1024,102.582
128,32,8,2048,162.945
128,32,8,4096,281.549
128,32,8,8192,516.452
128,32,8,16384,990.685
128,32,16,16,43.1473
128,32,16,32,43.553
128,32,16,64,44.1923
128,32,16,128,56.3637
128,32,16,256,74.5607
128,32,16,512,110.497
128,32,16,1024,170.881
128,32,16,2048,289.613
128,32,16,4096,523.929
128,32,16,8192,999.432
128,32,16,16384,1967.47
128,32,32,16,66.112
128,32,32,32,67.0183
128,32,32,64,67.7867
128,32,32,128,95.264
128,32,32,256,127.777
128,32,32,512,192.258
128,32,32,1024,314.467
128,32,32,2048,556.036
128,32,32,4096,1067.51
128,32,32,8192,2365.23
128,32,32,16384,4753.41
128,32,64,16,112.822
128,32,64,32,114.998
128,32,64,64,117.377
128,32,64,128,173.975
128,32,64,256,248.535
128,32,64,512,431.214
128,32,64,1024,805.714
128,32,64,2048,1559.35
128,32,64,4096,3078.58
128,32,64,8192,6128.82
128,32,64,16384,12149.4
128,32,128,16,209.228
128,32,128,32,214.125
128,32,128,64,218.743
128,32,128,128,343.31
128,32,128,256,480.207
128,32,128,512,826.023
128,32,128,1024,1567.13
128,32,128,2048,3074.93
128,32,128,4096,6097.79
128,32,128,8192,12130.6
128,32,128,16384,24207.7
128,64,0,0,16.7467
128,64,1,16,18.3897
128,64,1,32,18.3363
128,64,1,64,18.507
128,64,1,128,18.4857
128,64,1,256,21.0453
128,64,1,512,28.6617
128,64,1,1024,44.0643
128,64,1,2048,74.8167
128,64,1,4096,136.054
128,64,1,8192,259.117
128,64,1,16384,504.964
128,64,2,16,18.88
128,64,2,32,18.9447
128,64,2,64,19.189
128,64,2,128,19.232
128,64,2,256,22.6347
128,64,2,512,30.1127
128,64,2,1024,44.5867
128,64,2,2048,74.1337
128,64,2,4096,132.706
128,64,2,8192,250.988
128,64,2,16384,488.942
128,64,4,16,25.7283
128,64,4,32,25.6857
128,64,4,64,25.6537
128,64,4,128,27.744
128,64,4,256,34.3687
128,64,4,512,48.832
128,64,4,1024,72.9607
128,64,4,2048,102.784
128,64,4,4096,161.985
128,64,4,8192,280.45
128,64,4,16384,512.484
128,64,8,16,31.616
128,64,8,32,31.7123
128,64,8,64,32.0853
128,64,8,128,37.44
128,64,8,256,47.958
128,64,8,512,69.6753
128,64,8,1024,102.667
128,64,8,2048,162.049
128,64,8,4096,281.474
128,64,8,8192,516.42
128,64,8,16384,989.223
128,64,16,16,43.371
128,64,16,32,43.8827
128,64,16,64,44.246
128,64,16,128,56.3847
128,64,16,256,74.614
128,64,16,512,109.559
128,64,16,1024,172.236
128,64,16,2048,290.978
128,64,16,4096,524.047
128,64,16,8192,1001.12
128,64,16,16384,1963.49
128,64,32,16,66.134
128,64,32,32,67.1263
128,64,32,64,68.1063
128,64,32,128,95.6273
128,64,32,256,127.948
128,64,32,512,195.959
128,64,32,1024,314.968
128,64,32,2048,556.698
128,64,32,4096,1074.2
128,64,32,8192,2433.41
128,64,32,16384,4731.49
128,64,64,16,112.801
128,64,64,32,115.041
128,64,64,64,117.356
128,64,64,128,173.718
128,64,64,256,249.688
128,64,64,512,431.993
128,64,64,1024,805.894
128,64,64,2048,1560.96
128,64,64,4096,3077.48
128,64,64,8192,6116.61
128,64,64,16384,12156.1
128,64,128,16,209.271
128,64,128,32,213.986
128,64,128,64,218.786
128,64,128,128,342.882
128,64,128,256,479.503
128,64,128,512,822.844
128,64,128,1024,1568.02
128,64,128,2048,3082.38
128,64,128,4096,6096.79
128,64,128,8192,12166.3
128,64,128,16384,24218.1
128,128,0,0,18.1763
128,128,1,16,18.7627
128,128,1,32,18.7733
128,128,1,64,18.9233
128,128,1,128,18.9013
128,128,1,256,21.088
128,128,1,512,28.6613
128,128,1,1024,44.0537
128,128,1,2048,74.838
128,128,1,4096,135.991
128,128,1,8192,259.095
128,128,1,16384,504.943
128,128,2,16,19.5947
128,128,2,32,19.5307
128,128,2,64,19.744
128,128,2,128,19.9147
128,128,2,256,23.4667
128,128,2,512,30.5283
128,128,2,1024,44.95
128,128,2,2048,73.8993
128,128,2,4096,132.983
128,128,2,8192,250.829
128,128,2,16384,488.836
128,128,4,16,26.6027
128,128,4,32,26.784
128,128,4,64,26.688
128,128,4,128,29.291
128,128,4,256,34.9557
128,128,4,512,49.398
128,128,4,1024,78.0807
128,128,4,2048,108.289
128,128,4,4096,167.286
128,128,4,8192,284.077
128,128,4,16384,516.623
128,128,8,16,32.2997
128,128,8,32,32.715
128,128,8,64,32.8863
128,128,8,128,39.2107
128,128,8,256,48.139
128,128,8,512,69.8997
128,128,8,1024,106.71
128,128,8,2048,165.986
128,128,8,4096,284.589
128,128,8,8192,519.322
128,128,8,16384,993.053
128,128,16,16,43.9473
128,128,16,32,44.5763
128,128,16,64,45.1097
128,128,16,128,58.134
128,128,16,256,75.2433
128,128,16,512,110.774
128,128,16,1024,174.529
128,128,16,2048,292.973
128,128,16,4096,528.43
128,128,16,8192,1003.38
128,128,16,16384,1961.75
128,128,32,16,67.1257
128,128,32,32,68.2993
128,128,32,64,69.206
128,128,32,128,97.2273
128,128,32,256,128.908
128,128,32,512,196.162
128,128,32,1024,317.88
128,128,32,2048,560.324
128,128,32,4096,1057.99
128,128,32,8192,2366.28
128,128,32,16384,4651.4
128,128,64,16,113.942
128,128,64,32,116.3
128,128,64,64,118.614
128,128,64,128,175.255
128,128,64,256,255.767
128,128,64,512,432.409
128,128,64,1024,807.91
128,128,64,2048,1561.28
128,128,64,4096,3082.56
128,128,64,8192,6123.9
128,128,64,16384,12156.1
128,128,128,16,210.337
128,128,128,32,215.127
128,128,128,64,219.564
128,128,128,128,345.656
128,128,128,256,482.563
128,128,128,512,831.174
128,128,128,1024,1569.35
128,128,128,2048,3077.12
128,128,128,4096,6096.56
128,128,128,8192,12139.6
128,128,128,16384,24206.2
128,256,0,0,21.8133
128,256,1,16,22.6133
128,256,1,32,22.6567
128,256,1,64,22.72
128,256,1,128,22.6667
128,256,1,256,22.7947
128,256,1,512,28.8323
128,256,1,1024,44.2667
128,256,1,2048,74.8907
128,256,1,4096,136.108
128,256,1,8192,259.329
128,256,1,16384,505.039
128,256,2,16,23.7127
128,256,2,32,23.478
128,256,2,64,23.723
128,256,2,128,23.648
128,256,2,256,23.755
128,256,2,512,30.7527
128,256,2,1024,45.4617
128,256,2,2048,74.454
128,256,2,4096,133.025
128,256,2,8192,251.35
128,256,2,16384,488.867
128,256,4,16,30.368
128,256,4,32,30.667
128,256,4,64,30.7417
128,256,4,128,33.6
128,256,4,256,37.142
128,256,4,512,49.4617
128,256,4,1024,78.251
128,256,4,2048,120.001
128,256,4,4096,177.047
128,256,4,8192,293.805
128,256,4,16384,527.343
128,256,8,16,36.5543
128,256,8,32,36.6937
128,256,8,64,37.0777
128,256,8,128,43.2107
128,256,8,256,50.678
128,256,8,512,69.878
128,256,8,1024,112.865
128,256,8,2048,172.428
128,256,8,4096,290.925
128,256,8,8192,529.509
128,256,8,16384,1002.61
128,256,16,16,48.961
128,256,16,32,49.3547
128,256,16,64,49.91
128,256,16,128,62.1343
128,256,16,256,77.675
128,256,16,512,111.457
128,256,16,1024,181.719
128,256,16,2048,298.669
128,256,16,4096,532.666
128,256,16,8192,1008.62
128,256,16,16384,1968.3
128,256,32,16,72.31
128,256,32,32,73.4513
128,256,32,64,74.1123
128,256,32,128,99.3283
128,256,32,256,131.499
128,256,32,512,200.386
128,256,32,1024,334.125
128,256,32,2048,572.793
128,256,32,4096,1093.46
128,256,32,8192,2301.62
128,256,32,16384,4786.76
128,256,64,16,117.91
128,256,64,32,119.766
128,256,64,64,122.006
128,256,64,128,177.814
128,256,64,256,262.519
128,256,64,512,426.169
128,256,64,1024,803.718
128,256,64,2048,1563.66
128,256,64,4096,3078.69
128,256,64,8192,6125.62
128,256,64,16384,12162.9
128,256,128,16,212.418
128,256,128,32,217.185
128,256,128,64,221.804
128,256,128,128,346.563
128,256,128,256,487.204
128,256,128,512,817.926
128,256,128,1024,1569.9
128,256,128,2048,3081.17
128,256,128,4096,6107
128,256,128,8192,12167.2
128,256,128,16384,24217.4
128,512,0,0,29.2903
128,512,1,16,30.4643
128,512,1,32,30.4963
128,512,1,64,30.4857
128,512,1,128,30.5173
128,512,1,256,30.539
128,512,1,512,30.6673
128,512,1,1024,44.416
128,512,1,2048,75.0827
128,512,1,4096,136.193
128,512,1,8192,259.319
128,512,1,16384,505.23
128,512,2,16,30.8267
128,512,2,32,30.8587
128,512,2,64,30.9757
128,512,2,128,31.2747
128,512,2,256,31.36
128,512,2,512,31.584
128,512,2,1024,45.4183
128,512,2,2048,74.4537
128,512,2,4096,132.982
128,512,2,8192,251.597
128,512,2,16384,489.572
128,512,4,16,37.8133
128,512,4,32,37.9307
128,512,4,64,38.134
128,512,4,128,41.3337
128,512,4,256,44.9917
128,512,4,512,52.043
128,512,4,1024,78.7733
128,512,4,2048,137.441
128,512,4,4096,200.78
128,512,4,8192,321.848
128,512,4,16384,557.86
128,512,8,16,45.173
128,512,8,32,45.1097
128,512,8,64,45.313
128,512,8,128,51.051
128,512,8,256,58.5177
128,512,8,512,72.9493
128,512,8,1024,114.529
128,512,8,2048,189.302
128,512,8,4096,310.786
128,512,8,8192,553.924
128,512,8,16384,1036.11
128,512,16,16,58.603
128,512,16,32,58.8917
128,512,16,64,59.2753
128,512,16,128,71.104
128,512,16,256,85.0037
128,512,16,512,114.401
128,512,16,1024,184.77
128,512,16,2048,320.834
128,512,16,4096,565.369
128,512,16,8192,1035.49
128,512,16,16384,2012.68
128,512,32,16,82.1127
128,512,32,32,82.8377
128,512,32,64,83.467
128,512,32,128,108.982
128,512,32,256,136.769
128,512,32,512,206.157
128,512,32,1024,356.472
128,512,32,2048,624.24
128,512,32,4096,1148.39
128,512,32,8192,2335.02
128,512,32,16384,5094.41
128,512,64,16,127.852
128,512,64,32,130.081
128,512,64,64,131.937
128,512,64,128,182.903
128,512,64,256,261.645
128,512,64,512,438.243
128,512,64,1024,805.627
128,512,64,2048,1561.73
128,512,64,4096,3087.63
128,512,64,8192,6136.81
128,512,64,16384,12165
128,512,128,16,218.87
128,512,128,32,223.255
128,512,128,64,227.724
128,512,128,128,351.32
128,512,128,256,491.439
128,512,128,512,833.531
128,512,128,1024,1569.58
128,512,128,2048,3078.43
128,512,128,4096,6101.87
128,512,128,8192,12147.1
128,512,128,16384,24214.9
128,1024,0,0,44.5017
128,1024,1,16,46.283
128,1024,1,32,46.3047
128,1024,1,64,46.421
128,1024,1,128,46.3793
128,1024,1,256,46.3897
128,1024,1,512,46.454
128,1024,1,1024,46.6033
128,1024,1,2048,75.4457
128,1024,1,4096,136.534
128,1024,1,8192,259.48
128,1024,1,16384,505.529
128,1024,2,16,46.102
128,1024,2,32,45.984
128,1024,2,64,46.4323
128,1024,2,128,46.07
128,1024,2,256,45.9843
128,1024,2,512,46.635
128,1024,2,1024,46.656
128,1024,2,2048,75.008
128,1024,2,4096,133.686
128,1024,2,8192,251.895
128,1024,2,16384,490.339
128,1024,4,16,52.6827
128,1024,4,32,52.6937
128,1024,4,64,52.715
128,1024,4,128,55.6483
128,1024,4,256,59.6593
128,1024,4,512,67.2213
128,1024,4,1024,82.699
128,1024,4,2048,138.679
128,1024,4,4096,243.607
128,1024,4,8192,364.472
128,1024,4,16384,611.002
128,1024,8,16,59.7767
128,1024,8,32,60.118
128,1024,8,64,60.1397
128,1024,8,128,66.7313
128,1024,8,256,74.4003
128,1024,8,512,88.1927
128,1024,8,1024,117.676
128,1024,8,2048,203.521
128,1024,8,4096,341.134
128,1024,8,8192,590.031
128,1024,8,16384,1085.02
128,1024,16,16,75.552
128,1024,16,32,76.129
128,1024,16,64,76.651
128,1024,16,128,91.3507
128,1024,16,256,102.252
128,1024,16,512,128.577
128,1024,16,1024,190.508
128,1024,16,2048,335.288
128,1024,16,4096,601.082
128,1024,16,8192,1113.67
128,1024,16,16384,2135.19
128,1024,32,16,100.374
128,1024,32,32,101.452
128,1024,32,64,102.849
128,1024,32,128,129.025
128,1024,32,256,154.529
128,1024,32,512,219.031
128,1024,32,1024,355.096
128,1024,32,2048,693.669
128,1024,32,4096,1320.57
128,1024,32,8192,2433.18
128,1024,32,16384,5236.06
128,1024,64,16,147.073
128,1024,64,32,149.611
128,1024,64,64,151.244
128,1024,64,128,203.041
128,1024,64,256,277.602
128,1024,64,512,441.859
128,1024,64,1024,821.275
128,1024,64,2048,1568.61
128,1024,64,4096,3095.99
128,1024,64,8192,6145.07
128,1024,64,16384,12171
128,1024,128,16,239.266
128,1024,128,32,243.543
128,1024,128,64,248.269
128,1024,128,128,363.139
128,1024,128,256,499.598
128,1024,128,512,837.35
128,1024,128,1024,1580.88
128,1024,128,2048,3085.77
128,1024,128,4096,6113.17
128,1024,128,8192,12184.4
128,1024,128,16384,24222.1
128,2048,0,0,74.8057
128,2048,1,16,77.675
128,2048,1,32,77.6963
128,2048,1,64,77.7497
128,2048,1,128,77.8033
128,2048,1,256,77.7183
128,2048,1,512,77.8777
128,2048,1,1024,77.878
128,2048,1,2048,77.9637
128,2048,1,4096,137.239
128,2048,1,8192,259.81
128,2048,1,16384,505.924
128,2048,2,16,75.4993
128,2048,2,32,75.4883
128,2048,2,64,75.4673
128,2048,2,128,75.67
128,2048,2,256,75.6483
128,2048,2,512,75.9157
128,2048,2,1024,76.406
128,2048,2,2048,77.014
128,2048,2,4096,134.913
128,2048,2,8192,252.621
128,2048,2,16384,490.766
128,2048,4,16,82.3363
128,2048,4,32,81.974
128,2048,4,64,82.5287
128,2048,4,128,85.3767
128,2048,4,256,88.6513
128,2048,4,512,96.246
128,2048,4,1024,111.958
128,2048,4,2048,143.297
128,2048,4,4096,260.161
128,2048,4,8192,448.547
128,2048,4,16384,694.534
128,2048,8,16,88.5763
128,2048,8,32,89.302
128,2048,8,64,89.142
128,2048,8,128,95.1047
128,2048,8,256,103.222
128,2048,8,512,118.764
128,2048,8,1024,147.35
128,2048,8,2048,208.62
128,2048,8,4096,384.365
128,2048,8,8192,645.243
128,2048,8,16384,1156.97
128,2048,16,16,104.246
128,2048,16,32,104.822
128,2048,16,64,105.643
128,2048,16,128,122.636
128,2048,16,256,140.908
128,2048,16,512,161.846
128,2048,16,1024,218.423
128,2048,16,2048,340.184
128,2048,16,4096,636.368
128,2048,16,8192,1193.79
128,2048,16,16384,2234.53
128,2048,32,16,134.999
128,2048,32,32,136.268
128,2048,32,64,137.633
128,2048,32,128,165.921
128,2048,32,256,194.636
128,2048,32,512,249.975
128,2048,32,1024,386.798
128,2048,32,2048,652.517
128,2048,32,4096,1376.3
128,2048,32,8192,2649.13
128,2048,32,16384,4969.96
128,2048,64,16,185.079
128,2048,64,32,187.372
128,2048,64,64,188.908
128,2048,64,128,242.668
128,2048,64,256,320.141
128,2048,64,512,474.5
128,2048,64,1024,832.135
128,2048,64,2048,1592.6
128,2048,64,4096,3104.88
128,2048,64,8192,6151.79
128,2048,64,16384,12189.2
128,2048,128,16,278.135
128,2048,128,32,283.01
128,2048,128,64,288.066
128,2048,128,128,405.049
128,2048,128,256,538.105
128,2048,128,512,857.67
128,2048,128,1024,1589.27
128,2048,128,2048,3109.48
128,2048,128,4096,6113.43
128,2048,128,8192,12154.5
128,2048,128,16384,24242
128,4096,0,0,134.262
128,4096,1,16,140.428
128,4096,1,32,140.47
128,4096,1,64,140.437
128,4096,1,128,140.492
128,4096,1,256,140.481
128,4096,1,512,140.492
128,4096,1,1024,140.459
128,4096,1,2048,139.756
128,4096,1,4096,139.894
128,4096,1,8192,260.236
128,4096,1,16384,506.734
128,4096,2,16,135.158
128,4096,2,32,135.03
128,4096,2,64,135.276
128,4096,2,128,135.436
128,4096,2,256,135.531
128,4096,2,512,135.563
128,4096,2,1024,135.67
128,4096,2,2048,136.215
128,4096,2,4096,136.897
128,4096,2,8192,253.122
128,4096,2,16384,490.66
128,4096,4,16,139.713
128,4096,4,32,141.259
128,4096,4,64,141.313
128,4096,4,128,143.34
128,4096,4,256,147.959
128,4096,4,512,154.796
128,4096,4,1024,169.612
128,4096,4,2048,201.921
128,4096,4,4096,262.338
128,4096,4,8192,499.545
128,4096,4,16384,858.748
128,4096,8,16,146.572
128,4096,8,32,147.51
128,4096,8,64,147.447
128,4096,8,128,153.153
128,4096,8,256,161.27
128,4096,8,512,176.844
128,4096,8,1024,205.046
128,4096,8,2048,266.338
128,4096,8,4096,385.816
128,4096,8,8192,738.513
128,4096,8,16384,1254.22
128,4096,16,16,161.25
128,4096,16,32,161.783
128,4096,16,64,162.39
128,4096,16,128,180.022
128,4096,16,256,197.878
128,4096,16,512,235.17
128,4096,16,1024,292.13
128,4096,16,2048,400.237
128,4096,16,4096,637.893
128,4096,16,8192,1253.05
128,4096,16,16384,2404.08
128,4096,32,16,191.692
128,4096,32,32,193.313
128,4096,32,64,194.123
128,4096,32,128,228.61
128,4096,32,256,265.409
128,4096,32,512,325.218
128,4096,32,1024,464.675
128,4096,32,2048,732.549
128,4096,32,4096,1283.67
128,4096,32,8192,2770.38
128,4096,32,16384,5309.71
128,4096,64,16,253.537
128,4096,64,32,256.002
128,4096,64,64,258.402
128,4096,64,128,316.749
128,4096,64,256,395.352
128,4096,64,512,549.443
128,4096,64,1024,902.172
128,4096,64,2048,1615.61
128,4096,64,4096,3125.15
128,4096,64,8192,6174.74
128,4096,64,16384,12208.4
128,4096,128,16,353.635
128,4096,128,32,357.933
128,4096,128,64,365.272
128,4096,128,128,483.726
128,4096,128,256,617.029
128,4096,128,512,926.983
128,4096,128,1024,1635.77
128,4096,128,2048,3123.41
128,4096,128,4096,6146.22
128,4096,128,8192,12202.2
128,4096,128,16384,24262.7
128,8192,0,0,252.375
128,8192,1,16,263.266
128,8192,1,32,263.138
128,8192,1,64,263.137
128,8192,1,128,263.319
128,8192,1,256,263.329
128,8192,1,512,263.394
128,8192,1,1024,263.415
128,8192,1,2048,263.255
128,8192,1,4096,263.191
128,8192,1,8192,262.861
128,8192,1,16384,505.913
128,8192,2,16,252.983
128,8192,2,32,252.866
128,8192,2,64,252.791
128,8192,2,128,253.047
128,8192,2,256,253.281
128,8192,2,512,253.25
128,8192,2,1024,253.826
128,8192,2,2048,254.061
128,8192,2,4096,254.327
128,8192,2,8192,255.085
128,8192,2,16384,491.182
128,8192,4,16,257.068
128,8192,4,32,257.42
128,8192,4,64,258.593
128,8192,4,128,259.724
128,8192,4,256,264.109
128,8192,4,512,272.46
128,8192,4,1024,286.178
128,8192,4,2048,318.039
128,8192,4,4096,380.183
128,8192,4,8192,499.214
128,8192,4,16384,971.559
128,8192,8,16,264.62
128,8192,8,32,264.705
128,8192,8,64,264.589
128,8192,8,128,271.938
128,8192,8,256,279.351
128,8192,8,512,293.442
128,8192,8,1024,322.157
128,8192,8,2048,382.456
128,8192,8,4096,504.825
128,8192,8,8192,744.794
128,8192,8,16384,1449.63
128,8192,16,16,275.085
128,8192,16,32,277.25
128,8192,16,64,278.498
128,8192,16,128,293.271
128,8192,16,256,311.81
128,8192,16,512,348.002
128,8192,16,1024,425.881
128,8192,16,2048,554.072
128,8192,16,4096,762.97
128,8192,16,8192,1251.07
128,8192,16,16384,2521.86
128,8192,32,16,305.698
128,8192,32,32,306.999
128,8192,32,64,308.76
128,8192,32,128,342.327
128,8192,32,256,379.789
128,8192,32,512,459.769
128,8192,32,1024,591.022
128,8192,32,2048,904.615
128,8192,32,4096,1478.35
128,8192,32,8192,2691.2
128,8192,32,16384,5368.21
128,8192,64,16,366.935
128,8192,64,32,369.741
128,8192,64,64,371.992
128,8192,64,128,446.777
128,8192,64,256,533.198
128,8192,64,512,696.41
128,8192,64,1024,1054.6
128,8192,64,2048,1772.93
128,8192,64,4096,3190.68
128,8192,64,8192,6233.43
128,8192,64,16384,12272.5
128,8192,128,16,492.238
128,8192,128,32,499.214
128,8192,128,64,503.012
128,8192,128,128,632.112
128,8192,128,256,771.067
128,8192,128,512,1086.86
128,8192,128,1024,1797.65
128,8192,128,2048,3220.79
128,8192,128,4096,6198.3
128,8192,128,8192,12279.3
128,8192,128,16384,24330.2
128,16384,0,0,491.406
128,16384,1,16,511.641
128,16384,1,32,511.683
128,16384,1,64,511.993
128,16384,1,128,511.843
128,16384,1,256,511.972
128,16384,1,512,511.534
128,16384,1,1024,511.779
128,16384,1,2048,511.929
128,16384,1,4096,511.993
128,16384,1,8192,510.958
128,16384,1,16384,510.127
128,16384,2,16,491.736
128,16384,2,32,491.844
128,16384,2,64,491.555
128,16384,2,128,491.897
128,16384,2,256,491.865
128,16384,2,512,492.292
128,16384,2,1024,492.27
128,16384,2,2048,492.76
128,16384,2,4096,493.188
128,16384,2,8192,493.316
128,16384,2,16384,496.484
128,16384,4,16,491.491
128,16384,4,32,491.726
128,16384,4,64,493.54
128,16384,4,128,494.105
128,16384,4,256,495.108
128,16384,4,512,505.199
128,16384,4,1024,521.7
128,16384,4,2048,553.092
128,16384,4,4096,619.695
128,16384,4,8192,739.334
128,16384,4,16384,976.317
128,16384,8,16,495.609
128,16384,8,32,497.571
128,16384,8,64,499.736
128,16384,8,128,506.105
128,16384,8,256,509.081
128,16384,8,512,531.609
128,16384,8,1024,556.184
128,16384,8,2048,618.35
128,16384,8,4096,741.124
128,16384,8,8192,983.079
128,16384,8,16384,1468.58
128,16384,16,16,510.147
128,16384,16,32,507.417
128,16384,16,64,509.732
128,16384,16,128,523.79
128,16384,16,256,543.727
128,16384,16,512,576.612
128,16384,16,1024,654.255
128,16384,16,2048,812.379
128,16384,16,4096,1091.63
128,16384,16,8192,1494.33
128,16384,16,16384,2521.86
128,16384,32,16,532.815
128,16384,32,32,536.9
128,16384,32,64,535.503
128,16384,32,128,571.663
128,16384,32,256,608.709
128,16384,32,512,688.261
128,16384,32,1024,859.653
128,16384,32,2048,1161.03
128,16384,32,4096,1810.44
128,16384,32,8192,2994.03
128,16384,32,16384,5363.36
128,16384,64,16,596.825
128,16384,64,32,599.545
128,16384,64,64,600.462
128,16384,64,128,672.591
128,16384,64,256,773.306
128,16384,64,512,962.727
128,16384,64,1024,1338.99
128,16384,64,2048,2039.92
128,16384,64,4096,3475.51
128,16384,64,8192,6309.05
128,16384,64,16384,12413.6
128,16384,128,16,722.042
128,16384,128,32,727.856
128,16384,128,64,735.877
128,16384,128,128,897.905
128,16384,128,256,1058.9
128,16384,128,512,1373.83
128,16384,128,1024,2096.27
128,16384,128,2048,3537.25
128,16384,128,4096,6383.78
128,16384,128,8192,12354.1
128,16384,128,16384,24482.9
256,0,0,0,19.9793
256,0,1,16,27.4887
256,0,1,32,27.306
256,0,1,64,27.4987
256,0,1,128,27.9257
256,0,1,256,30.5707
256,0,1,512,38.1017
256,0,1,1024,52.235
256,0,1,2048,81.088
256,0,1,4096,138.433
256,0,1,8192,254.22
256,0,1,16384,488.675
256,0,2,16,28.3307
256,0,2,32,28.3203
256,0,2,64,28.3733
256,0,2,128,29.9417
256,0,2,256,34.07
256,0,2,512,41.3337
256,0,2,1024,55.937
256,0,2,2048,84.9397
256,0,2,4096,142.924
256,0,2,8192,260.332
256,0,2,16384,497.721
256,0,4,16,31.926
256,0,4,32,31.8823
256,0,4,64,32.0643
256,0,4,128,34.379
256,0,4,256,39.7973
256,0,4,512,52.47
256,0,4,1024,81.025
256,0,4,2048,124.406
256,0,4,4096,183.009
256,0,4,8192,298.146
256,0,4,16384,534.03
256,0,8,16,39.4023
256,0,8,32,39.861
256,0,8,64,40.107
256,0,8,128,45.6967
256,0,8,256,55.0937
256,0,8,512,74.358
256,0,8,1024,116.481
256,0,8,2048,178.071
256,0,8,4096,295.512
256,0,8,8192,531.48
256,0,8,16384,1008.09
256,0,16,16,53.2383
256,0,16,32,53.547
256,0,16,64,53.995
256,0,16,128,67.467
256,0,16,256,84.1817
256,0,16,512,117.654
256,0,16,1024,185.676
256,0,16,2048,303.682
256,0,16,4096,539.642
256,0,16,8192,1013.72
256,0,16,16384,1976.15
256,0,32,16,79.6163
256,0,32,32,80.6617
256,0,32,64,81.654
256,0,32,128,110.219
256,0,32,256,142.241
256,0,32,512,211.382
256,0,32,1024,344.098
256,0,32,2048,579.93
256,0,32,4096,1076.62
256,0,32,8192,2245.34
256,0,32,16384,4862.43
256,0,64,16,135.116
256,0,64,32,137.42
256,0,64,64,139.425
256,0,64,128,195.798
256,0,64,256,264.279
256,0,64,512,442.606
256,0,64,1024,811.707
256,0,64,2048,1570.65
256,0,64,4096,3091.63
256,0,64,8192,6109.6
256,0,64,16384,12178.4
256,0,128,16,248.482
256,0,128,32,253.378
256,0,128,64,257.986
256,0,128,128,382.136
256,0,128,256,514.542
256,0,128,512,830.843
256,0,128,1024,1566.84
256,0,128,2048,3081.39
256,0,128,4096,6109.43
256,0,128,8192,12134.3
256,0,128,16384,24217.7
256,16,0,0,23.0187
256,16,1,16,30.7413
256,16,1,32,30.5387
256,16,1,64,30.752
256,16,1,128,32.1493
256,16,1,256,33.0773
256,16,1,512,40.1173
256,16,1,1024,54.689
256,16,1,2048,82.859
256,16,1,4096,140.257
256,16,1,8192,254.327
256,16,1,16384,489.092
256,16,2,16,32.3523
256,16,2,32,32.2457
256,16,2,64,32.534
256,16,2,128,34.0903
256,16,2,256,35.563
256,16,2,512,43.3497
256,16,2,1024,57.5573
256,16,2,2048,86.0163
256,16,2,4096,144.535
256,16,2,8192,262.135
256,16,2,16384,495.631
256,16,4,16,36.8747
256,16,4,32,36.9817
256,16,4,64,37.1097
256,16,4,128,38.038
256,16,4,256,41.3443
256,16,4,512,53.0777
256,16,4,1024,81.0563
256,16,4,2048,132.982
256,16,4,4096,194.444
256,16,4,8192,314.605
256,16,4,16384,550.212
256,16,8,16,43.6697
256,16,8,32,43.8187
256,16,8,64,44.139
256,16,8,128,48.6943
256,16,8,256,56.7367
256,16,8,512,75.0833
256,16,8,1024,116.79
256,16,8,2048,185.036
256,16,8,4096,302.829
256,16,8,8192,543.971
256,16,8,16384,1030
256,16,16,16,57.6217
256,16,16,32,58.0277
256,16,16,64,58.4537
256,16,16,128,69.622
256,16,16,256,86.0373
256,16,16,512,118.891
256,16,16,1024,189.676
256,16,16,2048,308.61
256,16,16,4096,543.449
256,16,16,8192,1020.04
256,16,16,16384,1979.62
256,16,32,16,84.0647
256,16,32,32,85.1313
256,16,32,64,86.4853
256,16,32,128,111.82
256,16,32,256,144.076
256,16,32,512,212.983
256,16,32,1024,354.595
256,16,32,2048,593.38
256,16,32,4096,1082.63
256,16,32,8192,2392.17
256,16,32,16384,4753.59
256,16,64,16,137.249
256,16,64,32,139.265
256,16,64,64,141.238
256,16,64,128,197.644
256,16,64,256,264.727
256,16,64,512,440.281
256,16,64,1024,813.018
256,16,64,2048,1569.02
256,16,64,4096,3101.17
256,16,64,8192,6139.01
256,16,64,16384,12169.2
256,16,128,16,250.327
256,16,128,32,255.106
256,16,128,64,259.447
256,16,128,128,383.683
256,16,128,256,516.142
256,16,128,512,827.495
256,16,128,1024,1567.78
256,16,128,2048,3080.69
256,16,128,4096,6108.98
256,16,128,8192,12163.2
256,16,128,16384,24218.9
256,32,0,0,23.3493
256,32,1,16,30.8483
256,32,1,32,31.1367
256,32,1,64,30.8587
256,32,1,128,32.2567
256,32,1,256,33.1627
256,32,1,512,39.979
256,32,1,1024,54.4
256,32,1,2048,82.6987
256,32,1,4096,140.791
256,32,1,8192,255.821
256,32,1,16384,491.086
256,32,2,16,32.2133
256,32,2,32,32.6933
256,32,2,64,32.672
256,32,2,128,34.2407
256,32,2,256,35.5627
256,32,2,512,43.0507
256,32,2,1024,57.4937
256,32,2,2048,86.667
256,32,2,4096,144.022
256,32,2,8192,262.242
256,32,2,16384,497.208
256,32,4,16,36.8423
256,32,4,32,36.8
256,32,4,64,37.1207
256,32,4,128,37.8993
256,32,4,256,41.1523
256,32,4,512,53.0673
256,32,4,1024,81.2277
256,32,4,2048,132.865
256,32,4,4096,193.42
256,32,4,8192,311.33
256,32,4,16384,552.047
256,32,8,16,43.8193
256,32,8,32,43.9363
256,32,8,64,44.1927
256,32,8,128,48.9283
256,32,8,256,56.7683
256,32,8,512,75.403
256,32,8,1024,116.844
256,32,8,2048,184.567
256,32,8,4096,303.266
256,32,8,8192,541.07
256,32,8,16384,1023.86
256,32,16,16,57.4083
256,32,16,32,58.006
256,32,16,64,58.4217
256,32,16,128,69.9737
256,32,16,256,85.8563
256,32,16,512,119.18
256,32,16,1024,190.049
256,32,16,2048,310.604
256,32,16,4096,547.716
256,32,16,8192,1028.2
256,32,16,16384,1987.5
256,32,32,16,84.3843
256,32,32,32,85.334
256,32,32,64,86.208
256,32,32,128,112.107
256,32,32,256,144.225
256,32,32,512,212.151
256,32,32,1024,355.405
256,32,32,2048,588.996
256,32,32,4096,1096.92
256,32,32,8192,2237.41
256,32,32,16384,4857.53
256,32,64,16,137.217
256,32,64,32,139.201
256,32,64,64,141.484
256,32,64,128,197.74
256,32,64,256,265.304
256,32,64,512,440.867
256,32,64,1024,814.043
256,32,64,2048,1568.44
256,32,64,4096,3089.18
256,32,64,8192,6131.47
256,32,64,16384,12188.9
256,32,128,16,250.146
256,32,128,32,255.159
256,32,128,64,259.629
256,32,128,128,383.694
256,32,128,256,515.311
256,32,128,512,828.518
256,32,128,1024,1568.95
256,32,128,2048,3089.51
256,32,128,4096,6109.95
256,32,128,8192,12178.8
256,32,128,16384,24226.6
256,64,0,0,23.595
256,64,1,16,31.36
256,64,1,32,31.232
256,64,1,64,31.3923
256,64,1,128,32.448
256,64,1,256,33.249
256,64,1,512,39.84
256,64,1,1024,54.2193
256,64,1,2048,82.795
256,64,1,4096,139.883
256,64,1,8192,255.564
256,64,1,16384,489.87
256,64,2,16,32.7153
256,64,2,32,32.6507
256,64,2,64,32.5763
256,64,2,128,34.1767
256,64,2,256,35.5307
256,64,2,512,43.019
256,64,2,1024,57.537
256,64,2,2048,86.4433
256,64,2,4096,144.929
256,64,2,8192,260.866
256,64,2,16384,493.09
256,64,4,16,36.768
256,64,4,32,36.9287
256,64,4,64,37.504
256,64,4,128,38.3363
256,64,4,256,41.291
256,64,4,512,52.9713
256,64,4,1024,81.28
256,64,4,2048,133.676
256,64,4,4096,193.59
256,64,4,8192,309.869
256,64,4,16384,549.945
256,64,8,16,43.8937
256,64,8,32,44.0107
256,64,8,64,44.1817
256,64,8,128,49.3873
256,64,8,256,57.003
256,64,8,512,75.5417
256,64,8,1024,117.238
256,64,8,2048,186.177
256,64,8,4096,302.946
256,64,8,8192,542.541
256,64,8,16384,1020.99
256,64,16,16,57.601
256,64,16,32,58.198
256,64,16,64,58.699
256,64,16,128,70.0377
256,64,16,256,86.123
256,64,16,512,119.051
256,64,16,1024,189.58
256,64,16,2048,310.882
256,64,16,4096,547.417
256,64,16,8192,1026.45
256,64,16,16384,1978.87
256,64,32,16,84.3733
256,64,32,32,85.2593
256,64,32,64,86.294
256,64,32,128,111.787
256,64,32,256,144.204
256,64,32,512,211.938
256,64,32,1024,353.197
256,64,32,2048,588.751
256,64,32,4096,1089.35
256,64,32,8192,2324.74
256,64,32,16384,4811.35
256,64,64,16,137.313
256,64,64,32,139.414
256,64,64,64,141.334
256,64,64,128,197.793
256,64,64,256,264.738
256,64,64,512,439.598
256,64,64,1024,811.408
256,64,64,2048,1571.08
256,64,64,4096,3086.1
256,64,64,8192,6137.99
256,64,64,16384,12184.6
256,64,128,16,250.433
256,64,128,32,255.149
256,64,128,64,259.629
256,64,128,128,383.757
256,64,128,256,515.897
256,64,128,512,826.811
256,64,128,1024,1569.01
256,64,128,2048,3083.38
256,64,128,4096,6113.73
256,64,128,8192,12156.7
256,64,128,16384,24214.9
256,128,0,0,23.9253
256,128,1,16,34.0053
256,128,1,32,33.835
256,128,1,64,33.92
256,128,1,128,34.9123
256,128,1,256,35.83
256,128,1,512,42.059
256,128,1,1024,56.6087
256,128,1,2048,85.5793
256,128,1,4096,141.58
256,128,1,8192,257.665
256,128,1,16384,491.203
256,128,2,16,34.5707
256,128,2,32,34.4
256,128,2,64,34.688
256,128,2,128,35.7973
256,128,2,256,37.6323
256,128,2,512,45.291
256,128,2,1024,59.542
256,128,2,2048,88.587
256,128,2,4096,146.379
256,128,2,8192,265.228
256,128,2,16384,496.238
256,128,4,16,38.2297
256,128,4,32,38.1223
256,128,4,64,38.5493
256,128,4,128,39.5097
256,128,4,256,43.6907
256,128,4,512,54.848
256,128,4,1024,81.76
256,128,4,2048,139.319
256,128,4,4096,204.748
256,128,4,8192,323.041
256,128,4,16384,567.971
256,128,8,16,45.7813
256,128,8,32,46.006
256,128,8,64,46.294
256,128,8,128,51.8297
256,128,8,256,60.2563
256,128,8,512,77.398
256,128,8,1024,117.932
256,128,8,2048,191.948
256,128,8,4096,308.141
256,128,8,8192,550.767
256,128,8,16384,1031.97
256,128,16,16,59.6167
256,128,16,32,60.235
256,128,16,64,60.523
256,128,16,128,72.5983
256,128,16,256,88.513
256,128,16,512,120.822
256,128,16,1024,191.777
256,128,16,2048,314.37
256,128,16,4096,554.82
256,128,16,8192,1033.1
256,128,16,16384,1994.5
256,128,32,16,86.422
256,128,32,32,87.3607
256,128,32,64,88.4697
256,128,32,128,113.963
256,128,32,256,146.411
256,128,32,512,214.647
256,128,32,1024,369.571
256,128,32,2048,600.654
256,128,32,4096,1107.59
256,128,32,8192,2373.61
256,128,32,16384,4941.4
256,128,64,16,139.468
256,128,64,32,141.697
256,128,64,64,143.521
256,128,64,128,200.364
256,128,64,256,268.588
256,128,64,512,442.04
256,128,64,1024,813.478
256,128,64,2048,1570.28
256,128,64,4096,3097.56
256,128,64,8192,6141.46
256,128,64,16384,12180.6
256,128,128,16,252.311
256,128,128,32,256.909
256,128,128,64,261.324
256,128,128,128,386.019
256,128,128,256,518.787
256,128,128,512,828.891
256,128,128,1024,1572.23
256,128,128,2048,3085.15
256,128,128,4096,6116.62
256,128,128,8192,12184.3
256,128,128,16384,24221
256,256,0,0,27.744
256,256,1,16,41.163
256,256,1,32,41.1093
256,256,1,64,41.3017
256,256,1,128,42.0483
256,256,1,256,42.4
256,256,1,512,46.091
256,256,1,1024,60.6197
256,256,1,2048,89.484
256,256,1,4096,146.668
256,256,1,8192,260.333
256,256,1,16384,494.659
256,256,2,16,41.4293
256,256,2,32,41.494
256,256,2,64,41.7713
256,256,2,128,42.2403
256,256,2,256,43.435
256,256,2,512,48.992
256,256,2,1024,63.6163
256,256,2,2048,92.4693
256,256,2,4096,149.302
256,256,2,8192,266.818
256,256,2,16384,503.896
256,256,4,16,44.3523
256,256,4,32,44.3947
256,256,4,64,44.267
256,256,4,128,46.6353
256,256,4,256,46.9767
256,256,4,512,57.8457
256,256,4,1024,82.2093
256,256,4,2048,140.086
256,256,4,4096,220.055
256,256,4,8192,341.699
256,256,4,16384,584.751
256,256,8,16,51.8617
256,256,8,32,51.8087
256,256,8,64,51.7873
256,256,8,128,58.3687
256,256,8,256,63.9577
256,256,8,512,81.4193
256,256,8,1024,119.286
256,256,8,2048,204.226
256,256,8,4096,326.669
256,256,8,8192,566.084
256,256,8,16384,1047.33
256,256,16,16,65.7603
256,256,16,32,66.102
256,256,16,64,67.083
256,256,16,128,79.403
256,256,16,256,92.6297
256,256,16,512,124.705
256,256,16,1024,194.252
256,256,16,2048,329.602
256,256,16,4096,570.148
256,256,16,8192,1052.92
256,256,16,16384,2028.16
256,256,32,16,92.8433
256,256,32,32,93.9843
256,256,32,64,94.913
256,256,32,128,120.097
256,256,32,256,150.134
256,256,32,512,221.292
256,256,32,1024,390.647
256,256,32,2048,641.753
256,256,32,4096,1119.6
256,256,32,8192,2354.37
256,256,32,16384,4866.69
256,256,64,16,145.974
256,256,64,32,148.225
256,256,64,64,150.166
256,256,64,128,204.076
256,256,64,256,272.62
256,256,64,512,438.008
256,256,64,1024,812.955
256,256,64,2048,1572.43
256,256,64,4096,3097.13
256,256,64,8192,6133.67
256,256,64,16384,12190.5
256,256,128,16,256.13
256,256,128,32,260.599
256,256,128,64,265.047
256,256,128,128,389.848
256,256,128,256,523.054
256,256,128,512,827.014
256,256,128,1024,1571.69
256,256,128,2048,3085.08
256,256,128,4096,6112.95
256,256,128,8192,12167.5
256,256,128,16384,24235.7
256,512,0,0,35.5947
256,512,1,16,48.7893
256,512,1,32,48.8963
256,512,1,64,49.2803
256,512,1,128,55.3067
256,512,1,256,55.9577
256,512,1,512,57.0563
256,512,1,1024,68.267
256,512,1,2048,97.0453
256,512,1,4096,154.476
256,512,1,8192,269.154
256,512,1,16384,500.654
256,512,2,16,55.7123
256,512,2,32,55.8837
256,512,2,64,55.723
256,512,2,128,56.0543
256,512,2,256,56.587
256,512,2,512,57.8883
256,512,2,1024,71.2433
256,512,2,2048,100.182
256,512,2,4096,157.58
256,512,2,8192,275.564
256,512,2,16384,508.589
256,512,4,16,56.9493
256,512,4,32,57.2167
256,512,4,64,57.1093
256,512,4,128,58.9447
256,512,4,256,61.5363
256,512,4,512,61.7813
256,512,4,1024,87.3707
256,512,4,2048,140.769
256,512,4,4096,255.81
256,512,4,8192,379.267
256,512,4,16384,620.718
256,512,8,16,63.8297
256,512,8,32,64.0427
256,512,8,64,64.406
256,512,8,128,70.134
256,512,8,256,77.643
256,512,8,512,87.0827
256,512,8,1024,122.998
256,512,8,2048,207.191
256,512,8,4096,350.092
256,512,8,8192,594.713
256,512,8,16384,1084.2
256,512,16,16,78.0057
256,512,16,32,78.4437
256,512,16,64,78.5923
256,512,16,128,91.4667
256,512,16,256,105.622
256,512,16,512,132.854
256,512,16,1024,195.35
256,512,16,2048,351.864
256,512,16,4096,616.611
256,512,16,8192,1124.18
256,512,16,16384,2204.52
256,512,32,16,105.782
256,512,32,32,106.593
256,512,32,64,107.734
256,512,32,128,133.302
256,512,32,256,160.545
256,512,32,512,229.42
256,512,32,1024,389.987
256,512,32,2048,739.003
256,512,32,4096,1361.97
256,512,32,8192,2653.56
256,512,32,16384,5357.85
256,512,64,16,159.009
256,512,64,32,161.537
256,512,64,64,162.945
256,512,64,128,214.551
256,512,64,256,280.834
256,512,64,512,444.43
256,512,64,1024,811.131
256,512,64,2048,1570.92
256,512,64,4096,3098.13
256,512,64,8192,6141.5
256,512,64,16384,12189.1
256,512,128,16,266.839
256,512,128,32,271.191
256,512,128,64,275.298
256,512,128,128,397.027
256,512,128,256,530.553
256,512,128,512,832.218
256,512,128,1024,1573.1
256,512,128,2048,3091.27
256,512,128,4096,6118.22
256,512,128,8192,12192.2
256,512,128,16384,24232.6
256,1024,0,0,51.403
256,1024,1,16,64.1183
256,1024,1,32,64.7257
256,1024,1,64,63.9683
256,1024,1,128,70.4853
256,1024,1,256,77.8563
256,1024,1,512,85.5577
256,1024,1,1024,86.9237
256,1024,1,2048,112.31
256,1024,1,4096,170.593
256,1024,1,8192,285.346
256,1024,1,16384,515.608
256,1024,2,16,71.1053
256,1024,2,32,71.1893
256,1024,2,64,71.488
256,1024,2,128,81.2163
256,1024,2,256,85.1413
256,1024,2,512,86.1863
256,1024,2,1024,87.798
256,1024,2,2048,115.232
256,1024,2,4096,172.62
256,1024,2,8192,289.783
256,1024,2,16384,525.433
256,1024,4,16,82.3257
256,1024,4,32,82.7527
256,1024,4,64,82.9977
256,1024,4,128,85.856
256,1024,4,256,86.9553
256,1024,4,512,91.734
256,1024,4,1024,92.7687
256,1024,4,2048,145.036
256,1024,4,4096,258.081
256,1024,4,8192,448.43
256,1024,4,16384,692.922
256,1024,8,16,88.8647
256,1024,8,32,88.7367
256,1024,8,64,88.4387
256,1024,8,128,94.55
256,1024,8,256,101.835
256,1024,8,512,113.995
256,1024,8,1024,131.84
256,1024,8,2048,210.732
256,1024,8,4096,385.975
256,1024,8,8192,648.335
256,1024,8,16384,1160
256,1024,16,16,101.611
256,1024,16,32,102.732
256,1024,16,64,102.571
256,1024,16,128,116.353
256,1024,16,256,130.956
256,1024,16,512,156.918
256,1024,16,1024,206.252
256,1024,16,2048,360.099
256,1024,16,4096,667.791
256,1024,16,8192,1194.39
256,1024,16,16384,2363.31
256,1024,32,16,130.358
256,1024,32,32,131.617
256,1024,32,64,132.235
256,1024,32,128,158.284
256,1024,32,256,186.529
256,1024,32,512,245.037
256,1024,32,1024,378.243
256,1024,32,2048,763.759
256,1024,32,4096,1452.47
256,1024,32,8192,2812.7
256,1024,32,16384,5528.74
256,1024,64,16,185.025
256,1024,64,32,187.393
256,1024,64,64,189.324
256,1024,64,128,240.748
256,1024,64,256,304.674
256,1024,64,512,455.821
256,1024,64,1024,825.083
256,1024,64,2048,1577.04
256,1024,64,4096,3099.59
256,1024,64,8192,6171.54
256,1024,64,16384,12182.7
256,1024,128,16,293.399
256,1024,128,32,297.495
256,1024,128,64,301.922
256,1024,128,128,416.525
256,1024,128,256,545.614
256,1024,128,512,843.568
256,1024,128,1024,1582.32
256,1024,128,2048,3090.32
256,1024,128,4096,6135.09
256,1024,128,8192,12187.4
256,1024,128,16384,24234.9
256,2048,0,0,81.9633
256,2048,1,16,94.2617
256,2048,1,32,94.592
256,2048,1,64,95.1683
256,2048,1,128,100.79
256,2048,1,256,107.83
256,2048,1,512,121.846
256,2048,1,1024,143.67
256,2048,1,2048,146.433
256,2048,1,4096,200.908
256,2048,1,8192,316.887
256,2048,1,16384,546.617
256,2048,2,16,100.982
256,2048,2,32,102.56
256,2048,2,64,102.23
256,2048,2,128,111.286
256,2048,2,256,121.377
256,2048,2,512,142.487
256,2048,2,1024,143.649
256,2048,2,2048,146.465
256,2048,2,4096,203.948
256,2048,2,8192,321.207
256,2048,2,16384,561.081
256,2048,4,16,112.481
256,2048,4,32,112.566
256,2048,4,64,112.971
256,2048,4,128,126.411
256,2048,4,256,141.537
256,2048,4,512,144.108
256,2048,4,1024,148.875
256,2048,4,2048,151.586
256,2048,4,4096,263.447
256,2048,4,8192,496.718
256,2048,4,16384,831.024
256,2048,8,16,135.734
256,2048,8,32,136.075
256,2048,8,64,136.502
256,2048,8,128,145.057
256,2048,8,256,148.896
256,2048,8,512,166.379
256,2048,8,1024,187.383
256,2048,8,2048,219.084
256,2048,8,4096,394.061
256,2048,8,8192,725.252
256,2048,8,16384,1247.68
256,2048,16,16,152.353
256,2048,16,32,151.788
256,2048,16,64,152.118
256,2048,16,128,163.926
256,2048,16,256,177.953
256,2048,16,512,209.399
256,2048,16,1024,261.708
256,2048,16,2048,354.711
256,2048,16,4096,680.42
256,2048,16,8192,1317.04
256,2048,16,16384,2459.47
256,2048,32,16,177.409
256,2048,32,32,179.138
256,2048,32,64,178.7
256,2048,32,128,206.763
256,2048,32,256,234.807
256,2048,32,512,297.911
256,2048,32,1024,429.048
256,2048,32,2048,688.612
256,2048,32,4096,1489.14
256,2048,32,8192,2886.27
256,2048,32,16384,5608.94
256,2048,64,16,234.306
256,2048,64,32,236.407
256,2048,64,64,237.431
256,2048,64,128,292.557
256,2048,64,256,356.717
256,2048,64,512,499.022
256,2048,64,1024,844.006
256,2048,64,2048,1594.56
256,2048,64,4096,3108.46
256,2048,64,8192,6167.05
256,2048,64,16384,12207.8
256,2048,128,16,344.045
256,2048,128,32,348.781
256,2048,128,64,354.243
256,2048,128,128,470.104
256,2048,128,256,592.26
256,2048,128,512,867.206
256,2048,128,1024,1596.7
256,2048,128,2048,3102.61
256,2048,128,4096,6134.27
256,2048,128,8192,12215.5
256,2048,128,16384,24237.3
256,4096,0,0,141.419
256,4096,1,16,152.289
256,4096,1,32,153.249
256,4096,1,64,154.049
256,4096,1,128,159.244
256,4096,1,256,167.084
256,4096,1,512,180.588
256,4096,1,1024,209.068
256,4096,1,2048,258.029
256,4096,1,4096,262.54
256,4096,1,8192,379.885
256,4096,1,16384,614.136
256,4096,2,16,159.938
256,4096,2,32,159.969
256,4096,2,64,159.862
256,4096,2,128,170.539
256,4096,2,256,181.345
256,4096,2,512,202.188
256,4096,2,1024,244.407
256,4096,2,2048,258.455
256,4096,2,4096,264.695
256,4096,2,8192,382.531
256,4096,2,16384,621.742
256,4096,4,16,172.385
256,4096,4,32,172.396
256,4096,4,64,172.694
256,4096,4,128,185.185
256,4096,4,256,200.258
256,4096,4,512,227.222
256,4096,4,1024,258.711
256,4096,4,2048,263.841
256,4096,4,4096,271.18
256,4096,4,8192,502.275
256,4096,4,16384,981.254
256,4096,8,16,194.06
256,4096,8,32,194.807
256,4096,8,64,195.991
256,4096,8,128,221.815
256,4096,8,256,250.359
256,4096,8,512,259.938
256,4096,8,1024,284.322
256,4096,8,2048,335.245
256,4096,8,4096,398.424
256,4096,8,8192,754.96
256,4096,8,16384,1390.9
256,4096,16,16,239.191
256,4096,16,32,241.591
256,4096,16,64,241.965
256,4096,16,128,265.537
256,4096,16,256,276.492
256,4096,16,512,304.215
256,4096,16,1024,359.502
256,4096,16,2048,469.198
256,4096,16,4096,655.503
256,4096,16,8192,1359.54
256,4096,16,16384,2634.33
256,4096,32,16,274.882
256,4096,32,32,278.445
256,4096,32,64,277.026
256,4096,32,128,300.141
256,4096,32,256,327.287
256,4096,32,512,392.141
256,4096,32,1024,528.804
256,4096,32,2048,800.581
256,4096,32,4096,1429.18
256,4096,32,8192,2948.21
256,4096,32,16384,5744.11
256,4096,64,16,328.834
256,4096,64,32,327.49
256,4096,64,64,332.045
256,4096,64,128,388.226
256,4096,64,256,459.48
256,4096,64,512,594.137
256,4096,64,1024,907.078
256,4096,64,2048,1632.52
256,4096,64,4096,3140.83
256,4096,64,8192,6189.85
256,4096,64,16384,12255
256,4096,128,16,441.634
256,4096,128,32,447.619
256,4096,128,64,453.731
256,4096,128,128,571.257
256,4096,128,256,698.629
256,4096,128,512,958.513
256,4096,128,1024,1633.61
256,4096,128,2048,3133.18
256,4096,128,4096,6156.42
256,4096,128,8192,12213.9
256,4096,128,16384,24292.3
256,8192,0,0,260.385
256,8192,1,16,271.362
256,8192,1,32,272.759
256,8192,1,64,272.428
256,8192,1,128,276.641
256,8192,1,256,282.989
256,8192,1,512,298.583
256,8192,1,1024,326.988
256,8192,1,2048,382.222
256,8192,1,4096,492.696
256,8192,1,8192,499.96
256,8192,1,16384,734.341
256,8192,2,16,278.509
256,8192,2,32,277.634
256,8192,2,64,276.279
256,8192,2,128,288.151
256,8192,2,256,297.794
256,8192,2,512,317.677
256,8192,2,1024,361.036
256,8192,2,2048,446.648
256,8192,2,4096,492.525
256,8192,2,8192,500.846
256,8192,2,16384,741.285
256,8192,4,16,288.279
256,8192,4,32,289.548
256,8192,4,64,288.94
256,8192,4,128,302.722
256,8192,4,256,317.549
256,8192,4,512,345.943
256,8192,4,1024,401.496
256,8192,4,2048,486.126
256,8192,4,4096,501.059
256,8192,4,8192,508.1
256,8192,4,16384,972.828
256,8192,8,16,310.626
256,8192,8,32,311.693
256,8192,8,64,312.012
256,8192,8,128,338.946
256,8192,8,256,368.781
256,8192,8,512,423.907
256,8192,8,1024,487.801
256,8192,8,2048,519.736
256,8192,8,4096,626.745
256,8192,8,8192,754.608
256,8192,8,16384,1472.73
256,8192,16,16,356.226
256,8192,16,32,358.989
256,8192,16,64,359.469
256,8192,16,128,409.293
256,8192,16,256,463.779
256,8192,16,512,493.945
256,8192,16,1024,545.987
256,8192,16,2048,654.543
256,8192,16,4096,885.617
256,8192,16,8192,1304.79
256,8192,16,16384,2742.07
256,8192,32,16,446.531
256,8192,32,32,450.019
256,8192,32,64,452.226
256,8192,32,128,503.886
256,8192,32,256,524.238
256,8192,32,512,584.526
256,8192,32,1024,710.522
256,8192,32,2048,1003.36
256,8192,32,4096,1583.64
256,8192,32,8192,2916.7
256,8192,32,16384,5890.13
256,8192,64,16,522.393
256,8192,64,32,525.337
256,8192,64,64,526.904
256,8192,64,128,583.193
256,8192,64,256,647.151
256,8192,64,512,787.653
256,8192,64,1024,1091.05
256,8192,64,2048,1776.34
256,8192,64,4096,3223.54
256,8192,64,8192,6278.78
256,8192,64,16384,12353.6
256,8192,128,16,634.788
256,8192,128,32,635.897
256,8192,128,64,643.471
256,8192,128,128,767.994
256,8192,128,256,897.179
256,8192,128,512,1163.41
256,8192,128,1024,1800.8
256,8192,128,2048,3193.77
256,8192,128,4096,6217.04
256,8192,128,8192,12266.5
256,8192,128,16384,24399.9
256,16384,0,0,511.598
256,16384,1,16,504.878
256,16384,1,32,506.831
256,16384,1,64,504.078
256,16384,1,128,511.246
256,16384,1,256,516.643
256,16384,1,512,529.134
256,16384,1,1024,557.742
256,16384,1,2048,616.132
256,16384,1,4096,739.749
256,16384,1,8192,969.189
256,16384,1,16384,977.809
256,16384,2,16,514.83
256,16384,2,32,512.952
256,16384,2,64,513.486
256,16384,2,128,522.777
256,16384,2,256,529.272
256,16384,2,512,554.713
256,16384,2,1024,595.535
256,16384,2,2048,689.22
256,16384,2,4096,868.711
256,16384,2,8192,967.793
256,16384,2,16384,979.942
256,16384,4,16,522.392
256,16384,4,32,523.193
256,16384,4,64,526.105
256,16384,4,128,536.398
256,16384,4,256,552.366
256,16384,4,512,578.852
256,16384,4,1024,632.943
256,16384,4,2048,751.909
256,16384,4,4096,947.408
256,16384,4,8192,969.543
256,16384,4,16384,986.044
256,16384,8,16,547.908
256,16384,8,32,548.024
256,16384,8,64,548.142
256,16384,8,128,572.846
256,16384,8,256,599.961
256,16384,8,512,660.687
256,16384,8,1024,774.843
256,16384,8,2048,948.923
256,16384,8,4096,991.27
256,16384,8,8192,1214.17
256,16384,8,16384,1479.69
256,16384,16,16,590.115
256,16384,16,32,591.161
256,16384,16,64,592.548
256,16384,16,128,639.941
256,16384,16,256,696.537
256,16384,16,512,804.442
256,16384,16,1024,950.844
256,16384,16,2048,1027.14
256,16384,16,4096,1244.54
256,16384,16,8192,1717.4
256,16384,16,16384,2626.33
256,16384,32,16,681.423
256,16384,32,32,683.46
256,16384,32,64,685.678
256,16384,32,128,786.575
256,16384,32,256,888.795
256,16384,32,512,975.601
256,16384,32,1024,1080.67
256,16384,32,2048,1328.46
256,16384,32,4096,1951.16
256,16384,32,8192,3204.55
256,16384,32,16384,5800.57
256,16384,64,16,871.974
256,16384,64,32,876.902
256,16384,64,64,882.053
256,16384,64,128,988.38
256,16384,64,256,1035.79
256,16384,64,512,1173.29
256,16384,64,1024,1446.63
256,16384,64,2048,2089.34
256,16384,64,4096,3498.05
256,16384,64,8192,6393.46
256,16384,64,16384,12556.2
256,16384,128,16,1030.75
256,16384,128,32,1030.98
256,16384,128,64,1039.98
256,16384,128,128,1150.79
256,16384,128,256,1283.35
256,16384,128,512,1552.33
256,16384,128,1024,2145.51
256,16384,128,2048,3529.21
256,16384,128,4096,6371.03
256,16384,128,8192,12392.3
256,16384,128,16384,24619
512,0,0,0,48.6827
512,0,1,16,50.912
512,0,1,32,51.104
512,0,1,64,50.88
512,0,1,128,52.1387
512,0,1,256,53.0673
512,0,1,512,56.6943
512,0,1,1024,72.971
512,0,1,2048,101.611
512,0,1,4096,159.052
512,0,1,8192,271.042
512,0,1,16384,497.667
512,0,2,16,53.8773
512,0,2,32,53.6643
512,0,2,64,54.091
512,0,2,128,55.4887
512,0,2,256,57.4083
512,0,2,512,63.9467
512,0,2,1024,82.6563
512,0,2,2048,111.468
512,0,2,4096,168.151
512,0,2,8192,284.098
512,0,2,16384,516.685
512,0,4,16,59.0403
512,0,4,32,59.168
512,0,4,64,58.6783
512,0,4,128,61.7717
512,0,4,256,65.1947
512,0,4,512,75.9147
512,0,4,1024,100.001
512,0,4,2048,147.937
512,0,4,4096,257.015
512,0,4,8192,378.733
512,0,4,16384,628.334
512,0,8,16,67.9573
512,0,8,32,68.257
512,0,8,64,68.566
512,0,8,128,74.6133
512,0,8,256,81.366
512,0,8,512,99.2437
512,0,8,1024,137.537
512,0,8,2048,215.713
512,0,8,4096,361.485
512,0,8,8192,608.888
512,0,8,16384,1092.39
512,0,16,16,85.9207
512,0,16,32,86.496
512,0,16,64,87.0297
512,0,16,128,99.275
512,0,16,256,113.003
512,0,16,512,146.966
512,0,16,1024,220.162
512,0,16,2048,375.308
512,0,16,4096,632.601
512,0,16,8192,1150.51
512,0,16,16384,2167.77
512,0,32,16,120.737
512,0,32,32,121.836
512,0,32,64,122.806
512,0,32,128,147.596
512,0,32,256,178.945
512,0,32,512,245.879
512,0,32,1024,427.352
512,0,32,2048,732.729
512,0,32,4096,1247.56
512,0,32,8192,2384.99
512,0,32,16384,4810.07
512,0,64,16,189.302
512,0,64,32,191.095
512,0,64,64,192.982
512,0,64,128,248.865
512,0,64,256,315.64
512,0,64,512,468.334
512,0,64,1024,836.443
512,0,64,2048,1584.6
512,0,64,4096,3094.41
512,0,64,8192,6129.71
512,0,64,16384,12189.1
512,0,128,16,333.165
512,0,128,32,337.634
512,0,128,64,342.327
512,0,128,128,466.936
512,0,128,256,596.292
512,0,128,512,870.576
512,0,128,1024,1587.11
512,0,128,2048,3094.88
512,0,128,4096,6120.42
512,0,128,8192,12176.6
512,0,128,16384,24233.2
512,16,0,0,54.2723
512,16,1,16,56.4483
512,16,1,32,56.2887
512,16,1,64,56.6833
512,16,1,128,57.2273
512,16,1,256,59.307
512,16,1,512,60.4807
512,16,1,1024,76.6943
512,16,1,2048,104.897
512,16,1,4096,161.59
512,16,1,8192,274.903
512,16,1,16384,501.987
512,16,2,16,59.4347
512,16,2,32,59.456
512,16,2,64,59.35
512,16,2,128,61.3547
512,16,2,256,62.8803
512,16,2,512,67.0623
512,16,2,1024,85.0993
512,16,2,2048,116.022
512,16,2,4096,173.142
512,16,2,8192,288.3
512,16,2,16384,518.478
512,16,4,16,64.2457
512,16,4,32,64.4587
512,16,4,64,64.8007
512,16,4,128,67.5203
512,16,4,256,71.5413
512,16,4,512,78.3257
512,16,4,1024,103.009
512,16,4,2048,151.286
512,16,4,4096,264.844
512,16,4,8192,395.534
512,16,4,16384,635.364
512,16,8,16,73.6213
512,16,8,32,74.0383
512,16,8,64,74.56
512,16,8,128,80.587
512,16,8,256,87.3397
512,16,8,512,102.582
512,16,8,1024,140.908
512,16,8,2048,217.25
512,16,8,4096,369.89
512,16,8,8192,629.081
512,16,8,16384,1111.62
512,16,16,16,91.7017
512,16,16,32,92.417
512,16,16,64,92.95
512,16,16,128,105.333
512,16,16,256,118.902
512,16,16,512,149.984
512,16,16,1024,222.295
512,16,16,2048,381.538
512,16,16,4096,652.847
512,16,16,8192,1205.58
512,16,16,16384,2299.65
512,16,32,16,126.572
512,16,32,32,127.745
512,16,32,64,128.502
512,16,32,128,153.559
512,16,32,256,182.486
512,16,32,512,249.015
512,16,32,1024,425.752
512,16,32,2048,770.916
512,16,32,4096,1319.75
512,16,32,8192,2371.65
512,16,32,16384,5057.87
512,16,64,16,194.913
512,16,64,32,197.345
512,16,64,64,199.297
512,16,64,128,252.13
512,16,64,256,319.405
512,16,64,512,470.712
512,16,64,1024,840.57
512,16,64,2048,1586.75
512,16,64,4096,3094.38
512,16,64,8192,6140.39
512,16,64,16384,12187
512,16,128,16,336.525
512,16,128,32,341.037
512,16,128,64,345.997
512,16,128,128,470.776
512,16,128,256,599.321
512,16,128,512,873.68
512,16,128,1024,1591.98
512,16,128,2048,3098.96
512,16,128,4096,6131.86
512,16,128,8192,12196.2
512,16,128,16384,24235.2
512,32,0,0,54.5603
512,32,1,16,56.8753
512,32,1,32,56.7363
512,32,1,64,56.9067
512,32,1,128,57.2483
512,32,1,256,59.1573
512,32,1,512,60.5973
512,32,1,1024,76.5973
512,32,1,2048,105.046
512,32,1,4096,161.59
512,32,1,8192,276.289
512,32,1,16384,502.947
512,32,2,16,59.371
512,32,2,32,59.6907
512,32,2,64,59.5843
512,32,2,128,61.4407
512,32,2,256,63.3497
512,32,2,512,66.4003
512,32,2,1024,84.7043
512,32,2,2048,116.214
512,32,2,4096,173.185
512,32,2,8192,287.489
512,32,2,16384,517.987
512,32,4,16,64.5653
512,32,4,32,64.502
512,32,4,64,64.5657
512,32,4,128,67.67
512,32,4,256,70.5713
512,32,4,512,77.728
512,32,4,1024,103.201
512,32,4,2048,151.425
512,32,4,4096,264.802
512,32,4,8192,394.221
512,32,4,16384,635.801
512,32,8,16,74.1653
512,32,8,32,74.1973
512,32,8,64,74.5603
512,32,8,128,80.15
512,32,8,256,86.9873
512,32,8,512,102.358
512,32,8,1024,140.982
512,32,8,2048,217.26
512,32,8,4096,369.87
512,32,8,8192,620.41
512,32,8,16384,1113.84
512,32,16,16,92.0753
512,32,16,32,92.6197
512,32,16,64,93.0033
512,32,16,128,105.174
512,32,16,256,118.401
512,32,16,512,150.145
512,32,16,1024,223.159
512,32,16,2048,383.449
512,32,16,4096,656.655
512,32,16,8192,1194
512,32,16,16384,2207.93
512,32,32,16,126.763
512,32,32,32,127.617
512,32,32,64,128.982
512,32,32,128,153.739
512,32,32,256,182.38
512,32,32,512,249.484
512,32,32,1024,424.942
512,32,32,2048,771.311
512,32,32,4096,1303.1
512,32,32,8192,2453.01
512,32,32,16384,5016.7
512,32,64,16,195.34
512,32,64,32,197.772
512,32,64,64,199.244
512,32,64,128,252.247
512,32,64,256,319.085
512,32,64,512,470.904
512,32,64,1024,838.982
512,32,64,2048,1584.37
512,32,64,4096,3101.99
512,32,64,8192,6134.88
512,32,64,16384,12186
512,32,128,16,336.717
512,32,128,32,341.282
512,32,128,64,346.05
512,32,128,128,470.595
512,32,128,256,599.225
512,32,128,512,873.179
512,32,128,1024,1590.2
512,32,128,2048,3089.24
512,32,128,4096,6123.54
512,32,128,8192,12150.5
512,32,128,16384,24234.7
512,64,0,0,54.454
512,64,1,16,56.6403
512,64,1,32,57.291
512,64,1,64,56.8427
512,64,1,128,57.846
512,64,1,256,59.5737
512,64,1,512,60.128
512,64,1,1024,76.491
512,64,1,2048,104.897
512,64,1,4096,161.644
512,64,1,8192,275.415
512,64,1,16384,504.079
512,64,2,16,59.456
512,64,2,32,59.243
512,64,2,64,59.2427
512,64,2,128,61.5793
512,64,2,256,63.0193
512,64,2,512,66.678
512,64,2,1024,85.046
512,64,2,2048,116.193
512,64,2,4096,174.444
512,64,2,8192,288.727
512,64,2,16384,517.581
512,64,4,16,64.4587
512,64,4,32,64.7253
512,64,4,64,64.96
512,64,4,128,67.8407
512,64,4,256,71.2643
512,64,4,512,78.209
512,64,4,1024,103.648
512,64,4,2048,151.361
512,64,4,4096,265.526
512,64,4,8192,396.386
512,64,4,16384,638.937
512,64,8,16,73.8243
512,64,8,32,74.6353
512,64,8,64,74.6773
512,64,8,128,80.8327
512,64,8,256,87.7547
512,64,8,512,102.145
512,64,8,1024,140.704
512,64,8,2048,217.57
512,64,8,4096,373.185
512,64,8,8192,628.804
512,64,8,16384,1114.29
512,64,16,16,92.3203
512,64,16,32,92.534
512,64,16,64,92.9493
512,64,16,128,105.419
512,64,16,256,118.891
512,64,16,512,150.145
512,64,16,1024,222.657
512,64,16,2048,383.266
512,64,16,4096,652.846
512,64,16,8192,1208.66
512,64,16,16384,2229.65
512,64,32,16,126.966
512,64,32,32,128.097
512,64,32,64,129.1
512,64,32,128,153.889
512,64,32,256,182.23
512,64,32,512,249.676
512,64,32,1024,426.157
512,64,32,2048,768.368
512,64,32,4096,1319.71
512,64,32,8192,2433.44
512,64,32,16384,4964.71
512,64,64,16,195.905
512,64,64,32,197.302
512,64,64,64,199.521
512,64,64,128,252.61
512,64,64,256,319.277
512,64,64,512,470.755
512,64,64,1024,841.818
512,64,64,2048,1584.1
512,64,64,4096,3104.26
512,64,64,8192,6143.45
512,64,64,16384,12173.7
512,64,128,16,336.696
512,64,128,32,341.09
512,64,128,64,346.306
512,64,128,128,470.851
512,64,128,256,599.002
512,64,128,512,874.171
512,64,128,1024,1590.43
512,64,128,2048,3095.75
512,64,128,4096,6127.94
512,64,128,8192,12211.4
512,64,128,16384,24252.1
512,128,0,0,57.44
512,128,1,16,60.4267
512,128,1,32,60.3947
512,128,1,64,60.7793
512,128,1,128,61.2907
512,128,1,256,63.0083
512,128,1,512,64.6297
512,128,1,1024,80.9923
512,128,1,2048,109.366
512,128,1,4096,165.623
512,128,1,8192,279.873
512,128,1,16384,506.607
512,128,2,16,63.105
512,128,2,32,63.5733
512,128,2,64,63.169
512,128,2,128,65.0457
512,128,2,256,66.5603
512,128,2,512,70.2403
512,128,2,1024,87.371
512,128,2,2048,120.662
512,128,2,4096,177.549
512,128,2,8192,297.175
512,128,2,16384,523.193
512,128,4,16,68.3313
512,128,4,32,68.4377
512,128,4,64,68.0963
512,128,4,128,71.019
512,128,4,256,74.827
512,128,4,512,81.0457
512,128,4,1024,107.051
512,128,4,2048,156.192
512,128,4,4096,265.975
512,128,4,8192,408.13
512,128,4,16384,651.204
512,128,8,16,77.5473
512,128,8,32,77.7393
512,128,8,64,78.358
512,128,8,128,84.3523
512,128,8,256,91.0943
512,128,8,512,105.558
512,128,8,1024,144.695
512,128,8,2048,220.663
512,128,8,4096,382.637
512,128,8,8192,633.967
512,128,8,16384,1123.57
512,128,16,16,95.606
512,128,16,32,96.1287
512,128,16,64,96.6193
512,128,16,128,109.355
512,128,16,256,122.529
512,128,16,512,153.953
512,128,16,1024,224.705
512,128,16,2048,388.717
512,128,16,4096,678.692
512,128,16,8192,1227.24
512,128,16,16384,2383.92
512,128,32,16,130.753
512,128,32,32,131.723
512,128,32,64,132.609
512,128,32,128,157.75
512,128,32,256,186.518
512,128,32,512,252.855
512,128,32,1024,427.17
512,128,32,2048,787.984
512,128,32,4096,1451.43
512,128,32,8192,2595.88
512,128,32,16384,5003.41
512,128,64,16,199.457
512,128,64,32,201.484
512,128,64,64,202.935
512,128,64,128,256.322
512,128,64,256,323.415
512,128,64,512,473.538
512,128,64,1024,838.117
512,128,64,2048,1589.96
512,128,64,4096,3098.39
512,128,64,8192,6127.43
512,128,64,16384,12187.5
512,128,128,16,340.343
512,128,128,32,345.197
512,128,128,64,349.879
512,128,128,128,474.926
512,128,128,256,603.247
512,128,128,512,877.243
512,128,128,1024,1594.55
512,128,128,2048,3092.63
512,128,128,4096,6127.21
512,128,128,8192,12144
512,128,128,16384,24239.6
512,256,0,0,64.438
512,256,1,16,70.3257
512,256,1,32,70.2937
512,256,1,64,70.1017
512,256,1,128,71.99
512,256,1,256,72.448
512,256,1,512,75.0613
512,256,1,1024,86.518
512,256,1,2048,117.067
512,256,1,4096,173.665
512,256,1,8192,287.096
512,256,1,16384,514.477
512,256,2,16,71.7983
512,256,2,32,72.6943
512,256,2,64,72.4373
512,256,2,128,75.115
512,256,2,256,76.619
512,256,2,512,79.6907
512,256,2,1024,94.592
512,256,2,2048,131.275
512,256,2,4096,188.598
512,256,2,8192,302.968
512,256,2,16384,531.587
512,256,4,16,77.8987
512,256,4,32,77.9523
512,256,4,64,77.8673
512,256,4,128,80.737
512,256,4,256,84.3637
512,256,4,512,89.12
512,256,4,1024,113.921
512,256,4,2048,162.945
512,256,4,4096,264.055
512,256,4,8192,438.029
512,256,4,16384,683.311
512,256,8,16,87.1787
512,256,8,32,87.585
512,256,8,64,87.7123
512,256,8,128,94.176
512,256,8,256,100.811
512,256,8,512,113.057
512,256,8,1024,152.107
512,256,8,2048,229.857
512,256,8,4096,395.021
512,256,8,8192,657.796
512,256,8,16384,1161.52
512,256,16,16,104.865
512,256,16,32,105.494
512,256,16,64,105.952
512,256,16,128,119.349
512,256,16,256,133.004
512,256,16,512,161.43
512,256,16,1024,231.351
512,256,16,2048,403.202
512,256,16,4096,719.951
512,256,16,8192,1305.15
512,256,16,16384,2490.11
512,256,32,16,140.598
512,256,32,32,141.504
512,256,32,64,142.635
512,256,32,128,167.799
512,256,32,256,195.063
512,256,32,512,260.194
512,256,32,1024,433.422
512,256,32,2048,802.49
512,256,32,4096,1523.41
512,256,32,8192,2898.95
512,256,32,16384,5631.13
512,256,64,16,209.313
512,256,64,32,211.105
512,256,64,64,213.484
512,256,64,128,264.503
512,256,64,256,331.245
512,256,64,512,476.078
512,256,64,1024,840.89
512,256,64,2048,1591.28
512,256,64,4096,3100.21
512,256,64,8192,6140.52
512,256,64,16384,12188.2
512,256,128,16,347.308
512,256,128,32,351.97
512,256,128,64,356.759
512,256,128,128,481.912
512,256,128,256,611.214
512,256,128,512,881.083
512,256,128,1024,1597.9
512,256,128,2048,3098.56
512,256,128,4096,6134.62
512,256,128,8192,12207.8
512,256,128,16384,24231.4
512,512,0,0,79.4453
512,512,1,16,87.019
512,512,1,32,86.9337
512,512,1,64,86.6773
512,512,1,128,90.5817
512,512,1,256,92.0117
512,512,1,512,94.3687
512,512,1,1024,101.227
512,512,1,2048,131.435
512,512,1,4096,187.787
512,512,1,8192,302.114
512,512,1,16384,529.997
512,512,2,16,92.811
512,512,2,32,92.8
512,512,2,64,92.4703
512,512,2,128,94.1553
512,512,2,256,95.126
512,512,2,512,98.3793
512,512,2,1024,108.438
512,512,2,2048,142.273
512,512,2,4096,209.644
512,512,2,8192,324.023
512,512,2,16384,552.75
512,512,4,16,95.8727
512,512,4,32,96.246
512,512,4,64,96.3413
512,512,4,128,100.289
512,512,4,256,102.796
512,512,4,512,108.993
512,512,4,1024,126.07
512,512,4,2048,173.889
512,512,4,4096,270.519
512,512,4,8192,489.763
512,512,4,16384,745.881
512,512,8,16,105.525
512,512,8,32,105.835
512,512,8,64,105.964
512,512,8,128,112.843
512,512,8,256,119.745
512,512,8,512,132.182
512,512,8,1024,164.044
512,512,8,2048,242.903
512,512,8,4096,402.808
512,512,8,8192,694.735
512,512,8,16384,1185.99
512,512,16,16,123.958
512,512,16,32,124.63
512,512,16,64,124.545
512,512,16,128,138.209
512,512,16,256,151.905
512,512,16,512,178.134
512,512,16,1024,241.676
512,512,16,2048,411.385
512,512,16,4096,759.385
512,512,16,8192,1407.64
512,512,16,16384,2646.6
512,512,32,16,159.211
512,512,32,32,160.384
512,512,32,64,161.249
512,512,32,128,186.742
512,512,32,256,215.137
512,512,32,512,273.26
512,512,32,1024,435.341
512,512,32,2048,807.055
512,512,32,4096,1543.71
512,512,32,8192,3006.82
512,512,32,16384,5922.26
512,512,64,16,229.089
512,512,64,32,230.732
512,512,64,64,232.684
512,512,64,128,284.545
512,512,64,256,347.052
512,512,64,512,487.501
512,512,64,1024,842.405
512,512,64,2048,1595.9
512,512,64,4096,3104.91
512,512,64,8192,6132.86
512,512,64,16384,12180.2
512,512,128,16,366.264
512,512,128,32,370.733
512,512,128,64,375.512
512,512,128,128,496.697
512,512,128,256,625.571
512,512,128,512,895.302
512,512,128,1024,1598.29
512,512,128,2048,3106.94
512,512,128,4096,6137.22
512,512,128,8192,12166.4
512,512,128,16384,24240.2
512,1024,0,0,108.427
512,1024,1,16,116.15
512,1024,1,32,116.224
512,1024,1,64,116.427
512,1024,1,128,120.673
512,1024,1,256,129.025
512,1024,1,512,133.516
512,1024,1,1024,138.657
512,1024,1,2048,158.796
512,1024,1,4096,217.452
512,1024,1,8192,330.967
512,1024,1,16384,559.704
512,1024,2,16,121.932
512,1024,2,32,122.411
512,1024,2,64,122.539
512,1024,2,128,129.377
512,1024,2,256,135.649
512,1024,2,512,137.931
512,1024,2,1024,142.028
512,1024,2,2048,166.763
512,1024,2,4096,254.23
512,1024,2,8192,368.269
512,1024,2,16384,600.376
512,1024,4,16,130.401
512,1024,4,32,131.297
512,1024,4,64,130.934
512,1024,4,128,138.24
512,1024,4,256,141.921
512,1024,4,512,146.294
512,1024,4,1024,152.044
512,1024,4,2048,203.094
512,1024,4,4096,303.905
512,1024,4,8192,501.518
512,1024,4,16384,854.461
512,1024,8,16,142.572
512,1024,8,32,143.34
512,1024,8,64,143.618
512,1024,8,128,150.063
512,1024,8,256,156.292
512,1024,8,512,170.297
512,1024,8,1024,191.6
512,1024,8,2048,269.971
512,1024,8,4096,438.136
512,1024,8,8192,760.267
512,1024,8,16384,1311.1
512,1024,16,16,160.218
512,1024,16,32,160.975
512,1024,16,64,161.583
512,1024,16,128,175.173
512,1024,16,256,188.806
512,1024,16,512,216.807
512,1024,16,1024,274.322
512,1024,16,2048,428.161
512,1024,16,4096,779.543
512,1024,16,8192,1454.09
512,1024,16,16384,2715.83
512,1024,32,16,196.315
512,1024,32,32,197.456
512,1024,32,64,198
512,1024,32,128,224.636
512,1024,32,256,252.712
512,1024,32,512,308.617
512,1024,32,1024,463.927
512,1024,32,2048,818.658
512,1024,32,4096,1567
512,1024,32,8192,3029.99
512,1024,32,16384,5959.68
512,1024,64,16,267.209
512,1024,64,32,268.381
512,1024,64,64,270.643
512,1024,64,128,323.668
512,1024,64,256,385.59
512,1024,64,512,513.689
512,1024,64,1024,845.24
512,1024,64,2048,1597.45
512,1024,64,4096,3107.8
512,1024,64,8192,6165.38
512,1024,64,16384,12203.9
512,1024,128,16,405.792
512,1024,128,32,410.274
512,1024,128,64,415.041
512,1024,128,128,529.818
512,1024,128,256,653.586
512,1024,128,512,923.312
512,1024,128,1024,1601.3
512,1024,128,2048,3106.45
512,1024,128,4096,6142.27
512,1024,128,8192,12219
512,1024,128,16384,24248.4
512,2048,0,0,166.575
512,2048,1,16,173.477
512,2048,1,32,174.458
512,2048,1,64,173.455
512,2048,1,128,178.927
512,2048,1,256,186.971
512,2048,1,512,201.009
512,2048,1,1024,220.977
512,2048,1,2048,224.987
512,2048,1,4096,272.946
512,2048,1,8192,389.215
512,2048,1,16384,616.859
512,2048,2,16,179.013
512,2048,2,32,179.707
512,2048,2,64,179.578
512,2048,2,128,186.661
512,2048,2,256,194.225
512,2048,2,512,209.916
512,2048,2,1024,223.484
512,2048,2,2048,227.313
512,2048,2,4096,281.576
512,2048,2,8192,457.293
512,2048,2,16384,700.255
512,2048,4,16,187.621
512,2048,4,32,187.802
512,2048,4,64,188.187
512,2048,4,128,199.504
512,2048,4,256,212.603
512,2048,4,512,223.58
512,2048,4,1024,231.612
512,2048,4,2048,239.453
512,2048,4,4096,345.781
512,2048,4,8192,572.955
512,2048,4,16384,997.137
512,2048,8,16,205.788
512,2048,8,32,205.926
512,2048,8,64,206.545
512,2048,8,128,223.718
512,2048,8,256,230.748
512,2048,8,512,245.926
512,2048,8,1024,270.567
512,2048,8,2048,306.675
512,2048,8,4096,475.128
512,2048,8,8192,812.673
512,2048,8,16384,1429.97
512,2048,16,16,235.431
512,2048,16,32,235.271
512,2048,16,64,235.58
512,2048,16,128,247.506
512,2048,16,256,260.882
512,2048,16,512,288.808
512,2048,16,1024,349.182
512,2048,16,2048,455.192
512,2048,16,4096,784.971
512,2048,16,8192,1522.81
512,2048,16,16384,2860.08
512,2048,32,16,269.235
512,2048,32,32,269.821
512,2048,32,64,270.568
512,2048,32,128,297.971
512,2048,32,256,327.294
512,2048,32,512,384
512,2048,32,1024,514.734
512,2048,32,2048,806.912
512,2048,32,4096,1591.6
512,2048,32,8192,3088.36
512,2048,32,16384,6017.23
512,2048,64,16,341.63
512,2048,64,32,343.508
512,2048,64,64,344.713
512,2048,64,128,399.04
512,2048,64,256,463.095
512,2048,64,512,585.51
512,2048,64,1024,880.153
512,2048,64,2048,1624.2
512,2048,64,4096,3132.12
512,2048,64,8192,6167.85
512,2048,64,16384,12220.2
512,2048,128,16,482.232
512,2048,128,32,487.032
512,2048,128,64,493.048
512,2048,128,128,608.635
512,2048,128,256,726.643
512,2048,128,512,973.295
512,2048,128,1024,1629.48
512,2048,128,2048,3127.87
512,2048,128,4096,6160.26
512,2048,128,8192,12186.2
512,2048,128,16384,24282.8
512,4096,0,0,280.552
512,4096,1,16,287.88
512,4096,1,32,288.755
512,4096,1,64,288.958
512,4096,1,128,293.565
512,4096,1,256,300.595
512,4096,1,512,314.654
512,4096,1,1024,342.986
512,4096,1,2048,388.789
512,4096,1,4096,394.943
512,4096,1,8192,506.862
512,4096,1,16384,739.039
512,4096,2,16,292.296
512,4096,2,32,293.043
512,4096,2,64,292.947
512,4096,2,128,300.52
512,4096,2,256,309.619
512,4096,2,512,322.515
512,4096,2,1024,352.98
512,4096,2,2048,392.256
512,4096,2,4096,399.936
512,4096,2,8192,511.789
512,4096,2,16384,868.311
512,4096,4,16,301.074
512,4096,4,32,301.501
512,4096,4,64,301.779
512,4096,4,128,313.811
512,4096,4,256,326.888
512,4096,4,512,350.868
512,4096,4,1024,391.744
512,4096,4,2048,401.45
512,4096,4,4096,412.96
512,4096,4,8192,640.049
512,4096,4,16384,1118.99
512,4096,8,16,319.304
512,4096,8,32,319.251
512,4096,8,64,320.105
512,4096,8,128,338.675
512,4096,8,256,358.879
512,4096,8,512,395.53
512,4096,8,1024,410.485
512,4096,8,2048,472.716
512,4096,8,4096,541.56
512,4096,8,8192,891.608
512,4096,8,16384,1526.18
512,4096,16,16,353.609
512,4096,16,32,354.292
512,4096,16,64,354.91
512,4096,16,128,388.629
512,4096,16,256,413.793
512,4096,16,512,432.779
512,4096,16,1024,490.071
512,4096,16,2048,610.587
512,4096,16,4096,806.762
512,4096,16,8192,1603.89
512,4096,16,16384,2998.84
512,4096,32,16,417.867
512,4096,32,32,418.027
512,4096,32,64,418.4
512,4096,32,128,444.513
512,4096,32,256,472.994
512,4096,32,512,535.32
512,4096,32,1024,651.409
512,4096,32,2048,920.44
512,4096,32,4096,1562.79
512,4096,32,8192,3172.9
512,4096,32,16384,6106.41
512,4096,64,16,484.845
512,4096,64,32,486.999
512,4096,64,64,489.656
512,4096,64,128,547.577
512,4096,64,256,613.254
512,4096,64,512,736.66
512,4096,64,1024,991.482
512,4096,64,2048,1660.68
512,4096,64,4096,3204.56
512,4096,64,8192,6227
512,4096,64,16384,12289.7
512,4096,128,16,631.899
512,4096,128,32,637.702
512,4096,128,64,645.062
512,4096,128,128,766.483
512,4096,128,256,881.558
512,4096,128,512,1122.18
512,4096,128,1024,1684.62
512,4096,128,2048,3156.99
512,4096,128,4096,6213.76
512,4096,128,8192,12284.8
512,4096,128,16384,24355.5
512,8192,0,0,508.812
512,8192,1,16,516.162
512,8192,1,32,516.353
512,8192,1,64,516.013
512,8192,1,128,520.397
512,8192,1,256,527.757
512,8192,1,512,541.006
512,8192,1,1024,569.454
512,8192,1,2048,627.472
512,8192,1,4096,732.797
512,8192,1,8192,734.792
512,8192,1,16384,967.641
512,8192,2,16,520.215
512,8192,2,32,519.895
512,8192,2,64,520.706
512,8192,2,128,528.206
512,8192,2,256,536.642
512,8192,2,512,552.334
512,8192,2,1024,580.867
512,8192,2,2048,641.69
512,8192,2,4096,731.026
512,8192,2,8192,739.145
512,8192,2,16384,978.692
512,8192,4,16,528.44
512,8192,4,32,528.771
512,8192,4,64,529.337
512,8192,4,128,540.6
512,8192,4,256,553.838
512,8192,4,512,579.545
512,8192,4,1024,623.173
512,8192,4,2048,713.074
512,8192,4,4096,741.575
512,8192,4,8192,768.584
512,8192,4,16384,1226.57
512,8192,8,16,545.816
512,8192,8,32,546.232
512,8192,8,64,547.053
512,8192,8,128,566.072
512,8192,8,256,586.212
512,8192,8,512,621.669
512,8192,8,1024,699.57
512,8192,8,2048,750.643
512,8192,8,4096,874.326
512,8192,8,8192,1014.81
512,8192,8,16384,1729.58
512,8192,16,16,581.198
512,8192,16,32,582.99
512,8192,16,64,582.233
512,8192,16,128,616.057
512,8192,16,256,649.926
512,8192,16,512,721.362
512,8192,16,1024,784.84
512,8192,16,2048,890.358
512,8192,16,4096,1134.52
512,8192,16,8192,1546.78
512,8192,16,16384,3179.32
512,8192,32,16,650.682
512,8192,32,32,652.997
512,8192,32,64,654.63
512,8192,32,128,717.736
512,8192,32,256,770.569
512,8192,32,512,832.021
512,8192,32,1024,948.92
512,8192,32,2048,1179.04
512,8192,32,4096,1752.25
512,8192,32,8192,3214.35
512,8192,32,16384,6288.43
512,8192,64,16,782.12
512,8192,64,32,784.403
512,8192,64,64,786.026
512,8192,64,128,841.599
512,8192,64,256,901.398
512,8192,64,512,1031.56
512,8192,64,1024,1289.33
512,8192,64,2048,1841.86
512,8192,64,4096,3260.53
512,8192,64,8192,6407.32
512,8192,64,16384,12402.1
512,8192,128,16,927.021
512,8192,128,32,933.218
512,8192,128,64,940.13
512,8192,128,128,1059.38
512,8192,128,256,1185.73
512,8192,128,512,1426.73
512,8192,128,1024,1942.87
512,8192,128,2048,3231.38
512,8192,128,4096,6264.05
512,8192,128,8192,12426.8
512,8192,128,16384,24484.6
512,16384,0,0,965.698
512,16384,1,16,973.282
512,16384,1,32,975.309
512,16384,1,64,972.376
512,16384,1,128,981.07
512,16384,1,256,985.464
512,16384,1,512,1000.14
512,16384,1,1024,1027.37
512,16384,1,2048,1085.59
512,16384,1,4096,1202.74
512,16384,1,8192,1418.05
512,16384,1,16384,1426.99
512,16384,2,16,978.445
512,16384,2,32,978.466
512,16384,2,64,978.083
512,16384,2,128,985.293
512,16384,2,256,993.217
512,16384,2,512,1006.58
512,16384,2,1024,1036.46
512,16384,2,2048,1098.32
512,16384,2,4096,1224.81
512,16384,2,8192,1416.4
512,16384,2,16384,1432.24
512,16384,4,16,985.09
512,16384,4,32,983.822
512,16384,4,64,986.295
512,16384,4,128,998.616
512,16384,4,256,1012.35
512,16384,4,512,1035.05
512,16384,4,1024,1080.04
512,16384,4,2048,1170.83
512,16384,4,4096,1349.85
512,16384,4,8192,1425.41
512,16384,4,16384,1487.98
512,16384,8,16,1003.91
512,16384,8,32,1005.59
512,16384,8,64,1005.3
512,16384,8,128,1022.48
512,16384,8,256,1043.27
512,16384,8,512,1078.56
512,16384,8,1024,1158.43
512,16384,8,2048,1306.6
512,16384,8,4096,1437.27
512,16384,8,8192,1682.4
512,16384,8,16384,1983.35
512,16384,16,16,1037.67
512,16384,16,32,1040.25
512,16384,16,64,1039.06
512,16384,16,128,1072.63
512,16384,16,256,1109.04
512,16384,16,512,1182.18
512,16384,16,1024,1321.33
512,16384,16,2048,1495.67
512,16384,16,4096,1703.14
512,16384,16,8192,2194.9
512,16384,16,16384,3199.23
512,16384,32,16,1110.06
512,16384,32,32,1114.47
512,16384,32,64,1115.17
512,16384,32,128,1177.8
512,16384,32,256,1246.91
512,16384,32,512,1379.85
512,16384,32,1024,1543.81
512,16384,32,2048,1785.97
512,16384,32,4096,2275.17
512,16384,32,8192,3485.56
512,16384,32,16384,6320.93
512,16384,64,16,1262.64
512,16384,64,32,1266.72
512,16384,64,64,1267.99
512,16384,64,128,1396.57
512,16384,64,256,1498.45
512,16384,64,512,1623.47
512,16384,64,1024,1875.8
512,16384,64,2048,2407
512,16384,64,4096,3578.65
512,16384,64,8192,6471.98
512,16384,64,16384,12607.1
512,16384,128,16,1531.21
512,16384,128,32,1533.62
512,16384,128,64,1541.56
512,16384,128,128,1650.71
512,16384,128,256,1777.7
512,16384,128,512,2031.12
512,16384,128,1024,2541.35
512,16384,128,2048,3659.91
512,16384,128,4096,6399.34
512,16384,128,8192,12457.1
512,16384,128,16384,24791
1024,0,0,0,120.867
1024,0,1,16,123.576
1024,0,1,32,123.374
1024,0,1,64,123.896
1024,0,1,128,124.568
1024,0,1,256,125.368
1024,0,1,512,126.669
1024,0,1,1024,133.486
1024,0,1,2048,165.7
1024,0,1,4096,223.973
1024,0,1,8192,337.884
1024,0,1,16384,565.57
1024,0,2,16,126.264
1024,0,2,32,126.456
1024,0,2,64,127.406
1024,0,2,128,127.832
1024,0,2,256,130.574
1024,0,2,512,133.219
1024,0,2,1024,143.31
1024,0,2,2048,182.34
1024,0,2,4096,250.513
1024,0,2,8192,363.571
1024,0,2,16384,592.002
1024,0,4,16,133.155
1024,0,4,32,133.454
1024,0,4,64,133.038
1024,0,4,128,136.952
1024,0,4,256,139.929
1024,0,4,512,146.872
1024,0,4,1024,165.007
1024,0,4,2048,215.034
1024,0,4,4096,309.959
1024,0,4,8192,531.969
1024,0,4,16384,855.443
1024,0,8,16,145.806
1024,0,8,32,145.976
1024,0,8,64,146.265
1024,0,8,128,153.027
1024,0,8,256,159.609
1024,0,8,512,173.348
1024,0,8,1024,207.834
1024,0,8,2048,285.212
1024,0,8,4096,462.111
1024,0,8,8192,795.432
1024,0,8,16384,1375.17
1024,0,16,16,170.927
1024,0,16,32,172.057
1024,0,16,64,172.174
1024,0,16,128,185.263
1024,0,16,256,198.501
1024,0,16,512,224.688
1024,0,16,1024,292.796
1024,0,16,2048,459.189
1024,0,16,4096,830.664
1024,0,16,8192,1542.63
1024,0,16,16384,2885.39
1024,0,32,16,221.647
1024,0,32,32,222.352
1024,0,32,64,223.087
1024,0,32,128,249.008
1024,0,32,256,276.583
1024,0,32,512,337.778
1024,0,32,1024,483.275
1024,0,32,2048,848.563
1024,0,32,4096,1604.02
1024,0,32,8192,3085.5
1024,0,32,16384,6067.4
1024,0,64,16,321.597
1024,0,64,32,323.346
1024,0,64,64,324.647
1024,0,64,128,375.763
1024,0,64,256,444.736
1024,0,64,512,578.083
1024,0,64,1024,902.411
1024,0,64,2048,1649.13
1024,0,64,4096,3149.41
1024,0,64,8192,6141.03
1024,0,64,16384,12202.4
1024,0,128,16,524.854
1024,0,128,32,529.26
1024,0,128,64,534.743
1024,0,128,128,660.677
1024,0,128,256,787.485
1024,0,128,512,1042.88
1024,0,128,1024,1663.61
1024,0,128,2048,3141.77
1024,0,128,4096,6143.21
1024,0,128,8192,12176.3
1024,0,128,16384,24269.7
1024,16,0,0,129.582
1024,16,1,16,132.739
1024,16,1,32,132.142
1024,16,1,64,132.877
1024,16,1,128,133.966
1024,16,1,256,134.457
1024,16,1,512,135.512
1024,16,1,1024,138.787
1024,16,1,2048,172.473
1024,16,1,4096,231.493
1024,16,1,8192,344.765
1024,16,1,16384,571.117
1024,16,2,16,134.883
1024,16,2,32,135.534
1024,16,2,64,136.387
1024,16,2,128,137.059
1024,16,2,256,138.467
1024,16,2,512,142.829
1024,16,2,1024,151.331
1024,16,2,2048,189.348
1024,16,2,4096,259.813
1024,16,2,8192,373.01
1024,16,2,16384,599.672
1024,16,4,16,141.581
1024,16,4,32,142.446
1024,16,4,64,142.499
1024,16,4,128,145.774
1024,16,4,256,149.55
1024,16,4,512,156.1
1024,16,4,1024,172.089
1024,16,4,2048,221.764
1024,16,4,4096,317.885
1024,16,4,8192,528.097
1024,16,4,16384,884.126
1024,16,8,16,155.118
1024,16,8,32,154.926
1024,16,8,64,155.321
1024,16,8,128,162.073
1024,16,8,256,168.889
1024,16,8,512,181.86
1024,16,8,1024,214.959
1024,16,8,2048,291.526
1024,16,8,4096,469.685
1024,16,8,8192,813.842
1024,16,8,16384,1391.31
1024,16,16,16,180.122
1024,16,16,32,181.327
1024,16,16,64,181.39
1024,16,16,128,193.764
1024,16,16,256,208.421
1024,16,16,512,234.235
1024,16,16,1024,299.281
1024,16,16,2048,461.589
1024,16,16,4096,833.938
1024,16,16,8192,1545
1024,16,16,16384,2950.53
1024,16,32,16,230.256
1024,16,32,32,231.589
1024,16,32,64,232.495
1024,16,32,128,257.958
1024,16,32,256,285.66
1024,16,32,512,345.085
1024,16,32,1024,490.038
1024,16,32,2048,851.859
1024,16,32,4096,1610.05
1024,16,32,8192,3096.52
1024,16,32,16384,6078
1024,16,64,16,331.144
1024,16,64,32,332.498
1024,16,64,64,333.992
1024,16,64,128,385.907
1024,16,64,256,451.861
1024,16,64,512,584.525
1024,16,64,1024,908.959
1024,16,64,2048,1643.81
1024,16,64,4096,3151.62
1024,16,64,8192,6153.92
1024,16,64,16384,12204.7
1024,16,128,16,532.151
1024,16,128,32,536.417
1024,16,128,64,541.857
1024,16,128,128,667.077
1024,16,128,256,794.642
1024,16,128,512,1048.47
1024,16,128,1024,1669.5
1024,16,128,2048,3147.36
1024,16,128,4096,6150.89
1024,16,128,8192,12194.3
1024,16,128,16384,24273.4
1024,32,0,0,129.795
1024,32,1,16,133.102
1024,32,1,32,132.653
1024,32,1,64,133.155
1024,32,1,128,133.667
1024,32,1,256,134.446
1024,32,1,512,136.291
1024,32,1,1024,140.099
1024,32,1,2048,172.111
1024,32,1,4096,231.461
1024,32,1,8192,344.819
1024,32,1,16384,572.386
1024,32,2,16,136.323
1024,32,2,32,135.747
1024,32,2,64,135.853
1024,32,2,128,138.104
1024,32,2,256,139
1024,32,2,512,142.041
1024,32,2,1024,151.054
1024,32,2,2048,189.711
1024,32,2,4096,258.779
1024,32,2,8192,373.522
1024,32,2,16384,603.788
1024,32,4,16,142.105
1024,32,4,32,142.19
1024,32,4,64,142.062
1024,32,4,128,145.485
1024,32,4,256,148.878
1024,32,4,512,155.544
1024,32,4,1024,172.654
1024,32,4,2048,222.02
1024,32,4,4096,318.001
1024,32,4,8192,526.624
1024,32,4,16384,879.345
1024,32,8,16,155.364
1024,32,8,32,155.523
1024,32,8,64,155.726
1024,32,8,128,162.137
1024,32,8,256,168.419
1024,32,8,512,182.542
1024,32,8,1024,214.628
1024,32,8,2048,292.646
1024,32,8,4096,468.085
1024,32,8,8192,812.091
1024,32,8,16384,1412.13
1024,32,16,16,180.634
1024,32,16,32,180.73
1024,32,16,64,181.06
1024,32,16,128,194.404
1024,32,16,256,207.983
1024,32,16,512,233.744
1024,32,16,1024,300.465
1024,32,16,2048,461.557
1024,32,16,4096,833.767
1024,32,16,8192,1545.15
1024,32,16,16384,2917.92
1024,32,32,16,230.896
1024,32,32,32,231.653
1024,32,32,64,232.954
1024,32,32,128,258.47
1024,32,32,256,285.723
1024,32,32,512,344.679
1024,32,32,1024,489.567
1024,32,32,2048,852.712
1024,32,32,4096,1610.83
1024,32,32,8192,3104.6
1024,32,32,16384,6073.97
1024,32,64,16,330.663
1024,32,64,32,332.188
1024,32,64,64,334.781
1024,32,64,128,385.097
1024,32,64,256,451.658
1024,32,64,512,584.813
1024,32,64,1024,908.958
1024,32,64,2048,1652.54
1024,32,64,4096,3154.26
1024,32,64,8192,6151.63
1024,32,64,16384,12196.5
1024,32,128,16,531.425
1024,32,128,32,536.139
1024,32,128,64,541.345
1024,32,128,128,666.596
1024,32,128,256,794.47
1024,32,128,512,1050.16
1024,32,128,1024,1669.71
1024,32,128,2048,3147.79
1024,32,128,4096,6149.85
1024,32,128,8192,12206.3
1024,32,128,16384,24249.2
1024,64,0,0,129.73
1024,64,1,16,132.387
1024,64,1,32,133.187
1024,64,1,64,132.888
1024,64,1,128,134.104
1024,64,1,256,135.16
1024,64,1,512,136.493
1024,64,1,1024,139.416
1024,64,1,2048,171.822
1024,64,1,4096,231.706
1024,64,1,8192,345.149
1024,64,1,16384,571.746
1024,64,2,16,135.736
1024,64,2,32,136.099
1024,64,2,64,136.238
1024,64,2,128,137.315
1024,64,2,256,139.491
1024,64,2,512,142.435
1024,64,2,1024,151.385
1024,64,2,2048,188.815
1024,64,2,4096,258.96
1024,64,2,8192,373.395
1024,64,2,16384,601.336
1024,64,4,16,142.211
1024,64,4,32,142.585
1024,64,4,64,142.062
1024,64,4,128,145.337
1024,64,4,256,149.166
1024,64,4,512,155.747
1024,64,4,1024,172.249
1024,64,4,2048,221.989
1024,64,4,4096,319.975
1024,64,4,8192,530.208
1024,64,4,16384,880.307
1024,64,8,16,154.553
1024,64,8,32,154.947
1024,64,8,64,155.278
1024,64,8,128,162.083
1024,64,8,256,168.494
1024,64,8,512,182.116
1024,64,8,1024,215.002
1024,64,8,2048,291.526
1024,64,8,4096,470.698
1024,64,8,8192,814.31
1024,64,8,16384,1397.75
1024,64,16,16,179.929
1024,64,16,32,181.251
1024,64,16,64,181.71
1024,64,16,128,194.702
1024,64,16,256,208.079
1024,64,16,512,234.49
1024,64,16,1024,299.943
1024,64,16,2048,462.271
1024,64,16,4096,834.214
1024,64,16,8192,1551.11
1024,64,16,16384,2936.39
1024,64,32,16,231.002
1024,64,32,32,232.101
1024,64,32,64,232.452
1024,64,32,128,258.629
1024,64,32,256,285.68
1024,64,32,512,345.138
1024,64,32,1024,489.194
1024,64,32,2048,850.556
1024,64,32,4096,1611.55
1024,64,32,8192,3103.58
1024,64,32,16384,6071.2
1024,64,64,16,330.769
1024,64,64,32,332.999
1024,64,64,64,334.14
1024,64,64,128,386.162
1024,64,64,256,451.87
1024,64,64,512,584.908
1024,64,64,1024,907.912
1024,64,64,2048,1650.9
1024,64,64,4096,3152.96
1024,64,64,8192,6153.95
1024,64,64,16384,12207.8
1024,64,128,16,531.946
1024,64,128,32,536.203
1024,64,128,64,541.217
1024,64,128,128,667.065
1024,64,128,256,794.342
1024,64,128,512,1050.32
1024,64,128,1024,1669.28
1024,64,128,2048,3146.47
1024,64,128,4096,6150.11
1024,64,128,8192,12204.5
1024,64,128,16384,24269.5
1024,128,0,0,137.176
1024,128,1,16,140.344
1024,128,1,32,139.928
1024,128,1,64,139.48
1024,128,1,128,140.963
1024,128,1,256,141.976
1024,128,1,512,143.576
1024,128,1,1024,146.829
1024,128,1,2048,178.99
1024,128,1,4096,239.588
1024,128,1,8192,353.938
1024,128,1,16384,580.076
1024,128,2,16,142.873
1024,128,2,32,142.595
1024,128,2,64,142.339
1024,128,2,128,144.59
1024,128,2,256,146.904
1024,128,2,512,149.923
1024,128,2,1024,156.761
1024,128,2,2048,196.239
1024,128,2,4096,268.123
1024,128,2,8192,383.432
1024,128,2,16384,612.15
1024,128,4,16,149.155
1024,128,4,32,149.07
1024,128,4,64,149.229
1024,128,4,128,152.995
1024,128,4,256,156.803
1024,128,4,512,163.193
1024,128,4,1024,179.32
1024,128,4,2048,229.69
1024,128,4,4096,325.766
1024,128,4,8192,529.301
1024,128,4,16384,911.901
1024,128,8,16,161.87
1024,128,8,32,161.955
1024,128,8,64,162.222
1024,128,8,128,169.177
1024,128,8,256,176.281
1024,128,8,512,189.102
1024,128,8,1024,222.276
1024,128,8,2048,300.902
1024,128,8,4096,474.015
1024,128,8,8192,841.223
1024,128,8,16384,1410.14
1024,128,16,16,187.076
1024,128,16,32,187.631
1024,128,16,64,188.206
1024,128,16,128,201.326
1024,128,16,256,214.639
1024,128,16,512,240.72
1024,128,16,1024,307.335
1024,128,16,2048,467.498
1024,128,16,4096,838.811
1024,128,16,8192,1557.22
1024,128,16,16384,2942.76
1024,128,32,16,238.223
1024,128,32,32,239.034
1024,128,32,64,239.386
1024,128,32,128,265.52
1024,128,32,256,293.126
1024,128,32,512,352.199
1024,128,32,1024,497.333
1024,128,32,2048,854.449
1024,128,32,4096,1612.5
1024,128,32,8192,3115.11
1024,128,32,16384,6087.41
1024,128,64,16,338.151
1024,128,64,32,339.73
1024,128,64,64,340.721
1024,128,64,128,393.576
1024,128,64,256,458.217
1024,128,64,512,591.308
1024,128,64,1024,914.994
1024,128,64,2048,1653.62
1024,128,64,4096,3157.73
1024,128,64,8192,6159
1024,128,64,16384,12198.8
1024,128,128,16,538.805
1024,128,128,32,543.221
1024,128,128,64,548.704
1024,128,128,128,674.659
1024,128,128,256,801.872
1024,128,128,512,1056.33
1024,128,128,1024,1677.42
1024,128,128,2048,3146.56
1024,128,128,4096,6155.94
1024,128,128,8192,12232.3
1024,128,128,16384,24274.1
1024,256,0,0,154.018
1024,256,1,16,156.174
1024,256,1,32,155.971
1024,256,1,64,156.451
1024,256,1,128,156.515
1024,256,1,256,158.137
1024,256,1,512,159.417
1024,256,1,1024,162.041
1024,256,1,2048,192.836
1024,256,1,4096,254.362
1024,256,1,8192,367.975
1024,256,1,16384,594.976
1024,256,2,16,159.288
1024,256,2,32,159.268
1024,256,2,64,160.099
1024,256,2,128,161.24
1024,256,2,256,162.723
1024,256,2,512,166.649
1024,256,2,1024,172.569
1024,256,2,2048,210.074
1024,256,2,4096,283.377
1024,256,2,8192,403.475
1024,256,2,16384,631.244
1024,256,4,16,165.72
1024,256,4,32,165.443
1024,256,4,64,166.723
1024,256,4,128,168.963
1024,256,4,256,172.025
1024,256,4,512,179.406
1024,256,4,1024,192.793
1024,256,4,2048,243.621
1024,256,4,4096,339.1
1024,256,4,8192,544.833
1024,256,4,16384,964.926
1024,256,8,16,178.478
1024,256,8,32,177.711
1024,256,8,64,178.702
1024,256,8,128,184.152
1024,256,8,256,192.047
1024,256,8,512,205.487
1024,256,8,1024,235.184
1024,256,8,2048,314.225
1024,256,8,4096,484.469
1024,256,8,8192,859.441
1024,256,8,16384,1487.29
1024,256,16,16,203.759
1024,256,16,32,203.78
1024,256,16,64,203.95
1024,256,16,128,217.114
1024,256,16,256,231.471
1024,256,16,512,258.587
1024,256,16,1024,320.839
1024,256,16,2048,478.089
1024,256,16,4096,848.166
1024,256,16,8192,1571.94
1024,256,16,16384,2968.35
1024,256,32,16,254.042
1024,256,32,32,255.247
1024,256,32,64,255.748
1024,256,32,128,282.299
1024,256,32,256,309.339
1024,256,32,512,366.342
1024,256,32,1024,509.737
1024,256,32,2048,860.241
1024,256,32,4096,1624.78
1024,256,32,8192,3132.82
1024,256,32,16384,6129.45
1024,256,64,16,354.225
1024,256,64,32,356.039
1024,256,64,64,357.735
1024,256,64,128,409.885
1024,256,64,256,473.065
1024,256,64,512,605.282
1024,256,64,1024,924.05
1024,256,64,2048,1661.87
1024,256,64,4096,3163.19
1024,256,64,8192,6160.32
1024,256,64,16384,12209.6
1024,256,128,16,553.739
1024,256,128,32,558.4
1024,256,128,64,563.158
1024,256,128,128,688.483
1024,256,128,256,816.72
1024,256,128,512,1071.58
1024,256,128,1024,1686.59
1024,256,128,2048,3156.12
1024,256,128,4096,6163.46
1024,256,128,8192,12196.2
1024,256,128,16384,24266.7
1024,512,0,0,185.497
1024,512,1,16,188.12
1024,512,1,32,188.484
1024,512,1,64,188.121
1024,512,1,128,189.241
1024,512,1,256,190.073
1024,512,1,512,192.579
1024,512,1,1024,195.716
1024,512,1,2048,217.7
1024,512,1,4096,284.081
1024,512,1,8192,399.666
1024,512,1,16384,624.726
1024,512,2,16,191.321
1024,512,2,32,190.958
1024,512,2,64,191.748
1024,512,2,128,192.643
1024,512,2,256,195.033
1024,512,2,512,198.392
1024,512,2,1024,205.274
1024,512,2,2048,237.039
1024,512,2,4096,310.576
1024,512,2,8192,439.369
1024,512,2,16384,666.861
1024,512,4,16,197.156
1024,512,4,32,197.081
1024,512,4,64,197.177
1024,512,4,128,201.028
1024,512,4,256,203.865
1024,512,4,512,212.142
1024,512,4,1024,223.94
1024,512,4,2048,271.355
1024,512,4,4096,370.802
1024,512,4,8192,573.131
1024,512,4,16384,1038.92
1024,512,8,16,210.095
1024,512,8,32,210.191
1024,512,8,64,210.169
1024,512,8,128,217.294
1024,512,8,256,224.26
1024,512,8,512,239.055
1024,512,8,1024,263.717
1024,512,8,2048,340.198
1024,512,8,4096,510.687
1024,512,8,8192,866.971
1024,512,8,16384,1558.87
1024,512,16,16,234.852
1024,512,16,32,235.61
1024,512,16,64,236.132
1024,512,16,128,249.573
1024,512,16,256,263.717
1024,512,16,512,290.651
1024,512,16,1024,346.225
1024,512,16,2048,501.47
1024,512,16,4096,860.571
1024,512,16,8192,1603.5
1024,512,16,16384,3020.27
1024,512,32,16,286.661
1024,512,32,32,286.981
1024,512,32,64,288.656
1024,512,32,128,314.075
1024,512,32,256,342.374
1024,512,32,512,399.239
1024,512,32,1024,535.263
1024,512,32,2048,869.851
1024,512,32,4096,1635.75
1024,512,32,8192,3150.69
1024,512,32,16384,6161.06
1024,512,64,16,386.951
1024,512,64,32,388.242
1024,512,64,64,390.429
1024,512,64,128,442.824
1024,512,64,256,505.353
1024,512,64,512,633.654
1024,512,64,1024,939.784
1024,512,64,2048,1672.6
1024,512,64,4096,3176.41
1024,512,64,8192,6174.88
1024,512,64,16384,12221.4
1024,512,128,16,587.51
1024,512,128,32,590.987
1024,512,128,64,596.469
1024,512,128,128,717.347
1024,512,128,256,844.442
1024,512,128,512,1100.63
1024,512,128,1024,1703.52
1024,512,128,2048,3174.93
1024,512,128,4096,6178.26
1024,512,128,8192,12198.7
1024,512,128,16384,24263.1
1024,1024,0,0,249.509
1024,1024,1,16,251.514
1024,1024,1,32,251.396
1024,1024,1,64,252.164
1024,1024,1,128,252.964
1024,1024,1,256,253.498
1024,1024,1,512,256.336
1024,1024,1,1024,262.18
1024,1024,1,2048,272.261
1024,1024,1,4096,335.984
1024,1024,1,8192,457.033
1024,1024,1,16384,685.591
1024,1024,2,16,253.189
1024,1024,2,32,253.765
1024,1024,2,64,253.818
1024,1024,2,128,256.869
1024,1024,2,256,259.461
1024,1024,2,512,261.915
1024,1024,2,1024,269.563
1024,1024,2,2048,290.555
1024,1024,2,4096,366.449
1024,1024,2,8192,506.559
1024,1024,2,16384,742.713
1024,1024,4,16,259.578
1024,1024,4,32,259.397
1024,1024,4,64,259.013
1024,1024,4,128,265.946
1024,1024,4,256,269.743
1024,1024,4,512,276.09
1024,1024,4,1024,288.923
1024,1024,4,2048,325.681
1024,1024,4,4096,431.966
1024,1024,4,8192,621.664
1024,1024,4,16384,1071.27
1024,1024,8,16,273.872
1024,1024,8,32,273.733
1024,1024,8,64,273.935
1024,1024,8,128,282.468
1024,1024,8,256,291.024
1024,1024,8,512,302.694
1024,1024,8,1024,330.065
1024,1024,8,2048,399.634
1024,1024,8,4096,564.661
1024,1024,8,8192,910.065
1024,1024,8,16384,1646.95
1024,1024,16,16,299.216
1024,1024,16,32,298.597
1024,1024,16,64,299.814
1024,1024,16,128,314.225
1024,1024,16,256,328.817
1024,1024,16,512,355.388
1024,1024,16,1024,411.656
1024,1024,16,2048,548.575
1024,1024,16,4096,889.136
1024,1024,16,8192,1654.8
1024,1024,16,16384,3098.97
1024,1024,32,16,350.374
1024,1024,32,32,351.174
1024,1024,32,64,351.484
1024,1024,32,128,379.069
1024,1024,32,256,406.439
1024,1024,32,512,466.206
1024,1024,32,1024,590.091
1024,1024,32,2048,891.835
1024,1024,32,4096,1657.88
1024,1024,32,8192,3180.28
1024,1024,32,16384,6198.33
1024,1024,64,16,451.699
1024,1024,64,32,453.769
1024,1024,64,64,455.294
1024,1024,64,128,508.628
1024,1024,64,256,572.33
1024,1024,64,512,688.781
1024,1024,64,1024,965.287
1024,1024,64,2048,1690.87
1024,1024,64,4096,3196.32
1024,1024,64,8192,6202.93
1024,1024,64,16384,12240.6
1024,1024,128,16,653.462
1024,1024,128,32,657.996
1024,1024,128,64,663.34
1024,1024,128,128,778.627
1024,1024,128,256,900.955
1024,1024,128,512,1157.23
1024,1024,128,1024,1736.08
1024,1024,128,2048,3199.03
1024,1024,128,4096,6210.66
1024,1024,128,8192,12227
1024,1024,128,16384,24295.9
1024,2048,0,0,376.273
1024,2048,1,16,381.746
1024,2048,1,32,383.335
1024,2048,1,64,382.62
1024,2048,1,128,382.214
1024,2048,1,256,381.149
1024,2048,1,512,386.129
1024,2048,1,1024,393.724
1024,2048,1,2048,404.53
1024,2048,1,4096,442.898
1024,2048,1,8192,569.92
1024,2048,1,16384,799.396
1024,2048,2,16,385.084
1024,2048,2,32,384.082
1024,2048,2,64,385.212
1024,2048,2,128,388.722
1024,2048,2,256,387.879
1024,2048,2,512,389.863
1024,2048,2,1024,400.924
1024,2048,2,2048,410.835
1024,2048,2,4096,469.118
1024,2048,2,8192,640.834
1024,2048,2,16384,884.325
1024,2048,4,16,391.303
1024,2048,4,32,391.314
1024,2048,4,64,389.202
1024,2048,4,128,394.631
1024,2048,4,256,399.516
1024,2048,4,512,406.342
1024,2048,4,1024,417.49
1024,2048,4,2048,440.328
1024,2048,4,4096,539.487
1024,2048,4,8192,742.627
1024,2048,4,16384,1159.46
1024,2048,8,16,396.541
1024,2048,8,32,398.097
1024,2048,8,64,399.165
1024,2048,8,128,406.386
1024,2048,8,256,416.764
1024,2048,8,512,433.021
1024,2048,8,1024,458.963
1024,2048,8,2048,511.487
1024,2048,8,4096,672.62
1024,2048,8,8192,1016.12
1024,2048,8,16384,1717.43
1024,2048,16,16,422.183
1024,2048,16,32,423.506
1024,2048,16,64,422.866
1024,2048,16,128,440.531
1024,2048,16,256,456.168
1024,2048,16,512,486.472
1024,2048,16,1024,544.212
1024,2048,16,2048,652.705
1024,2048,16,4096,964.806
1024,2048,16,8192,1704.95
1024,2048,16,16384,3224.08
1024,2048,32,16,476.499
1024,2048,32,32,477.641
1024,2048,32,64,478.44
1024,2048,32,128,505.428
1024,2048,32,256,534.676
1024,2048,32,512,597.386
1024,2048,32,1024,719.874
1024,2048,32,2048,983.421
1024,2048,32,4096,1690.64
1024,2048,32,8192,3248.13
1024,2048,32,16384,6262.48
1024,2048,64,16,579.296
1024,2048,64,32,581.205
1024,2048,64,64,583.274
1024,2048,64,128,639.318
1024,2048,64,256,702.188
1024,2048,64,512,818.724
1024,2048,64,1024,1064.85
1024,2048,64,2048,1719.26
1024,2048,64,4096,3225.01
1024,2048,64,8192,6240.93
1024,2048,64,16384,12272.2
1024,2048,128,16,783.502
1024,2048,128,32,788.056
1024,2048,128,64,795.245
1024,2048,128,128,910.042
1024,2048,128,256,1028.01
1024,2048,128,512,1266.89
1024,2048,128,1024,1834.11
1024,2048,128,2048,3230.75
1024,2048,128,4096,6256.13
1024,2048,128,8192,12274.4
1024,2048,128,16384,24342
1024,4096,0,0,604.619
1024,4096,1,16,614.934
1024,4096,1,32,614.144
1024,4096,1,64,616.234
1024,4096,1,128,618.828
1024,4096,1,256,621.248
1024,4096,1,512,632.876
1024,4096,1,1024,643.606
1024,4096,1,2048,666.113
1024,4096,1,4096,689.228
1024,4096,1,8192,783.128
1024,4096,1,16384,1028.11
1024,4096,2,16,612.81
1024,4096,2,32,616.202
1024,4096,2,64,618.079
1024,4096,2,128,620.223
1024,4096,2,256,626.592
1024,4096,2,512,630.443
1024,4096,2,1024,649.152
1024,4096,2,2048,677.27
1024,4096,2,4096,698.07
1024,4096,2,8192,813.645
1024,4096,2,16384,1161.98
1024,4096,4,16,617.802
1024,4096,4,32,621.354
1024,4096,4,64,621.61
1024,4096,4,128,622.144
1024,4096,4,256,630.283
1024,4096,4,512,644.821
1024,4096,4,1024,674.231
1024,4096,4,2048,703.137
1024,4096,4,4096,728.109
1024,4096,4,8192,938.748
1024,4096,4,16384,1397.29
1024,4096,8,16,627.744
1024,4096,8,32,631.499
1024,4096,8,64,628.084
1024,4096,8,128,633.322
1024,4096,8,256,645.376
1024,4096,8,512,676.865
1024,4096,8,1024,718.262
1024,4096,8,2048,776.653
1024,4096,8,4096,865.849
1024,4096,8,8192,1204.11
1024,4096,8,16384,1912.48
1024,4096,16,16,648.501
1024,4096,16,32,651.786
1024,4096,16,64,653.515
1024,4096,16,128,674.528
1024,4096,16,256,697.921
1024,4096,16,512,739.511
1024,4096,16,1024,805.582
1024,4096,16,2048,920.09
1024,4096,16,4096,1142.39
1024,4096,16,8192,1822.7
1024,4096,16,16384,3342.4
1024,4096,32,16,715.756
1024,4096,32,32,718.038
1024,4096,32,64,717.836
1024,4096,32,128,759.662
1024,4096,32,256,790.691
1024,4096,32,512,852.591
1024,4096,32,1024,974.299
1024,4096,32,2048,1221.95
1024,4096,32,4096,1810.46
1024,4096,32,8192,3345.81
1024,4096,32,16384,6437.62
1024,4096,64,16,833.241
1024,4096,64,32,833.774
1024,4096,64,64,836.057
1024,4096,64,128,895.994
1024,4096,64,256,958.8
1024,4096,64,512,1078.81
1024,4096,64,1024,1316.31
1024,4096,64,2048,1837.27
1024,4096,64,4096,3310.27
1024,4096,64,8192,6344.22
1024,4096,64,16384,12357.7
1024,4096,128,16,1041.22
1024,4096,128,32,1047.22
1024,4096,128,64,1055.87
1024,4096,128,128,1170.29
1024,4096,128,256,1287.16
1024,4096,128,512,1522.08
1024,4096,128,1024,2006.54
1024,4096,128,2048,3318.1
1024,4096,128,4096,6329.59
1024,4096,128,8192,12411.7
1024,4096,128,16384,24420.1
1024,8192,0,0,1063.02
1024,8192,1,16,1068.66
1024,8192,1,32,1066.22
1024,8192,1,64,1066.02
1024,8192,1,128,1071.91
1024,8192,1,256,1071.89
1024,8192,1,512,1078.98
1024,8192,1,1024,1091.92
1024,8192,1,2048,1125.53
1024,8192,1,4096,1190.81
1024,8192,1,8192,1260.27
1024,8192,1,16384,1474.15
1024,8192,2,16,1070.88
1024,8192,2,32,1068.89
1024,8192,2,64,1070.2
1024,8192,2,128,1073.48
1024,8192,2,256,1075.13
1024,8192,2,512,1087.2
1024,8192,2,1024,1100.71
1024,8192,2,2048,1162.73
1024,8192,2,4096,1249.09
1024,8192,2,8192,1268.69
1024,8192,2,16384,1502.27
1024,8192,4,16,1074.17
1024,8192,4,32,1072.66
1024,8192,4,64,1070.01
1024,8192,4,128,1081.37
1024,8192,4,256,1082.92
1024,8192,4,512,1096.02
1024,8192,4,1024,1130.93
1024,8192,4,2048,1219.49
1024,8192,4,4096,1275.64
1024,8192,4,8192,1312.67
1024,8192,4,16384,1743.34
1024,8192,8,16,1083.05
1024,8192,8,32,1082.76
1024,8192,8,64,1079.88
1024,8192,8,128,1091.39
1024,8192,8,256,1106.9
1024,8192,8,512,1132.71
1024,8192,8,1024,1192.98
1024,8192,8,2048,1291.57
1024,8192,8,4096,1410.57
1024,8192,8,8192,1559.65
1024,8192,8,16384,2239.48
1024,8192,16,16,1106.39
1024,8192,16,32,1109.6
1024,8192,16,64,1107.45
1024,8192,16,128,1129.79
1024,8192,16,256,1155.9
1024,8192,16,512,1205.28
1024,8192,16,1024,1301.92
1024,8192,16,2048,1428.22
1024,8192,16,4096,1677.07
1024,8192,16,8192,2102.51
1024,8192,16,16384,3592.9
1024,8192,32,16,1174.08
1024,8192,32,32,1173.5
1024,8192,32,64,1176.9
1024,8192,32,128,1218.08
1024,8192,32,256,1261.35
1024,8192,32,512,1353.78
1024,8192,32,1024,1486.61
1024,8192,32,2048,1726.22
1024,8192,32,4096,2159.78
1024,8192,32,8192,3447.29
1024,8192,32,16384,6673.92
1024,8192,64,16,1307.68
1024,8192,64,32,1310.68
1024,8192,64,64,1312.92
1024,8192,64,128,1395.01
1024,8192,64,256,1469.38
1024,8192,64,512,1588
1024,8192,64,1024,1833.94
1024,8192,64,2048,2313.64
1024,8192,64,4096,3494.64
1024,8192,64,8192,6537.33
1024,8192,64,16384,12592.2
1024,8192,128,16,1553.73
1024,8192,128,32,1558.6
1024,8192,128,64,1565.38
1024,8192,128,128,1680.33
1024,8192,128,256,1802.69
1024,8192,128,512,2043.2
1024,8192,128,1024,2521.05
1024,8192,128,2048,3578.46
1024,8192,128,4096,6458.78
1024,8192,128,8192,12627
1024,8192,128,16384,24677.6
1024,16384,0,0,1980.75
1024,16384,1,16,1982.32
1024,16384,1,32,1981.86
1024,16384,1,64,1984.46
1024,16384,1,128,1989.02
1024,16384,1,256,1989.35
1024,16384,1,512,1998.62
1024,16384,1,1024,2022.77
1024,16384,1,2048,2035.82
1024,16384,1,4096,2086.22
1024,16384,1,8192,2228.22
1024,16384,1,16384,2401.63
1024,16384,2,16,1987.48
1024,16384,2,32,1987.11
1024,16384,2,64,1987.06
1024,16384,2,128,1988.98
1024,16384,2,256,1995.8
1024,16384,2,512,2010.63
1024,16384,2,1024,2017.78
1024,16384,2,2048,2076
1024,16384,2,4096,2202.54
1024,16384,2,8192,2393.97
1024,16384,2,16384,2414.92
1024,16384,4,16,1994.66
1024,16384,4,32,1996.1
1024,16384,4,64,1987.99
1024,16384,4,128,2004.27
1024,16384,4,256,2000.81
1024,16384,4,512,2016.69
1024,16384,4,1024,2045.42
1024,16384,4,2048,2135.6
1024,16384,4,4096,2319.23
1024,16384,4,8192,2417.7
1024,16384,4,16384,2487.77
1024,16384,8,16,1999.46
1024,16384,8,32,2002.1
1024,16384,8,64,2001.72
1024,16384,8,128,2005.51
1024,16384,8,256,2024.54
1024,16384,8,512,2050.27
1024,16384,8,1024,2108.61
1024,16384,8,2048,2229.7
1024,16384,8,4096,2439.37
1024,16384,8,8192,2684.92
1024,16384,8,16384,3003.28
1024,16384,16,16,2026.48
1024,16384,16,32,2025.53
1024,16384,16,64,2027.41
1024,16384,16,128,2049.9
1024,16384,16,256,2072.8
1024,16384,16,512,2126.77
1024,16384,16,1024,2220.38
1024,16384,16,2048,2408.04
1024,16384,16,4096,2683.12
1024,16384,16,8192,3200.57
1024,16384,16,16384,4098.65
1024,16384,32,16,2094.4
1024,16384,32,32,2095.89
1024,16384,32,64,2094.61
1024,16384,32,128,2136.14
1024,16384,32,256,2180.68
1024,16384,32,512,2277.8
1024,16384,32,1024,2451.6
1024,16384,32,2048,2744.42
1024,16384,32,4096,3250.91
1024,16384,32,8192,4162.06
1024,16384,32,16384,6836.18
1024,16384,64,16,2232.21
1024,16384,64,32,2232.75
1024,16384,64,64,2235.94
1024,16384,64,128,2321.18
1024,16384,64,256,2407.13
1024,16384,64,512,2577.5
1024,16384,64,1024,2857.45
1024,16384,64,2048,3360.12
1024,16384,64,4096,4334.04
1024,16384,64,8192,6974.18
1024,16384,64,16384,12931
1024,16384,128,16,2514.13
1024,16384,128,32,2526.09
1024,16384,128,64,2530.64
1024,16384,128,128,2686.83
1024,16384,128,256,2827.64
1024,16384,128,512,3070.64
1024,16384,128,1024,3563.73
1024,16384,128,2048,4543.71
1024,16384,128,4096,6925.83
1024,16384,128,8192,12880.5
1024,16384,128,16384,25065.1
2048,0,0,0,350.278
2048,0,1,16,355.153
2048,0,1,32,355.728
2048,0,1,64,355.269
2048,0,1,128,355.782
2048,0,1,256,357.008
2048,0,1,512,359.046
2048,0,1,1024,361.649
2048,0,1,2048,371.686
2048,0,1,4096,437.842
2048,0,1,8192,567.476
2048,0,1,16384,796.92
2048,0,2,16,360.027
2048,0,2,32,360.634
2048,0,2,64,360.699
2048,0,2,128,361.574
2048,0,2,256,363.099
2048,0,2,512,367.195
2048,0,2,1024,373.851
2048,0,2,2048,394.097
2048,0,2,4096,473.949
2048,0,2,8192,622.581
2048,0,2,16384,889.816
2048,0,4,16,369.478
2048,0,4,32,368.57
2048,0,4,64,369.2
2048,0,4,128,373.339
2048,0,4,256,377.19
2048,0,4,512,384.187
2048,0,4,1024,397.009
2048,0,4,2048,434.14
2048,0,4,4096,542.099
2048,0,4,8192,743.862
2048,0,4,16384,1164.52
2048,0,8,16,388.283
2048,0,8,32,389.755
2048,0,8,64,389.681
2048,0,8,128,396.347
2048,0,8,256,402.94
2048,0,8,512,418.684
2048,0,8,1024,444.807
2048,0,8,2048,518.387
2048,0,8,4096,683.925
2048,0,8,8192,1026.98
2048,0,8,16384,1881.95
2048,0,16,16,429.606
2048,0,16,32,430.023
2048,0,16,64,429.852
2048,0,16,128,442.951
2048,0,16,256,457.81
2048,0,16,512,486.856
2048,0,16,1024,542.366
2048,0,16,2048,683.712
2048,0,16,4096,988.922
2048,0,16,8192,1767.18
2048,0,16,16384,3294.79
2048,0,32,16,509.746
2048,0,32,32,510.483
2048,0,32,64,511.315
2048,0,32,128,536.67
2048,0,32,256,565.695
2048,0,32,512,627.509
2048,0,32,1024,749.185
2048,0,32,2048,1027.26
2048,0,32,4096,1722.35
2048,0,32,8192,3248.61
2048,0,32,16384,6264.97
2048,0,64,16,671.317
2048,0,64,32,672.427
2048,0,64,64,674.165
2048,0,64,128,728.576
2048,0,64,256,791.693
2048,0,64,512,919.193
2048,0,64,1024,1186.12
2048,0,64,2048,1840.19
2048,0,64,4096,3345.41
2048,0,64,8192,6342.23
2048,0,64,16384,12366.4
2048,0,128,16,994.298
2048,0,128,32,999.621
2048,0,128,64,1006.81
2048,0,128,128,1132.32
2048,0,128,256,1260.9
2048,0,128,512,1518.32
2048,0,128,1024,2042.24
2048,0,128,2048,3345.94
2048,0,128,4096,6334.5
2048,0,128,8192,12352
2048,0,128,16384,24384.8
2048,16,0,0,367.312
2048,16,1,16,371.472
2048,16,1,32,371.077
2048,16,1,64,371.281
2048,16,1,128,372.443
2048,16,1,256,373.883
2048,16,1,512,374.982
2048,16,1,1024,378.438
2048,16,1,2048,385.435
2048,16,1,4096,452.305
2048,16,1,8192,580.767
2048,16,1,16384,812.3
2048,16,2,16,376.134
2048,16,2,32,376.123
2048,16,2,64,375.632
2048,16,2,128,377.862
2048,16,2,256,378.78
2048,16,2,512,384.251
2048,16,2,1024,390.278
2048,16,2,2048,408.113
2048,16,2,4096,486.759
2048,16,2,8192,638.816
2048,16,2,16384,910.937
2048,16,4,16,385.456
2048,16,4,32,385.798
2048,16,4,64,384.891
2048,16,4,128,389.254
2048,16,4,256,392.401
2048,16,4,512,400.774
2048,16,4,1024,415.025
2048,16,4,2048,450.866
2048,16,4,4096,555.24
2048,16,4,8192,759.959
2048,16,4,16384,1176.95
2048,16,8,16,405.468
2048,16,8,32,405.521
2048,16,8,64,406.183
2048,16,8,128,412.838
2048,16,8,256,419.91
2048,16,8,512,436.39
2048,16,8,1024,460.764
2048,16,8,2048,532.03
2048,16,8,4096,696.63
2048,16,8,8192,1036.74
2048,16,8,16384,1889.45
2048,16,16,16,444.636
2048,16,16,32,445.478
2048,16,16,64,445.436
2048,16,16,128,459.292
2048,16,16,256,474.279
2048,16,16,512,502.674
2048,16,16,1024,560.318
2048,16,16,2048,697.792
2048,16,16,4096,999.15
2048,16,16,8192,1772.99
2048,16,16,16384,3316.87
2048,16,32,16,525.213
2048,16,32,32,526.536
2048,16,32,64,526.93
2048,16,32,128,553.352
2048,16,32,256,582.313
2048,16,32,512,643.114
2048,16,32,1024,763.67
2048,16,32,2048,1040.97
2048,16,32,4096,1725.2
2048,16,32,8192,3253.47
2048,16,32,16384,6265.9
2048,16,64,16,687.008
2048,16,64,32,691.36
2048,16,64,64,689.952
2048,16,64,128,744.663
2048,16,64,256,808.023
2048,16,64,512,932.665
2048,16,64,1024,1204.82
2048,16,64,2048,1850.19
2048,16,64,4096,3352.6
2048,16,64,8192,6358.92
2048,16,64,16384,12381.9
2048,16,128,16,1008.57
2048,16,128,32,1013.68
2048,16,128,64,1020.97
2048,16,128,128,1146.22
2048,16,128,256,1274.54
2048,16,128,512,1529.71
2048,16,128,1024,2053.04
2048,16,128,2048,3353.53
2048,16,128,4096,6343.16
2048,16,128,8192,12355.5
2048,16,128,16384,24393.3
2048,32,0,0,366.661
2048,32,1,16,371.386
2048,32,1,32,370.96
2048,32,1,64,372.058
2048,32,1,128,372.091
2048,32,1,256,372.453
2048,32,1,512,375.323
2048,32,1,1024,377.669
2048,32,1,2048,385.691
2048,32,1,4096,453.926
2048,32,1,8192,582.377
2048,32,1,16384,812.044
2048,32,2,16,376.39
2048,32,2,32,376.187
2048,32,2,64,375.312
2048,32,2,128,377.616
2048,32,2,256,379.11
2048,32,2,512,383.803
2048,32,2,1024,390.662
2048,32,2,2048,407.313
2048,32,2,4096,486.77
2048,32,2,8192,636.981
2048,32,2,16384,913.529
2048,32,4,16,385.563
2048,32,4,32,385.819
2048,32,4,64,385.606
2048,32,4,128,389.446
2048,32,4,256,392.176
2048,32,4,512,400.124
2048,32,4,1024,412.358
2048,32,4,2048,446.908
2048,32,4,4096,554.067
2048,32,4,8192,761.772
2048,32,4,16384,1176.12
2048,32,8,16,405.19
2048,32,8,32,405.35
2048,32,8,64,404.646
2048,32,8,128,411.676
2048,32,8,256,420.763
2048,32,8,512,434.631
2048,32,8,1024,461.5
2048,32,8,2048,531.581
2048,32,8,4096,696.704
2048,32,8,8192,1037.54
2048,32,8,16384,1899.78
2048,32,16,16,445.713
2048,32,16,32,444.871
2048,32,16,64,445.628
2048,32,16,128,459.441
2048,32,16,256,473.437
2048,32,16,512,503.443
2048,32,16,1024,560.83
2048,32,16,2048,696.885
2048,32,16,4096,1000.58
2048,32,16,8192,1777.84
2048,32,16,16384,3319.69
2048,32,32,16,525.757
2048,32,32,32,526.472
2048,32,32,64,527.005
2048,32,32,128,553.843
2048,32,32,256,582.622
2048,32,32,512,643.775
2048,32,32,1024,762.998
2048,32,32,2048,1041.29
2048,32,32,4096,1726.45
2048,32,32,8192,3255.42
2048,32,32,16384,6263.66
2048,32,64,16,687.466
2048,32,64,32,691.615
2048,32,64,64,690.57
2048,32,64,128,744.341
2048,32,64,256,808.46
2048,32,64,512,935.417
2048,32,64,1024,1200.65
2048,32,64,2048,1848.44
2048,32,64,4096,3355.51
2048,32,64,8192,6358.65
2048,32,64,16384,12379.5
2048,32,128,16,1007.96
2048,32,128,32,1013.67
2048,32,128,64,1021.34
2048,32,128,128,1150.46
2048,32,128,256,1274.64
2048,32,128,512,1529.11
2048,32,128,1024,2054.6
2048,32,128,2048,3354.95
2048,32,128,4096,6349
2048,32,128,8192,12362.3
2048,32,128,16384,24401.4
2048,64,0,0,366.406
2048,64,1,16,370.918
2048,64,1,32,371.963
2048,64,1,64,372.101
2048,64,1,128,372.273
2048,64,1,256,373.648
2048,64,1,512,374.555
2048,64,1,1024,379.088
2048,64,1,2048,384.944
2048,64,1,4096,452.742
2048,64,1,8192,581.449
2048,64,1,16384,812.023
2048,64,2,16,376.518
2048,64,2,32,376.24
2048,64,2,64,376.582
2048,64,2,128,379.76
2048,64,2,256,379.568
2048,64,2,512,383.28
2048,64,2,1024,390.534
2048,64,2,2048,407.676
2048,64,2,4096,485.938
2048,64,2,8192,635.135
2048,64,2,16384,908.11
2048,64,4,16,386.043
2048,64,4,32,385.692
2048,64,4,64,387.152
2048,64,4,128,389.061
2048,64,4,256,392.955
2048,64,4,512,400.486
2048,64,4,1024,412.891
2048,64,4,2048,449.202
2048,64,4,4096,556.136
2048,64,4,8192,759.798
2048,64,4,16384,1176.81
2048,64,8,16,405.35
2048,64,8,32,405.265
2048,64,8,64,406.385
2048,64,8,128,412.454
2048,64,8,256,420.123
2048,64,8,512,436.209
2048,64,8,1024,461.415
2048,64,8,2048,533.214
2048,64,8,4096,697.462
2048,64,8,8192,1037.71
2048,64,8,16384,1889.21
2048,64,16,16,445.116
2048,64,16,32,445.191
2048,64,16,64,445.522
2048,64,16,128,459.537
2048,64,16,256,474.919
2048,64,16,512,504.445
2048,64,16,1024,559.667
2048,64,16,2048,697.162
2048,64,16,4096,999.322
2048,64,16,8192,1776.92
2048,64,16,16384,3325.88
2048,64,32,16,525.852
2048,64,32,32,526.557
2048,64,32,64,528.061
2048,64,32,128,553.47
2048,64,32,256,583.625
2048,64,32,512,643.828
2048,64,32,1024,764.352
2048,64,32,2048,1040.16
2048,64,32,4096,1725.83
2048,64,32,8192,3253.38
2048,64,32,16384,6270.08
2048,64,64,16,689.835
2048,64,64,32,689.055
2048,64,64,64,689.706
2048,64,64,128,744.395
2048,64,64,256,807.361
2048,64,64,512,932.984
2048,64,64,1024,1201.31
2048,64,64,2048,1850.63
2048,64,64,4096,3356.22
2048,64,64,8192,6359.93
2048,64,64,16384,12378.8
2048,64,128,16,1008.57
2048,64,128,32,1013.76
2048,64,128,64,1021.34
2048,64,128,128,1146.81
2048,64,128,256,1275.04
2048,64,128,512,1529.31
2048,64,128,1024,2055.62
2048,64,128,2048,3352.32
2048,64,128,4096,6347.22
2048,64,128,8192,12359.2
2048,64,128,16384,24398.5
2048,128,0,0,380.688
2048,128,1,16,385.989
2048,128,1,32,385.809
2048,128,1,64,385.606
2048,128,1,128,388.827
2048,128,1,256,387.451
2048,128,1,512,389.393
2048,128,1,1024,392.124
2048,128,1,2048,399.42
2048,128,1,4096,464.839
2048,128,1,8192,594.239
2048,128,1,16384,830.711
2048,128,2,16,390.022
2048,128,2,32,391.857
2048,128,2,64,391.119
2048,128,2,128,393.114
2048,128,2,256,393.83
2048,128,2,512,398.246
2048,128,2,1024,404.604
2048,128,2,2048,421.777
2048,128,2,4096,502.002
2048,128,2,8192,653.802
2048,128,2,16384,928.962
2048,128,4,16,399.59
2048,128,4,32,399.537
2048,128,4,64,400.219
2048,128,4,128,403.206
2048,128,4,256,406.982
2048,128,4,512,416.39
2048,128,4,1024,428.86
2048,128,4,2048,461.309
2048,128,4,4096,571.015
2048,128,4,8192,773.847
2048,128,4,16384,1192.82
2048,128,8,16,420.091
2048,128,8,32,419.932
2048,128,8,64,420.689
2048,128,8,128,427.836
2048,128,8,256,433.767
2048,128,8,512,449.842
2048,128,8,1024,476.231
2048,128,8,2048,549.224
2048,128,8,4096,711.935
2048,128,8,8192,1049.7
2048,128,8,16384,1901.6
2048,128,16,16,460.156
2048,128,16,32,460.081
2048,128,16,64,459.879
2048,128,16,128,473.649
2048,128,16,256,488.647
2048,128,16,512,517.181
2048,128,16,1024,576.04
2048,128,16,2048,712.181
2048,128,16,4096,1013.36
2048,128,16,8192,1780.92
2048,128,16,16384,3326.7
2048,128,32,16,539.944
2048,128,32,32,539.976
2048,128,32,64,540.52
2048,128,32,128,567.667
2048,128,32,256,596.648
2048,128,32,512,659.849
2048,128,32,1024,780.854
2048,128,32,2048,1053.17
2048,128,32,4096,1731.32
2048,128,32,8192,3262.72
2048,128,32,16384,6271.98
2048,128,64,16,700.244
2048,128,64,32,702.527
2048,128,64,64,704.149
2048,128,64,128,758.944
2048,128,64,256,820.972
2048,128,64,512,947.064
2048,128,64,1024,1214.84
2048,128,64,2048,1857.79
2048,128,64,4096,3367.81
2048,128,64,8192,6372.65
2048,128,64,16384,12387.3
2048,128,128,16,1022.6
2048,128,128,32,1028.1
2048,128,128,64,1035.6
2048,128,128,128,1161.31
2048,128,128,256,1289.23
2048,128,128,512,1543.36
2048,128,128,1024,2069.24
2048,128,128,2048,3364.9
2048,128,128,4096,6359.79
2048,128,128,8192,12378.9
2048,128,128,16384,24415.3
2048,256,0,0,411.557
2048,256,1,16,416.208
2048,256,1,32,415.846
2048,256,1,64,416.197
2048,256,1,128,417.264
2048,256,1,256,418.193
2048,256,1,512,420.294
2048,256,1,1024,423.142
2048,256,1,2048,429.617
2048,256,1,4096,493.874
2048,256,1,8192,622.75
2048,256,1,16384,864.097
2048,256,2,16,420.913
2048,256,2,32,421.521
2048,256,2,64,421.041
2048,256,2,128,423.153
2048,256,2,256,424.561
2048,256,2,512,428.327
2048,256,2,1024,435.088
2048,256,2,2048,447.814
2048,256,2,4096,529.17
2048,256,2,8192,682.377
2048,256,2,16384,966.36
2048,256,4,16,431.036
2048,256,4,32,430.364
2048,256,4,64,430.097
2048,256,4,128,433.67
2048,256,4,256,437.404
2048,256,4,512,445.499
2048,256,4,1024,458.939
2048,256,4,2048,490.001
2048,256,4,4096,599.944
2048,256,4,8192,804.864
2048,256,4,16384,1228.23
2048,256,8,16,449.948
2048,256,8,32,451.228
2048,256,8,64,450.012
2048,256,8,128,456.657
2048,256,8,256,464.454
2048,256,8,512,480.647
2048,256,8,1024,507.495
2048,256,8,2048,575.667
2048,256,8,4096,742.602
2048,256,8,8192,1076.19
2048,256,8,16384,1912.36
2048,256,16,16,488.967
2048,256,16,32,490.012
2048,256,16,64,490.321
2048,256,16,128,503.633
2048,256,16,256,518.482
2048,256,16,512,546.898
2048,256,16,1024,605.651
2048,256,16,2048,743.178
2048,256,16,4096,1036.31
2048,256,16,8192,1791.26
2048,256,16,16384,3348.59
2048,256,32,16,569.426
2048,256,32,32,570.312
2048,256,32,64,571.997
2048,256,32,128,597.459
2048,256,32,256,627.572
2048,256,32,512,686.975
2048,256,32,1024,808.897
2048,256,32,2048,1079.41
2048,256,32,4096,1737.62
2048,256,32,8192,3276.85
2048,256,32,16384,6284.63
2048,256,64,16,730.666
2048,256,64,32,731.967
2048,256,64,64,734.474
2048,256,64,128,788.65
2048,256,64,256,851.031
2048,256,64,512,975.235
2048,256,64,1024,1243.19
2048,256,64,2048,1873.54
2048,256,64,4096,3378.02
2048,256,64,8192,6388.55
2048,256,64,16384,12411.6
2048,256,128,16,1051.26
2048,256,128,32,1056.86
2048,256,128,64,1064.85
2048,256,128,128,1189.18
2048,256,128,256,1318.17
2048,256,128,512,1581.38
2048,256,128,1024,2095.41
2048,256,128,2048,3382.99
2048,256,128,4096,6378.61
2048,256,128,8192,12390.8
2048,256,128,16384,24425.9
2048,512,0,0,472.359
2048,512,1,16,477.894
2048,512,1,32,477.991
2048,512,1,64,476.955
2048,512,1,128,478.63
2048,512,1,256,478.887
2048,512,1,512,480.305
2048,512,1,1024,483.985
2048,512,1,2048,490.216
2048,512,1,4096,549.415
2048,512,1,8192,681.044
2048,512,1,16384,930.776
2048,512,2,16,481.393
2048,512,2,32,481.767
2048,512,2,64,481.734
2048,512,2,128,483.963
2048,512,2,256,486.386
2048,512,2,512,488.583
2048,512,2,1024,496.903
2048,512,2,2048,510.012
2048,512,2,4096,586.579
2048,512,2,8192,740.458
2048,512,2,16384,1035.48
2048,512,4,16,490.951
2048,512,4,32,490.406
2048,512,4,64,492.028
2048,512,4,128,494.044
2048,512,4,256,497.18
2048,512,4,512,506.45
2048,512,4,1024,519.015
2048,512,4,2048,547.869
2048,512,4,4096,656.404
2048,512,4,8192,864.834
2048,512,4,16384,1286.5
2048,512,8,16,510.514
2048,512,8,32,511.25
2048,512,8,64,511.42
2048,512,8,128,516.135
2048,512,8,256,525.383
2048,512,8,512,540.893
2048,512,8,1024,568.701
2048,512,8,2048,630.473
2048,512,8,4096,800.075
2048,512,8,8192,1127.62
2048,512,8,16384,1940.62
2048,512,16,16,548.914
2048,512,16,32,549.138
2048,512,16,64,549.693
2048,512,16,128,564.818
2048,512,16,256,577.863
2048,512,16,512,607.293
2048,512,16,1024,667.539
2048,512,16,2048,798.08
2048,512,16,4096,1088.26
2048,512,16,8192,1810.58
2048,512,16,16384,3401.23
2048,512,32,16,630.356
2048,512,32,32,630.025
2048,512,32,64,629.502
2048,512,32,128,657.535
2048,512,32,256,686.57
2048,512,32,512,747.786
2048,512,32,1024,867.82
2048,512,32,2048,1135.4
2048,512,32,4096,1758.23
2048,512,32,8192,3306.66
2048,512,32,16384,6315.73
2048,512,64,16,791.147
2048,512,64,32,792.576
2048,512,64,64,793.888
2048,512,64,128,849.089
2048,512,64,256,911.287
2048,512,64,512,1031.16
2048,512,64,1024,1297.25
2048,512,64,2048,1914.75
2048,512,64,4096,3416.63
2048,512,64,8192,6425.25
2048,512,64,16384,12443.1
2048,512,128,16,1111.08
2048,512,128,32,1116.41
2048,512,128,64,1123.93
2048,512,128,128,1245.09
2048,512,128,256,1374.81
2048,512,128,512,1629.7
2048,512,128,1024,2152.1
2048,512,128,2048,3427.51
2048,512,128,4096,6422.27
2048,512,128,8192,12440.6
2048,512,128,16384,24480.7
2048,1024,0,0,596.254
2048,1024,1,16,597.704
2048,1024,1,32,598.089
2048,1024,1,64,599.795
2048,1024,1,128,599.721
2048,1024,1,256,598.653
2048,1024,1,512,600.851
2048,1024,1,1024,606.931
2048,1024,1,2048,612.509
2048,1024,1,4096,658.792
2048,1024,1,8192,792.651
2048,1024,1,16384,1050.28
2048,1024,2,16,601.384
2048,1024,2,32,603.464
2048,1024,2,64,603.389
2048,1024,2,128,604.552
2048,1024,2,256,606.963
2048,1024,2,512,610.163
2048,1024,2,1024,617.299
2048,1024,2,2048,630.953
2048,1024,2,4096,693.693
2048,1024,2,8192,859.925
2048,1024,2,16384,1151.84
2048,1024,4,16,611.347
2048,1024,4,32,611.027
2048,1024,4,64,612.328
2048,1024,4,128,615.208
2048,1024,4,256,616.125
2048,1024,4,512,626.078
2048,1024,4,1024,641.182
2048,1024,4,2048,669.438
2048,1024,4,4096,771.883
2048,1024,4,8192,983.245
2048,1024,4,16384,1388.98
2048,1024,8,16,631.72
2048,1024,8,32,633.608
2048,1024,8,64,635.379
2048,1024,8,128,639.71
2048,1024,8,256,643.497
2048,1024,8,512,659.528
2048,1024,8,1024,692.649
2048,1024,8,2048,745.791
2048,1024,8,4096,912.152
2048,1024,8,8192,1236.26
2048,1024,8,16384,2002.09
2048,1024,16,16,670.398
2048,1024,16,32,671.988
2048,1024,16,64,670.943
2048,1024,16,128,682.846
2048,1024,16,256,697.31
2048,1024,16,512,726.517
2048,1024,16,1024,788.747
2048,1024,16,2048,912.769
2048,1024,16,4096,1193.41
2048,1024,16,8192,1872.38
2048,1024,16,16384,3488.33
2048,1024,32,16,748.085
2048,1024,32,32,749.268
2048,1024,32,64,749.887
2048,1024,32,128,776.266
2048,1024,32,256,807.648
2048,1024,32,512,869.516
2048,1024,32,1024,986.594
2048,1024,32,2048,1237.09
2048,1024,32,4096,1841.53
2048,1024,32,8192,3363.72
2048,1024,32,16384,6388.48
2048,1024,64,16,910.369
2048,1024,64,32,911.361
2048,1024,64,64,913.581
2048,1024,64,128,969.367
2048,1024,64,256,1032.19
2048,1024,64,512,1148.08
2048,1024,64,1024,1405.1
2048,1024,64,2048,2008.49
2048,1024,64,4096,3472.46
2048,1024,64,8192,6481.73
2048,1024,64,16384,12510.9
2048,1024,128,16,1231.01
2048,1024,128,32,1235.75
2048,1024,128,64,1245.55
2048,1024,128,128,1357.44
2048,1024,128,256,1488.54
2048,1024,128,512,1742.1
2048,1024,128,1024,2263.32
2048,1024,128,2048,3524.07
2048,1024,128,4096,6484.59
2048,1024,128,8192,12505
2048,1024,128,16384,24549.1
2048,2048,0,0,836.769
2048,2048,1,16,837.899
2048,2048,1,32,838.315
2048,2048,1,64,838.411
2048,2048,1,128,839.362
2048,2048,1,256,838.145
2048,2048,1,512,840.054
2048,2048,1,1024,846.753
2048,2048,1,2048,852.524
2048,2048,1,4096,871.212
2048,2048,1,8192,1009.58
2048,2048,1,16384,1279.56
2048,2048,2,16,841.045
2048,2048,2,32,840.416
2048,2048,2,64,840.373
2048,2048,2,128,844.897
2048,2048,2,256,843.915
2048,2048,2,512,848.705
2048,2048,2,1024,855.724
2048,2048,2,2048,872.47
2048,2048,2,4096,914.871
2048,2048,2,8192,1089.09
2048,2048,2,16384,1397.26
2048,2048,4,16,851.136
2048,2048,4,32,851.68
2048,2048,4,64,859.627
2048,2048,4,128,856.096
2048,2048,4,256,860.278
2048,2048,4,512,867.735
2048,2048,4,1024,881.462
2048,2048,4,2048,909.815
2048,2048,4,4096,987.981
2048,2048,4,8192,1220.68
2048,2048,4,16384,1626.53
2048,2048,8,16,874.166
2048,2048,8,32,874.262
2048,2048,8,64,876.076
2048,2048,8,128,882.422
2048,2048,8,256,888.162
2048,2048,8,512,899.991
2048,2048,8,1024,935.138
2048,2048,8,2048,999.865
2048,2048,8,4096,1136.41
2048,2048,8,8192,1476.56
2048,2048,8,16384,2153.59
2048,2048,16,16,915.874
2048,2048,16,32,917.463
2048,2048,16,64,917.143
2048,2048,16,128,930.253
2048,2048,16,256,945.485
2048,2048,16,512,968.877
2048,2048,16,1024,1024.91
2048,2048,16,2048,1144.89
2048,2048,16,4096,1420.56
2048,2048,16,8192,2037.05
2048,2048,16,16384,3571.38
2048,2048,32,16,997.047
2048,2048,32,32,993.56
2048,2048,32,64,992.877
2048,2048,32,128,1015.89
2048,2048,32,256,1050.21
2048,2048,32,512,1108.8
2048,2048,32,1024,1225.19
2048,2048,32,2048,1466.28
2048,2048,32,4096,2024.64
2048,2048,32,8192,3456.36
2048,2048,32,16384,6527.07
2048,2048,64,16,1148.15
2048,2048,64,32,1150.58
2048,2048,64,64,1156.72
2048,2048,64,128,1220.78
2048,2048,64,256,1271.11
2048,2048,64,512,1396.75
2048,2048,64,1024,1626.12
2048,2048,64,2048,2183.44
2048,2048,64,4096,3616.1
2048,2048,64,8192,6624.92
2048,2048,64,16384,12650.3
2048,2048,128,16,1474.56
2048,2048,128,32,1476.67
2048,2048,128,64,1490.1
2048,2048,128,128,1596.59
2048,2048,128,256,1720.57
2048,2048,128,512,1969.77
2048,2048,128,1024,2500.76
2048,2048,128,2048,3701.28
2048,2048,128,4096,6611.33
2048,2048,128,8192,12651.6
2048,2048,128,16384,24677
2048,4096,0,0,1314.02
2048,4096,1,16,1317.39
2048,4096,1,32,1320.16
2048,4096,1,64,1318.3
2048,4096,1,128,1322.38
2048,4096,1,256,1319.49
2048,4096,1,512,1322.43
2048,4096,1,1024,1332.44
2048,4096,1,2048,1337.58
2048,4096,1,4096,1362.14
2048,4096,1,8192,1447.58
2048,4096,1,16384,1708.92
2048,4096,2,16,1326.03
2048,4096,2,32,1325.08
2048,4096,2,64,1324.06
2048,4096,2,128,1327.07
2048,4096,2,256,1330.59
2048,4096,2,512,1333.6
2048,4096,2,1024,1342.27
2048,4096,2,2048,1355.94
2048,4096,2,4096,1385.13
2048,4096,2,8192,1511.45
2048,4096,2,16384,1851.53
2048,4096,4,16,1334.48
2048,4096,4,32,1338.51
2048,4096,4,64,1336.91
2048,4096,4,128,1350.02
2048,4096,4,256,1347.64
2048,4096,4,512,1354.12
2048,4096,4,1024,1369.4
2048,4096,4,2048,1391.36
2048,4096,4,4096,1441.6
2048,4096,4,8192,1646.85
2048,4096,4,16384,2084.7
2048,4096,8,16,1369.69
2048,4096,8,32,1369.44
2048,4096,8,64,1363.73
2048,4096,8,128,1374.5
2048,4096,8,256,1380.62
2048,4096,8,512,1391.86
2048,4096,8,1024,1417.12
2048,4096,8,2048,1467.31
2048,4096,8,4096,1580.33
2048,4096,8,8192,1915.82
2048,4096,8,16384,2591.54
2048,4096,16,16,1410.1
2048,4096,16,32,1418.6
2048,4096,16,64,1410.83
2048,4096,16,128,1426.55
2048,4096,16,256,1443.22
2048,4096,16,512,1463.6
2048,4096,16,1024,1507.9
2048,4096,16,2048,1626.42
2048,4096,16,4096,1898.43
2048,4096,16,8192,2450.12
2048,4096,16,16384,3881.16
2048,4096,32,16,1457.4
2048,4096,32,32,1469.13
2048,4096,32,64,1462.08
2048,4096,32,128,1486
2048,4096,32,256,1509.84
2048,4096,32,512,1579.55
2048,4096,32,1024,1707.25
2048,4096,32,2048,1944.32
2048,4096,32,4096,2456.49
2048,4096,32,8192,3722.14
2048,4096,32,16384,6870.41
2048,4096,64,16,1612.22
2048,4096,64,32,1633.65
2048,4096,64,64,1623.65
2048,4096,64,128,1680.36
2048,4096,64,256,1744.8
2048,4096,64,512,1886.87
2048,4096,64,1024,2100.47
2048,4096,64,2048,2588.64
2048,4096,64,4096,3880.32
2048,4096,64,8192,6912.49
2048,4096,64,16384,12931
2048,4096,128,16,1949.95
2048,4096,128,32,1960.51
2048,4096,128,64,1967.18
2048,4096,128,128,2078.15
2048,4096,128,256,2198.96
2048,4096,128,512,2425.72
2048,4096,128,1024,2928.07
2048,4096,128,2048,4075.79
2048,4096,128,4096,6906.56
2048,4096,128,8192,12946.3
2048,4096,128,16384,24985.1
2048,8192,0,0,2218.08
2048,8192,1,16,2214.51
2048,8192,1,32,2209.72
2048,8192,1,64,2233.41
2048,8192,1,128,2280.69
2048,8192,1,256,2314.97
2048,8192,1,512,2289.97
2048,8192,1,1024,2317.42
2048,8192,1,2048,2346.67
2048,8192,1,4096,2330.27
2048,8192,1,8192,2405.42
2048,8192,1,16384,2601.44
2048,8192,2,16,2292.84
2048,8192,2,32,2296.69
2048,8192,2,64,2296.17
2048,8192,2,128,2300.83
2048,8192,2,256,2330.33
2048,8192,2,512,2350.89
2048,8192,2,1024,2345.48
2048,8192,2,2048,2335.32
2048,8192,2,4096,2388.29
2048,8192,2,8192,2415.55
2048,8192,2,16384,2678.71
2048,8192,4,16,2319.32
2048,8192,4,32,2313.78
2048,8192,4,64,2310.43
2048,8192,4,128,2320.01
2048,8192,4,256,2366.1
2048,8192,4,512,2334.7
2048,8192,4,1024,2409.02
2048,8192,4,2048,2390.63
2048,8192,4,4096,2407.99
2048,8192,4,8192,2484.41
2048,8192,4,16384,3019.09
2048,8192,8,16,2357.5
2048,8192,8,32,2384.69
2048,8192,8,64,2373.51
2048,8192,8,128,2353.64
2048,8192,8,256,2349.8
2048,8192,8,512,2372.22
2048,8192,8,1024,2381.93
2048,8192,8,2048,2484.21
2048,8192,8,4096,2554.2
2048,8192,8,8192,2769.87
2048,8192,8,16384,3461.73
2048,8192,16,16,2360.74
2048,8192,16,32,2353.28
2048,8192,16,64,2352.36
2048,8192,16,128,2351
2048,8192,16,256,2364.07
2048,8192,16,512,2400.99
2048,8192,16,1024,2487.2
2048,8192,16,2048,2569.49
2048,8192,16,4096,2826.27
2048,8192,16,8192,3390.92
2048,8192,16,16384,4473.02
2048,8192,32,16,2399.8
2048,8192,32,32,2368.54
2048,8192,32,64,2378.95
2048,8192,32,128,2396.4
2048,8192,32,256,2425.28
2048,8192,32,512,2495.98
2048,8192,32,1024,2634.16
2048,8192,32,2048,2903.93
2048,8192,32,4096,3377.26
2048,8192,32,8192,4405.34
2048,8192,32,16384,7342.22
2048,8192,64,16,2562.84
2048,8192,64,32,2531.44
2048,8192,64,64,2532.2
2048,8192,64,128,2595.66
2048,8192,64,256,2703.43
2048,8192,64,512,2793.24
2048,8192,64,1024,3094.75
2048,8192,64,2048,3529.13
2048,8192,64,4096,4541.37
2048,8192,64,8192,7444.28
2048,8192,64,16384,13522.5
2048,8192,128,16,2901.71
2048,8192,128,32,2906.64
2048,8192,128,64,2898.68
2048,8192,128,128,3020.1
2048,8192,128,256,3133.24
2048,8192,128,512,3381.81
2048,8192,128,1024,3852.53
2048,8192,128,2048,4871.04
2048,8192,128,4096,7529.98
2048,8192,128,8192,13517.2
2048,8192,128,16384,25466.6
2048,16384,0,0,4200.37
2048,16384,1,16,4189.25
2048,16384,1,32,4265.76
2048,16384,1,64,4230.64
2048,16384,1,128,4198.56
2048,16384,1,256,4194.06
2048,16384,1,512,4207.38
2048,16384,1,1024,4328.26
2048,16384,1,2048,4341.29
2048,16384,1,4096,4342.37
2048,16384,1,8192,4459.31
2048,16384,1,16384,4437.76
2048,16384,2,16,4254.56
2048,16384,2,32,4261.76
2048,16384,2,64,4258.96
2048,16384,2,128,4190.05
2048,16384,2,256,4196.45
2048,16384,2,512,4214.52
2048,16384,2,1024,4270.44
2048,16384,2,2048,4256.88
2048,16384,2,4096,4422.34
2048,16384,2,8192,4463.68
2048,16384,2,16384,4527.28
2048,16384,4,16,4263.07
2048,16384,4,32,4194.68
2048,16384,4,64,4239.85
2048,16384,4,128,4204.55
2048,16384,4,256,4279.92
2048,16384,4,512,4201.65
2048,16384,4,1024,4300.4
2048,16384,4,2048,4353.79
2048,16384,4,4096,4335.79
2048,16384,4,8192,4495.76
2048,16384,4,16384,4687.46
2048,16384,8,16,4292.16
2048,16384,8,32,4278.43
2048,16384,8,64,4220.63
2048,16384,8,128,4199.34
2048,16384,8,256,4182.65
2048,16384,8,512,4261.67
2048,16384,8,1024,4302.25
2048,16384,8,2048,4356.43
2048,16384,8,4096,4423.93
2048,16384,8,8192,4737.98
2048,16384,8,16384,5266.37
2048,16384,16,16,4195.11
2048,16384,16,32,4261.58
2048,16384,16,64,4245.81
2048,16384,16,128,4229
2048,16384,16,256,4239.74
2048,16384,16,512,4294.38
2048,16384,16,1024,4264.44
2048,16384,16,2048,4497.22
2048,16384,16,4096,4746.64
2048,16384,16,8192,5380.35
2048,16384,16,16384,6278.55
2048,16384,32,16,4306.05
2048,16384,32,32,4308.06
2048,16384,32,64,4281.26
2048,16384,32,128,4239.59
2048,16384,32,256,4263.54
2048,16384,32,512,4325.78
2048,16384,32,1024,4561.74
2048,16384,32,2048,4858.36
2048,16384,32,4096,5348.04
2048,16384,32,8192,6296.45
2048,16384,32,16384,8386.94
2048,16384,64,16,4391.5
2048,16384,64,32,4436.57
2048,16384,64,64,4436.34
2048,16384,64,128,4489.36
2048,16384,64,256,4523.61
2048,16384,64,512,4708.35
2048,16384,64,1024,4929.1
2048,16384,64,2048,5471.6
2048,16384,64,4096,6452.38
2048,16384,64,8192,8507.21
2048,16384,64,16384,14676.8
2048,16384,128,16,4737.28
2048,16384,128,32,4670.02
2048,16384,128,64,4727.9
2048,16384,128,128,4904.21
2048,16384,128,256,4975.55
2048,16384,128,512,5224.63
2048,16384,128,1024,5732.67
2048,16384,128,2048,6733.96
2048,16384,128,4096,8843.98
2048,16384,128,8192,14571.1
2048,16384,128,16384,26806.4
