pc,n_label,skew_rate_label,kv_big_label,kp_label,alpha,n_samples
0,n<=128,sr<=15%,kvB<=16k,kp=0,0.0199,4
0,n<=128,sr<=15%,kvB<=1k,kp=0,0.0395,4
0,n<=128,sr<=15%,kvB<=4k,kp=0,0.0112,4
0,n<=128,sr<=40%,kvB<=16k,kp=0,-0.0008,2
0,n<=128,sr<=40%,kvB<=1k,kp=0,0.0471,2
0,n<=128,sr<=40%,kvB<=4k,kp=0,-0.0058,2
0,n<=128,sr<=5%,kvB<=16k,kp=0,0.0291,8
0,n<=128,sr<=5%,kvB<=1k,kp=0,0.0097,8
0,n<=128,sr<=5%,kvB<=4k,kp=0,0.0278,8
0,n<=128,sr<=70%,kvB<=16k,kp=0,-0.0062,2
0,n<=128,sr<=70%,kvB<=1k,kp=0,0.0366,2
0,n<=128,sr<=70%,kvB<=4k,kp=0,-0.007,2
0,n<=128,sr>70%,kvB<=16k,kp=0,0.0385,4
0,n<=128,sr>70%,kvB<=1k,kp=0,0.132,4
0,n<=128,sr>70%,kvB<=4k,kp=0,0.0289,4
0,n<=16,sr<=15%,kvB<=16k,kp=0,0.1193,4
0,n<=16,sr<=15%,kvB<=1k,kp=0,0.0609,4
0,n<=16,sr<=15%,kvB<=4k,kp=0,0.0898,4
0,n<=16,sr<=40%,kvB<=16k,kp=0,0.0386,4
0,n<=16,sr<=40%,kvB<=1k,kp=0,0.0772,4
0,n<=16,sr<=40%,kvB<=4k,kp=0,0.0076,4
0,n<=16,sr<=70%,kvB<=16k,kp=0,-0.0072,2
0,n<=16,sr<=70%,kvB<=1k,kp=0,0.0419,2
0,n<=16,sr<=70%,kvB<=4k,kp=0,-0.0035,2
0,n<=16,sr>70%,kvB<=16k,kp=0,0.2424,4
0,n<=16,sr>70%,kvB<=1k,kp=0,0.1852,4
0,n<=16,sr>70%,kvB<=4k,kp=0,0.2069,4
0,n<=2,sr<=70%,kvB<=16k,kp=0,-0.0352,2
0,n<=2,sr<=70%,kvB<=1k,kp=0,0.1403,2
0,n<=2,sr<=70%,kvB<=4k,kp=0,-0.4807,2
0,n<=256,sr<=15%,kvB<=16k,kp=0,-0.0003,4
0,n<=256,sr<=15%,kvB<=1k,kp=0,0.0434,4
0,n<=256,sr<=15%,kvB<=4k,kp=0,0.0042,4
0,n<=256,sr<=40%,kvB<=16k,kp=0,-0.0029,2
0,n<=256,sr<=40%,kvB<=1k,kp=0,0.076,2
0,n<=256,sr<=40%,kvB<=4k,kp=0,-0.0036,2
0,n<=256,sr<=5%,kvB<=16k,kp=0,0.0019,8
0,n<=256,sr<=5%,kvB<=1k,kp=0,0.0031,8
0,n<=256,sr<=5%,kvB<=4k,kp=0,0.0045,8
0,n<=256,sr<=70%,kvB<=16k,kp=0,-0.0065,2
0,n<=256,sr<=70%,kvB<=1k,kp=0,0.0517,2
0,n<=256,sr<=70%,kvB<=4k,kp=0,-0.0072,2
0,n<=256,sr>70%,kvB<=16k,kp=0,-0.01,4
0,n<=256,sr>70%,kvB<=1k,kp=0,0.1645,4
0,n<=256,sr>70%,kvB<=4k,kp=0,-0.0153,4
0,n<=32,sr<=15%,kvB<=16k,kp=0,0.2387,6
0,n<=32,sr<=15%,kvB<=1k,kp=0,0.2385,6
0,n<=32,sr<=15%,kvB<=4k,kp=0,0.2302,6
0,n<=32,sr<=40%,kvB<=16k,kp=0,0.1075,2
0,n<=32,sr<=40%,kvB<=1k,kp=0,0.1285,2
0,n<=32,sr<=40%,kvB<=4k,kp=0,0.0934,2
0,n<=32,sr<=5%,kvB<=16k,kp=0,0.2833,2
0,n<=32,sr<=5%,kvB<=1k,kp=0,0.2556,2
0,n<=32,sr<=5%,kvB<=4k,kp=0,0.2847,2
0,n<=32,sr<=70%,kvB<=16k,kp=0,0.1386,2
0,n<=32,sr<=70%,kvB<=1k,kp=0,0.258,2
0,n<=32,sr<=70%,kvB<=4k,kp=0,0.1562,2
0,n<=32,sr>70%,kvB<=16k,kp=0,0.275,4
0,n<=32,sr>70%,kvB<=1k,kp=0,0.2999,4
0,n<=32,sr>70%,kvB<=4k,kp=0,0.269,4
0,n<=4,sr<=40%,kvB<=16k,kp=0,0.0421,2
0,n<=4,sr<=40%,kvB<=1k,kp=0,0.2004,4
0,n<=4,sr<=40%,kvB<=4k,kp=0,0.0565,3
0,n<=4,sr<=70%,kvB<=16k,kp=0,0.0675,2
0,n<=4,sr<=70%,kvB<=1k,kp=0,-0.1489,2
0,n<=4,sr<=70%,kvB<=4k,kp=0,-0.3378,2
0,n<=4,sr>70%,kvB<=16k,kp=0,0.7089,2
0,n<=4,sr>70%,kvB<=1k,kp=0,0.0617,2
0,n<=4,sr>70%,kvB<=4k,kp=0,-0.2505,2
0,n<=64,sr<=15%,kvB<=16k,kp=0,0.0869,4
0,n<=64,sr<=15%,kvB<=1k,kp=0,0.0806,4
0,n<=64,sr<=15%,kvB<=4k,kp=0,0.0857,4
0,n<=64,sr<=40%,kvB<=16k,kp=0,0.0901,2
0,n<=64,sr<=40%,kvB<=1k,kp=0,0.0615,2
0,n<=64,sr<=40%,kvB<=4k,kp=0,0.0578,2
0,n<=64,sr<=5%,kvB<=16k,kp=0,0.1229,6
0,n<=64,sr<=5%,kvB<=1k,kp=0,0.0926,6
0,n<=64,sr<=5%,kvB<=4k,kp=0,0.1176,6
0,n<=64,sr<=70%,kvB<=16k,kp=0,-0.001,2
0,n<=64,sr<=70%,kvB<=1k,kp=0,-0.0336,2
0,n<=64,sr<=70%,kvB<=4k,kp=0,-0.0116,2
0,n<=64,sr>70%,kvB<=16k,kp=0,0.0336,4
0,n<=64,sr>70%,kvB<=1k,kp=0,0.1092,4
0,n<=64,sr>70%,kvB<=4k,kp=0,0.0254,4
0,n<=8,sr<=15%,kvB<=16k,kp=0,0.0975,2
0,n<=8,sr<=15%,kvB<=1k,kp=0,0.097,2
0,n<=8,sr<=15%,kvB<=4k,kp=0,0.0801,2
0,n<=8,sr<=40%,kvB<=16k,kp=0,0.0375,4
0,n<=8,sr<=40%,kvB<=1k,kp=0,-0.0353,4
0,n<=8,sr<=40%,kvB<=4k,kp=0,-0.0209,4
0,n<=8,sr<=70%,kvB<=16k,kp=0,-0.0003,2
0,n<=8,sr<=70%,kvB<=1k,kp=0,-0.1123,2
0,n<=8,sr<=70%,kvB<=4k,kp=0,0.0171,2
0,n<=8,sr>70%,kvB<=16k,kp=0,0.2654,4
0,n<=8,sr>70%,kvB<=1k,kp=0,0.2453,4
0,n<=8,sr>70%,kvB<=4k,kp=0,0.4569,4
16,n<=128,sr<=15%,kvB<=16k,kp<=1k,0.0029,4
16,n<=128,sr<=15%,kvB<=16k,kp<=2k,0.0029,4
16,n<=128,sr<=15%,kvB<=16k,kp<=4k,0.0032,4
16,n<=128,sr<=15%,kvB<=16k,kp<=512,0.0025,4
16,n<=128,sr<=15%,kvB<=16k,kp<=8k,0.0027,4
16,n<=128,sr<=15%,kvB<=16k,kp=0,0.0027,4
16,n<=128,sr<=15%,kvB<=1k,kp<=1k,0.0307,4
16,n<=128,sr<=15%,kvB<=1k,kp<=2k,0.0252,4
16,n<=128,sr<=15%,kvB<=1k,kp<=4k,0.0293,4
16,n<=128,sr<=15%,kvB<=1k,kp<=512,0.0346,4
16,n<=128,sr<=15%,kvB<=1k,kp<=8k,0.0255,4
16,n<=128,sr<=15%,kvB<=1k,kp=0,0.0365,4
16,n<=128,sr<=15%,kvB<=4k,kp<=1k,0.003,4
16,n<=128,sr<=15%,kvB<=4k,kp<=2k,0.0024,4
16,n<=128,sr<=15%,kvB<=4k,kp<=4k,0.002,4
16,n<=128,sr<=15%,kvB<=4k,kp<=512,0.0031,4
16,n<=128,sr<=15%,kvB<=4k,kp<=8k,0.0006,4
16,n<=128,sr<=15%,kvB<=4k,kp=0,0.0029,4
16,n<=128,sr<=40%,kvB<=16k,kp<=1k,-0.0013,2
16,n<=128,sr<=40%,kvB<=16k,kp<=2k,-0.0017,2
16,n<=128,sr<=40%,kvB<=16k,kp<=4k,-0.0002,2
16,n<=128,sr<=40%,kvB<=16k,kp<=512,-0.0016,2
16,n<=128,sr<=40%,kvB<=16k,kp<=8k,-0.0021,2
16,n<=128,sr<=40%,kvB<=16k,kp=0,-0.0011,2
16,n<=128,sr<=40%,kvB<=1k,kp<=1k,0.0613,2
16,n<=128,sr<=40%,kvB<=1k,kp<=2k,0.063,2
16,n<=128,sr<=40%,kvB<=1k,kp<=4k,0.0567,2
16,n<=128,sr<=40%,kvB<=1k,kp<=512,0.0652,2
16,n<=128,sr<=40%,kvB<=1k,kp<=8k,0.0567,2
16,n<=128,sr<=40%,kvB<=1k,kp=0,0.0645,2
16,n<=128,sr<=40%,kvB<=4k,kp<=1k,-0.0019,2
16,n<=128,sr<=40%,kvB<=4k,kp<=2k,-0.0037,2
16,n<=128,sr<=40%,kvB<=4k,kp<=4k,-0.0035,2
16,n<=128,sr<=40%,kvB<=4k,kp<=512,-0.0011,2
16,n<=128,sr<=40%,kvB<=4k,kp<=8k,0.0068,2
16,n<=128,sr<=40%,kvB<=4k,kp=0,-0.0017,2
16,n<=128,sr<=5%,kvB<=16k,kp<=1k,0.0058,8
16,n<=128,sr<=5%,kvB<=16k,kp<=2k,0.0062,8
16,n<=128,sr<=5%,kvB<=16k,kp<=4k,0.0056,8
16,n<=128,sr<=5%,kvB<=16k,kp<=512,0.006,8
16,n<=128,sr<=5%,kvB<=16k,kp<=8k,0.0051,8
16,n<=128,sr<=5%,kvB<=16k,kp=0,0.0058,8
16,n<=128,sr<=5%,kvB<=1k,kp<=1k,0.0047,8
16,n<=128,sr<=5%,kvB<=1k,kp<=2k,0.0009,8
16,n<=128,sr<=5%,kvB<=1k,kp<=4k,0.0032,8
16,n<=128,sr<=5%,kvB<=1k,kp<=512,0.0077,8
16,n<=128,sr<=5%,kvB<=1k,kp<=8k,0.0026,8
16,n<=128,sr<=5%,kvB<=1k,kp=0,0.0108,8
16,n<=128,sr<=5%,kvB<=4k,kp<=1k,0.0048,8
16,n<=128,sr<=5%,kvB<=4k,kp<=2k,0.0052,8
16,n<=128,sr<=5%,kvB<=4k,kp<=4k,0.0033,8
16,n<=128,sr<=5%,kvB<=4k,kp<=512,0.0061,8
16,n<=128,sr<=5%,kvB<=4k,kp<=8k,0.0016,8
16,n<=128,sr<=5%,kvB<=4k,kp=0,0.0057,8
16,n<=128,sr<=70%,kvB<=16k,kp<=1k,-0.0049,2
16,n<=128,sr<=70%,kvB<=16k,kp<=2k,-0.0051,2
16,n<=128,sr<=70%,kvB<=16k,kp<=4k,-0.0044,2
16,n<=128,sr<=70%,kvB<=16k,kp<=512,-0.0045,2
16,n<=128,sr<=70%,kvB<=16k,kp<=8k,-0.0014,2
16,n<=128,sr<=70%,kvB<=16k,kp=0,-0.0036,2
16,n<=128,sr<=70%,kvB<=1k,kp<=1k,0.0711,2
16,n<=128,sr<=70%,kvB<=1k,kp<=2k,0.0647,2
16,n<=128,sr<=70%,kvB<=1k,kp<=4k,0.0872,2
16,n<=128,sr<=70%,kvB<=1k,kp<=512,0.0721,2
16,n<=128,sr<=70%,kvB<=1k,kp<=8k,0.0615,2
16,n<=128,sr<=70%,kvB<=1k,kp=0,0.0815,2
16,n<=128,sr<=70%,kvB<=4k,kp<=1k,-0.0071,2
16,n<=128,sr<=70%,kvB<=4k,kp<=2k,-0.0052,2
16,n<=128,sr<=70%,kvB<=4k,kp<=4k,0.0091,2
16,n<=128,sr<=70%,kvB<=4k,kp<=512,-0.0084,2
16,n<=128,sr<=70%,kvB<=4k,kp<=8k,0.0087,2
16,n<=128,sr<=70%,kvB<=4k,kp=0,-0.0071,2
16,n<=128,sr>70%,kvB<=16k,kp<=1k,0.003,4
16,n<=128,sr>70%,kvB<=16k,kp<=2k,0.0031,4
16,n<=128,sr>70%,kvB<=16k,kp<=4k,0.0032,4
16,n<=128,sr>70%,kvB<=16k,kp<=512,0.0067,4
16,n<=128,sr>70%,kvB<=16k,kp<=8k,0.0078,4
16,n<=128,sr>70%,kvB<=16k,kp=0,0.0093,4
16,n<=128,sr>70%,kvB<=1k,kp<=1k,0.0572,4
16,n<=128,sr>70%,kvB<=1k,kp<=2k,0.0557,4
16,n<=128,sr>70%,kvB<=1k,kp<=4k,0.0752,4
16,n<=128,sr>70%,kvB<=1k,kp<=512,0.0611,4
16,n<=128,sr>70%,kvB<=1k,kp<=8k,0.0974,4
16,n<=128,sr>70%,kvB<=1k,kp=0,0.0776,4
16,n<=128,sr>70%,kvB<=4k,kp<=1k,-0.0018,4
16,n<=128,sr>70%,kvB<=4k,kp<=2k,-0.0036,4
16,n<=128,sr>70%,kvB<=4k,kp<=4k,0.0054,4
16,n<=128,sr>70%,kvB<=4k,kp<=512,-0.0044,4
16,n<=128,sr>70%,kvB<=4k,kp<=8k,-0.0052,4
16,n<=128,sr>70%,kvB<=4k,kp=0,0.0005,4
16,n<=16,sr<=15%,kvB<=16k,kp<=1k,0.2207,4
16,n<=16,sr<=15%,kvB<=16k,kp<=2k,0.1886,4
16,n<=16,sr<=15%,kvB<=16k,kp<=4k,0.1482,4
16,n<=16,sr<=15%,kvB<=16k,kp<=512,0.2401,4
16,n<=16,sr<=15%,kvB<=16k,kp<=8k,0.1055,4
16,n<=16,sr<=15%,kvB<=16k,kp=0,0.2538,4
16,n<=16,sr<=15%,kvB<=1k,kp<=1k,0.021,4
16,n<=16,sr<=15%,kvB<=1k,kp<=2k,0.0266,4
16,n<=16,sr<=15%,kvB<=1k,kp<=4k,0.0277,4
16,n<=16,sr<=15%,kvB<=1k,kp<=512,0.1174,4
16,n<=16,sr<=15%,kvB<=1k,kp<=8k,0.0307,4
16,n<=16,sr<=15%,kvB<=1k,kp=0,0.2506,4
16,n<=16,sr<=15%,kvB<=4k,kp<=1k,0.1464,4
16,n<=16,sr<=15%,kvB<=4k,kp<=2k,0.1056,4
16,n<=16,sr<=15%,kvB<=4k,kp<=4k,-0.0274,4
16,n<=16,sr<=15%,kvB<=4k,kp<=512,0.2,4
16,n<=16,sr<=15%,kvB<=4k,kp<=8k,-0.0056,4
16,n<=16,sr<=15%,kvB<=4k,kp=0,0.2562,4
16,n<=16,sr<=40%,kvB<=16k,kp<=1k,0.2612,4
16,n<=16,sr<=40%,kvB<=16k,kp<=2k,0.2317,4
16,n<=16,sr<=40%,kvB<=16k,kp<=4k,0.1771,4
16,n<=16,sr<=40%,kvB<=16k,kp<=512,0.2624,4
16,n<=16,sr<=40%,kvB<=16k,kp<=8k,0.1078,4
16,n<=16,sr<=40%,kvB<=16k,kp=0,0.263,4
16,n<=16,sr<=40%,kvB<=1k,kp<=1k,-0.0111,4
16,n<=16,sr<=40%,kvB<=1k,kp<=2k,0.0609,4
16,n<=16,sr<=40%,kvB<=1k,kp<=4k,0.0559,4
16,n<=16,sr<=40%,kvB<=1k,kp<=512,0.1299,4
16,n<=16,sr<=40%,kvB<=1k,kp<=8k,0.0607,4
16,n<=16,sr<=40%,kvB<=1k,kp=0,0.2539,4
16,n<=16,sr<=40%,kvB<=4k,kp<=1k,0.1791,4
16,n<=16,sr<=40%,kvB<=4k,kp<=2k,0.1179,4
16,n<=16,sr<=40%,kvB<=4k,kp<=4k,-0.0191,4
16,n<=16,sr<=40%,kvB<=4k,kp<=512,0.2215,4
16,n<=16,sr<=40%,kvB<=4k,kp<=8k,0.0297,4
16,n<=16,sr<=40%,kvB<=4k,kp=0,0.2463,4
16,n<=16,sr<=70%,kvB<=16k,kp<=1k,0.4878,2
16,n<=16,sr<=70%,kvB<=16k,kp<=2k,0.4617,2
16,n<=16,sr<=70%,kvB<=16k,kp<=4k,0.3606,2
16,n<=16,sr<=70%,kvB<=16k,kp<=512,0.5573,2
16,n<=16,sr<=70%,kvB<=16k,kp<=8k,0.3815,2
16,n<=16,sr<=70%,kvB<=16k,kp=0,0.5348,2
16,n<=16,sr<=70%,kvB<=1k,kp<=1k,-0.1106,2
16,n<=16,sr<=70%,kvB<=1k,kp<=2k,-0.0916,2
16,n<=16,sr<=70%,kvB<=1k,kp<=4k,0.0381,2
16,n<=16,sr<=70%,kvB<=1k,kp<=512,-0.0204,2
16,n<=16,sr<=70%,kvB<=1k,kp<=8k,0.0321,2
16,n<=16,sr<=70%,kvB<=1k,kp=0,0.2858,2
16,n<=16,sr<=70%,kvB<=4k,kp<=1k,0.3189,2
16,n<=16,sr<=70%,kvB<=4k,kp<=2k,0.2341,2
16,n<=16,sr<=70%,kvB<=4k,kp<=4k,0.0055,2
16,n<=16,sr<=70%,kvB<=4k,kp<=512,0.3533,2
16,n<=16,sr<=70%,kvB<=4k,kp<=8k,0.0605,2
16,n<=16,sr<=70%,kvB<=4k,kp=0,0.3095,2
16,n<=16,sr>70%,kvB<=16k,kp<=1k,1.1877,4
16,n<=16,sr>70%,kvB<=16k,kp<=2k,0.9726,4
16,n<=16,sr>70%,kvB<=16k,kp<=4k,0.7078,4
16,n<=16,sr>70%,kvB<=16k,kp<=512,1.2349,4
16,n<=16,sr>70%,kvB<=16k,kp<=8k,0.409,4
16,n<=16,sr>70%,kvB<=16k,kp=0,1.2963,4
16,n<=16,sr>70%,kvB<=1k,kp<=1k,-0.1386,4
16,n<=16,sr>70%,kvB<=1k,kp<=2k,-0.2671,4
16,n<=16,sr>70%,kvB<=1k,kp<=4k,0.1099,4
16,n<=16,sr>70%,kvB<=1k,kp<=512,0.0488,4
16,n<=16,sr>70%,kvB<=1k,kp<=8k,0.1982,4
16,n<=16,sr>70%,kvB<=1k,kp=0,0.6218,4
16,n<=16,sr>70%,kvB<=4k,kp<=1k,0.389,4
16,n<=16,sr>70%,kvB<=4k,kp<=2k,0.1724,4
16,n<=16,sr>70%,kvB<=4k,kp<=4k,-0.0763,4
16,n<=16,sr>70%,kvB<=4k,kp<=512,0.7811,4
16,n<=16,sr>70%,kvB<=4k,kp<=8k,-0.2374,4
16,n<=16,sr>70%,kvB<=4k,kp=0,1.0785,4
16,n<=2,sr<=70%,kvB<=16k,kp<=1k,0.9876,2
16,n<=2,sr<=70%,kvB<=16k,kp<=2k,0.9871,2
16,n<=2,sr<=70%,kvB<=16k,kp<=4k,0.9842,2
16,n<=2,sr<=70%,kvB<=16k,kp<=512,0.9875,2
16,n<=2,sr<=70%,kvB<=16k,kp<=8k,0.9848,2
16,n<=2,sr<=70%,kvB<=16k,kp=0,0.9879,2
16,n<=2,sr<=70%,kvB<=1k,kp<=1k,0.248,2
16,n<=2,sr<=70%,kvB<=1k,kp<=2k,0.4365,2
16,n<=2,sr<=70%,kvB<=1k,kp<=4k,0.144,2
16,n<=2,sr<=70%,kvB<=1k,kp<=512,0.9376,2
16,n<=2,sr<=70%,kvB<=1k,kp<=8k,0.243,2
16,n<=2,sr<=70%,kvB<=1k,kp=0,0.9407,2
16,n<=2,sr<=70%,kvB<=4k,kp<=1k,0.9652,2
16,n<=2,sr<=70%,kvB<=4k,kp<=2k,0.9596,2
16,n<=2,sr<=70%,kvB<=4k,kp<=4k,-0.2609,2
16,n<=2,sr<=70%,kvB<=4k,kp<=512,0.966,2
16,n<=2,sr<=70%,kvB<=4k,kp<=8k,-0.4149,2
16,n<=2,sr<=70%,kvB<=4k,kp=0,0.9584,2
16,n<=32,sr<=15%,kvB<=16k,kp<=1k,0.129,6
16,n<=32,sr<=15%,kvB<=16k,kp<=2k,0.1052,6
16,n<=32,sr<=15%,kvB<=16k,kp<=4k,0.0848,6
16,n<=32,sr<=15%,kvB<=16k,kp<=512,0.1529,6
16,n<=32,sr<=15%,kvB<=16k,kp<=8k,0.0718,6
16,n<=32,sr<=15%,kvB<=16k,kp=0,0.1436,6
16,n<=32,sr<=15%,kvB<=1k,kp<=1k,0.0344,6
16,n<=32,sr<=15%,kvB<=1k,kp<=2k,0.0518,6
16,n<=32,sr<=15%,kvB<=1k,kp<=4k,0.067,6
16,n<=32,sr<=15%,kvB<=1k,kp<=512,0.1083,6
16,n<=32,sr<=15%,kvB<=1k,kp<=8k,0.0662,6
16,n<=32,sr<=15%,kvB<=1k,kp=0,0.14,6
16,n<=32,sr<=15%,kvB<=4k,kp<=1k,0.1157,6
16,n<=32,sr<=15%,kvB<=4k,kp<=2k,0.0977,6
16,n<=32,sr<=15%,kvB<=4k,kp<=4k,0.044,6
16,n<=32,sr<=15%,kvB<=4k,kp<=512,0.1414,6
16,n<=32,sr<=15%,kvB<=4k,kp<=8k,0.069,6
16,n<=32,sr<=15%,kvB<=4k,kp=0,0.1719,6
16,n<=32,sr<=40%,kvB<=16k,kp<=1k,0.1879,2
16,n<=32,sr<=40%,kvB<=16k,kp<=2k,0.1516,2
16,n<=32,sr<=40%,kvB<=16k,kp<=4k,0.1259,2
16,n<=32,sr<=40%,kvB<=16k,kp<=512,0.2027,2
16,n<=32,sr<=40%,kvB<=16k,kp<=8k,0.1246,2
16,n<=32,sr<=40%,kvB<=16k,kp=0,0.2178,2
16,n<=32,sr<=40%,kvB<=1k,kp<=1k,0.0971,2
16,n<=32,sr<=40%,kvB<=1k,kp<=2k,0.0594,2
16,n<=32,sr<=40%,kvB<=1k,kp<=4k,0.1112,2
16,n<=32,sr<=40%,kvB<=1k,kp<=512,0.1272,2
16,n<=32,sr<=40%,kvB<=1k,kp<=8k,0.1249,2
16,n<=32,sr<=40%,kvB<=1k,kp=0,0.1909,2
16,n<=32,sr<=40%,kvB<=4k,kp<=1k,0.1947,2
16,n<=32,sr<=40%,kvB<=4k,kp<=2k,0.1966,2
16,n<=32,sr<=40%,kvB<=4k,kp<=4k,0.1835,2
16,n<=32,sr<=40%,kvB<=4k,kp<=512,0.2528,2
16,n<=32,sr<=40%,kvB<=4k,kp<=8k,0.106,2
16,n<=32,sr<=40%,kvB<=4k,kp=0,0.2557,2
16,n<=32,sr<=5%,kvB<=16k,kp<=1k,0.1102,2
16,n<=32,sr<=5%,kvB<=16k,kp<=2k,0.1014,2
16,n<=32,sr<=5%,kvB<=16k,kp<=4k,0.0988,2
16,n<=32,sr<=5%,kvB<=16k,kp<=512,0.1266,2
16,n<=32,sr<=5%,kvB<=16k,kp<=8k,0.0484,2
16,n<=32,sr<=5%,kvB<=16k,kp=0,0.1247,2
16,n<=32,sr<=5%,kvB<=1k,kp<=1k,0.0029,2
16,n<=32,sr<=5%,kvB<=1k,kp<=2k,-0.0065,2
16,n<=32,sr<=5%,kvB<=1k,kp<=4k,0.0411,2
16,n<=32,sr<=5%,kvB<=1k,kp<=512,0.084,2
16,n<=32,sr<=5%,kvB<=1k,kp<=8k,0.0438,2
16,n<=32,sr<=5%,kvB<=1k,kp=0,0.0929,2
16,n<=32,sr<=5%,kvB<=4k,kp<=1k,0.1137,2
16,n<=32,sr<=5%,kvB<=4k,kp<=2k,0.0847,2
16,n<=32,sr<=5%,kvB<=4k,kp<=4k,-0.0031,2
16,n<=32,sr<=5%,kvB<=4k,kp<=512,0.1354,2
16,n<=32,sr<=5%,kvB<=4k,kp<=8k,0.0576,2
16,n<=32,sr<=5%,kvB<=4k,kp=0,0.1385,2
16,n<=32,sr<=70%,kvB<=16k,kp<=1k,0.3933,2
16,n<=32,sr<=70%,kvB<=16k,kp<=2k,0.3521,2
16,n<=32,sr<=70%,kvB<=16k,kp<=4k,0.2653,2
16,n<=32,sr<=70%,kvB<=16k,kp<=512,0.4315,2
16,n<=32,sr<=70%,kvB<=16k,kp<=8k,0.2658,2
16,n<=32,sr<=70%,kvB<=16k,kp=0,0.4347,2
16,n<=32,sr<=70%,kvB<=1k,kp<=1k,0.1425,2
16,n<=32,sr<=70%,kvB<=1k,kp<=2k,0.1448,2
16,n<=32,sr<=70%,kvB<=1k,kp<=4k,0.1937,2
16,n<=32,sr<=70%,kvB<=1k,kp<=512,0.2041,2
16,n<=32,sr<=70%,kvB<=1k,kp<=8k,0.2112,2
16,n<=32,sr<=70%,kvB<=1k,kp=0,0.3502,2
16,n<=32,sr<=70%,kvB<=4k,kp<=1k,0.4376,2
16,n<=32,sr<=70%,kvB<=4k,kp<=2k,0.3902,2
16,n<=32,sr<=70%,kvB<=4k,kp<=4k,0.4489,2
16,n<=32,sr<=70%,kvB<=4k,kp<=512,0.6015,2
16,n<=32,sr<=70%,kvB<=4k,kp<=8k,0.4214,2
16,n<=32,sr<=70%,kvB<=4k,kp=0,0.7272,2
16,n<=32,sr>70%,kvB<=16k,kp<=1k,0.9254,4
16,n<=32,sr>70%,kvB<=16k,kp<=2k,0.8294,4
16,n<=32,sr>70%,kvB<=16k,kp<=4k,0.6164,4
16,n<=32,sr>70%,kvB<=16k,kp<=512,1.0324,4
16,n<=32,sr>70%,kvB<=16k,kp<=8k,0.5819,4
16,n<=32,sr>70%,kvB<=16k,kp=0,1.0826,4
16,n<=32,sr>70%,kvB<=1k,kp<=1k,0.3957,4
16,n<=32,sr>70%,kvB<=1k,kp<=2k,0.3967,4
16,n<=32,sr>70%,kvB<=1k,kp<=4k,0.2291,4
16,n<=32,sr>70%,kvB<=1k,kp<=512,0.3711,4
16,n<=32,sr>70%,kvB<=1k,kp<=8k,0.7018,4
16,n<=32,sr>70%,kvB<=1k,kp=0,0.8643,4
16,n<=32,sr>70%,kvB<=4k,kp<=1k,0.9547,4
16,n<=32,sr>70%,kvB<=4k,kp<=2k,0.858,4
16,n<=32,sr>70%,kvB<=4k,kp<=4k,1.1748,4
16,n<=32,sr>70%,kvB<=4k,kp<=512,1.5917,4
16,n<=32,sr>70%,kvB<=4k,kp<=8k,1.1543,4
16,n<=32,sr>70%,kvB<=4k,kp=0,1.9773,4
16,n<=4,sr<=40%,kvB<=16k,kp<=1k,0.794,2
16,n<=4,sr<=40%,kvB<=16k,kp<=2k,0.6911,2
16,n<=4,sr<=40%,kvB<=16k,kp<=4k,0.4573,2
16,n<=4,sr<=40%,kvB<=16k,kp<=512,0.8748,2
16,n<=4,sr<=40%,kvB<=16k,kp<=8k,0.246,2
16,n<=4,sr<=40%,kvB<=16k,kp=0,0.9574,2
16,n<=4,sr<=40%,kvB<=1k,kp<=1k,-0.1705,2
16,n<=4,sr<=40%,kvB<=1k,kp<=2k,-0.1488,2
16,n<=4,sr<=40%,kvB<=1k,kp<=4k,-0.1585,2
16,n<=4,sr<=40%,kvB<=1k,kp<=512,0.295,2
16,n<=4,sr<=40%,kvB<=1k,kp<=8k,-0.2937,2
16,n<=4,sr<=40%,kvB<=1k,kp=0,0.6169,5
16,n<=4,sr<=40%,kvB<=4k,kp<=1k,0.4351,2
16,n<=4,sr<=40%,kvB<=4k,kp<=2k,0.2341,2
16,n<=4,sr<=40%,kvB<=4k,kp<=4k,-0.3297,2
16,n<=4,sr<=40%,kvB<=4k,kp<=512,0.6061,2
16,n<=4,sr<=40%,kvB<=4k,kp<=8k,-0.2799,2
16,n<=4,sr<=40%,kvB<=4k,kp=0,0.8281,3
16,n<=4,sr<=70%,kvB<=16k,kp<=1k,0.8942,2
16,n<=4,sr<=70%,kvB<=16k,kp<=2k,0.8072,2
16,n<=4,sr<=70%,kvB<=16k,kp<=4k,0.1782,2
16,n<=4,sr<=70%,kvB<=16k,kp<=512,0.946,2
16,n<=4,sr<=70%,kvB<=16k,kp<=8k,-0.0321,2
16,n<=4,sr<=70%,kvB<=16k,kp=0,0.9656,2
16,n<=4,sr<=70%,kvB<=1k,kp<=1k,-0.8226,2
16,n<=4,sr<=70%,kvB<=1k,kp<=2k,-0.7934,2
16,n<=4,sr<=70%,kvB<=1k,kp<=4k,-0.9088,2
16,n<=4,sr<=70%,kvB<=1k,kp<=512,0.0325,2
16,n<=4,sr<=70%,kvB<=1k,kp<=8k,-0.8871,2
16,n<=4,sr<=70%,kvB<=1k,kp=0,0.6704,4
16,n<=4,sr<=70%,kvB<=4k,kp<=1k,0.1275,2
16,n<=4,sr<=70%,kvB<=4k,kp<=2k,-0.0256,2
16,n<=4,sr<=70%,kvB<=4k,kp<=4k,-0.8791,2
16,n<=4,sr<=70%,kvB<=4k,kp<=512,0.6384,2
16,n<=4,sr<=70%,kvB<=4k,kp<=8k,-0.9719,2
16,n<=4,sr<=70%,kvB<=4k,kp=0,0.9399,2
16,n<=4,sr>70%,kvB<=16k,kp<=1k,0.8409,2
16,n<=4,sr>70%,kvB<=16k,kp<=2k,0.6405,2
16,n<=4,sr>70%,kvB<=16k,kp<=4k,-0.3139,2
16,n<=4,sr>70%,kvB<=16k,kp<=512,0.9481,2
16,n<=4,sr>70%,kvB<=16k,kp<=8k,-0.4112,2
16,n<=4,sr>70%,kvB<=16k,kp=0,0.9519,2
16,n<=4,sr>70%,kvB<=1k,kp<=1k,-0.7686,2
16,n<=4,sr>70%,kvB<=1k,kp<=2k,-2.0758,2
16,n<=4,sr>70%,kvB<=1k,kp<=4k,-1.6444,2
16,n<=4,sr>70%,kvB<=1k,kp<=512,-0.0126,2
16,n<=4,sr>70%,kvB<=1k,kp<=8k,-2.5185,2
16,n<=4,sr>70%,kvB<=1k,kp=0,0.6854,2
16,n<=4,sr>70%,kvB<=4k,kp<=1k,-0.3984,2
16,n<=4,sr>70%,kvB<=4k,kp<=2k,-0.3297,2
16,n<=4,sr>70%,kvB<=4k,kp<=4k,-1.736,2
16,n<=4,sr>70%,kvB<=4k,kp<=512,0.3297,2
16,n<=4,sr>70%,kvB<=4k,kp<=8k,-2.7299,2
16,n<=4,sr>70%,kvB<=4k,kp=0,0.8923,2
16,n<=64,sr<=15%,kvB<=16k,kp<=1k,0.0194,4
16,n<=64,sr<=15%,kvB<=16k,kp<=2k,0.0176,4
16,n<=64,sr<=15%,kvB<=16k,kp<=4k,0.0188,4
16,n<=64,sr<=15%,kvB<=16k,kp<=512,0.0191,4
16,n<=64,sr<=15%,kvB<=16k,kp<=8k,0.0147,4
16,n<=64,sr<=15%,kvB<=16k,kp=0,0.0197,4
16,n<=64,sr<=15%,kvB<=1k,kp<=1k,0.0369,4
16,n<=64,sr<=15%,kvB<=1k,kp<=2k,0.0304,4
16,n<=64,sr<=15%,kvB<=1k,kp<=4k,0.017,4
16,n<=64,sr<=15%,kvB<=1k,kp<=512,0.0469,4
16,n<=64,sr<=15%,kvB<=1k,kp<=8k,0.0268,4
16,n<=64,sr<=15%,kvB<=1k,kp=0,0.0448,4
16,n<=64,sr<=15%,kvB<=4k,kp<=1k,0.0196,4
16,n<=64,sr<=15%,kvB<=4k,kp<=2k,0.0152,4
16,n<=64,sr<=15%,kvB<=4k,kp<=4k,0.0046,4
16,n<=64,sr<=15%,kvB<=4k,kp<=512,0.0197,4
16,n<=64,sr<=15%,kvB<=4k,kp<=8k,-0.0033,4
16,n<=64,sr<=15%,kvB<=4k,kp=0,0.0198,4
16,n<=64,sr<=40%,kvB<=16k,kp<=1k,0.0099,2
16,n<=64,sr<=40%,kvB<=16k,kp<=2k,0.0079,2
16,n<=64,sr<=40%,kvB<=16k,kp<=4k,0.0089,2
16,n<=64,sr<=40%,kvB<=16k,kp<=512,0.0091,2
16,n<=64,sr<=40%,kvB<=16k,kp<=8k,0.0075,2
16,n<=64,sr<=40%,kvB<=16k,kp=0,0.0091,2
16,n<=64,sr<=40%,kvB<=1k,kp<=1k,0.0316,2
16,n<=64,sr<=40%,kvB<=1k,kp<=2k,0.0177,2
16,n<=64,sr<=40%,kvB<=1k,kp<=4k,0.0042,2
16,n<=64,sr<=40%,kvB<=1k,kp<=512,0.0346,2
16,n<=64,sr<=40%,kvB<=1k,kp<=8k,0.035,2
16,n<=64,sr<=40%,kvB<=1k,kp=0,0.0393,2
16,n<=64,sr<=40%,kvB<=4k,kp<=1k,0.0041,2
16,n<=64,sr<=40%,kvB<=4k,kp<=2k,0.0011,2
16,n<=64,sr<=40%,kvB<=4k,kp<=4k,-0.0017,2
16,n<=64,sr<=40%,kvB<=4k,kp<=512,0.0045,2
16,n<=64,sr<=40%,kvB<=4k,kp<=8k,-0.009,2
16,n<=64,sr<=40%,kvB<=4k,kp=0,0.0034,2
16,n<=64,sr<=5%,kvB<=16k,kp<=1k,0.0236,6
16,n<=64,sr<=5%,kvB<=16k,kp<=2k,0.023,6
16,n<=64,sr<=5%,kvB<=16k,kp<=4k,0.0222,6
16,n<=64,sr<=5%,kvB<=16k,kp<=512,0.0229,6
16,n<=64,sr<=5%,kvB<=16k,kp<=8k,0.0194,6
16,n<=64,sr<=5%,kvB<=16k,kp=0,0.0234,6
16,n<=64,sr<=5%,kvB<=1k,kp<=1k,0.0164,6
16,n<=64,sr<=5%,kvB<=1k,kp<=2k,0.005,6
16,n<=64,sr<=5%,kvB<=1k,kp<=4k,0.0086,6
16,n<=64,sr<=5%,kvB<=1k,kp<=512,0.0225,6
16,n<=64,sr<=5%,kvB<=1k,kp<=8k,0.0106,6
16,n<=64,sr<=5%,kvB<=1k,kp=0,0.016,6
16,n<=64,sr<=5%,kvB<=4k,kp<=1k,0.0225,6
16,n<=64,sr<=5%,kvB<=4k,kp<=2k,0.0197,6
16,n<=64,sr<=5%,kvB<=4k,kp<=4k,0.0034,6
16,n<=64,sr<=5%,kvB<=4k,kp<=512,0.0237,6
16,n<=64,sr<=5%,kvB<=4k,kp<=8k,0.0046,6
16,n<=64,sr<=5%,kvB<=4k,kp=0,0.0245,6
16,n<=64,sr<=70%,kvB<=16k,kp<=1k,-0.0012,2
16,n<=64,sr<=70%,kvB<=16k,kp<=2k,-0.0046,2
16,n<=64,sr<=70%,kvB<=16k,kp<=4k,-0.0017,2
16,n<=64,sr<=70%,kvB<=16k,kp<=512,0.001,2
16,n<=64,sr<=70%,kvB<=16k,kp<=8k,0.0115,2
16,n<=64,sr<=70%,kvB<=16k,kp=0,0.0019,2
16,n<=64,sr<=70%,kvB<=1k,kp<=1k,-0.0267,2
16,n<=64,sr<=70%,kvB<=1k,kp<=2k,-0.0165,2
16,n<=64,sr<=70%,kvB<=1k,kp<=4k,-0.0299,2
16,n<=64,sr<=70%,kvB<=1k,kp<=512,-0.0186,2
16,n<=64,sr<=70%,kvB<=1k,kp<=8k,-0.0304,2
16,n<=64,sr<=70%,kvB<=1k,kp=0,-0.0181,2
16,n<=64,sr<=70%,kvB<=4k,kp<=1k,0.001,2
16,n<=64,sr<=70%,kvB<=4k,kp<=2k,-0.0018,2
16,n<=64,sr<=70%,kvB<=4k,kp<=4k,0.0026,2
16,n<=64,sr<=70%,kvB<=4k,kp<=512,0.0007,2
16,n<=64,sr<=70%,kvB<=4k,kp<=8k,-0.0094,2
16,n<=64,sr<=70%,kvB<=4k,kp=0,-0.0036,2
16,n<=64,sr>70%,kvB<=16k,kp<=1k,-0.0054,4
16,n<=64,sr>70%,kvB<=16k,kp<=2k,-0.0074,4
16,n<=64,sr>70%,kvB<=16k,kp<=4k,-0.0025,4
16,n<=64,sr>70%,kvB<=16k,kp<=512,-0.0033,4
16,n<=64,sr>70%,kvB<=16k,kp<=8k,0.0036,4
16,n<=64,sr>70%,kvB<=16k,kp=0,0.0019,4
16,n<=64,sr>70%,kvB<=1k,kp<=1k,0.0307,4
16,n<=64,sr>70%,kvB<=1k,kp<=2k,0.0384,4
16,n<=64,sr>70%,kvB<=1k,kp<=4k,0.1055,4
16,n<=64,sr>70%,kvB<=1k,kp<=512,0.0624,4
16,n<=64,sr>70%,kvB<=1k,kp<=8k,0.0844,4
16,n<=64,sr>70%,kvB<=1k,kp=0,0.052,4
16,n<=64,sr>70%,kvB<=4k,kp<=1k,-0.0161,4
16,n<=64,sr>70%,kvB<=4k,kp<=2k,-0.0198,4
16,n<=64,sr>70%,kvB<=4k,kp<=4k,-0.0203,4
16,n<=64,sr>70%,kvB<=4k,kp<=512,-0.0162,4
16,n<=64,sr>70%,kvB<=4k,kp<=8k,0.0171,4
16,n<=64,sr>70%,kvB<=4k,kp=0,-0.0136,4
16,n<=8,sr<=15%,kvB<=16k,kp<=1k,0.451,2
16,n<=8,sr<=15%,kvB<=16k,kp<=2k,0.3588,2
16,n<=8,sr<=15%,kvB<=16k,kp<=4k,0.287,2
16,n<=8,sr<=15%,kvB<=16k,kp<=512,0.5247,2
16,n<=8,sr<=15%,kvB<=16k,kp<=8k,0.1228,2
16,n<=8,sr<=15%,kvB<=16k,kp=0,0.5867,2
16,n<=8,sr<=15%,kvB<=1k,kp<=1k,-0.0169,2
16,n<=8,sr<=15%,kvB<=1k,kp<=2k,-0.0055,2
16,n<=8,sr<=15%,kvB<=1k,kp<=4k,-0.0197,2
16,n<=8,sr<=15%,kvB<=1k,kp<=512,0.1944,2
16,n<=8,sr<=15%,kvB<=1k,kp<=8k,-0.0364,2
16,n<=8,sr<=15%,kvB<=1k,kp=0,0.4148,5
16,n<=8,sr<=15%,kvB<=4k,kp<=1k,0.2741,2
16,n<=8,sr<=15%,kvB<=4k,kp<=2k,0.1241,2
16,n<=8,sr<=15%,kvB<=4k,kp<=4k,-0.1222,2
16,n<=8,sr<=15%,kvB<=4k,kp<=512,0.3477,2
16,n<=8,sr<=15%,kvB<=4k,kp<=8k,-0.1376,2
16,n<=8,sr<=15%,kvB<=4k,kp=0,0.496,3
16,n<=8,sr<=40%,kvB<=16k,kp<=1k,0.3732,4
16,n<=8,sr<=40%,kvB<=16k,kp<=2k,0.2853,4
16,n<=8,sr<=40%,kvB<=16k,kp<=4k,0.1663,4
16,n<=8,sr<=40%,kvB<=16k,kp<=512,0.4408,4
16,n<=8,sr<=40%,kvB<=16k,kp<=8k,0.0757,4
16,n<=8,sr<=40%,kvB<=16k,kp=0,0.5013,4
16,n<=8,sr<=40%,kvB<=1k,kp<=1k,-0.096,4
16,n<=8,sr<=40%,kvB<=1k,kp<=2k,-0.1,4
16,n<=8,sr<=40%,kvB<=1k,kp<=4k,-0.0987,4
16,n<=8,sr<=40%,kvB<=1k,kp<=512,0.113,4
16,n<=8,sr<=40%,kvB<=1k,kp<=8k,-0.1125,4
16,n<=8,sr<=40%,kvB<=1k,kp=0,0.3582,4
16,n<=8,sr<=40%,kvB<=4k,kp<=1k,0.169,4
16,n<=8,sr<=40%,kvB<=4k,kp<=2k,0.0725,4
16,n<=8,sr<=40%,kvB<=4k,kp<=4k,-0.0963,4
16,n<=8,sr<=40%,kvB<=4k,kp<=512,0.2557,4
16,n<=8,sr<=40%,kvB<=4k,kp<=8k,-0.0925,4
16,n<=8,sr<=40%,kvB<=4k,kp=0,0.4556,4
16,n<=8,sr<=70%,kvB<=16k,kp<=1k,0.7588,2
16,n<=8,sr<=70%,kvB<=16k,kp<=2k,0.5757,2
16,n<=8,sr<=70%,kvB<=16k,kp<=4k,0.2782,2
16,n<=8,sr<=70%,kvB<=16k,kp<=512,0.8918,2
16,n<=8,sr<=70%,kvB<=16k,kp<=8k,0.1402,2
16,n<=8,sr<=70%,kvB<=16k,kp=0,0.9715,2
16,n<=8,sr<=70%,kvB<=1k,kp<=1k,-0.3744,2
16,n<=8,sr<=70%,kvB<=1k,kp<=2k,-0.2193,2
16,n<=8,sr<=70%,kvB<=1k,kp<=4k,-0.2435,2
16,n<=8,sr<=70%,kvB<=1k,kp<=512,-0.0812,2
16,n<=8,sr<=70%,kvB<=1k,kp<=8k,-0.2788,2
16,n<=8,sr<=70%,kvB<=1k,kp=0,0.3263,2
16,n<=8,sr<=70%,kvB<=4k,kp<=1k,0.1369,2
16,n<=8,sr<=70%,kvB<=4k,kp<=2k,0.0626,2
16,n<=8,sr<=70%,kvB<=4k,kp<=4k,-0.3935,2
16,n<=8,sr<=70%,kvB<=4k,kp<=512,0.441,2
16,n<=8,sr<=70%,kvB<=4k,kp<=8k,-0.3641,2
16,n<=8,sr<=70%,kvB<=4k,kp=0,0.7936,2
16,n<=8,sr>70%,kvB<=16k,kp<=1k,0.7529,4
16,n<=8,sr>70%,kvB<=16k,kp<=2k,0.5582,4
16,n<=8,sr>70%,kvB<=16k,kp<=4k,0.0718,4
16,n<=8,sr>70%,kvB<=16k,kp<=512,0.8009,4
16,n<=8,sr>70%,kvB<=16k,kp<=8k,-0.4425,4
16,n<=8,sr>70%,kvB<=16k,kp=0,0.9609,4
16,n<=8,sr>70%,kvB<=1k,kp<=1k,-0.4795,4
16,n<=8,sr>70%,kvB<=1k,kp<=2k,-0.4512,4
16,n<=8,sr>70%,kvB<=1k,kp<=4k,-0.2985,4
16,n<=8,sr>70%,kvB<=1k,kp<=512,-0.1047,4
16,n<=8,sr>70%,kvB<=1k,kp<=8k,-0.2785,4
16,n<=8,sr>70%,kvB<=1k,kp=0,0.3507,4
16,n<=8,sr>70%,kvB<=4k,kp<=1k,-0.047,4
16,n<=8,sr>70%,kvB<=4k,kp<=2k,-0.3782,4
16,n<=8,sr>70%,kvB<=4k,kp<=4k,-0.9395,4
16,n<=8,sr>70%,kvB<=4k,kp<=512,0.3018,4
16,n<=8,sr>70%,kvB<=4k,kp<=8k,-0.5759,4
16,n<=8,sr>70%,kvB<=4k,kp=0,0.7762,4
32,n<=128,sr<=15%,kvB<=16k,kp<=1k,0.0029,4
32,n<=128,sr<=15%,kvB<=16k,kp<=2k,0.0031,4
32,n<=128,sr<=15%,kvB<=16k,kp<=4k,0.0027,4
32,n<=128,sr<=15%,kvB<=16k,kp<=512,0.0028,4
32,n<=128,sr<=15%,kvB<=16k,kp<=8k,0.0023,4
32,n<=128,sr<=15%,kvB<=16k,kp=0,0.003,4
32,n<=128,sr<=15%,kvB<=1k,kp<=1k,0.0315,4
32,n<=128,sr<=15%,kvB<=1k,kp<=2k,0.0242,4
32,n<=128,sr<=15%,kvB<=1k,kp<=4k,0.0272,4
32,n<=128,sr<=15%,kvB<=1k,kp<=512,0.035,4
32,n<=128,sr<=15%,kvB<=1k,kp<=8k,0.0243,4
32,n<=128,sr<=15%,kvB<=1k,kp=0,0.0365,4
32,n<=128,sr<=15%,kvB<=4k,kp<=1k,0.0031,4
32,n<=128,sr<=15%,kvB<=4k,kp<=2k,0.0023,4
32,n<=128,sr<=15%,kvB<=4k,kp<=4k,0.0012,4
32,n<=128,sr<=15%,kvB<=4k,kp<=512,0.0034,4
32,n<=128,sr<=15%,kvB<=4k,kp<=8k,-0.0004,4
32,n<=128,sr<=15%,kvB<=4k,kp=0,0.0028,4
32,n<=128,sr<=40%,kvB<=16k,kp<=1k,-0.0012,2
32,n<=128,sr<=40%,kvB<=16k,kp<=2k,-0.0012,2
32,n<=128,sr<=40%,kvB<=16k,kp<=4k,-0.0013,2
32,n<=128,sr<=40%,kvB<=16k,kp<=512,-0.0014,2
32,n<=128,sr<=40%,kvB<=16k,kp<=8k,-0.0014,2
32,n<=128,sr<=40%,kvB<=16k,kp=0,-0.0012,2
32,n<=128,sr<=40%,kvB<=1k,kp<=1k,0.0631,2
32,n<=128,sr<=40%,kvB<=1k,kp<=2k,0.0574,2
32,n<=128,sr<=40%,kvB<=1k,kp<=4k,0.064,2
32,n<=128,sr<=40%,kvB<=1k,kp<=512,0.0643,2
32,n<=128,sr<=40%,kvB<=1k,kp<=8k,0.0582,2
32,n<=128,sr<=40%,kvB<=1k,kp=0,0.0647,2
32,n<=128,sr<=40%,kvB<=4k,kp<=1k,-0.0013,2
32,n<=128,sr<=40%,kvB<=4k,kp<=2k,-0.001,2
32,n<=128,sr<=40%,kvB<=4k,kp<=4k,-0.0017,2
32,n<=128,sr<=40%,kvB<=4k,kp<=512,-0.0027,2
32,n<=128,sr<=40%,kvB<=4k,kp<=8k,0.004,2
32,n<=128,sr<=40%,kvB<=4k,kp=0,-0.0006,2
32,n<=128,sr<=5%,kvB<=16k,kp<=1k,0.0057,8
32,n<=128,sr<=5%,kvB<=16k,kp<=2k,0.0065,8
32,n<=128,sr<=5%,kvB<=16k,kp<=4k,0.0059,8
32,n<=128,sr<=5%,kvB<=16k,kp<=512,0.0058,8
32,n<=128,sr<=5%,kvB<=16k,kp<=8k,0.0049,8
32,n<=128,sr<=5%,kvB<=16k,kp=0,0.0056,8
32,n<=128,sr<=5%,kvB<=1k,kp<=1k,0.0049,8
32,n<=128,sr<=5%,kvB<=1k,kp<=2k,0.0009,8
32,n<=128,sr<=5%,kvB<=1k,kp<=4k,0.0031,8
32,n<=128,sr<=5%,kvB<=1k,kp<=512,0.0068,8
32,n<=128,sr<=5%,kvB<=1k,kp<=8k,0.0019,8
32,n<=128,sr<=5%,kvB<=1k,kp=0,0.0093,8
32,n<=128,sr<=5%,kvB<=4k,kp<=1k,0.0058,8
32,n<=128,sr<=5%,kvB<=4k,kp<=2k,0.0048,8
32,n<=128,sr<=5%,kvB<=4k,kp<=4k,0.0029,8
32,n<=128,sr<=5%,kvB<=4k,kp<=512,0.0063,8
32,n<=128,sr<=5%,kvB<=4k,kp<=8k,0.0021,8
32,n<=128,sr<=5%,kvB<=4k,kp=0,0.0055,8
32,n<=128,sr<=70%,kvB<=16k,kp<=1k,-0.005,2
32,n<=128,sr<=70%,kvB<=16k,kp<=2k,-0.0035,2
32,n<=128,sr<=70%,kvB<=16k,kp<=4k,-0.0042,2
32,n<=128,sr<=70%,kvB<=16k,kp<=512,-0.0044,2
32,n<=128,sr<=70%,kvB<=16k,kp<=8k,-0.0016,2
32,n<=128,sr<=70%,kvB<=16k,kp=0,-0.0038,2
32,n<=128,sr<=70%,kvB<=1k,kp<=1k,0.0669,2
32,n<=128,sr<=70%,kvB<=1k,kp<=2k,0.0632,2
32,n<=128,sr<=70%,kvB<=1k,kp<=4k,0.0848,2
32,n<=128,sr<=70%,kvB<=1k,kp<=512,0.0719,2
32,n<=128,sr<=70%,kvB<=1k,kp<=8k,0.0545,2
32,n<=128,sr<=70%,kvB<=1k,kp=0,0.0842,2
32,n<=128,sr<=70%,kvB<=4k,kp<=1k,-0.0059,2
32,n<=128,sr<=70%,kvB<=4k,kp<=2k,-0.002,2
32,n<=128,sr<=70%,kvB<=4k,kp<=4k,0.0064,2
32,n<=128,sr<=70%,kvB<=4k,kp<=512,-0.0062,2
32,n<=128,sr<=70%,kvB<=4k,kp<=8k,0.0102,2
32,n<=128,sr<=70%,kvB<=4k,kp=0,-0.0075,2
32,n<=128,sr>70%,kvB<=16k,kp<=1k,0.0016,4
32,n<=128,sr>70%,kvB<=16k,kp<=2k,0.0033,4
32,n<=128,sr>70%,kvB<=16k,kp<=4k,0.0014,4
32,n<=128,sr>70%,kvB<=16k,kp<=512,0.0069,4
32,n<=128,sr>70%,kvB<=16k,kp<=8k,0.0062,4
32,n<=128,sr>70%,kvB<=16k,kp=0,0.0062,4
32,n<=128,sr>70%,kvB<=1k,kp<=1k,0.0664,4
32,n<=128,sr>70%,kvB<=1k,kp<=2k,0.0604,4
32,n<=128,sr>70%,kvB<=1k,kp<=4k,0.0971,4
32,n<=128,sr>70%,kvB<=1k,kp<=512,0.0742,4
32,n<=128,sr>70%,kvB<=1k,kp<=8k,0.1168,4
32,n<=128,sr>70%,kvB<=1k,kp=0,0.0623,4
32,n<=128,sr>70%,kvB<=4k,kp<=1k,-0.0026,4
32,n<=128,sr>70%,kvB<=4k,kp<=2k,0.0041,4
32,n<=128,sr>70%,kvB<=4k,kp<=4k,0.0006,4
32,n<=128,sr>70%,kvB<=4k,kp<=512,0.0047,4
32,n<=128,sr>70%,kvB<=4k,kp<=8k,-0.0013,4
32,n<=128,sr>70%,kvB<=4k,kp=0,0.0047,4
32,n<=16,sr<=15%,kvB<=16k,kp<=1k,0.2146,4
32,n<=16,sr<=15%,kvB<=16k,kp<=2k,0.191,4
32,n<=16,sr<=15%,kvB<=16k,kp<=4k,0.1467,4
32,n<=16,sr<=15%,kvB<=16k,kp<=512,0.2407,4
32,n<=16,sr<=15%,kvB<=16k,kp<=8k,0.1056,4
32,n<=16,sr<=15%,kvB<=16k,kp=0,0.2525,4
32,n<=16,sr<=15%,kvB<=1k,kp<=1k,0.0211,4
32,n<=16,sr<=15%,kvB<=1k,kp<=2k,0.0247,4
32,n<=16,sr<=15%,kvB<=1k,kp<=4k,0.0268,4
32,n<=16,sr<=15%,kvB<=1k,kp<=512,0.1145,4
32,n<=16,sr<=15%,kvB<=1k,kp<=8k,0.0399,4
32,n<=16,sr<=15%,kvB<=1k,kp=0,0.2453,4
32,n<=16,sr<=15%,kvB<=4k,kp<=1k,0.1483,4
32,n<=16,sr<=15%,kvB<=4k,kp<=2k,0.1042,4
32,n<=16,sr<=15%,kvB<=4k,kp<=4k,-0.0237,4
32,n<=16,sr<=15%,kvB<=4k,kp<=512,0.1946,4
32,n<=16,sr<=15%,kvB<=4k,kp<=8k,-0.0047,4
32,n<=16,sr<=15%,kvB<=4k,kp=0,0.257,4
32,n<=16,sr<=40%,kvB<=16k,kp<=1k,0.2613,4
32,n<=16,sr<=40%,kvB<=16k,kp<=2k,0.23,4
32,n<=16,sr<=40%,kvB<=16k,kp<=4k,0.1759,4
32,n<=16,sr<=40%,kvB<=16k,kp<=512,0.269,4
32,n<=16,sr<=40%,kvB<=16k,kp<=8k,0.1044,4
32,n<=16,sr<=40%,kvB<=16k,kp=0,0.2633,4
32,n<=16,sr<=40%,kvB<=1k,kp<=1k,-0.0114,4
32,n<=16,sr<=40%,kvB<=1k,kp<=2k,0.0575,4
32,n<=16,sr<=40%,kvB<=1k,kp<=4k,0.0556,4
32,n<=16,sr<=40%,kvB<=1k,kp<=512,0.127,4
32,n<=16,sr<=40%,kvB<=1k,kp<=8k,0.0487,4
32,n<=16,sr<=40%,kvB<=1k,kp=0,0.2505,4
32,n<=16,sr<=40%,kvB<=4k,kp<=1k,0.1761,4
32,n<=16,sr<=40%,kvB<=4k,kp<=2k,0.1181,4
32,n<=16,sr<=40%,kvB<=4k,kp<=4k,-0.0213,4
32,n<=16,sr<=40%,kvB<=4k,kp<=512,0.2215,4
32,n<=16,sr<=40%,kvB<=4k,kp<=8k,0.0363,4
32,n<=16,sr<=40%,kvB<=4k,kp=0,0.2533,4
32,n<=16,sr<=70%,kvB<=16k,kp<=1k,0.4873,2
32,n<=16,sr<=70%,kvB<=16k,kp<=2k,0.4241,2
32,n<=16,sr<=70%,kvB<=16k,kp<=4k,0.3694,2
32,n<=16,sr<=70%,kvB<=16k,kp<=512,0.5544,2
32,n<=16,sr<=70%,kvB<=16k,kp<=8k,0.3653,2
32,n<=16,sr<=70%,kvB<=16k,kp=0,0.5164,2
32,n<=16,sr<=70%,kvB<=1k,kp<=1k,-0.1283,2
32,n<=16,sr<=70%,kvB<=1k,kp<=2k,-0.0925,2
32,n<=16,sr<=70%,kvB<=1k,kp<=4k,0.0419,2
32,n<=16,sr<=70%,kvB<=1k,kp<=512,-0.0324,2
32,n<=16,sr<=70%,kvB<=1k,kp<=8k,0.0305,2
32,n<=16,sr<=70%,kvB<=1k,kp=0,0.2767,2
32,n<=16,sr<=70%,kvB<=4k,kp<=1k,0.3309,2
32,n<=16,sr<=70%,kvB<=4k,kp<=2k,0.2276,2
32,n<=16,sr<=70%,kvB<=4k,kp<=4k,-0.0286,2
32,n<=16,sr<=70%,kvB<=4k,kp<=512,0.379,2
32,n<=16,sr<=70%,kvB<=4k,kp<=8k,0.0905,2
32,n<=16,sr<=70%,kvB<=4k,kp=0,0.317,2
32,n<=16,sr>70%,kvB<=16k,kp<=1k,1.1792,4
32,n<=16,sr>70%,kvB<=16k,kp<=2k,0.9519,4
32,n<=16,sr>70%,kvB<=16k,kp<=4k,0.7233,4
32,n<=16,sr>70%,kvB<=16k,kp<=512,1.3153,4
32,n<=16,sr>70%,kvB<=16k,kp<=8k,0.4244,4
32,n<=16,sr>70%,kvB<=16k,kp=0,1.2597,4
32,n<=16,sr>70%,kvB<=1k,kp<=1k,-0.1347,4
32,n<=16,sr>70%,kvB<=1k,kp<=2k,-0.27,4
32,n<=16,sr>70%,kvB<=1k,kp<=4k,0.0815,4
32,n<=16,sr>70%,kvB<=1k,kp<=512,0.0592,4
32,n<=16,sr>70%,kvB<=1k,kp<=8k,0.1913,4
32,n<=16,sr>70%,kvB<=1k,kp=0,0.6103,4
32,n<=16,sr>70%,kvB<=4k,kp<=1k,0.4431,4
32,n<=16,sr>70%,kvB<=4k,kp<=2k,0.1883,4
32,n<=16,sr>70%,kvB<=4k,kp<=4k,-0.0649,4
32,n<=16,sr>70%,kvB<=4k,kp<=512,0.7645,4
32,n<=16,sr>70%,kvB<=4k,kp<=8k,-0.2668,4
32,n<=16,sr>70%,kvB<=4k,kp=0,1.0649,4
32,n<=2,sr<=70%,kvB<=16k,kp<=1k,0.9871,2
32,n<=2,sr<=70%,kvB<=16k,kp<=2k,0.9853,2
32,n<=2,sr<=70%,kvB<=16k,kp<=4k,0.9854,2
32,n<=2,sr<=70%,kvB<=16k,kp<=512,0.9869,2
32,n<=2,sr<=70%,kvB<=16k,kp<=8k,0.981,2
32,n<=2,sr<=70%,kvB<=16k,kp=0,0.9866,2
32,n<=2,sr<=70%,kvB<=1k,kp<=1k,0.0128,2
32,n<=2,sr<=70%,kvB<=1k,kp<=2k,0.1766,2
32,n<=2,sr<=70%,kvB<=1k,kp<=4k,0.2534,2
32,n<=2,sr<=70%,kvB<=1k,kp<=512,0.9423,2
32,n<=2,sr<=70%,kvB<=1k,kp<=8k,0.2817,2
32,n<=2,sr<=70%,kvB<=1k,kp=0,0.9403,2
32,n<=2,sr<=70%,kvB<=4k,kp<=1k,0.9681,2
32,n<=2,sr<=70%,kvB<=4k,kp<=2k,0.9559,2
32,n<=2,sr<=70%,kvB<=4k,kp<=4k,-0.5581,2
32,n<=2,sr<=70%,kvB<=4k,kp<=512,0.9634,2
32,n<=2,sr<=70%,kvB<=4k,kp<=8k,-2.7453,2
32,n<=2,sr<=70%,kvB<=4k,kp=0,0.9551,2
32,n<=32,sr<=15%,kvB<=16k,kp<=1k,0.1288,6
32,n<=32,sr<=15%,kvB<=16k,kp<=2k,0.1044,6
32,n<=32,sr<=15%,kvB<=16k,kp<=4k,0.0814,6
32,n<=32,sr<=15%,kvB<=16k,kp<=512,0.1526,6
32,n<=32,sr<=15%,kvB<=16k,kp<=8k,0.073,6
32,n<=32,sr<=15%,kvB<=16k,kp=0,0.1417,6
32,n<=32,sr<=15%,kvB<=1k,kp<=1k,0.034,6
32,n<=32,sr<=15%,kvB<=1k,kp<=2k,0.0541,6
32,n<=32,sr<=15%,kvB<=1k,kp<=4k,0.0677,6
32,n<=32,sr<=15%,kvB<=1k,kp<=512,0.11,6
32,n<=32,sr<=15%,kvB<=1k,kp<=8k,0.0682,6
32,n<=32,sr<=15%,kvB<=1k,kp=0,0.1379,6
32,n<=32,sr<=15%,kvB<=4k,kp<=1k,0.1184,6
32,n<=32,sr<=15%,kvB<=4k,kp<=2k,0.0967,6
32,n<=32,sr<=15%,kvB<=4k,kp<=4k,0.0374,6
32,n<=32,sr<=15%,kvB<=4k,kp<=512,0.139,6
32,n<=32,sr<=15%,kvB<=4k,kp<=8k,0.0661,6
32,n<=32,sr<=15%,kvB<=4k,kp=0,0.1722,6
32,n<=32,sr<=40%,kvB<=16k,kp<=1k,0.1791,2
32,n<=32,sr<=40%,kvB<=16k,kp<=2k,0.1592,2
32,n<=32,sr<=40%,kvB<=16k,kp<=4k,0.1255,2
32,n<=32,sr<=40%,kvB<=16k,kp<=512,0.2093,2
32,n<=32,sr<=40%,kvB<=16k,kp<=8k,0.1212,2
32,n<=32,sr<=40%,kvB<=16k,kp=0,0.2049,2
32,n<=32,sr<=40%,kvB<=1k,kp<=1k,0.0953,2
32,n<=32,sr<=40%,kvB<=1k,kp<=2k,0.0574,2
32,n<=32,sr<=40%,kvB<=1k,kp<=4k,0.1093,2
32,n<=32,sr<=40%,kvB<=1k,kp<=512,0.1246,2
32,n<=32,sr<=40%,kvB<=1k,kp<=8k,0.1216,2
32,n<=32,sr<=40%,kvB<=1k,kp=0,0.1972,2
32,n<=32,sr<=40%,kvB<=4k,kp<=1k,0.1914,2
32,n<=32,sr<=40%,kvB<=4k,kp<=2k,0.1984,2
32,n<=32,sr<=40%,kvB<=4k,kp<=4k,0.1731,2
32,n<=32,sr<=40%,kvB<=4k,kp<=512,0.247,2
32,n<=32,sr<=40%,kvB<=4k,kp<=8k,0.1245,2
32,n<=32,sr<=40%,kvB<=4k,kp=0,0.2576,2
32,n<=32,sr<=5%,kvB<=16k,kp<=1k,0.1116,2
32,n<=32,sr<=5%,kvB<=16k,kp<=2k,0.1014,2
32,n<=32,sr<=5%,kvB<=16k,kp<=4k,0.0914,2
32,n<=32,sr<=5%,kvB<=16k,kp<=512,0.1225,2
32,n<=32,sr<=5%,kvB<=16k,kp<=8k,0.0608,2
32,n<=32,sr<=5%,kvB<=16k,kp=0,0.124,2
32,n<=32,sr<=5%,kvB<=1k,kp<=1k,0.0023,2
32,n<=32,sr<=5%,kvB<=1k,kp<=2k,-0.005,2
32,n<=32,sr<=5%,kvB<=1k,kp<=4k,0.0416,2
32,n<=32,sr<=5%,kvB<=1k,kp<=512,0.0829,2
32,n<=32,sr<=5%,kvB<=1k,kp<=8k,0.0397,2
32,n<=32,sr<=5%,kvB<=1k,kp=0,0.0908,2
32,n<=32,sr<=5%,kvB<=4k,kp<=1k,0.1149,2
32,n<=32,sr<=5%,kvB<=4k,kp<=2k,0.0858,2
32,n<=32,sr<=5%,kvB<=4k,kp<=4k,-0.0079,2
32,n<=32,sr<=5%,kvB<=4k,kp<=512,0.1338,2
32,n<=32,sr<=5%,kvB<=4k,kp<=8k,0.0558,2
32,n<=32,sr<=5%,kvB<=4k,kp=0,0.1372,2
32,n<=32,sr<=70%,kvB<=16k,kp<=1k,0.4037,2
32,n<=32,sr<=70%,kvB<=16k,kp<=2k,0.3564,2
32,n<=32,sr<=70%,kvB<=16k,kp<=4k,0.2629,2
32,n<=32,sr<=70%,kvB<=16k,kp<=512,0.4438,2
32,n<=32,sr<=70%,kvB<=16k,kp<=8k,0.2677,2
32,n<=32,sr<=70%,kvB<=16k,kp=0,0.4239,2
32,n<=32,sr<=70%,kvB<=1k,kp<=1k,0.1521,2
32,n<=32,sr<=70%,kvB<=1k,kp<=2k,0.1096,2
32,n<=32,sr<=70%,kvB<=1k,kp<=4k,0.186,2
32,n<=32,sr<=70%,kvB<=1k,kp<=512,0.1884,2
32,n<=32,sr<=70%,kvB<=1k,kp<=8k,0.2347,2
32,n<=32,sr<=70%,kvB<=1k,kp=0,0.3573,2
32,n<=32,sr<=70%,kvB<=4k,kp<=1k,0.4237,2
32,n<=32,sr<=70%,kvB<=4k,kp<=2k,0.4021,2
32,n<=32,sr<=70%,kvB<=4k,kp<=4k,0.4336,2
32,n<=32,sr<=70%,kvB<=4k,kp<=512,0.6107,2
32,n<=32,sr<=70%,kvB<=4k,kp<=8k,0.4402,2
32,n<=32,sr<=70%,kvB<=4k,kp=0,0.6966,2
32,n<=32,sr>70%,kvB<=16k,kp<=1k,0.8985,4
32,n<=32,sr>70%,kvB<=16k,kp<=2k,0.9407,4
32,n<=32,sr>70%,kvB<=16k,kp<=4k,0.7053,4
32,n<=32,sr>70%,kvB<=16k,kp<=512,0.9736,4
32,n<=32,sr>70%,kvB<=16k,kp<=8k,0.5726,4
32,n<=32,sr>70%,kvB<=16k,kp=0,1.0024,4
32,n<=32,sr>70%,kvB<=1k,kp<=1k,0.4177,4
32,n<=32,sr>70%,kvB<=1k,kp<=2k,0.3636,4
32,n<=32,sr>70%,kvB<=1k,kp<=4k,0.2818,4
32,n<=32,sr>70%,kvB<=1k,kp<=512,0.3657,4
32,n<=32,sr>70%,kvB<=1k,kp<=8k,0.6969,4
32,n<=32,sr>70%,kvB<=1k,kp=0,0.8757,4
32,n<=32,sr>70%,kvB<=4k,kp<=1k,1.032,4
32,n<=32,sr>70%,kvB<=4k,kp<=2k,0.9148,4
32,n<=32,sr>70%,kvB<=4k,kp<=4k,1.2414,4
32,n<=32,sr>70%,kvB<=4k,kp<=512,1.8056,4
32,n<=32,sr>70%,kvB<=4k,kp<=8k,1.1875,4
32,n<=32,sr>70%,kvB<=4k,kp=0,1.899,4
32,n<=4,sr<=40%,kvB<=16k,kp<=1k,0.8059,2
32,n<=4,sr<=40%,kvB<=16k,kp<=2k,0.6894,2
32,n<=4,sr<=40%,kvB<=16k,kp<=4k,0.4545,2
32,n<=4,sr<=40%,kvB<=16k,kp<=512,0.8955,2
32,n<=4,sr<=40%,kvB<=16k,kp<=8k,0.2462,2
32,n<=4,sr<=40%,kvB<=16k,kp=0,0.9603,2
32,n<=4,sr<=40%,kvB<=1k,kp<=1k,-0.1521,2
32,n<=4,sr<=40%,kvB<=1k,kp<=2k,-0.1578,2
32,n<=4,sr<=40%,kvB<=1k,kp<=4k,-0.1787,2
32,n<=4,sr<=40%,kvB<=1k,kp<=512,0.2799,2
32,n<=4,sr<=40%,kvB<=1k,kp<=8k,-0.1881,2
32,n<=4,sr<=40%,kvB<=1k,kp=0,0.6052,2
32,n<=4,sr<=40%,kvB<=4k,kp<=1k,0.435,2
32,n<=4,sr<=40%,kvB<=4k,kp<=2k,0.2257,2
32,n<=4,sr<=40%,kvB<=4k,kp<=4k,-0.3412,2
32,n<=4,sr<=40%,kvB<=4k,kp<=512,0.6105,2
32,n<=4,sr<=40%,kvB<=4k,kp<=8k,-0.3126,2
32,n<=4,sr<=40%,kvB<=4k,kp=0,0.8504,2
32,n<=4,sr<=70%,kvB<=16k,kp<=1k,0.8872,2
32,n<=4,sr<=70%,kvB<=16k,kp<=2k,0.8016,2
32,n<=4,sr<=70%,kvB<=16k,kp<=4k,0.1781,2
32,n<=4,sr<=70%,kvB<=16k,kp<=512,0.9601,2
32,n<=4,sr<=70%,kvB<=16k,kp<=8k,-0.0364,2
32,n<=4,sr<=70%,kvB<=16k,kp=0,0.9567,2
32,n<=4,sr<=70%,kvB<=1k,kp<=1k,-0.8331,2
32,n<=4,sr<=70%,kvB<=1k,kp<=2k,-0.7649,2
32,n<=4,sr<=70%,kvB<=1k,kp<=4k,-0.8356,2
32,n<=4,sr<=70%,kvB<=1k,kp<=512,0.0309,2
32,n<=4,sr<=70%,kvB<=1k,kp<=8k,-0.7728,2
32,n<=4,sr<=70%,kvB<=1k,kp=0,0.7696,2
32,n<=4,sr<=70%,kvB<=4k,kp<=1k,0.1258,2
32,n<=4,sr<=70%,kvB<=4k,kp<=2k,-0.03,2
32,n<=4,sr<=70%,kvB<=4k,kp<=4k,-0.918,2
32,n<=4,sr<=70%,kvB<=4k,kp<=512,0.5901,2
32,n<=4,sr<=70%,kvB<=4k,kp<=8k,-0.9804,2
32,n<=4,sr<=70%,kvB<=4k,kp=0,0.9319,2
32,n<=4,sr>70%,kvB<=16k,kp<=1k,0.8826,2
32,n<=4,sr>70%,kvB<=16k,kp<=2k,0.6544,2
32,n<=4,sr>70%,kvB<=16k,kp<=4k,-0.3096,2
32,n<=4,sr>70%,kvB<=16k,kp<=512,0.9672,2
32,n<=4,sr>70%,kvB<=16k,kp<=8k,-0.4055,2
32,n<=4,sr>70%,kvB<=16k,kp=0,0.9426,2
32,n<=4,sr>70%,kvB<=1k,kp<=1k,-0.6408,2
32,n<=4,sr>70%,kvB<=1k,kp<=2k,-1.8173,2
32,n<=4,sr>70%,kvB<=1k,kp<=4k,-1.4722,2
32,n<=4,sr>70%,kvB<=1k,kp<=512,0.0322,2
32,n<=4,sr>70%,kvB<=1k,kp<=8k,-1.4404,2
32,n<=4,sr>70%,kvB<=1k,kp=0,0.7354,2
32,n<=4,sr>70%,kvB<=4k,kp<=1k,-0.403,2
32,n<=4,sr>70%,kvB<=4k,kp<=2k,-0.344,2
32,n<=4,sr>70%,kvB<=4k,kp<=4k,-1.8044,2
32,n<=4,sr>70%,kvB<=4k,kp<=512,0.2942,2
32,n<=4,sr>70%,kvB<=4k,kp<=8k,-2.7179,2
32,n<=4,sr>70%,kvB<=4k,kp=0,0.8868,2
32,n<=64,sr<=15%,kvB<=16k,kp<=1k,0.0183,4
32,n<=64,sr<=15%,kvB<=16k,kp<=2k,0.0193,4
32,n<=64,sr<=15%,kvB<=16k,kp<=4k,0.0178,4
32,n<=64,sr<=15%,kvB<=16k,kp<=512,0.0195,4
32,n<=64,sr<=15%,kvB<=16k,kp<=8k,0.0149,4
32,n<=64,sr<=15%,kvB<=16k,kp=0,0.0191,4
32,n<=64,sr<=15%,kvB<=1k,kp<=1k,0.0342,4
32,n<=64,sr<=15%,kvB<=1k,kp<=2k,0.026,4
32,n<=64,sr<=15%,kvB<=1k,kp<=4k,0.0176,4
32,n<=64,sr<=15%,kvB<=1k,kp<=512,0.0464,4
32,n<=64,sr<=15%,kvB<=1k,kp<=8k,0.0275,4
32,n<=64,sr<=15%,kvB<=1k,kp=0,0.0423,4
32,n<=64,sr<=15%,kvB<=4k,kp<=1k,0.02,4
32,n<=64,sr<=15%,kvB<=4k,kp<=2k,0.015,4
32,n<=64,sr<=15%,kvB<=4k,kp<=4k,0.0018,4
32,n<=64,sr<=15%,kvB<=4k,kp<=512,0.0199,4
32,n<=64,sr<=15%,kvB<=4k,kp<=8k,-0.003,4
32,n<=64,sr<=15%,kvB<=4k,kp=0,0.0182,4
32,n<=64,sr<=40%,kvB<=16k,kp<=1k,0.0101,2
32,n<=64,sr<=40%,kvB<=16k,kp<=2k,0.0093,2
32,n<=64,sr<=40%,kvB<=16k,kp<=4k,0.0085,2
32,n<=64,sr<=40%,kvB<=16k,kp<=512,0.0119,2
32,n<=64,sr<=40%,kvB<=16k,kp<=8k,0.0042,2
32,n<=64,sr<=40%,kvB<=16k,kp=0,0.0106,2
32,n<=64,sr<=40%,kvB<=1k,kp<=1k,0.0358,2
32,n<=64,sr<=40%,kvB<=1k,kp<=2k,0.0252,2
32,n<=64,sr<=40%,kvB<=1k,kp<=4k,0.0237,2
32,n<=64,sr<=40%,kvB<=1k,kp<=512,0.0343,2
32,n<=64,sr<=40%,kvB<=1k,kp<=8k,0.0345,2
32,n<=64,sr<=40%,kvB<=1k,kp=0,0.0395,2
32,n<=64,sr<=40%,kvB<=4k,kp<=1k,0.0034,2
32,n<=64,sr<=40%,kvB<=4k,kp<=2k,-0.0004,2
32,n<=64,sr<=40%,kvB<=4k,kp<=4k,-0.0039,2
32,n<=64,sr<=40%,kvB<=4k,kp<=512,0.0057,2
32,n<=64,sr<=40%,kvB<=4k,kp<=8k,0.0047,2
32,n<=64,sr<=40%,kvB<=4k,kp=0,0.0044,2
32,n<=64,sr<=5%,kvB<=16k,kp<=1k,0.0222,6
32,n<=64,sr<=5%,kvB<=16k,kp<=2k,0.0238,6
32,n<=64,sr<=5%,kvB<=16k,kp<=4k,0.0219,6
32,n<=64,sr<=5%,kvB<=16k,kp<=512,0.0231,6
32,n<=64,sr<=5%,kvB<=16k,kp<=8k,0.0186,6
32,n<=64,sr<=5%,kvB<=16k,kp=0,0.023,6
32,n<=64,sr<=5%,kvB<=1k,kp<=1k,0.0127,6
32,n<=64,sr<=5%,kvB<=1k,kp<=2k,0.0043,6
32,n<=64,sr<=5%,kvB<=1k,kp<=4k,0.008,6
32,n<=64,sr<=5%,kvB<=1k,kp<=512,0.0223,6
32,n<=64,sr<=5%,kvB<=1k,kp<=8k,0.0117,6
32,n<=64,sr<=5%,kvB<=1k,kp=0,0.0114,6
32,n<=64,sr<=5%,kvB<=4k,kp<=1k,0.0225,6
32,n<=64,sr<=5%,kvB<=4k,kp<=2k,0.0187,6
32,n<=64,sr<=5%,kvB<=4k,kp<=4k,0.0006,6
32,n<=64,sr<=5%,kvB<=4k,kp<=512,0.0236,6
32,n<=64,sr<=5%,kvB<=4k,kp<=8k,-0.0002,6
32,n<=64,sr<=5%,kvB<=4k,kp=0,0.0232,6
32,n<=64,sr<=70%,kvB<=16k,kp<=1k,0.0017,2
32,n<=64,sr<=70%,kvB<=16k,kp<=2k,0.0017,2
32,n<=64,sr<=70%,kvB<=16k,kp<=4k,0.0042,2
32,n<=64,sr<=70%,kvB<=16k,kp<=512,0.0021,2
32,n<=64,sr<=70%,kvB<=16k,kp<=8k,0.0073,2
32,n<=64,sr<=70%,kvB<=16k,kp=0,-0.0048,2
32,n<=64,sr<=70%,kvB<=1k,kp<=1k,-0.0249,2
32,n<=64,sr<=70%,kvB<=1k,kp<=2k,-0.0012,2
32,n<=64,sr<=70%,kvB<=1k,kp<=4k,-0.0326,2
32,n<=64,sr<=70%,kvB<=1k,kp<=512,-0.0254,2
32,n<=64,sr<=70%,kvB<=1k,kp<=8k,-0.0169,2
32,n<=64,sr<=70%,kvB<=1k,kp=0,-0.0149,2
32,n<=64,sr<=70%,kvB<=4k,kp<=1k,0.0024,2
32,n<=64,sr<=70%,kvB<=4k,kp<=2k,-0.0011,2
32,n<=64,sr<=70%,kvB<=4k,kp<=4k,0.0027,2
32,n<=64,sr<=70%,kvB<=4k,kp<=512,-0.0032,2
32,n<=64,sr<=70%,kvB<=4k,kp<=8k,0.0106,2
32,n<=64,sr<=70%,kvB<=4k,kp=0,-0.0005,2
32,n<=64,sr>70%,kvB<=16k,kp<=1k,-0.0087,4
32,n<=64,sr>70%,kvB<=16k,kp<=2k,-0.0096,4
32,n<=64,sr>70%,kvB<=16k,kp<=4k,-0.0042,4
32,n<=64,sr>70%,kvB<=16k,kp<=512,0.0033,4
32,n<=64,sr>70%,kvB<=16k,kp<=8k,0.0022,4
32,n<=64,sr>70%,kvB<=16k,kp=0,0.0013,4
32,n<=64,sr>70%,kvB<=1k,kp<=1k,0.0492,4
32,n<=64,sr>70%,kvB<=1k,kp<=2k,0.0708,4
32,n<=64,sr>70%,kvB<=1k,kp<=4k,0.0996,4
32,n<=64,sr>70%,kvB<=1k,kp<=512,0.0647,4
32,n<=64,sr>70%,kvB<=1k,kp<=8k,0.1017,4
32,n<=64,sr>70%,kvB<=1k,kp=0,0.05,4
32,n<=64,sr>70%,kvB<=4k,kp<=1k,-0.008,4
32,n<=64,sr>70%,kvB<=4k,kp<=2k,0.0029,4
32,n<=64,sr>70%,kvB<=4k,kp<=4k,-0.018,4
32,n<=64,sr>70%,kvB<=4k,kp<=512,-0.013,4
32,n<=64,sr>70%,kvB<=4k,kp<=8k,0.0146,4
32,n<=64,sr>70%,kvB<=4k,kp=0,-0.0097,4
32,n<=8,sr<=15%,kvB<=16k,kp<=1k,0.446,2
32,n<=8,sr<=15%,kvB<=16k,kp<=2k,0.3584,2
32,n<=8,sr<=15%,kvB<=16k,kp<=4k,0.2853,2
32,n<=8,sr<=15%,kvB<=16k,kp<=512,0.5217,2
32,n<=8,sr<=15%,kvB<=16k,kp<=8k,0.1298,2
32,n<=8,sr<=15%,kvB<=16k,kp=0,0.5859,2
32,n<=8,sr<=15%,kvB<=1k,kp<=1k,-0.0241,2
32,n<=8,sr<=15%,kvB<=1k,kp<=2k,-0.0257,2
32,n<=8,sr<=15%,kvB<=1k,kp<=4k,-0.0272,2
32,n<=8,sr<=15%,kvB<=1k,kp<=512,0.1936,2
32,n<=8,sr<=15%,kvB<=1k,kp<=8k,-0.0501,2
32,n<=8,sr<=15%,kvB<=1k,kp=0,0.4185,2
32,n<=8,sr<=15%,kvB<=4k,kp<=1k,0.2707,2
32,n<=8,sr<=15%,kvB<=4k,kp<=2k,0.1204,2
32,n<=8,sr<=15%,kvB<=4k,kp<=4k,-0.1358,2
32,n<=8,sr<=15%,kvB<=4k,kp<=512,0.3374,2
32,n<=8,sr<=15%,kvB<=4k,kp<=8k,-0.1199,2
32,n<=8,sr<=15%,kvB<=4k,kp=0,0.5329,2
32,n<=8,sr<=40%,kvB<=16k,kp<=1k,0.3677,4
32,n<=8,sr<=40%,kvB<=16k,kp<=2k,0.281,4
32,n<=8,sr<=40%,kvB<=16k,kp<=4k,0.1638,4
32,n<=8,sr<=40%,kvB<=16k,kp<=512,0.428,4
32,n<=8,sr<=40%,kvB<=16k,kp<=8k,0.0741,4
32,n<=8,sr<=40%,kvB<=16k,kp=0,0.4998,4
32,n<=8,sr<=40%,kvB<=1k,kp<=1k,-0.1069,4
32,n<=8,sr<=40%,kvB<=1k,kp<=2k,-0.1032,4
32,n<=8,sr<=40%,kvB<=1k,kp<=4k,-0.0979,4
32,n<=8,sr<=40%,kvB<=1k,kp<=512,0.0987,4
32,n<=8,sr<=40%,kvB<=1k,kp<=8k,-0.1175,4
32,n<=8,sr<=40%,kvB<=1k,kp=0,0.344,4
32,n<=8,sr<=40%,kvB<=4k,kp<=1k,0.1664,4
32,n<=8,sr<=40%,kvB<=4k,kp<=2k,0.0677,4
32,n<=8,sr<=40%,kvB<=4k,kp<=4k,-0.107,4
32,n<=8,sr<=40%,kvB<=4k,kp<=512,0.2458,4
32,n<=8,sr<=40%,kvB<=4k,kp<=8k,-0.1038,4
32,n<=8,sr<=40%,kvB<=4k,kp=0,0.4487,4
32,n<=8,sr<=70%,kvB<=16k,kp<=1k,0.7602,2
32,n<=8,sr<=70%,kvB<=16k,kp<=2k,0.5711,2
32,n<=8,sr<=70%,kvB<=16k,kp<=4k,0.278,2
32,n<=8,sr<=70%,kvB<=16k,kp<=512,0.8692,2
32,n<=8,sr<=70%,kvB<=16k,kp<=8k,0.1224,2
32,n<=8,sr<=70%,kvB<=16k,kp=0,0.9808,2
32,n<=8,sr<=70%,kvB<=1k,kp<=1k,-0.3817,2
32,n<=8,sr<=70%,kvB<=1k,kp<=2k,-0.2426,2
32,n<=8,sr<=70%,kvB<=1k,kp<=4k,-0.2174,2
32,n<=8,sr<=70%,kvB<=1k,kp<=512,-0.1011,2
32,n<=8,sr<=70%,kvB<=1k,kp<=8k,-0.2212,2
32,n<=8,sr<=70%,kvB<=1k,kp=0,0.2807,2
32,n<=8,sr<=70%,kvB<=4k,kp<=1k,0.1115,2
32,n<=8,sr<=70%,kvB<=4k,kp<=2k,0.0655,2
32,n<=8,sr<=70%,kvB<=4k,kp<=4k,-0.4221,2
32,n<=8,sr<=70%,kvB<=4k,kp<=512,0.4343,2
32,n<=8,sr<=70%,kvB<=4k,kp<=8k,-0.389,2
32,n<=8,sr<=70%,kvB<=4k,kp=0,0.8098,2
32,n<=8,sr>70%,kvB<=16k,kp<=1k,0.762,4
32,n<=8,sr>70%,kvB<=16k,kp<=2k,0.5503,4
32,n<=8,sr>70%,kvB<=16k,kp<=4k,0.0729,4
32,n<=8,sr>70%,kvB<=16k,kp<=512,0.7322,4
32,n<=8,sr>70%,kvB<=16k,kp<=8k,-0.436,4
32,n<=8,sr>70%,kvB<=16k,kp=0,0.9747,4
32,n<=8,sr>70%,kvB<=1k,kp<=1k,-0.5578,4
32,n<=8,sr>70%,kvB<=1k,kp<=2k,-0.3591,4
32,n<=8,sr>70%,kvB<=1k,kp<=4k,-0.3595,4
32,n<=8,sr>70%,kvB<=1k,kp<=512,-0.1174,4
32,n<=8,sr>70%,kvB<=1k,kp<=8k,-0.3416,4
32,n<=8,sr>70%,kvB<=1k,kp=0,0.2943,4
32,n<=8,sr>70%,kvB<=4k,kp<=1k,-0.0589,4
32,n<=8,sr>70%,kvB<=4k,kp<=2k,-0.4438,4
32,n<=8,sr>70%,kvB<=4k,kp<=4k,-0.9325,4
32,n<=8,sr>70%,kvB<=4k,kp<=512,0.3723,4
32,n<=8,sr>70%,kvB<=4k,kp<=8k,-0.6839,4
32,n<=8,sr>70%,kvB<=4k,kp=0,0.753,4
64,n<=128,sr<=15%,kvB<=16k,kp<=1k,0.0028,4
64,n<=128,sr<=15%,kvB<=16k,kp<=2k,0.0028,4
64,n<=128,sr<=15%,kvB<=16k,kp<=4k,0.0028,4
64,n<=128,sr<=15%,kvB<=16k,kp<=512,0.0025,4
64,n<=128,sr<=15%,kvB<=16k,kp<=8k,0.0024,4
64,n<=128,sr<=15%,kvB<=16k,kp=0,0.0028,4
64,n<=128,sr<=15%,kvB<=1k,kp<=1k,0.0298,4
64,n<=128,sr<=15%,kvB<=1k,kp<=2k,0.0269,4
64,n<=128,sr<=15%,kvB<=1k,kp<=4k,0.025,4
64,n<=128,sr<=15%,kvB<=1k,kp<=512,0.0344,4
64,n<=128,sr<=15%,kvB<=1k,kp<=8k,0.0253,4
64,n<=128,sr<=15%,kvB<=1k,kp=0,0.0359,4
64,n<=128,sr<=15%,kvB<=4k,kp<=1k,0.0032,4
64,n<=128,sr<=15%,kvB<=4k,kp<=2k,0.0022,4
64,n<=128,sr<=15%,kvB<=4k,kp<=4k,0.001,4
64,n<=128,sr<=15%,kvB<=4k,kp<=512,0.002,4
64,n<=128,sr<=15%,kvB<=4k,kp<=8k,0.0009,4
64,n<=128,sr<=15%,kvB<=4k,kp=0,0.0015,4
64,n<=128,sr<=40%,kvB<=16k,kp<=1k,-0.0015,2
64,n<=128,sr<=40%,kvB<=16k,kp<=2k,-0.0014,2
64,n<=128,sr<=40%,kvB<=16k,kp<=4k,-0.0013,2
64,n<=128,sr<=40%,kvB<=16k,kp<=512,-0.0021,2
64,n<=128,sr<=40%,kvB<=16k,kp<=8k,-0.0021,2
64,n<=128,sr<=40%,kvB<=16k,kp=0,-0.0017,2
64,n<=128,sr<=40%,kvB<=1k,kp<=1k,0.0601,2
64,n<=128,sr<=40%,kvB<=1k,kp<=2k,0.0569,2
64,n<=128,sr<=40%,kvB<=1k,kp<=4k,0.0589,2
64,n<=128,sr<=40%,kvB<=1k,kp<=512,0.0644,2
64,n<=128,sr<=40%,kvB<=1k,kp<=8k,0.065,2
64,n<=128,sr<=40%,kvB<=1k,kp=0,0.0645,2
64,n<=128,sr<=40%,kvB<=4k,kp<=1k,-0.0038,2
64,n<=128,sr<=40%,kvB<=4k,kp<=2k,-0.0029,2
64,n<=128,sr<=40%,kvB<=4k,kp<=4k,-0.0034,2
64,n<=128,sr<=40%,kvB<=4k,kp<=512,-0.0018,2
64,n<=128,sr<=40%,kvB<=4k,kp<=8k,0.0029,2
64,n<=128,sr<=40%,kvB<=4k,kp=0,-0.0039,2
64,n<=128,sr<=5%,kvB<=16k,kp<=1k,0.0057,8
64,n<=128,sr<=5%,kvB<=16k,kp<=2k,0.0059,8
64,n<=128,sr<=5%,kvB<=16k,kp<=4k,0.0057,8
64,n<=128,sr<=5%,kvB<=16k,kp<=512,0.0053,8
64,n<=128,sr<=5%,kvB<=16k,kp<=8k,0.0052,8
64,n<=128,sr<=5%,kvB<=16k,kp=0,0.0059,8
64,n<=128,sr<=5%,kvB<=1k,kp<=1k,0.004,8
64,n<=128,sr<=5%,kvB<=1k,kp<=2k,0.0014,8
64,n<=128,sr<=5%,kvB<=1k,kp<=4k,0.0041,8
64,n<=128,sr<=5%,kvB<=1k,kp<=512,0.0063,8
64,n<=128,sr<=5%,kvB<=1k,kp<=8k,0.0047,8
64,n<=128,sr<=5%,kvB<=1k,kp=0,0.0104,8
64,n<=128,sr<=5%,kvB<=4k,kp<=1k,0.0054,8
64,n<=128,sr<=5%,kvB<=4k,kp<=2k,0.0046,8
64,n<=128,sr<=5%,kvB<=4k,kp<=4k,0.0024,8
64,n<=128,sr<=5%,kvB<=4k,kp<=512,0.0051,8
64,n<=128,sr<=5%,kvB<=4k,kp<=8k,0.0024,8
64,n<=128,sr<=5%,kvB<=4k,kp=0,0.0055,8
64,n<=128,sr<=70%,kvB<=16k,kp<=1k,-0.0054,2
64,n<=128,sr<=70%,kvB<=16k,kp<=2k,-0.0062,2
64,n<=128,sr<=70%,kvB<=16k,kp<=4k,-0.0059,2
64,n<=128,sr<=70%,kvB<=16k,kp<=512,-0.0053,2
64,n<=128,sr<=70%,kvB<=16k,kp<=8k,-0.0017,2
64,n<=128,sr<=70%,kvB<=16k,kp=0,-0.0043,2
64,n<=128,sr<=70%,kvB<=1k,kp<=1k,0.0734,2
64,n<=128,sr<=70%,kvB<=1k,kp<=2k,0.0647,2
64,n<=128,sr<=70%,kvB<=1k,kp<=4k,0.0771,2
64,n<=128,sr<=70%,kvB<=1k,kp<=512,0.0711,2
64,n<=128,sr<=70%,kvB<=1k,kp<=8k,0.0459,2
64,n<=128,sr<=70%,kvB<=1k,kp=0,0.0805,2
64,n<=128,sr<=70%,kvB<=4k,kp<=1k,-0.0063,2
64,n<=128,sr<=70%,kvB<=4k,kp<=2k,-0.0052,2
64,n<=128,sr<=70%,kvB<=4k,kp<=4k,0.0085,2
64,n<=128,sr<=70%,kvB<=4k,kp<=512,-0.0086,2
64,n<=128,sr<=70%,kvB<=4k,kp<=8k,0.0105,2
64,n<=128,sr<=70%,kvB<=4k,kp=0,-0.0084,2
64,n<=128,sr>70%,kvB<=16k,kp<=1k,0.0011,4
64,n<=128,sr>70%,kvB<=16k,kp<=2k,-0.0059,4
64,n<=128,sr>70%,kvB<=16k,kp<=4k,-0.0016,4
64,n<=128,sr>70%,kvB<=16k,kp<=512,-0.0016,4
64,n<=128,sr>70%,kvB<=16k,kp<=8k,0.0028,4
64,n<=128,sr>70%,kvB<=16k,kp=0,0.0006,4
64,n<=128,sr>70%,kvB<=1k,kp<=1k,0.0557,4
64,n<=128,sr>70%,kvB<=1k,kp<=2k,0.0578,4
64,n<=128,sr>70%,kvB<=1k,kp<=4k,0.0515,4
64,n<=128,sr>70%,kvB<=1k,kp<=512,0.0681,4
64,n<=128,sr>70%,kvB<=1k,kp<=8k,0.1113,4
64,n<=128,sr>70%,kvB<=1k,kp=0,0.0729,4
64,n<=128,sr>70%,kvB<=4k,kp<=1k,-0.0005,4
64,n<=128,sr>70%,kvB<=4k,kp<=2k,-0.0045,4
64,n<=128,sr>70%,kvB<=4k,kp<=4k,-0.002,4
64,n<=128,sr>70%,kvB<=4k,kp<=512,-0.0048,4
64,n<=128,sr>70%,kvB<=4k,kp<=8k,0.0032,4
64,n<=128,sr>70%,kvB<=4k,kp=0,-0.0027,4
64,n<=16,sr<=15%,kvB<=16k,kp<=1k,0.2169,4
64,n<=16,sr<=15%,kvB<=16k,kp<=2k,0.1858,4
64,n<=16,sr<=15%,kvB<=16k,kp<=4k,0.1467,4
64,n<=16,sr<=15%,kvB<=16k,kp<=512,0.2392,4
64,n<=16,sr<=15%,kvB<=16k,kp<=8k,0.0986,4
64,n<=16,sr<=15%,kvB<=16k,kp=0,0.255,4
64,n<=16,sr<=15%,kvB<=1k,kp<=1k,0.0203,4
64,n<=16,sr<=15%,kvB<=1k,kp<=2k,0.0237,4
64,n<=16,sr<=15%,kvB<=1k,kp<=4k,0.0285,4
64,n<=16,sr<=15%,kvB<=1k,kp<=512,0.1087,4
64,n<=16,sr<=15%,kvB<=1k,kp<=8k,0.0269,4
64,n<=16,sr<=15%,kvB<=1k,kp=0,0.2405,4
64,n<=16,sr<=15%,kvB<=4k,kp<=1k,0.1465,4
64,n<=16,sr<=15%,kvB<=4k,kp<=2k,0.0923,4
64,n<=16,sr<=15%,kvB<=4k,kp<=4k,-0.026,4
64,n<=16,sr<=15%,kvB<=4k,kp<=512,0.1956,4
64,n<=16,sr<=15%,kvB<=4k,kp<=8k,-0.0048,4
64,n<=16,sr<=15%,kvB<=4k,kp=0,0.2514,4
64,n<=16,sr<=40%,kvB<=16k,kp<=1k,0.2578,4
64,n<=16,sr<=40%,kvB<=16k,kp<=2k,0.2302,4
64,n<=16,sr<=40%,kvB<=16k,kp<=4k,0.1765,4
64,n<=16,sr<=40%,kvB<=16k,kp<=512,0.2681,4
64,n<=16,sr<=40%,kvB<=16k,kp<=8k,0.1015,4
64,n<=16,sr<=40%,kvB<=16k,kp=0,0.2631,4
64,n<=16,sr<=40%,kvB<=1k,kp<=1k,-0.0112,4
64,n<=16,sr<=40%,kvB<=1k,kp<=2k,0.0546,4
64,n<=16,sr<=40%,kvB<=1k,kp<=4k,0.0546,4
64,n<=16,sr<=40%,kvB<=1k,kp<=512,0.124,4
64,n<=16,sr<=40%,kvB<=1k,kp<=8k,0.0476,4
64,n<=16,sr<=40%,kvB<=1k,kp=0,0.2451,4
64,n<=16,sr<=40%,kvB<=4k,kp<=1k,0.1767,4
64,n<=16,sr<=40%,kvB<=4k,kp<=2k,0.1102,4
64,n<=16,sr<=40%,kvB<=4k,kp<=4k,-0.0256,4
64,n<=16,sr<=40%,kvB<=4k,kp<=512,0.2186,4
64,n<=16,sr<=40%,kvB<=4k,kp<=8k,0.0373,4
64,n<=16,sr<=40%,kvB<=4k,kp=0,0.2531,4
64,n<=16,sr<=70%,kvB<=16k,kp<=1k,0.4704,2
64,n<=16,sr<=70%,kvB<=16k,kp<=2k,0.4146,2
64,n<=16,sr<=70%,kvB<=16k,kp<=4k,0.3723,2
64,n<=16,sr<=70%,kvB<=16k,kp<=512,0.5395,2
64,n<=16,sr<=70%,kvB<=16k,kp<=8k,0.3586,2
64,n<=16,sr<=70%,kvB<=16k,kp=0,0.5264,2
64,n<=16,sr<=70%,kvB<=1k,kp<=1k,-0.1515,2
64,n<=16,sr<=70%,kvB<=1k,kp<=2k,-0.086,2
64,n<=16,sr<=70%,kvB<=1k,kp<=4k,0.0407,2
64,n<=16,sr<=70%,kvB<=1k,kp<=512,-0.0274,2
64,n<=16,sr<=70%,kvB<=1k,kp<=8k,0.0152,2
64,n<=16,sr<=70%,kvB<=1k,kp=0,0.2851,2
64,n<=16,sr<=70%,kvB<=4k,kp<=1k,0.331,2
64,n<=16,sr<=70%,kvB<=4k,kp<=2k,0.248,2
64,n<=16,sr<=70%,kvB<=4k,kp<=4k,-0.0161,2
64,n<=16,sr<=70%,kvB<=4k,kp<=512,0.3824,2
64,n<=16,sr<=70%,kvB<=4k,kp<=8k,0.0677,2
64,n<=16,sr<=70%,kvB<=4k,kp=0,0.3014,2
64,n<=16,sr>70%,kvB<=16k,kp<=1k,1.0768,4
64,n<=16,sr>70%,kvB<=16k,kp<=2k,0.9332,4
64,n<=16,sr>70%,kvB<=16k,kp<=4k,0.6053,4
64,n<=16,sr>70%,kvB<=16k,kp<=512,1.3114,4
64,n<=16,sr>70%,kvB<=16k,kp<=8k,0.4598,4
64,n<=16,sr>70%,kvB<=16k,kp=0,1.2601,4
64,n<=16,sr>70%,kvB<=1k,kp<=1k,-0.1424,4
64,n<=16,sr>70%,kvB<=1k,kp<=2k,-0.2732,4
64,n<=16,sr>70%,kvB<=1k,kp<=4k,0.0792,4
64,n<=16,sr>70%,kvB<=1k,kp<=512,0.039,4
64,n<=16,sr>70%,kvB<=1k,kp<=8k,0.1809,4
64,n<=16,sr>70%,kvB<=1k,kp=0,0.6085,4
64,n<=16,sr>70%,kvB<=4k,kp<=1k,0.4101,4
64,n<=16,sr>70%,kvB<=4k,kp<=2k,0.1895,4
64,n<=16,sr>70%,kvB<=4k,kp<=4k,-0.085,4
64,n<=16,sr>70%,kvB<=4k,kp<=512,0.7498,4
64,n<=16,sr>70%,kvB<=4k,kp<=8k,-0.3344,4
64,n<=16,sr>70%,kvB<=4k,kp=0,1.0386,4
64,n<=2,sr<=70%,kvB<=16k,kp<=1k,0.9876,2
64,n<=2,sr<=70%,kvB<=16k,kp<=2k,0.987,2
64,n<=2,sr<=70%,kvB<=16k,kp<=4k,0.9855,2
64,n<=2,sr<=70%,kvB<=16k,kp<=512,0.9888,2
64,n<=2,sr<=70%,kvB<=16k,kp<=8k,0.9799,2
64,n<=2,sr<=70%,kvB<=16k,kp=0,0.9882,2
64,n<=2,sr<=70%,kvB<=1k,kp<=1k,-0.2669,2
64,n<=2,sr<=70%,kvB<=1k,kp<=2k,-0.0402,2
64,n<=2,sr<=70%,kvB<=1k,kp<=4k,-0.0436,2
64,n<=2,sr<=70%,kvB<=1k,kp<=512,0.9406,2
64,n<=2,sr<=70%,kvB<=1k,kp<=8k,-1.4951,2
64,n<=2,sr<=70%,kvB<=1k,kp=0,0.9468,2
64,n<=2,sr<=70%,kvB<=4k,kp<=1k,0.9712,2
64,n<=2,sr<=70%,kvB<=4k,kp<=2k,0.9576,2
64,n<=2,sr<=70%,kvB<=4k,kp<=4k,-0.4906,2
64,n<=2,sr<=70%,kvB<=4k,kp<=512,0.9631,2
64,n<=2,sr<=70%,kvB<=4k,kp<=8k,-1.1166,2
64,n<=2,sr<=70%,kvB<=4k,kp=0,0.9651,2
64,n<=32,sr<=15%,kvB<=16k,kp<=1k,0.1251,6
64,n<=32,sr<=15%,kvB<=16k,kp<=2k,0.1029,6
64,n<=32,sr<=15%,kvB<=16k,kp<=4k,0.0784,6
64,n<=32,sr<=15%,kvB<=16k,kp<=512,0.1522,6
64,n<=32,sr<=15%,kvB<=16k,kp<=8k,0.0742,6
64,n<=32,sr<=15%,kvB<=16k,kp=0,0.1344,6
64,n<=32,sr<=15%,kvB<=1k,kp<=1k,0.0297,6
64,n<=32,sr<=15%,kvB<=1k,kp<=2k,0.0513,6
64,n<=32,sr<=15%,kvB<=1k,kp<=4k,0.0702,6
64,n<=32,sr<=15%,kvB<=1k,kp<=512,0.109,6
64,n<=32,sr<=15%,kvB<=1k,kp<=8k,0.0673,6
64,n<=32,sr<=15%,kvB<=1k,kp=0,0.136,6
64,n<=32,sr<=15%,kvB<=4k,kp<=1k,0.1156,6
64,n<=32,sr<=15%,kvB<=4k,kp<=2k,0.0976,6
64,n<=32,sr<=15%,kvB<=4k,kp<=4k,0.0401,6
64,n<=32,sr<=15%,kvB<=4k,kp<=512,0.1395,6
64,n<=32,sr<=15%,kvB<=4k,kp<=8k,0.0661,6
64,n<=32,sr<=15%,kvB<=4k,kp=0,0.1764,6
64,n<=32,sr<=40%,kvB<=16k,kp<=1k,0.1764,2
64,n<=32,sr<=40%,kvB<=16k,kp<=2k,0.1495,2
64,n<=32,sr<=40%,kvB<=16k,kp<=4k,0.1422,2
64,n<=32,sr<=40%,kvB<=16k,kp<=512,0.2155,2
64,n<=32,sr<=40%,kvB<=16k,kp<=8k,0.1262,2
64,n<=32,sr<=40%,kvB<=16k,kp=0,0.213,2
64,n<=32,sr<=40%,kvB<=1k,kp<=1k,0.0982,2
64,n<=32,sr<=40%,kvB<=1k,kp<=2k,0.0565,2
64,n<=32,sr<=40%,kvB<=1k,kp<=4k,0.1053,2
64,n<=32,sr<=40%,kvB<=1k,kp<=512,0.1218,2
64,n<=32,sr<=40%,kvB<=1k,kp<=8k,0.1209,2
64,n<=32,sr<=40%,kvB<=1k,kp=0,0.1928,2
64,n<=32,sr<=40%,kvB<=4k,kp<=1k,0.1949,2
64,n<=32,sr<=40%,kvB<=4k,kp<=2k,0.1913,2
64,n<=32,sr<=40%,kvB<=4k,kp<=4k,0.1823,2
64,n<=32,sr<=40%,kvB<=4k,kp<=512,0.2441,2
64,n<=32,sr<=40%,kvB<=4k,kp<=8k,0.1085,2
64,n<=32,sr<=40%,kvB<=4k,kp=0,0.2587,2
64,n<=32,sr<=5%,kvB<=16k,kp<=1k,0.1185,2
64,n<=32,sr<=5%,kvB<=16k,kp<=2k,0.0879,2
64,n<=32,sr<=5%,kvB<=16k,kp<=4k,0.0883,2
64,n<=32,sr<=5%,kvB<=16k,kp<=512,0.1358,2
64,n<=32,sr<=5%,kvB<=16k,kp<=8k,0.0618,2
64,n<=32,sr<=5%,kvB<=16k,kp=0,0.1231,2
64,n<=32,sr<=5%,kvB<=1k,kp<=1k,-0.0007,2
64,n<=32,sr<=5%,kvB<=1k,kp<=2k,-0.0063,2
64,n<=32,sr<=5%,kvB<=1k,kp<=4k,0.0393,2
64,n<=32,sr<=5%,kvB<=1k,kp<=512,0.0799,2
64,n<=32,sr<=5%,kvB<=1k,kp<=8k,0.0382,2
64,n<=32,sr<=5%,kvB<=1k,kp=0,0.0889,2
64,n<=32,sr<=5%,kvB<=4k,kp<=1k,0.1088,2
64,n<=32,sr<=5%,kvB<=4k,kp<=2k,0.0864,2
64,n<=32,sr<=5%,kvB<=4k,kp<=4k,0.0012,2
64,n<=32,sr<=5%,kvB<=4k,kp<=512,0.1314,2
64,n<=32,sr<=5%,kvB<=4k,kp<=8k,0.054,2
64,n<=32,sr<=5%,kvB<=4k,kp=0,0.1317,2
64,n<=32,sr<=70%,kvB<=16k,kp<=1k,0.3946,2
64,n<=32,sr<=70%,kvB<=16k,kp<=2k,0.3346,2
64,n<=32,sr<=70%,kvB<=16k,kp<=4k,0.2972,2
64,n<=32,sr<=70%,kvB<=16k,kp<=512,0.4291,2
64,n<=32,sr<=70%,kvB<=16k,kp<=8k,0.2443,2
64,n<=32,sr<=70%,kvB<=16k,kp=0,0.4635,2
64,n<=32,sr<=70%,kvB<=1k,kp<=1k,0.1547,2
64,n<=32,sr<=70%,kvB<=1k,kp<=2k,0.13,2
64,n<=32,sr<=70%,kvB<=1k,kp<=4k,0.1942,2
64,n<=32,sr<=70%,kvB<=1k,kp<=512,0.2165,2
64,n<=32,sr<=70%,kvB<=1k,kp<=8k,0.2675,2
64,n<=32,sr<=70%,kvB<=1k,kp=0,0.3422,2
64,n<=32,sr<=70%,kvB<=4k,kp<=1k,0.39,2
64,n<=32,sr<=70%,kvB<=4k,kp<=2k,0.3922,2
64,n<=32,sr<=70%,kvB<=4k,kp<=4k,0.4507,2
64,n<=32,sr<=70%,kvB<=4k,kp<=512,0.6091,2
64,n<=32,sr<=70%,kvB<=4k,kp<=8k,0.4333,2
64,n<=32,sr<=70%,kvB<=4k,kp=0,0.7195,2
64,n<=32,sr>70%,kvB<=16k,kp<=1k,0.8913,4
64,n<=32,sr>70%,kvB<=16k,kp<=2k,0.9683,4
64,n<=32,sr>70%,kvB<=16k,kp<=4k,0.6436,4
64,n<=32,sr>70%,kvB<=16k,kp<=512,0.9844,4
64,n<=32,sr>70%,kvB<=16k,kp<=8k,0.5928,4
64,n<=32,sr>70%,kvB<=16k,kp=0,1.0493,4
64,n<=32,sr>70%,kvB<=1k,kp<=1k,0.4246,4
64,n<=32,sr>70%,kvB<=1k,kp<=2k,0.3772,4
64,n<=32,sr>70%,kvB<=1k,kp<=4k,0.2665,4
64,n<=32,sr>70%,kvB<=1k,kp<=512,0.3359,4
64,n<=32,sr>70%,kvB<=1k,kp<=8k,0.6775,4
64,n<=32,sr>70%,kvB<=1k,kp=0,0.8914,4
64,n<=32,sr>70%,kvB<=4k,kp<=1k,1.22,4
64,n<=32,sr>70%,kvB<=4k,kp<=2k,0.8893,4
64,n<=32,sr>70%,kvB<=4k,kp<=4k,1.1829,4
64,n<=32,sr>70%,kvB<=4k,kp<=512,1.6411,4
64,n<=32,sr>70%,kvB<=4k,kp<=8k,1.1473,4
64,n<=32,sr>70%,kvB<=4k,kp=0,1.8855,4
64,n<=4,sr<=40%,kvB<=16k,kp<=1k,0.8071,2
64,n<=4,sr<=40%,kvB<=16k,kp<=2k,0.6844,2
64,n<=4,sr<=40%,kvB<=16k,kp<=4k,0.4531,2
64,n<=4,sr<=40%,kvB<=16k,kp<=512,0.8798,2
64,n<=4,sr<=40%,kvB<=16k,kp<=8k,0.2463,2
64,n<=4,sr<=40%,kvB<=16k,kp=0,0.9532,2
64,n<=4,sr<=40%,kvB<=1k,kp<=1k,-0.1779,2
64,n<=4,sr<=40%,kvB<=1k,kp<=2k,-0.1759,2
64,n<=4,sr<=40%,kvB<=1k,kp<=4k,-0.1845,2
64,n<=4,sr<=40%,kvB<=1k,kp<=512,0.2736,2
64,n<=4,sr<=40%,kvB<=1k,kp<=8k,-0.1728,2
64,n<=4,sr<=40%,kvB<=1k,kp=0,0.5915,2
64,n<=4,sr<=40%,kvB<=4k,kp<=1k,0.4287,2
64,n<=4,sr<=40%,kvB<=4k,kp<=2k,0.2313,2
64,n<=4,sr<=40%,kvB<=4k,kp<=4k,-0.3246,2
64,n<=4,sr<=40%,kvB<=4k,kp<=512,0.5973,2
64,n<=4,sr<=40%,kvB<=4k,kp<=8k,-0.3315,2
64,n<=4,sr<=40%,kvB<=4k,kp=0,0.8443,2
64,n<=4,sr<=70%,kvB<=16k,kp<=1k,0.8878,2
64,n<=4,sr<=70%,kvB<=16k,kp<=2k,0.7987,2
64,n<=4,sr<=70%,kvB<=16k,kp<=4k,0.1726,2
64,n<=4,sr<=70%,kvB<=16k,kp<=512,0.9239,2
64,n<=4,sr<=70%,kvB<=16k,kp<=8k,-0.0322,2
64,n<=4,sr<=70%,kvB<=16k,kp=0,0.965,2
64,n<=4,sr<=70%,kvB<=1k,kp<=1k,-0.8462,2
64,n<=4,sr<=70%,kvB<=1k,kp<=2k,-0.7922,2
64,n<=4,sr<=70%,kvB<=1k,kp<=4k,-0.8761,2
64,n<=4,sr<=70%,kvB<=1k,kp<=512,0.026,2
64,n<=4,sr<=70%,kvB<=1k,kp<=8k,-0.8197,2
64,n<=4,sr<=70%,kvB<=1k,kp=0,0.6305,2
64,n<=4,sr<=70%,kvB<=4k,kp<=1k,0.1018,2
64,n<=4,sr<=70%,kvB<=4k,kp<=2k,-0.0254,2
64,n<=4,sr<=70%,kvB<=4k,kp<=4k,-0.9211,2
64,n<=4,sr<=70%,kvB<=4k,kp<=512,0.553,2
64,n<=4,sr<=70%,kvB<=4k,kp<=8k,-0.9869,2
64,n<=4,sr<=70%,kvB<=4k,kp=0,0.9251,2
64,n<=4,sr>70%,kvB<=16k,kp<=1k,0.9066,2
64,n<=4,sr>70%,kvB<=16k,kp<=2k,0.6606,2
64,n<=4,sr>70%,kvB<=16k,kp<=4k,-0.3258,2
64,n<=4,sr>70%,kvB<=16k,kp<=512,0.9229,2
64,n<=4,sr>70%,kvB<=16k,kp<=8k,-0.4035,2
64,n<=4,sr>70%,kvB<=16k,kp=0,0.9657,2
64,n<=4,sr>70%,kvB<=1k,kp<=1k,-0.82,2
64,n<=4,sr>70%,kvB<=1k,kp<=2k,-2.2202,2
64,n<=4,sr>70%,kvB<=1k,kp<=4k,-1.7026,2
64,n<=4,sr>70%,kvB<=1k,kp<=512,0.0426,2
64,n<=4,sr>70%,kvB<=1k,kp<=8k,-2.0145,2
64,n<=4,sr>70%,kvB<=1k,kp=0,0.4029,2
64,n<=4,sr>70%,kvB<=4k,kp<=1k,-0.3722,2
64,n<=4,sr>70%,kvB<=4k,kp<=2k,-0.3276,2
64,n<=4,sr>70%,kvB<=4k,kp<=4k,-1.7694,2
64,n<=4,sr>70%,kvB<=4k,kp<=512,0.2348,2
64,n<=4,sr>70%,kvB<=4k,kp<=8k,-2.8288,2
64,n<=4,sr>70%,kvB<=4k,kp=0,0.8995,2
64,n<=64,sr<=15%,kvB<=16k,kp<=1k,0.0196,4
64,n<=64,sr<=15%,kvB<=16k,kp<=2k,0.0193,4
64,n<=64,sr<=15%,kvB<=16k,kp<=4k,0.0187,4
64,n<=64,sr<=15%,kvB<=16k,kp<=512,0.0196,4
64,n<=64,sr<=15%,kvB<=16k,kp<=8k,0.0163,4
64,n<=64,sr<=15%,kvB<=16k,kp=0,0.0201,4
64,n<=64,sr<=15%,kvB<=1k,kp<=1k,0.0399,4
64,n<=64,sr<=15%,kvB<=1k,kp<=2k,0.0288,4
64,n<=64,sr<=15%,kvB<=1k,kp<=4k,0.022,4
64,n<=64,sr<=15%,kvB<=1k,kp<=512,0.0455,4
64,n<=64,sr<=15%,kvB<=1k,kp<=8k,0.0243,4
64,n<=64,sr<=15%,kvB<=1k,kp=0,0.0436,4
64,n<=64,sr<=15%,kvB<=4k,kp<=1k,0.0195,4
64,n<=64,sr<=15%,kvB<=4k,kp<=2k,0.0151,4
64,n<=64,sr<=15%,kvB<=4k,kp<=4k,0.0023,4
64,n<=64,sr<=15%,kvB<=4k,kp<=512,0.0196,4
64,n<=64,sr<=15%,kvB<=4k,kp<=8k,-0.002,4
64,n<=64,sr<=15%,kvB<=4k,kp=0,0.0185,4
64,n<=64,sr<=40%,kvB<=16k,kp<=1k,0.0122,2
64,n<=64,sr<=40%,kvB<=16k,kp<=2k,0.0104,2
64,n<=64,sr<=40%,kvB<=16k,kp<=4k,0.0122,2
64,n<=64,sr<=40%,kvB<=16k,kp<=512,0.0113,2
64,n<=64,sr<=40%,kvB<=16k,kp<=8k,0.0069,2
64,n<=64,sr<=40%,kvB<=16k,kp=0,0.0119,2
64,n<=64,sr<=40%,kvB<=1k,kp<=1k,0.0315,2
64,n<=64,sr<=40%,kvB<=1k,kp<=2k,0.0229,2
64,n<=64,sr<=40%,kvB<=1k,kp<=4k,0.0216,2
64,n<=64,sr<=40%,kvB<=1k,kp<=512,0.0347,2
64,n<=64,sr<=40%,kvB<=1k,kp<=8k,0.0278,2
64,n<=64,sr<=40%,kvB<=1k,kp=0,0.0382,2
64,n<=64,sr<=40%,kvB<=4k,kp<=1k,0.0039,2
64,n<=64,sr<=40%,kvB<=4k,kp<=2k,-0.002,2
64,n<=64,sr<=40%,kvB<=4k,kp<=4k,-0.0018,2
64,n<=64,sr<=40%,kvB<=4k,kp<=512,0.0046,2
64,n<=64,sr<=40%,kvB<=4k,kp<=8k,-0.0081,2
64,n<=64,sr<=40%,kvB<=4k,kp=0,0.0045,2
64,n<=64,sr<=5%,kvB<=16k,kp<=1k,0.0233,6
64,n<=64,sr<=5%,kvB<=16k,kp<=2k,0.0237,6
64,n<=64,sr<=5%,kvB<=16k,kp<=4k,0.0228,6
64,n<=64,sr<=5%,kvB<=16k,kp<=512,0.0226,6
64,n<=64,sr<=5%,kvB<=16k,kp<=8k,0.0185,6
64,n<=64,sr<=5%,kvB<=16k,kp=0,0.0241,6
64,n<=64,sr<=5%,kvB<=1k,kp<=1k,0.0147,6
64,n<=64,sr<=5%,kvB<=1k,kp<=2k,0.004,6
64,n<=64,sr<=5%,kvB<=1k,kp<=4k,0.0099,6
64,n<=64,sr<=5%,kvB<=1k,kp<=512,0.0211,6
64,n<=64,sr<=5%,kvB<=1k,kp<=8k,0.0097,6
64,n<=64,sr<=5%,kvB<=1k,kp=0,0.0149,6
64,n<=64,sr<=5%,kvB<=4k,kp<=1k,0.0215,6
64,n<=64,sr<=5%,kvB<=4k,kp<=2k,0.0191,6
64,n<=64,sr<=5%,kvB<=4k,kp<=4k,0.0025,6
64,n<=64,sr<=5%,kvB<=4k,kp<=512,0.0233,6
64,n<=64,sr<=5%,kvB<=4k,kp<=8k,0.0042,6
64,n<=64,sr<=5%,kvB<=4k,kp=0,0.023,6
64,n<=64,sr<=70%,kvB<=16k,kp<=1k,-0.0004,2
64,n<=64,sr<=70%,kvB<=16k,kp<=2k,-0.0013,2
64,n<=64,sr<=70%,kvB<=16k,kp<=4k,0.0054,2
64,n<=64,sr<=70%,kvB<=16k,kp<=512,0.0024,2
64,n<=64,sr<=70%,kvB<=16k,kp<=8k,0.009,2
64,n<=64,sr<=70%,kvB<=16k,kp=0,0.0017,2
64,n<=64,sr<=70%,kvB<=1k,kp<=1k,-0.0253,2
64,n<=64,sr<=70%,kvB<=1k,kp<=2k,-0.0172,2
64,n<=64,sr<=70%,kvB<=1k,kp<=4k,-0.0513,2
64,n<=64,sr<=70%,kvB<=1k,kp<=512,-0.0289,2
64,n<=64,sr<=70%,kvB<=1k,kp<=8k,-0.0286,2
64,n<=64,sr<=70%,kvB<=1k,kp=0,-0.0161,2
64,n<=64,sr<=70%,kvB<=4k,kp<=1k,0.0042,2
64,n<=64,sr<=70%,kvB<=4k,kp<=2k,0.0029,2
64,n<=64,sr<=70%,kvB<=4k,kp<=4k,0.0004,2
64,n<=64,sr<=70%,kvB<=4k,kp<=512,-0.0,2
64,n<=64,sr<=70%,kvB<=4k,kp<=8k,0.008,2
64,n<=64,sr<=70%,kvB<=4k,kp=0,-0.0001,2
64,n<=64,sr>70%,kvB<=16k,kp<=1k,-0.0115,4
64,n<=64,sr>70%,kvB<=16k,kp<=2k,-0.0151,4
64,n<=64,sr>70%,kvB<=16k,kp<=4k,0.0056,4
64,n<=64,sr>70%,kvB<=16k,kp<=512,-0.0047,4
64,n<=64,sr>70%,kvB<=16k,kp<=8k,0.0063,4
64,n<=64,sr>70%,kvB<=16k,kp=0,-0.0039,4
64,n<=64,sr>70%,kvB<=1k,kp<=1k,0.0439,4
64,n<=64,sr>70%,kvB<=1k,kp<=2k,0.0612,4
64,n<=64,sr>70%,kvB<=1k,kp<=4k,0.0566,4
64,n<=64,sr>70%,kvB<=1k,kp<=512,0.0668,4
64,n<=64,sr>70%,kvB<=1k,kp<=8k,0.101,4
64,n<=64,sr>70%,kvB<=1k,kp=0,0.0604,4
64,n<=64,sr>70%,kvB<=4k,kp<=1k,-0.0097,4
64,n<=64,sr>70%,kvB<=4k,kp<=2k,-0.0046,4
64,n<=64,sr>70%,kvB<=4k,kp<=4k,-0.0258,4
64,n<=64,sr>70%,kvB<=4k,kp<=512,-0.0123,4
64,n<=64,sr>70%,kvB<=4k,kp<=8k,0.0037,4
64,n<=64,sr>70%,kvB<=4k,kp=0,-0.0089,4
64,n<=8,sr<=15%,kvB<=16k,kp<=1k,0.4454,2
64,n<=8,sr<=15%,kvB<=16k,kp<=2k,0.3575,2
64,n<=8,sr<=15%,kvB<=16k,kp<=4k,0.279,2
64,n<=8,sr<=15%,kvB<=16k,kp<=512,0.5156,2
64,n<=8,sr<=15%,kvB<=16k,kp<=8k,0.1232,2
64,n<=8,sr<=15%,kvB<=16k,kp=0,0.5838,2
64,n<=8,sr<=15%,kvB<=1k,kp<=1k,-0.0405,2
64,n<=8,sr<=15%,kvB<=1k,kp<=2k,-0.0383,2
64,n<=8,sr<=15%,kvB<=1k,kp<=4k,-0.0435,2
64,n<=8,sr<=15%,kvB<=1k,kp<=512,0.1864,2
64,n<=8,sr<=15%,kvB<=1k,kp<=8k,-0.0278,2
64,n<=8,sr<=15%,kvB<=1k,kp=0,0.4065,2
64,n<=8,sr<=15%,kvB<=4k,kp<=1k,0.2728,2
64,n<=8,sr<=15%,kvB<=4k,kp<=2k,0.1305,2
64,n<=8,sr<=15%,kvB<=4k,kp<=4k,-0.1283,2
64,n<=8,sr<=15%,kvB<=4k,kp<=512,0.3286,2
64,n<=8,sr<=15%,kvB<=4k,kp<=8k,-0.1266,2
64,n<=8,sr<=15%,kvB<=4k,kp=0,0.5243,2
64,n<=8,sr<=40%,kvB<=16k,kp<=1k,0.3701,4
64,n<=8,sr<=40%,kvB<=16k,kp<=2k,0.2751,4
64,n<=8,sr<=40%,kvB<=16k,kp<=4k,0.1627,4
64,n<=8,sr<=40%,kvB<=16k,kp<=512,0.4218,4
64,n<=8,sr<=40%,kvB<=16k,kp<=8k,0.0718,4
64,n<=8,sr<=40%,kvB<=16k,kp=0,0.4992,4
64,n<=8,sr<=40%,kvB<=1k,kp<=1k,-0.1159,4
64,n<=8,sr<=40%,kvB<=1k,kp<=2k,-0.1189,4
64,n<=8,sr<=40%,kvB<=1k,kp<=4k,-0.1077,4
64,n<=8,sr<=40%,kvB<=1k,kp<=512,0.0965,4
64,n<=8,sr<=40%,kvB<=1k,kp<=8k,-0.1268,4
64,n<=8,sr<=40%,kvB<=1k,kp=0,0.3264,4
64,n<=8,sr<=40%,kvB<=4k,kp<=1k,0.167,4
64,n<=8,sr<=40%,kvB<=4k,kp<=2k,0.0689,4
64,n<=8,sr<=40%,kvB<=4k,kp<=4k,-0.1053,4
64,n<=8,sr<=40%,kvB<=4k,kp<=512,0.2482,4
64,n<=8,sr<=40%,kvB<=4k,kp<=8k,-0.0919,4
64,n<=8,sr<=40%,kvB<=4k,kp=0,0.4378,4
64,n<=8,sr<=70%,kvB<=16k,kp<=1k,0.7578,2
64,n<=8,sr<=70%,kvB<=16k,kp<=2k,0.5771,2
64,n<=8,sr<=70%,kvB<=16k,kp<=4k,0.2779,2
64,n<=8,sr<=70%,kvB<=16k,kp<=512,0.855,2
64,n<=8,sr<=70%,kvB<=16k,kp<=8k,0.1295,2
64,n<=8,sr<=70%,kvB<=16k,kp=0,0.9732,2
64,n<=8,sr<=70%,kvB<=1k,kp<=1k,-0.3921,2
64,n<=8,sr<=70%,kvB<=1k,kp<=2k,-0.2405,2
64,n<=8,sr<=70%,kvB<=1k,kp<=4k,-0.2552,2
64,n<=8,sr<=70%,kvB<=1k,kp<=512,-0.11,2
64,n<=8,sr<=70%,kvB<=1k,kp<=8k,-0.2356,2
64,n<=8,sr<=70%,kvB<=1k,kp=0,0.2679,2
64,n<=8,sr<=70%,kvB<=4k,kp<=1k,0.1143,2
64,n<=8,sr<=70%,kvB<=4k,kp<=2k,0.0394,2
64,n<=8,sr<=70%,kvB<=4k,kp<=4k,-0.4268,2
64,n<=8,sr<=70%,kvB<=4k,kp<=512,0.4262,2
64,n<=8,sr<=70%,kvB<=4k,kp<=8k,-0.3847,2
64,n<=8,sr<=70%,kvB<=4k,kp=0,0.7893,2
64,n<=8,sr>70%,kvB<=16k,kp<=1k,0.7494,4
64,n<=8,sr>70%,kvB<=16k,kp<=2k,0.529,4
64,n<=8,sr>70%,kvB<=16k,kp<=4k,0.0677,4
64,n<=8,sr>70%,kvB<=16k,kp<=512,0.7823,4
64,n<=8,sr>70%,kvB<=16k,kp<=8k,-0.403,4
64,n<=8,sr>70%,kvB<=16k,kp=0,0.9681,4
64,n<=8,sr>70%,kvB<=1k,kp<=1k,-0.5636,4
64,n<=8,sr>70%,kvB<=1k,kp<=2k,-0.4331,4
64,n<=8,sr>70%,kvB<=1k,kp<=4k,-0.3642,4
64,n<=8,sr>70%,kvB<=1k,kp<=512,-0.1279,4
64,n<=8,sr>70%,kvB<=1k,kp<=8k,-0.3141,4
64,n<=8,sr>70%,kvB<=1k,kp=0,0.2609,4
64,n<=8,sr>70%,kvB<=4k,kp<=1k,-0.1111,4
64,n<=8,sr>70%,kvB<=4k,kp<=2k,-0.3621,4
64,n<=8,sr>70%,kvB<=4k,kp<=4k,-0.8859,4
64,n<=8,sr>70%,kvB<=4k,kp<=512,0.3175,4
64,n<=8,sr>70%,kvB<=4k,kp<=8k,-0.7835,4
64,n<=8,sr>70%,kvB<=4k,kp=0,0.7724,4
128,n<=128,sr<=15%,kvB<=16k,kp<=1k,0.0019,4
128,n<=128,sr<=15%,kvB<=16k,kp<=2k,0.0026,4
128,n<=128,sr<=15%,kvB<=16k,kp<=4k,0.0027,4
128,n<=128,sr<=15%,kvB<=16k,kp<=512,0.002,4
128,n<=128,sr<=15%,kvB<=16k,kp<=8k,0.0018,4
128,n<=128,sr<=15%,kvB<=16k,kp=0,0.0023,4
128,n<=128,sr<=15%,kvB<=1k,kp<=1k,0.0365,4
128,n<=128,sr<=15%,kvB<=1k,kp<=2k,0.0351,4
128,n<=128,sr<=15%,kvB<=1k,kp<=4k,0.0383,4
128,n<=128,sr<=15%,kvB<=1k,kp<=512,0.0357,4
128,n<=128,sr<=15%,kvB<=1k,kp<=8k,0.0503,4
128,n<=128,sr<=15%,kvB<=1k,kp=0,0.0378,4
128,n<=128,sr<=15%,kvB<=4k,kp<=1k,0.003,4
128,n<=128,sr<=15%,kvB<=4k,kp<=2k,0.0018,4
128,n<=128,sr<=15%,kvB<=4k,kp<=4k,0.0013,4
128,n<=128,sr<=15%,kvB<=4k,kp<=512,0.003,4
128,n<=128,sr<=15%,kvB<=4k,kp<=8k,0.0004,4
128,n<=128,sr<=15%,kvB<=4k,kp=0,0.002,4
128,n<=128,sr<=40%,kvB<=16k,kp<=1k,-0.0023,2
128,n<=128,sr<=40%,kvB<=16k,kp<=2k,-0.0022,2
128,n<=128,sr<=40%,kvB<=16k,kp<=4k,-0.0011,2
128,n<=128,sr<=40%,kvB<=16k,kp<=512,-0.0021,2
128,n<=128,sr<=40%,kvB<=16k,kp<=8k,-0.0022,2
128,n<=128,sr<=40%,kvB<=16k,kp=0,-0.0015,2
128,n<=128,sr<=40%,kvB<=1k,kp<=1k,0.0719,2
128,n<=128,sr<=40%,kvB<=1k,kp<=2k,0.0751,2
128,n<=128,sr<=40%,kvB<=1k,kp<=4k,0.082,2
128,n<=128,sr<=40%,kvB<=1k,kp<=512,0.0745,2
128,n<=128,sr<=40%,kvB<=1k,kp<=8k,0.0898,2
128,n<=128,sr<=40%,kvB<=1k,kp=0,0.0722,2
128,n<=128,sr<=40%,kvB<=4k,kp<=1k,-0.0036,2
128,n<=128,sr<=40%,kvB<=4k,kp<=2k,-0.0045,2
128,n<=128,sr<=40%,kvB<=4k,kp<=4k,0.0001,2
128,n<=128,sr<=40%,kvB<=4k,kp<=512,-0.0028,2
128,n<=128,sr<=40%,kvB<=4k,kp<=8k,0.0041,2
128,n<=128,sr<=40%,kvB<=4k,kp=0,-0.0036,2
128,n<=128,sr<=5%,kvB<=16k,kp<=1k,0.0056,8
128,n<=128,sr<=5%,kvB<=16k,kp<=2k,0.0062,8
128,n<=128,sr<=5%,kvB<=16k,kp<=4k,0.0059,8
128,n<=128,sr<=5%,kvB<=16k,kp<=512,0.0058,8
128,n<=128,sr<=5%,kvB<=16k,kp<=8k,0.0046,8
128,n<=128,sr<=5%,kvB<=16k,kp=0,0.0058,8
128,n<=128,sr<=5%,kvB<=1k,kp<=1k,0.0053,8
128,n<=128,sr<=5%,kvB<=1k,kp<=2k,0.0037,8
128,n<=128,sr<=5%,kvB<=1k,kp<=4k,0.0047,8
128,n<=128,sr<=5%,kvB<=1k,kp<=512,0.0061,8
128,n<=128,sr<=5%,kvB<=1k,kp<=8k,0.0044,8
128,n<=128,sr<=5%,kvB<=1k,kp=0,0.0067,8
128,n<=128,sr<=5%,kvB<=4k,kp<=1k,0.0048,8
128,n<=128,sr<=5%,kvB<=4k,kp<=2k,0.005,8
128,n<=128,sr<=5%,kvB<=4k,kp<=4k,0.003,8
128,n<=128,sr<=5%,kvB<=4k,kp<=512,0.0055,8
128,n<=128,sr<=5%,kvB<=4k,kp<=8k,0.0023,8
128,n<=128,sr<=5%,kvB<=4k,kp=0,0.0051,8
128,n<=128,sr<=70%,kvB<=16k,kp<=1k,-0.0063,2
128,n<=128,sr<=70%,kvB<=16k,kp<=2k,-0.0059,2
128,n<=128,sr<=70%,kvB<=16k,kp<=4k,-0.0064,2
128,n<=128,sr<=70%,kvB<=16k,kp<=512,-0.0056,2
128,n<=128,sr<=70%,kvB<=16k,kp<=8k,-0.0016,2
128,n<=128,sr<=70%,kvB<=16k,kp=0,-0.0054,2
128,n<=128,sr<=70%,kvB<=1k,kp<=1k,0.0913,2
128,n<=128,sr<=70%,kvB<=1k,kp<=2k,0.0926,2
128,n<=128,sr<=70%,kvB<=1k,kp<=4k,0.0902,2
128,n<=128,sr<=70%,kvB<=1k,kp<=512,0.0898,2
128,n<=128,sr<=70%,kvB<=1k,kp<=8k,0.0782,2
128,n<=128,sr<=70%,kvB<=1k,kp=0,0.1045,2
128,n<=128,sr<=70%,kvB<=4k,kp<=1k,-0.0082,2
128,n<=128,sr<=70%,kvB<=4k,kp<=2k,-0.0056,2
128,n<=128,sr<=70%,kvB<=4k,kp<=4k,0.0069,2
128,n<=128,sr<=70%,kvB<=4k,kp<=512,-0.0086,2
128,n<=128,sr<=70%,kvB<=4k,kp<=8k,0.0041,2
128,n<=128,sr<=70%,kvB<=4k,kp=0,-0.0093,2
128,n<=128,sr>70%,kvB<=16k,kp<=1k,0.0003,4
128,n<=128,sr>70%,kvB<=16k,kp<=2k,0.0046,4
128,n<=128,sr>70%,kvB<=16k,kp<=4k,0.0051,4
128,n<=128,sr>70%,kvB<=16k,kp<=512,0.0047,4
128,n<=128,sr>70%,kvB<=16k,kp<=8k,0.0068,4
128,n<=128,sr>70%,kvB<=16k,kp=0,0.0045,4
128,n<=128,sr>70%,kvB<=1k,kp<=1k,0.0758,4
128,n<=128,sr>70%,kvB<=1k,kp<=2k,0.105,4
128,n<=128,sr>70%,kvB<=1k,kp<=4k,0.1821,4
128,n<=128,sr>70%,kvB<=1k,kp<=512,0.0786,4
128,n<=128,sr>70%,kvB<=1k,kp<=8k,0.2395,4
128,n<=128,sr>70%,kvB<=1k,kp=0,0.0828,4
128,n<=128,sr>70%,kvB<=4k,kp<=1k,-0.0102,4
128,n<=128,sr>70%,kvB<=4k,kp<=2k,-0.0013,4
128,n<=128,sr>70%,kvB<=4k,kp<=4k,-0.0083,4
128,n<=128,sr>70%,kvB<=4k,kp<=512,-0.0076,4
128,n<=128,sr>70%,kvB<=4k,kp<=8k,-0.0036,4
128,n<=128,sr>70%,kvB<=4k,kp=0,-0.0065,4
128,n<=16,sr<=15%,kvB<=16k,kp<=1k,0.2155,4
128,n<=16,sr<=15%,kvB<=16k,kp<=2k,0.1787,4
128,n<=16,sr<=15%,kvB<=16k,kp<=4k,0.145,4
128,n<=16,sr<=15%,kvB<=16k,kp<=512,0.2432,4
128,n<=16,sr<=15%,kvB<=16k,kp<=8k,0.0878,4
128,n<=16,sr<=15%,kvB<=16k,kp=0,0.254,4
128,n<=16,sr<=15%,kvB<=1k,kp<=1k,0.0683,4
128,n<=16,sr<=15%,kvB<=1k,kp<=2k,0.062,4
128,n<=16,sr<=15%,kvB<=1k,kp<=4k,0.0784,4
128,n<=16,sr<=15%,kvB<=1k,kp<=512,0.1562,4
128,n<=16,sr<=15%,kvB<=1k,kp<=8k,0.0695,4
128,n<=16,sr<=15%,kvB<=1k,kp=0,0.2163,4
128,n<=16,sr<=15%,kvB<=4k,kp<=1k,0.1648,4
128,n<=16,sr<=15%,kvB<=4k,kp<=2k,0.1277,4
128,n<=16,sr<=15%,kvB<=4k,kp<=4k,0.0525,4
128,n<=16,sr<=15%,kvB<=4k,kp<=512,0.1803,4
128,n<=16,sr<=15%,kvB<=4k,kp<=8k,0.0314,4
128,n<=16,sr<=15%,kvB<=4k,kp=0,0.2434,4
128,n<=16,sr<=40%,kvB<=16k,kp<=1k,0.2514,4
128,n<=16,sr<=40%,kvB<=16k,kp<=2k,0.1921,4
128,n<=16,sr<=40%,kvB<=16k,kp<=4k,0.1146,4
128,n<=16,sr<=40%,kvB<=16k,kp<=512,0.2801,4
128,n<=16,sr<=40%,kvB<=16k,kp<=8k,0.0613,4
128,n<=16,sr<=40%,kvB<=16k,kp=0,0.2623,4
128,n<=16,sr<=40%,kvB<=1k,kp<=1k,0.082,4
128,n<=16,sr<=40%,kvB<=1k,kp<=2k,0.0391,4
128,n<=16,sr<=40%,kvB<=1k,kp<=4k,0.0943,4
128,n<=16,sr<=40%,kvB<=1k,kp<=512,0.1612,4
128,n<=16,sr<=40%,kvB<=1k,kp<=8k,0.0726,4
128,n<=16,sr<=40%,kvB<=1k,kp=0,0.203,4
128,n<=16,sr<=40%,kvB<=4k,kp<=1k,0.1642,4
128,n<=16,sr<=40%,kvB<=4k,kp<=2k,0.1196,4
128,n<=16,sr<=40%,kvB<=4k,kp<=4k,0.0401,4
128,n<=16,sr<=40%,kvB<=4k,kp<=512,0.1702,4
128,n<=16,sr<=40%,kvB<=4k,kp<=8k,-0.0279,4
128,n<=16,sr<=40%,kvB<=4k,kp=0,0.2481,4
128,n<=16,sr<=70%,kvB<=16k,kp<=1k,0.5338,2
128,n<=16,sr<=70%,kvB<=16k,kp<=2k,0.4239,2
128,n<=16,sr<=70%,kvB<=16k,kp<=4k,0.3304,2
128,n<=16,sr<=70%,kvB<=16k,kp<=512,0.509,2
128,n<=16,sr<=70%,kvB<=16k,kp<=8k,0.3193,2
128,n<=16,sr<=70%,kvB<=16k,kp=0,0.5116,2
128,n<=16,sr<=70%,kvB<=1k,kp<=1k,0.0495,2
128,n<=16,sr<=70%,kvB<=1k,kp<=2k,0.0447,2
128,n<=16,sr<=70%,kvB<=1k,kp<=4k,0.0671,2
128,n<=16,sr<=70%,kvB<=1k,kp<=512,0.1269,2
128,n<=16,sr<=70%,kvB<=1k,kp<=8k,0.0441,2
128,n<=16,sr<=70%,kvB<=1k,kp=0,0.1523,2
128,n<=16,sr<=70%,kvB<=4k,kp<=1k,0.2615,2
128,n<=16,sr<=70%,kvB<=4k,kp<=2k,0.2436,2
128,n<=16,sr<=70%,kvB<=4k,kp<=4k,0.1141,2
128,n<=16,sr<=70%,kvB<=4k,kp<=512,0.3598,2
128,n<=16,sr<=70%,kvB<=4k,kp<=8k,0.2282,2
128,n<=16,sr<=70%,kvB<=4k,kp=0,0.338,2
128,n<=16,sr>70%,kvB<=16k,kp<=1k,1.1961,4
128,n<=16,sr>70%,kvB<=16k,kp<=2k,0.8583,4
128,n<=16,sr>70%,kvB<=16k,kp<=4k,0.4787,4
128,n<=16,sr>70%,kvB<=16k,kp<=512,1.3023,4
128,n<=16,sr>70%,kvB<=16k,kp<=8k,0.2884,4
128,n<=16,sr>70%,kvB<=16k,kp=0,1.2724,4
128,n<=16,sr>70%,kvB<=1k,kp<=1k,0.1821,4
128,n<=16,sr>70%,kvB<=1k,kp<=2k,0.2398,4
128,n<=16,sr>70%,kvB<=1k,kp<=4k,0.1858,4
128,n<=16,sr>70%,kvB<=1k,kp<=512,0.1552,4
128,n<=16,sr>70%,kvB<=1k,kp<=8k,0.1233,4
128,n<=16,sr>70%,kvB<=1k,kp=0,0.36,4
128,n<=16,sr>70%,kvB<=4k,kp<=1k,0.3152,4
128,n<=16,sr>70%,kvB<=4k,kp<=2k,0.2044,4
128,n<=16,sr>70%,kvB<=4k,kp<=4k,0.0119,4
128,n<=16,sr>70%,kvB<=4k,kp<=512,0.5776,4
128,n<=16,sr>70%,kvB<=4k,kp<=8k,0.1077,4
128,n<=16,sr>70%,kvB<=4k,kp=0,0.9732,4
128,n<=2,sr<=70%,kvB<=16k,kp<=1k,0.9813,2
128,n<=2,sr<=70%,kvB<=16k,kp<=2k,0.9834,2
128,n<=2,sr<=70%,kvB<=16k,kp<=4k,0.982,2
128,n<=2,sr<=70%,kvB<=16k,kp<=512,0.9851,2
128,n<=2,sr<=70%,kvB<=16k,kp<=8k,0.9809,2
128,n<=2,sr<=70%,kvB<=16k,kp=0,0.9831,2
128,n<=2,sr<=70%,kvB<=1k,kp<=1k,-0.2028,1
128,n<=2,sr<=70%,kvB<=1k,kp<=2k,0.2339,2
128,n<=2,sr<=70%,kvB<=1k,kp<=4k,0.0581,2
128,n<=2,sr<=70%,kvB<=1k,kp<=512,0.9067,2
128,n<=2,sr<=70%,kvB<=1k,kp<=8k,-0.2431,2
128,n<=2,sr<=70%,kvB<=1k,kp=0,0.9123,2
128,n<=2,sr<=70%,kvB<=4k,kp<=1k,0.9606,2
128,n<=2,sr<=70%,kvB<=4k,kp<=2k,0.9521,2
128,n<=2,sr<=70%,kvB<=4k,kp<=4k,-0.7452,1
128,n<=2,sr<=70%,kvB<=4k,kp<=512,0.9647,2
128,n<=2,sr<=70%,kvB<=4k,kp<=8k,-3.0822,1
128,n<=2,sr<=70%,kvB<=4k,kp=0,0.9678,2
128,n<=32,sr<=15%,kvB<=16k,kp<=1k,0.1119,6
128,n<=32,sr<=15%,kvB<=16k,kp<=2k,0.0894,6
128,n<=32,sr<=15%,kvB<=16k,kp<=4k,0.0617,6
128,n<=32,sr<=15%,kvB<=16k,kp<=512,0.1588,6
128,n<=32,sr<=15%,kvB<=16k,kp<=8k,0.0573,6
128,n<=32,sr<=15%,kvB<=16k,kp=0,0.1595,6
128,n<=32,sr<=15%,kvB<=1k,kp<=1k,0.0568,6
128,n<=32,sr<=15%,kvB<=1k,kp<=2k,0.0549,6
128,n<=32,sr<=15%,kvB<=1k,kp<=4k,0.0645,6
128,n<=32,sr<=15%,kvB<=1k,kp<=512,0.0966,6
128,n<=32,sr<=15%,kvB<=1k,kp<=8k,0.0886,6
128,n<=32,sr<=15%,kvB<=1k,kp=0,0.1307,6
128,n<=32,sr<=15%,kvB<=4k,kp<=1k,0.1003,6
128,n<=32,sr<=15%,kvB<=4k,kp<=2k,0.0698,6
128,n<=32,sr<=15%,kvB<=4k,kp<=4k,0.0717,6
128,n<=32,sr<=15%,kvB<=4k,kp<=512,0.105,6
128,n<=32,sr<=15%,kvB<=4k,kp<=8k,0.0421,6
128,n<=32,sr<=15%,kvB<=4k,kp=0,0.1824,6
128,n<=32,sr<=40%,kvB<=16k,kp<=1k,0.1231,2
128,n<=32,sr<=40%,kvB<=16k,kp<=2k,0.1113,2
128,n<=32,sr<=40%,kvB<=16k,kp<=4k,0.1023,2
128,n<=32,sr<=40%,kvB<=16k,kp<=512,0.2073,2
128,n<=32,sr<=40%,kvB<=16k,kp<=8k,0.0827,2
128,n<=32,sr<=40%,kvB<=16k,kp=0,0.2343,2
128,n<=32,sr<=40%,kvB<=1k,kp<=1k,0.07,2
128,n<=32,sr<=40%,kvB<=1k,kp<=2k,0.0678,2
128,n<=32,sr<=40%,kvB<=1k,kp<=4k,0.1188,2
128,n<=32,sr<=40%,kvB<=1k,kp<=512,0.1067,2
128,n<=32,sr<=40%,kvB<=1k,kp<=8k,0.1371,2
128,n<=32,sr<=40%,kvB<=1k,kp=0,0.1663,2
128,n<=32,sr<=40%,kvB<=4k,kp<=1k,0.1126,2
128,n<=32,sr<=40%,kvB<=4k,kp<=2k,0.1501,2
128,n<=32,sr<=40%,kvB<=4k,kp<=4k,0.0996,2
128,n<=32,sr<=40%,kvB<=4k,kp<=512,0.1852,2
128,n<=32,sr<=40%,kvB<=4k,kp<=8k,0.036,2
128,n<=32,sr<=40%,kvB<=4k,kp=0,0.2674,2
128,n<=32,sr<=5%,kvB<=16k,kp<=1k,0.0913,2
128,n<=32,sr<=5%,kvB<=16k,kp<=2k,0.0868,2
128,n<=32,sr<=5%,kvB<=16k,kp<=4k,0.077,2
128,n<=32,sr<=5%,kvB<=16k,kp<=512,0.1335,2
128,n<=32,sr<=5%,kvB<=16k,kp<=8k,0.0371,2
128,n<=32,sr<=5%,kvB<=16k,kp=0,0.1236,2
128,n<=32,sr<=5%,kvB<=1k,kp<=1k,0.0241,2
128,n<=32,sr<=5%,kvB<=1k,kp<=2k,0.0134,2
128,n<=32,sr<=5%,kvB<=1k,kp<=4k,0.016,2
128,n<=32,sr<=5%,kvB<=1k,kp<=512,0.0547,2
128,n<=32,sr<=5%,kvB<=1k,kp<=8k,0.0311,2
128,n<=32,sr<=5%,kvB<=1k,kp=0,0.0903,2
128,n<=32,sr<=5%,kvB<=4k,kp<=1k,0.0826,2
128,n<=32,sr<=5%,kvB<=4k,kp<=2k,0.0641,2
128,n<=32,sr<=5%,kvB<=4k,kp<=4k,0.0344,2
128,n<=32,sr<=5%,kvB<=4k,kp<=512,0.103,2
128,n<=32,sr<=5%,kvB<=4k,kp<=8k,0.044,2
128,n<=32,sr<=5%,kvB<=4k,kp=0,0.1432,2
128,n<=32,sr<=70%,kvB<=16k,kp<=1k,0.3142,2
128,n<=32,sr<=70%,kvB<=16k,kp<=2k,0.2328,2
128,n<=32,sr<=70%,kvB<=16k,kp<=4k,0.191,2
128,n<=32,sr<=70%,kvB<=16k,kp<=512,0.4165,2
128,n<=32,sr<=70%,kvB<=16k,kp<=8k,0.1668,2
128,n<=32,sr<=70%,kvB<=16k,kp=0,0.4789,2
128,n<=32,sr<=70%,kvB<=1k,kp<=1k,0.1077,2
128,n<=32,sr<=70%,kvB<=1k,kp<=2k,0.111,2
128,n<=32,sr<=70%,kvB<=1k,kp<=4k,0.0923,2
128,n<=32,sr<=70%,kvB<=1k,kp<=512,0.1442,2
128,n<=32,sr<=70%,kvB<=1k,kp<=8k,0.1058,2
128,n<=32,sr<=70%,kvB<=1k,kp=0,0.264,2
128,n<=32,sr<=70%,kvB<=4k,kp<=1k,0.2316,2
128,n<=32,sr<=70%,kvB<=4k,kp<=2k,0.3001,2
128,n<=32,sr<=70%,kvB<=4k,kp<=4k,0.2728,2
128,n<=32,sr<=70%,kvB<=4k,kp<=512,0.4734,2
128,n<=32,sr<=70%,kvB<=4k,kp<=8k,0.2971,2
128,n<=32,sr<=70%,kvB<=4k,kp=0,0.676,2
128,n<=32,sr>70%,kvB<=16k,kp<=1k,0.7264,4
128,n<=32,sr>70%,kvB<=16k,kp<=2k,0.646,4
128,n<=32,sr>70%,kvB<=16k,kp<=4k,0.412,4
128,n<=32,sr>70%,kvB<=16k,kp<=512,0.8847,4
128,n<=32,sr>70%,kvB<=16k,kp<=8k,0.2997,4
128,n<=32,sr>70%,kvB<=16k,kp=0,1.0034,4
128,n<=32,sr>70%,kvB<=1k,kp<=1k,0.2989,4
128,n<=32,sr>70%,kvB<=1k,kp<=2k,0.1833,4
128,n<=32,sr>70%,kvB<=1k,kp<=4k,0.3099,4
128,n<=32,sr>70%,kvB<=1k,kp<=512,0.2744,4
128,n<=32,sr>70%,kvB<=1k,kp<=8k,0.314,4
128,n<=32,sr>70%,kvB<=1k,kp=0,0.8436,4
128,n<=32,sr>70%,kvB<=4k,kp<=1k,0.4598,4
128,n<=32,sr>70%,kvB<=4k,kp<=2k,0.3541,4
128,n<=32,sr>70%,kvB<=4k,kp<=4k,0.4668,4
128,n<=32,sr>70%,kvB<=4k,kp<=512,1.4225,4
128,n<=32,sr>70%,kvB<=4k,kp<=8k,0.3001,4
128,n<=32,sr>70%,kvB<=4k,kp=0,2.003,4
128,n<=4,sr<=40%,kvB<=16k,kp<=1k,0.7526,2
128,n<=4,sr<=40%,kvB<=16k,kp<=2k,0.5627,2
128,n<=4,sr<=40%,kvB<=16k,kp<=4k,0.3795,2
128,n<=4,sr<=40%,kvB<=16k,kp<=512,0.8416,2
128,n<=4,sr<=40%,kvB<=16k,kp<=8k,0.2475,2
128,n<=4,sr<=40%,kvB<=16k,kp=0,0.9372,2
128,n<=4,sr<=40%,kvB<=1k,kp<=1k,-0.1516,2
128,n<=4,sr<=40%,kvB<=1k,kp<=2k,-0.191,2
128,n<=4,sr<=40%,kvB<=1k,kp<=4k,-0.1781,2
128,n<=4,sr<=40%,kvB<=1k,kp<=512,0.2925,2
128,n<=4,sr<=40%,kvB<=1k,kp<=8k,-0.1205,2
128,n<=4,sr<=40%,kvB<=1k,kp=0,0.4981,2
128,n<=4,sr<=40%,kvB<=4k,kp<=1k,0.3508,2
128,n<=4,sr<=40%,kvB<=4k,kp<=2k,0.2182,2
128,n<=4,sr<=40%,kvB<=4k,kp<=4k,-0.3283,2
128,n<=4,sr<=40%,kvB<=4k,kp<=512,0.4537,2
128,n<=4,sr<=40%,kvB<=4k,kp<=8k,-0.3217,2
128,n<=4,sr<=40%,kvB<=4k,kp=0,0.81,2
128,n<=4,sr<=70%,kvB<=16k,kp<=1k,0.7029,2
128,n<=4,sr<=70%,kvB<=16k,kp<=2k,0.3906,2
128,n<=4,sr<=70%,kvB<=16k,kp<=4k,0.1359,2
128,n<=4,sr<=70%,kvB<=16k,kp<=512,0.7636,2
128,n<=4,sr<=70%,kvB<=16k,kp<=8k,0.334,2
128,n<=4,sr<=70%,kvB<=16k,kp=0,0.9366,2
128,n<=4,sr<=70%,kvB<=1k,kp<=1k,0.6618,2
128,n<=4,sr<=70%,kvB<=1k,kp<=2k,0.3135,2
128,n<=4,sr<=70%,kvB<=1k,kp<=4k,0.2243,2
128,n<=4,sr<=70%,kvB<=1k,kp<=512,0.3855,2
128,n<=4,sr<=70%,kvB<=1k,kp<=8k,0.3212,2
128,n<=4,sr<=70%,kvB<=1k,kp=0,0.1474,2
128,n<=4,sr<=70%,kvB<=4k,kp<=1k,0.1147,2
128,n<=4,sr<=70%,kvB<=4k,kp<=2k,0.3455,2
128,n<=4,sr<=70%,kvB<=4k,kp<=4k,0.3663,2
128,n<=4,sr<=70%,kvB<=4k,kp<=512,0.1368,2
128,n<=4,sr<=70%,kvB<=4k,kp<=8k,-0.2058,2
128,n<=4,sr<=70%,kvB<=4k,kp=0,0.7892,2
128,n<=4,sr>70%,kvB<=16k,kp<=1k,0.6926,2
128,n<=4,sr>70%,kvB<=16k,kp<=2k,-0.1757,2
128,n<=4,sr>70%,kvB<=16k,kp<=4k,-0.9792,2
128,n<=4,sr>70%,kvB<=16k,kp<=512,0.7898,2
128,n<=4,sr>70%,kvB<=16k,kp<=8k,-0.2539,2
128,n<=4,sr>70%,kvB<=16k,kp=0,0.9496,2
128,n<=4,sr>70%,kvB<=1k,kp<=1k,0.6699,2
128,n<=4,sr>70%,kvB<=1k,kp<=2k,0.6296,2
128,n<=4,sr>70%,kvB<=1k,kp<=4k,0.7376,2
128,n<=4,sr>70%,kvB<=1k,kp<=512,0.1112,2
128,n<=4,sr>70%,kvB<=1k,kp<=8k,0.7947,2
128,n<=4,sr>70%,kvB<=1k,kp=0,-0.2713,2
128,n<=4,sr>70%,kvB<=4k,kp<=1k,-0.8828,2
128,n<=4,sr>70%,kvB<=4k,kp<=2k,-0.2069,2
128,n<=4,sr>70%,kvB<=4k,kp<=4k,0.8765,2
128,n<=4,sr>70%,kvB<=4k,kp<=512,-0.6175,2
128,n<=4,sr>70%,kvB<=4k,kp<=8k,0.8978,2
128,n<=4,sr>70%,kvB<=4k,kp=0,0.8848,2
128,n<=64,sr<=15%,kvB<=16k,kp<=1k,0.0199,4
128,n<=64,sr<=15%,kvB<=16k,kp<=2k,0.0193,4
128,n<=64,sr<=15%,kvB<=16k,kp<=4k,0.0191,4
128,n<=64,sr<=15%,kvB<=16k,kp<=512,0.0203,4
128,n<=64,sr<=15%,kvB<=16k,kp<=8k,0.015,4
128,n<=64,sr<=15%,kvB<=16k,kp=0,0.0192,4
128,n<=64,sr<=15%,kvB<=1k,kp<=1k,0.0313,4
128,n<=64,sr<=15%,kvB<=1k,kp<=2k,0.0321,4
128,n<=64,sr<=15%,kvB<=1k,kp<=4k,0.031,4
128,n<=64,sr<=15%,kvB<=1k,kp<=512,0.0366,4
128,n<=64,sr<=15%,kvB<=1k,kp<=8k,0.046,4
128,n<=64,sr<=15%,kvB<=1k,kp=0,0.0372,4
128,n<=64,sr<=15%,kvB<=4k,kp<=1k,0.0194,4
128,n<=64,sr<=15%,kvB<=4k,kp<=2k,0.0149,4
128,n<=64,sr<=15%,kvB<=4k,kp<=4k,0.0026,4
128,n<=64,sr<=15%,kvB<=4k,kp<=512,0.0202,4
128,n<=64,sr<=15%,kvB<=4k,kp<=8k,-0.0014,4
128,n<=64,sr<=15%,kvB<=4k,kp=0,0.0189,4
128,n<=64,sr<=40%,kvB<=16k,kp<=1k,0.0099,2
128,n<=64,sr<=40%,kvB<=16k,kp<=2k,0.0118,2
128,n<=64,sr<=40%,kvB<=16k,kp<=4k,0.0104,2
128,n<=64,sr<=40%,kvB<=16k,kp<=512,0.0113,2
128,n<=64,sr<=40%,kvB<=16k,kp<=8k,0.0085,2
128,n<=64,sr<=40%,kvB<=16k,kp=0,0.01,2
128,n<=64,sr<=40%,kvB<=1k,kp<=1k,0.031,2
128,n<=64,sr<=40%,kvB<=1k,kp<=2k,0.0252,2
128,n<=64,sr<=40%,kvB<=1k,kp<=4k,0.0386,2
128,n<=64,sr<=40%,kvB<=1k,kp<=512,0.03,2
128,n<=64,sr<=40%,kvB<=1k,kp<=8k,0.0575,2
128,n<=64,sr<=40%,kvB<=1k,kp=0,0.0286,2
128,n<=64,sr<=40%,kvB<=4k,kp<=1k,0.0067,2
128,n<=64,sr<=40%,kvB<=4k,kp<=2k,0.0007,2
128,n<=64,sr<=40%,kvB<=4k,kp<=4k,0.002,2
128,n<=64,sr<=40%,kvB<=4k,kp<=512,0.0078,2
128,n<=64,sr<=40%,kvB<=4k,kp<=8k,-0.0034,2
128,n<=64,sr<=40%,kvB<=4k,kp=0,0.0054,2
128,n<=64,sr<=5%,kvB<=16k,kp<=1k,0.0227,6
128,n<=64,sr<=5%,kvB<=16k,kp<=2k,0.024,6
128,n<=64,sr<=5%,kvB<=16k,kp<=4k,0.0234,6
128,n<=64,sr<=5%,kvB<=16k,kp<=512,0.0233,6
128,n<=64,sr<=5%,kvB<=16k,kp<=8k,0.018,6
128,n<=64,sr<=5%,kvB<=16k,kp=0,0.0233,6
128,n<=64,sr<=5%,kvB<=1k,kp<=1k,0.0094,6
128,n<=64,sr<=5%,kvB<=1k,kp<=2k,0.0034,6
128,n<=64,sr<=5%,kvB<=1k,kp<=4k,0.0078,6
128,n<=64,sr<=5%,kvB<=1k,kp<=512,0.0154,6
128,n<=64,sr<=5%,kvB<=1k,kp<=8k,0.0081,6
128,n<=64,sr<=5%,kvB<=1k,kp=0,0.0141,6
128,n<=64,sr<=5%,kvB<=4k,kp<=1k,0.0239,6
128,n<=64,sr<=5%,kvB<=4k,kp<=2k,0.0198,6
128,n<=64,sr<=5%,kvB<=4k,kp<=4k,0.0036,6
128,n<=64,sr<=5%,kvB<=4k,kp<=512,0.0254,6
128,n<=64,sr<=5%,kvB<=4k,kp<=8k,0.0037,6
128,n<=64,sr<=5%,kvB<=4k,kp=0,0.0232,6
128,n<=64,sr<=70%,kvB<=16k,kp<=1k,0.0005,2
128,n<=64,sr<=70%,kvB<=16k,kp<=2k,-0.0002,2
128,n<=64,sr<=70%,kvB<=16k,kp<=4k,0.0048,2
128,n<=64,sr<=70%,kvB<=16k,kp<=512,0.0028,2
128,n<=64,sr<=70%,kvB<=16k,kp<=8k,0.0075,2
128,n<=64,sr<=70%,kvB<=16k,kp=0,0.0024,2
128,n<=64,sr<=70%,kvB<=1k,kp<=1k,0.0041,2
128,n<=64,sr<=70%,kvB<=1k,kp<=2k,-0.0013,2
128,n<=64,sr<=70%,kvB<=1k,kp<=4k,-0.0476,2
128,n<=64,sr<=70%,kvB<=1k,kp<=512,0.001,2
128,n<=64,sr<=70%,kvB<=1k,kp<=8k,0.025,2
128,n<=64,sr<=70%,kvB<=1k,kp=0,-0.0133,2
128,n<=64,sr<=70%,kvB<=4k,kp<=1k,0.0037,2
128,n<=64,sr<=70%,kvB<=4k,kp<=2k,0.001,2
128,n<=64,sr<=70%,kvB<=4k,kp<=4k,-0.0094,2
128,n<=64,sr<=70%,kvB<=4k,kp<=512,-0.0032,2
128,n<=64,sr<=70%,kvB<=4k,kp<=8k,-0.0019,2
128,n<=64,sr<=70%,kvB<=4k,kp=0,0.0018,2
128,n<=64,sr>70%,kvB<=16k,kp<=1k,0.0105,4
128,n<=64,sr>70%,kvB<=16k,kp<=2k,0.011,4
128,n<=64,sr>70%,kvB<=16k,kp<=4k,0.022,4
128,n<=64,sr>70%,kvB<=16k,kp<=512,0.0011,4
128,n<=64,sr>70%,kvB<=16k,kp<=8k,0.0171,4
128,n<=64,sr>70%,kvB<=16k,kp=0,0.013,4
128,n<=64,sr>70%,kvB<=1k,kp<=1k,0.07,4
128,n<=64,sr>70%,kvB<=1k,kp<=2k,0.1527,4
128,n<=64,sr>70%,kvB<=1k,kp<=4k,0.1894,4
128,n<=64,sr>70%,kvB<=1k,kp<=512,0.0996,4
128,n<=64,sr>70%,kvB<=1k,kp<=8k,0.2201,4
128,n<=64,sr>70%,kvB<=1k,kp=0,0.0833,4
128,n<=64,sr>70%,kvB<=4k,kp<=1k,-0.0039,4
128,n<=64,sr>70%,kvB<=4k,kp<=2k,-0.0055,4
128,n<=64,sr>70%,kvB<=4k,kp<=4k,-0.0069,4
128,n<=64,sr>70%,kvB<=4k,kp<=512,-0.0232,4
128,n<=64,sr>70%,kvB<=4k,kp<=8k,0.0385,4
128,n<=64,sr>70%,kvB<=4k,kp=0,-0.0154,4
128,n<=8,sr<=15%,kvB<=16k,kp<=1k,0.426,2
128,n<=8,sr<=15%,kvB<=16k,kp<=2k,0.3452,2
128,n<=8,sr<=15%,kvB<=16k,kp<=4k,0.2867,2
128,n<=8,sr<=15%,kvB<=16k,kp<=512,0.4965,2
128,n<=8,sr<=15%,kvB<=16k,kp<=8k,0.2708,2
128,n<=8,sr<=15%,kvB<=16k,kp=0,0.5758,2
128,n<=8,sr<=15%,kvB<=1k,kp<=1k,0.1548,2
128,n<=8,sr<=15%,kvB<=1k,kp<=2k,0.2085,2
128,n<=8,sr<=15%,kvB<=1k,kp<=4k,0.2469,2
128,n<=8,sr<=15%,kvB<=1k,kp<=512,0.2792,2
128,n<=8,sr<=15%,kvB<=1k,kp<=8k,0.1922,2
128,n<=8,sr<=15%,kvB<=1k,kp=0,0.3703,2
128,n<=8,sr<=15%,kvB<=4k,kp<=1k,0.2877,2
128,n<=8,sr<=15%,kvB<=4k,kp<=2k,0.2713,2
128,n<=8,sr<=15%,kvB<=4k,kp<=4k,0.0771,2
128,n<=8,sr<=15%,kvB<=4k,kp<=512,0.3123,2
128,n<=8,sr<=15%,kvB<=4k,kp<=8k,0.071,2
128,n<=8,sr<=15%,kvB<=4k,kp=0,0.4931,2
128,n<=8,sr<=40%,kvB<=16k,kp<=1k,0.3785,4
128,n<=8,sr<=40%,kvB<=16k,kp<=2k,0.2903,4
128,n<=8,sr<=40%,kvB<=16k,kp<=4k,0.1916,4
128,n<=8,sr<=40%,kvB<=16k,kp<=512,0.4255,4
128,n<=8,sr<=40%,kvB<=16k,kp<=8k,0.235,4
128,n<=8,sr<=40%,kvB<=16k,kp=0,0.4956,4
128,n<=8,sr<=40%,kvB<=1k,kp<=1k,0.1277,4
128,n<=8,sr<=40%,kvB<=1k,kp<=2k,0.2434,4
128,n<=8,sr<=40%,kvB<=1k,kp<=4k,0.2071,4
128,n<=8,sr<=40%,kvB<=1k,kp<=512,0.2301,4
128,n<=8,sr<=40%,kvB<=1k,kp<=8k,0.1985,4
128,n<=8,sr<=40%,kvB<=1k,kp=0,0.2868,4
128,n<=8,sr<=40%,kvB<=4k,kp<=1k,0.196,4
128,n<=8,sr<=40%,kvB<=4k,kp<=2k,0.2151,4
128,n<=8,sr<=40%,kvB<=4k,kp<=4k,0.0699,4
128,n<=8,sr<=40%,kvB<=4k,kp<=512,0.2493,4
128,n<=8,sr<=40%,kvB<=4k,kp<=8k,0.1546,4
128,n<=8,sr<=40%,kvB<=4k,kp=0,0.4294,4
128,n<=8,sr<=70%,kvB<=16k,kp<=1k,0.6904,2
128,n<=8,sr<=70%,kvB<=16k,kp<=2k,0.5099,2
128,n<=8,sr<=70%,kvB<=16k,kp<=4k,0.2313,2
128,n<=8,sr<=70%,kvB<=16k,kp<=512,0.8048,2
128,n<=8,sr<=70%,kvB<=16k,kp<=8k,0.1218,2
128,n<=8,sr<=70%,kvB<=16k,kp=0,0.9596,2
128,n<=8,sr<=70%,kvB<=1k,kp<=1k,0.0655,2
128,n<=8,sr<=70%,kvB<=1k,kp<=2k,0.5127,2
128,n<=8,sr<=70%,kvB<=1k,kp<=4k,0.4908,2
128,n<=8,sr<=70%,kvB<=1k,kp<=512,0.223,2
128,n<=8,sr<=70%,kvB<=1k,kp<=8k,0.4144,2
128,n<=8,sr<=70%,kvB<=1k,kp=0,0.2226,2
128,n<=8,sr<=70%,kvB<=4k,kp<=1k,0.1226,2
128,n<=8,sr<=70%,kvB<=4k,kp<=2k,0.1012,2
128,n<=8,sr<=70%,kvB<=4k,kp<=4k,0.0904,2
128,n<=8,sr<=70%,kvB<=4k,kp<=512,0.334,2
128,n<=8,sr<=70%,kvB<=4k,kp<=8k,0.1314,2
128,n<=8,sr<=70%,kvB<=4k,kp=0,0.7138,2
128,n<=8,sr>70%,kvB<=16k,kp<=1k,0.7251,4
128,n<=8,sr>70%,kvB<=16k,kp<=2k,0.537,4
128,n<=8,sr>70%,kvB<=16k,kp<=4k,0.0011,4
128,n<=8,sr>70%,kvB<=16k,kp<=512,0.7472,4
128,n<=8,sr>70%,kvB<=16k,kp<=8k,-0.1994,4
128,n<=8,sr>70%,kvB<=16k,kp=0,0.941,4
128,n<=8,sr>70%,kvB<=1k,kp<=1k,0.5309,4
128,n<=8,sr>70%,kvB<=1k,kp<=2k,0.5796,4
128,n<=8,sr>70%,kvB<=1k,kp<=4k,0.7693,4
128,n<=8,sr>70%,kvB<=1k,kp<=512,0.303,4
128,n<=8,sr>70%,kvB<=1k,kp<=8k,0.6299,4
128,n<=8,sr>70%,kvB<=1k,kp=0,0.2189,4
128,n<=8,sr>70%,kvB<=4k,kp<=1k,-0.0467,4
128,n<=8,sr>70%,kvB<=4k,kp<=2k,-0.1722,4
128,n<=8,sr>70%,kvB<=4k,kp<=4k,0.2385,4
128,n<=8,sr>70%,kvB<=4k,kp<=512,0.2403,4
128,n<=8,sr>70%,kvB<=4k,kp<=8k,0.7184,4
128,n<=8,sr>70%,kvB<=4k,kp=0,0.696,4
256,n<=128,sr<=15%,kvB<=16k,kp<=1k,0.0014,4
256,n<=128,sr<=15%,kvB<=16k,kp<=2k,0.0017,4
256,n<=128,sr<=15%,kvB<=16k,kp<=4k,0.0017,4
256,n<=128,sr<=15%,kvB<=16k,kp<=512,0.001,4
256,n<=128,sr<=15%,kvB<=16k,kp<=8k,0.0013,4
256,n<=128,sr<=15%,kvB<=16k,kp=0,0.0018,4
256,n<=128,sr<=15%,kvB<=1k,kp<=1k,0.0491,4
256,n<=128,sr<=15%,kvB<=1k,kp<=2k,0.0501,4
256,n<=128,sr<=15%,kvB<=1k,kp<=4k,0.0573,4
256,n<=128,sr<=15%,kvB<=1k,kp<=512,0.0478,4
256,n<=128,sr<=15%,kvB<=1k,kp<=8k,0.0624,4
256,n<=128,sr<=15%,kvB<=1k,kp=0,0.0472,4
256,n<=128,sr<=15%,kvB<=4k,kp<=1k,0.0036,4
256,n<=128,sr<=15%,kvB<=4k,kp<=2k,0.0019,4
256,n<=128,sr<=15%,kvB<=4k,kp<=4k,0.0016,4
256,n<=128,sr<=15%,kvB<=4k,kp<=512,0.0039,4
256,n<=128,sr<=15%,kvB<=4k,kp<=8k,0.0027,4
256,n<=128,sr<=15%,kvB<=4k,kp=0,0.0021,4
256,n<=128,sr<=40%,kvB<=16k,kp<=1k,-0.0034,2
256,n<=128,sr<=40%,kvB<=16k,kp<=2k,-0.0015,2
256,n<=128,sr<=40%,kvB<=16k,kp<=4k,-0.0021,2
256,n<=128,sr<=40%,kvB<=16k,kp<=512,-0.0028,2
256,n<=128,sr<=40%,kvB<=16k,kp<=8k,-0.0025,2
256,n<=128,sr<=40%,kvB<=16k,kp=0,-0.0025,2
256,n<=128,sr<=40%,kvB<=1k,kp<=1k,0.0924,2
256,n<=128,sr<=40%,kvB<=1k,kp<=2k,0.1021,2
256,n<=128,sr<=40%,kvB<=1k,kp<=4k,0.1127,2
256,n<=128,sr<=40%,kvB<=1k,kp<=512,0.0934,2
256,n<=128,sr<=40%,kvB<=1k,kp<=8k,0.1158,2
256,n<=128,sr<=40%,kvB<=1k,kp=0,0.0916,2
256,n<=128,sr<=40%,kvB<=4k,kp<=1k,0.0006,2
256,n<=128,sr<=40%,kvB<=4k,kp<=2k,-0.0005,2
256,n<=128,sr<=40%,kvB<=4k,kp<=4k,-0.0027,2
256,n<=128,sr<=40%,kvB<=4k,kp<=512,0.0003,2
256,n<=128,sr<=40%,kvB<=4k,kp<=8k,0.0019,2
256,n<=128,sr<=40%,kvB<=4k,kp=0,-0.002,2
256,n<=128,sr<=5%,kvB<=16k,kp<=1k,0.0052,8
256,n<=128,sr<=5%,kvB<=16k,kp<=2k,0.0057,8
256,n<=128,sr<=5%,kvB<=16k,kp<=4k,0.005,8
256,n<=128,sr<=5%,kvB<=16k,kp<=512,0.0049,8
256,n<=128,sr<=5%,kvB<=16k,kp<=8k,0.0044,8
256,n<=128,sr<=5%,kvB<=16k,kp=0,0.0052,8
256,n<=128,sr<=5%,kvB<=1k,kp<=1k,0.0056,8
256,n<=128,sr<=5%,kvB<=1k,kp<=2k,0.0055,8
256,n<=128,sr<=5%,kvB<=1k,kp<=4k,0.0067,8
256,n<=128,sr<=5%,kvB<=1k,kp<=512,0.006,8
256,n<=128,sr<=5%,kvB<=1k,kp<=8k,0.0067,8
256,n<=128,sr<=5%,kvB<=1k,kp=0,0.0056,8
256,n<=128,sr<=5%,kvB<=4k,kp<=1k,0.0041,8
256,n<=128,sr<=5%,kvB<=4k,kp<=2k,0.0039,8
256,n<=128,sr<=5%,kvB<=4k,kp<=4k,0.0021,8
256,n<=128,sr<=5%,kvB<=4k,kp<=512,0.0048,8
256,n<=128,sr<=5%,kvB<=4k,kp<=8k,0.0023,8
256,n<=128,sr<=5%,kvB<=4k,kp=0,0.0046,8
256,n<=128,sr<=70%,kvB<=16k,kp<=1k,-0.0053,2
256,n<=128,sr<=70%,kvB<=16k,kp<=2k,-0.0064,2
256,n<=128,sr<=70%,kvB<=16k,kp<=4k,-0.007,2
256,n<=128,sr<=70%,kvB<=16k,kp<=512,-0.0062,2
256,n<=128,sr<=70%,kvB<=16k,kp<=8k,-0.0063,2
256,n<=128,sr<=70%,kvB<=16k,kp=0,-0.0047,2
256,n<=128,sr<=70%,kvB<=1k,kp<=1k,0.1102,2
256,n<=128,sr<=70%,kvB<=1k,kp<=2k,0.1355,2
256,n<=128,sr<=70%,kvB<=1k,kp<=4k,0.1338,2
256,n<=128,sr<=70%,kvB<=1k,kp<=512,0.1299,2
256,n<=128,sr<=70%,kvB<=1k,kp<=8k,0.1426,2
256,n<=128,sr<=70%,kvB<=1k,kp=0,0.1376,2
256,n<=128,sr<=70%,kvB<=4k,kp<=1k,-0.0061,2
256,n<=128,sr<=70%,kvB<=4k,kp<=2k,-0.0031,2
256,n<=128,sr<=70%,kvB<=4k,kp<=4k,0.0064,2
256,n<=128,sr<=70%,kvB<=4k,kp<=512,-0.0068,2
256,n<=128,sr<=70%,kvB<=4k,kp<=8k,0.0075,2
256,n<=128,sr<=70%,kvB<=4k,kp=0,-0.0088,2
256,n<=128,sr>70%,kvB<=16k,kp<=1k,-0.0007,4
256,n<=128,sr>70%,kvB<=16k,kp<=2k,-0.0005,4
256,n<=128,sr>70%,kvB<=16k,kp<=4k,0.0015,4
256,n<=128,sr>70%,kvB<=16k,kp<=512,-0.0011,4
256,n<=128,sr>70%,kvB<=16k,kp<=8k,-0.0038,4
256,n<=128,sr>70%,kvB<=16k,kp=0,0.0001,4
256,n<=128,sr>70%,kvB<=1k,kp<=1k,0.1544,4
256,n<=128,sr>70%,kvB<=1k,kp<=2k,0.1978,4
256,n<=128,sr>70%,kvB<=1k,kp<=4k,0.3133,4
256,n<=128,sr>70%,kvB<=1k,kp<=512,0.1409,4
256,n<=128,sr>70%,kvB<=1k,kp<=8k,0.3564,4
256,n<=128,sr>70%,kvB<=1k,kp=0,0.1306,4
256,n<=128,sr>70%,kvB<=4k,kp<=1k,-0.0066,4
256,n<=128,sr>70%,kvB<=4k,kp<=2k,-0.0093,4
256,n<=128,sr>70%,kvB<=4k,kp<=4k,-0.0056,4
256,n<=128,sr>70%,kvB<=4k,kp<=512,-0.0149,4
256,n<=128,sr>70%,kvB<=4k,kp<=8k,0.0055,4
256,n<=128,sr>70%,kvB<=4k,kp=0,-0.0085,4
256,n<=16,sr<=15%,kvB<=16k,kp<=1k,0.1851,4
256,n<=16,sr<=15%,kvB<=16k,kp<=2k,0.176,4
256,n<=16,sr<=15%,kvB<=16k,kp<=4k,0.1457,4
256,n<=16,sr<=15%,kvB<=16k,kp<=512,0.2277,4
256,n<=16,sr<=15%,kvB<=16k,kp<=8k,0.1063,4
256,n<=16,sr<=15%,kvB<=16k,kp=0,0.2526,4
256,n<=16,sr<=15%,kvB<=1k,kp<=1k,0.0562,4
256,n<=16,sr<=15%,kvB<=1k,kp<=2k,0.0636,4
256,n<=16,sr<=15%,kvB<=1k,kp<=4k,0.0453,4
256,n<=16,sr<=15%,kvB<=1k,kp<=512,0.1441,4
256,n<=16,sr<=15%,kvB<=1k,kp<=8k,0.1764,4
256,n<=16,sr<=15%,kvB<=1k,kp=0,0.2169,4
256,n<=16,sr<=15%,kvB<=4k,kp<=1k,0.1793,4
256,n<=16,sr<=15%,kvB<=4k,kp<=2k,0.1165,4
256,n<=16,sr<=15%,kvB<=4k,kp<=4k,0.0036,4
256,n<=16,sr<=15%,kvB<=4k,kp<=512,0.1833,4
256,n<=16,sr<=15%,kvB<=4k,kp<=8k,-0.0141,4
256,n<=16,sr<=15%,kvB<=4k,kp=0,0.232,4
256,n<=16,sr<=40%,kvB<=16k,kp<=1k,0.2393,4
256,n<=16,sr<=40%,kvB<=16k,kp<=2k,0.1718,4
256,n<=16,sr<=40%,kvB<=16k,kp<=4k,0.0993,4
256,n<=16,sr<=40%,kvB<=16k,kp<=512,0.2905,4
256,n<=16,sr<=40%,kvB<=16k,kp<=8k,0.1175,4
256,n<=16,sr<=40%,kvB<=16k,kp=0,0.2903,4
256,n<=16,sr<=40%,kvB<=1k,kp<=1k,0.0823,4
256,n<=16,sr<=40%,kvB<=1k,kp<=2k,0.0928,4
256,n<=16,sr<=40%,kvB<=1k,kp<=4k,0.0935,4
256,n<=16,sr<=40%,kvB<=1k,kp<=512,0.1685,4
256,n<=16,sr<=40%,kvB<=1k,kp<=8k,0.2649,4
256,n<=16,sr<=40%,kvB<=1k,kp=0,0.2136,4
256,n<=16,sr<=40%,kvB<=4k,kp<=1k,0.1624,4
256,n<=16,sr<=40%,kvB<=4k,kp<=2k,0.1692,4
256,n<=16,sr<=40%,kvB<=4k,kp<=4k,0.036,4
256,n<=16,sr<=40%,kvB<=4k,kp<=512,0.1639,4
256,n<=16,sr<=40%,kvB<=4k,kp<=8k,0.0186,4
256,n<=16,sr<=40%,kvB<=4k,kp=0,0.2405,4
256,n<=16,sr<=70%,kvB<=16k,kp<=1k,0.4573,2
256,n<=16,sr<=70%,kvB<=16k,kp<=2k,0.3052,2
256,n<=16,sr<=70%,kvB<=16k,kp<=4k,0.1751,2
256,n<=16,sr<=70%,kvB<=16k,kp<=512,0.563,2
256,n<=16,sr<=70%,kvB<=16k,kp<=8k,0.1993,2
256,n<=16,sr<=70%,kvB<=16k,kp=0,0.547,2
256,n<=16,sr<=70%,kvB<=1k,kp<=1k,0.056,2
256,n<=16,sr<=70%,kvB<=1k,kp<=2k,0.0062,2
256,n<=16,sr<=70%,kvB<=1k,kp<=4k,0.061,2
256,n<=16,sr<=70%,kvB<=1k,kp<=512,0.1642,2
256,n<=16,sr<=70%,kvB<=1k,kp<=8k,0.0429,2
256,n<=16,sr<=70%,kvB<=1k,kp=0,0.1596,2
256,n<=16,sr<=70%,kvB<=4k,kp<=1k,0.1574,2
256,n<=16,sr<=70%,kvB<=4k,kp<=2k,0.3011,2
256,n<=16,sr<=70%,kvB<=4k,kp<=4k,0.2189,2
256,n<=16,sr<=70%,kvB<=4k,kp<=512,0.193,2
256,n<=16,sr<=70%,kvB<=4k,kp<=8k,-0.1306,2
256,n<=16,sr<=70%,kvB<=4k,kp=0,0.4284,2
256,n<=16,sr>70%,kvB<=16k,kp<=1k,1.0325,4
256,n<=16,sr>70%,kvB<=16k,kp<=2k,0.7987,4
256,n<=16,sr>70%,kvB<=16k,kp<=4k,0.4143,4
256,n<=16,sr>70%,kvB<=16k,kp<=512,1.3155,4
256,n<=16,sr>70%,kvB<=16k,kp<=8k,0.4752,4
256,n<=16,sr>70%,kvB<=16k,kp=0,1.3022,4
256,n<=16,sr>70%,kvB<=1k,kp<=1k,0.3635,4
256,n<=16,sr>70%,kvB<=1k,kp<=2k,0.2418,4
256,n<=16,sr>70%,kvB<=1k,kp<=4k,0.3236,4
256,n<=16,sr>70%,kvB<=1k,kp<=512,0.3231,4
256,n<=16,sr>70%,kvB<=1k,kp<=8k,0.3509,4
256,n<=16,sr>70%,kvB<=1k,kp=0,0.2654,4
256,n<=16,sr>70%,kvB<=4k,kp<=1k,0.4088,4
256,n<=16,sr>70%,kvB<=4k,kp<=2k,0.4604,4
256,n<=16,sr>70%,kvB<=4k,kp<=4k,0.7537,4
256,n<=16,sr>70%,kvB<=4k,kp<=512,0.5455,4
256,n<=16,sr>70%,kvB<=4k,kp<=8k,0.2472,4
256,n<=16,sr>70%,kvB<=4k,kp=0,0.8662,4
256,n<=2,sr<=70%,kvB<=16k,kp<=1k,0.9605,2
256,n<=2,sr<=70%,kvB<=16k,kp<=2k,0.9507,2
256,n<=2,sr<=70%,kvB<=16k,kp<=4k,0.9563,2
256,n<=2,sr<=70%,kvB<=16k,kp<=512,0.9697,2
256,n<=2,sr<=70%,kvB<=16k,kp<=8k,0.9316,2
256,n<=2,sr<=70%,kvB<=16k,kp=0,0.9448,2
256,n<=2,sr<=70%,kvB<=1k,kp<=1k,0.239,2
256,n<=2,sr<=70%,kvB<=1k,kp<=2k,0.4241,2
256,n<=2,sr<=70%,kvB<=1k,kp<=4k,0.317,2
256,n<=2,sr<=70%,kvB<=1k,kp<=512,0.7493,2
256,n<=2,sr<=70%,kvB<=1k,kp<=8k,0.2884,2
256,n<=2,sr<=70%,kvB<=1k,kp=0,0.9252,2
256,n<=2,sr<=70%,kvB<=4k,kp<=1k,0.9148,2
256,n<=2,sr<=70%,kvB<=4k,kp<=2k,0.8899,2
256,n<=2,sr<=70%,kvB<=4k,kp<=4k,0.5482,1
256,n<=2,sr<=70%,kvB<=4k,kp<=512,0.9225,2
256,n<=2,sr<=70%,kvB<=4k,kp<=8k,0.2764,2
256,n<=2,sr<=70%,kvB<=4k,kp=0,0.9579,2
256,n<=32,sr<=15%,kvB<=16k,kp<=1k,0.0681,6
256,n<=32,sr<=15%,kvB<=16k,kp<=2k,0.0597,6
256,n<=32,sr<=15%,kvB<=16k,kp<=4k,0.0432,6
256,n<=32,sr<=15%,kvB<=16k,kp<=512,0.0941,6
256,n<=32,sr<=15%,kvB<=16k,kp<=8k,0.0473,6
256,n<=32,sr<=15%,kvB<=16k,kp=0,0.172,6
256,n<=32,sr<=15%,kvB<=1k,kp<=1k,0.0607,6
256,n<=32,sr<=15%,kvB<=1k,kp<=2k,0.056,6
256,n<=32,sr<=15%,kvB<=1k,kp<=4k,0.074,6
256,n<=32,sr<=15%,kvB<=1k,kp<=512,0.0891,6
256,n<=32,sr<=15%,kvB<=1k,kp<=8k,0.0435,6
256,n<=32,sr<=15%,kvB<=1k,kp=0,0.1213,6
256,n<=32,sr<=15%,kvB<=4k,kp<=1k,0.0773,6
256,n<=32,sr<=15%,kvB<=4k,kp<=2k,0.0511,6
256,n<=32,sr<=15%,kvB<=4k,kp<=4k,0.0218,6
256,n<=32,sr<=15%,kvB<=4k,kp<=512,0.0645,6
256,n<=32,sr<=15%,kvB<=4k,kp<=8k,0.0017,6
256,n<=32,sr<=15%,kvB<=4k,kp=0,0.1666,6
256,n<=32,sr<=40%,kvB<=16k,kp<=1k,0.0965,2
256,n<=32,sr<=40%,kvB<=16k,kp<=2k,0.0743,2
256,n<=32,sr<=40%,kvB<=16k,kp<=4k,0.0779,2
256,n<=32,sr<=40%,kvB<=16k,kp<=512,0.1364,2
256,n<=32,sr<=40%,kvB<=16k,kp<=8k,0.0634,2
256,n<=32,sr<=40%,kvB<=16k,kp=0,0.2445,2
256,n<=32,sr<=40%,kvB<=1k,kp<=1k,0.0776,2
256,n<=32,sr<=40%,kvB<=1k,kp<=2k,0.0807,2
256,n<=32,sr<=40%,kvB<=1k,kp<=4k,0.0918,2
256,n<=32,sr<=40%,kvB<=1k,kp<=512,0.1014,2
256,n<=32,sr<=40%,kvB<=1k,kp<=8k,0.0681,2
256,n<=32,sr<=40%,kvB<=1k,kp=0,0.1385,2
256,n<=32,sr<=40%,kvB<=4k,kp<=1k,0.0687,2
256,n<=32,sr<=40%,kvB<=4k,kp<=2k,0.1055,2
256,n<=32,sr<=40%,kvB<=4k,kp<=4k,0.0739,2
256,n<=32,sr<=40%,kvB<=4k,kp<=512,0.0765,2
256,n<=32,sr<=40%,kvB<=4k,kp<=8k,0.0368,2
256,n<=32,sr<=40%,kvB<=4k,kp=0,0.2494,2
256,n<=32,sr<=5%,kvB<=16k,kp<=1k,0.0696,2
256,n<=32,sr<=5%,kvB<=16k,kp<=2k,0.0657,2
256,n<=32,sr<=5%,kvB<=16k,kp<=4k,0.0546,2
256,n<=32,sr<=5%,kvB<=16k,kp<=512,0.0816,2
256,n<=32,sr<=5%,kvB<=16k,kp<=8k,0.0223,2
256,n<=32,sr<=5%,kvB<=16k,kp=0,0.1359,2
256,n<=32,sr<=5%,kvB<=1k,kp<=1k,0.0146,2
256,n<=32,sr<=5%,kvB<=1k,kp<=2k,0.0181,2
256,n<=32,sr<=5%,kvB<=1k,kp<=4k,0.015,2
256,n<=32,sr<=5%,kvB<=1k,kp<=512,0.0521,2
256,n<=32,sr<=5%,kvB<=1k,kp<=8k,0.0043,2
256,n<=32,sr<=5%,kvB<=1k,kp=0,0.0777,2
256,n<=32,sr<=5%,kvB<=4k,kp<=1k,0.0681,2
256,n<=32,sr<=5%,kvB<=4k,kp<=2k,0.0544,2
256,n<=32,sr<=5%,kvB<=4k,kp<=4k,0.0168,2
256,n<=32,sr<=5%,kvB<=4k,kp<=512,0.0656,2
256,n<=32,sr<=5%,kvB<=4k,kp<=8k,0.0174,2
256,n<=32,sr<=5%,kvB<=4k,kp=0,0.1442,2
256,n<=32,sr<=70%,kvB<=16k,kp<=1k,0.148,2
256,n<=32,sr<=70%,kvB<=16k,kp<=2k,0.1092,2
256,n<=32,sr<=70%,kvB<=16k,kp<=4k,0.0895,2
256,n<=32,sr<=70%,kvB<=16k,kp<=512,0.2137,2
256,n<=32,sr<=70%,kvB<=16k,kp<=8k,0.0697,2
256,n<=32,sr<=70%,kvB<=16k,kp=0,0.475,2
256,n<=32,sr<=70%,kvB<=1k,kp<=1k,0.0779,2
256,n<=32,sr<=70%,kvB<=1k,kp<=2k,0.0851,2
256,n<=32,sr<=70%,kvB<=1k,kp<=4k,0.0501,2
256,n<=32,sr<=70%,kvB<=1k,kp<=512,0.1072,2
256,n<=32,sr<=70%,kvB<=1k,kp<=8k,-0.0085,2
256,n<=32,sr<=70%,kvB<=1k,kp=0,0.1345,2
256,n<=32,sr<=70%,kvB<=4k,kp<=1k,0.1139,2
256,n<=32,sr<=70%,kvB<=4k,kp<=2k,0.1359,2
256,n<=32,sr<=70%,kvB<=4k,kp<=4k,0.1059,2
256,n<=32,sr<=70%,kvB<=4k,kp<=512,0.165,2
256,n<=32,sr<=70%,kvB<=4k,kp<=8k,0.0978,2
256,n<=32,sr<=70%,kvB<=4k,kp=0,0.6418,2
256,n<=32,sr>70%,kvB<=16k,kp<=1k,0.2822,4
256,n<=32,sr>70%,kvB<=16k,kp<=2k,0.1383,4
256,n<=32,sr>70%,kvB<=16k,kp<=4k,0.0679,4
256,n<=32,sr>70%,kvB<=16k,kp<=512,0.4538,4
256,n<=32,sr>70%,kvB<=16k,kp<=8k,-0.0016,4
256,n<=32,sr>70%,kvB<=16k,kp=0,0.9636,4
256,n<=32,sr>70%,kvB<=1k,kp<=1k,0.0838,4
256,n<=32,sr>70%,kvB<=1k,kp<=2k,0.2379,4
256,n<=32,sr>70%,kvB<=1k,kp<=4k,0.3376,4
256,n<=32,sr>70%,kvB<=1k,kp<=512,0.1908,4
256,n<=32,sr>70%,kvB<=1k,kp<=8k,0.1919,4
256,n<=32,sr>70%,kvB<=1k,kp=0,0.5469,4
256,n<=32,sr>70%,kvB<=4k,kp<=1k,0.0643,4
256,n<=32,sr>70%,kvB<=4k,kp<=2k,0.0125,4
256,n<=32,sr>70%,kvB<=4k,kp<=4k,0.2956,4
256,n<=32,sr>70%,kvB<=4k,kp<=512,0.3335,4
256,n<=32,sr>70%,kvB<=4k,kp<=8k,0.3232,4
256,n<=32,sr>70%,kvB<=4k,kp=0,1.9213,4
256,n<=4,sr<=40%,kvB<=16k,kp<=1k,0.5662,2
256,n<=4,sr<=40%,kvB<=16k,kp<=2k,0.4708,2
256,n<=4,sr<=40%,kvB<=16k,kp<=4k,0.5272,2
256,n<=4,sr<=40%,kvB<=16k,kp<=512,0.8082,2
256,n<=4,sr<=40%,kvB<=16k,kp<=8k,0.504,2
256,n<=4,sr<=40%,kvB<=16k,kp=0,0.9199,2
256,n<=4,sr<=40%,kvB<=1k,kp<=1k,0.1144,2
256,n<=4,sr<=40%,kvB<=1k,kp<=2k,0.7178,2
256,n<=4,sr<=40%,kvB<=1k,kp<=4k,0.3902,2
256,n<=4,sr<=40%,kvB<=1k,kp<=512,0.4903,2
256,n<=4,sr<=40%,kvB<=1k,kp<=8k,0.2967,2
256,n<=4,sr<=40%,kvB<=1k,kp=0,0.4875,2
256,n<=4,sr<=40%,kvB<=4k,kp<=1k,0.5558,2
256,n<=4,sr<=40%,kvB<=4k,kp<=2k,0.4999,2
256,n<=4,sr<=40%,kvB<=4k,kp<=4k,0.2602,2
256,n<=4,sr<=40%,kvB<=4k,kp<=512,0.4249,2
256,n<=4,sr<=40%,kvB<=4k,kp<=8k,0.337,2
256,n<=4,sr<=40%,kvB<=4k,kp=0,0.6206,2
256,n<=4,sr<=70%,kvB<=16k,kp<=1k,0.3675,2
256,n<=4,sr<=70%,kvB<=16k,kp<=2k,0.1398,2
256,n<=4,sr<=70%,kvB<=16k,kp<=4k,0.4037,2
256,n<=4,sr<=70%,kvB<=16k,kp<=512,0.8035,2
256,n<=4,sr<=70%,kvB<=16k,kp<=8k,0.7036,2
256,n<=4,sr<=70%,kvB<=16k,kp=0,0.8988,2
256,n<=4,sr<=70%,kvB<=1k,kp<=1k,0.2151,2
256,n<=4,sr<=70%,kvB<=1k,kp<=2k,0.275,2
256,n<=4,sr<=70%,kvB<=1k,kp<=4k,0.535,2
256,n<=4,sr<=70%,kvB<=1k,kp<=512,0.7636,2
256,n<=4,sr<=70%,kvB<=1k,kp<=8k,0.3202,2
256,n<=4,sr<=70%,kvB<=1k,kp=0,0.4013,2
256,n<=4,sr<=70%,kvB<=4k,kp<=1k,0.4909,2
256,n<=4,sr<=70%,kvB<=4k,kp<=2k,0.7138,2
256,n<=4,sr<=70%,kvB<=4k,kp<=4k,0.239,2
256,n<=4,sr<=70%,kvB<=4k,kp<=512,0.2152,2
256,n<=4,sr<=70%,kvB<=4k,kp<=8k,0.6289,2
256,n<=4,sr<=70%,kvB<=4k,kp=0,0.4697,2
256,n<=4,sr>70%,kvB<=16k,kp<=1k,-0.063,2
256,n<=4,sr>70%,kvB<=16k,kp<=2k,-0.4075,2
256,n<=4,sr>70%,kvB<=16k,kp<=4k,-0.0012,2
256,n<=4,sr>70%,kvB<=16k,kp<=512,0.6831,2
256,n<=4,sr>70%,kvB<=16k,kp<=8k,0.9771,2
256,n<=4,sr>70%,kvB<=16k,kp=0,0.8979,2
256,n<=4,sr>70%,kvB<=1k,kp<=1k,-0.0034,2
256,n<=4,sr>70%,kvB<=1k,kp<=2k,0.65,2
256,n<=4,sr>70%,kvB<=1k,kp<=4k,0.5652,2
256,n<=4,sr>70%,kvB<=1k,kp<=512,0.6807,2
256,n<=4,sr>70%,kvB<=1k,kp<=8k,0.7455,2
256,n<=4,sr>70%,kvB<=1k,kp=0,0.282,2
256,n<=4,sr>70%,kvB<=4k,kp<=1k,0.1076,2
256,n<=4,sr>70%,kvB<=4k,kp<=2k,0.8798,2
256,n<=4,sr>70%,kvB<=4k,kp<=4k,0.8414,2
256,n<=4,sr>70%,kvB<=4k,kp<=512,-0.2775,2
256,n<=4,sr>70%,kvB<=4k,kp<=8k,0.9144,2
256,n<=4,sr>70%,kvB<=4k,kp=0,0.1632,2
256,n<=64,sr<=15%,kvB<=16k,kp<=1k,0.019,4
256,n<=64,sr<=15%,kvB<=16k,kp<=2k,0.02,4
256,n<=64,sr<=15%,kvB<=16k,kp<=4k,0.0187,4
256,n<=64,sr<=15%,kvB<=16k,kp<=512,0.0203,4
256,n<=64,sr<=15%,kvB<=16k,kp<=8k,0.0168,4
256,n<=64,sr<=15%,kvB<=16k,kp=0,0.0192,4
256,n<=64,sr<=15%,kvB<=1k,kp<=1k,0.044,4
256,n<=64,sr<=15%,kvB<=1k,kp<=2k,0.0501,4
256,n<=64,sr<=15%,kvB<=1k,kp<=4k,0.0553,4
256,n<=64,sr<=15%,kvB<=1k,kp<=512,0.0502,4
256,n<=64,sr<=15%,kvB<=1k,kp<=8k,0.07,4
256,n<=64,sr<=15%,kvB<=1k,kp=0,0.0436,4
256,n<=64,sr<=15%,kvB<=4k,kp<=1k,0.0215,4
256,n<=64,sr<=15%,kvB<=4k,kp<=2k,0.0169,4
256,n<=64,sr<=15%,kvB<=4k,kp<=4k,0.0043,4
256,n<=64,sr<=15%,kvB<=4k,kp<=512,0.0215,4
256,n<=64,sr<=15%,kvB<=4k,kp<=8k,0.0002,4
256,n<=64,sr<=15%,kvB<=4k,kp=0,0.018,4
256,n<=64,sr<=40%,kvB<=16k,kp<=1k,0.0138,2
256,n<=64,sr<=40%,kvB<=16k,kp<=2k,0.0124,2
256,n<=64,sr<=40%,kvB<=16k,kp<=4k,0.0112,2
256,n<=64,sr<=40%,kvB<=16k,kp<=512,0.0115,2
256,n<=64,sr<=40%,kvB<=16k,kp<=8k,0.0116,2
256,n<=64,sr<=40%,kvB<=16k,kp=0,0.0116,2
256,n<=64,sr<=40%,kvB<=1k,kp<=1k,0.0494,2
256,n<=64,sr<=40%,kvB<=1k,kp<=2k,0.0702,2
256,n<=64,sr<=40%,kvB<=1k,kp<=4k,0.0822,2
256,n<=64,sr<=40%,kvB<=1k,kp<=512,0.0514,2
256,n<=64,sr<=40%,kvB<=1k,kp<=8k,0.101,2
256,n<=64,sr<=40%,kvB<=1k,kp=0,0.0488,2
256,n<=64,sr<=40%,kvB<=4k,kp<=1k,0.0067,2
256,n<=64,sr<=40%,kvB<=4k,kp<=2k,-0.0011,2
256,n<=64,sr<=40%,kvB<=4k,kp<=4k,0.0004,2
256,n<=64,sr<=40%,kvB<=4k,kp<=512,0.0084,2
256,n<=64,sr<=40%,kvB<=4k,kp<=8k,-0.0073,2
256,n<=64,sr<=40%,kvB<=4k,kp=0,0.0043,2
256,n<=64,sr<=5%,kvB<=16k,kp<=1k,0.0237,6
256,n<=64,sr<=5%,kvB<=16k,kp<=2k,0.0237,6
256,n<=64,sr<=5%,kvB<=16k,kp<=4k,0.0224,6
256,n<=64,sr<=5%,kvB<=16k,kp<=512,0.0244,6
256,n<=64,sr<=5%,kvB<=16k,kp<=8k,0.0195,6
256,n<=64,sr<=5%,kvB<=16k,kp=0,0.0234,6
256,n<=64,sr<=5%,kvB<=1k,kp<=1k,0.0117,6
256,n<=64,sr<=5%,kvB<=1k,kp<=2k,0.0143,6
256,n<=64,sr<=5%,kvB<=1k,kp<=4k,0.0128,6
256,n<=64,sr<=5%,kvB<=1k,kp<=512,0.0204,6
256,n<=64,sr<=5%,kvB<=1k,kp<=8k,0.0075,6
256,n<=64,sr<=5%,kvB<=1k,kp=0,0.0209,6
256,n<=64,sr<=5%,kvB<=4k,kp<=1k,0.0235,6
256,n<=64,sr<=5%,kvB<=4k,kp<=2k,0.0186,6
256,n<=64,sr<=5%,kvB<=4k,kp<=4k,0.0042,6
256,n<=64,sr<=5%,kvB<=4k,kp<=512,0.025,6
256,n<=64,sr<=5%,kvB<=4k,kp<=8k,0.0038,6
256,n<=64,sr<=5%,kvB<=4k,kp=0,0.0239,6
256,n<=64,sr<=70%,kvB<=16k,kp<=1k,-0.0008,2
256,n<=64,sr<=70%,kvB<=16k,kp<=2k,-0.0004,2
256,n<=64,sr<=70%,kvB<=16k,kp<=4k,0.0065,2
256,n<=64,sr<=70%,kvB<=16k,kp<=512,-0.0002,2
256,n<=64,sr<=70%,kvB<=16k,kp<=8k,0.005,2
256,n<=64,sr<=70%,kvB<=16k,kp=0,-0.0008,2
256,n<=64,sr<=70%,kvB<=1k,kp<=1k,0.022,2
256,n<=64,sr<=70%,kvB<=1k,kp<=2k,0.0473,2
256,n<=64,sr<=70%,kvB<=1k,kp<=4k,0.0509,2
256,n<=64,sr<=70%,kvB<=1k,kp<=512,0.0152,2
256,n<=64,sr<=70%,kvB<=1k,kp<=8k,0.0472,2
256,n<=64,sr<=70%,kvB<=1k,kp=0,-0.0061,2
256,n<=64,sr<=70%,kvB<=4k,kp<=1k,-0.0007,2
256,n<=64,sr<=70%,kvB<=4k,kp<=2k,-0.0055,2
256,n<=64,sr<=70%,kvB<=4k,kp<=4k,0.0023,2
256,n<=64,sr<=70%,kvB<=4k,kp<=512,0.0026,2
256,n<=64,sr<=70%,kvB<=4k,kp<=8k,-0.0154,2
256,n<=64,sr<=70%,kvB<=4k,kp=0,-0.0028,2
256,n<=64,sr>70%,kvB<=16k,kp<=1k,-0.0072,4
256,n<=64,sr>70%,kvB<=16k,kp<=2k,-0.0018,4
256,n<=64,sr>70%,kvB<=16k,kp<=4k,0.013,4
256,n<=64,sr>70%,kvB<=16k,kp<=512,-0.0063,4
256,n<=64,sr>70%,kvB<=16k,kp<=8k,-0.0076,4
256,n<=64,sr>70%,kvB<=16k,kp=0,0.0005,4
256,n<=64,sr>70%,kvB<=1k,kp<=1k,0.1644,4
256,n<=64,sr>70%,kvB<=1k,kp<=2k,0.2551,4
256,n<=64,sr>70%,kvB<=1k,kp<=4k,0.3521,4
256,n<=64,sr>70%,kvB<=1k,kp<=512,0.1784,4
256,n<=64,sr>70%,kvB<=1k,kp<=8k,0.2951,4
256,n<=64,sr>70%,kvB<=1k,kp=0,0.1415,4
256,n<=64,sr>70%,kvB<=4k,kp<=1k,-0.0072,4
256,n<=64,sr>70%,kvB<=4k,kp<=2k,-0.0097,4
256,n<=64,sr>70%,kvB<=4k,kp<=4k,0.0226,4
256,n<=64,sr>70%,kvB<=4k,kp<=512,-0.0026,4
256,n<=64,sr>70%,kvB<=4k,kp<=8k,0.0932,4
256,n<=64,sr>70%,kvB<=4k,kp=0,-0.0148,4
256,n<=8,sr<=15%,kvB<=16k,kp<=1k,0.3611,2
256,n<=8,sr<=15%,kvB<=16k,kp<=2k,0.3146,2
256,n<=8,sr<=15%,kvB<=16k,kp<=4k,0.371,2
256,n<=8,sr<=15%,kvB<=16k,kp<=512,0.4372,2
256,n<=8,sr<=15%,kvB<=16k,kp<=8k,0.3419,2
256,n<=8,sr<=15%,kvB<=16k,kp=0,0.5544,2
256,n<=8,sr<=15%,kvB<=1k,kp<=1k,0.0672,2
256,n<=8,sr<=15%,kvB<=1k,kp<=2k,0.1034,2
256,n<=8,sr<=15%,kvB<=1k,kp<=4k,0.2268,2
256,n<=8,sr<=15%,kvB<=1k,kp<=512,0.2417,2
256,n<=8,sr<=15%,kvB<=1k,kp<=8k,0.1442,2
256,n<=8,sr<=15%,kvB<=1k,kp=0,0.3643,2
256,n<=8,sr<=15%,kvB<=4k,kp<=1k,0.3507,2
256,n<=8,sr<=15%,kvB<=4k,kp<=2k,0.2518,2
256,n<=8,sr<=15%,kvB<=4k,kp<=4k,-0.0746,2
256,n<=8,sr<=15%,kvB<=4k,kp<=512,0.3389,2
256,n<=8,sr<=15%,kvB<=4k,kp<=8k,0.0395,2
256,n<=8,sr<=15%,kvB<=4k,kp=0,0.3844,2
256,n<=8,sr<=40%,kvB<=16k,kp<=1k,0.3521,4
256,n<=8,sr<=40%,kvB<=16k,kp<=2k,0.2781,4
256,n<=8,sr<=40%,kvB<=16k,kp<=4k,0.3174,4
256,n<=8,sr<=40%,kvB<=16k,kp<=512,0.4006,4
256,n<=8,sr<=40%,kvB<=16k,kp<=8k,0.3907,4
256,n<=8,sr<=40%,kvB<=16k,kp=0,0.4687,4
256,n<=8,sr<=40%,kvB<=1k,kp<=1k,0.0382,4
256,n<=8,sr<=40%,kvB<=1k,kp<=2k,-0.0065,4
256,n<=8,sr<=40%,kvB<=1k,kp<=4k,0.2789,4
256,n<=8,sr<=40%,kvB<=1k,kp<=512,0.323,4
256,n<=8,sr<=40%,kvB<=1k,kp<=8k,0.1612,4
256,n<=8,sr<=40%,kvB<=1k,kp=0,0.3218,4
256,n<=8,sr<=40%,kvB<=4k,kp<=1k,0.2801,4
256,n<=8,sr<=40%,kvB<=4k,kp<=2k,0.3564,4
256,n<=8,sr<=40%,kvB<=4k,kp<=4k,-0.0694,4
256,n<=8,sr<=40%,kvB<=4k,kp<=512,0.2821,4
256,n<=8,sr<=40%,kvB<=4k,kp<=8k,-0.01,4
256,n<=8,sr<=40%,kvB<=4k,kp=0,0.365,4
256,n<=8,sr<=70%,kvB<=16k,kp<=1k,0.535,2
256,n<=8,sr<=70%,kvB<=16k,kp<=2k,0.3601,2
256,n<=8,sr<=70%,kvB<=16k,kp<=4k,0.1793,2
256,n<=8,sr<=70%,kvB<=16k,kp<=512,0.7356,2
256,n<=8,sr<=70%,kvB<=16k,kp<=8k,0.3403,2
256,n<=8,sr<=70%,kvB<=16k,kp=0,0.9024,2
256,n<=8,sr<=70%,kvB<=1k,kp<=1k,0.1528,2
256,n<=8,sr<=70%,kvB<=1k,kp<=2k,-0.0983,2
256,n<=8,sr<=70%,kvB<=1k,kp<=4k,0.0596,2
256,n<=8,sr<=70%,kvB<=1k,kp<=512,0.3894,2
256,n<=8,sr<=70%,kvB<=1k,kp<=8k,0.0998,2
256,n<=8,sr<=70%,kvB<=1k,kp=0,0.2645,2
256,n<=8,sr<=70%,kvB<=4k,kp<=1k,0.3378,2
256,n<=8,sr<=70%,kvB<=4k,kp<=2k,0.38,2
256,n<=8,sr<=70%,kvB<=4k,kp<=4k,0.3589,2
256,n<=8,sr<=70%,kvB<=4k,kp<=512,0.2539,2
256,n<=8,sr<=70%,kvB<=4k,kp<=8k,-0.499,2
256,n<=8,sr<=70%,kvB<=4k,kp=0,0.539,2
256,n<=8,sr>70%,kvB<=16k,kp<=1k,0.6619,4
256,n<=8,sr>70%,kvB<=16k,kp<=2k,0.2705,4
256,n<=8,sr>70%,kvB<=16k,kp<=4k,-0.0823,4
256,n<=8,sr>70%,kvB<=16k,kp<=512,0.8908,4
256,n<=8,sr>70%,kvB<=16k,kp<=8k,0.5834,4
256,n<=8,sr>70%,kvB<=16k,kp=0,0.866,4
256,n<=8,sr>70%,kvB<=1k,kp<=1k,0.4043,4
256,n<=8,sr>70%,kvB<=1k,kp<=2k,0.4889,4
256,n<=8,sr>70%,kvB<=1k,kp<=4k,0.3146,3
256,n<=8,sr>70%,kvB<=1k,kp<=512,0.6189,4
256,n<=8,sr>70%,kvB<=1k,kp<=8k,0.3092,3
256,n<=8,sr>70%,kvB<=1k,kp=0,0.235,4
256,n<=8,sr>70%,kvB<=4k,kp<=1k,0.1812,4
256,n<=8,sr>70%,kvB<=4k,kp<=2k,0.6207,4
256,n<=8,sr>70%,kvB<=4k,kp<=4k,0.7206,4
256,n<=8,sr>70%,kvB<=4k,kp<=512,-0.0085,4
256,n<=8,sr>70%,kvB<=4k,kp<=8k,0.6183,4
256,n<=8,sr>70%,kvB<=4k,kp=0,0.5098,4
512,n<=128,sr<=15%,kvB<=16k,kp<=1k,0.0024,4
512,n<=128,sr<=15%,kvB<=16k,kp<=2k,0.0021,4
512,n<=128,sr<=15%,kvB<=16k,kp<=4k,0.0008,4
512,n<=128,sr<=15%,kvB<=16k,kp<=512,0.0021,4
512,n<=128,sr<=15%,kvB<=16k,kp<=8k,0.0019,4
512,n<=128,sr<=15%,kvB<=16k,kp=0,0.0016,4
512,n<=128,sr<=15%,kvB<=1k,kp<=1k,0.0581,4
512,n<=128,sr<=15%,kvB<=1k,kp<=2k,0.0581,4
512,n<=128,sr<=15%,kvB<=1k,kp<=4k,0.0664,4
512,n<=128,sr<=15%,kvB<=1k,kp<=512,0.0559,4
512,n<=128,sr<=15%,kvB<=1k,kp<=8k,0.0704,4
512,n<=128,sr<=15%,kvB<=1k,kp=0,0.0564,4
512,n<=128,sr<=15%,kvB<=4k,kp<=1k,0.0052,4
512,n<=128,sr<=15%,kvB<=4k,kp<=2k,0.0052,4
512,n<=128,sr<=15%,kvB<=4k,kp<=4k,0.0087,4
512,n<=128,sr<=15%,kvB<=4k,kp<=512,0.0026,4
512,n<=128,sr<=15%,kvB<=4k,kp<=8k,0.0147,4
512,n<=128,sr<=15%,kvB<=4k,kp=0,0.0034,4
512,n<=128,sr<=40%,kvB<=16k,kp<=1k,-0.0023,2
512,n<=128,sr<=40%,kvB<=16k,kp<=2k,-0.0016,2
512,n<=128,sr<=40%,kvB<=16k,kp<=4k,-0.0028,2
512,n<=128,sr<=40%,kvB<=16k,kp<=512,-0.0017,2
512,n<=128,sr<=40%,kvB<=16k,kp<=8k,-0.0066,2
512,n<=128,sr<=40%,kvB<=16k,kp=0,-0.0026,2
512,n<=128,sr<=40%,kvB<=1k,kp<=1k,0.0996,2
512,n<=128,sr<=40%,kvB<=1k,kp<=2k,0.1064,2
512,n<=128,sr<=40%,kvB<=1k,kp<=4k,0.1112,2
512,n<=128,sr<=40%,kvB<=1k,kp<=512,0.1006,2
512,n<=128,sr<=40%,kvB<=1k,kp<=8k,0.1235,2
512,n<=128,sr<=40%,kvB<=1k,kp=0,0.1115,2
512,n<=128,sr<=40%,kvB<=4k,kp<=1k,0.0071,2
512,n<=128,sr<=40%,kvB<=4k,kp<=2k,0.0036,2
512,n<=128,sr<=40%,kvB<=4k,kp<=4k,0.0012,2
512,n<=128,sr<=40%,kvB<=4k,kp<=512,0.0082,2
512,n<=128,sr<=40%,kvB<=4k,kp<=8k,0.0068,2
512,n<=128,sr<=40%,kvB<=4k,kp=0,0.006,2
512,n<=128,sr<=5%,kvB<=16k,kp<=1k,0.0057,8
512,n<=128,sr<=5%,kvB<=16k,kp<=2k,0.0051,8
512,n<=128,sr<=5%,kvB<=16k,kp<=4k,0.0043,8
512,n<=128,sr<=5%,kvB<=16k,kp<=512,0.006,8
512,n<=128,sr<=5%,kvB<=16k,kp<=8k,0.0044,8
512,n<=128,sr<=5%,kvB<=16k,kp=0,0.0054,8
512,n<=128,sr<=5%,kvB<=1k,kp<=1k,0.0061,8
512,n<=128,sr<=5%,kvB<=1k,kp<=2k,0.0059,8
512,n<=128,sr<=5%,kvB<=1k,kp<=4k,0.0071,8
512,n<=128,sr<=5%,kvB<=1k,kp<=512,0.0058,8
512,n<=128,sr<=5%,kvB<=1k,kp<=8k,0.0081,8
512,n<=128,sr<=5%,kvB<=1k,kp=0,0.0061,8
512,n<=128,sr<=5%,kvB<=4k,kp<=1k,0.0047,8
512,n<=128,sr<=5%,kvB<=4k,kp<=2k,0.0043,8
512,n<=128,sr<=5%,kvB<=4k,kp<=4k,0.0044,8
512,n<=128,sr<=5%,kvB<=4k,kp<=512,0.0046,8
512,n<=128,sr<=5%,kvB<=4k,kp<=8k,0.009,8
512,n<=128,sr<=5%,kvB<=4k,kp=0,0.0052,8
512,n<=128,sr<=70%,kvB<=16k,kp<=1k,-0.0054,2
512,n<=128,sr<=70%,kvB<=16k,kp<=2k,-0.004,2
512,n<=128,sr<=70%,kvB<=16k,kp<=4k,-0.0092,2
512,n<=128,sr<=70%,kvB<=16k,kp<=512,-0.0034,2
512,n<=128,sr<=70%,kvB<=16k,kp<=8k,-0.0141,2
512,n<=128,sr<=70%,kvB<=16k,kp=0,-0.0055,2
512,n<=128,sr<=70%,kvB<=1k,kp<=1k,0.1032,2
512,n<=128,sr<=70%,kvB<=1k,kp<=2k,0.1347,2
512,n<=128,sr<=70%,kvB<=1k,kp<=4k,0.1082,2
512,n<=128,sr<=70%,kvB<=1k,kp<=512,0.1414,2
512,n<=128,sr<=70%,kvB<=1k,kp<=8k,0.0816,2
512,n<=128,sr<=70%,kvB<=1k,kp=0,0.1742,2
512,n<=128,sr<=70%,kvB<=4k,kp<=1k,-0.0002,2
512,n<=128,sr<=70%,kvB<=4k,kp<=2k,-0.0041,2
512,n<=128,sr<=70%,kvB<=4k,kp<=4k,0.0077,2
512,n<=128,sr<=70%,kvB<=4k,kp<=512,0.0015,2
512,n<=128,sr<=70%,kvB<=4k,kp<=8k,0.0136,2
512,n<=128,sr<=70%,kvB<=4k,kp=0,-0.0007,2
512,n<=128,sr>70%,kvB<=16k,kp<=1k,0.0037,4
512,n<=128,sr>70%,kvB<=16k,kp<=2k,0.0052,4
512,n<=128,sr>70%,kvB<=16k,kp<=4k,0.0058,4
512,n<=128,sr>70%,kvB<=16k,kp<=512,0.0063,4
512,n<=128,sr>70%,kvB<=16k,kp<=8k,-0.0118,4
512,n<=128,sr>70%,kvB<=16k,kp=0,0.0048,4
512,n<=128,sr>70%,kvB<=1k,kp<=1k,0.2801,4
512,n<=128,sr>70%,kvB<=1k,kp<=2k,0.3354,4
512,n<=128,sr>70%,kvB<=1k,kp<=4k,0.3778,4
512,n<=128,sr>70%,kvB<=1k,kp<=512,0.2402,4
512,n<=128,sr>70%,kvB<=1k,kp<=8k,0.3415,4
512,n<=128,sr>70%,kvB<=1k,kp=0,0.2378,4
512,n<=128,sr>70%,kvB<=4k,kp<=1k,-0.0086,4
512,n<=128,sr>70%,kvB<=4k,kp<=2k,-0.0026,4
512,n<=128,sr>70%,kvB<=4k,kp<=4k,0.0003,4
512,n<=128,sr>70%,kvB<=4k,kp<=512,-0.009,4
512,n<=128,sr>70%,kvB<=4k,kp<=8k,0.0275,4
512,n<=128,sr>70%,kvB<=4k,kp=0,-0.0084,4
512,n<=16,sr<=15%,kvB<=16k,kp<=1k,0.1343,4
512,n<=16,sr<=15%,kvB<=16k,kp<=2k,0.1311,4
512,n<=16,sr<=15%,kvB<=16k,kp<=4k,0.1086,4
512,n<=16,sr<=15%,kvB<=16k,kp<=512,0.1531,4
512,n<=16,sr<=15%,kvB<=16k,kp<=8k,0.1149,4
512,n<=16,sr<=15%,kvB<=16k,kp=0,0.2306,4
512,n<=16,sr<=15%,kvB<=1k,kp<=1k,0.0621,4
512,n<=16,sr<=15%,kvB<=1k,kp<=2k,0.0583,4
512,n<=16,sr<=15%,kvB<=1k,kp<=4k,0.0736,4
512,n<=16,sr<=15%,kvB<=1k,kp<=512,0.0908,4
512,n<=16,sr<=15%,kvB<=1k,kp<=8k,0.0985,4
512,n<=16,sr<=15%,kvB<=1k,kp=0,0.1865,4
512,n<=16,sr<=15%,kvB<=4k,kp<=1k,0.1368,4
512,n<=16,sr<=15%,kvB<=4k,kp<=2k,0.1064,4
512,n<=16,sr<=15%,kvB<=4k,kp<=4k,0.0083,4
512,n<=16,sr<=15%,kvB<=4k,kp<=512,0.1306,4
512,n<=16,sr<=15%,kvB<=4k,kp<=8k,0.0405,4
512,n<=16,sr<=15%,kvB<=4k,kp=0,0.1635,4
512,n<=16,sr<=40%,kvB<=16k,kp<=1k,0.1335,4
512,n<=16,sr<=40%,kvB<=16k,kp<=2k,0.1096,4
512,n<=16,sr<=40%,kvB<=16k,kp<=4k,0.0692,4
512,n<=16,sr<=40%,kvB<=16k,kp<=512,0.1534,4
512,n<=16,sr<=40%,kvB<=16k,kp<=8k,0.1335,4
512,n<=16,sr<=40%,kvB<=16k,kp=0,0.2679,4
512,n<=16,sr<=40%,kvB<=1k,kp<=1k,0.0715,4
512,n<=16,sr<=40%,kvB<=1k,kp<=2k,0.0661,4
512,n<=16,sr<=40%,kvB<=1k,kp<=4k,0.1141,4
512,n<=16,sr<=40%,kvB<=1k,kp<=512,0.1098,4
512,n<=16,sr<=40%,kvB<=1k,kp<=8k,0.121,4
512,n<=16,sr<=40%,kvB<=1k,kp=0,0.1778,4
512,n<=16,sr<=40%,kvB<=4k,kp<=1k,0.1211,4
512,n<=16,sr<=40%,kvB<=4k,kp<=2k,0.115,4
512,n<=16,sr<=40%,kvB<=4k,kp<=4k,-0.0098,4
512,n<=16,sr<=40%,kvB<=4k,kp<=512,0.1142,4
512,n<=16,sr<=40%,kvB<=4k,kp<=8k,0.0137,4
512,n<=16,sr<=40%,kvB<=4k,kp=0,0.1485,4
512,n<=16,sr<=70%,kvB<=16k,kp<=1k,0.1676,2
512,n<=16,sr<=70%,kvB<=16k,kp<=2k,0.1136,2
512,n<=16,sr<=70%,kvB<=16k,kp<=4k,-0.0086,2
512,n<=16,sr<=70%,kvB<=16k,kp<=512,0.2057,2
512,n<=16,sr<=70%,kvB<=16k,kp<=8k,0.0774,2
512,n<=16,sr<=70%,kvB<=16k,kp=0,0.5057,2
512,n<=16,sr<=70%,kvB<=1k,kp<=1k,0.0193,2
512,n<=16,sr<=70%,kvB<=1k,kp<=2k,0.0147,2
512,n<=16,sr<=70%,kvB<=1k,kp<=4k,0.0514,2
512,n<=16,sr<=70%,kvB<=1k,kp<=512,0.1105,2
512,n<=16,sr<=70%,kvB<=1k,kp<=8k,0.0889,2
512,n<=16,sr<=70%,kvB<=1k,kp=0,0.1435,2
512,n<=16,sr<=70%,kvB<=4k,kp<=1k,0.1169,2
512,n<=16,sr<=70%,kvB<=4k,kp<=2k,0.2153,2
512,n<=16,sr<=70%,kvB<=4k,kp<=4k,-0.0095,2
512,n<=16,sr<=70%,kvB<=4k,kp<=512,0.0464,2
512,n<=16,sr<=70%,kvB<=4k,kp<=8k,0.1014,2
512,n<=16,sr<=70%,kvB<=4k,kp=0,0.2781,2
512,n<=16,sr>70%,kvB<=16k,kp<=1k,0.3489,4
512,n<=16,sr>70%,kvB<=16k,kp<=2k,0.1804,4
512,n<=16,sr>70%,kvB<=16k,kp<=4k,0.038,4
512,n<=16,sr>70%,kvB<=16k,kp<=512,0.4545,4
512,n<=16,sr>70%,kvB<=16k,kp<=8k,0.0366,4
512,n<=16,sr>70%,kvB<=16k,kp=0,1.1903,4
512,n<=16,sr>70%,kvB<=1k,kp<=1k,0.2361,4
512,n<=16,sr>70%,kvB<=1k,kp<=2k,0.1592,4
512,n<=16,sr>70%,kvB<=1k,kp<=4k,0.3326,4
512,n<=16,sr>70%,kvB<=1k,kp<=512,0.3137,4
512,n<=16,sr>70%,kvB<=1k,kp<=8k,0.1628,4
512,n<=16,sr>70%,kvB<=1k,kp=0,0.2618,4
512,n<=16,sr>70%,kvB<=4k,kp<=1k,-0.1922,4
512,n<=16,sr>70%,kvB<=4k,kp<=2k,0.0149,4
512,n<=16,sr>70%,kvB<=4k,kp<=4k,0.2078,4
512,n<=16,sr>70%,kvB<=4k,kp<=512,-0.0576,4
512,n<=16,sr>70%,kvB<=4k,kp<=8k,0.0449,4
512,n<=16,sr>70%,kvB<=4k,kp=0,0.3971,4
512,n<=2,sr<=70%,kvB<=16k,kp<=1k,0.9074,2
512,n<=2,sr<=70%,kvB<=16k,kp<=2k,0.5611,2
512,n<=2,sr<=70%,kvB<=16k,kp<=4k,0.5284,2
512,n<=2,sr<=70%,kvB<=16k,kp<=512,0.9484,2
512,n<=2,sr<=70%,kvB<=16k,kp<=8k,0.9182,2
512,n<=2,sr<=70%,kvB<=16k,kp=0,0.9694,2
512,n<=2,sr<=70%,kvB<=1k,kp<=1k,0.1907,2
512,n<=2,sr<=70%,kvB<=1k,kp<=2k,0.4918,2
512,n<=2,sr<=70%,kvB<=1k,kp<=4k,0.5805,2
512,n<=2,sr<=70%,kvB<=1k,kp<=512,0.4397,2
512,n<=2,sr<=70%,kvB<=1k,kp<=8k,0.5068,2
512,n<=2,sr<=70%,kvB<=1k,kp=0,0.5842,2
512,n<=2,sr<=70%,kvB<=4k,kp<=1k,0.5626,2
512,n<=2,sr<=70%,kvB<=4k,kp<=2k,0.8424,2
512,n<=2,sr<=70%,kvB<=4k,kp<=4k,0.8685,2
512,n<=2,sr<=70%,kvB<=4k,kp<=512,0.6665,2
512,n<=2,sr<=70%,kvB<=4k,kp<=8k,0.8628,2
512,n<=2,sr<=70%,kvB<=4k,kp=0,0.9123,2
512,n<=32,sr<=15%,kvB<=16k,kp<=1k,0.0539,6
512,n<=32,sr<=15%,kvB<=16k,kp<=2k,0.0503,6
512,n<=32,sr<=15%,kvB<=16k,kp<=4k,0.0435,6
512,n<=32,sr<=15%,kvB<=16k,kp<=512,0.056,6
512,n<=32,sr<=15%,kvB<=16k,kp<=8k,0.0485,6
512,n<=32,sr<=15%,kvB<=16k,kp=0,0.151,6
512,n<=32,sr<=15%,kvB<=1k,kp<=1k,0.0536,6
512,n<=32,sr<=15%,kvB<=1k,kp<=2k,0.0677,6
512,n<=32,sr<=15%,kvB<=1k,kp<=4k,0.0631,6
512,n<=32,sr<=15%,kvB<=1k,kp<=512,0.0689,6
512,n<=32,sr<=15%,kvB<=1k,kp<=8k,0.0807,6
512,n<=32,sr<=15%,kvB<=1k,kp=0,0.0935,6
512,n<=32,sr<=15%,kvB<=4k,kp<=1k,0.0528,6
512,n<=32,sr<=15%,kvB<=4k,kp<=2k,0.0454,6
512,n<=32,sr<=15%,kvB<=4k,kp<=4k,0.0186,6
512,n<=32,sr<=15%,kvB<=4k,kp<=512,0.0502,6
512,n<=32,sr<=15%,kvB<=4k,kp<=8k,0.0026,6
512,n<=32,sr<=15%,kvB<=4k,kp=0,0.065,6
512,n<=32,sr<=40%,kvB<=16k,kp<=1k,0.0401,2
512,n<=32,sr<=40%,kvB<=16k,kp<=2k,0.0348,2
512,n<=32,sr<=40%,kvB<=16k,kp<=4k,0.0338,2
512,n<=32,sr<=40%,kvB<=16k,kp<=512,0.0442,2
512,n<=32,sr<=40%,kvB<=16k,kp<=8k,0.0678,2
512,n<=32,sr<=40%,kvB<=16k,kp=0,0.1945,2
512,n<=32,sr<=40%,kvB<=1k,kp<=1k,0.0799,2
512,n<=32,sr<=40%,kvB<=1k,kp<=2k,0.1162,2
512,n<=32,sr<=40%,kvB<=1k,kp<=4k,0.0919,2
512,n<=32,sr<=40%,kvB<=1k,kp<=512,0.1114,2
512,n<=32,sr<=40%,kvB<=1k,kp<=8k,0.1546,2
512,n<=32,sr<=40%,kvB<=1k,kp=0,0.1118,2
512,n<=32,sr<=40%,kvB<=4k,kp<=1k,0.0365,2
512,n<=32,sr<=40%,kvB<=4k,kp<=2k,0.0334,2
512,n<=32,sr<=40%,kvB<=4k,kp<=4k,-0.0011,2
512,n<=32,sr<=40%,kvB<=4k,kp<=512,0.0262,2
512,n<=32,sr<=40%,kvB<=4k,kp<=8k,0.0002,2
512,n<=32,sr<=40%,kvB<=4k,kp=0,0.0668,2
512,n<=32,sr<=5%,kvB<=16k,kp<=1k,0.0585,2
512,n<=32,sr<=5%,kvB<=16k,kp<=2k,0.0602,2
512,n<=32,sr<=5%,kvB<=16k,kp<=4k,0.0563,2
512,n<=32,sr<=5%,kvB<=16k,kp<=512,0.0593,2
512,n<=32,sr<=5%,kvB<=16k,kp<=8k,0.0459,2
512,n<=32,sr<=5%,kvB<=16k,kp=0,0.1343,2
512,n<=32,sr<=5%,kvB<=1k,kp<=1k,0.0147,2
512,n<=32,sr<=5%,kvB<=1k,kp<=2k,0.0174,2
512,n<=32,sr<=5%,kvB<=1k,kp<=4k,0.0141,2
512,n<=32,sr<=5%,kvB<=1k,kp<=512,0.0237,2
512,n<=32,sr<=5%,kvB<=1k,kp<=8k,0.0127,2
512,n<=32,sr<=5%,kvB<=1k,kp=0,0.0595,2
512,n<=32,sr<=5%,kvB<=4k,kp<=1k,0.0543,2
512,n<=32,sr<=5%,kvB<=4k,kp<=2k,0.0479,2
512,n<=32,sr<=5%,kvB<=4k,kp<=4k,0.0241,2
512,n<=32,sr<=5%,kvB<=4k,kp<=512,0.0626,2
512,n<=32,sr<=5%,kvB<=4k,kp<=8k,0.031,2
512,n<=32,sr<=5%,kvB<=4k,kp=0,0.0747,2
512,n<=32,sr<=70%,kvB<=16k,kp<=1k,0.0225,2
512,n<=32,sr<=70%,kvB<=16k,kp<=2k,0.0219,2
512,n<=32,sr<=70%,kvB<=16k,kp<=4k,0.0192,2
512,n<=32,sr<=70%,kvB<=16k,kp<=512,0.0317,2
512,n<=32,sr<=70%,kvB<=16k,kp<=8k,0.0274,2
512,n<=32,sr<=70%,kvB<=16k,kp=0,0.4692,2
512,n<=32,sr<=70%,kvB<=1k,kp<=1k,0.0373,2
512,n<=32,sr<=70%,kvB<=1k,kp<=2k,0.0497,2
512,n<=32,sr<=70%,kvB<=1k,kp<=4k,0.0366,2
512,n<=32,sr<=70%,kvB<=1k,kp<=512,0.0727,2
512,n<=32,sr<=70%,kvB<=1k,kp<=8k,0.0918,2
512,n<=32,sr<=70%,kvB<=1k,kp=0,0.0925,2
512,n<=32,sr<=70%,kvB<=4k,kp<=1k,0.0126,2
512,n<=32,sr<=70%,kvB<=4k,kp<=2k,0.0341,2
512,n<=32,sr<=70%,kvB<=4k,kp<=4k,0.0166,2
512,n<=32,sr<=70%,kvB<=4k,kp<=512,0.0171,2
512,n<=32,sr<=70%,kvB<=4k,kp<=8k,0.0133,2
512,n<=32,sr<=70%,kvB<=4k,kp=0,0.2318,2
512,n<=32,sr>70%,kvB<=16k,kp<=1k,0.0773,4
512,n<=32,sr>70%,kvB<=16k,kp<=2k,0.0479,4
512,n<=32,sr>70%,kvB<=16k,kp<=4k,0.0238,4
512,n<=32,sr>70%,kvB<=16k,kp<=512,0.0986,4
512,n<=32,sr>70%,kvB<=16k,kp<=8k,0.0688,4
512,n<=32,sr>70%,kvB<=16k,kp=0,0.8887,4
512,n<=32,sr>70%,kvB<=1k,kp<=1k,0.1331,4
512,n<=32,sr>70%,kvB<=1k,kp<=2k,0.1906,4
512,n<=32,sr>70%,kvB<=1k,kp<=4k,0.2786,4
512,n<=32,sr>70%,kvB<=1k,kp<=512,0.1816,4
512,n<=32,sr>70%,kvB<=1k,kp<=8k,0.2725,4
512,n<=32,sr>70%,kvB<=1k,kp=0,0.1133,4
512,n<=32,sr>70%,kvB<=4k,kp<=1k,-0.0118,4
512,n<=32,sr>70%,kvB<=4k,kp<=2k,-0.0097,4
512,n<=32,sr>70%,kvB<=4k,kp<=4k,0.1809,4
512,n<=32,sr>70%,kvB<=4k,kp<=512,0.0091,4
512,n<=32,sr>70%,kvB<=4k,kp<=8k,0.0179,4
512,n<=32,sr>70%,kvB<=4k,kp=0,0.9204,4
512,n<=4,sr<=40%,kvB<=16k,kp<=1k,0.4757,2
512,n<=4,sr<=40%,kvB<=16k,kp<=2k,0.4043,2
512,n<=4,sr<=40%,kvB<=16k,kp<=4k,0.5081,2
512,n<=4,sr<=40%,kvB<=16k,kp<=512,0.4863,2
512,n<=4,sr<=40%,kvB<=16k,kp<=8k,0.5038,2
512,n<=4,sr<=40%,kvB<=16k,kp=0,0.7921,2
512,n<=4,sr<=40%,kvB<=1k,kp<=1k,0.1403,2
512,n<=4,sr<=40%,kvB<=1k,kp<=2k,0.4216,2
512,n<=4,sr<=40%,kvB<=1k,kp<=4k,0.324,2
512,n<=4,sr<=40%,kvB<=1k,kp<=512,0.2112,2
512,n<=4,sr<=40%,kvB<=1k,kp<=8k,0.2951,2
512,n<=4,sr<=40%,kvB<=1k,kp=0,0.4907,2
512,n<=4,sr<=40%,kvB<=4k,kp<=1k,0.5078,2
512,n<=4,sr<=40%,kvB<=4k,kp<=2k,0.4491,2
512,n<=4,sr<=40%,kvB<=4k,kp<=4k,0.2713,2
512,n<=4,sr<=40%,kvB<=4k,kp<=512,0.5162,2
512,n<=4,sr<=40%,kvB<=4k,kp<=8k,0.4162,2
512,n<=4,sr<=40%,kvB<=4k,kp=0,0.4211,2
512,n<=4,sr<=70%,kvB<=16k,kp<=1k,0.1736,2
512,n<=4,sr<=70%,kvB<=16k,kp<=2k,0.3166,2
512,n<=4,sr<=70%,kvB<=16k,kp<=4k,0.3655,2
512,n<=4,sr<=70%,kvB<=16k,kp<=512,0.3698,2
512,n<=4,sr<=70%,kvB<=16k,kp<=8k,0.59,2
512,n<=4,sr<=70%,kvB<=16k,kp=0,0.7636,2
512,n<=4,sr<=70%,kvB<=1k,kp<=1k,-0.0699,2
512,n<=4,sr<=70%,kvB<=1k,kp<=2k,0.5885,2
512,n<=4,sr<=70%,kvB<=1k,kp<=4k,0.3132,2
512,n<=4,sr<=70%,kvB<=1k,kp<=512,0.3485,2
512,n<=4,sr<=70%,kvB<=1k,kp<=8k,0.2663,2
512,n<=4,sr<=70%,kvB<=1k,kp=0,0.4439,2
512,n<=4,sr<=70%,kvB<=4k,kp<=1k,0.509,2
512,n<=4,sr<=70%,kvB<=4k,kp<=2k,0.6929,2
512,n<=4,sr<=70%,kvB<=4k,kp<=4k,0.1594,2
512,n<=4,sr<=70%,kvB<=4k,kp<=512,0.4543,2
512,n<=4,sr<=70%,kvB<=4k,kp<=8k,0.3199,2
512,n<=4,sr<=70%,kvB<=4k,kp=0,0.2367,2
512,n<=4,sr>70%,kvB<=16k,kp<=1k,-0.1588,2
512,n<=4,sr>70%,kvB<=16k,kp<=2k,0.1186,2
512,n<=4,sr>70%,kvB<=16k,kp<=4k,0.3791,2
512,n<=4,sr>70%,kvB<=16k,kp<=512,-0.0294,2
512,n<=4,sr>70%,kvB<=16k,kp<=8k,0.8819,2
512,n<=4,sr>70%,kvB<=16k,kp=0,0.7012,2
512,n<=4,sr>70%,kvB<=1k,kp<=1k,-0.0797,2
512,n<=4,sr>70%,kvB<=1k,kp<=2k,0.1671,2
512,n<=4,sr>70%,kvB<=1k,kp<=4k,0.4209,2
512,n<=4,sr>70%,kvB<=1k,kp<=512,0.5263,2
512,n<=4,sr>70%,kvB<=1k,kp<=8k,0.4339,2
512,n<=4,sr>70%,kvB<=1k,kp=0,0.555,2
512,n<=4,sr>70%,kvB<=4k,kp<=1k,0.2271,2
512,n<=4,sr>70%,kvB<=4k,kp<=2k,0.7625,2
512,n<=4,sr>70%,kvB<=4k,kp<=4k,0.1949,2
512,n<=4,sr>70%,kvB<=4k,kp<=512,0.5066,2
512,n<=4,sr>70%,kvB<=4k,kp<=8k,0.7751,2
512,n<=4,sr>70%,kvB<=4k,kp=0,-0.2569,2
512,n<=64,sr<=15%,kvB<=16k,kp<=1k,0.0211,4
512,n<=64,sr<=15%,kvB<=16k,kp<=2k,0.0202,4
512,n<=64,sr<=15%,kvB<=16k,kp<=4k,0.0166,4
512,n<=64,sr<=15%,kvB<=16k,kp<=512,0.0207,4
512,n<=64,sr<=15%,kvB<=16k,kp<=8k,0.0168,4
512,n<=64,sr<=15%,kvB<=16k,kp=0,0.0201,4
512,n<=64,sr<=15%,kvB<=1k,kp<=1k,0.0528,4
512,n<=64,sr<=15%,kvB<=1k,kp<=2k,0.0635,4
512,n<=64,sr<=15%,kvB<=1k,kp<=4k,0.0698,4
512,n<=64,sr<=15%,kvB<=1k,kp<=512,0.0554,4
512,n<=64,sr<=15%,kvB<=1k,kp<=8k,0.0672,4
512,n<=64,sr<=15%,kvB<=1k,kp=0,0.0559,4
512,n<=64,sr<=15%,kvB<=4k,kp<=1k,0.0206,4
512,n<=64,sr<=15%,kvB<=4k,kp<=2k,0.0173,4
512,n<=64,sr<=15%,kvB<=4k,kp<=4k,0.0076,4
512,n<=64,sr<=15%,kvB<=4k,kp<=512,0.0183,4
512,n<=64,sr<=15%,kvB<=4k,kp<=8k,0.0104,4
512,n<=64,sr<=15%,kvB<=4k,kp=0,0.0192,4
512,n<=64,sr<=40%,kvB<=16k,kp<=1k,0.0134,2
512,n<=64,sr<=40%,kvB<=16k,kp<=2k,0.0124,2
512,n<=64,sr<=40%,kvB<=16k,kp<=4k,0.0085,2
512,n<=64,sr<=40%,kvB<=16k,kp<=512,0.0127,2
512,n<=64,sr<=40%,kvB<=16k,kp<=8k,0.0027,2
512,n<=64,sr<=40%,kvB<=16k,kp=0,0.0124,2
512,n<=64,sr<=40%,kvB<=1k,kp<=1k,0.0788,2
512,n<=64,sr<=40%,kvB<=1k,kp<=2k,0.0922,2
512,n<=64,sr<=40%,kvB<=1k,kp<=4k,0.1062,2
512,n<=64,sr<=40%,kvB<=1k,kp<=512,0.0728,2
512,n<=64,sr<=40%,kvB<=1k,kp<=8k,0.106,2
512,n<=64,sr<=40%,kvB<=1k,kp=0,0.0714,2
512,n<=64,sr<=40%,kvB<=4k,kp<=1k,0.0032,2
512,n<=64,sr<=40%,kvB<=4k,kp<=2k,-0.0017,2
512,n<=64,sr<=40%,kvB<=4k,kp<=4k,-0.006,2
512,n<=64,sr<=40%,kvB<=4k,kp<=512,-0.0028,2
512,n<=64,sr<=40%,kvB<=4k,kp<=8k,-0.0083,2
512,n<=64,sr<=40%,kvB<=4k,kp=0,0.0008,2
512,n<=64,sr<=5%,kvB<=16k,kp<=1k,0.026,6
512,n<=64,sr<=5%,kvB<=16k,kp<=2k,0.0249,6
512,n<=64,sr<=5%,kvB<=16k,kp<=4k,0.0216,6
512,n<=64,sr<=5%,kvB<=16k,kp<=512,0.0259,6
512,n<=64,sr<=5%,kvB<=16k,kp<=8k,0.019,6
512,n<=64,sr<=5%,kvB<=16k,kp=0,0.0255,6
512,n<=64,sr<=5%,kvB<=1k,kp<=1k,0.0141,6
512,n<=64,sr<=5%,kvB<=1k,kp<=2k,0.0139,6
512,n<=64,sr<=5%,kvB<=1k,kp<=4k,0.018,6
512,n<=64,sr<=5%,kvB<=1k,kp<=512,0.0148,6
512,n<=64,sr<=5%,kvB<=1k,kp<=8k,0.0145,6
512,n<=64,sr<=5%,kvB<=1k,kp=0,0.0182,6
512,n<=64,sr<=5%,kvB<=4k,kp<=1k,0.0232,6
512,n<=64,sr<=5%,kvB<=4k,kp<=2k,0.0196,6
512,n<=64,sr<=5%,kvB<=4k,kp<=4k,0.0078,6
512,n<=64,sr<=5%,kvB<=4k,kp<=512,0.0226,6
512,n<=64,sr<=5%,kvB<=4k,kp<=8k,0.0104,6
512,n<=64,sr<=5%,kvB<=4k,kp=0,0.0242,6
512,n<=64,sr<=70%,kvB<=16k,kp<=1k,-0.0002,2
512,n<=64,sr<=70%,kvB<=16k,kp<=2k,0.0016,2
512,n<=64,sr<=70%,kvB<=16k,kp<=4k,0.0097,2
512,n<=64,sr<=70%,kvB<=16k,kp<=512,0.0004,2
512,n<=64,sr<=70%,kvB<=16k,kp<=8k,0.0019,2
512,n<=64,sr<=70%,kvB<=16k,kp=0,-0.0045,2
512,n<=64,sr<=70%,kvB<=1k,kp<=1k,0.0554,2
512,n<=64,sr<=70%,kvB<=1k,kp<=2k,0.0754,2
512,n<=64,sr<=70%,kvB<=1k,kp<=4k,0.0806,2
512,n<=64,sr<=70%,kvB<=1k,kp<=512,0.0464,2
512,n<=64,sr<=70%,kvB<=1k,kp<=8k,0.0637,2
512,n<=64,sr<=70%,kvB<=1k,kp=0,0.0218,2
512,n<=64,sr<=70%,kvB<=4k,kp<=1k,-0.0053,2
512,n<=64,sr<=70%,kvB<=4k,kp<=2k,-0.0063,2
512,n<=64,sr<=70%,kvB<=4k,kp<=4k,0.0161,2
512,n<=64,sr<=70%,kvB<=4k,kp<=512,-0.0061,2
512,n<=64,sr<=70%,kvB<=4k,kp<=8k,0.0105,2
512,n<=64,sr<=70%,kvB<=4k,kp=0,-0.0043,2
512,n<=64,sr>70%,kvB<=16k,kp<=1k,0.015,4
512,n<=64,sr>70%,kvB<=16k,kp<=2k,0.0189,4
512,n<=64,sr>70%,kvB<=16k,kp<=4k,0.0384,4
512,n<=64,sr>70%,kvB<=16k,kp<=512,0.0138,4
512,n<=64,sr>70%,kvB<=16k,kp<=8k,0.0291,4
512,n<=64,sr>70%,kvB<=16k,kp=0,0.0066,4
512,n<=64,sr>70%,kvB<=1k,kp<=1k,0.3147,4
512,n<=64,sr>70%,kvB<=1k,kp<=2k,0.3868,4
512,n<=64,sr>70%,kvB<=1k,kp<=4k,0.3426,4
512,n<=64,sr>70%,kvB<=1k,kp<=512,0.2902,4
512,n<=64,sr>70%,kvB<=1k,kp<=8k,0.2885,4
512,n<=64,sr>70%,kvB<=1k,kp=0,0.2383,4
512,n<=64,sr>70%,kvB<=4k,kp<=1k,0.009,4
512,n<=64,sr>70%,kvB<=4k,kp<=2k,0.0128,4
512,n<=64,sr>70%,kvB<=4k,kp<=4k,0.0492,4
512,n<=64,sr>70%,kvB<=4k,kp<=512,-0.004,4
512,n<=64,sr>70%,kvB<=4k,kp<=8k,0.0792,4
512,n<=64,sr>70%,kvB<=4k,kp=0,-0.0081,4
512,n<=8,sr<=15%,kvB<=16k,kp<=1k,0.3179,2
512,n<=8,sr<=15%,kvB<=16k,kp<=2k,0.2847,2
512,n<=8,sr<=15%,kvB<=16k,kp<=4k,0.3366,2
512,n<=8,sr<=15%,kvB<=16k,kp<=512,0.3422,2
512,n<=8,sr<=15%,kvB<=16k,kp<=8k,0.2431,2
512,n<=8,sr<=15%,kvB<=16k,kp=0,0.4349,2
512,n<=8,sr<=15%,kvB<=1k,kp<=1k,0.0985,2
512,n<=8,sr<=15%,kvB<=1k,kp<=2k,0.1141,2
512,n<=8,sr<=15%,kvB<=1k,kp<=4k,0.2017,2
512,n<=8,sr<=15%,kvB<=1k,kp<=512,0.1385,2
512,n<=8,sr<=15%,kvB<=1k,kp<=8k,0.1439,2
512,n<=8,sr<=15%,kvB<=1k,kp=0,0.3244,2
512,n<=8,sr<=15%,kvB<=4k,kp<=1k,0.3099,2
512,n<=8,sr<=15%,kvB<=4k,kp<=2k,0.215,2
512,n<=8,sr<=15%,kvB<=4k,kp<=4k,-0.005,2
512,n<=8,sr<=15%,kvB<=4k,kp<=512,0.3148,2
512,n<=8,sr<=15%,kvB<=4k,kp<=8k,0.1315,2
512,n<=8,sr<=15%,kvB<=4k,kp=0,0.3152,2
512,n<=8,sr<=40%,kvB<=16k,kp<=1k,0.2853,4
512,n<=8,sr<=40%,kvB<=16k,kp<=2k,0.2529,4
512,n<=8,sr<=40%,kvB<=16k,kp<=4k,0.3183,4
512,n<=8,sr<=40%,kvB<=16k,kp<=512,0.3405,4
512,n<=8,sr<=40%,kvB<=16k,kp<=8k,0.3644,4
512,n<=8,sr<=40%,kvB<=16k,kp=0,0.3852,4
512,n<=8,sr<=40%,kvB<=1k,kp<=1k,0.0482,4
512,n<=8,sr<=40%,kvB<=1k,kp<=2k,0.0915,4
512,n<=8,sr<=40%,kvB<=1k,kp<=4k,0.1916,4
512,n<=8,sr<=40%,kvB<=1k,kp<=512,0.1631,4
512,n<=8,sr<=40%,kvB<=1k,kp<=8k,0.1312,4
512,n<=8,sr<=40%,kvB<=1k,kp=0,0.3063,4
512,n<=8,sr<=40%,kvB<=4k,kp<=1k,0.2722,4
512,n<=8,sr<=40%,kvB<=4k,kp<=2k,0.3248,4
512,n<=8,sr<=40%,kvB<=4k,kp<=4k,-0.0308,4
512,n<=8,sr<=40%,kvB<=4k,kp<=512,0.2872,4
512,n<=8,sr<=40%,kvB<=4k,kp<=8k,0.1614,4
512,n<=8,sr<=40%,kvB<=4k,kp=0,0.288,4
512,n<=8,sr<=70%,kvB<=16k,kp<=1k,0.3836,2
512,n<=8,sr<=70%,kvB<=16k,kp<=2k,0.2477,2
512,n<=8,sr<=70%,kvB<=16k,kp<=4k,0.1793,2
512,n<=8,sr<=70%,kvB<=16k,kp<=512,0.509,2
512,n<=8,sr<=70%,kvB<=16k,kp<=8k,0.4083,2
512,n<=8,sr<=70%,kvB<=16k,kp=0,0.713,2
512,n<=8,sr<=70%,kvB<=1k,kp<=1k,0.1033,2
512,n<=8,sr<=70%,kvB<=1k,kp<=2k,-0.0532,2
512,n<=8,sr<=70%,kvB<=1k,kp<=4k,0.1427,2
512,n<=8,sr<=70%,kvB<=1k,kp<=512,0.2654,2
512,n<=8,sr<=70%,kvB<=1k,kp<=8k,0.0979,2
512,n<=8,sr<=70%,kvB<=1k,kp=0,0.2873,2
512,n<=8,sr<=70%,kvB<=4k,kp<=1k,0.307,2
512,n<=8,sr<=70%,kvB<=4k,kp<=2k,0.3648,2
512,n<=8,sr<=70%,kvB<=4k,kp<=4k,0.2629,2
512,n<=8,sr<=70%,kvB<=4k,kp<=512,0.2257,2
512,n<=8,sr<=70%,kvB<=4k,kp<=8k,0.1225,2
512,n<=8,sr<=70%,kvB<=4k,kp=0,0.2371,2
512,n<=8,sr>70%,kvB<=16k,kp<=1k,0.2962,4
512,n<=8,sr>70%,kvB<=16k,kp<=2k,0.125,4
512,n<=8,sr>70%,kvB<=16k,kp<=4k,0.2016,4
512,n<=8,sr>70%,kvB<=16k,kp<=512,0.7006,4
512,n<=8,sr>70%,kvB<=16k,kp<=8k,0.2505,4
512,n<=8,sr>70%,kvB<=16k,kp=0,0.7835,4
512,n<=8,sr>70%,kvB<=1k,kp<=1k,0.2584,4
512,n<=8,sr>70%,kvB<=1k,kp<=2k,0.3329,4
512,n<=8,sr>70%,kvB<=1k,kp<=4k,0.2888,4
512,n<=8,sr>70%,kvB<=1k,kp<=512,0.4549,4
512,n<=8,sr>70%,kvB<=1k,kp<=8k,0.3624,4
512,n<=8,sr>70%,kvB<=1k,kp=0,0.4023,4
512,n<=8,sr>70%,kvB<=4k,kp<=1k,0.2331,4
512,n<=8,sr>70%,kvB<=4k,kp<=2k,0.3367,4
512,n<=8,sr>70%,kvB<=4k,kp<=4k,0.5627,4
512,n<=8,sr>70%,kvB<=4k,kp<=512,0.2725,4
512,n<=8,sr>70%,kvB<=4k,kp<=8k,0.6352,4
512,n<=8,sr>70%,kvB<=4k,kp=0,-0.0773,4
1024,n<=128,sr<=15%,kvB<=16k,kp<=1k,0.0003,4
1024,n<=128,sr<=15%,kvB<=16k,kp<=2k,0.0002,4
1024,n<=128,sr<=15%,kvB<=16k,kp<=4k,-0.0005,4
1024,n<=128,sr<=15%,kvB<=16k,kp<=512,0.001,4
1024,n<=128,sr<=15%,kvB<=16k,kp<=8k,0.0045,4
1024,n<=128,sr<=15%,kvB<=16k,kp=0,0.0016,4
1024,n<=128,sr<=15%,kvB<=1k,kp<=1k,0.0652,4
1024,n<=128,sr<=15%,kvB<=1k,kp<=2k,0.065,4
1024,n<=128,sr<=15%,kvB<=1k,kp<=4k,0.0722,4
1024,n<=128,sr<=15%,kvB<=1k,kp<=512,0.0638,4
1024,n<=128,sr<=15%,kvB<=1k,kp<=8k,0.0739,4
1024,n<=128,sr<=15%,kvB<=1k,kp=0,0.0626,4
1024,n<=128,sr<=15%,kvB<=4k,kp<=1k,0.0095,4
1024,n<=128,sr<=15%,kvB<=4k,kp<=2k,0.0105,4
1024,n<=128,sr<=15%,kvB<=4k,kp<=4k,0.0085,4
1024,n<=128,sr<=15%,kvB<=4k,kp<=512,0.0093,4
1024,n<=128,sr<=15%,kvB<=4k,kp<=8k,0.0103,4
1024,n<=128,sr<=15%,kvB<=4k,kp=0,0.0076,4
1024,n<=128,sr<=40%,kvB<=16k,kp<=1k,-0.0011,2
1024,n<=128,sr<=40%,kvB<=16k,kp<=2k,-0.0008,2
1024,n<=128,sr<=40%,kvB<=16k,kp<=4k,-0.0015,2
1024,n<=128,sr<=40%,kvB<=16k,kp<=512,-0.0006,2
1024,n<=128,sr<=40%,kvB<=16k,kp<=8k,-0.0137,2
1024,n<=128,sr<=40%,kvB<=16k,kp=0,-0.0007,2
1024,n<=128,sr<=40%,kvB<=1k,kp<=1k,0.0996,2
1024,n<=128,sr<=40%,kvB<=1k,kp<=2k,0.1027,2
1024,n<=128,sr<=40%,kvB<=1k,kp<=4k,0.1163,2
1024,n<=128,sr<=40%,kvB<=1k,kp<=512,0.097,2
1024,n<=128,sr<=40%,kvB<=1k,kp<=8k,0.1173,2
1024,n<=128,sr<=40%,kvB<=1k,kp=0,0.1071,2
1024,n<=128,sr<=40%,kvB<=4k,kp<=1k,0.0082,2
1024,n<=128,sr<=40%,kvB<=4k,kp<=2k,-0.0006,2
1024,n<=128,sr<=40%,kvB<=4k,kp<=4k,-0.0115,2
1024,n<=128,sr<=40%,kvB<=4k,kp<=512,0.0124,2
1024,n<=128,sr<=40%,kvB<=4k,kp<=8k,0.014,2
1024,n<=128,sr<=40%,kvB<=4k,kp=0,0.014,2
1024,n<=128,sr<=5%,kvB<=16k,kp<=1k,0.0053,8
1024,n<=128,sr<=5%,kvB<=16k,kp<=2k,0.0051,8
1024,n<=128,sr<=5%,kvB<=16k,kp<=4k,0.0034,8
1024,n<=128,sr<=5%,kvB<=16k,kp<=512,0.006,8
1024,n<=128,sr<=5%,kvB<=16k,kp<=8k,0.0029,8
1024,n<=128,sr<=5%,kvB<=16k,kp=0,0.006,8
1024,n<=128,sr<=5%,kvB<=1k,kp<=1k,0.0073,8
1024,n<=128,sr<=5%,kvB<=1k,kp<=2k,0.0063,8
1024,n<=128,sr<=5%,kvB<=1k,kp<=4k,0.0098,8
1024,n<=128,sr<=5%,kvB<=1k,kp<=512,0.0075,8
1024,n<=128,sr<=5%,kvB<=1k,kp<=8k,0.008,8
1024,n<=128,sr<=5%,kvB<=1k,kp=0,0.0067,8
1024,n<=128,sr<=5%,kvB<=4k,kp<=1k,0.0052,8
1024,n<=128,sr<=5%,kvB<=4k,kp<=2k,0.0076,8
1024,n<=128,sr<=5%,kvB<=4k,kp<=4k,0.0069,8
1024,n<=128,sr<=5%,kvB<=4k,kp<=512,0.0052,8
1024,n<=128,sr<=5%,kvB<=4k,kp<=8k,0.0105,8
1024,n<=128,sr<=5%,kvB<=4k,kp=0,0.0049,8
1024,n<=128,sr<=70%,kvB<=16k,kp<=1k,-0.0005,2
1024,n<=128,sr<=70%,kvB<=16k,kp<=2k,-0.0006,2
1024,n<=128,sr<=70%,kvB<=16k,kp<=4k,-0.0075,2
1024,n<=128,sr<=70%,kvB<=16k,kp<=512,-0.0007,2
1024,n<=128,sr<=70%,kvB<=16k,kp<=8k,-0.0121,2
1024,n<=128,sr<=70%,kvB<=16k,kp=0,-0.0016,2
1024,n<=128,sr<=70%,kvB<=1k,kp<=1k,0.0843,2
1024,n<=128,sr<=70%,kvB<=1k,kp<=2k,0.0517,2
1024,n<=128,sr<=70%,kvB<=1k,kp<=4k,0.0682,2
1024,n<=128,sr<=70%,kvB<=1k,kp<=512,0.0588,2
1024,n<=128,sr<=70%,kvB<=1k,kp<=8k,0.0744,2
1024,n<=128,sr<=70%,kvB<=1k,kp=0,0.1287,2
1024,n<=128,sr<=70%,kvB<=4k,kp<=1k,0.0135,2
1024,n<=128,sr<=70%,kvB<=4k,kp<=2k,-0.0013,2
1024,n<=128,sr<=70%,kvB<=4k,kp<=4k,0.005,2
1024,n<=128,sr<=70%,kvB<=4k,kp<=512,0.0244,2
1024,n<=128,sr<=70%,kvB<=4k,kp<=8k,0.0297,2
1024,n<=128,sr<=70%,kvB<=4k,kp=0,0.0259,2
1024,n<=128,sr>70%,kvB<=16k,kp<=1k,0.0084,4
1024,n<=128,sr>70%,kvB<=16k,kp<=2k,0.0172,4
1024,n<=128,sr>70%,kvB<=16k,kp<=4k,0.0197,4
1024,n<=128,sr>70%,kvB<=16k,kp<=512,0.0048,4
1024,n<=128,sr>70%,kvB<=16k,kp<=8k,0.0025,4
1024,n<=128,sr>70%,kvB<=16k,kp=0,0.0032,4
1024,n<=128,sr>70%,kvB<=1k,kp<=1k,0.2871,4
1024,n<=128,sr>70%,kvB<=1k,kp<=2k,0.2249,4
1024,n<=128,sr>70%,kvB<=1k,kp<=4k,0.2926,4
1024,n<=128,sr>70%,kvB<=1k,kp<=512,0.2509,4
1024,n<=128,sr>70%,kvB<=1k,kp<=8k,0.2838,4
1024,n<=128,sr>70%,kvB<=1k,kp=0,0.3081,4
1024,n<=128,sr>70%,kvB<=4k,kp<=1k,-0.0162,4
1024,n<=128,sr>70%,kvB<=4k,kp<=2k,-0.0068,4
1024,n<=128,sr>70%,kvB<=4k,kp<=4k,0.0357,4
1024,n<=128,sr>70%,kvB<=4k,kp<=512,-0.0119,4
1024,n<=128,sr>70%,kvB<=4k,kp<=8k,0.0064,4
1024,n<=128,sr>70%,kvB<=4k,kp=0,-0.0062,4
1024,n<=16,sr<=15%,kvB<=16k,kp<=1k,0.1203,4
1024,n<=16,sr<=15%,kvB<=16k,kp<=2k,0.1219,4
1024,n<=16,sr<=15%,kvB<=16k,kp<=4k,0.1266,4
1024,n<=16,sr<=15%,kvB<=16k,kp<=512,0.1243,4
1024,n<=16,sr<=15%,kvB<=16k,kp<=8k,0.1033,4
1024,n<=16,sr<=15%,kvB<=16k,kp=0,0.1275,4
1024,n<=16,sr<=15%,kvB<=1k,kp<=1k,0.0764,4
1024,n<=16,sr<=15%,kvB<=1k,kp<=2k,0.0613,4
1024,n<=16,sr<=15%,kvB<=1k,kp<=4k,0.0857,4
1024,n<=16,sr<=15%,kvB<=1k,kp<=512,0.0704,4
1024,n<=16,sr<=15%,kvB<=1k,kp<=8k,0.0506,4
1024,n<=16,sr<=15%,kvB<=1k,kp=0,0.0876,4
1024,n<=16,sr<=15%,kvB<=4k,kp<=1k,0.1301,4
1024,n<=16,sr<=15%,kvB<=4k,kp<=2k,0.0872,4
1024,n<=16,sr<=15%,kvB<=4k,kp<=4k,-0.0044,4
1024,n<=16,sr<=15%,kvB<=4k,kp<=512,0.1345,4
1024,n<=16,sr<=15%,kvB<=4k,kp<=8k,0.0398,4
1024,n<=16,sr<=15%,kvB<=4k,kp=0,0.1295,4
1024,n<=16,sr<=40%,kvB<=16k,kp<=1k,0.1077,4
1024,n<=16,sr<=40%,kvB<=16k,kp<=2k,0.1132,4
1024,n<=16,sr<=40%,kvB<=16k,kp<=4k,0.1184,4
1024,n<=16,sr<=40%,kvB<=16k,kp<=512,0.1097,4
1024,n<=16,sr<=40%,kvB<=16k,kp<=8k,0.1417,4
1024,n<=16,sr<=40%,kvB<=16k,kp=0,0.1195,4
1024,n<=16,sr<=40%,kvB<=1k,kp<=1k,0.083,4
1024,n<=16,sr<=40%,kvB<=1k,kp<=2k,0.0673,4
1024,n<=16,sr<=40%,kvB<=1k,kp<=4k,0.0753,4
1024,n<=16,sr<=40%,kvB<=1k,kp<=512,0.0693,4
1024,n<=16,sr<=40%,kvB<=1k,kp<=8k,0.0395,4
1024,n<=16,sr<=40%,kvB<=1k,kp=0,0.1187,4
1024,n<=16,sr<=40%,kvB<=4k,kp<=1k,0.1463,4
1024,n<=16,sr<=40%,kvB<=4k,kp<=2k,0.1169,4
1024,n<=16,sr<=40%,kvB<=4k,kp<=4k,-0.0079,4
1024,n<=16,sr<=40%,kvB<=4k,kp<=512,0.1183,4
1024,n<=16,sr<=40%,kvB<=4k,kp<=8k,0.0267,4
1024,n<=16,sr<=40%,kvB<=4k,kp=0,0.1105,4
1024,n<=16,sr<=70%,kvB<=16k,kp<=1k,0.088,2
1024,n<=16,sr<=70%,kvB<=16k,kp<=2k,0.083,2
1024,n<=16,sr<=70%,kvB<=16k,kp<=4k,0.0708,2
1024,n<=16,sr<=70%,kvB<=16k,kp<=512,0.1196,2
1024,n<=16,sr<=70%,kvB<=16k,kp<=8k,0.1069,2
1024,n<=16,sr<=70%,kvB<=16k,kp=0,0.1389,2
1024,n<=16,sr<=70%,kvB<=1k,kp<=1k,0.0568,2
1024,n<=16,sr<=70%,kvB<=1k,kp<=2k,0.0266,2
1024,n<=16,sr<=70%,kvB<=1k,kp<=4k,0.0467,2
1024,n<=16,sr<=70%,kvB<=1k,kp<=512,0.0391,2
1024,n<=16,sr<=70%,kvB<=1k,kp<=8k,-0.0402,2
1024,n<=16,sr<=70%,kvB<=1k,kp=0,0.1431,2
1024,n<=16,sr<=70%,kvB<=4k,kp<=1k,0.1093,2
1024,n<=16,sr<=70%,kvB<=4k,kp<=2k,0.169,2
1024,n<=16,sr<=70%,kvB<=4k,kp<=4k,-0.0221,2
1024,n<=16,sr<=70%,kvB<=4k,kp<=512,0.086,2
1024,n<=16,sr<=70%,kvB<=4k,kp<=8k,-0.0726,2
1024,n<=16,sr<=70%,kvB<=4k,kp=0,0.0704,2
1024,n<=16,sr>70%,kvB<=16k,kp<=1k,0.1248,4
1024,n<=16,sr>70%,kvB<=16k,kp<=2k,0.0498,4
1024,n<=16,sr>70%,kvB<=16k,kp<=4k,0.0778,4
1024,n<=16,sr>70%,kvB<=16k,kp<=512,0.235,4
1024,n<=16,sr>70%,kvB<=16k,kp<=8k,0.0114,4
1024,n<=16,sr>70%,kvB<=16k,kp=0,0.327,4
1024,n<=16,sr>70%,kvB<=1k,kp<=1k,0.2516,4
1024,n<=16,sr>70%,kvB<=1k,kp<=2k,0.2774,4
1024,n<=16,sr>70%,kvB<=1k,kp<=4k,0.163,4
1024,n<=16,sr>70%,kvB<=1k,kp<=512,0.2643,4
1024,n<=16,sr>70%,kvB<=1k,kp<=8k,-0.0157,4
1024,n<=16,sr>70%,kvB<=1k,kp=0,0.2821,4
1024,n<=16,sr>70%,kvB<=4k,kp<=1k,0.1279,4
1024,n<=16,sr>70%,kvB<=4k,kp<=2k,0.1391,4
1024,n<=16,sr>70%,kvB<=4k,kp<=4k,0.2419,4
1024,n<=16,sr>70%,kvB<=4k,kp<=512,0.0487,4
1024,n<=16,sr>70%,kvB<=4k,kp<=8k,-0.053,4
1024,n<=16,sr>70%,kvB<=4k,kp=0,0.0408,4
1024,n<=2,sr<=70%,kvB<=16k,kp<=1k,0.8068,2
1024,n<=2,sr<=70%,kvB<=16k,kp<=2k,0.7085,2
1024,n<=2,sr<=70%,kvB<=16k,kp<=4k,0.5761,2
1024,n<=2,sr<=70%,kvB<=16k,kp<=512,0.8865,2
1024,n<=2,sr<=70%,kvB<=16k,kp<=8k,0.8437,2
1024,n<=2,sr<=70%,kvB<=16k,kp=0,0.9603,2
1024,n<=2,sr<=70%,kvB<=1k,kp<=1k,0.1843,2
1024,n<=2,sr<=70%,kvB<=1k,kp<=2k,0.3358,2
1024,n<=2,sr<=70%,kvB<=1k,kp<=4k,0.5826,2
1024,n<=2,sr<=70%,kvB<=1k,kp<=512,0.1711,2
1024,n<=2,sr<=70%,kvB<=1k,kp<=8k,0.2838,2
1024,n<=2,sr<=70%,kvB<=1k,kp=0,0.2644,2
1024,n<=2,sr<=70%,kvB<=4k,kp<=1k,0.6262,2
1024,n<=2,sr<=70%,kvB<=4k,kp<=2k,0.5985,2
1024,n<=2,sr<=70%,kvB<=4k,kp<=4k,0.6078,2
1024,n<=2,sr<=70%,kvB<=4k,kp<=512,0.6866,2
1024,n<=2,sr<=70%,kvB<=4k,kp<=8k,0.1883,2
1024,n<=2,sr<=70%,kvB<=4k,kp=0,0.6802,2
1024,n<=32,sr<=15%,kvB<=16k,kp<=1k,0.0539,6
1024,n<=32,sr<=15%,kvB<=16k,kp<=2k,0.0472,6
1024,n<=32,sr<=15%,kvB<=16k,kp<=4k,0.0437,6
1024,n<=32,sr<=15%,kvB<=16k,kp<=512,0.0547,6
1024,n<=32,sr<=15%,kvB<=16k,kp<=8k,0.0613,6
1024,n<=32,sr<=15%,kvB<=16k,kp=0,0.0517,6
1024,n<=32,sr<=15%,kvB<=1k,kp<=1k,0.0691,6
1024,n<=32,sr<=15%,kvB<=1k,kp<=2k,0.0685,6
1024,n<=32,sr<=15%,kvB<=1k,kp<=4k,0.0663,6
1024,n<=32,sr<=15%,kvB<=1k,kp<=512,0.0638,6
1024,n<=32,sr<=15%,kvB<=1k,kp<=8k,0.0642,6
1024,n<=32,sr<=15%,kvB<=1k,kp=0,0.0788,6
1024,n<=32,sr<=15%,kvB<=4k,kp<=1k,0.0558,6
1024,n<=32,sr<=15%,kvB<=4k,kp<=2k,0.0514,6
1024,n<=32,sr<=15%,kvB<=4k,kp<=4k,0.0084,6
1024,n<=32,sr<=15%,kvB<=4k,kp<=512,0.0543,6
1024,n<=32,sr<=15%,kvB<=4k,kp<=8k,0.0147,6
1024,n<=32,sr<=15%,kvB<=4k,kp=0,0.0494,6
1024,n<=32,sr<=40%,kvB<=16k,kp<=1k,0.0555,2
1024,n<=32,sr<=40%,kvB<=16k,kp<=2k,0.0479,2
1024,n<=32,sr<=40%,kvB<=16k,kp<=4k,0.0465,2
1024,n<=32,sr<=40%,kvB<=16k,kp<=512,0.0532,2
1024,n<=32,sr<=40%,kvB<=16k,kp<=8k,0.0451,2
1024,n<=32,sr<=40%,kvB<=16k,kp=0,0.0406,2
1024,n<=32,sr<=40%,kvB<=1k,kp<=1k,0.1068,2
1024,n<=32,sr<=40%,kvB<=1k,kp<=2k,0.1114,2
1024,n<=32,sr<=40%,kvB<=1k,kp<=4k,0.1029,2
1024,n<=32,sr<=40%,kvB<=1k,kp<=512,0.0951,2
1024,n<=32,sr<=40%,kvB<=1k,kp<=8k,0.1013,2
1024,n<=32,sr<=40%,kvB<=1k,kp=0,0.1259,2
1024,n<=32,sr<=40%,kvB<=4k,kp<=1k,0.07,2
1024,n<=32,sr<=40%,kvB<=4k,kp<=2k,0.038,2
1024,n<=32,sr<=40%,kvB<=4k,kp<=4k,-0.0191,2
1024,n<=32,sr<=40%,kvB<=4k,kp<=512,0.0631,2
1024,n<=32,sr<=40%,kvB<=4k,kp<=8k,-0.0034,2
1024,n<=32,sr<=40%,kvB<=4k,kp=0,0.0362,2
1024,n<=32,sr<=5%,kvB<=16k,kp<=1k,0.0577,2
1024,n<=32,sr<=5%,kvB<=16k,kp<=2k,0.0531,2
1024,n<=32,sr<=5%,kvB<=16k,kp<=4k,0.0538,2
1024,n<=32,sr<=5%,kvB<=16k,kp<=512,0.0591,2
1024,n<=32,sr<=5%,kvB<=16k,kp<=8k,0.0674,2
1024,n<=32,sr<=5%,kvB<=16k,kp=0,0.0578,2
1024,n<=32,sr<=5%,kvB<=1k,kp<=1k,0.018,2
1024,n<=32,sr<=5%,kvB<=1k,kp<=2k,0.0175,2
1024,n<=32,sr<=5%,kvB<=1k,kp<=4k,0.015,2
1024,n<=32,sr<=5%,kvB<=1k,kp<=512,0.0185,2
1024,n<=32,sr<=5%,kvB<=1k,kp<=8k,0.0194,2
1024,n<=32,sr<=5%,kvB<=1k,kp=0,0.0254,2
1024,n<=32,sr<=5%,kvB<=4k,kp<=1k,0.0615,2
1024,n<=32,sr<=5%,kvB<=4k,kp<=2k,0.045,2
1024,n<=32,sr<=5%,kvB<=4k,kp<=4k,0.0208,2
1024,n<=32,sr<=5%,kvB<=4k,kp<=512,0.0618,2
1024,n<=32,sr<=5%,kvB<=4k,kp<=8k,0.0227,2
1024,n<=32,sr<=5%,kvB<=4k,kp=0,0.0638,2
1024,n<=32,sr<=70%,kvB<=16k,kp<=1k,0.045,2
1024,n<=32,sr<=70%,kvB<=16k,kp<=2k,0.0407,2
1024,n<=32,sr<=70%,kvB<=16k,kp<=4k,0.0417,2
1024,n<=32,sr<=70%,kvB<=16k,kp<=512,0.0449,2
1024,n<=32,sr<=70%,kvB<=16k,kp<=8k,0.0363,2
1024,n<=32,sr<=70%,kvB<=16k,kp=0,0.0327,2
1024,n<=32,sr<=70%,kvB<=1k,kp<=1k,0.0541,2
1024,n<=32,sr<=70%,kvB<=1k,kp<=2k,0.0616,2
1024,n<=32,sr<=70%,kvB<=1k,kp<=4k,0.0485,2
1024,n<=32,sr<=70%,kvB<=1k,kp<=512,0.0656,2
1024,n<=32,sr<=70%,kvB<=1k,kp<=8k,0.0188,2
1024,n<=32,sr<=70%,kvB<=1k,kp=0,0.0563,2
1024,n<=32,sr<=70%,kvB<=4k,kp<=1k,0.0406,2
1024,n<=32,sr<=70%,kvB<=4k,kp<=2k,0.0478,2
1024,n<=32,sr<=70%,kvB<=4k,kp<=4k,0.0381,2
1024,n<=32,sr<=70%,kvB<=4k,kp<=512,0.0324,2
1024,n<=32,sr<=70%,kvB<=4k,kp<=8k,-0.019,2
1024,n<=32,sr<=70%,kvB<=4k,kp=0,0.0195,2
1024,n<=32,sr>70%,kvB<=16k,kp<=1k,0.1298,4
1024,n<=32,sr>70%,kvB<=16k,kp<=2k,0.0953,4
1024,n<=32,sr>70%,kvB<=16k,kp<=4k,0.06,4
1024,n<=32,sr>70%,kvB<=16k,kp<=512,0.1285,4
1024,n<=32,sr>70%,kvB<=16k,kp<=8k,0.0799,4
1024,n<=32,sr>70%,kvB<=16k,kp=0,0.118,4
1024,n<=32,sr>70%,kvB<=1k,kp<=1k,0.2727,4
1024,n<=32,sr>70%,kvB<=1k,kp<=2k,0.2482,4
1024,n<=32,sr>70%,kvB<=1k,kp<=4k,0.2622,4
1024,n<=32,sr>70%,kvB<=1k,kp<=512,0.2641,4
1024,n<=32,sr>70%,kvB<=1k,kp<=8k,0.1644,4
1024,n<=32,sr>70%,kvB<=1k,kp=0,0.2529,4
1024,n<=32,sr>70%,kvB<=4k,kp<=1k,0.0996,4
1024,n<=32,sr>70%,kvB<=4k,kp<=2k,0.0416,4
1024,n<=32,sr>70%,kvB<=4k,kp<=4k,0.037,4
1024,n<=32,sr>70%,kvB<=4k,kp<=512,0.065,4
1024,n<=32,sr>70%,kvB<=4k,kp<=8k,-0.0132,4
1024,n<=32,sr>70%,kvB<=4k,kp=0,0.0486,4
1024,n<=4,sr<=40%,kvB<=16k,kp<=1k,0.4408,2
1024,n<=4,sr<=40%,kvB<=16k,kp<=2k,0.496,2
1024,n<=4,sr<=40%,kvB<=16k,kp<=4k,0.4948,2
1024,n<=4,sr<=40%,kvB<=16k,kp<=512,0.4125,2
1024,n<=4,sr<=40%,kvB<=16k,kp<=8k,0.509,2
1024,n<=4,sr<=40%,kvB<=16k,kp=0,0.4635,2
1024,n<=4,sr<=40%,kvB<=1k,kp<=1k,0.1782,2
1024,n<=4,sr<=40%,kvB<=1k,kp<=2k,0.2158,2
1024,n<=4,sr<=40%,kvB<=1k,kp<=4k,0.243,2
1024,n<=4,sr<=40%,kvB<=1k,kp<=512,0.0661,2
1024,n<=4,sr<=40%,kvB<=1k,kp<=8k,0.3371,2
1024,n<=4,sr<=40%,kvB<=1k,kp=0,0.2341,2
1024,n<=4,sr<=40%,kvB<=4k,kp<=1k,0.4243,2
1024,n<=4,sr<=40%,kvB<=4k,kp<=2k,0.3066,2
1024,n<=4,sr<=40%,kvB<=4k,kp<=4k,0.338,2
1024,n<=4,sr<=40%,kvB<=4k,kp<=512,0.4694,2
1024,n<=4,sr<=40%,kvB<=4k,kp<=8k,0.355,2
1024,n<=4,sr<=40%,kvB<=4k,kp=0,0.4988,2
1024,n<=4,sr<=70%,kvB<=16k,kp<=1k,0.3522,2
1024,n<=4,sr<=70%,kvB<=16k,kp<=2k,0.4299,2
1024,n<=4,sr<=70%,kvB<=16k,kp<=4k,0.4449,2
1024,n<=4,sr<=70%,kvB<=16k,kp<=512,0.2626,2
1024,n<=4,sr<=70%,kvB<=16k,kp<=8k,0.6569,2
1024,n<=4,sr<=70%,kvB<=16k,kp=0,0.1599,2
1024,n<=4,sr<=70%,kvB<=1k,kp<=1k,0.1364,2
1024,n<=4,sr<=70%,kvB<=1k,kp<=2k,0.0134,2
1024,n<=4,sr<=70%,kvB<=1k,kp<=4k,0.3381,2
1024,n<=4,sr<=70%,kvB<=1k,kp<=512,0.1263,2
1024,n<=4,sr<=70%,kvB<=1k,kp<=8k,0.3329,2
1024,n<=4,sr<=70%,kvB<=1k,kp=0,0.2538,2
1024,n<=4,sr<=70%,kvB<=4k,kp<=1k,0.4325,2
1024,n<=4,sr<=70%,kvB<=4k,kp<=2k,0.4699,2
1024,n<=4,sr<=70%,kvB<=4k,kp<=4k,0.0548,2
1024,n<=4,sr<=70%,kvB<=4k,kp<=512,0.4764,2
1024,n<=4,sr<=70%,kvB<=4k,kp<=8k,0.2097,2
1024,n<=4,sr<=70%,kvB<=4k,kp=0,0.4787,2
1024,n<=4,sr>70%,kvB<=16k,kp<=1k,0.2561,2
1024,n<=4,sr>70%,kvB<=16k,kp<=2k,0.5704,2
1024,n<=4,sr>70%,kvB<=16k,kp<=4k,0.4062,2
1024,n<=4,sr>70%,kvB<=16k,kp<=512,-0.0947,2
1024,n<=4,sr>70%,kvB<=16k,kp<=8k,0.9068,2
1024,n<=4,sr>70%,kvB<=16k,kp=0,-0.2173,2
1024,n<=4,sr>70%,kvB<=1k,kp<=1k,0.158,2
1024,n<=4,sr>70%,kvB<=1k,kp<=2k,0.194,2
1024,n<=4,sr>70%,kvB<=1k,kp<=4k,0.5476,2
1024,n<=4,sr>70%,kvB<=1k,kp<=512,0.145,2
1024,n<=4,sr>70%,kvB<=1k,kp<=8k,0.4044,2
1024,n<=4,sr>70%,kvB<=1k,kp=0,0.5301,2
1024,n<=4,sr>70%,kvB<=4k,kp<=1k,0.4436,2
1024,n<=4,sr>70%,kvB<=4k,kp<=2k,0.4168,2
1024,n<=4,sr>70%,kvB<=4k,kp<=4k,0.2197,2
1024,n<=4,sr>70%,kvB<=4k,kp<=512,0.4642,2
1024,n<=4,sr>70%,kvB<=4k,kp<=8k,-0.0116,2
1024,n<=4,sr>70%,kvB<=4k,kp=0,0.4912,2
1024,n<=64,sr<=15%,kvB<=16k,kp<=1k,0.017,4
1024,n<=64,sr<=15%,kvB<=16k,kp<=2k,0.0172,4
1024,n<=64,sr<=15%,kvB<=16k,kp<=4k,0.0165,4
1024,n<=64,sr<=15%,kvB<=16k,kp<=512,0.0169,4
1024,n<=64,sr<=15%,kvB<=16k,kp<=8k,0.011,4
1024,n<=64,sr<=15%,kvB<=16k,kp=0,0.018,4
1024,n<=64,sr<=15%,kvB<=1k,kp<=1k,0.0646,4
1024,n<=64,sr<=15%,kvB<=1k,kp<=2k,0.0706,4
1024,n<=64,sr<=15%,kvB<=1k,kp<=4k,0.0755,4
1024,n<=64,sr<=15%,kvB<=1k,kp<=512,0.0575,4
1024,n<=64,sr<=15%,kvB<=1k,kp<=8k,0.0687,4
1024,n<=64,sr<=15%,kvB<=1k,kp=0,0.0568,4
1024,n<=64,sr<=15%,kvB<=4k,kp<=1k,0.0182,4
1024,n<=64,sr<=15%,kvB<=4k,kp<=2k,0.0191,4
1024,n<=64,sr<=15%,kvB<=4k,kp<=4k,0.0096,4
1024,n<=64,sr<=15%,kvB<=4k,kp<=512,0.022,4
1024,n<=64,sr<=15%,kvB<=4k,kp<=8k,0.0132,4
1024,n<=64,sr<=15%,kvB<=4k,kp=0,0.0202,4
1024,n<=64,sr<=40%,kvB<=16k,kp<=1k,0.0112,2
1024,n<=64,sr<=40%,kvB<=16k,kp<=2k,0.009,2
1024,n<=64,sr<=40%,kvB<=16k,kp<=4k,-0.0017,2
1024,n<=64,sr<=40%,kvB<=16k,kp<=512,0.0092,2
1024,n<=64,sr<=40%,kvB<=16k,kp<=8k,0.0124,2
1024,n<=64,sr<=40%,kvB<=16k,kp=0,0.0125,2
1024,n<=64,sr<=40%,kvB<=1k,kp<=1k,0.0981,2
1024,n<=64,sr<=40%,kvB<=1k,kp<=2k,0.1078,2
1024,n<=64,sr<=40%,kvB<=1k,kp<=4k,0.1132,2
1024,n<=64,sr<=40%,kvB<=1k,kp<=512,0.0845,2
1024,n<=64,sr<=40%,kvB<=1k,kp<=8k,0.12,2
1024,n<=64,sr<=40%,kvB<=1k,kp=0,0.0853,2
1024,n<=64,sr<=40%,kvB<=4k,kp<=1k,-0.0067,2
1024,n<=64,sr<=40%,kvB<=4k,kp<=2k,0.0088,2
1024,n<=64,sr<=40%,kvB<=4k,kp<=4k,-0.0045,2
1024,n<=64,sr<=40%,kvB<=4k,kp<=512,-0.0138,2
1024,n<=64,sr<=40%,kvB<=4k,kp<=8k,0.0043,2
1024,n<=64,sr<=40%,kvB<=4k,kp=0,-0.0116,2
1024,n<=64,sr<=5%,kvB<=16k,kp<=1k,0.0253,6
1024,n<=64,sr<=5%,kvB<=16k,kp<=2k,0.0239,6
1024,n<=64,sr<=5%,kvB<=16k,kp<=4k,0.0221,6
1024,n<=64,sr<=5%,kvB<=16k,kp<=512,0.0252,6
1024,n<=64,sr<=5%,kvB<=16k,kp<=8k,0.0207,6
1024,n<=64,sr<=5%,kvB<=16k,kp=0,0.0248,6
1024,n<=64,sr<=5%,kvB<=1k,kp<=1k,0.0169,6
1024,n<=64,sr<=5%,kvB<=1k,kp<=2k,0.0171,6
1024,n<=64,sr<=5%,kvB<=1k,kp<=4k,0.0173,6
1024,n<=64,sr<=5%,kvB<=1k,kp<=512,0.0136,6
1024,n<=64,sr<=5%,kvB<=1k,kp<=8k,0.0141,6
1024,n<=64,sr<=5%,kvB<=1k,kp=0,0.0146,6
1024,n<=64,sr<=5%,kvB<=4k,kp<=1k,0.0225,6
1024,n<=64,sr<=5%,kvB<=4k,kp<=2k,0.0204,6
1024,n<=64,sr<=5%,kvB<=4k,kp<=4k,0.0108,6
1024,n<=64,sr<=5%,kvB<=4k,kp<=512,0.0246,6
1024,n<=64,sr<=5%,kvB<=4k,kp<=8k,0.0129,6
1024,n<=64,sr<=5%,kvB<=4k,kp=0,0.0237,6
1024,n<=64,sr<=70%,kvB<=16k,kp<=1k,0.0021,2
1024,n<=64,sr<=70%,kvB<=16k,kp<=2k,0.005,2
1024,n<=64,sr<=70%,kvB<=16k,kp<=4k,0.0131,2
1024,n<=64,sr<=70%,kvB<=16k,kp<=512,-0.0014,2
1024,n<=64,sr<=70%,kvB<=16k,kp<=8k,0.0106,2
1024,n<=64,sr<=70%,kvB<=16k,kp=0,-0.0045,2
1024,n<=64,sr<=70%,kvB<=1k,kp<=1k,0.0409,2
1024,n<=64,sr<=70%,kvB<=1k,kp<=2k,0.0713,2
1024,n<=64,sr<=70%,kvB<=1k,kp<=4k,0.0726,2
1024,n<=64,sr<=70%,kvB<=1k,kp<=512,0.017,2
1024,n<=64,sr<=70%,kvB<=1k,kp<=8k,0.0453,2
1024,n<=64,sr<=70%,kvB<=1k,kp=0,0.0588,2
1024,n<=64,sr<=70%,kvB<=4k,kp<=1k,-0.0315,2
1024,n<=64,sr<=70%,kvB<=4k,kp<=2k,-0.0216,2
1024,n<=64,sr<=70%,kvB<=4k,kp<=4k,0.0265,2
1024,n<=64,sr<=70%,kvB<=4k,kp<=512,-0.0386,2
1024,n<=64,sr<=70%,kvB<=4k,kp<=8k,0.006,2
1024,n<=64,sr<=70%,kvB<=4k,kp=0,-0.036,2
1024,n<=64,sr>70%,kvB<=16k,kp<=1k,0.0247,4
1024,n<=64,sr>70%,kvB<=16k,kp<=2k,0.056,4
1024,n<=64,sr>70%,kvB<=16k,kp<=4k,0.0589,4
1024,n<=64,sr>70%,kvB<=16k,kp<=512,0.0149,4
1024,n<=64,sr>70%,kvB<=16k,kp<=8k,-0.01,4
1024,n<=64,sr>70%,kvB<=16k,kp=0,0.0125,4
1024,n<=64,sr>70%,kvB<=1k,kp<=1k,0.2638,4
1024,n<=64,sr>70%,kvB<=1k,kp<=2k,0.3048,4
1024,n<=64,sr>70%,kvB<=1k,kp<=4k,0.2893,4
1024,n<=64,sr>70%,kvB<=1k,kp<=512,0.2733,4
1024,n<=64,sr>70%,kvB<=1k,kp<=8k,0.2679,4
1024,n<=64,sr>70%,kvB<=1k,kp=0,0.3648,4
1024,n<=64,sr>70%,kvB<=4k,kp<=1k,-0.012,4
1024,n<=64,sr>70%,kvB<=4k,kp<=2k,0.0092,4
1024,n<=64,sr>70%,kvB<=4k,kp<=4k,0.0338,4
1024,n<=64,sr>70%,kvB<=4k,kp<=512,-0.0329,4
1024,n<=64,sr>70%,kvB<=4k,kp<=8k,0.1122,4
1024,n<=64,sr>70%,kvB<=4k,kp=0,-0.0552,4
1024,n<=8,sr<=15%,kvB<=16k,kp<=1k,0.269,2
1024,n<=8,sr<=15%,kvB<=16k,kp<=2k,0.2924,2
1024,n<=8,sr<=15%,kvB<=16k,kp<=4k,0.287,2
1024,n<=8,sr<=15%,kvB<=16k,kp<=512,0.2592,2
1024,n<=8,sr<=15%,kvB<=16k,kp<=8k,0.1999,2
1024,n<=8,sr<=15%,kvB<=16k,kp=0,0.2913,2
1024,n<=8,sr<=15%,kvB<=1k,kp<=1k,0.1184,2
1024,n<=8,sr<=15%,kvB<=1k,kp<=2k,0.0909,2
1024,n<=8,sr<=15%,kvB<=1k,kp<=4k,0.1274,2
1024,n<=8,sr<=15%,kvB<=1k,kp<=512,0.1126,2
1024,n<=8,sr<=15%,kvB<=1k,kp<=8k,0.096,2
1024,n<=8,sr<=15%,kvB<=1k,kp=0,0.1384,2
1024,n<=8,sr<=15%,kvB<=4k,kp<=1k,0.2545,2
1024,n<=8,sr<=15%,kvB<=4k,kp<=2k,0.1256,2
1024,n<=8,sr<=15%,kvB<=4k,kp<=4k,0.0329,2
1024,n<=8,sr<=15%,kvB<=4k,kp<=512,0.2716,2
1024,n<=8,sr<=15%,kvB<=4k,kp<=8k,0.1865,2
1024,n<=8,sr<=15%,kvB<=4k,kp=0,0.2788,2
1024,n<=8,sr<=40%,kvB<=16k,kp<=1k,0.2337,4
1024,n<=8,sr<=40%,kvB<=16k,kp<=2k,0.2647,4
1024,n<=8,sr<=40%,kvB<=16k,kp<=4k,0.2803,4
1024,n<=8,sr<=40%,kvB<=16k,kp<=512,0.2413,4
1024,n<=8,sr<=40%,kvB<=16k,kp<=8k,0.3486,4
1024,n<=8,sr<=40%,kvB<=16k,kp=0,0.278,4
1024,n<=8,sr<=40%,kvB<=1k,kp<=1k,0.0964,4
1024,n<=8,sr<=40%,kvB<=1k,kp<=2k,0.1002,4
1024,n<=8,sr<=40%,kvB<=1k,kp<=4k,0.1114,4
1024,n<=8,sr<=40%,kvB<=1k,kp<=512,0.0924,4
1024,n<=8,sr<=40%,kvB<=1k,kp<=8k,0.0994,4
1024,n<=8,sr<=40%,kvB<=1k,kp=0,0.1576,4
1024,n<=8,sr<=40%,kvB<=4k,kp<=1k,0.254,4
1024,n<=8,sr<=40%,kvB<=4k,kp<=2k,0.2107,4
1024,n<=8,sr<=40%,kvB<=4k,kp<=4k,-0.0474,4
1024,n<=8,sr<=40%,kvB<=4k,kp<=512,0.2721,4
1024,n<=8,sr<=40%,kvB<=4k,kp<=8k,0.0665,4
1024,n<=8,sr<=40%,kvB<=4k,kp=0,0.2662,4
1024,n<=8,sr<=70%,kvB<=16k,kp<=1k,0.2192,2
1024,n<=8,sr<=70%,kvB<=16k,kp<=2k,0.2601,2
1024,n<=8,sr<=70%,kvB<=16k,kp<=4k,0.3141,2
1024,n<=8,sr<=70%,kvB<=16k,kp<=512,0.2397,2
1024,n<=8,sr<=70%,kvB<=16k,kp<=8k,0.3908,2
1024,n<=8,sr<=70%,kvB<=16k,kp=0,0.3262,2
1024,n<=8,sr<=70%,kvB<=1k,kp<=1k,0.0858,2
1024,n<=8,sr<=70%,kvB<=1k,kp<=2k,0.0889,2
1024,n<=8,sr<=70%,kvB<=1k,kp<=4k,0.0571,2
1024,n<=8,sr<=70%,kvB<=1k,kp<=512,0.0642,2
1024,n<=8,sr<=70%,kvB<=1k,kp<=8k,0.187,2
1024,n<=8,sr<=70%,kvB<=1k,kp=0,0.1901,2
1024,n<=8,sr<=70%,kvB<=4k,kp<=1k,0.2456,2
1024,n<=8,sr<=70%,kvB<=4k,kp<=2k,0.2848,2
1024,n<=8,sr<=70%,kvB<=4k,kp<=4k,-0.0289,2
1024,n<=8,sr<=70%,kvB<=4k,kp<=512,0.2762,2
1024,n<=8,sr<=70%,kvB<=4k,kp<=8k,0.0962,2
1024,n<=8,sr<=70%,kvB<=4k,kp=0,0.2191,2
1024,n<=8,sr>70%,kvB<=16k,kp<=1k,0.0126,4
1024,n<=8,sr>70%,kvB<=16k,kp<=2k,0.1511,4
1024,n<=8,sr>70%,kvB<=16k,kp<=4k,0.2135,4
1024,n<=8,sr>70%,kvB<=16k,kp<=512,0.1091,4
1024,n<=8,sr>70%,kvB<=16k,kp<=8k,0.4568,4
1024,n<=8,sr>70%,kvB<=16k,kp=0,0.2338,4
1024,n<=8,sr>70%,kvB<=1k,kp<=1k,0.1511,4
1024,n<=8,sr>70%,kvB<=1k,kp<=2k,0.213,4
1024,n<=8,sr>70%,kvB<=1k,kp<=4k,0.163,4
1024,n<=8,sr>70%,kvB<=1k,kp<=512,0.2826,4
1024,n<=8,sr>70%,kvB<=1k,kp<=8k,0.1072,4
1024,n<=8,sr>70%,kvB<=1k,kp=0,0.3829,4
1024,n<=8,sr>70%,kvB<=4k,kp<=1k,0.3247,4
1024,n<=8,sr>70%,kvB<=4k,kp<=2k,0.2479,4
1024,n<=8,sr>70%,kvB<=4k,kp<=4k,0.0097,4
1024,n<=8,sr>70%,kvB<=4k,kp<=512,0.1819,4
1024,n<=8,sr>70%,kvB<=4k,kp<=8k,-0.1781,4
1024,n<=8,sr>70%,kvB<=4k,kp=0,0.1871,4
2048,n<=128,sr<=15%,kvB<=16k,kp<=1k,-0.0052,4
2048,n<=128,sr<=15%,kvB<=16k,kp<=2k,-0.0037,4
2048,n<=128,sr<=15%,kvB<=16k,kp<=4k,-0.0006,4
2048,n<=128,sr<=15%,kvB<=16k,kp<=512,-0.0041,4
2048,n<=128,sr<=15%,kvB<=16k,kp<=8k,-0.0033,4
2048,n<=128,sr<=15%,kvB<=16k,kp=0,-0.0032,4
2048,n<=128,sr<=15%,kvB<=1k,kp<=1k,0.0715,4
2048,n<=128,sr<=15%,kvB<=1k,kp<=2k,0.0726,4
2048,n<=128,sr<=15%,kvB<=1k,kp<=4k,0.0783,4
2048,n<=128,sr<=15%,kvB<=1k,kp<=512,0.0708,4
2048,n<=128,sr<=15%,kvB<=1k,kp<=8k,0.065,4
2048,n<=128,sr<=15%,kvB<=1k,kp=0,0.0687,4
2048,n<=128,sr<=15%,kvB<=4k,kp<=1k,0.0108,4
2048,n<=128,sr<=15%,kvB<=4k,kp<=2k,0.0087,4
2048,n<=128,sr<=15%,kvB<=4k,kp<=4k,0.0088,4
2048,n<=128,sr<=15%,kvB<=4k,kp<=512,0.011,4
2048,n<=128,sr<=15%,kvB<=4k,kp<=8k,0.0108,4
2048,n<=128,sr<=15%,kvB<=4k,kp=0,0.0123,4
2048,n<=128,sr<=40%,kvB<=16k,kp<=1k,0.0015,2
2048,n<=128,sr<=40%,kvB<=16k,kp<=2k,0.0027,2
2048,n<=128,sr<=40%,kvB<=16k,kp<=4k,-0.0003,2
2048,n<=128,sr<=40%,kvB<=16k,kp<=512,-0.0018,2
2048,n<=128,sr<=40%,kvB<=16k,kp<=8k,-0.01,2
2048,n<=128,sr<=40%,kvB<=16k,kp=0,-0.0016,2
2048,n<=128,sr<=40%,kvB<=1k,kp<=1k,0.1009,2
2048,n<=128,sr<=40%,kvB<=1k,kp<=2k,0.1057,2
2048,n<=128,sr<=40%,kvB<=1k,kp<=4k,0.1118,2
2048,n<=128,sr<=40%,kvB<=1k,kp<=512,0.1051,2
2048,n<=128,sr<=40%,kvB<=1k,kp<=8k,0.0728,2
2048,n<=128,sr<=40%,kvB<=1k,kp=0,0.1062,2
2048,n<=128,sr<=40%,kvB<=4k,kp<=1k,0.0173,2
2048,n<=128,sr<=40%,kvB<=4k,kp<=2k,0.0015,2
2048,n<=128,sr<=40%,kvB<=4k,kp<=4k,-0.0169,2
2048,n<=128,sr<=40%,kvB<=4k,kp<=512,0.0222,2
2048,n<=128,sr<=40%,kvB<=4k,kp<=8k,-0.0006,2
2048,n<=128,sr<=40%,kvB<=4k,kp=0,0.0246,2
2048,n<=128,sr<=5%,kvB<=16k,kp<=1k,0.0029,8
2048,n<=128,sr<=5%,kvB<=16k,kp<=2k,0.0032,8
2048,n<=128,sr<=5%,kvB<=16k,kp<=4k,0.0034,8
2048,n<=128,sr<=5%,kvB<=16k,kp<=512,0.0038,8
2048,n<=128,sr<=5%,kvB<=16k,kp<=8k,0.0025,8
2048,n<=128,sr<=5%,kvB<=16k,kp=0,0.004,8
2048,n<=128,sr<=5%,kvB<=1k,kp<=1k,0.0097,8
2048,n<=128,sr<=5%,kvB<=1k,kp<=2k,0.0102,8
2048,n<=128,sr<=5%,kvB<=1k,kp<=4k,0.0066,8
2048,n<=128,sr<=5%,kvB<=1k,kp<=512,0.0078,8
2048,n<=128,sr<=5%,kvB<=1k,kp<=8k,-0.007,8
2048,n<=128,sr<=5%,kvB<=1k,kp=0,0.0103,8
2048,n<=128,sr<=5%,kvB<=4k,kp<=1k,0.0093,8
2048,n<=128,sr<=5%,kvB<=4k,kp<=2k,0.0102,8
2048,n<=128,sr<=5%,kvB<=4k,kp<=4k,0.0108,8
2048,n<=128,sr<=5%,kvB<=4k,kp<=512,0.0097,8
2048,n<=128,sr<=5%,kvB<=4k,kp<=8k,0.0102,8
2048,n<=128,sr<=5%,kvB<=4k,kp=0,0.0097,8
2048,n<=128,sr<=70%,kvB<=16k,kp<=1k,0.0022,2
2048,n<=128,sr<=70%,kvB<=16k,kp<=2k,-0.0004,2
2048,n<=128,sr<=70%,kvB<=16k,kp<=4k,-0.0027,2
2048,n<=128,sr<=70%,kvB<=16k,kp<=512,-0.0014,2
2048,n<=128,sr<=70%,kvB<=16k,kp<=8k,-0.0157,2
2048,n<=128,sr<=70%,kvB<=16k,kp=0,-0.0017,2
2048,n<=128,sr<=70%,kvB<=1k,kp<=1k,0.0436,2
2048,n<=128,sr<=70%,kvB<=1k,kp<=2k,0.0323,2
2048,n<=128,sr<=70%,kvB<=1k,kp<=4k,0.0603,2
2048,n<=128,sr<=70%,kvB<=1k,kp<=512,0.0343,2
2048,n<=128,sr<=70%,kvB<=1k,kp<=8k,0.0318,2
2048,n<=128,sr<=70%,kvB<=1k,kp=0,0.0345,2
2048,n<=128,sr<=70%,kvB<=4k,kp<=1k,0.0429,2
2048,n<=128,sr<=70%,kvB<=4k,kp<=2k,0.0185,2
2048,n<=128,sr<=70%,kvB<=4k,kp<=4k,-0.0126,2
2048,n<=128,sr<=70%,kvB<=4k,kp<=512,0.0555,2
2048,n<=128,sr<=70%,kvB<=4k,kp<=8k,-0.0459,2
2048,n<=128,sr<=70%,kvB<=4k,kp=0,0.0603,2
2048,n<=128,sr>70%,kvB<=16k,kp<=1k,-0.0223,4
2048,n<=128,sr>70%,kvB<=16k,kp<=2k,-0.0197,4
2048,n<=128,sr>70%,kvB<=16k,kp<=4k,-0.0135,4
2048,n<=128,sr>70%,kvB<=16k,kp<=512,-0.0204,4
2048,n<=128,sr>70%,kvB<=16k,kp<=8k,-0.0405,4
2048,n<=128,sr>70%,kvB<=16k,kp=0,-0.0108,4
2048,n<=128,sr>70%,kvB<=1k,kp<=1k,0.2228,4
2048,n<=128,sr>70%,kvB<=1k,kp<=2k,0.2795,4
2048,n<=128,sr>70%,kvB<=1k,kp<=4k,0.237,4
2048,n<=128,sr>70%,kvB<=1k,kp<=512,0.2375,4
2048,n<=128,sr>70%,kvB<=1k,kp<=8k,0.2539,4
2048,n<=128,sr>70%,kvB<=1k,kp=0,0.2108,4
2048,n<=128,sr>70%,kvB<=4k,kp<=1k,0.0426,4
2048,n<=128,sr>70%,kvB<=4k,kp<=2k,0.0642,4
2048,n<=128,sr>70%,kvB<=4k,kp<=4k,0.0841,4
2048,n<=128,sr>70%,kvB<=4k,kp<=512,0.0179,4
2048,n<=128,sr>70%,kvB<=4k,kp<=8k,0.0498,4
2048,n<=128,sr>70%,kvB<=4k,kp=0,0.008,4
2048,n<=16,sr<=15%,kvB<=16k,kp<=1k,0.1244,4
2048,n<=16,sr<=15%,kvB<=16k,kp<=2k,0.1366,4
2048,n<=16,sr<=15%,kvB<=16k,kp<=4k,0.1243,4
2048,n<=16,sr<=15%,kvB<=16k,kp<=512,0.1223,4
2048,n<=16,sr<=15%,kvB<=16k,kp<=8k,0.0928,4
2048,n<=16,sr<=15%,kvB<=16k,kp=0,0.1154,4
2048,n<=16,sr<=15%,kvB<=1k,kp<=1k,0.0727,4
2048,n<=16,sr<=15%,kvB<=1k,kp<=2k,0.0495,4
2048,n<=16,sr<=15%,kvB<=1k,kp<=4k,0.1148,4
2048,n<=16,sr<=15%,kvB<=1k,kp<=512,0.0757,4
2048,n<=16,sr<=15%,kvB<=1k,kp<=8k,0.5947,4
2048,n<=16,sr<=15%,kvB<=1k,kp=0,0.0673,4
2048,n<=16,sr<=15%,kvB<=4k,kp<=1k,0.0993,4
2048,n<=16,sr<=15%,kvB<=4k,kp<=2k,0.0356,4
2048,n<=16,sr<=15%,kvB<=4k,kp<=4k,0.0229,4
2048,n<=16,sr<=15%,kvB<=4k,kp<=512,0.1232,4
2048,n<=16,sr<=15%,kvB<=4k,kp<=8k,0.0908,4
2048,n<=16,sr<=15%,kvB<=4k,kp=0,0.1293,4
2048,n<=16,sr<=40%,kvB<=16k,kp<=1k,0.1142,4
2048,n<=16,sr<=40%,kvB<=16k,kp<=2k,0.1354,4
2048,n<=16,sr<=40%,kvB<=16k,kp<=4k,0.1437,4
2048,n<=16,sr<=40%,kvB<=16k,kp<=512,0.1095,4
2048,n<=16,sr<=40%,kvB<=16k,kp<=8k,0.1678,4
2048,n<=16,sr<=40%,kvB<=16k,kp=0,0.1056,4
2048,n<=16,sr<=40%,kvB<=1k,kp<=1k,0.0819,4
2048,n<=16,sr<=40%,kvB<=1k,kp<=2k,0.076,4
2048,n<=16,sr<=40%,kvB<=1k,kp<=4k,0.1897,4
2048,n<=16,sr<=40%,kvB<=1k,kp<=512,0.0775,4
2048,n<=16,sr<=40%,kvB<=1k,kp<=8k,-0.3647,3
2048,n<=16,sr<=40%,kvB<=1k,kp=0,0.0836,4
2048,n<=16,sr<=40%,kvB<=4k,kp<=1k,0.1106,4
2048,n<=16,sr<=40%,kvB<=4k,kp<=2k,0.0488,4
2048,n<=16,sr<=40%,kvB<=4k,kp<=4k,0.0589,4
2048,n<=16,sr<=40%,kvB<=4k,kp<=512,0.1305,4
2048,n<=16,sr<=40%,kvB<=4k,kp<=8k,0.0638,4
2048,n<=16,sr<=40%,kvB<=4k,kp=0,0.1374,4
2048,n<=16,sr<=70%,kvB<=16k,kp<=1k,0.0886,2
2048,n<=16,sr<=70%,kvB<=16k,kp<=2k,0.0815,2
2048,n<=16,sr<=70%,kvB<=16k,kp<=4k,0.145,2
2048,n<=16,sr<=70%,kvB<=16k,kp<=512,0.0779,2
2048,n<=16,sr<=70%,kvB<=16k,kp<=8k,0.1156,2
2048,n<=16,sr<=70%,kvB<=16k,kp=0,0.0806,2
2048,n<=16,sr<=70%,kvB<=1k,kp<=1k,0.0234,2
2048,n<=16,sr<=70%,kvB<=1k,kp<=2k,0.0331,2
2048,n<=16,sr<=70%,kvB<=1k,kp<=4k,0.027,2
2048,n<=16,sr<=70%,kvB<=1k,kp<=512,0.0164,2
2048,n<=16,sr<=70%,kvB<=1k,kp<=8k,0.2858,2
2048,n<=16,sr<=70%,kvB<=1k,kp=0,0.0287,2
2048,n<=16,sr<=70%,kvB<=4k,kp<=1k,0.1224,2
2048,n<=16,sr<=70%,kvB<=4k,kp<=2k,0.0213,2
2048,n<=16,sr<=70%,kvB<=4k,kp<=4k,-0.106,2
2048,n<=16,sr<=70%,kvB<=4k,kp<=512,0.1325,2
2048,n<=16,sr<=70%,kvB<=4k,kp<=8k,0.0438,2
2048,n<=16,sr<=70%,kvB<=4k,kp=0,0.1295,2
2048,n<=16,sr>70%,kvB<=16k,kp<=1k,0.0596,4
2048,n<=16,sr>70%,kvB<=16k,kp<=2k,0.0679,4
2048,n<=16,sr>70%,kvB<=16k,kp<=4k,0.0464,4
2048,n<=16,sr>70%,kvB<=16k,kp<=512,0.0624,4
2048,n<=16,sr>70%,kvB<=16k,kp<=8k,0.2994,4
2048,n<=16,sr>70%,kvB<=16k,kp=0,0.1399,4
2048,n<=16,sr>70%,kvB<=1k,kp<=1k,0.1843,4
2048,n<=16,sr>70%,kvB<=1k,kp<=2k,0.17,4
2048,n<=16,sr>70%,kvB<=1k,kp<=4k,0.2601,3
2048,n<=16,sr>70%,kvB<=1k,kp<=512,0.2539,4
2048,n<=16,sr>70%,kvB<=1k,kp<=8k,0.1854,2
2048,n<=16,sr>70%,kvB<=1k,kp=0,0.2298,4
2048,n<=16,sr>70%,kvB<=4k,kp<=1k,0.1726,4
2048,n<=16,sr>70%,kvB<=4k,kp<=2k,0.0644,4
2048,n<=16,sr>70%,kvB<=4k,kp<=4k,-0.1706,4
2048,n<=16,sr>70%,kvB<=4k,kp<=512,0.1558,4
2048,n<=16,sr>70%,kvB<=4k,kp<=8k,-0.0267,2
2048,n<=16,sr>70%,kvB<=4k,kp=0,0.1063,4
2048,n<=2,sr<=70%,kvB<=16k,kp<=1k,0.6573,2
2048,n<=2,sr<=70%,kvB<=16k,kp<=2k,0.6347,2
2048,n<=2,sr<=70%,kvB<=16k,kp<=4k,0.5591,2
2048,n<=2,sr<=70%,kvB<=16k,kp<=512,0.6702,2
2048,n<=2,sr<=70%,kvB<=16k,kp<=8k,0.9069,2
2048,n<=2,sr<=70%,kvB<=16k,kp=0,0.7059,2
2048,n<=2,sr<=70%,kvB<=1k,kp<=1k,0.0377,2
2048,n<=2,sr<=70%,kvB<=1k,kp<=2k,0.6254,1
2048,n<=2,sr<=70%,kvB<=1k,kp<=4k,0.0875,2
2048,n<=2,sr<=70%,kvB<=1k,kp<=512,-0.0086,2
2048,n<=2,sr<=70%,kvB<=1k,kp<=8k,0.6803,2
2048,n<=2,sr<=70%,kvB<=1k,kp=0,0.2088,2
2048,n<=2,sr<=70%,kvB<=4k,kp<=1k,0.4705,2
2048,n<=2,sr<=70%,kvB<=4k,kp<=2k,0.1248,2
2048,n<=2,sr<=70%,kvB<=4k,kp<=4k,0.0585,2
2048,n<=2,sr<=70%,kvB<=4k,kp<=512,0.5957,2
2048,n<=2,sr<=70%,kvB<=4k,kp<=8k,0.4255,1
2048,n<=2,sr<=70%,kvB<=4k,kp=0,0.5885,2
2048,n<=32,sr<=15%,kvB<=16k,kp<=1k,0.0524,6
2048,n<=32,sr<=15%,kvB<=16k,kp<=2k,0.0584,6
2048,n<=32,sr<=15%,kvB<=16k,kp<=4k,0.0604,6
2048,n<=32,sr<=15%,kvB<=16k,kp<=512,0.0506,6
2048,n<=32,sr<=15%,kvB<=16k,kp<=8k,0.0455,6
2048,n<=32,sr<=15%,kvB<=16k,kp=0,0.0506,6
2048,n<=32,sr<=15%,kvB<=1k,kp<=1k,0.0668,6
2048,n<=32,sr<=15%,kvB<=1k,kp<=2k,0.073,6
2048,n<=32,sr<=15%,kvB<=1k,kp<=4k,0.0699,6
2048,n<=32,sr<=15%,kvB<=1k,kp<=512,0.0707,6
2048,n<=32,sr<=15%,kvB<=1k,kp<=8k,0.1514,6
2048,n<=32,sr<=15%,kvB<=1k,kp=0,0.0685,6
2048,n<=32,sr<=15%,kvB<=4k,kp<=1k,0.0512,6
2048,n<=32,sr<=15%,kvB<=4k,kp<=2k,0.0323,6
2048,n<=32,sr<=15%,kvB<=4k,kp<=4k,0.0204,6
2048,n<=32,sr<=15%,kvB<=4k,kp<=512,0.0578,6
2048,n<=32,sr<=15%,kvB<=4k,kp<=8k,0.0323,6
2048,n<=32,sr<=15%,kvB<=4k,kp=0,0.0618,6
2048,n<=32,sr<=40%,kvB<=16k,kp<=1k,0.0557,2
2048,n<=32,sr<=40%,kvB<=16k,kp<=2k,0.0524,2
2048,n<=32,sr<=40%,kvB<=16k,kp<=4k,0.0702,2
2048,n<=32,sr<=40%,kvB<=16k,kp<=512,0.0569,2
2048,n<=32,sr<=40%,kvB<=16k,kp<=8k,0.0421,2
2048,n<=32,sr<=40%,kvB<=16k,kp=0,0.0579,2
2048,n<=32,sr<=40%,kvB<=1k,kp<=1k,0.1101,2
2048,n<=32,sr<=40%,kvB<=1k,kp<=2k,0.1061,2
2048,n<=32,sr<=40%,kvB<=1k,kp<=4k,0.1403,2
2048,n<=32,sr<=40%,kvB<=1k,kp<=512,0.1125,2
2048,n<=32,sr<=40%,kvB<=1k,kp<=8k,0.0435,2
2048,n<=32,sr<=40%,kvB<=1k,kp=0,0.1107,2
2048,n<=32,sr<=40%,kvB<=4k,kp<=1k,0.0473,2
2048,n<=32,sr<=40%,kvB<=4k,kp<=2k,0.0282,2
2048,n<=32,sr<=40%,kvB<=4k,kp<=4k,0.0121,2
2048,n<=32,sr<=40%,kvB<=4k,kp<=512,0.0508,2
2048,n<=32,sr<=40%,kvB<=4k,kp<=8k,0.0536,2
2048,n<=32,sr<=40%,kvB<=4k,kp=0,0.0477,2
2048,n<=32,sr<=5%,kvB<=16k,kp<=1k,0.0617,2
2048,n<=32,sr<=5%,kvB<=16k,kp<=2k,0.0612,2
2048,n<=32,sr<=5%,kvB<=16k,kp<=4k,0.0572,2
2048,n<=32,sr<=5%,kvB<=16k,kp<=512,0.0556,2
2048,n<=32,sr<=5%,kvB<=16k,kp<=8k,0.0529,2
2048,n<=32,sr<=5%,kvB<=16k,kp=0,0.0555,2
2048,n<=32,sr<=5%,kvB<=1k,kp<=1k,0.0153,2
2048,n<=32,sr<=5%,kvB<=1k,kp<=2k,0.0032,2
2048,n<=32,sr<=5%,kvB<=1k,kp<=4k,0.0128,2
2048,n<=32,sr<=5%,kvB<=1k,kp<=512,0.0178,2
2048,n<=32,sr<=5%,kvB<=1k,kp<=8k,-0.0754,2
2048,n<=32,sr<=5%,kvB<=1k,kp=0,0.0166,2
2048,n<=32,sr<=5%,kvB<=4k,kp<=1k,0.0514,2
2048,n<=32,sr<=5%,kvB<=4k,kp<=2k,0.0442,2
2048,n<=32,sr<=5%,kvB<=4k,kp<=4k,0.064,2
2048,n<=32,sr<=5%,kvB<=4k,kp<=512,0.0631,2
2048,n<=32,sr<=5%,kvB<=4k,kp<=8k,0.0131,2
2048,n<=32,sr<=5%,kvB<=4k,kp=0,0.0711,2
2048,n<=32,sr<=70%,kvB<=16k,kp<=1k,0.0453,2
2048,n<=32,sr<=70%,kvB<=16k,kp<=2k,0.0467,2
2048,n<=32,sr<=70%,kvB<=16k,kp<=4k,0.0241,2
2048,n<=32,sr<=70%,kvB<=16k,kp<=512,0.0448,2
2048,n<=32,sr<=70%,kvB<=16k,kp<=8k,0.0673,2
2048,n<=32,sr<=70%,kvB<=16k,kp=0,0.0421,2
2048,n<=32,sr<=70%,kvB<=1k,kp<=1k,0.034,2
2048,n<=32,sr<=70%,kvB<=1k,kp<=2k,0.0419,2
2048,n<=32,sr<=70%,kvB<=1k,kp<=4k,-0.1571,2
2048,n<=32,sr<=70%,kvB<=1k,kp<=512,0.0486,2
2048,n<=32,sr<=70%,kvB<=1k,kp<=8k,-0.4521,2
2048,n<=32,sr<=70%,kvB<=1k,kp=0,0.0396,2
2048,n<=32,sr<=70%,kvB<=4k,kp<=1k,0.0515,2
2048,n<=32,sr<=70%,kvB<=4k,kp<=2k,0.082,2
2048,n<=32,sr<=70%,kvB<=4k,kp<=4k,-0.0174,2
2048,n<=32,sr<=70%,kvB<=4k,kp<=512,0.0584,2
2048,n<=32,sr<=70%,kvB<=4k,kp<=8k,-0.1713,2
2048,n<=32,sr<=70%,kvB<=4k,kp=0,0.0794,2
2048,n<=32,sr>70%,kvB<=16k,kp<=1k,0.0908,4
2048,n<=32,sr>70%,kvB<=16k,kp<=2k,0.0196,4
2048,n<=32,sr>70%,kvB<=16k,kp<=4k,0.0175,4
2048,n<=32,sr>70%,kvB<=16k,kp<=512,0.1007,4
2048,n<=32,sr>70%,kvB<=16k,kp<=8k,0.0969,4
2048,n<=32,sr>70%,kvB<=16k,kp=0,0.1264,4
2048,n<=32,sr>70%,kvB<=1k,kp<=1k,0.2147,4
2048,n<=32,sr>70%,kvB<=1k,kp<=2k,0.2103,4
2048,n<=32,sr>70%,kvB<=1k,kp<=4k,0.091,3
2048,n<=32,sr>70%,kvB<=1k,kp<=512,0.2768,4
2048,n<=32,sr>70%,kvB<=1k,kp<=8k,-0.5028,3
2048,n<=32,sr>70%,kvB<=1k,kp=0,0.2536,4
2048,n<=32,sr>70%,kvB<=4k,kp<=1k,0.1108,4
2048,n<=32,sr>70%,kvB<=4k,kp<=2k,0.135,4
2048,n<=32,sr>70%,kvB<=4k,kp<=4k,0.1122,4
2048,n<=32,sr>70%,kvB<=4k,kp<=512,0.1152,4
2048,n<=32,sr>70%,kvB<=4k,kp<=8k,0.2596,4
2048,n<=32,sr>70%,kvB<=4k,kp=0,0.1527,4
2048,n<=4,sr<=40%,kvB<=16k,kp<=1k,0.4788,2
2048,n<=4,sr<=40%,kvB<=16k,kp<=2k,0.462,2
2048,n<=4,sr<=40%,kvB<=16k,kp<=4k,0.4485,2
2048,n<=4,sr<=40%,kvB<=16k,kp<=512,0.4769,2
2048,n<=4,sr<=40%,kvB<=16k,kp<=8k,0.4345,2
2048,n<=4,sr<=40%,kvB<=16k,kp=0,0.4565,2
2048,n<=4,sr<=40%,kvB<=1k,kp<=1k,0.1913,2
2048,n<=4,sr<=40%,kvB<=1k,kp<=2k,0.0976,2
2048,n<=4,sr<=40%,kvB<=1k,kp<=4k,0.2308,2
2048,n<=4,sr<=40%,kvB<=1k,kp<=512,0.212,2
2048,n<=4,sr<=40%,kvB<=1k,kp<=8k,-0.1517,2
2048,n<=4,sr<=40%,kvB<=1k,kp=0,0.1611,2
2048,n<=4,sr<=40%,kvB<=4k,kp<=1k,0.2704,2
2048,n<=4,sr<=40%,kvB<=4k,kp<=2k,0.0571,2
2048,n<=4,sr<=40%,kvB<=4k,kp<=4k,0.0322,2
2048,n<=4,sr<=40%,kvB<=4k,kp<=512,0.3607,2
2048,n<=4,sr<=40%,kvB<=4k,kp<=8k,0.1457,2
2048,n<=4,sr<=40%,kvB<=4k,kp=0,0.4058,2
2048,n<=4,sr<=70%,kvB<=16k,kp<=1k,0.4849,2
2048,n<=4,sr<=70%,kvB<=16k,kp<=2k,0.483,2
2048,n<=4,sr<=70%,kvB<=16k,kp<=4k,0.4238,2
2048,n<=4,sr<=70%,kvB<=16k,kp<=512,0.4584,2
2048,n<=4,sr<=70%,kvB<=16k,kp<=8k,0.3375,2
2048,n<=4,sr<=70%,kvB<=16k,kp=0,0.4317,2
2048,n<=4,sr<=70%,kvB<=1k,kp<=1k,0.1812,2
2048,n<=4,sr<=70%,kvB<=1k,kp<=2k,0.0706,2
2048,n<=4,sr<=70%,kvB<=1k,kp<=4k,0.2603,1
2048,n<=4,sr<=70%,kvB<=1k,kp<=512,0.1912,2
2048,n<=4,sr<=70%,kvB<=1k,kp<=8k,0.8221,2
2048,n<=4,sr<=70%,kvB<=1k,kp=0,-0.0053,2
2048,n<=4,sr<=70%,kvB<=4k,kp<=1k,0.3924,2
2048,n<=4,sr<=70%,kvB<=4k,kp<=2k,0.1751,2
2048,n<=4,sr<=70%,kvB<=4k,kp<=4k,-0.2388,2
2048,n<=4,sr<=70%,kvB<=4k,kp<=512,0.4245,2
2048,n<=4,sr<=70%,kvB<=4k,kp<=8k,0.0815,2
2048,n<=4,sr<=70%,kvB<=4k,kp=0,0.4306,2
2048,n<=4,sr>70%,kvB<=16k,kp<=1k,0.4723,2
2048,n<=4,sr>70%,kvB<=16k,kp<=2k,0.493,2
2048,n<=4,sr>70%,kvB<=16k,kp<=4k,0.4139,2
2048,n<=4,sr>70%,kvB<=16k,kp<=512,0.4583,2
2048,n<=4,sr>70%,kvB<=16k,kp<=8k,0.5685,2
2048,n<=4,sr>70%,kvB<=16k,kp=0,0.4321,2
2048,n<=4,sr>70%,kvB<=1k,kp<=1k,0.242,2
2048,n<=4,sr>70%,kvB<=1k,kp<=2k,0.8893,2
2048,n<=4,sr>70%,kvB<=1k,kp<=4k,0.1083,2
2048,n<=4,sr>70%,kvB<=1k,kp<=512,0.2754,2
2048,n<=4,sr>70%,kvB<=1k,kp<=8k,0.8523,2
2048,n<=4,sr>70%,kvB<=1k,kp=0,0.3079,2
2048,n<=4,sr>70%,kvB<=4k,kp<=1k,0.4643,2
2048,n<=4,sr>70%,kvB<=4k,kp<=2k,0.445,2
2048,n<=4,sr>70%,kvB<=4k,kp<=4k,-0.1604,2
2048,n<=4,sr>70%,kvB<=4k,kp<=512,0.4908,2
2048,n<=4,sr>70%,kvB<=4k,kp=0,0.4557,2
2048,n<=64,sr<=15%,kvB<=16k,kp<=1k,0.0102,4
2048,n<=64,sr<=15%,kvB<=16k,kp<=2k,0.0114,4
2048,n<=64,sr<=15%,kvB<=16k,kp<=4k,0.0151,4
2048,n<=64,sr<=15%,kvB<=16k,kp<=512,0.0097,4
2048,n<=64,sr<=15%,kvB<=16k,kp<=8k,0.0106,4
2048,n<=64,sr<=15%,kvB<=16k,kp=0,0.0098,4
2048,n<=64,sr<=15%,kvB<=1k,kp<=1k,0.0756,4
2048,n<=64,sr<=15%,kvB<=1k,kp<=2k,0.0742,4
2048,n<=64,sr<=15%,kvB<=1k,kp<=4k,0.0734,4
2048,n<=64,sr<=15%,kvB<=1k,kp<=512,0.0658,4
2048,n<=64,sr<=15%,kvB<=1k,kp<=8k,0.0802,4
2048,n<=64,sr<=15%,kvB<=1k,kp=0,0.0659,4
2048,n<=64,sr<=15%,kvB<=4k,kp<=1k,0.0177,4
2048,n<=64,sr<=15%,kvB<=4k,kp<=2k,0.015,4
2048,n<=64,sr<=15%,kvB<=4k,kp<=4k,0.0107,4
2048,n<=64,sr<=15%,kvB<=4k,kp<=512,0.019,4
2048,n<=64,sr<=15%,kvB<=4k,kp<=8k,0.0216,4
2048,n<=64,sr<=15%,kvB<=4k,kp=0,0.0195,4
2048,n<=64,sr<=40%,kvB<=16k,kp<=1k,-0.0098,2
2048,n<=64,sr<=40%,kvB<=16k,kp<=2k,-0.0103,2
2048,n<=64,sr<=40%,kvB<=16k,kp<=4k,0.0019,2
2048,n<=64,sr<=40%,kvB<=16k,kp<=512,-0.0066,2
2048,n<=64,sr<=40%,kvB<=16k,kp<=8k,-0.0002,2
2048,n<=64,sr<=40%,kvB<=16k,kp=0,-0.0032,2
2048,n<=64,sr<=40%,kvB<=1k,kp<=1k,0.1173,2
2048,n<=64,sr<=40%,kvB<=1k,kp<=2k,0.1275,2
2048,n<=64,sr<=40%,kvB<=1k,kp<=4k,0.119,2
2048,n<=64,sr<=40%,kvB<=1k,kp<=512,0.1071,2
2048,n<=64,sr<=40%,kvB<=1k,kp<=8k,0.1793,2
2048,n<=64,sr<=40%,kvB<=1k,kp=0,0.1033,2
2048,n<=64,sr<=40%,kvB<=4k,kp<=1k,-0.0066,2
2048,n<=64,sr<=40%,kvB<=4k,kp<=2k,0.0007,2
2048,n<=64,sr<=40%,kvB<=4k,kp<=4k,0.0063,2
2048,n<=64,sr<=40%,kvB<=4k,kp<=512,-0.013,2
2048,n<=64,sr<=40%,kvB<=4k,kp<=8k,0.0242,2
2048,n<=64,sr<=40%,kvB<=4k,kp=0,-0.019,2
2048,n<=64,sr<=5%,kvB<=16k,kp<=1k,0.0214,6
2048,n<=64,sr<=5%,kvB<=16k,kp<=2k,0.0208,6
2048,n<=64,sr<=5%,kvB<=16k,kp<=4k,0.0225,6
2048,n<=64,sr<=5%,kvB<=16k,kp<=512,0.0212,6
2048,n<=64,sr<=5%,kvB<=16k,kp<=8k,0.0217,6
2048,n<=64,sr<=5%,kvB<=16k,kp=0,0.0222,6
2048,n<=64,sr<=5%,kvB<=1k,kp<=1k,-0.0201,6
2048,n<=64,sr<=5%,kvB<=1k,kp<=2k,0.0141,6
2048,n<=64,sr<=5%,kvB<=1k,kp<=4k,0.0384,6
2048,n<=64,sr<=5%,kvB<=1k,kp<=512,0.0172,6
2048,n<=64,sr<=5%,kvB<=1k,kp<=8k,0.0448,6
2048,n<=64,sr<=5%,kvB<=1k,kp=0,0.0165,6
2048,n<=64,sr<=5%,kvB<=4k,kp<=1k,0.0171,6
2048,n<=64,sr<=5%,kvB<=4k,kp<=2k,0.0154,6
2048,n<=64,sr<=5%,kvB<=4k,kp<=4k,0.0146,6
2048,n<=64,sr<=5%,kvB<=4k,kp<=512,0.02,6
2048,n<=64,sr<=5%,kvB<=4k,kp<=8k,0.0175,6
2048,n<=64,sr<=5%,kvB<=4k,kp=0,0.0215,6
2048,n<=64,sr<=70%,kvB<=16k,kp<=1k,-0.0309,2
2048,n<=64,sr<=70%,kvB<=16k,kp<=2k,-0.0268,2
2048,n<=64,sr<=70%,kvB<=16k,kp<=4k,-0.0147,2
2048,n<=64,sr<=70%,kvB<=16k,kp<=512,-0.0295,2
2048,n<=64,sr<=70%,kvB<=16k,kp<=8k,-0.042,2
2048,n<=64,sr<=70%,kvB<=16k,kp=0,-0.0242,2
2048,n<=64,sr<=70%,kvB<=1k,kp<=1k,0.0473,2
2048,n<=64,sr<=70%,kvB<=1k,kp<=2k,0.0959,2
2048,n<=64,sr<=70%,kvB<=1k,kp<=4k,-0.0066,2
2048,n<=64,sr<=70%,kvB<=1k,kp<=512,0.0182,2
2048,n<=64,sr<=70%,kvB<=1k,kp<=8k,0.0342,2
2048,n<=64,sr<=70%,kvB<=1k,kp=0,0.0199,2
2048,n<=64,sr<=70%,kvB<=4k,kp<=1k,-0.0297,2
2048,n<=64,sr<=70%,kvB<=4k,kp<=2k,-0.0132,2
2048,n<=64,sr<=70%,kvB<=4k,kp<=4k,0.0463,2
2048,n<=64,sr<=70%,kvB<=4k,kp<=512,0.0046,2
2048,n<=64,sr<=70%,kvB<=4k,kp<=8k,0.0193,2
2048,n<=64,sr<=70%,kvB<=4k,kp=0,-0.057,2
2048,n<=64,sr>70%,kvB<=16k,kp<=1k,-0.0176,4
2048,n<=64,sr>70%,kvB<=16k,kp<=2k,-0.0224,4
2048,n<=64,sr>70%,kvB<=16k,kp<=4k,-0.0586,4
2048,n<=64,sr>70%,kvB<=16k,kp<=512,-0.0275,4
2048,n<=64,sr>70%,kvB<=16k,kp<=8k,-0.0335,4
2048,n<=64,sr>70%,kvB<=16k,kp=0,-0.0212,4
2048,n<=64,sr>70%,kvB<=1k,kp<=1k,0.2497,3
2048,n<=64,sr>70%,kvB<=1k,kp<=2k,0.2601,4
2048,n<=64,sr>70%,kvB<=1k,kp<=4k,0.1341,4
2048,n<=64,sr>70%,kvB<=1k,kp<=512,0.2378,4
2048,n<=64,sr>70%,kvB<=1k,kp<=8k,0.1706,4
2048,n<=64,sr>70%,kvB<=1k,kp=0,0.2322,4
2048,n<=64,sr>70%,kvB<=4k,kp<=1k,0.0405,4
2048,n<=64,sr>70%,kvB<=4k,kp<=2k,0.0803,4
2048,n<=64,sr>70%,kvB<=4k,kp<=4k,0.036,4
2048,n<=64,sr>70%,kvB<=4k,kp<=512,0.0128,4
2048,n<=64,sr>70%,kvB<=4k,kp<=8k,0.0653,4
2048,n<=64,sr>70%,kvB<=4k,kp=0,-0.0391,4
2048,n<=8,sr<=15%,kvB<=16k,kp<=1k,0.2857,2
2048,n<=8,sr<=15%,kvB<=16k,kp<=2k,0.2819,2
2048,n<=8,sr<=15%,kvB<=16k,kp<=4k,0.2526,2
2048,n<=8,sr<=15%,kvB<=16k,kp<=512,0.2614,2
2048,n<=8,sr<=15%,kvB<=16k,kp<=8k,0.2376,2
2048,n<=8,sr<=15%,kvB<=16k,kp=0,0.2482,2
2048,n<=8,sr<=15%,kvB<=1k,kp<=1k,0.1022,2
2048,n<=8,sr<=15%,kvB<=1k,kp<=2k,0.1664,2
2048,n<=8,sr<=15%,kvB<=1k,kp<=4k,0.1753,2
2048,n<=8,sr<=15%,kvB<=1k,kp<=512,0.0833,2
2048,n<=8,sr<=15%,kvB<=1k,kp<=8k,0.5522,2
2048,n<=8,sr<=15%,kvB<=1k,kp=0,0.128,2
2048,n<=8,sr<=15%,kvB<=4k,kp<=1k,0.1606,2
2048,n<=8,sr<=15%,kvB<=4k,kp<=2k,0.0135,2
2048,n<=8,sr<=15%,kvB<=4k,kp<=4k,0.0479,2
2048,n<=8,sr<=15%,kvB<=4k,kp<=512,0.1983,2
2048,n<=8,sr<=15%,kvB<=4k,kp<=8k,0.3309,2
2048,n<=8,sr<=15%,kvB<=4k,kp=0,0.2337,2
2048,n<=8,sr<=40%,kvB<=16k,kp<=1k,0.267,4
2048,n<=8,sr<=40%,kvB<=16k,kp<=2k,0.281,4
2048,n<=8,sr<=40%,kvB<=16k,kp<=4k,0.3159,4
2048,n<=8,sr<=40%,kvB<=16k,kp<=512,0.2443,4
2048,n<=8,sr<=40%,kvB<=16k,kp<=8k,0.27,4
2048,n<=8,sr<=40%,kvB<=16k,kp=0,0.2179,4
2048,n<=8,sr<=40%,kvB<=1k,kp<=1k,0.0819,4
2048,n<=8,sr<=40%,kvB<=1k,kp<=2k,0.0915,4
2048,n<=8,sr<=40%,kvB<=1k,kp<=4k,0.1248,4
2048,n<=8,sr<=40%,kvB<=1k,kp<=512,0.0597,4
2048,n<=8,sr<=40%,kvB<=1k,kp<=8k,0.5607,2
2048,n<=8,sr<=40%,kvB<=1k,kp=0,0.0752,4
2048,n<=8,sr<=40%,kvB<=4k,kp<=1k,0.2296,4
2048,n<=8,sr<=40%,kvB<=4k,kp<=2k,0.1013,4
2048,n<=8,sr<=40%,kvB<=4k,kp<=4k,-0.0058,4
2048,n<=8,sr<=40%,kvB<=4k,kp<=512,0.2428,4
2048,n<=8,sr<=40%,kvB<=4k,kp<=8k,0.3089,4
2048,n<=8,sr<=40%,kvB<=4k,kp=0,0.2469,4
2048,n<=8,sr<=70%,kvB<=16k,kp<=1k,0.2361,2
2048,n<=8,sr<=70%,kvB<=16k,kp<=2k,0.2835,2
2048,n<=8,sr<=70%,kvB<=16k,kp<=4k,0.2929,2
2048,n<=8,sr<=70%,kvB<=16k,kp<=512,0.216,2
2048,n<=8,sr<=70%,kvB<=16k,kp<=8k,0.2735,2
2048,n<=8,sr<=70%,kvB<=16k,kp=0,0.1831,2
2048,n<=8,sr<=70%,kvB<=1k,kp<=1k,0.1242,2
2048,n<=8,sr<=70%,kvB<=1k,kp<=2k,0.2018,2
2048,n<=8,sr<=70%,kvB<=1k,kp<=4k,0.6278,2
2048,n<=8,sr<=70%,kvB<=1k,kp<=512,-0.0554,2
2048,n<=8,sr<=70%,kvB<=1k,kp<=8k,1.6872,1
2048,n<=8,sr<=70%,kvB<=1k,kp=0,0.057,2
2048,n<=8,sr<=70%,kvB<=4k,kp<=1k,0.2332,2
2048,n<=8,sr<=70%,kvB<=4k,kp<=2k,0.1623,2
2048,n<=8,sr<=70%,kvB<=4k,kp<=4k,-0.1095,2
2048,n<=8,sr<=70%,kvB<=4k,kp<=512,0.2475,2
2048,n<=8,sr<=70%,kvB<=4k,kp<=8k,-0.1637,2
2048,n<=8,sr<=70%,kvB<=4k,kp=0,0.2431,2
2048,n<=8,sr>70%,kvB<=16k,kp<=1k,0.2192,4
2048,n<=8,sr>70%,kvB<=16k,kp<=2k,0.2298,4
2048,n<=8,sr>70%,kvB<=16k,kp<=4k,0.2983,4
2048,n<=8,sr>70%,kvB<=16k,kp<=512,0.1643,4
2048,n<=8,sr>70%,kvB<=16k,kp<=8k,0.2552,3
2048,n<=8,sr>70%,kvB<=16k,kp=0,0.047,4
2048,n<=8,sr>70%,kvB<=1k,kp<=1k,0.1079,4
2048,n<=8,sr>70%,kvB<=1k,kp<=2k,-0.0547,4
2048,n<=8,sr>70%,kvB<=1k,kp<=4k,0.3448,3
2048,n<=8,sr>70%,kvB<=1k,kp<=512,0.2378,4
2048,n<=8,sr>70%,kvB<=1k,kp<=8k,0.1402,2
2048,n<=8,sr>70%,kvB<=1k,kp=0,0.2535,4
2048,n<=8,sr>70%,kvB<=4k,kp<=1k,0.155,4
2048,n<=8,sr>70%,kvB<=4k,kp<=2k,0.2278,4
2048,n<=8,sr>70%,kvB<=4k,kp<=4k,0.0655,4
2048,n<=8,sr>70%,kvB<=4k,kp<=512,0.2563,4
2048,n<=8,sr>70%,kvB<=4k,kp<=8k,0.5665,3
2048,n<=8,sr>70%,kvB<=4k,kp=0,0.2415,4
