prefill_chunk,kv_prefill,n_decode,kv_decode,time_us
0,0,1,16,12.3623
0,0,1,32,12.373
0,0,1,64,12.5233
0,0,1,128,17.7597
0,0,1,256,17.877
0,0,1,512,18.3667
0,0,1,1024,19.4237
0,0,1,2048,21.6217
0,0,1,4096,27.52
0,0,1,8192,41.3547
0,0,1,16384,58.1757
0,0,2,16,18.112
0,0,2,32,18.134
0,0,2,64,18.304
0,0,2,128,21.7923
0,0,2,256,21.8987
0,0,2,512,22.6453
0,0,2,1024,24.223
0,0,2,2048,28.854
0,0,2,4096,40.0327
0,0,2,8192,56.2773
0,0,2,16384,88.9077
0,0,4,16,18.1117
0,0,4,32,18.1223
0,0,4,64,18.3897
0,0,4,128,21.7493
0,0,4,256,22.112
0,0,4,512,23.5417
0,0,4,1024,27.4127
0,0,4,2048,37.1093
0,0,4,4096,52.341
0,0,4,8192,82.849
0,0,4,16384,136.981
0,0,8,16,18.144
0,0,8,32,18.3253
0,0,8,64,18.4317
0,0,8,128,22.144
0,0,8,256,23.1467
0,0,8,512,26.8907
0,0,8,1024,36.3837
0,0,8,2048,51.605
0,0,8,4096,81.0137
0,0,8,8192,135.456
0,0,8,16384,246.347
0,0,16,16,18.699
0,0,16,32,18.806
0,0,16,64,19.221
0,0,16,128,23.137
0,0,16,256,28.9067
0,0,16,512,36.064
0,0,16,1024,51.595
0,0,16,2048,80.213
0,0,16,4096,134.71
0,0,16,8192,242.283
0,0,16,16384,463.254
0,0,32,16,18.6773
0,0,32,32,18.954
0,0,32,64,19.969
0,0,32,128,28.746
0,0,32,256,38.6457
0,0,32,512,55.2857
0,0,32,1024,84.052
0,0,32,2048,142.176
0,0,32,4096,249.686
0,0,32,8192,465.729
0,0,32,16384,909.078
0,0,64,16,24.2343
0,0,64,32,24.7577
0,0,64,64,27.328
0,0,64,128,38.5707
0,0,64,256,55.585
0,0,64,512,88.981
0,0,64,1024,144.395
0,0,64,2048,256.971
0,0,64,4096,478.539
0,0,64,8192,911.009
0,0,64,16384,1794.47
0,0,128,16,35.5623
0,0,128,32,36.288
0,0,128,64,40.0003
0,0,128,128,62.7207
0,0,128,256,95.457
0,0,128,512,155.744
0,0,128,1024,276.577
0,0,128,2048,514.636
0,0,128,4096,999.469
0,0,128,8192,1962.58
0,0,128,16384,3921.99
0,0,256,16,56.128
0,0,256,32,58.5177
0,0,256,64,64.8427
0,0,256,128,98.2193
0,0,256,256,156.971
0,0,256,512,270.069
0,0,256,1024,498.954
0,0,256,2048,949.953
0,0,256,4096,1863.1
0,0,256,8192,3703.02
0,0,256,16384,7392.48
16,0,0,0,12.5547
16,0,1,16,12.1497
16,0,1,32,12.16
16,0,1,64,12.2133
16,0,1,128,14.6997
16,0,1,256,18.1767
16,0,1,512,25.1747
16,0,1,1024,39.5533
16,0,1,2048,68.3647
16,0,1,4096,125.892
16,0,1,8192,240.359
16,0,1,16384,471.086
16,0,2,16,12.2567
16,0,2,32,12.235
16,0,2,64,12.2783
16,0,2,128,14.902
16,0,2,256,18.4323
16,0,2,512,25.558
16,0,2,1024,39.799
16,0,2,2048,68.6097
16,0,2,4096,126.425
16,0,2,8192,241.009
16,0,2,16384,473.56
16,0,4,16,12.4693
16,0,4,32,12.4063
16,0,4,64,12.4913
16,0,4,128,15.0083
16,0,4,256,18.7313
16,0,4,512,25.8887
16,0,4,1024,40.4807
16,0,4,2048,69.7727
16,0,4,4096,127.918
16,0,4,8192,245.617
16,0,4,16384,477.187
16,0,8,16,17.8667
16,0,8,32,17.9307
16,0,8,64,18.3373
16,0,8,128,24.235
16,0,8,256,31.5633
16,0,8,512,45.8783
16,0,8,1024,74.882
16,0,8,2048,133.817
16,0,8,4096,251.026
16,0,8,8192,486.339
16,0,8,16384,954.384
16,0,16,16,28.502
16,0,16,32,28.9077
16,0,16,64,29.3023
16,0,16,128,41.0357
16,0,16,256,55.361
16,0,16,512,83.7997
16,0,16,1024,142.755
16,0,16,2048,260.711
16,0,16,4096,495.426
16,0,16,8192,966.928
16,0,16,16384,1902.36
16,0,32,16,45.004
16,0,32,32,45.729
16,0,32,64,46.6357
16,0,32,128,67.703
16,0,32,256,93.4
16,0,32,512,146.746
16,0,32,1024,254.535
16,0,32,2048,469.495
16,0,32,4096,1016.17
16,0,32,8192,2131.8
16,0,32,16384,4543.24
16,0,64,16,76.6633
16,0,64,32,78.6583
16,0,64,64,80.3967
16,0,64,128,125.721
16,0,64,256,215.451
16,0,64,512,416.342
16,0,64,1024,814.774
16,0,64,2048,1660.76
16,0,64,4096,3330.33
16,0,64,8192,6928.5
16,0,64,16384,13887.4
16,0,128,16,141.028
16,0,128,32,144.677
16,0,128,64,151.161
16,0,128,128,277.116
16,0,128,256,478.979
16,0,128,512,916.899
16,0,128,1024,1799.56
16,0,128,2048,3558.72
16,0,128,4096,7088.65
16,0,128,8192,14153.2
16,0,128,16384,28282.4
16,16,0,0,12.8643
16,16,1,16,12.5127
16,16,1,32,12.502
16,16,1,64,12.566
16,16,1,128,14.6993
16,16,1,256,18.1123
16,16,1,512,25.2273
16,16,1,1024,39.5427
16,16,1,2048,68.3753
16,16,1,4096,125.934
16,16,1,8192,240.412
16,16,1,16384,470.967
16,16,2,16,12.523
16,16,2,32,12.6827
16,16,2,64,12.6507
16,16,2,128,14.9337
16,16,2,256,18.4427
16,16,2,512,25.5363
16,16,2,1024,39.905
16,16,2,2048,68.706
16,16,2,4096,126.36
16,16,2,8192,241.319
16,16,2,16384,473.111
16,16,4,16,12.6513
16,16,4,32,12.779
16,16,4,64,12.9387
16,16,4,128,15.126
16,16,4,256,18.6673
16,16,4,512,25.8347
16,16,4,1024,40.2363
16,16,4,2048,69.7837
16,16,4,4096,127.939
16,16,4,8192,245.66
16,16,4,16384,477.452
16,16,8,16,18.1333
16,16,8,32,18.3897
16,16,8,64,18.8697
16,16,8,128,24.15
16,16,8,256,31.564
16,16,8,512,45.9423
16,16,8,1024,75.0307
16,16,8,2048,134.361
16,16,8,4096,251.046
16,16,8,8192,486.594
16,16,8,16384,955.481
16,16,16,16,28.7793
16,16,16,32,29.302
16,16,16,64,29.868
16,16,16,128,40.919
16,16,16,256,55.394
16,16,16,512,84.0343
16,16,16,1024,143.098
16,16,16,2048,261.243
16,16,16,4096,494.584
16,16,16,8192,972.783
16,16,16,16384,1906.66
16,16,32,16,44.9507
16,16,32,32,45.8363
16,16,32,64,46.9877
16,16,32,128,67.7143
16,16,32,256,93.389
16,16,32,512,147.012
16,16,32,1024,253.937
16,16,32,2048,467.522
16,16,32,4096,982.49
16,16,32,8192,2107.96
16,16,32,16384,4340.3
16,16,64,16,76.7913
16,16,64,32,78.5617
16,16,64,64,80.6953
16,16,64,128,125.593
16,16,64,256,213.423
16,16,64,512,428.395
16,16,64,1024,802.504
16,16,64,2048,1669.47
16,16,64,4096,3316.74
16,16,64,8192,6902.38
16,16,64,16384,13941.1
16,16,128,16,141.102
16,16,128,32,144.686
16,16,128,64,150.958
16,16,128,128,278.13
16,16,128,256,479.212
16,16,128,512,921.571
16,16,128,1024,1799.25
16,16,128,2048,3557.31
16,16,128,4096,7084.84
16,16,128,8192,14154.1
16,16,128,16384,28272.6
16,32,0,0,12.8857
16,32,1,16,12.4807
16,32,1,32,12.5653
16,32,1,64,12.6833
16,32,1,128,14.6773
16,32,1,256,18.1447
16,32,1,512,25.2373
16,32,1,1024,39.521
16,32,1,2048,68.3643
16,32,1,4096,126.019
16,32,1,8192,240.508
16,32,1,16384,470.689
16,32,2,16,12.576
16,32,2,32,12.587
16,32,2,64,12.7793
16,32,2,128,14.955
16,32,2,256,18.4753
16,32,2,512,25.515
16,32,2,1024,39.841
16,32,2,2048,68.8337
16,32,2,4096,126.414
16,32,2,8192,241.243
16,32,2,16384,473.569
16,32,4,16,12.6823
16,32,4,32,12.8107
16,32,4,64,12.9393
16,32,4,128,15.062
16,32,4,256,18.7203
16,32,4,512,25.9737
16,32,4,1024,40.6623
16,32,4,2048,69.7083
16,32,4,4096,127.95
16,32,4,8192,245.713
16,32,4,16384,477.313
16,32,8,16,18.4213
16,32,8,32,18.4007
16,32,8,64,18.838
16,32,8,128,24.086
16,32,8,256,31.6277
16,32,8,512,45.814
16,32,8,1024,74.9673
16,32,8,2048,134.307
16,32,8,4096,251.419
16,32,8,8192,485.9
16,32,8,16384,956.28
16,32,16,16,28.865
16,32,16,32,29.3347
16,32,16,64,29.835
16,32,16,128,40.94
16,32,16,256,55.2983
16,32,16,512,83.597
16,32,16,1024,143.118
16,32,16,2048,260.839
16,32,16,4096,495.852
16,32,16,8192,967.332
16,32,16,16384,1911.23
16,32,32,16,44.887
16,32,32,32,46.0063
16,32,32,64,46.9983
16,32,32,128,67.6817
16,32,32,256,93.442
16,32,32,512,146.745
16,32,32,1024,254.598
16,32,32,2048,467.681
16,32,32,4096,1003.33
16,32,32,8192,2172.68
16,32,32,16384,4329.17
16,32,64,16,76.738
16,32,64,32,78.5833
16,32,64,64,80.5887
16,32,64,128,125.806
16,32,64,256,213.222
16,32,64,512,426.25
16,32,64,1024,802.506
16,32,64,2048,1653.77
16,32,64,4096,3361.39
16,32,64,8192,6894.49
16,32,64,16384,13870.7
16,32,128,16,141.081
16,32,128,32,144.75
16,32,128,64,151.406
16,32,128,128,278.332
16,32,128,256,480.801
16,32,128,512,921.303
16,32,128,1024,1800.23
16,32,128,2048,3565.97
16,32,128,4096,7093.69
16,32,128,8192,14153.8
16,32,128,16384,28271.9
16,64,0,0,13.0987
16,64,1,16,12.4693
16,64,1,32,12.5553
16,64,1,64,12.6403
16,64,1,128,14.689
16,64,1,256,18.1873
16,64,1,512,25.142
16,64,1,1024,39.617
16,64,1,2048,68.396
16,64,1,4096,125.987
16,64,1,8192,240.465
16,64,1,16384,470.774
16,64,2,16,12.5657
16,64,2,32,12.6083
16,64,2,64,12.737
16,64,2,128,14.8913
16,64,2,256,18.4963
16,64,2,512,25.5907
16,64,2,1024,39.745
16,64,2,2048,68.5993
16,64,2,4096,126.35
16,64,2,8192,241.221
16,64,2,16384,473.675
16,64,4,16,12.8003
16,64,4,32,12.8643
16,64,4,64,12.896
16,64,4,128,15.136
16,64,4,256,18.7307
16,64,4,512,25.9843
16,64,4,1024,40.726
16,64,4,2048,69.8897
16,64,4,4096,127.96
16,64,4,8192,245.04
16,64,4,16384,477.216
16,64,8,16,18.454
16,64,8,32,18.4853
16,64,8,64,18.955
16,64,8,128,23.937
16,64,8,256,31.4133
16,64,8,512,46.006
16,64,8,1024,74.7967
16,64,8,2048,134.126
16,64,8,4096,251.44
16,64,8,8192,486.592
16,64,8,16384,955.033
16,64,16,16,28.876
16,64,16,32,29.2167
16,64,16,64,29.8993
16,64,16,128,41.0467
16,64,16,256,55.2117
16,64,16,512,83.714
16,64,16,1024,143.524
16,64,16,2048,260.411
16,64,16,4096,494.828
16,64,16,8192,970.307
16,64,16,16384,1906.25
16,64,32,16,44.993
16,64,32,32,45.9647
16,64,32,64,47.009
16,64,32,128,67.788
16,64,32,256,93.3143
16,64,32,512,146.905
16,64,32,1024,254.918
16,64,32,2048,471.926
16,64,32,4096,994.52
16,64,32,8192,2165.37
16,64,32,16384,4239.45
16,64,64,16,76.7697
16,64,64,32,78.711
16,64,64,64,80.7593
16,64,64,128,125.443
16,64,64,256,214.203
16,64,64,512,420.138
16,64,64,1024,806.365
16,64,64,2048,1658.36
16,64,64,4096,3332.33
16,64,64,8192,6896.62
16,64,64,16384,13977.3
16,64,128,16,141.113
16,64,128,32,144.921
16,64,128,64,151.226
16,64,128,128,277.191
16,64,128,256,478.241
16,64,128,512,918.977
16,64,128,1024,1801.88
16,64,128,2048,3560.83
16,64,128,4096,7090.03
16,64,128,8192,14154
16,64,128,16384,28281.3
16,128,0,0,16.2457
16,128,1,16,14.8807
16,128,1,32,14.8913
16,128,1,64,14.9123
16,128,1,128,15.937
16,128,1,256,18.209
16,128,1,512,25.2173
16,128,1,1024,39.5747
16,128,1,2048,68.4393
16,128,1,4096,126.029
16,128,1,8192,240.497
16,128,1,16384,470.911
16,128,2,16,15.019
16,128,2,32,15.1147
16,128,2,64,15.0507
16,128,2,128,15.9363
16,128,2,256,18.5073
16,128,2,512,25.601
16,128,2,1024,39.8303
16,128,2,2048,68.813
16,128,2,4096,126.413
16,128,2,8192,241.286
16,128,2,16384,473.696
16,128,4,16,14.7843
16,128,4,32,14.88
16,128,4,64,14.913
16,128,4,128,16.1813
16,128,4,256,18.774
16,128,4,512,25.9107
16,128,4,1024,40.673
16,128,4,2048,69.8997
16,128,4,4096,128.024
16,128,4,8192,244.752
16,128,4,16384,477.376
16,128,8,16,21.675
16,128,8,32,21.953
16,128,8,64,22.3153
16,128,8,128,25.611
16,128,8,256,31.7867
16,128,8,512,45.9953
16,128,8,1024,74.7747
16,128,8,2048,133.827
16,128,8,4096,251.045
16,128,8,8192,486.305
16,128,8,16384,955.84
16,128,16,16,32.1493
16,128,16,32,32.4597
16,128,16,64,32.854
16,128,16,128,42.593
16,128,16,256,55.425
16,128,16,512,83.682
16,128,16,1024,143.854
16,128,16,2048,261.562
16,128,16,4096,498.346
16,128,16,8192,966.304
16,128,16,16384,1901.5
16,128,32,16,46.3373
16,128,32,32,46.8703
16,128,32,64,47.372
16,128,32,128,69.2813
16,128,32,256,93.6763
16,128,32,512,147.715
16,128,32,1024,257.34
16,128,32,2048,473.088
16,128,32,4096,1024.22
16,128,32,8192,2206.24
16,128,32,16384,4567.28
16,128,64,16,76.8873
16,128,64,32,78.69
16,128,64,64,80.5247
16,128,64,128,127.086
16,128,64,256,217.594
16,128,64,512,430.547
16,128,64,1024,827.336
16,128,64,2048,1668.72
16,128,64,4096,3334.22
16,128,64,8192,6953.71
16,128,64,16384,13816
16,128,128,16,141.624
16,128,128,32,145.283
16,128,128,64,152.015
16,128,128,128,281.307
16,128,128,256,484.331
16,128,128,512,920.32
16,128,128,1024,1800.46
16,128,128,2048,3565.36
16,128,128,4096,7090.63
16,128,128,8192,14155.9
16,128,128,16384,28275.2
16,256,0,0,19.819
16,256,1,16,18.379
16,256,1,32,18.422
16,256,1,64,18.3157
16,256,1,128,18.3153
16,256,1,256,19.542
16,256,1,512,25.2377
16,256,1,1024,39.606
16,256,1,2048,68.4183
16,256,1,4096,125.976
16,256,1,8192,240.432
16,256,1,16384,470.9
16,256,2,16,18.5497
16,256,2,32,18.6027
16,256,2,64,18.614
16,256,2,128,18.5707
16,256,2,256,19.456
16,256,2,512,25.5477
16,256,2,1024,39.873
16,256,2,2048,68.6737
16,256,2,4096,126.392
16,256,2,8192,241.306
16,256,2,16384,473.376
16,256,4,16,18.4003
16,256,4,32,18.3367
16,256,4,64,18.411
16,256,4,128,18.3893
16,256,4,256,19.787
16,256,4,512,26.027
16,256,4,1024,40.822
16,256,4,2048,69.9
16,256,4,4096,127.906
16,256,4,8192,244.912
16,256,4,16384,477.857
16,256,8,16,25.3443
16,256,8,32,25.483
16,256,8,64,25.8563
16,256,8,128,29.0353
16,256,8,256,33.036
16,256,8,512,45.953
16,256,8,1024,74.967
16,256,8,2048,134.019
16,256,8,4096,250.949
16,256,8,8192,486.175
16,256,8,16384,956.288
16,256,16,16,35.6273
16,256,16,32,35.873
16,256,16,64,36.3957
16,256,16,128,45.878
16,256,16,256,57.068
16,256,16,512,83.8093
16,256,16,1024,143.864
16,256,16,2048,266.811
16,256,16,4096,500.917
16,256,16,8192,978.869
16,256,16,16384,1905.49
16,256,32,16,51.5117
16,256,32,32,52.63
16,256,32,64,53.089
16,256,32,128,69.4307
16,256,32,256,95.4473
16,256,32,512,148.664
16,256,32,1024,266.341
16,256,32,2048,484.341
16,256,32,4096,1017.58
16,256,32,8192,2192.36
16,256,32,16384,4533.33
16,256,64,16,79.3933
16,256,64,32,80.834
16,256,64,64,83.2767
16,256,64,128,126.701
16,256,64,256,219.994
16,256,64,512,427.242
16,256,64,1024,838.003
16,256,64,2048,1669.69
16,256,64,4096,3383.33
16,256,64,8192,6940.53
16,256,64,16384,13909.1
16,256,128,16,142.297
16,256,128,32,145.87
16,256,128,64,152.846
16,256,128,128,283.185
16,256,128,256,487.83
16,256,128,512,921.481
16,256,128,1024,1803.44
16,256,128,2048,3560.41
16,256,128,4096,7087.08
16,256,128,8192,14158.8
16,256,128,16384,28273.8
16,512,0,0,26.816
16,512,1,16,25.2803
16,512,1,32,25.3443
16,512,1,64,25.323
16,512,1,128,25.3337
16,512,1,256,25.387
16,512,1,512,26.443
16,512,1,1024,39.6273
16,512,1,2048,68.4173
16,512,1,4096,126.029
16,512,1,8192,240.496
16,512,1,16384,470.944
16,512,2,16,25.526
16,512,2,32,25.579
16,512,2,64,25.526
16,512,2,128,25.5683
16,512,2,256,25.6967
16,512,2,512,26.5067
16,512,2,1024,39.82
16,512,2,2048,68.6517
16,512,2,4096,126.583
16,512,2,8192,241.263
16,512,2,16384,473.716
16,512,4,16,25.323
16,512,4,32,25.2807
16,512,4,64,25.3013
16,512,4,128,25.4727
16,512,4,256,25.569
16,512,4,512,26.859
16,512,4,1024,40.6513
16,512,4,2048,69.9533
16,512,4,4096,127.885
16,512,4,8192,244.762
16,512,4,16384,477.578
16,512,8,16,32.0967
16,512,8,32,32.3313
16,512,8,64,32.7263
16,512,8,128,35.702
16,512,8,256,39.8833
16,512,8,512,47.4573
16,512,8,1024,74.8283
16,512,8,2048,134.061
16,512,8,4096,252.208
16,512,8,8192,487.53
16,512,8,16384,957.107
16,512,16,16,42.667
16,512,16,32,42.8803
16,512,16,64,43.4673
16,512,16,128,53.0037
16,512,16,256,63.607
16,512,16,512,86.0393
16,512,16,1024,145.122
16,512,16,2048,266.64
16,512,16,4096,513.088
16,512,16,8192,1000.31
16,512,16,16384,1933.26
16,512,32,16,58.7003
16,512,32,32,59.361
16,512,32,64,60.3643
16,512,32,128,79.0737
16,512,32,256,97.2503
16,512,32,512,151.075
16,512,32,1024,264.506
16,512,32,2048,532.97
16,512,32,4096,1141.35
16,512,32,8192,2348.7
16,512,32,16384,4627.95
16,512,64,16,88.3857
16,512,64,32,89.4633
16,512,64,64,90.893
16,512,64,128,130.712
16,512,64,256,222.106
16,512,64,512,419.933
16,512,64,1024,846.023
16,512,64,2048,1694.51
16,512,64,4096,3412.15
16,512,64,8192,6929.82
16,512,64,16384,13961.2
16,512,128,16,149.422
16,512,128,32,152.76
16,512,128,64,159.001
16,512,128,128,286.086
16,512,128,256,489.205
16,512,128,512,926.58
16,512,128,1024,1804.37
16,512,128,2048,3568.51
16,512,128,4096,7093.07
16,512,128,8192,14160.1
16,512,128,16384,28277.9
16,1024,0,0,41.1743
16,1024,1,16,39.574
16,1024,1,32,39.5847
16,1024,1,64,39.6067
16,1024,1,128,39.6383
16,1024,1,256,39.617
16,1024,1,512,39.68
16,1024,1,1024,40.9183
16,1024,1,2048,68.481
16,1024,1,4096,126.051
16,1024,1,8192,240.377
16,1024,1,16384,471.07
16,1024,2,16,39.7127
16,1024,2,32,39.7877
16,1024,2,64,39.8197
16,1024,2,128,39.7663
16,1024,2,256,39.9477
16,1024,2,512,39.9797
16,1024,2,1024,40.9503
16,1024,2,2048,68.898
16,1024,2,4096,126.638
16,1024,2,8192,241.541
16,1024,2,16384,473.705
16,1024,4,16,39.6707
16,1024,4,32,39.6267
16,1024,4,64,39.6273
16,1024,4,128,39.798
16,1024,4,256,39.9367
16,1024,4,512,39.9367
16,1024,4,1024,41.142
16,1024,4,2048,69.89
16,1024,4,4096,128.173
16,1024,4,8192,245.53
16,1024,4,16384,478.069
16,1024,8,16,46.1447
16,1024,8,32,46.0707
16,1024,8,64,46.6143
16,1024,8,128,49.4837
16,1024,8,256,53.729
16,1024,8,512,61.1643
16,1024,8,1024,76.6413
16,1024,8,2048,132.557
16,1024,8,4096,252.879
16,1024,8,8192,489.567
16,1024,8,16384,963.912
16,1024,16,16,56.3853
16,1024,16,32,56.8757
16,1024,16,64,57.5917
16,1024,16,128,66.9663
16,1024,16,256,77.4627
16,1024,16,512,99.2233
16,1024,16,1024,146.03
16,1024,16,2048,265.317
16,1024,16,4096,515.52
16,1024,16,8192,1039.29
16,1024,16,16384,2060.68
16,1024,32,16,72.7163
16,1024,32,32,73.6117
16,1024,32,64,74.4973
16,1024,32,128,93.1
16,1024,32,256,115.96
16,1024,32,512,161.795
16,1024,32,1024,263.365
16,1024,32,2048,552.683
16,1024,32,4096,1185.77
16,1024,32,8192,2351.93
16,1024,32,16384,4736.62
16,1024,64,16,104.29
16,1024,64,32,105.954
16,1024,64,64,107.576
16,1024,64,128,148.696
16,1024,64,256,237.893
16,1024,64,512,443.582
16,1024,64,1024,819.259
16,1024,64,2048,1696.35
16,1024,64,4096,3395.21
16,1024,64,8192,6926.45
16,1024,64,16384,13869.7
16,1024,128,16,164.931
16,1024,128,32,167.704
16,1024,128,64,174.66
16,1024,128,128,299.739
16,1024,128,256,499.712
16,1024,128,512,931.423
16,1024,128,1024,1816.12
16,1024,128,2048,3568.99
16,1024,128,4096,7098.98
16,1024,128,8192,14165.7
16,1024,128,16384,28276
16,2048,0,0,69.911
16,2048,1,16,68.2897
16,2048,1,32,68.3
16,2048,1,64,68.258
16,2048,1,128,68.3107
16,2048,1,256,68.332
16,2048,1,512,68.3957
16,2048,1,1024,68.375
16,2048,1,2048,69.5587
16,2048,1,4096,126.05
16,2048,1,8192,240.475
16,2048,1,16384,470.91
16,2048,2,16,68.4177
16,2048,2,32,68.321
16,2048,2,64,68.3537
16,2048,2,128,68.364
16,2048,2,256,68.5453
16,2048,2,512,68.6093
16,2048,2,1024,68.5353
16,2048,2,2048,69.5057
16,2048,2,4096,126.435
16,2048,2,8192,241.359
16,2048,2,16384,473.673
16,2048,4,16,68.247
16,2048,4,32,68.2787
16,2048,4,64,68.3423
16,2048,4,128,68.417
16,2048,4,256,68.5557
16,2048,4,512,68.684
16,2048,4,1024,69.2277
16,2048,4,2048,70.2837
16,2048,4,4096,128.557
16,2048,4,8192,245.84
16,2048,4,16384,477.333
16,2048,8,16,73.8903
16,2048,8,32,73.943
16,2048,8,64,73.911
16,2048,8,128,77.335
16,2048,8,256,81.388
16,2048,8,512,88.8233
16,2048,8,1024,104.439
16,2048,8,2048,136.259
16,2048,8,4096,252.047
16,2048,8,8192,490.144
16,2048,8,16384,963.621
16,2048,16,16,83.9487
16,2048,16,32,84.4923
16,2048,16,64,84.7057
16,2048,16,128,94.6047
16,2048,16,256,105.741
16,2048,16,512,127.715
16,2048,16,1024,172.984
16,2048,16,2048,266.949
16,2048,16,4096,513.813
16,2048,16,8192,1030.13
16,2048,16,16384,2028.17
16,2048,32,16,100.258
16,2048,32,32,101.197
16,2048,32,64,102.061
16,2048,32,128,121.699
16,2048,32,256,145.389
16,2048,32,512,196.846
16,2048,32,1024,289.201
16,2048,32,2048,487.359
16,2048,32,4096,1213.13
16,2048,32,8192,2530
16,2048,32,16384,5054.58
16,2048,64,16,132.418
16,2048,64,32,134.147
16,2048,64,64,135.767
16,2048,64,128,177.743
16,2048,64,256,282.064
16,2048,64,512,471.946
16,2048,64,1024,845.115
16,2048,64,2048,1696.31
16,2048,64,4096,3431.07
16,2048,64,8192,6969.6
16,2048,64,16384,13874.3
16,2048,128,16,196.643
16,2048,128,32,199.823
16,2048,128,64,207.492
16,2048,128,128,334.204
16,2048,128,256,532.939
16,2048,128,512,955.421
16,2048,128,1024,1831.36
16,2048,128,2048,3583.7
16,2048,128,4096,7111.14
16,2048,128,8192,14182.5
16,2048,128,16384,28304.1
16,4096,0,0,127.341
16,4096,1,16,125.667
16,4096,1,32,125.582
16,4096,1,64,125.485
16,4096,1,128,125.581
16,4096,1,256,125.666
16,4096,1,512,125.635
16,4096,1,1024,125.645
16,4096,1,2048,125.645
16,4096,1,4096,126.797
16,4096,1,8192,240.549
16,4096,1,16384,471.124
16,4096,2,16,125.635
16,4096,2,32,125.634
16,4096,2,64,125.731
16,4096,2,128,125.688
16,4096,2,256,125.805
16,4096,2,512,125.922
16,4096,2,1024,125.89
16,4096,2,2048,126.115
16,4096,2,4096,127.235
16,4096,2,8192,241.477
16,4096,2,16384,473.801
16,4096,4,16,125.634
16,4096,4,32,125.603
16,4096,4,64,125.645
16,4096,4,128,125.699
16,4096,4,256,125.891
16,4096,4,512,126.135
16,4096,4,1024,126.487
16,4096,4,2048,127.234
16,4096,4,4096,128.419
16,4096,4,8192,246.351
16,4096,4,16384,478.015
16,4096,8,16,129.89
16,4096,8,32,129.623
16,4096,8,64,130.221
16,4096,8,128,132.813
16,4096,8,256,137.069
16,4096,8,512,144.483
16,4096,8,1024,160.27
16,4096,8,2048,191.727
16,4096,8,4096,252.676
16,4096,8,8192,488.467
16,4096,8,16384,963.229
16,4096,16,16,139.49
16,4096,16,32,140.003
16,4096,16,64,140.888
16,4096,16,128,149.689
16,4096,16,256,160.142
16,4096,16,512,182.361
16,4096,16,1024,229.135
16,4096,16,2048,317.821
16,4096,16,4096,505.354
16,4096,16,8192,1014.71
16,4096,16,16384,2029.87
16,4096,32,16,155.331
16,4096,32,32,156.323
16,4096,32,64,157.411
16,4096,32,128,176.323
16,4096,32,256,200.719
16,4096,32,512,255.749
16,4096,32,1024,364.594
16,4096,32,2048,558.07
16,4096,32,4096,1060.11
16,4096,32,8192,2431.99
16,4096,32,16384,5089.91
16,4096,64,16,187.812
16,4096,64,32,189.465
16,4096,64,64,191.833
16,4096,64,128,235.055
16,4096,64,256,347.281
16,4096,64,512,555.211
16,4096,64,1024,955.774
16,4096,64,2048,1715.22
16,4096,64,4096,3370.07
16,4096,64,8192,6943.55
16,4096,64,16384,13967
16,4096,128,16,256.944
16,4096,128,32,259.483
16,4096,128,64,267.898
16,4096,128,128,401.224
16,4096,128,256,605.964
16,4096,128,512,1043.78
16,4096,128,1024,1890.2
16,4096,128,2048,3701.08
16,4096,128,4096,7138.38
16,4096,128,8192,14202.2
16,4096,128,16384,28316.9
16,8192,0,0,243.14
16,8192,1,16,241.168
16,8192,1,32,241.263
16,8192,1,64,241.232
16,8192,1,128,241.348
16,8192,1,256,241.381
16,8192,1,512,241.476
16,8192,1,1024,241.626
16,8192,1,2048,241.648
16,8192,1,4096,241.679
16,8192,1,8192,242.341
16,8192,1,16384,471.134
16,8192,2,16,241.295
16,8192,2,32,241.316
16,8192,2,64,241.317
16,8192,2,128,241.466
16,8192,2,256,241.445
16,8192,2,512,241.638
16,8192,2,1024,241.967
16,8192,2,2048,242.011
16,8192,2,4096,242.095
16,8192,2,8192,242.576
16,8192,2,16384,474.238
16,8192,4,16,241.487
16,8192,4,32,241.359
16,8192,4,64,241.295
16,8192,4,128,241.423
16,8192,4,256,241.594
16,8192,4,512,242.127
16,8192,4,1024,242.458
16,8192,4,2048,242.8
16,8192,4,4096,243.642
16,8192,4,8192,247.119
16,8192,4,16384,479.274
16,8192,8,16,241.358
16,8192,8,32,241.21
16,8192,8,64,242.66
16,8192,8,128,244.154
16,8192,8,256,248.676
16,8192,8,512,255.802
16,8192,8,1024,270.042
16,8192,8,2048,305.062
16,8192,8,4096,367.153
16,8192,8,8192,489.172
16,8192,8,16384,961.277
16,8192,16,16,249.967
16,8192,16,32,249.936
16,8192,16,64,250.608
16,8192,16,128,260.079
16,8192,16,256,271.387
16,8192,16,512,294.246
16,8192,16,1024,339.761
16,8192,16,2048,431.142
16,8192,16,4096,614.752
16,8192,16,8192,992.712
16,8192,16,16384,2039.66
16,8192,32,16,265.637
16,8192,32,32,266.799
16,8192,32,64,267.962
16,8192,32,128,287.398
16,8192,32,256,311.899
16,8192,32,512,366.481
16,8192,32,1024,474.398
16,8192,32,2048,705.827
16,8192,32,4096,1250.02
16,8192,32,8192,2154.5
16,8192,32,16384,4748.08
16,8192,64,16,298.427
16,8192,64,32,300.219
16,8192,64,64,302.267
16,8192,64,128,346.214
16,8192,64,256,459.806
16,8192,64,512,676.097
16,8192,64,1024,1091.25
16,8192,64,2048,1904.32
16,8192,64,4096,3435.19
16,8192,64,8192,7013.84
16,8192,64,16384,13933.2
16,8192,128,16,367.644
16,8192,128,32,371.506
16,8192,128,64,379.793
16,8192,128,128,516.981
16,8192,128,256,735.15
16,8192,128,512,1184.52
16,8192,128,1024,2047.93
16,8192,128,2048,3728.4
16,8192,128,4096,7188.29
16,8192,128,8192,14251.1
16,8192,128,16384,28348.4
16,16384,0,0,476.488
16,16384,1,16,474.238
16,16384,1,32,474.144
16,16384,1,64,474.186
16,16384,1,128,474.089
16,16384,1,256,474.332
16,16384,1,512,474.355
16,16384,1,1024,474.484
16,16384,1,2048,474.621
16,16384,1,4096,474.431
16,16384,1,8192,474.42
16,16384,1,16384,475.198
16,16384,2,16,474.185
16,16384,2,32,474.174
16,16384,2,64,474.217
16,16384,2,128,474.217
16,16384,2,256,474.206
16,16384,2,512,474.419
16,16384,2,1024,474.899
16,16384,2,2048,474.729
16,16384,2,4096,474.889
16,16384,2,8192,474.953
16,16384,2,16384,476.456
16,16384,4,16,474.366
16,16384,4,32,474.335
16,16384,4,64,474.344
16,16384,4,128,474.43
16,16384,4,256,474.408
16,16384,4,512,475.006
16,16384,4,1024,475.412
16,16384,4,2048,475.518
16,16384,4,4096,476.617
16,16384,4,8192,477.534
16,16384,4,16384,482.43
16,16384,8,16,474.218
16,16384,8,32,474.121
16,16384,8,64,474.12
16,16384,8,128,474.217
16,16384,8,256,474.494
16,16384,8,512,477.939
16,16384,8,1024,494.154
16,16384,8,2048,528.351
16,16384,8,4096,595.745
16,16384,8,8192,721.251
16,16384,8,16384,960.156
16,16384,16,16,475.294
16,16384,16,32,475.965
16,16384,16,64,474.708
16,16384,16,128,481.833
16,16384,16,256,492.412
16,16384,16,512,516.032
16,16384,16,1024,560.725
16,16384,16,2048,652.364
16,16384,16,4096,842.789
16,16384,16,8192,1213.36
16,16384,16,16384,1961.58
16,16384,32,16,486.59
16,16384,32,32,487.838
16,16384,32,64,489.48
16,16384,32,128,507.732
16,16384,32,256,532.831
16,16384,32,512,584.811
16,16384,32,1024,695.341
16,16384,32,2048,945.457
16,16384,32,4096,1541.23
16,16384,32,8192,2639.85
16,16384,32,16384,4685.46
16,16384,64,16,519.283
16,16384,64,32,521.725
16,16384,64,64,523.487
16,16384,64,128,568.17
16,16384,64,256,675.917
16,16384,64,512,900.581
16,16384,64,1024,1328.93
16,16384,64,2048,2177.25
16,16384,64,4096,3767.98
16,16384,64,8192,7159.79
16,16384,64,16384,13904.4
16,16384,128,16,588.438
16,16384,128,32,592.342
16,16384,128,64,602.251
16,16384,128,128,737.282
16,16384,128,256,963.281
16,16384,128,512,1436.74
16,16384,128,1024,2328.35
16,16384,128,2048,4056.96
16,16384,128,4096,7468.23
16,16384,128,8192,14356.9
16,16384,128,16384,28443.3
32,0,0,0,12.5333
32,0,1,16,12.683
32,0,1,32,12.704
32,0,1,64,12.6937
32,0,1,128,14.9873
32,0,1,256,18.4117
32,0,1,512,25.472
32,0,1,1024,39.8193
32,0,1,2048,68.545
32,0,1,4096,126.296
32,0,1,8192,240.666
32,0,1,16384,471.132
32,0,2,16,12.4807
32,0,2,32,12.5013
32,0,2,64,12.5013
32,0,2,128,15.1143
32,0,2,256,18.6667
32,0,2,512,25.814
32,0,2,1024,40.054
32,0,2,2048,68.951
32,0,2,4096,126.53
32,0,2,8192,241.529
32,0,2,16384,474.11
32,0,4,16,12.5653
32,0,4,32,12.5977
32,0,4,64,12.6933
32,0,4,128,15.062
32,0,4,256,18.6983
32,0,4,512,25.8667
32,0,4,1024,40.5447
32,0,4,2048,69.7297
32,0,4,4096,127.992
32,0,4,8192,245.455
32,0,4,16384,477.587
32,0,8,16,18.2833
32,0,8,32,18.3897
32,0,8,64,18.5283
32,0,8,128,24.1283
32,0,8,256,31.7443
32,0,8,512,46.0163
32,0,8,1024,74.9987
32,0,8,2048,133.933
32,0,8,4096,251.929
32,0,8,8192,487.197
32,0,8,16384,955.867
32,0,16,16,28.9603
32,0,16,32,29.3553
32,0,16,64,29.7497
32,0,16,128,41.174
32,0,16,256,55.649
32,0,16,512,83.788
32,0,16,1024,143.437
32,0,16,2048,261.082
32,0,16,4096,495.412
32,0,16,8192,968.401
32,0,16,16384,1913.46
32,0,32,16,44.6837
32,0,32,32,45.7607
32,0,32,64,46.6147
32,0,32,128,67.532
32,0,32,256,93.6017
32,0,32,512,147.565
32,0,32,1024,255.578
32,0,32,2048,468.744
32,0,32,4096,1027.59
32,0,32,8192,2190.32
32,0,32,16384,4380.9
32,0,64,16,76.8337
32,0,64,32,78.6893
32,0,64,64,81.132
32,0,64,128,127.704
32,0,64,256,216.729
32,0,64,512,423.41
32,0,64,1024,811.343
32,0,64,2048,1663.14
32,0,64,4096,3333.12
32,0,64,8192,6993.23
32,0,64,16384,13926.5
32,0,128,16,141.176
32,0,128,32,144.77
32,0,128,64,151.448
32,0,128,128,277.797
32,0,128,256,479.869
32,0,128,512,921.52
32,0,128,1024,1801.38
32,0,128,2048,3559.25
32,0,128,4096,7088.05
32,0,128,8192,14150.7
32,0,128,16384,28274.3
32,16,0,0,12.6293
32,16,1,16,12.79
32,16,1,32,12.8213
32,16,1,64,12.928
32,16,1,128,14.944
32,16,1,256,18.411
32,16,1,512,25.398
32,16,1,1024,39.8623
32,16,1,2048,68.5877
32,16,1,4096,126.114
32,16,1,8192,240.825
32,16,1,16384,471.314
32,16,2,16,12.4907
32,16,2,32,12.5653
32,16,2,64,12.6827
32,16,2,128,15.1263
32,16,2,256,18.72
32,16,2,512,25.8137
32,16,2,1024,40.1073
32,16,2,2048,68.9613
32,16,2,4096,126.669
32,16,2,8192,241.71
32,16,2,16384,474.013
32,16,4,16,12.6403
32,16,4,32,12.8647
32,16,4,64,12.8853
32,16,4,128,15.083
32,16,4,256,18.6777
32,16,4,512,25.91
32,16,4,1024,40.3847
32,16,4,2048,69.7503
32,16,4,4096,127.82
32,16,4,8192,245.316
32,16,4,16384,478.077
32,16,8,16,18.4323
32,16,8,32,18.5713
32,16,8,64,18.838
32,16,8,128,24.022
32,16,8,256,31.6163
32,16,8,512,46.1343
32,16,8,1024,74.9773
32,16,8,2048,134.435
32,16,8,4096,251.77
32,16,8,8192,486.76
32,16,8,16384,955.982
32,16,16,16,29.099
32,16,16,32,29.5687
32,16,16,64,29.953
32,16,16,128,41.1527
32,16,16,256,55.318
32,16,16,512,83.9797
32,16,16,1024,143.362
32,16,16,2048,260.09
32,16,16,4096,494.536
32,16,16,8192,965.318
32,16,16,16384,1911.16
32,16,32,16,44.7477
32,16,32,32,45.7923
32,16,32,64,46.646
32,16,32,128,67.5107
32,16,32,256,93.9107
32,16,32,512,147.949
32,16,32,1024,255.599
32,16,32,2048,470.494
32,16,32,4096,983.336
32,16,32,8192,2072.43
32,16,32,16384,4476.54
32,16,64,16,76.6947
32,16,64,32,78.529
32,16,64,64,81.3453
32,16,64,128,127.554
32,16,64,256,217.966
32,16,64,512,434.183
32,16,64,1024,819.981
32,16,64,2048,1659.28
32,16,64,4096,3311.32
32,16,64,8192,6939.93
32,16,64,16384,13898.6
32,16,128,16,141.09
32,16,128,32,144.898
32,16,128,64,151.511
32,16,128,128,279.301
32,16,128,256,482.024
32,16,128,512,922.201
32,16,128,1024,1800.8
32,16,128,2048,3566.28
32,16,128,4096,7088.1
32,16,128,8192,14155.3
32,16,128,16384,28276.8
32,32,0,0,12.7257
32,32,1,16,12.7043
32,32,1,32,12.779
32,32,1,64,12.7467
32,32,1,128,14.944
32,32,1,256,18.4643
32,32,1,512,25.4623
32,32,1,1024,39.8507
32,32,1,2048,68.6093
32,32,1,4096,126.179
32,32,1,8192,240.718
32,32,1,16384,471.144
32,32,2,16,12.5223
32,32,2,32,12.544
32,32,2,64,12.662
32,32,2,128,15.1573
32,32,2,256,18.688
32,32,2,512,25.771
32,32,2,1024,40.0433
32,32,2,2048,69.0467
32,32,2,4096,126.679
32,32,2,8192,241.497
32,32,2,16384,474.044
32,32,4,16,12.6187
32,32,4,32,12.8217
32,32,4,64,12.9713
32,32,4,128,15.072
32,32,4,256,18.7737
32,32,4,512,25.8987
32,32,4,1024,40.4703
32,32,4,2048,69.8037
32,32,4,4096,127.896
32,32,4,8192,245.487
32,32,4,16384,477.746
32,32,8,16,18.518
32,32,8,32,18.5177
32,32,8,64,18.9553
32,32,8,128,24.1503
32,32,8,256,31.6693
32,32,8,512,45.8887
32,32,8,1024,74.9347
32,32,8,2048,134.391
32,32,8,4096,251.236
32,32,8,8192,486.76
32,32,8,16384,955.93
32,32,16,16,28.9817
32,32,16,32,29.4937
32,32,16,64,30.0377
32,32,16,128,41.0777
32,32,16,256,55.4883
32,32,16,512,83.937
32,32,16,1024,143.437
32,32,16,2048,261.029
32,32,16,4096,495.56
32,32,16,8192,966.885
32,32,16,16384,1902.24
32,32,32,16,44.7153
32,32,32,32,45.782
32,32,32,64,46.8593
32,32,32,128,67.5643
32,32,32,256,93.9107
32,32,32,512,147.671
32,32,32,1024,256.175
32,32,32,2048,473.097
32,32,32,4096,1018.01
32,32,32,8192,2153.85
32,32,32,16384,4289.23
32,32,64,16,76.7477
32,32,64,32,78.753
32,32,64,64,81.3343
32,32,64,128,127.757
32,32,64,256,219.108
32,32,64,512,425.116
32,32,64,1024,823.64
32,32,64,2048,1668.35
32,32,64,4096,3281.81
32,32,64,8192,6824.57
32,32,64,16384,13825.7
32,32,128,16,141.272
32,32,128,32,144.845
32,32,128,64,151.821
32,32,128,128,276.879
32,32,128,256,480.072
32,32,128,512,921.114
32,32,128,1024,1801.72
32,32,128,2048,3561.72
32,32,128,4096,7090.07
32,32,128,8192,14147.5
32,32,128,16384,28287.3
32,64,0,0,12.832
32,64,1,16,12.7577
32,64,1,32,12.8643
32,64,1,64,12.9383
32,64,1,128,14.9867
32,64,1,256,18.422
32,64,1,512,25.4087
32,64,1,1024,39.766
32,64,1,2048,68.6517
32,64,1,4096,126.146
32,64,1,8192,240.826
32,64,1,16384,471.187
32,64,2,16,12.5227
32,64,2,32,12.6297
32,64,2,64,12.8003
32,64,2,128,15.1257
32,64,2,256,18.6453
32,64,2,512,25.856
32,64,2,1024,40.1397
32,64,2,2048,69.0037
32,64,2,4096,126.563
32,64,2,8192,241.518
32,64,2,16384,474.013
32,64,4,16,12.6397
32,64,4,32,12.7257
32,64,4,64,12.8217
32,64,4,128,15.1043
32,64,4,256,18.689
32,64,4,512,25.9737
32,64,4,1024,40.5557
32,64,4,2048,69.804
32,64,4,4096,128.023
32,64,4,8192,244.709
32,64,4,16384,477.405
32,64,8,16,18.6247
32,64,8,32,18.795
32,64,8,64,19.126
32,64,8,128,24.1497
32,64,8,256,31.51
32,64,8,512,46.0913
32,64,8,1024,74.6677
32,64,8,2048,133.965
32,64,8,4096,250.895
32,64,8,8192,486.781
32,64,8,16384,955.833
32,64,16,16,29.0133
32,64,16,32,29.6533
32,64,16,64,30.1663
32,64,16,128,41.1097
32,64,16,256,55.521
32,64,16,512,83.7137
32,64,16,1024,143.331
32,64,16,2048,260.239
32,64,16,4096,495.025
32,64,16,8192,964.056
32,64,16,16384,1901.48
32,64,32,16,44.79
32,64,32,32,45.654
32,64,32,64,46.8063
32,64,32,128,67.6177
32,64,32,256,93.7293
32,64,32,512,148.364
32,64,32,1024,256.666
32,64,32,2048,470.45
32,64,32,4096,1000.87
32,64,32,8192,2226.96
32,64,32,16384,4497.06
32,64,64,16,76.8437
32,64,64,32,78.8493
32,64,64,64,81.6123
32,64,64,128,127.874
32,64,64,256,217.763
32,64,64,512,428.135
32,64,64,1024,807.576
32,64,64,2048,1659.97
32,64,64,4096,3322.11
32,64,64,8192,6869.73
32,64,64,16384,13878.6
32,64,128,16,141.357
32,64,128,32,144.973
32,64,128,64,152.067
32,64,128,128,280.697
32,64,128,256,480.36
32,64,128,512,920.654
32,64,128,1024,1803.09
32,64,128,2048,3568.79
32,64,128,4096,7093.4
32,64,128,8192,14158.8
32,64,128,16384,28273.4
32,128,0,0,16.3627
32,128,1,16,15.3173
32,128,1,32,15.275
32,128,1,64,15.264
32,128,1,128,16.1923
32,128,1,256,18.4327
32,128,1,512,25.4297
32,128,1,1024,39.8413
32,128,1,2048,68.641
32,128,1,4096,126.327
32,128,1,8192,240.697
32,128,1,16384,470.973
32,128,2,16,15.4773
32,128,2,32,15.4563
32,128,2,64,15.4773
32,128,2,128,16.2137
32,128,2,256,18.8267
32,128,2,512,25.7713
32,128,2,1024,40.011
32,128,2,2048,69.0357
32,128,2,4096,126.658
32,128,2,8192,241.688
32,128,2,16384,473.98
32,128,4,16,14.9127
32,128,4,32,14.9227
32,128,4,64,14.9657
32,128,4,128,16.1497
32,128,4,256,18.7413
32,128,4,512,25.9203
32,128,4,1024,40.3417
32,128,4,2048,69.772
32,128,4,4096,128.14
32,128,4,8192,245.795
32,128,4,16384,477.436
32,128,8,16,22.027
32,128,8,32,22.1767
32,128,8,64,22.411
32,128,8,128,25.91
32,128,8,256,31.755
32,128,8,512,46.016
32,128,8,1024,74.945
32,128,8,2048,133.964
32,128,8,4096,251.47
32,128,8,8192,487.036
32,128,8,16384,954.511
32,128,16,16,32.502
32,128,16,32,32.8637
32,128,16,64,33.281
32,128,16,128,42.8167
32,128,16,256,55.7133
32,128,16,512,84.044
32,128,16,1024,144.343
32,128,16,2048,261.999
32,128,16,4096,497.051
32,128,16,8192,968.314
32,128,16,16384,1918.84
32,128,32,16,46.6773
32,128,32,32,47.286
32,128,32,64,47.8093
32,128,32,128,69.025
32,128,32,256,94.7213
32,128,32,512,148.354
32,128,32,1024,260.665
32,128,32,2048,480.424
32,128,32,4096,1004.07
32,128,32,8192,2207.28
32,128,32,16384,4410.35
32,128,64,16,76.8447
32,128,64,32,78.7317
32,128,64,64,81.1857
32,128,64,128,129.09
32,128,64,256,222.265
32,128,64,512,435.985
32,128,64,1024,833.624
32,128,64,2048,1670
32,128,64,4096,3331.1
32,128,64,8192,6950.2
32,128,64,16384,13868.8
32,128,128,16,141.624
32,128,128,32,145.335
32,128,128,64,151.885
32,128,128,128,280.985
32,128,128,256,482.514
32,128,128,512,919.417
32,128,128,1024,1803.71
32,128,128,2048,3566.53
32,128,128,4096,7092.05
32,128,128,8192,14151.6
32,128,128,16384,28277.4
32,256,0,0,19.787
32,256,1,16,18.7093
32,256,1,32,18.7097
32,256,1,64,18.699
32,256,1,128,18.752
32,256,1,256,19.7443
32,256,1,512,25.4723
32,256,1,1024,39.8513
32,256,1,2048,68.6517
32,256,1,4096,126.263
32,256,1,8192,240.632
32,256,1,16384,471.036
32,256,2,16,19.0187
32,256,2,32,19.0403
32,256,2,64,19.062
32,256,2,128,19.296
32,256,2,256,19.7333
32,256,2,512,25.856
32,256,2,1024,40.054
32,256,2,2048,68.9823
32,256,2,4096,126.69
32,256,2,8192,241.539
32,256,2,16384,474.012
32,256,4,16,18.5177
32,256,4,32,18.4753
32,256,4,64,18.56
32,256,4,128,18.9023
32,256,4,256,19.915
32,256,4,512,25.963
32,256,4,1024,40.47
32,256,4,2048,69.7397
32,256,4,4096,128.194
32,256,4,8192,244.846
32,256,4,16384,477.533
32,256,8,16,25.494
32,256,8,32,25.739
32,256,8,64,25.9627
32,256,8,128,29.355
32,256,8,256,33.1313
32,256,8,512,45.9423
32,256,8,1024,74.7103
32,256,8,2048,133.73
32,256,8,4096,251.097
32,256,8,8192,486.227
32,256,8,16384,956.548
32,256,16,16,36.2887
32,256,16,32,36.4797
32,256,16,64,36.8437
32,256,16,128,46.4003
32,256,16,256,57.4087
32,256,16,512,84.119
32,256,16,1024,144.462
32,256,16,2048,266.266
32,256,16,4096,499.954
32,256,16,8192,970.403
32,256,16,16384,1915.58
32,256,32,16,51.6163
32,256,32,32,52.3317
32,256,32,64,53.0783
32,256,32,128,69.1103
32,256,32,256,96.3
32,256,32,512,149.399
32,256,32,1024,267.769
32,256,32,2048,483.068
32,256,32,4096,1013.39
32,256,32,8192,2306.23
32,256,32,16384,4309.56
32,256,64,16,79.564
32,256,64,32,81.0573
32,256,64,64,83.82
32,256,64,128,129.719
32,256,64,256,225.593
32,256,64,512,436.305
32,256,64,1024,833.1
32,256,64,2048,1689.18
32,256,64,4096,3379.28
32,256,64,8192,6912.87
32,256,64,16384,13903.1
32,256,128,16,142.487
32,256,128,32,145.943
32,256,128,64,153.09
32,256,128,128,283.385
32,256,128,256,486.866
32,256,128,512,922.115
32,256,128,1024,1803.22
32,256,128,2048,3564.99
32,256,128,4096,7098.99
32,256,128,8192,14159.6
32,256,128,16384,28279.3
32,512,0,0,26.72
32,512,1,16,25.7173
32,512,1,32,25.707
32,512,1,64,25.7283
32,512,1,128,25.8353
32,512,1,256,25.8347
32,512,1,512,26.7417
32,512,1,1024,39.8837
32,512,1,2048,68.716
32,512,1,4096,126.274
32,512,1,8192,240.633
32,512,1,16384,471.003
32,512,2,16,26.0057
32,512,2,32,26.0267
32,512,2,64,26.0383
32,512,2,128,26.432
32,512,2,256,26.368
32,512,2,512,26.806
32,512,2,1024,40.2037
32,512,2,2048,68.982
32,512,2,4096,126.861
32,512,2,8192,241.635
32,512,2,16384,474.417
32,512,4,16,25.5257
32,512,4,32,25.5147
32,512,4,64,25.5257
32,512,4,128,25.8033
32,512,4,256,26.614
32,512,4,512,26.9977
32,512,4,1024,40.7153
32,512,4,2048,69.8677
32,512,4,4096,128.023
32,512,4,8192,245.198
32,512,4,16384,477.277
32,512,8,16,32.3733
32,512,8,32,32.4797
32,512,8,64,32.8757
32,512,8,128,36.0863
32,512,8,256,40.0533
32,512,8,512,47.4033
32,512,8,1024,74.8917
32,512,8,2048,133.506
32,512,8,4096,252.196
32,512,8,8192,488.359
32,512,8,16384,957.624
32,512,16,16,43.158
32,512,16,32,43.403
32,512,16,64,43.8833
32,512,16,128,53.558
32,512,16,256,64.097
32,512,16,512,86.0277
32,512,16,1024,144.791
32,512,16,2048,267.524
32,512,16,4096,513.362
32,512,16,8192,998.681
32,512,16,16384,1952.55
32,512,32,16,58.6567
32,512,32,32,59.457
32,512,32,64,60.6947
32,512,32,128,79.2543
32,512,32,256,98.2197
32,512,32,512,152.152
32,512,32,1024,263.278
32,512,32,2048,542.685
32,512,32,4096,1228.92
32,512,32,8192,2310.1
32,512,32,16384,4689.11
32,512,64,16,88.652
32,512,64,32,89.7927
32,512,64,64,91.5533
32,512,64,128,132.93
32,512,64,256,226.574
32,512,64,512,420.636
32,512,64,1024,845.25
32,512,64,2048,1706.45
32,512,64,4096,3369.97
32,512,64,8192,6887.32
32,512,64,16384,13949.1
32,512,128,16,149.517
32,512,128,32,153.069
32,512,128,64,160.024
32,512,128,128,285.039
32,512,128,256,489.298
32,512,128,512,927.213
32,512,128,1024,1808.66
32,512,128,2048,3567.26
32,512,128,4096,7094.68
32,512,128,8192,14158.1
32,512,128,16384,28278.3
32,1024,0,0,41.1633
32,1024,1,16,39.9793
32,1024,1,32,40.0853
32,1024,1,64,40.022
32,1024,1,128,40.0643
32,1024,1,256,40.0857
32,1024,1,512,40.2673
32,1024,1,1024,41.099
32,1024,1,2048,68.7903
32,1024,1,4096,126.306
32,1024,1,8192,240.771
32,1024,1,16384,471.228
32,1024,2,16,40.15
32,1024,2,32,40.2887
32,1024,2,64,40.2883
32,1024,2,128,40.321
32,1024,2,256,40.5983
32,1024,2,512,40.8437
32,1024,2,1024,41.2277
32,1024,2,2048,68.8437
32,1024,2,4096,126.786
32,1024,2,8192,241.753
32,1024,2,16384,474.033
32,1024,4,16,39.8407
32,1024,4,32,39.8197
32,1024,4,64,39.8513
32,1024,4,128,40.139
32,1024,4,256,40.5023
32,1024,4,512,40.992
32,1024,4,1024,41.2493
32,1024,4,2048,69.857
32,1024,4,4096,128.002
32,1024,4,8192,244.761
32,1024,4,16384,478.3
32,1024,8,16,46.134
32,1024,8,32,46.486
32,1024,8,64,46.7743
32,1024,8,128,50.1443
32,1024,8,256,53.921
32,1024,8,512,61.3233
32,1024,8,1024,77.185
32,1024,8,2048,132.301
32,1024,8,4096,253.274
32,1024,8,8192,490.214
32,1024,8,16384,965.123
32,1024,16,16,56.8223
32,1024,16,32,57.3127
32,1024,16,64,57.7177
32,1024,16,128,67.2757
32,1024,16,256,78.081
32,1024,16,512,99.2333
32,1024,16,1024,146.765
32,1024,16,2048,266.041
32,1024,16,4096,511.1
32,1024,16,8192,1032.9
32,1024,16,16384,2040.85
32,1024,32,16,72.705
32,1024,32,32,73.5477
32,1024,32,64,74.4227
32,1024,32,128,92.9827
32,1024,32,256,117.687
32,1024,32,512,163.629
32,1024,32,1024,264.217
32,1024,32,2048,534.599
32,1024,32,4096,1214.43
32,1024,32,8192,2495.37
32,1024,32,16384,5169.7
32,1024,64,16,104.556
32,1024,64,32,106.039
32,1024,64,64,108.162
32,1024,64,128,150.999
32,1024,64,256,241.913
32,1024,64,512,443.526
32,1024,64,1024,826.038
32,1024,64,2048,1699.23
32,1024,64,4096,3405.46
32,1024,64,8192,6948.55
32,1024,64,16384,13883.7
32,1024,128,16,164.408
32,1024,128,32,168.568
32,1024,128,64,175.768
32,1024,128,128,298.713
32,1024,128,256,496.199
32,1024,128,512,934.583
32,1024,128,1024,1816.8
32,1024,128,2048,3572.82
32,1024,128,4096,7097.28
32,1024,128,8192,14168.9
32,1024,128,16384,28290.3
32,2048,0,0,69.836
32,2048,1,16,68.6833
32,2048,1,32,68.7367
32,2048,1,64,68.6833
32,2048,1,128,68.769
32,2048,1,256,68.8547
32,2048,1,512,68.9503
32,2048,1,1024,69.025
32,2048,1,2048,69.8997
32,2048,1,4096,126.263
32,2048,1,8192,240.643
32,2048,1,16384,471.239
32,2048,2,16,68.9397
32,2048,2,32,68.8967
32,2048,2,64,68.8753
32,2048,2,128,68.9287
32,2048,2,256,69.452
32,2048,2,512,69.5373
32,2048,2,1024,69.5153
32,2048,2,2048,69.8357
32,2048,2,4096,126.701
32,2048,2,8192,241.721
32,2048,2,16384,474.332
32,2048,4,16,68.459
32,2048,4,32,68.5237
32,2048,4,64,68.5343
32,2048,4,128,68.8433
32,2048,4,256,69.3447
32,2048,4,512,69.6223
32,2048,4,1024,69.8573
32,2048,4,2048,70.6467
32,2048,4,4096,128.13
32,2048,4,8192,244.974
32,2048,4,16384,478.129
32,2048,8,16,74.273
32,2048,8,32,74.2727
32,2048,8,64,75.319
32,2048,8,128,77.718
32,2048,8,256,81.8577
32,2048,8,512,89.5157
32,2048,8,1024,104.641
32,2048,8,2048,135.799
32,2048,8,4096,253.048
32,2048,8,8192,490.323
32,2048,8,16384,964.95
32,2048,16,16,84.513
32,2048,16,32,84.897
32,2048,16,64,85.2807
32,2048,16,128,94.956
32,2048,16,256,105.954
32,2048,16,512,127.767
32,2048,16,1024,171.959
32,2048,16,2048,266.937
32,2048,16,4096,513.372
32,2048,16,8192,1027.76
32,2048,16,16384,2007.47
32,2048,32,16,100.567
32,2048,32,32,101.025
32,2048,32,64,102.028
32,2048,32,128,121.431
32,2048,32,256,146.936
32,2048,32,512,198.68
32,2048,32,1024,290.009
32,2048,32,2048,494.865
32,2048,32,4096,1180.27
32,2048,32,8192,2490.46
32,2048,32,16384,4934.92
32,2048,64,16,132.663
32,2048,64,32,134.295
32,2048,64,64,136.183
32,2048,64,128,179.927
32,2048,64,256,288.047
32,2048,64,512,476.348
32,2048,64,1024,853.399
32,2048,64,2048,1699.38
32,2048,64,4096,3411.4
32,2048,64,8192,6984.32
32,2048,64,16384,13931.6
32,2048,128,16,196.61
32,2048,128,32,200.451
32,2048,128,64,206.637
32,2048,128,128,334.565
32,2048,128,256,534.876
32,2048,128,512,961.293
32,2048,128,1024,1829.81
32,2048,128,2048,3587.32
32,2048,128,4096,7113.71
32,2048,128,8192,14174.6
32,2048,128,16384,28296.2
32,4096,0,0,127.298
32,4096,1,16,125.997
32,4096,1,32,126.039
32,4096,1,64,126.039
32,4096,1,128,126.05
32,4096,1,256,126.071
32,4096,1,512,126.381
32,4096,1,1024,126.487
32,4096,1,2048,126.445
32,4096,1,4096,127.522
32,4096,1,8192,240.889
32,4096,1,16384,471.323
32,4096,2,16,126.124
32,4096,2,32,126.125
32,4096,2,64,126.306
32,4096,2,128,126.423
32,4096,2,256,126.327
32,4096,2,512,126.754
32,4096,2,1024,126.893
32,4096,2,2048,127.095
32,4096,2,4096,127.532
32,4096,2,8192,242.019
32,4096,2,16384,474.31
32,4096,4,16,125.847
32,4096,4,32,125.857
32,4096,4,64,125.922
32,4096,4,128,126.221
32,4096,4,256,126.349
32,4096,4,512,126.956
32,4096,4,1024,127.329
32,4096,4,2048,127.596
32,4096,4,4096,128.663
32,4096,4,8192,245.39
32,4096,4,16384,479.164
32,4096,8,16,129.698
32,4096,8,32,129.613
32,4096,8,64,129.783
32,4096,8,128,133.847
32,4096,8,256,137.89
32,4096,8,512,144.727
32,4096,8,1024,160.162
32,4096,8,2048,191.853
32,4096,8,4096,252.858
32,4096,8,8192,489.157
32,4096,8,16384,963.576
32,4096,16,16,139.661
32,4096,16,32,140.173
32,4096,16,64,141.132
32,4096,16,128,150.135
32,4096,16,256,160.973
32,4096,16,512,183.021
32,4096,16,1024,228.259
32,4096,16,2048,315.022
32,4096,16,4096,509.714
32,4096,16,8192,1022.1
32,4096,16,16384,1994.45
32,4096,32,16,155.351
32,4096,32,32,156.546
32,4096,32,64,157.133
32,4096,32,128,176.845
32,4096,32,256,202.659
32,4096,32,512,256.441
32,4096,32,1024,364.378
32,4096,32,2048,564.114
32,4096,32,4096,1067.1
32,4096,32,8192,2543.83
32,4096,32,16384,4913.52
32,4096,64,16,187.97
32,4096,64,32,189.837
32,4096,64,64,192.29
32,4096,64,128,238.168
32,4096,64,256,353.029
32,4096,64,512,558.044
32,4096,64,1024,950.528
32,4096,64,2048,1739.74
32,4096,64,4096,3369.12
32,4096,64,8192,6941.98
32,4096,64,16384,13956.7
32,4096,128,16,256.91
32,4096,128,32,260.676
32,4096,128,64,268.633
32,4096,128,128,402.448
32,4096,128,256,606.93
32,4096,128,512,1040.23
32,4096,128,1024,1883.75
32,4096,128,2048,3617.4
32,4096,128,4096,7137.74
32,4096,128,8192,14204.2
32,4096,128,16384,28338.4
32,8192,0,0,243.107
32,8192,1,16,241.689
32,8192,1,32,241.795
32,8192,1,64,241.785
32,8192,1,128,241.838
32,8192,1,256,241.933
32,8192,1,512,241.966
32,8192,1,1024,242.009
32,8192,1,2048,241.986
32,8192,1,4096,241.924
32,8192,1,8192,242.68
32,8192,1,16384,471.302
32,8192,2,16,241.923
32,8192,2,32,241.87
32,8192,2,64,241.912
32,8192,2,128,242.286
32,8192,2,256,242.338
32,8192,2,512,242.307
32,8192,2,1024,242.659
32,8192,2,2048,242.574
32,8192,2,4096,242.606
32,8192,2,8192,242.969
32,8192,2,16384,474.577
32,8192,4,16,241.486
32,8192,4,32,241.677
32,8192,4,64,241.646
32,8192,4,128,241.955
32,8192,4,256,242.008
32,8192,4,512,242.36
32,8192,4,1024,242.702
32,8192,4,2048,243.181
32,8192,4,4096,244.163
32,8192,4,8192,246.542
32,8192,4,16384,479.069
32,8192,8,16,241.688
32,8192,8,32,241.614
32,8192,8,64,241.923
32,8192,8,128,246.127
32,8192,8,256,248.803
32,8192,8,512,256.579
32,8192,8,1024,271.415
32,8192,8,2048,304.431
32,8192,8,4096,367.856
32,8192,8,8192,489.723
32,8192,8,16384,962.008
32,8192,16,16,251.107
32,8192,16,32,250.873
32,8192,16,64,252.323
32,8192,16,128,260.398
32,8192,16,256,271.854
32,8192,16,512,293.839
32,8192,16,1024,339.844
32,8192,16,2048,430.852
32,8192,16,4096,620.968
32,8192,16,8192,988.333
32,8192,16,16384,2053.45
32,8192,32,16,265.976
32,8192,32,32,267.043
32,8192,32,64,267.619
32,8192,32,128,287.514
32,8192,32,256,312.43
32,8192,32,512,366.81
32,8192,32,1024,476.166
32,8192,32,2048,707.784
32,8192,32,4096,1264.85
32,8192,32,8192,2199.25
32,8192,32,16384,4949.8
32,8192,64,16,298.287
32,8192,64,32,300.707
32,8192,64,64,302.894
32,8192,64,128,347.396
32,8192,64,256,465.254
32,8192,64,512,677.897
32,8192,64,1024,1084.16
32,8192,64,2048,1902.48
32,8192,64,4096,3442.29
32,8192,64,8192,7045.68
32,8192,64,16384,13906.3
32,8192,128,16,367.93
32,8192,128,32,371.664
32,8192,128,64,380.432
32,8192,128,128,515.527
32,8192,128,256,735.572
32,8192,128,512,1187.25
32,8192,128,1024,2044.34
32,8192,128,2048,3749.14
32,8192,128,4096,7195.55
32,8192,128,8192,14253.3
32,8192,128,16384,28362.4
32,16384,0,0,476.358
32,16384,1,16,474.663
32,16384,1,32,474.768
32,16384,1,64,474.576
32,16384,1,128,474.683
32,16384,1,256,474.662
32,16384,1,512,474.79
32,16384,1,1024,474.801
32,16384,1,2048,474.844
32,16384,1,4096,474.971
32,16384,1,8192,474.918
32,16384,1,16384,475.558
32,16384,2,16,474.789
32,16384,2,32,474.993
32,16384,2,64,474.886
32,16384,2,128,475.099
32,16384,2,256,475.302
32,16384,2,512,475.367
32,16384,2,1024,475.398
32,16384,2,2048,475.612
32,16384,2,4096,475.397
32,16384,2,8192,475.707
32,16384,2,16384,478.054
32,16384,4,16,474.534
32,16384,4,32,474.704
32,16384,4,64,474.846
32,16384,4,128,474.875
32,16384,4,256,475.506
32,16384,4,512,475.601
32,16384,4,1024,476.07
32,16384,4,2048,475.675
32,16384,4,4096,477.073
32,16384,4,8192,477.841
32,16384,4,16384,482.011
32,16384,8,16,474.62
32,16384,8,32,475.238
32,16384,8,64,474.449
32,16384,8,128,475.099
32,16384,8,256,475.249
32,16384,8,512,478.587
32,16384,8,1024,494.225
32,16384,8,2048,528.274
32,16384,8,4096,594.643
32,16384,8,8192,720.713
32,16384,8,16384,960.428
32,16384,16,16,476.134
32,16384,16,32,475.504
32,16384,16,64,474.876
32,16384,16,128,482.694
32,16384,16,256,492.337
32,16384,16,512,516.529
32,16384,16,1024,560.135
32,16384,16,2048,653.095
32,16384,16,4096,842.506
32,16384,16,8192,1231.45
32,16384,16,16384,1959.72
32,16384,32,16,489.148
32,16384,32,32,488.807
32,16384,32,64,488.614
32,16384,32,128,507.132
32,16384,32,256,534.769
32,16384,32,512,587.185
32,16384,32,1024,695.817
32,16384,32,2048,934.699
32,16384,32,4096,1532.64
32,16384,32,8192,2584.98
32,16384,32,16384,4622.75
32,16384,64,16,518.855
32,16384,64,32,522.385
32,16384,64,64,523.185
32,16384,64,128,570.418
32,16384,64,256,680.648
32,16384,64,512,903.713
32,16384,64,1024,1331.85
32,16384,64,2048,2187.61
32,16384,64,4096,3784.91
32,16384,64,8192,7124.88
32,16384,64,16384,13884.6
32,16384,128,16,588.391
32,16384,128,32,592.893
32,16384,128,64,603.143
32,16384,128,128,734.751
32,16384,128,256,965.025
32,16384,128,512,1446.12
32,16384,128,1024,2340.91
32,16384,128,2048,4066.32
32,16384,128,4096,7466.43
32,16384,128,8192,14361.6
32,16384,128,16384,28453.8
64,0,0,0,13.024
64,0,1,16,12.9707
64,0,1,32,13.056
64,0,1,64,13.0987
64,0,1,128,14.9227
64,0,1,256,18.2827
64,0,1,512,25.27
64,0,1,1024,39.6163
64,0,1,2048,68.438
64,0,1,4096,125.9
64,0,1,8192,240.387
64,0,1,16384,470.949
64,0,2,16,13.1417
64,0,2,32,13.184
64,0,2,64,13.1957
64,0,2,128,15.0397
64,0,2,256,18.624
64,0,2,512,25.611
64,0,2,1024,39.8297
64,0,2,2048,68.6623
64,0,2,4096,126.423
64,0,2,8192,241.144
64,0,2,16384,473.818
64,0,4,16,13.1417
64,0,4,32,13.227
64,0,4,64,13.248
64,0,4,128,15.2427
64,0,4,256,18.859
64,0,4,512,26.1867
64,0,4,1024,40.673
64,0,4,2048,69.8883
64,0,4,4096,127.862
64,0,4,8192,245.155
64,0,4,16384,477.275
64,0,8,16,18.9657
64,0,8,32,18.859
64,0,8,64,19.1363
64,0,8,128,24.203
64,0,8,256,31.851
64,0,8,512,46.0163
64,0,8,1024,75.1793
64,0,8,2048,134.423
64,0,8,4096,251.268
64,0,8,8192,486.556
64,0,8,16384,955.905
64,0,16,16,29.2907
64,0,16,32,29.8137
64,0,16,64,30.2083
64,0,16,128,41.2697
64,0,16,256,55.616
64,0,16,512,84.0757
64,0,16,1024,143.8
64,0,16,2048,260.803
64,0,16,4096,494.46
64,0,16,8192,968.384
64,0,16,16384,1906.18
64,0,32,16,44.9287
64,0,32,32,46.1453
64,0,32,64,46.9447
64,0,32,128,67.6917
64,0,32,256,94.7217
64,0,32,512,149.42
64,0,32,1024,258.051
64,0,32,2048,475.729
64,0,32,4096,980.942
64,0,32,8192,2208.83
64,0,32,16384,4602.88
64,0,64,16,76.801
64,0,64,32,78.593
64,0,64,64,80.8967
64,0,64,128,127.469
64,0,64,256,218.37
64,0,64,512,425.904
64,0,64,1024,807.424
64,0,64,2048,1670.34
64,0,64,4096,3308.76
64,0,64,8192,6786.77
64,0,64,16384,13841.7
64,0,128,16,141.42
64,0,128,32,145.271
64,0,128,64,152.28
64,0,128,128,277.902
64,0,128,256,482.011
64,0,128,512,921.493
64,0,128,1024,1803.4
64,0,128,2048,3563.21
64,0,128,4096,7085.82
64,0,128,8192,14153
64,0,128,16384,28273.8
64,16,0,0,13.12
64,16,1,16,12.9383
64,16,1,32,13.0777
64,16,1,64,13.1627
64,16,1,128,14.7847
64,16,1,256,18.2507
64,16,1,512,25.1847
64,16,1,1024,39.5417
64,16,1,2048,68.449
64,16,1,4096,125.964
64,16,1,8192,240.504
64,16,1,16384,471.163
64,16,2,16,13.0883
64,16,2,32,13.2163
64,16,2,64,13.2693
64,16,2,128,14.9767
64,16,2,256,18.7523
64,16,2,512,25.6643
64,16,2,1024,39.9147
64,16,2,2048,68.7367
64,16,2,4096,126.465
64,16,2,8192,241.123
64,16,2,16384,473.627
64,16,4,16,13.088
64,16,4,32,13.216
64,16,4,64,13.3333
64,16,4,128,15.2213
64,16,4,256,18.8907
64,16,4,512,26.1123
64,16,4,1024,40.886
64,16,4,2048,69.9843
64,16,4,4096,128.215
64,16,4,8192,244.845
64,16,4,16384,477.947
64,16,8,16,18.9757
64,16,8,32,19.0407
64,16,8,64,19.318
64,16,8,128,24.1283
64,16,8,256,31.8193
64,16,8,512,46.0057
64,16,8,1024,74.977
64,16,8,2048,133.964
64,16,8,4096,251.234
64,16,8,8192,487.185
64,16,8,16384,955.574
64,16,16,16,29.5257
64,16,16,32,29.963
64,16,16,64,30.1447
64,16,16,128,41.355
64,16,16,256,55.617
64,16,16,512,84.022
64,16,16,1024,143.266
64,16,16,2048,261.113
64,16,16,4096,495.973
64,16,16,8192,966.902
64,16,16,16384,1907.21
64,16,32,16,44.9817
64,16,32,32,46.0807
64,16,32,64,46.945
64,16,32,128,67.7883
64,16,32,256,94.5613
64,16,32,512,149.132
64,16,32,1024,258.627
64,16,32,2048,471.079
64,16,32,4096,970.827
64,16,32,8192,2154.81
64,16,32,16384,4399.7
64,16,64,16,76.8113
64,16,64,32,78.7637
64,16,64,64,80.9077
64,16,64,128,127.298
64,16,64,256,218.317
64,16,64,512,425.519
64,16,64,1024,808.148
64,16,64,2048,1658.8
64,16,64,4096,3321.43
64,16,64,8192,6952.99
64,16,64,16384,13978.7
64,16,128,16,141.506
64,16,128,32,145.389
64,16,128,64,151.82
64,16,128,128,279.331
64,16,128,256,480.944
64,16,128,512,921.567
64,16,128,1024,1803.34
64,16,128,2048,3561.99
64,16,128,4096,7090.15
64,16,128,8192,14154.9
64,16,128,16384,28285.6
64,32,0,0,13.2373
64,32,1,16,13.0133
64,32,1,32,13.0987
64,32,1,64,13.1947
64,32,1,128,14.8163
64,32,1,256,18.3893
64,32,1,512,25.2057
64,32,1,1024,39.563
64,32,1,2048,68.449
64,32,1,4096,125.985
64,32,1,8192,240.515
64,32,1,16384,471.13
64,32,2,16,13.195
64,32,2,32,13.2587
64,32,2,64,13.2907
64,32,2,128,15.008
64,32,2,256,18.4643
64,32,2,512,25.611
64,32,2,1024,39.915
64,32,2,2048,68.8433
64,32,2,4096,126.486
64,32,2,8192,241.369
64,32,2,16384,473.723
64,32,4,16,13.206
64,32,4,32,13.248
64,32,4,64,13.291
64,32,4,128,15.1683
64,32,4,256,18.8057
64,32,4,512,26.0483
64,32,4,1024,40.8433
64,32,4,2048,69.8567
64,32,4,4096,128.087
64,32,4,8192,245.24
64,32,4,16384,477.979
64,32,8,16,19.0613
64,32,8,32,19.1257
64,32,8,64,19.4453
64,32,8,128,24.2777
64,32,8,256,31.638
64,32,8,512,45.974
64,32,8,1024,75.148
64,32,8,2048,134.444
64,32,8,4096,251.373
64,32,8,8192,486.832
64,32,8,16384,956.94
64,32,16,16,29.4077
64,32,16,32,29.7923
64,32,16,64,30.4113
64,32,16,128,41.3337
64,32,16,256,55.5953
64,32,16,512,84.0867
64,32,16,1024,143.66
64,32,16,2048,260.526
64,32,16,4096,496.465
64,32,16,8192,966.869
64,32,16,16384,1902.73
64,32,32,16,45.078
64,32,32,32,46.1123
64,32,32,64,47.1583
64,32,32,128,67.702
64,32,32,256,94.742
64,32,32,512,149.292
64,32,32,1024,257.198
64,32,32,2048,479.695
64,32,32,4096,1000.86
64,32,32,8192,2057.75
64,32,32,16384,4358.88
64,32,64,16,76.8113
64,32,64,32,78.7103
64,32,64,64,80.929
64,32,64,128,127.606
64,32,64,256,218.68
64,32,64,512,423.119
64,32,64,1024,832.49
64,32,64,2048,1679.28
64,32,64,4096,3360.58
64,32,64,8192,6886.68
64,32,64,16384,13883.1
64,32,128,16,141.644
64,32,128,32,145.517
64,32,128,64,152.588
64,32,128,128,279.641
64,32,128,256,480.976
64,32,128,512,921.941
64,32,128,1024,1802.31
64,32,128,2048,3570.71
64,32,128,4096,7085.78
64,32,128,8192,14159.4
64,32,128,16384,28280.3
64,64,0,0,13.237
64,64,1,16,13.1413
64,64,1,32,13.2483
64,64,1,64,13.099
64,64,1,128,14.9123
64,64,1,256,18.219
64,64,1,512,25.259
64,64,1,1024,39.6167
64,64,1,2048,68.5653
64,64,1,4096,126.006
64,64,1,8192,240.472
64,64,1,16384,470.928
64,64,2,16,13.2377
64,64,2,32,13.3767
64,64,2,64,13.3333
64,64,2,128,15.1043
64,64,2,256,18.529
64,64,2,512,25.611
64,64,2,1024,39.9477
64,64,2,2048,68.8437
64,64,2,4096,126.455
64,64,2,8192,241.368
64,64,2,16384,473.413
64,64,4,16,13.056
64,64,4,32,13.291
64,64,4,64,13.387
64,64,4,128,15.2
64,64,4,256,18.7627
64,64,4,512,25.9843
64,64,4,1024,40.939
64,64,4,2048,69.9523
64,64,4,4096,127.969
64,64,4,8192,245.306
64,64,4,16384,477.594
64,64,8,16,19.0507
64,64,8,32,19.232
64,64,8,64,19.4457
64,64,8,128,24.427
64,64,8,256,31.8087
64,64,8,512,46.1023
64,64,8,1024,75.255
64,64,8,2048,134.178
64,64,8,4096,251.833
64,64,8,8192,487.47
64,64,8,16384,955.969
64,64,16,16,29.6113
64,64,16,32,30.1447
64,64,16,64,30.454
64,64,16,128,41.3873
64,64,16,256,55.6487
64,64,16,512,83.9797
64,64,16,1024,143.415
64,64,16,2048,261.176
64,64,16,4096,494.896
64,64,16,8192,967.787
64,64,16,16384,1900.39
64,64,32,16,45.067
64,64,32,32,46.187
64,64,32,64,47.0087
64,64,32,128,68.0007
64,64,32,256,94.7107
64,64,32,512,148.748
64,64,32,1024,258.029
64,64,32,2048,479.045
64,64,32,4096,998.496
64,64,32,8192,2254.08
64,64,32,16384,4490.32
64,64,64,16,76.8537
64,64,64,32,78.8057
64,64,64,64,81.036
64,64,64,128,127.789
64,64,64,256,218.744
64,64,64,512,426.885
64,64,64,1024,811.198
64,64,64,2048,1673.75
64,64,64,4096,3328.06
64,64,64,8192,6934.75
64,64,64,16384,13956.6
64,64,128,16,141.601
64,64,128,32,145.687
64,64,128,64,152.621
64,64,128,128,279.683
64,64,128,256,480.826
64,64,128,512,921.685
64,64,128,1024,1805.07
64,64,128,2048,3563.51
64,64,128,4096,7091.33
64,64,128,8192,14151.8
64,64,128,16384,28278.2
64,128,0,0,16.8107
64,128,1,16,15.5313
64,128,1,32,15.499
64,128,1,64,15.5413
64,128,1,128,16.171
64,128,1,256,18.3047
64,128,1,512,25.2693
64,128,1,1024,39.7227
64,128,1,2048,68.3737
64,128,1,4096,125.943
64,128,1,8192,240.526
64,128,1,16384,471.078
64,128,2,16,15.8827
64,128,2,32,15.872
64,128,2,64,15.862
64,128,2,128,16.3737
64,128,2,256,18.6137
64,128,2,512,25.6217
64,128,2,1024,39.9577
64,128,2,2048,68.8327
64,128,2,4096,126.604
64,128,2,8192,241.251
64,128,2,16384,473.882
64,128,4,16,15.307
64,128,4,32,15.3813
64,128,4,64,15.446
64,128,4,128,16.5233
64,128,4,256,18.9123
64,128,4,512,26.1123
64,128,4,1024,40.843
64,128,4,2048,69.9957
64,128,4,4096,128.001
64,128,4,8192,244.888
64,128,4,16384,477.649
64,128,8,16,22.6137
64,128,8,32,22.8483
64,128,8,64,23.0827
64,128,8,128,26.2083
64,128,8,256,31.723
64,128,8,512,45.8353
64,128,8,1024,74.859
64,128,8,2048,134.082
64,128,8,4096,251.747
64,128,8,8192,487.045
64,128,8,16384,955.787
64,128,16,16,33.1307
64,128,16,32,33.387
64,128,16,64,33.8887
64,128,16,128,43.136
64,128,16,256,55.9153
64,128,16,512,84.193
64,128,16,1024,145.313
64,128,16,2048,262.126
64,128,16,4096,497.351
64,128,16,8192,967.841
64,128,16,16384,1906.2
64,128,32,16,47.467
64,128,32,32,48.1923
64,128,32,64,48.758
64,128,32,128,69.2807
64,128,32,256,95.9153
64,128,32,512,150.498
64,128,32,1024,262.68
64,128,32,2048,482.596
64,128,32,4096,1038.24
64,128,32,8192,2211.16
64,128,32,16384,4510.06
64,128,64,16,76.7793
64,128,64,32,78.721
64,128,64,64,81.1637
64,128,64,128,129.303
64,128,64,256,222.638
64,128,64,512,438.501
64,128,64,1024,835.945
64,128,64,2048,1680.02
64,128,64,4096,3357.28
64,128,64,8192,6985.4
64,128,64,16384,13955.2
64,128,128,16,141.826
64,128,128,32,145.847
64,128,128,64,153.069
64,128,128,128,282.115
64,128,128,256,486.821
64,128,128,512,923.103
64,128,128,1024,1806.2
64,128,128,2048,3572.65
64,128,128,4096,7085.92
64,128,128,8192,14159.7
64,128,128,16384,28274.9
64,256,0,0,20.1603
64,256,1,16,19.0293
64,256,1,32,18.923
64,256,1,64,18.944
64,256,1,128,19.04
64,256,1,256,19.6373
64,256,1,512,25.4407
64,256,1,1024,39.7443
64,256,1,2048,68.4273
64,256,1,4096,126.06
64,256,1,8192,240.461
64,256,1,16384,471.045
64,256,2,16,19.318
64,256,2,32,19.4353
64,256,2,64,19.403
64,256,2,128,19.584
64,256,2,256,19.8613
64,256,2,512,25.7493
64,256,2,1024,39.958
64,256,2,2048,68.929
64,256,2,4096,126.498
64,256,2,8192,241.347
64,256,2,16384,473.893
64,256,4,16,18.9973
64,256,4,32,19.0087
64,256,4,64,18.9653
64,256,4,128,19.638
64,256,4,256,20
64,256,4,512,26.1973
64,256,4,1024,40.896
64,256,4,2048,70.113
64,256,4,4096,128.215
64,256,4,8192,245.08
64,256,4,16384,478.599
64,256,8,16,26.251
64,256,8,32,26.2193
64,256,8,64,26.5603
64,256,8,128,29.5787
64,256,8,256,33.43
64,256,8,512,45.9517
64,256,8,1024,75.0303
64,256,8,2048,134.125
64,256,8,4096,251.682
64,256,8,8192,486.895
64,256,8,16384,956.662
64,256,16,16,36.683
64,256,16,32,36.9177
64,256,16,64,37.4517
64,256,16,128,46.7523
64,256,16,256,57.6757
64,256,16,512,84.0857
64,256,16,1024,144.364
64,256,16,2048,267.395
64,256,16,4096,501.136
64,256,16,8192,984.854
64,256,16,16384,1910.05
64,256,32,16,52.2033
64,256,32,32,53.014
64,256,32,64,53.739
64,256,32,128,69.6753
64,256,32,256,97.185
64,256,32,512,151.361
64,256,32,1024,271.47
64,256,32,2048,489.606
64,256,32,4096,1014.17
64,256,32,8192,2136.58
64,256,32,16384,4299.5
64,256,64,16,79.8407
64,256,64,32,81.409
64,256,64,64,84.257
64,256,64,128,129.516
64,256,64,256,225.293
64,256,64,512,437.573
64,256,64,1024,847.561
64,256,64,2048,1690.25
64,256,64,4096,3363.74
64,256,64,8192,6895.09
64,256,64,16384,13954.9
64,256,128,16,142.936
64,256,128,32,146.508
64,256,128,64,153.719
64,256,128,128,284.803
64,256,128,256,490.075
64,256,128,512,922.506
64,256,128,1024,1806.97
64,256,128,2048,3566.41
64,256,128,4096,7097.9
64,256,128,8192,14158.7
64,256,128,16384,28286.7
64,512,0,0,27.2213
64,512,1,16,25.952
64,512,1,32,25.899
64,512,1,64,25.9203
64,512,1,128,26.0053
64,512,1,256,26.0483
64,512,1,512,26.7843
64,512,1,1024,39.766
64,512,1,2048,68.587
64,512,1,4096,126.071
64,512,1,8192,240.664
64,512,1,16384,470.97
64,512,2,16,26.432
64,512,2,32,26.4217
64,512,2,64,26.4003
64,512,2,128,26.5283
64,512,2,256,26.6667
64,512,2,512,26.998
64,512,2,1024,40.0433
64,512,2,2048,68.8967
64,512,2,4096,126.53
64,512,2,8192,241.55
64,512,2,16384,473.681
64,512,4,16,25.9627
64,512,4,32,25.995
64,512,4,64,25.9947
64,512,4,128,26.4747
64,512,4,256,26.688
64,512,4,512,27.2747
64,512,4,1024,40.555
64,512,4,2048,70.006
64,512,4,4096,128.172
64,512,4,8192,244.984
64,512,4,16384,477.956
64,512,8,16,33.0677
64,512,8,32,33.3333
64,512,8,64,33.2373
64,512,8,128,36.6513
64,512,8,256,40.5767
64,512,8,512,47.7767
64,512,8,1024,75.1373
64,512,8,2048,134.347
64,512,8,4096,252.599
64,512,8,8192,488.442
64,512,8,16384,958.678
64,512,16,16,43.6587
64,512,16,32,44.0753
64,512,16,64,44.4487
64,512,16,128,53.9843
64,512,16,256,64.7043
64,512,16,512,86.3053
64,512,16,1024,144.781
64,512,16,2048,267.374
64,512,16,4096,517.21
64,512,16,8192,997.919
64,512,16,16384,1989.82
64,512,32,16,59.4677
64,512,32,32,59.9903
64,512,32,64,61.056
64,512,32,128,79.7667
64,512,32,256,100.075
64,512,32,512,153.89
64,512,32,1024,265.378
64,512,32,2048,547.814
64,512,32,4096,1178.84
64,512,32,8192,2215.49
64,512,32,16384,4705.88
64,512,64,16,89.7077
64,512,64,32,90.593
64,512,64,64,91.8517
64,512,64,128,133.878
64,512,64,256,226.861
64,512,64,512,431.823
64,512,64,1024,847.561
64,512,64,2048,1714.27
64,512,64,4096,3390.62
64,512,64,8192,6949.89
64,512,64,16384,13958
64,512,128,16,150.284
64,512,128,32,153.912
64,512,128,64,160.631
64,512,128,128,284.494
64,512,128,256,489.669
64,512,128,512,931.699
64,512,128,1024,1811.54
64,512,128,2048,3565.54
64,512,128,4096,7095.21
64,512,128,8192,14162
64,512,128,16384,28286.7
64,1024,0,0,41.5787
64,1024,1,16,40.278
64,1024,1,32,40.257
64,1024,1,64,40.2883
64,1024,1,128,40.2243
64,1024,1,256,40.4057
64,1024,1,512,40.459
64,1024,1,1024,41.2167
64,1024,1,2048,68.4917
64,1024,1,4096,126.156
64,1024,1,8192,240.6
64,1024,1,16384,471.025
64,1024,2,16,40.577
64,1024,2,32,40.6297
64,1024,2,64,40.5443
64,1024,2,128,40.736
64,1024,2,256,40.7687
64,1024,2,512,41.195
64,1024,2,1024,41.2697
64,1024,2,2048,68.8863
64,1024,2,4096,126.529
64,1024,2,8192,241.538
64,1024,2,16384,473.699
64,1024,4,16,40.2567
64,1024,4,32,40.2993
64,1024,4,64,40.331
64,1024,4,128,40.8963
64,1024,4,256,41.035
64,1024,4,512,41.2807
64,1024,4,1024,41.6857
64,1024,4,2048,70.0913
64,1024,4,4096,128.162
64,1024,4,8192,246.018
64,1024,4,16384,477.21
64,1024,8,16,46.8167
64,1024,8,32,47.0307
64,1024,8,64,47.3607
64,1024,8,128,50.6563
64,1024,8,256,54.5713
64,1024,8,512,62.006
64,1024,8,1024,77.5263
64,1024,8,2048,133.058
64,1024,8,4096,253.828
64,1024,8,8192,491.237
64,1024,8,16384,963.989
64,1024,16,16,57.302
64,1024,16,32,57.8897
64,1024,16,64,58.2513
64,1024,16,128,67.819
64,1024,16,256,78.796
64,1024,16,512,99.809
64,1024,16,1024,146.615
64,1024,16,2048,266.222
64,1024,16,4096,519.525
64,1024,16,8192,1030.97
64,1024,16,16384,2080.03
64,1024,32,16,73.4297
64,1024,32,32,74.1233
64,1024,32,64,75.1797
64,1024,32,128,93.718
64,1024,32,256,118.945
64,1024,32,512,167.255
64,1024,32,1024,266.701
64,1024,32,2048,531.812
64,1024,32,4096,1202.68
64,1024,32,8192,2405.52
64,1024,32,16384,4968.43
64,1024,64,16,104.929
64,1024,64,32,106.615
64,1024,64,64,108.46
64,1024,64,128,150.839
64,1024,64,256,242.893
64,1024,64,512,443.813
64,1024,64,1024,822.024
64,1024,64,2048,1712.4
64,1024,64,4096,3414.56
64,1024,64,8192,6957.32
64,1024,64,16384,13893.6
64,1024,128,16,164.802
64,1024,128,32,169.41
64,1024,128,64,176.717
64,1024,128,128,301.677
64,1024,128,256,500.538
64,1024,128,512,937.908
64,1024,128,1024,1817.07
64,1024,128,2048,3574.1
64,1024,128,4096,7106.46
64,1024,128,8192,14166
64,1024,128,16384,28286.8
64,2048,0,0,70.241
64,2048,1,16,68.9603
64,2048,1,32,68.9183
64,2048,1,64,68.929
64,2048,1,128,69.0143
64,2048,1,256,69.0673
64,2048,1,512,69.0247
64,2048,1,1024,69.1313
64,2048,1,2048,70.0487
64,2048,1,4096,125.985
64,2048,1,8192,240.525
64,2048,1,16384,471.206
64,2048,2,16,69.195
64,2048,2,32,69.3983
64,2048,2,64,69.291
64,2048,2,128,69.5903
64,2048,2,256,69.6863
64,2048,2,512,69.5897
64,2048,2,1024,69.7287
64,2048,2,2048,69.9847
64,2048,2,4096,126.54
64,2048,2,8192,241.517
64,2048,2,16384,473.861
64,2048,4,16,68.886
64,2048,4,32,68.9707
64,2048,4,64,68.9713
64,2048,4,128,69.6113
64,2048,4,256,69.6543
64,2048,4,512,69.9843
64,2048,4,1024,70.2083
64,2048,4,2048,71.0513
64,2048,4,4096,128.492
64,2048,4,8192,245.592
64,2048,4,16384,478.522
64,2048,8,16,74.6457
64,2048,8,32,74.6783
64,2048,8,64,75.3187
64,2048,8,128,78.422
64,2048,8,256,82.1553
64,2048,8,512,89.9423
64,2048,8,1024,105.217
64,2048,8,2048,136.567
64,2048,8,4096,252.78
64,2048,8,8192,490.523
64,2048,8,16384,964.188
64,2048,16,16,85.0463
64,2048,16,32,85.3123
64,2048,16,64,85.846
64,2048,16,128,95.2437
64,2048,16,256,106.219
64,2048,16,512,128.535
64,2048,16,1024,171.564
64,2048,16,2048,267.246
64,2048,16,4096,511.388
64,2048,16,8192,1011.79
64,2048,16,16384,2044.78
64,2048,32,16,101.003
64,2048,32,32,101.58
64,2048,32,64,102.785
64,2048,32,128,122.337
64,2048,32,256,148.14
64,2048,32,512,200.589
64,2048,32,1024,297.71
64,2048,32,2048,492.528
64,2048,32,4096,1235.17
64,2048,32,8192,2456.51
64,2048,32,16384,5041.54
64,2048,64,16,133.249
64,2048,64,32,134.828
64,2048,64,64,137.292
64,2048,64,128,180.226
64,2048,64,256,287.651
64,2048,64,512,486.042
64,2048,64,1024,849.225
64,2048,64,2048,1700.31
64,2048,64,4096,3428.95
64,2048,64,8192,6958.32
64,2048,64,16384,13963.5
64,2048,128,16,197.346
64,2048,128,32,201.282
64,2048,128,64,208.461
64,2048,128,128,337.283
64,2048,128,256,534.544
64,2048,128,512,963.039
64,2048,128,1024,1828.3
64,2048,128,2048,3588.45
64,2048,128,4096,7114.58
64,2048,128,8192,14183.2
64,2048,128,16384,28314.1
64,4096,0,0,127.618
64,4096,1,16,126.188
64,4096,1,32,126.198
64,4096,1,64,126.263
64,4096,1,128,126.241
64,4096,1,256,126.337
64,4096,1,512,126.358
64,4096,1,1024,126.412
64,4096,1,2048,126.497
64,4096,1,4096,127.394
64,4096,1,8192,240.546
64,4096,1,16384,471.108
64,4096,2,16,126.455
64,4096,2,32,126.401
64,4096,2,64,126.465
64,4096,2,128,126.732
64,4096,2,256,126.796
64,4096,2,512,126.956
64,4096,2,1024,126.913
64,4096,2,2048,127.041
64,4096,2,4096,127.617
64,4096,2,8192,241.912
64,4096,2,16384,473.924
64,4096,4,16,126.358
64,4096,4,32,126.252
64,4096,4,64,126.284
64,4096,4,128,126.934
64,4096,4,256,127.02
64,4096,4,512,127.244
64,4096,4,1024,127.841
64,4096,4,2048,128.076
64,4096,4,4096,129.388
64,4096,4,8192,245.506
64,4096,4,16384,478.767
64,4096,8,16,130.059
64,4096,8,32,131.265
64,4096,8,64,131.553
64,4096,8,128,134.017
64,4096,8,256,138.252
64,4096,8,512,145.772
64,4096,8,1024,160.843
64,4096,8,2048,192.898
64,4096,8,4096,253.645
64,4096,8,8192,489.658
64,4096,8,16384,963.529
64,4096,16,16,140.342
64,4096,16,32,140.684
64,4096,16,64,141.014
64,4096,16,128,150.358
64,4096,16,256,161.591
64,4096,16,512,184.161
64,4096,16,1024,229.624
64,4096,16,2048,315.96
64,4096,16,4096,507.13
64,4096,16,8192,1003.18
64,4096,16,16384,2038.7
64,4096,32,16,156.322
64,4096,32,32,156.801
64,4096,32,64,157.836
64,4096,32,128,177.549
64,4096,32,256,203.565
64,4096,32,512,257.506
64,4096,32,1024,365.646
64,4096,32,2048,562.15
64,4096,32,4096,1049.64
64,4096,32,8192,2412.17
64,4096,32,16384,4960.45
64,4096,64,16,188.567
64,4096,64,32,190.103
64,4096,64,64,192.844
64,4096,64,128,237.826
64,4096,64,256,350.937
64,4096,64,512,560.668
64,4096,64,1024,955.754
64,4096,64,2048,1737.69
64,4096,64,4096,3375.61
64,4096,64,8192,6899.47
64,4096,64,16384,13902.1
64,4096,128,16,257.538
64,4096,128,32,261.666
64,4096,128,64,269.134
64,4096,128,128,401.785
64,4096,128,256,609.745
64,4096,128,512,1040.36
64,4096,128,1024,1889.27
64,4096,128,2048,3613.8
64,4096,128,4096,7142.48
64,4096,128,8192,14203
64,4096,128,16384,28336.6
64,8192,0,0,243.618
64,8192,1,16,242.114
64,8192,1,32,241.911
64,8192,1,64,241.912
64,8192,1,128,242.061
64,8192,1,256,242.083
64,8192,1,512,241.976
64,8192,1,1024,242.115
64,8192,1,2048,241.88
64,8192,1,4096,241.946
64,8192,1,8192,242.701
64,8192,1,16384,471.012
64,8192,2,16,242.221
64,8192,2,32,242.071
64,8192,2,64,242.221
64,8192,2,128,242.478
64,8192,2,256,242.499
64,8192,2,512,242.605
64,8192,2,1024,242.424
64,8192,2,2048,242.626
64,8192,2,4096,242.583
64,8192,2,8192,243.063
64,8192,2,16384,474.682
64,8192,4,16,241.997
64,8192,4,32,242.061
64,8192,4,64,242.039
64,8192,4,128,242.626
64,8192,4,256,242.615
64,8192,4,512,242.764
64,8192,4,1024,243.095
64,8192,4,2048,243.34
64,8192,4,4096,244.758
64,8192,4,8192,246.957
64,8192,4,16384,479.247
64,8192,8,16,242.264
64,8192,8,32,242.391
64,8192,8,64,242.135
64,8192,8,128,245.25
64,8192,8,256,249.304
64,8192,8,512,256.397
64,8192,8,1024,271.663
64,8192,8,2048,304.686
64,8192,8,4096,369.165
64,8192,8,8192,489.7
64,8192,8,16384,960.819
64,8192,16,16,250.926
64,8192,16,32,252.004
64,8192,16,64,252.547
64,8192,16,128,261.133
64,8192,16,256,272.579
64,8192,16,512,295.224
64,8192,16,1024,339.928
64,8192,16,2048,431.8
64,8192,16,4096,615.078
64,8192,16,8192,993.757
64,8192,16,16384,2000.58
64,8192,32,16,266.413
64,8192,32,32,267.437
64,8192,32,64,268.664
64,8192,32,128,288.419
64,8192,32,256,313.762
64,8192,32,512,369.103
64,8192,32,1024,477.402
64,8192,32,2048,722.342
64,8192,32,4096,1287.91
64,8192,32,8192,2269.85
64,8192,32,16384,5043.69
64,8192,64,16,299.139
64,8192,64,32,300.845
64,8192,64,64,303.416
64,8192,64,128,347.331
64,8192,64,256,464.666
64,8192,64,512,680.028
64,8192,64,1024,1085.94
64,8192,64,2048,1910.29
64,8192,64,4096,3402.32
64,8192,64,8192,7006.54
64,8192,64,16384,14041.6
64,8192,128,16,368.43
64,8192,128,32,372.377
64,8192,128,64,381.497
64,8192,128,128,519.952
64,8192,128,256,735.549
64,8192,128,512,1188.92
64,8192,128,1024,2047.36
64,8192,128,2048,3746.01
64,8192,128,4096,7204.79
64,8192,128,8192,14246.6
64,8192,128,16384,28362.7
64,16384,0,0,476.847
64,16384,1,16,474.916
64,16384,1,32,474.799
64,16384,1,64,474.97
64,16384,1,128,475.055
64,16384,1,256,474.777
64,16384,1,512,474.98
64,16384,1,1024,474.969
64,16384,1,2048,475.012
64,16384,1,4096,474.927
64,16384,1,8192,474.992
64,16384,1,16384,475.567
64,16384,2,16,475.194
64,16384,2,32,475.086
64,16384,2,64,475.066
64,16384,2,128,475.194
64,16384,2,256,475.247
64,16384,2,512,475.407
64,16384,2,1024,475.365
64,16384,2,2048,475.471
64,16384,2,4096,475.354
64,16384,2,8192,475.749
64,16384,2,16384,478.107
64,16384,4,16,474.917
64,16384,4,32,475.13
64,16384,4,64,475.044
64,16384,4,128,475.194
64,16384,4,256,475.589
64,16384,4,512,475.865
64,16384,4,1024,476.069
64,16384,4,2048,476.228
64,16384,4,4096,477.348
64,16384,4,8192,478.255
64,16384,4,16384,481.786
64,16384,8,16,474.863
64,16384,8,32,475.065
64,16384,8,64,474.906
64,16384,8,128,475.589
64,16384,8,256,475.801
64,16384,8,512,481.188
64,16384,8,1024,494.01
64,16384,8,2048,527.473
64,16384,8,4096,595.941
64,16384,8,8192,721.596
64,16384,8,16384,960.062
64,16384,16,16,475.535
64,16384,16,32,475.834
64,16384,16,64,475.886
64,16384,16,128,482.927
64,16384,16,256,492.25
64,16384,16,512,514.885
64,16384,16,1024,560.72
64,16384,16,2048,651.92
64,16384,16,4096,843.208
64,16384,16,8192,1209.7
64,16384,16,16384,1987.27
64,16384,32,16,487.6
64,16384,32,32,490.149
64,16384,32,64,489.007
64,16384,32,128,510.095
64,16384,32,256,536.762
64,16384,32,512,588.027
64,16384,32,1024,699.879
64,16384,32,2048,947.998
64,16384,32,4096,1567.79
64,16384,32,8192,2538.22
64,16384,32,16384,4701.3
64,16384,64,16,519.867
64,16384,64,32,521.776
64,16384,64,64,524.346
64,16384,64,128,572.164
64,16384,64,256,679.805
64,16384,64,512,908.947
64,16384,64,1024,1335.39
64,16384,64,2048,2170.29
64,16384,64,4096,3801.32
64,16384,64,8192,7134.17
64,16384,64,16384,13945.1
64,16384,128,16,589.542
64,16384,128,32,594.182
64,16384,128,64,602.575
64,16384,128,128,738.194
64,16384,128,256,965.641
64,16384,128,512,1448.74
64,16384,128,1024,2340.28
64,16384,128,2048,4063.31
64,16384,128,4096,7465.72
64,16384,128,8192,14362
64,16384,128,16384,28454.3
128,0,0,0,13.4397
128,0,1,16,13.099
128,0,1,32,13.2587
128,0,1,64,13.2267
128,0,1,128,15.2103
128,0,1,256,18.71
128,0,1,512,25.568
128,0,1,1024,39.851
128,0,1,2048,68.7047
128,0,1,4096,126.188
128,0,1,8192,240.546
128,0,1,16384,470.938
128,0,2,16,13.2163
128,0,2,32,13.3657
128,0,2,64,13.5153
128,0,2,128,15.7763
128,0,2,256,19.371
128,0,2,512,26.3043
128,0,2,1024,40.8537
128,0,2,2048,69.5157
128,0,2,4096,126.903
128,0,2,8192,247.501
128,0,2,16384,474.49
128,0,4,16,19.2963
128,0,4,32,19.318
128,0,4,64,19.3283
128,0,4,128,22.6673
128,0,4,256,26.6343
128,0,4,512,34.3147
128,0,4,1024,48.011
128,0,4,2048,76.4057
128,0,4,4096,132.439
128,0,4,8192,246.093
128,0,4,16384,478.287
128,0,8,16,20.2983
128,0,8,32,20.3307
128,0,8,64,20.673
128,0,8,128,25.9527
128,0,8,256,33.472
128,0,8,512,47.1797
128,0,8,1024,76.4487
128,0,8,2048,134.498
128,0,8,4096,251.789
128,0,8,8192,487.962
128,0,8,16384,956.413
128,0,16,16,30.561
128,0,16,32,30.8267
128,0,16,64,31.371
128,0,16,128,42.464
128,0,16,256,56.5127
128,0,16,512,85.3877
128,0,16,1024,146.625
128,0,16,2048,263.896
128,0,16,4096,497.519
128,0,16,8192,968.511
128,0,16,16384,1905.49
128,0,32,16,47.6383
128,0,32,32,48.6727
128,0,32,64,49.4723
128,0,32,128,70.294
128,0,32,256,97.953
128,0,32,512,152.918
128,0,32,1024,265.336
128,0,32,2048,487.077
128,0,32,4096,995.807
128,0,32,8192,2232.03
128,0,32,16384,4446.11
128,0,64,16,83.2327
128,0,64,32,84.95
128,0,64,64,87.094
128,0,64,128,132.439
128,0,64,256,228.664
128,0,64,512,452.249
128,0,64,1024,841.628
128,0,64,2048,1680.87
128,0,64,4096,3402.37
128,0,64,8192,7031.9
128,0,64,16384,13948.7
128,0,128,16,154.935
128,0,128,32,159.244
128,0,128,64,163.042
128,0,128,128,280.77
128,0,128,256,476.335
128,0,128,512,919.369
128,0,128,1024,1804.2
128,0,128,2048,3560.74
128,0,128,4096,7096.31
128,0,128,8192,14159.4
128,0,128,16384,28273.9
128,16,0,0,15.7443
128,16,1,16,15.9787
128,16,1,32,16.0003
128,16,1,64,16
128,16,1,128,16
128,16,1,256,18.5923
128,16,1,512,25.6753
128,16,1,1024,40.0217
128,16,1,2048,68.747
128,16,1,4096,126.316
128,16,1,8192,240.663
128,16,1,16384,471.236
128,16,2,16,16.224
128,16,2,32,16.2023
128,16,2,64,16.2023
128,16,2,128,16.395
128,16,2,256,19.1897
128,16,2,512,26.251
128,16,2,1024,40.6187
128,16,2,2048,69.4087
128,16,2,4096,128.097
128,16,2,8192,242.21
128,16,2,16384,475.663
128,16,4,16,22.283
128,16,4,32,22.528
128,16,4,64,22.6457
128,16,4,128,23.318
128,16,4,256,27.477
128,16,4,512,34.8053
128,16,4,1024,48.928
128,16,4,2048,77.0143
128,16,4,4096,133.846
128,16,4,8192,249.111
128,16,4,16384,478.905
128,16,8,16,23.5947
128,16,8,32,23.8293
128,16,8,64,23.9577
128,16,8,128,25.9413
128,16,8,256,32.9603
128,16,8,512,46.944
128,16,8,1024,75.9793
128,16,8,2048,134.742
128,16,8,4096,252.034
128,16,8,8192,487.408
128,16,8,16384,956.414
128,16,16,16,33.5153
128,16,16,32,33.995
128,16,16,64,34.293
128,16,16,128,42.6883
128,16,16,256,56.7047
128,16,16,512,85.558
128,16,16,1024,148.14
128,16,16,2048,266.403
128,16,16,4096,500.25
128,16,16,8192,971.454
128,16,16,16384,1911.07
128,16,32,16,49.9737
128,16,32,32,50.8167
128,16,32,64,51.7237
128,16,32,128,70.9447
128,16,32,256,98.3153
128,16,32,512,153.217
128,16,32,1024,268.557
128,16,32,2048,488.153
128,16,32,4096,989.659
128,16,32,8192,2099.53
128,16,32,16384,4444.35
128,16,64,16,83.756
128,16,64,32,85.377
128,16,64,64,87.542
128,16,64,128,133.174
128,16,64,256,229.453
128,16,64,512,450.788
128,16,64,1024,841.031
128,16,64,2048,1671.25
128,16,64,4096,3387.97
128,16,64,8192,7025.05
128,16,64,16384,14006
128,16,128,16,155.127
128,16,128,32,159.81
128,16,128,64,163.735
128,16,128,128,280.931
128,16,128,256,477.871
128,16,128,512,918.814
128,16,128,1024,1799.44
128,16,128,2048,3564.8
128,16,128,4096,7092.37
128,16,128,8192,14158.7
128,16,128,16384,28272
128,32,0,0,15.7443
128,32,1,16,16.0323
128,32,1,32,16.075
128,32,1,64,16.0213
128,32,1,128,16.043
128,32,1,256,18.731
128,32,1,512,25.6753
128,32,1,1024,39.9893
128,32,1,2048,68.8543
128,32,1,4096,126.39
128,32,1,8192,240.834
128,32,1,16384,470.958
128,32,2,16,16.2457
128,32,2,32,16.2773
128,32,2,64,16.2883
128,32,2,128,16.3523
128,32,2,256,19.2857
128,32,2,512,26.2293
128,32,2,1024,40.8217
128,32,2,2048,69.8783
128,32,2,4096,127.222
128,32,2,8192,242.285
128,32,2,16384,480.334
128,32,4,16,22.592
128,32,4,32,22.6567
128,32,4,64,22.752
128,32,4,128,23.414
128,32,4,256,27.8083
128,32,4,512,34.667
128,32,4,1024,48.8967
128,32,4,2048,77.473
128,32,4,4096,134.369
128,32,4,8192,246.807
128,32,4,16384,478.81
128,32,8,16,23.7867
128,32,8,32,23.8297
128,32,8,64,23.9573
128,32,8,128,26.07
128,32,8,256,32.907
128,32,8,512,47.0933
128,32,8,1024,76.1707
128,32,8,2048,134.71
128,32,8,4096,251.789
128,32,8,8192,487.385
128,32,8,16384,957.129
128,32,16,16,33.6217
128,32,16,32,34.166
128,32,16,64,34.4317
128,32,16,128,42.7313
128,32,16,256,56.7257
128,32,16,512,85.4623
128,32,16,1024,147.66
128,32,16,2048,265.463
128,32,16,4096,500.347
128,32,16,8192,974.472
128,32,16,16384,1919.32
128,32,32,16,50.2297
128,32,32,32,50.913
128,32,32,64,51.6063
128,32,32,128,70.8067
128,32,32,256,98.401
128,32,32,512,153.324
128,32,32,1024,268.205
128,32,32,2048,491.556
128,32,32,4096,1007.88
128,32,32,8192,2227.9
128,32,32,16384,4397.74
128,32,64,16,83.8087
128,32,64,32,85.5473
128,32,64,64,87.542
128,32,64,128,132.854
128,32,64,256,230.413
128,32,64,512,456.57
128,32,64,1024,841.927
128,32,64,2048,1689.17
128,32,64,4096,3406.76
128,32,64,8192,7001.01
128,32,64,16384,13899.4
128,32,128,16,155.798
128,32,128,32,159.372
128,32,128,64,163.351
128,32,128,128,280.077
128,32,128,256,476.494
128,32,128,512,918.621
128,32,128,1024,1802.35
128,32,128,2048,3565.33
128,32,128,4096,7093.14
128,32,128,8192,14158.2
128,32,128,16384,28271.7
128,64,0,0,15.7337
128,64,1,16,15.9897
128,64,1,32,15.9467
128,64,1,64,16.0007
128,64,1,128,15.947
128,64,1,256,18.8157
128,64,1,512,25.6107
128,64,1,1024,39.9367
128,64,1,2048,68.779
128,64,1,4096,126.167
128,64,1,8192,240.567
128,64,1,16384,470.915
128,64,2,16,16.3417
128,64,2,32,16.3203
128,64,2,64,16.437
128,64,2,128,16.4803
128,64,2,256,19.3817
128,64,2,512,26.3463
128,64,2,1024,40.673
128,64,2,2048,70.2407
128,64,2,4096,127.169
128,64,2,8192,242.37
128,64,2,16384,475.077
128,64,4,16,22.6243
128,64,4,32,22.8267
128,64,4,64,22.8697
128,64,4,128,23.4663
128,64,4,256,27.243
128,64,4,512,34.8913
128,64,4,1024,48.7793
128,64,4,2048,77.1413
128,64,4,4096,133.761
128,64,4,8192,246.7
128,64,4,16384,478.095
128,64,8,16,23.8723
128,64,8,32,24.0643
128,64,8,64,24.0533
128,64,8,128,26.2397
128,64,8,256,33.088
128,64,8,512,47.179
128,64,8,1024,76.1397
128,64,8,2048,134.476
128,64,8,4096,252.269
128,64,8,8192,487.535
128,64,8,16384,957.619
128,64,16,16,33.7177
128,64,16,32,34.1657
128,64,16,64,34.6027
128,64,16,128,42.8163
128,64,16,256,56.8213
128,64,16,512,85.2693
128,64,16,1024,147.265
128,64,16,2048,266.423
128,64,16,4096,499.993
128,64,16,8192,969.992
128,64,16,16384,1910.41
128,64,32,16,50.3897
128,64,32,32,51.1157
128,64,32,64,51.9577
128,64,32,128,70.678
128,64,32,256,98.305
128,64,32,512,152.951
128,64,32,1024,268.685
128,64,32,2048,489.093
128,64,32,4096,986.313
128,64,32,8192,2125.32
128,64,32,16384,4417.95
128,64,64,16,83.873
128,64,64,32,85.5473
128,64,64,64,87.6597
128,64,64,128,133.259
128,64,64,256,228.663
128,64,64,512,456.26
128,64,64,1024,847.527
128,64,64,2048,1690.84
128,64,64,4096,3398.11
128,64,64,8192,7034.25
128,64,64,16384,14021.9
128,64,128,16,156.151
128,64,128,32,159.713
128,64,128,64,164.141
128,64,128,128,280.93
128,64,128,256,477.615
128,64,128,512,919.635
128,64,128,1024,1803.34
128,64,128,2048,3569.3
128,64,128,4096,7096.33
128,64,128,8192,14160.3
128,64,128,16384,28275.8
128,128,0,0,17.1307
128,128,1,16,16.2777
128,128,1,32,16.1923
128,128,1,64,16.2347
128,128,1,128,16.6297
128,128,1,256,18.6133
128,128,1,512,25.6007
128,128,1,1024,40.0323
128,128,1,2048,68.769
128,128,1,4096,126.273
128,128,1,8192,240.749
128,128,1,16384,470.959
128,128,2,16,16.8
128,128,2,32,16.6937
128,128,2,64,16.8643
128,128,2,128,16.8853
128,128,2,256,19.478
128,128,2,512,26.4
128,128,2,1024,40.7253
128,128,2,2048,70.262
128,128,2,4096,128.396
128,128,2,8192,245.219
128,128,2,16384,475.205
128,128,4,16,23.1043
128,128,4,32,23.328
128,128,4,64,23.4777
128,128,4,128,26.1117
128,128,4,256,30.337
128,128,4,512,38.2937
128,128,4,1024,52.4483
128,128,4,2048,80.4907
128,128,4,4096,137.73
128,128,4,8192,251.171
128,128,4,16384,478.661
128,128,8,16,25.2157
128,128,8,32,25.344
128,128,8,64,25.2267
128,128,8,128,27.3707
128,128,8,256,33.2807
128,128,8,512,47.381
128,128,8,1024,76.161
128,128,8,2048,134.625
128,128,8,4096,251.651
128,128,8,8192,487.684
128,128,8,16384,956.936
128,128,16,16,34.2403
128,128,16,32,34.6133
128,128,16,64,35.051
128,128,16,128,44.4697
128,128,16,256,57.3337
128,128,16,512,85.0247
128,128,16,1024,149.164
128,128,16,2048,273.709
128,128,16,4096,509.455
128,128,16,8192,984.381
128,128,16,16384,1910.23
128,128,32,16,50.902
128,128,32,32,51.7983
128,128,32,64,52.7897
128,128,32,128,72.299
128,128,32,256,99.7773
128,128,32,512,154.604
128,128,32,1024,282.755
128,128,32,2048,511.097
128,128,32,4096,1043.03
128,128,32,8192,2187.38
128,128,32,16384,4440.61
128,128,64,16,84.7257
128,128,64,32,86.358
128,128,64,64,88.5333
128,128,64,128,134.113
128,128,64,256,232.525
128,128,64,512,453.956
128,128,64,1024,866.801
128,128,64,2048,1716.14
128,128,64,4096,3398.46
128,128,64,8192,6959.5
128,128,64,16384,13966.7
128,128,128,16,156.119
128,128,128,32,159.873
128,128,128,64,164.492
128,128,128,128,279.565
128,128,128,256,481.146
128,128,128,512,922.248
128,128,128,1024,1799.93
128,128,128,2048,3565.57
128,128,128,4096,7099.6
128,128,128,8192,14163.4
128,128,128,16384,28274.5
128,256,0,0,20.6717
128,256,1,16,19.6907
128,256,1,32,19.6907
128,256,1,64,19.7657
128,256,1,128,19.7333
128,256,1,256,20.214
128,256,1,512,25.8777
128,256,1,1024,40.0747
128,256,1,2048,68.833
128,256,1,4096,126.305
128,256,1,8192,240.748
128,256,1,16384,471.044
128,256,2,16,20.2987
128,256,2,32,20.1383
128,256,2,64,20.3313
128,256,2,128,20.1927
128,256,2,256,20.555
128,256,2,512,26.7527
128,256,2,1024,41.0457
128,256,2,2048,70.337
128,256,2,4096,127.436
128,256,2,8192,242.253
128,256,2,16384,481.433
128,256,4,16,26.5607
128,256,4,32,26.6453
128,256,4,64,27.0723
128,256,4,128,29.899
128,256,4,256,33.5363
128,256,4,512,42.2613
128,256,4,1024,55.776
128,256,4,2048,84.7363
128,256,4,4096,141.26
128,256,4,8192,254.222
128,256,4,16384,481.764
128,256,8,16,31.9363
128,256,8,32,32.2453
128,256,8,64,32.4373
128,256,8,128,32.9177
128,256,8,256,34.827
128,256,8,512,47.595
128,256,8,1024,76.107
128,256,8,2048,134.742
128,256,8,4096,252.333
128,256,8,8192,487.577
128,256,8,16384,956.668
128,256,16,16,38.4323
128,256,16,32,39.0087
128,256,16,64,39.3603
128,256,16,128,48.043
128,256,16,256,59.051
128,256,16,512,85.4087
128,256,16,1024,149.111
128,256,16,2048,278.552
128,256,16,4096,511.641
128,256,16,8192,987.507
128,256,16,16384,1960.59
128,256,32,16,55.6707
128,256,32,32,56.214
128,256,32,64,57.131
128,256,32,128,75.0307
128,256,32,256,101.899
128,256,32,512,155.564
128,256,32,1024,292.589
128,256,32,2048,529.274
128,256,32,4096,1064.56
128,256,32,8192,2172.19
128,256,32,16384,4549.83
128,256,64,16,89.1317
128,256,64,32,90.678
128,256,64,64,92.4063
128,256,64,128,135.254
128,256,64,256,235.127
128,256,64,512,454.82
128,256,64,1024,881.383
128,256,64,2048,1722.55
128,256,64,4096,3445.01
128,256,64,8192,7033.56
128,256,64,16384,14007.9
128,256,128,16,157.74
128,256,128,32,161.516
128,256,128,64,166.018
128,256,128,128,281.986
128,256,128,256,483.342
128,256,128,512,923.368
128,256,128,1024,1803.61
128,256,128,2048,3566.31
128,256,128,4096,7096.53
128,256,128,8192,14156.1
128,256,128,16384,28274.9
128,512,0,0,27.6803
128,512,1,16,26.6567
128,512,1,32,26.6673
128,512,1,64,26.6773
128,512,1,128,26.624
128,512,1,256,26.6883
128,512,1,512,27.2107
128,512,1,1024,40.128
128,512,1,2048,68.9497
128,512,1,4096,126.412
128,512,1,8192,241.036
128,512,1,16384,471.193
128,512,2,16,27.435
128,512,2,32,27.392
128,512,2,64,27.52
128,512,2,128,27.424
128,512,2,256,27.4457
128,512,2,512,27.8187
128,512,2,1024,41.27
128,512,2,2048,69.9733
128,512,2,4096,127.777
128,512,2,8192,242.775
128,512,2,16384,475.043
128,512,4,16,33.76
128,512,4,32,33.7707
128,512,4,64,34.0167
128,512,4,128,36.939
128,512,4,256,40.8323
128,512,4,512,47.8303
128,512,4,1024,63.2433
128,512,4,2048,91.7027
128,512,4,4096,147.414
128,512,4,8192,261.059
128,512,4,16384,487.397
128,512,8,16,38.859
128,512,8,32,38.9653
128,512,8,64,39.0827
128,512,8,128,45.2593
128,512,8,256,46.87
128,512,8,512,49.1207
128,512,8,1024,76.6193
128,512,8,2048,134.444
128,512,8,4096,252.194
128,512,8,8192,488.825
128,512,8,16384,958.558
128,512,16,16,46.315
128,512,16,32,46.603
128,512,16,64,46.9227
128,512,16,128,55.841
128,512,16,256,66.2837
128,512,16,512,88.545
128,512,16,1024,145.004
128,512,16,2048,282.264
128,512,16,4096,567.514
128,512,16,8192,1082.51
128,512,16,16384,2083.68
128,512,32,16,63.9793
128,512,32,32,64.5123
128,512,32,64,65.4193
128,512,32,128,83.489
128,512,32,256,108.257
128,512,32,512,159.969
128,512,32,1024,272.322
128,512,32,2048,606.373
128,512,32,4096,1273.16
128,512,32,8192,2671
128,512,32,16384,5200.46
128,512,64,16,98.006
128,512,64,32,99.4993
128,512,64,64,101.44
128,512,64,128,142.188
128,512,64,256,241.709
128,512,64,512,449.251
128,512,64,1024,870.567
128,512,64,2048,1739.03
128,512,64,4096,3461.85
128,512,64,8192,7019.35
128,512,64,16384,14026.9
128,512,128,16,165.58
128,512,128,32,169.26
128,512,128,64,173.185
128,512,128,128,281.336
128,512,128,256,485.38
128,512,128,512,929.543
128,512,128,1024,1807.3
128,512,128,2048,3571.76
128,512,128,4096,7098.05
128,512,128,8192,14164.2
128,512,128,16384,28280.9
128,1024,0,0,42.0697
128,1024,1,16,40.9713
128,1024,1,32,40.949
128,1024,1,64,41.003
128,1024,1,128,41.003
128,1024,1,256,41.0563
128,1024,1,512,41.0037
128,1024,1,1024,41.5683
128,1024,1,2048,68.8647
128,1024,1,4096,126.422
128,1024,1,8192,241.069
128,1024,1,16384,471.118
128,1024,2,16,41.7813
128,1024,2,32,41.7817
128,1024,2,64,41.8453
128,1024,2,128,41.8243
128,1024,2,256,41.8883
128,1024,2,512,41.995
128,1024,2,1024,42.091
128,1024,2,2048,70.208
128,1024,2,4096,127.543
128,1024,2,8192,245.175
128,1024,2,16384,475.428
128,1024,4,16,47.979
128,1024,4,32,47.905
128,1024,4,64,47.905
128,1024,4,128,50.7313
128,1024,4,256,54.4007
128,1024,4,512,61.686
128,1024,4,1024,76.4277
128,1024,4,2048,107.158
128,1024,4,4096,164.727
128,1024,4,8192,278.05
128,1024,4,16384,506.137
128,1024,8,16,52.4807
128,1024,8,32,52.8327
128,1024,8,64,53.28
128,1024,8,128,59.0723
128,1024,8,256,66.7417
128,1024,8,512,74.8387
128,1024,8,1024,78.2197
128,1024,8,2048,133.729
128,1024,8,4096,252.962
128,1024,8,8192,489.72
128,1024,8,16384,962.451
128,1024,16,16,60.459
128,1024,16,32,60.843
128,1024,16,64,61.2703
128,1024,16,128,70.614
128,1024,16,256,81.2383
128,1024,16,512,102.017
128,1024,16,1024,148.695
128,1024,16,2048,275.874
128,1024,16,4096,559.909
128,1024,16,8192,1144.39
128,1024,16,16384,2267.16
128,1024,32,16,80.8323
128,1024,32,32,81.259
128,1024,32,64,82.337
128,1024,32,128,100.118
128,1024,32,256,125.494
128,1024,32,512,176.908
128,1024,32,1024,276.781
128,1024,32,2048,590.672
128,1024,32,4096,1296.84
128,1024,32,8192,2570.93
128,1024,32,16384,5502.82
128,1024,64,16,115.703
128,1024,64,32,117.142
128,1024,64,64,119.212
128,1024,64,128,159.937
128,1024,64,256,263.107
128,1024,64,512,464.985
128,1024,64,1024,854.791
128,1024,64,2048,1739.97
128,1024,64,4096,3468.44
128,1024,64,8192,6978.23
128,1024,64,16384,13974.9
128,1024,128,16,183.351
128,1024,128,32,187.799
128,1024,128,64,191.34
128,1024,128,128,293.176
128,1024,128,256,493.679
128,1024,128,512,934.407
128,1024,128,1024,1815.49
128,1024,128,2048,3572.51
128,1024,128,4096,7106.49
128,1024,128,8192,14173.8
128,1024,128,16384,28298.5
128,2048,0,0,70.8483
128,2048,1,16,69.7073
128,2048,1,32,69.6327
128,2048,1,64,69.6647
128,2048,1,128,69.6853
128,2048,1,256,69.7177
128,2048,1,512,69.8147
128,2048,1,1024,69.6647
128,2048,1,2048,70.3047
128,2048,1,4096,126.486
128,2048,1,8192,240.909
128,2048,1,16384,471.193
128,2048,2,16,70.2937
128,2048,2,32,70.4543
128,2048,2,64,70.4007
128,2048,2,128,70.7317
128,2048,2,256,70.5177
128,2048,2,512,70.5813
128,2048,2,1024,70.7743
128,2048,2,2048,70.9873
128,2048,2,4096,128.524
128,2048,2,8192,247.704
128,2048,2,16384,475.194
128,2048,4,16,75.6697
128,2048,4,32,76.3527
128,2048,4,64,76.2463
128,2048,4,128,78.8807
128,2048,4,256,82.667
128,2048,4,512,89.6747
128,2048,4,1024,104.897
128,2048,4,2048,135.414
128,2048,4,4096,195.949
128,2048,4,8192,314.35
128,2048,4,16384,548.249
128,2048,8,16,80.726
128,2048,8,32,80.5663
128,2048,8,64,81.0887
128,2048,8,128,87.2223
128,2048,8,256,94.5287
128,2048,8,512,108.332
128,2048,8,1024,131.094
128,2048,8,2048,137.057
128,2048,8,4096,252.589
128,2048,8,8192,489.124
128,2048,8,16384,966.514
128,2048,16,16,88.2997
128,2048,16,32,88.726
128,2048,16,64,89.345
128,2048,16,128,98.5613
128,2048,16,256,109.782
128,2048,16,512,131.627
128,2048,16,1024,175.682
128,2048,16,2048,267.97
128,2048,16,4096,538.234
128,2048,16,8192,1161.95
128,2048,16,16384,2326.67
128,2048,32,16,109.26
128,2048,32,32,110.336
128,2048,32,64,111.18
128,2048,32,128,133.825
128,2048,32,256,162.7
128,2048,32,512,211.799
128,2048,32,1024,314.414
128,2048,32,2048,516.847
128,2048,32,4096,1299.8
128,2048,32,8192,2716.95
128,2048,32,16384,5437.14
128,2048,64,16,148.77
128,2048,64,32,150.188
128,2048,64,64,152.417
128,2048,64,128,194.956
128,2048,64,256,301.859
128,2048,64,512,508.271
128,2048,64,1024,881.767
128,2048,64,2048,1708.7
128,2048,64,4096,3486.44
128,2048,64,8192,7020.59
128,2048,64,16384,14049.5
128,2048,128,16,219.479
128,2048,128,32,223.351
128,2048,128,64,227.832
128,2048,128,128,333.357
128,2048,128,256,532.335
128,2048,128,512,959.112
128,2048,128,1024,1827.49
128,2048,128,2048,3587.21
128,2048,128,4096,7116.61
128,2048,128,8192,14182.4
128,2048,128,16384,28306
128,4096,0,0,128.204
128,4096,1,16,126.999
128,4096,1,32,126.988
128,4096,1,64,127.042
128,4096,1,128,127.03
128,4096,1,256,127.041
128,4096,1,512,127.19
128,4096,1,1024,127.074
128,4096,1,2048,127.062
128,4096,1,4096,127.83
128,4096,1,8192,241.143
128,4096,1,16384,471.257
128,4096,2,16,127.638
128,4096,2,32,127.67
128,4096,2,64,127.617
128,4096,2,128,127.788
128,4096,2,256,128.107
128,4096,2,512,127.788
128,4096,2,1024,128.353
128,4096,2,2048,128.363
128,4096,2,4096,129.612
128,4096,2,8192,242.86
128,4096,2,16384,482.287
128,4096,4,16,132.097
128,4096,4,32,132.503
128,4096,4,64,133.623
128,4096,4,128,135.564
128,4096,4,256,138.881
128,4096,4,512,145.772
128,4096,4,1024,160.577
128,4096,4,2048,190.913
128,4096,4,4096,252.162
128,4096,4,8192,373.027
128,4096,4,16384,608.709
128,4096,8,16,135.948
128,4096,8,32,136.759
128,4096,8,64,136.225
128,4096,8,128,142.678
128,4096,8,256,149.708
128,4096,8,512,163.927
128,4096,8,1024,192.385
128,4096,8,2048,243.234
128,4096,8,4096,253.432
128,4096,8,8192,487.545
128,4096,8,16384,961.735
128,4096,16,16,143.98
128,4096,16,32,145.665
128,4096,16,64,144.94
128,4096,16,128,154.337
128,4096,16,256,166.625
128,4096,16,512,187.607
128,4096,16,1024,232.951
128,4096,16,2048,320.184
128,4096,16,4096,508.889
128,4096,16,8192,1083.88
128,4096,16,16384,2224.83
128,4096,32,16,164.62
128,4096,32,32,165.921
128,4096,32,64,166.743
128,4096,32,128,189.772
128,4096,32,256,219.842
128,4096,32,512,285.571
128,4096,32,1024,391.8
128,4096,32,2048,620.72
128,4096,32,4096,1148.49
128,4096,32,8192,2631.29
128,4096,32,16384,5239.79
128,4096,64,16,206.327
128,4096,64,32,207.959
128,4096,64,64,210.529
128,4096,64,128,260.503
128,4096,64,256,368.633
128,4096,64,512,578.373
128,4096,64,1024,978.003
128,4096,64,2048,1772.01
128,4096,64,4096,3376.99
128,4096,64,8192,7004.92
128,4096,64,16384,14088.2
128,4096,128,16,285.923
128,4096,128,32,289.837
128,4096,128,64,295.704
128,4096,128,128,404.654
128,4096,128,256,605.52
128,4096,128,512,1031.7
128,4096,128,1024,1884.63
128,4096,128,2048,3624.73
128,4096,128,4096,7142.03
128,4096,128,8192,14202
128,4096,128,16384,28325.3
128,8192,0,0,244.152
128,8192,1,16,242.85
128,8192,1,32,242.796
128,8192,1,64,242.85
128,8192,1,128,242.946
128,8192,1,256,242.904
128,8192,1,512,242.925
128,8192,1,1024,242.85
128,8192,1,2048,242.829
128,8192,1,4096,242.914
128,8192,1,8192,243.629
128,8192,1,16384,471.267
128,8192,2,16,243.405
128,8192,2,32,243.458
128,8192,2,64,243.586
128,8192,2,128,243.351
128,8192,2,256,243.628
128,8192,2,512,243.554
128,8192,2,1024,243.874
128,8192,2,2048,243.821
128,8192,2,4096,243.8
128,8192,2,8192,244.535
128,8192,2,16384,476.068
128,8192,4,16,243.948
128,8192,4,32,244.504
128,8192,4,64,243.672
128,8192,4,128,246.637
128,8192,4,256,251.106
128,8192,4,512,257.953
128,8192,4,1024,273.528
128,8192,4,2048,304.492
128,8192,4,4096,366.851
128,8192,4,8192,487.534
128,8192,4,16384,722.886
128,8192,8,16,246.893
128,8192,8,32,247.639
128,8192,8,64,248.835
128,8192,8,128,254.807
128,8192,8,256,262.241
128,8192,8,512,276.823
128,8192,8,1024,302.967
128,8192,8,2048,364.536
128,8192,8,4096,480.038
128,8192,8,8192,489.486
128,8192,8,16384,959.997
128,8192,16,16,256.162
128,8192,16,32,255.49
128,8192,16,64,257.645
128,8192,16,128,267.703
128,8192,16,256,276.685
128,8192,16,512,298.936
128,8192,16,1024,344.353
128,8192,16,2048,436.771
128,8192,16,4096,613.048
128,8192,16,8192,1004.42
128,8192,16,16384,2234.96
128,8192,32,16,275.064
128,8192,32,32,276.718
128,8192,32,64,277.974
128,8192,32,128,300.792
128,8192,32,256,331.405
128,8192,32,512,398.146
128,8192,32,1024,530.191
128,8192,32,2048,759.43
128,8192,32,4096,1326.82
128,8192,32,8192,2326.64
128,8192,32,16384,5312.14
128,8192,64,16,318.254
128,8192,64,32,319.821
128,8192,64,64,322.2
128,8192,64,128,371.757
128,8192,64,256,486.169
128,8192,64,512,704.411
128,8192,64,1024,1120.55
128,8192,64,2048,1927.84
128,8192,64,4096,3546.76
128,8192,64,8192,6984.22
128,8192,64,16384,13997
128,8192,128,16,402.286
128,8192,128,32,407.022
128,8192,128,64,413.529
128,8192,128,128,534.052
128,8192,128,256,739.525
128,8192,128,512,1185.94
128,8192,128,1024,2039.78
128,8192,128,2048,3753.99
128,8192,128,4096,7217.73
128,8192,128,8192,14254.4
128,8192,128,16384,28371.4
128,16384,0,0,477.241
128,16384,1,16,475.876
128,16384,1,32,476.036
128,16384,1,64,476.207
128,16384,1,128,476.025
128,16384,1,256,475.961
128,16384,1,512,476.099
128,16384,1,1024,476.046
128,16384,1,2048,475.981
128,16384,1,4096,475.566
128,16384,1,8192,476.058
128,16384,1,16384,476.536
128,16384,2,16,476.985
128,16384,2,32,476.6
128,16384,2,64,477.55
128,16384,2,128,477.018
128,16384,2,256,477.242
128,16384,2,512,477.444
128,16384,2,1024,476.92
128,16384,2,2048,477.443
128,16384,2,4096,476.921
128,16384,2,8192,477.38
128,16384,2,16384,484.174
128,16384,4,16,476.451
128,16384,4,32,476.377
128,16384,4,64,476.419
128,16384,4,128,476.622
128,16384,4,256,476.591
128,16384,4,512,481.615
128,16384,4,1024,497.583
128,16384,4,2048,529.381
128,16384,4,4096,595.759
128,16384,4,8192,719.972
128,16384,4,16384,955.069
128,16384,8,16,476.356
128,16384,8,32,476.461
128,16384,8,64,476.516
128,16384,8,128,477.838
128,16384,8,256,484.206
128,16384,8,512,498.021
128,16384,8,1024,525.849
128,16384,8,2048,587.491
128,16384,8,4096,709.383
128,16384,8,8192,942.867
128,16384,8,16384,962.107
128,16384,16,16,479.963
128,16384,16,32,478.585
128,16384,16,64,480.911
128,16384,16,128,488.003
128,16384,16,256,501.572
128,16384,16,512,522.351
128,16384,16,1024,568.804
128,16384,16,2048,662.502
128,16384,16,4096,851.804
128,16384,16,8192,1213.26
128,16384,16,16384,2020.62
128,16384,32,16,499.62
128,16384,32,32,499.332
128,16384,32,64,501.999
128,16384,32,128,524.026
128,16384,32,256,555.876
128,16384,32,512,619.418
128,16384,32,1024,758.267
128,16384,32,2048,1074.3
128,16384,32,4096,1555.02
128,16384,32,8192,2704.49
128,16384,32,16384,4902.65
128,16384,64,16,541.936
128,16384,64,32,543.418
128,16384,64,64,544.761
128,16384,64,128,594.651
128,16384,64,256,697.978
128,16384,64,512,922.94
128,16384,64,1024,1374.26
128,16384,64,2048,2233.66
128,16384,64,4096,3832.03
128,16384,64,8192,7234.81
128,16384,64,16384,13968.5
128,16384,128,16,623.972
128,16384,128,32,628.581
128,16384,128,64,634.564
128,16384,128,128,760.369
128,16384,128,256,979.485
128,16384,128,512,1453.09
128,16384,128,1024,2339.76
128,16384,128,2048,4059.38
128,16384,128,4096,7482.72
128,16384,128,8192,14439.9
128,16384,128,16384,28452
256,0,0,0,16.736
256,0,1,16,17.6323
256,0,1,32,17.5147
256,0,1,64,17.7707
256,0,1,128,17.8457
256,0,1,256,20.3627
256,0,1,512,27.1787
256,0,1,1024,41.099
256,0,1,2048,69.6533
256,0,1,4096,127.009
256,0,1,8192,241.101
256,0,1,16384,471.343
256,0,2,16,23.3387
256,0,2,32,23.2857
256,0,2,64,23.52
256,0,2,128,23.872
256,0,2,256,26.795
256,0,2,512,33.547
256,0,2,1024,47.8403
256,0,2,2048,75.6693
256,0,2,4096,131.275
256,0,2,8192,245.122
256,0,2,16384,473.987
256,0,4,16,24.406
256,0,4,32,24.8323
256,0,4,64,24.9173
256,0,4,128,26.3047
256,0,4,256,31.318
256,0,4,512,40.534
256,0,4,1024,54.4963
256,0,4,2048,82.4537
256,0,4,4096,139.852
256,0,4,8192,251.479
256,0,4,16384,480.431
256,0,8,16,29.8133
256,0,8,32,30.2087
256,0,8,64,30.325
256,0,8,128,34.432
256,0,8,256,42.1123
256,0,8,512,55.9477
256,0,8,1024,83.6913
256,0,8,2048,141.239
256,0,8,4096,254.563
256,0,8,8192,490.191
256,0,8,16384,958.77
256,0,16,16,39.691
256,0,16,32,40.064
256,0,16,64,40.2347
256,0,16,128,48.8113
256,0,16,256,61.6857
256,0,16,512,88.6513
256,0,16,1024,148.354
256,0,16,2048,273.293
256,0,16,4096,517.241
256,0,16,8192,990.684
256,0,16,16384,1935.84
256,0,32,16,59.0193
256,0,32,32,60.0003
256,0,32,64,60.257
256,0,32,128,80.8
256,0,32,256,106.422
256,0,32,512,173.346
256,0,32,1024,307.917
256,0,32,2048,539.246
256,0,32,4096,1059.17
256,0,32,8192,2216.21
256,0,32,16384,4158.47
256,0,64,16,99.489
256,0,64,32,101.195
256,0,64,64,103.681
256,0,64,128,146.998
256,0,64,256,241.836
256,0,64,512,469.977
256,0,64,1024,900.657
256,0,64,2048,1732.21
256,0,64,4096,3454.26
256,0,64,8192,7007.61
256,0,64,16384,14051.5
256,0,128,16,184.332
256,0,128,32,188.354
256,0,128,64,192.226
256,0,128,128,295.576
256,0,128,256,479.31
256,0,128,512,920.562
256,0,128,1024,1802.19
256,0,128,2048,3567.08
256,0,128,4096,7096
256,0,128,8192,14166.2
256,0,128,16384,28289.4
256,16,0,0,20.224
256,16,1,16,20.8107
256,16,1,32,20.9393
256,16,1,64,20.6727
256,16,1,128,20.8323
256,16,1,256,20.7897
256,16,1,512,27.222
256,16,1,1024,41.131
256,16,1,2048,69.4503
256,16,1,4096,127.072
256,16,1,8192,241.164
256,16,1,16384,471.78
256,16,2,16,26.6353
256,16,2,32,26.5383
256,16,2,64,26.6883
256,16,2,128,27.3493
256,16,2,256,27.936
256,16,2,512,34.9127
256,16,2,1024,48.6193
256,16,2,2048,76.609
256,16,2,4096,132.556
256,16,2,8192,246.84
256,16,2,16384,474.915
256,16,4,16,27.9573
256,16,4,32,27.958
256,16,4,64,28.0327
256,16,4,128,29.3337
256,16,4,256,32.1277
256,16,4,512,42.5067
256,16,4,1024,56.107
256,16,4,2048,84.257
256,16,4,4096,141.377
256,16,4,8192,254.05
256,16,4,16384,479.374
256,16,8,16,33.44
256,16,8,32,33.4293
256,16,8,64,33.579
256,16,8,128,38.1653
256,16,8,256,43.6587
256,16,8,512,57.398
256,16,8,1024,85.6963
256,16,8,2048,142.156
256,16,8,4096,255.97
256,16,8,8192,489.508
256,16,8,16384,959.815
256,16,16,16,43.254
256,16,16,32,43.659
256,16,16,64,44.2453
256,16,16,128,51.3387
256,16,16,256,62.4757
256,16,16,512,89.1627
256,16,16,1024,150.145
256,16,16,2048,276.983
256,16,16,4096,523.769
256,16,16,8192,1022.45
256,16,16,16384,1945.04
256,16,32,16,63.158
256,16,32,32,63.8297
256,16,32,64,64.3103
256,16,32,128,82.0803
256,16,32,256,107.798
256,16,32,512,173.645
256,16,32,1024,313.133
256,16,32,2048,560.762
256,16,32,4096,1130.92
256,16,32,8192,2262.05
256,16,32,16384,5049.89
256,16,64,16,102.454
256,16,64,32,104.15
256,16,64,64,105.75
256,16,64,128,148.225
256,16,64,256,242.829
256,16,64,512,472.025
256,16,64,1024,903.867
256,16,64,2048,1752.6
256,16,64,4096,3454.87
256,16,64,8192,7054.54
256,16,64,16384,14061.9
256,16,128,16,185.538
256,16,128,32,189.377
256,16,128,64,193.431
256,16,128,128,296.301
256,16,128,256,479.492
256,16,128,512,919.879
256,16,128,1024,1803.64
256,16,128,2048,3569.04
256,16,128,4096,7099.31
256,16,128,8192,14169.1
256,16,128,16384,28292.7
256,32,0,0,20.2773
256,32,1,16,20.8857
256,32,1,32,20.822
256,32,1,64,20.7147
256,32,1,128,21.0347
256,32,1,256,20.683
256,32,1,512,27.2427
256,32,1,1024,40.8967
256,32,1,2048,69.3977
256,32,1,4096,127.03
256,32,1,8192,241.132
256,32,1,16384,471.214
256,32,2,16,26.5707
256,32,2,32,26.5603
256,32,2,64,26.656
256,32,2,128,27.584
256,32,2,256,28.2773
256,32,2,512,34.7313
256,32,2,1024,48.8533
256,32,2,2048,76.918
256,32,2,4096,132.833
256,32,2,8192,245.324
256,32,2,16384,474.819
256,32,4,16,27.9577
256,32,4,32,28.0433
256,32,4,64,28.16
256,32,4,128,29.782
256,32,4,256,32.544
256,32,4,512,42.55
256,32,4,1024,56.4693
256,32,4,2048,84.8643
256,32,4,4096,141.932
256,32,4,8192,255.265
256,32,4,16384,480.793
256,32,8,16,33.5577
256,32,8,32,33.6643
256,32,8,64,34.2293
256,32,8,128,38.2723
256,32,8,256,43.8303
256,32,8,512,57.4193
256,32,8,1024,85.281
256,32,8,2048,142.444
256,32,8,4096,254.967
256,32,8,8192,489.454
256,32,8,16384,959.836
256,32,16,16,43.6807
256,32,16,32,44.0963
256,32,16,64,44.5337
256,32,16,128,51.7443
256,32,16,256,62.8273
256,32,16,512,89.3233
256,32,16,1024,150.38
256,32,16,2048,277.026
256,32,16,4096,528.132
256,32,16,8192,1020.15
256,32,16,16384,1997.19
256,32,32,16,63.286
256,32,32,32,63.936
256,32,32,64,64.5027
256,32,32,128,82.123
256,32,32,256,107.958
256,32,32,512,173.996
256,32,32,1024,315.106
256,32,32,2048,559.205
256,32,32,4096,1079.36
256,32,32,8192,2235.51
256,32,32,16384,4531.08
256,32,64,16,102.966
256,32,64,32,104.417
256,32,64,64,106.294
256,32,64,128,148.267
256,32,64,256,243.895
256,32,64,512,471.075
256,32,64,1024,902.779
256,32,64,2048,1747.59
256,32,64,4096,3467.19
256,32,64,8192,6973.22
256,32,64,16384,14065.6
256,32,128,16,185.538
256,32,128,32,189.644
256,32,128,64,193.378
256,32,128,128,296.279
256,32,128,256,480.398
256,32,128,512,922.524
256,32,128,1024,1800.73
256,32,128,2048,3572.79
256,32,128,4096,7100.15
256,32,128,8192,14163.2
256,32,128,16384,28283.7
256,64,0,0,20.736
256,64,1,16,21.0027
256,64,1,32,21.12
256,64,1,64,20.949
256,64,1,128,21.0243
256,64,1,256,21.0137
256,64,1,512,27.659
256,64,1,1024,41.088
256,64,1,2048,69.2483
256,64,1,4096,126.785
256,64,1,8192,241.474
256,64,1,16384,472.526
256,64,2,16,26.689
256,64,2,32,26.7733
256,64,2,64,26.923
256,64,2,128,27.9467
256,64,2,256,28.5653
256,64,2,512,34.944
256,64,2,1024,48.8647
256,64,2,2048,76.3093
256,64,2,4096,132.599
256,64,2,8192,244.931
256,64,2,16384,474.436
256,64,4,16,28.1817
256,64,4,32,28.128
256,64,4,64,28.2563
256,64,4,128,29.8137
256,64,4,256,32.331
256,64,4,512,42.518
256,64,4,1024,56.523
256,64,4,2048,84.6613
256,64,4,4096,141.558
256,64,4,8192,254.252
256,64,4,16384,483.107
256,64,8,16,33.419
256,64,8,32,33.643
256,64,8,64,33.931
256,64,8,128,38.4107
256,64,8,256,43.691
256,64,8,512,57.6213
256,64,8,1024,85.3667
256,64,8,2048,142.22
256,64,8,4096,255.245
256,64,8,8192,490.659
256,64,8,16384,958.268
256,64,16,16,43.8827
256,64,16,32,44.0647
256,64,16,64,44.2347
256,64,16,128,51.6703
256,64,16,256,62.3263
256,64,16,512,89.387
256,64,16,1024,149.75
256,64,16,2048,276.823
256,64,16,4096,521.657
256,64,16,8192,1023.89
256,64,16,16384,1972.18
256,64,32,16,63.126
256,64,32,32,64.1177
256,64,32,64,65.0667
256,64,32,128,82.2403
256,64,32,256,107.852
256,64,32,512,177.772
256,64,32,1024,316.206
256,64,32,2048,561.092
256,64,32,4096,1087.35
256,64,32,8192,2214.34
256,64,32,16384,4797.22
256,64,64,16,102.902
256,64,64,32,104.193
256,64,64,64,106.454
256,64,64,128,148.257
256,64,64,256,242.401
256,64,64,512,471.577
256,64,64,1024,903.847
256,64,64,2048,1754.28
256,64,64,4096,3468.71
256,64,64,8192,7012.57
256,64,64,16384,14065.9
256,64,128,16,185.697
256,64,128,32,189.719
256,64,128,64,193.633
256,64,128,128,296.514
256,64,128,256,481.038
256,64,128,512,921.746
256,64,128,1024,1805.93
256,64,128,2048,3569.95
256,64,128,4096,7101.64
256,64,128,8192,14165.7
256,64,128,16384,28285.3
256,128,0,0,20.6187
256,128,1,16,21.2483
256,128,1,32,21.0667
256,128,1,64,21.2053
256,128,1,128,21.3023
256,128,1,256,21.5253
256,128,1,512,27.7017
256,128,1,1024,41.4187
256,128,1,2048,69.7397
256,128,1,4096,127.201
256,128,1,8192,241.89
256,128,1,16384,471.972
256,128,2,16,27.0513
256,128,2,32,27.243
256,128,2,64,27.1997
256,128,2,128,30.283
256,128,2,256,31.424
256,128,2,512,37.6213
256,128,2,1024,51.6053
256,128,2,2048,79.9897
256,128,2,4096,136.022
256,128,2,8192,248.033
256,128,2,16384,474.275
256,128,4,16,29.3123
256,128,4,32,29.5253
256,128,4,64,29.674
256,128,4,128,31.488
256,128,4,256,33.462
256,128,4,512,44.726
256,128,4,1024,59.318
256,128,4,2048,87.1583
256,128,4,4096,144.31
256,128,4,8192,257.026
256,128,4,16384,481.475
256,128,8,16,34.7953
256,128,8,32,34.7097
256,128,8,64,34.944
256,128,8,128,40.075
256,128,8,256,45.4827
256,128,8,512,60.0223
256,128,8,1024,87.574
256,128,8,2048,144.139
256,128,8,4096,257.698
256,128,8,8192,491.448
256,128,8,16384,961.692
256,128,16,16,45.3653
256,128,16,32,45.5257
256,128,16,64,45.825
256,128,16,128,53.4403
256,128,16,256,63.5733
256,128,16,512,90.0487
256,128,16,1024,150.252
256,128,16,2048,281.272
256,128,16,4096,532.934
256,128,16,8192,1048.5
256,128,16,16384,1998.57
256,128,32,16,65.2053
256,128,32,32,65.7813
256,128,32,64,66.3037
256,128,32,128,83.7553
256,128,32,256,110.017
256,128,32,512,178.668
256,128,32,1024,331.693
256,128,32,2048,603.609
256,128,32,4096,1158.33
256,128,32,8192,2538.61
256,128,32,16384,4958.73
256,128,64,16,104.79
256,128,64,32,105.899
256,128,64,64,108.033
256,128,64,128,150.251
256,128,64,256,246.306
256,128,64,512,472.867
256,128,64,1024,905.5
256,128,64,2048,1773.9
256,128,64,4096,3534.06
256,128,64,8192,7083.57
256,128,64,16384,14088.4
256,128,128,16,187.244
256,128,128,32,191.17
256,128,128,64,195.084
256,128,128,128,299.277
256,128,128,256,482.585
256,128,128,512,924.582
256,128,128,1024,1804.43
256,128,128,2048,3570.7
256,128,128,4096,7099.52
256,128,128,8192,14169.4
256,128,128,16384,28278.7
256,256,0,0,24.5333
256,256,1,16,24.9067
256,256,1,32,24.9067
256,256,1,64,25.056
256,256,1,128,24.9817
256,256,1,256,25.216
256,256,1,512,28.064
256,256,1,1024,42.1763
256,256,1,2048,69.548
256,256,1,4096,127.521
256,256,1,8192,241.58
256,256,1,16384,471.961
256,256,2,16,30.6773
256,256,2,32,30.9763
256,256,2,64,31.0187
256,256,2,128,34.2403
256,256,2,256,37.675
256,256,2,512,41.579
256,256,2,1024,55.478
256,256,2,2048,83.7343
256,256,2,4096,140.023
256,256,2,8192,253.463
256,256,2,16384,477.326
256,256,4,16,33.6323
256,256,4,32,33.5683
256,256,4,64,33.408
256,256,4,128,36.1597
256,256,4,256,38.699
256,256,4,512,46.0057
256,256,4,1024,62.9767
256,256,4,2048,91.243
256,256,4,4096,147.233
256,256,4,8192,259.223
256,256,4,16384,485.987
256,256,8,16,39.8507
256,256,8,32,39.648
256,256,8,64,40.1177
256,256,8,128,44.3097
256,256,8,256,51.083
256,256,8,512,63.5843
256,256,8,1024,92.1287
256,256,8,2048,148.417
256,256,8,4096,261.357
256,256,8,8192,493.955
256,256,8,16384,966.183
256,256,16,16,50.1767
256,256,16,32,50.4863
256,256,16,64,51.009
256,256,16,128,59.852
256,256,16,256,68.1173
256,256,16,512,90.806
256,256,16,1024,149.164
256,256,16,2048,289.325
256,256,16,4096,555.343
256,256,16,8192,1086.87
256,256,16,16384,2132.83
256,256,32,16,70.5713
256,256,32,32,71.2963
256,256,32,64,72.054
256,256,32,128,89.6967
256,256,32,256,112.566
256,256,32,512,175.596
256,256,32,1024,346.339
256,256,32,2048,647.375
256,256,32,4096,1261.77
256,256,32,8192,2666.92
256,256,32,16384,5248.23
256,256,64,16,109.985
256,256,64,32,111.894
256,256,64,64,113.611
256,256,64,128,152.982
256,256,64,256,248.194
256,256,64,512,468.792
256,256,64,1024,909.489
256,256,64,2048,1779.8
256,256,64,4096,3533.27
256,256,64,8192,7047.16
256,256,64,16384,14134
256,256,128,16,190.412
256,256,128,32,193.921
256,256,128,64,197.73
256,256,128,128,302.22
256,256,128,256,485.113
256,256,128,512,922.3
256,256,128,1024,1804.08
256,256,128,2048,3571.82
256,256,128,4096,7103.04
256,256,128,8192,14177.2
256,256,128,16384,28284.9
256,512,0,0,32.2243
256,512,1,16,32.4373
256,512,1,32,32.0217
256,512,1,64,32.5333
256,512,1,128,32.1283
256,512,1,256,32.545
256,512,1,512,32.5333
256,512,1,1024,41.867
256,512,1,2048,70.1657
256,512,1,4096,127.606
256,512,1,8192,241.698
256,512,1,16384,472.11
256,512,2,16,38.2083
256,512,2,32,38.1123
256,512,2,64,38.2297
256,512,2,128,41.4933
256,512,2,256,45.536
256,512,2,512,51.5843
256,512,2,1024,63.072
256,512,2,2048,90.3797
256,512,2,4096,146.796
256,512,2,8192,259.703
256,512,2,16384,484.409
256,512,4,16,40.7893
256,512,4,32,40.4803
256,512,4,64,40.523
256,512,4,128,43.872
256,512,4,256,47.8513
256,512,4,512,52.6187
256,512,4,1024,70.2407
256,512,4,2048,98.4117
256,512,4,4096,154.198
256,512,4,8192,268.877
256,512,4,16384,492.654
256,512,8,16,50.2937
256,512,8,32,50.6357
256,512,8,64,51.0833
256,512,8,128,53.771
256,512,8,256,58.6993
256,512,8,512,72.4063
256,512,8,1024,99.7763
256,512,8,2048,157.025
256,512,8,4096,274.499
256,512,8,8192,504.196
256,512,8,16384,976.774
256,512,16,16,60.4057
256,512,16,32,61.024
256,512,16,64,61.2063
256,512,16,128,70.667
256,512,16,256,80.929
256,512,16,512,96.8863
256,512,16,1024,147.777
256,512,16,2048,294.551
256,512,16,4096,589.294
256,512,16,8192,1144.3
256,512,16,16384,2413.99
256,512,32,16,81.281
256,512,32,32,81.5363
256,512,32,64,82.0907
256,512,32,128,101.441
256,512,32,256,121.985
256,512,32,512,176.876
256,512,32,1024,323.79
256,512,32,2048,725.488
256,512,32,4096,1435.96
256,512,32,8192,3021.95
256,512,32,16384,6074.68
256,512,64,16,121.057
256,512,64,32,122.913
256,512,64,64,125.046
256,512,64,128,163.702
256,512,64,256,252.045
256,512,64,512,474.841
256,512,64,1024,912.731
256,512,64,2048,1781.51
256,512,64,4096,3533.36
256,512,64,8192,7092.62
256,512,64,16384,14164.2
256,512,128,16,201.783
256,512,128,32,205.409
256,512,128,64,209.271
256,512,128,128,306.306
256,512,128,256,487.727
256,512,128,512,931.559
256,512,128,1024,1811.51
256,512,128,2048,3573.09
256,512,128,4096,7106.01
256,512,128,8192,14176.4
256,512,128,16384,28288.2
256,1024,0,0,46.731
256,1024,1,16,46.7313
256,1024,1,32,46.87
256,1024,1,64,46.6133
256,1024,1,128,46.635
256,1024,1,256,46.4
256,1024,1,512,46.8803
256,1024,1,1024,46.6667
256,1024,1,2048,70.4217
256,1024,1,4096,127.68
256,1024,1,8192,241.591
256,1024,1,16384,472.857
256,1024,2,16,52.31
256,1024,2,32,52.0647
256,1024,2,64,52.4377
256,1024,2,128,55.285
256,1024,2,256,59.083
256,1024,2,512,66.5933
256,1024,2,1024,80.257
256,1024,2,2048,104.769
256,1024,2,4096,161.644
256,1024,2,8192,273.463
256,1024,2,16384,497.422
256,1024,4,16,54.8697
256,1024,4,32,54.72
256,1024,4,64,54.6567
256,1024,4,128,58.262
256,1024,4,256,62.049
256,1024,4,512,69.461
256,1024,4,1024,81.8247
256,1024,4,2048,112.887
256,1024,4,4096,168.898
256,1024,4,8192,281.709
256,1024,4,16384,507.908
256,1024,8,16,64.481
256,1024,8,32,65.3017
256,1024,8,64,65.11
256,1024,8,128,74.2403
256,1024,8,256,80.3413
256,1024,8,512,87.7553
256,1024,8,1024,115.553
256,1024,8,2048,173.708
256,1024,8,4096,295.554
256,1024,8,8192,539.652
256,1024,8,16384,1029.38
256,1024,16,16,80.7477
256,1024,16,32,81.3873
256,1024,16,64,81.654
256,1024,16,128,91.2967
256,1024,16,256,100.491
256,1024,16,512,123.126
256,1024,16,1024,155.777
256,1024,16,2048,283.587
256,1024,16,4096,589.252
256,1024,16,8192,1260.87
256,1024,16,16384,2376.9
256,1024,32,16,102.027
256,1024,32,32,102.401
256,1024,32,64,102.966
256,1024,32,128,122.156
256,1024,32,256,142.454
256,1024,32,512,193.068
256,1024,32,1024,295.575
256,1024,32,2048,724.986
256,1024,32,4096,1490.09
256,1024,32,8192,3070.32
256,1024,32,16384,6157.79
256,1024,64,16,143.009
256,1024,64,32,144.577
256,1024,64,64,147.084
256,1024,64,128,186.614
256,1024,64,256,271.916
256,1024,64,512,486.03
256,1024,64,1024,892.956
256,1024,64,2048,1785.71
256,1024,64,4096,3539.32
256,1024,64,8192,7091.89
256,1024,64,16384,14166.3
256,1024,128,16,224.674
256,1024,128,32,227.98
256,1024,128,64,232.076
256,1024,128,128,326.551
256,1024,128,256,495.225
256,1024,128,512,934.311
256,1024,128,1024,1819.65
256,1024,128,2048,3578.77
256,1024,128,4096,7117.82
256,1024,128,8192,14183.4
256,1024,128,16384,28319.1
256,2048,0,0,75.2753
256,2048,1,16,75.3503
256,2048,1,32,74.9763
256,2048,1,64,75.094
256,2048,1,128,75.03
256,2048,1,256,74.966
256,2048,1,512,75.4463
256,2048,1,1024,75.4457
256,2048,1,2048,75.905
256,2048,1,4096,127.862
256,2048,1,8192,242.071
256,2048,1,16384,472.643
256,2048,2,16,81.7713
256,2048,2,32,81.2917
256,2048,2,64,81.515
256,2048,2,128,84.9607
256,2048,2,256,87.4673
256,2048,2,512,94.9133
256,2048,2,1024,109.451
256,2048,2,2048,137.91
256,2048,2,4096,193.516
256,2048,2,8192,308.194
256,2048,2,16384,534.852
256,2048,4,16,83.073
256,2048,4,32,83.3177
256,2048,4,64,83.6267
256,2048,4,128,86.817
256,2048,4,256,90.6357
256,2048,4,512,98.1127
256,2048,4,1024,112.257
256,2048,4,2048,139.308
256,2048,4,4096,198.348
256,2048,4,8192,315.874
256,2048,4,16384,548.398
256,2048,8,16,93.334
256,2048,8,32,93.59
256,2048,8,64,93.7607
256,2048,8,128,103.159
256,2048,8,256,113.483
256,2048,8,512,135.297
256,2048,8,1024,145.153
256,2048,8,2048,202.37
256,2048,8,4096,323.5
256,2048,8,8192,572.815
256,2048,8,16384,1059.78
256,2048,16,16,110.273
256,2048,16,32,110.731
256,2048,16,64,111.766
256,2048,16,128,128.672
256,2048,16,256,142.081
256,2048,16,512,160.427
256,2048,16,1024,210.946
256,2048,16,2048,272.652
256,2048,16,4096,579.237
256,2048,16,8192,1211.58
256,2048,16,16384,2504.54
256,2048,32,16,141.697
256,2048,32,32,142.892
256,2048,32,64,143.979
256,2048,32,128,164.566
256,2048,32,256,184.876
256,2048,32,512,231.031
256,2048,32,1024,339.736
256,2048,32,2048,574.681
256,2048,32,4096,1449.55
256,2048,32,8192,3011.53
256,2048,32,16384,6097.11
256,2048,64,16,184.492
256,2048,64,32,186.273
256,2048,64,64,188.663
256,2048,64,128,230.423
256,2048,64,256,312.706
256,2048,64,512,519.876
256,2048,64,1024,929.179
256,2048,64,2048,1771.45
256,2048,64,4096,3534.89
256,2048,64,8192,7084.21
256,2048,64,16384,14164.1
256,2048,128,16,268.268
256,2048,128,32,271.586
256,2048,128,64,276.952
256,2048,128,128,370.477
256,2048,128,256,530.895
256,2048,128,512,957.127
256,2048,128,1024,1828.47
256,2048,128,2048,3601.39
256,2048,128,4096,7131.66
256,2048,128,8192,14203.7
256,2048,128,16384,28338.9
256,4096,0,0,132.78
256,4096,1,16,132.715
256,4096,1,32,132.129
256,4096,1,64,132.001
256,4096,1,128,132.801
256,4096,1,256,132.118
256,4096,1,512,132.299
256,4096,1,1024,132.929
256,4096,1,2048,132.768
256,4096,1,4096,133.75
256,4096,1,8192,243.18
256,4096,1,16384,473.966
256,4096,2,16,137.857
256,4096,2,32,137.686
256,4096,2,64,137.889
256,4096,2,128,140.844
256,4096,2,256,145.142
256,4096,2,512,151.819
256,4096,2,1024,166.7
256,4096,2,2048,195.031
256,4096,2,4096,252.748
256,4096,2,8192,368.344
256,4096,2,16384,601.359
256,4096,4,16,140.108
256,4096,4,32,140.481
256,4096,4,64,140.364
256,4096,4,128,143.329
256,4096,4,256,147.169
256,4096,4,512,153.953
256,4096,4,1024,169.91
256,4096,4,2048,198.838
256,4096,4,4096,255.448
256,4096,4,8192,376.835
256,4096,4,16384,608.197
256,4096,8,16,149.26
256,4096,8,32,150.198
256,4096,8,64,150.732
256,4096,8,128,160.855
256,4096,8,256,170.252
256,4096,8,512,191.756
256,4096,8,1024,233.666
256,4096,8,2048,261.303
256,4096,8,4096,374.584
256,4096,8,8192,616.804
256,4096,8,16384,1125.94
256,4096,16,16,166.934
256,4096,16,32,166.924
256,4096,16,64,167.404
256,4096,16,128,185.1
256,4096,16,256,204.289
256,4096,16,512,239.246
256,4096,16,1024,285.238
256,4096,16,2048,384.707
256,4096,16,4096,506.926
256,4096,16,8192,1146.09
256,4096,16,16384,2402.22
256,4096,32,16,202.241
256,4096,32,32,203.041
256,4096,32,64,203.51
256,4096,32,128,240.108
256,4096,32,256,267.138
256,4096,32,512,329.986
256,4096,32,1024,464.291
256,4096,32,2048,659.504
256,4096,32,4096,1317.72
256,4096,32,8192,3023.94
256,4096,32,16384,6043.67
256,4096,64,16,265.815
256,4096,64,32,267.073
256,4096,64,64,267.65
256,4096,64,128,313.89
256,4096,64,256,389.624
256,4096,64,512,591.769
256,4096,64,1024,1007.13
256,4096,64,2048,1817.93
256,4096,64,4096,3499.42
256,4096,64,8192,7052.33
256,4096,64,16384,14110.3
256,4096,128,16,351.821
256,4096,128,32,356.12
256,4096,128,64,359.97
256,4096,128,128,458.627
256,4096,128,256,615.706
256,4096,128,512,1034.96
256,4096,128,1024,1882.2
256,4096,128,2048,3623.45
256,4096,128,4096,7181.08
256,4096,128,8192,14243.7
256,4096,128,16384,28377.5
256,8192,0,0,245.207
256,8192,1,16,246.359
256,8192,1,32,246.103
256,8192,1,64,245.803
256,8192,1,128,245.314
256,8192,1,256,246.445
256,8192,1,512,247.5
256,8192,1,1024,245.772
256,8192,1,2048,246.817
256,8192,1,4096,247.992
256,8192,1,8192,250.623
256,8192,1,16384,475.598
256,8192,2,16,252.279
256,8192,2,32,252.312
256,8192,2,64,253.132
256,8192,2,128,256.695
256,8192,2,256,260.098
256,8192,2,512,266.337
256,8192,2,1024,279.799
256,8192,2,2048,309.005
256,8192,2,4096,369.72
256,8192,2,8192,485.528
256,8192,2,16384,721.957
256,8192,4,16,254.221
256,8192,4,32,252.898
256,8192,4,64,253.965
256,8192,4,128,257.431
256,8192,4,256,260.684
256,8192,4,512,268.311
256,8192,4,1024,283.106
256,8192,4,2048,311.404
256,8192,4,4096,373.368
256,8192,4,8192,488.718
256,8192,4,16384,728.209
256,8192,8,16,264.375
256,8192,8,32,262.488
256,8192,8,64,262.349
256,8192,8,128,273.377
256,8192,8,256,283.991
256,8192,8,512,305.026
256,8192,8,1024,347.213
256,8192,8,2048,435.917
256,8192,8,4096,491.447
256,8192,8,8192,724.923
256,8192,8,16384,1209.41
256,8192,16,16,280.919
256,8192,16,32,280.535
256,8192,16,64,282.486
256,8192,16,128,298.252
256,8192,16,256,319.063
256,8192,16,512,353.058
256,8192,16,1024,424.323
256,8192,16,2048,550.148
256,8192,16,4096,735.311
256,8192,16,8192,986.674
256,8192,16,16384,2370.27
256,8192,32,16,314.114
256,8192,32,32,316.45
256,8192,32,64,318.381
256,8192,32,128,353.282
256,8192,32,256,392.237
256,8192,32,512,482.243
256,8192,32,1024,602.98
256,8192,32,2048,866.32
256,8192,32,4096,1378.28
256,8192,32,8192,2728.18
256,8192,32,16384,6103.48
256,8192,64,16,386.317
256,8192,64,32,389.848
256,8192,64,64,391.874
256,8192,64,128,467.278
256,8192,64,256,545.422
256,8192,64,512,731.738
256,8192,64,1024,1150.54
256,8192,64,2048,1970.63
256,8192,64,4096,3593.37
256,8192,64,8192,7117.7
256,8192,64,16384,14134.5
256,8192,128,16,515.15
256,8192,128,32,519.748
256,8192,128,64,525.059
256,8192,128,128,622.212
256,8192,128,256,767.813
256,8192,128,512,1184.92
256,8192,128,1024,2041.47
256,8192,128,2048,3735.75
256,8192,128,4096,7215.45
256,8192,128,8192,14349.6
256,8192,128,16384,28427
256,16384,0,0,479.011
256,16384,1,16,477.901
256,16384,1,32,477.891
256,16384,1,64,478.446
256,16384,1,128,477.283
256,16384,1,256,477.816
256,16384,1,512,478.403
256,16384,1,1024,479.545
256,16384,1,2048,478.68
256,16384,1,4096,479.395
256,16384,1,8192,480.088
256,16384,1,16384,484.451
256,16384,2,16,479.235
256,16384,2,32,478.369
256,16384,2,64,480.409
256,16384,2,128,482.253
256,16384,2,256,486.329
256,16384,2,512,492.921
256,16384,2,1024,508.046
256,16384,2,2048,536.366
256,16384,2,4096,601.455
256,16384,2,8192,723.963
256,16384,2,16384,957.029
256,16384,4,16,481.273
256,16384,4,32,483.171
256,16384,4,64,480.484
256,16384,4,128,483.747
256,16384,4,256,486.274
256,16384,4,512,494.862
256,16384,4,1024,511.148
256,16384,4,2048,540.719
256,16384,4,4096,603.247
256,16384,4,8192,726.544
256,16384,4,16384,957.745
256,16384,8,16,487.457
256,16384,8,32,487.971
256,16384,8,64,489.955
256,16384,8,128,498.647
256,16384,8,256,509.231
256,16384,8,512,531.716
256,16384,8,1024,573.551
256,16384,8,2048,662.383
256,16384,8,4096,841.585
256,16384,8,8192,959.57
256,16384,8,16384,1443.27
256,16384,16,16,505.017
256,16384,16,32,506.574
256,16384,16,64,508.121
256,16384,16,128,525.476
256,16384,16,256,543.588
256,16384,16,512,582.158
256,16384,16,1024,651.204
256,16384,16,2048,799.994
256,16384,16,4096,1072.43
256,16384,16,8192,1444.78
256,16384,16,16384,1995.67
256,16384,32,16,539.908
256,16384,32,32,542.436
256,16384,32,64,545.369
256,16384,32,128,578.351
256,16384,32,256,620.271
256,16384,32,512,707.526
256,16384,32,1024,895.708
256,16384,32,2048,1195.24
256,16384,32,4096,1806.65
256,16384,32,8192,2919.95
256,16384,32,16384,5548.82
256,16384,64,16,612.239
256,16384,64,32,613.764
256,16384,64,64,617.231
256,16384,64,128,693.294
256,16384,64,256,795.067
256,16384,64,512,1015.86
256,16384,64,1024,1433.81
256,16384,64,2048,2256.13
256,16384,64,4096,3930.32
256,16384,64,8192,7215.78
256,16384,64,16384,14198.1
256,16384,128,16,761.445
256,16384,128,32,767.461
256,16384,128,64,775.642
256,16384,128,128,935.857
256,16384,128,256,1078.92
256,16384,128,512,1475.22
256,16384,128,1024,2335.51
256,16384,128,2048,4041.61
256,16384,128,4096,7433.6
256,16384,128,8192,14373
256,16384,128,16384,28688.1
512,0,0,0,37.3017
512,0,1,16,39.1893
512,0,1,32,39.0193
512,0,1,64,38.9977
512,0,1,128,39.253
512,0,1,256,39.723
512,0,1,512,43.0937
512,0,1,1024,57.035
512,0,1,2048,84.2993
512,0,1,4096,139.617
512,0,1,8192,251.639
512,0,1,16384,475.022
512,0,2,16,40.246
512,0,2,32,40.5547
512,0,2,64,40.5227
512,0,2,128,41.462
512,0,2,256,41.7613
512,0,2,512,47.6383
512,0,2,1024,62.742
512,0,2,2048,89.74
512,0,2,4096,145.441
512,0,2,8192,256.855
512,0,2,16384,483.715
512,0,4,16,43.616
512,0,4,32,43.6483
512,0,4,64,44.075
512,0,4,128,45.718
512,0,4,256,48.4053
512,0,4,512,55.627
512,0,4,1024,77.3343
512,0,4,2048,110.102
512,0,4,4096,165.932
512,0,4,8192,279.436
512,0,4,16384,505.209
512,0,8,16,50.8377
512,0,8,32,50.923
512,0,8,64,51.7023
512,0,8,128,55.3607
512,0,8,256,59.627
512,0,8,512,72.8323
512,0,8,1024,104.075
512,0,8,2048,157.985
512,0,8,4096,271.725
512,0,8,8192,502.211
512,0,8,16384,967.815
512,0,16,16,63.6907
512,0,16,32,64.235
512,0,16,64,64.661
512,0,16,128,73.5153
512,0,16,256,83.1793
512,0,16,512,108.854
512,0,16,1024,177.665
512,0,16,2048,330.156
512,0,16,4096,604.099
512,0,16,8192,1113.87
512,0,16,16384,2136.22
512,0,32,16,89.686
512,0,32,32,90.5177
512,0,32,64,91.2643
512,0,32,128,109.526
512,0,32,256,131.82
512,0,32,512,223.692
512,0,32,1024,404.173
512,0,32,2048,718.512
512,0,32,4096,1413.78
512,0,32,8192,2809.84
512,0,32,16384,5616.18
512,0,64,16,140.662
512,0,64,32,142.507
512,0,64,64,144.001
512,0,64,128,183.286
512,0,64,256,255.298
512,0,64,512,484.996
512,0,64,1024,928.603
512,0,64,2048,1810.57
512,0,64,4096,3572.98
512,0,64,8192,7115.08
512,0,64,16384,14136.7
512,0,128,16,245.484
512,0,128,32,249.42
512,0,128,64,252.471
512,0,128,128,351.821
512,0,128,256,493.486
512,0,128,512,927.846
512,0,128,1024,1812.93
512,0,128,2048,3580.92
512,0,128,4096,7118.48
512,0,128,8192,14190.6
512,0,128,16384,28306.9
512,16,0,0,43.4563
512,16,1,16,43.1787
512,16,1,32,43.1787
512,16,1,64,43.211
512,16,1,128,44.203
512,16,1,256,44.566
512,16,1,512,45.4293
512,16,1,1024,59.499
512,16,1,2048,87.008
512,16,1,4096,142.358
512,16,1,8192,252.813
512,16,1,16384,474.296
512,16,2,16,45.035
512,16,2,32,44.9717
512,16,2,64,44.875
512,16,2,128,45.9307
512,16,2,256,46.4217
512,16,2,512,49.291
512,16,2,1024,65.0777
512,16,2,2048,92.7153
512,16,2,4096,148.737
512,16,2,8192,258.625
512,16,2,16384,481.731
512,16,4,16,48.651
512,16,4,32,48.7687
512,16,4,64,48.448
512,16,4,128,50.4857
512,16,4,256,53.1417
512,16,4,512,58.2077
512,16,4,1024,78.4223
512,16,4,2048,114.828
512,16,4,4096,171.607
512,16,4,8192,283.564
512,16,4,16384,510.159
512,16,8,16,55.4887
512,16,8,32,55.8293
512,16,8,64,55.99
512,16,8,128,59.809
512,16,8,256,64.6403
512,16,8,512,75.0833
512,16,8,1024,108.023
512,16,8,2048,161.314
512,16,8,4096,275.202
512,16,8,8192,506.275
512,16,8,16384,969.19
512,16,16,16,68.9283
512,16,16,32,69.2587
512,16,16,64,69.6107
512,16,16,128,78.507
512,16,16,256,87.9897
512,16,16,512,111.702
512,16,16,1024,178.006
512,16,16,2048,332.781
512,16,16,4096,619.055
512,16,16,8192,1158.69
512,16,16,16384,2276.68
512,16,32,16,94.699
512,16,32,32,95.4563
512,16,32,64,96.5443
512,16,32,128,114.465
512,16,32,256,134.614
512,16,32,512,221.485
512,16,32,1024,406.584
512,16,32,2048,753.616
512,16,32,4096,1430.45
512,16,32,8192,2914.18
512,16,32,16384,5706.94
512,16,64,16,145.995
512,16,64,32,147.692
512,16,64,64,149.516
512,16,64,128,186.347
512,16,64,256,256.322
512,16,64,512,486.062
512,16,64,1024,930.449
512,16,64,2048,1811.73
512,16,64,4096,3582.23
512,16,64,8192,7119.78
512,16,64,16384,14172.1
512,16,128,16,248.236
512,16,128,32,251.394
512,16,128,64,254.604
512,16,128,128,354.008
512,16,128,256,494.318
512,16,128,512,929.276
512,16,128,1024,1810.93
512,16,128,2048,3578.22
512,16,128,4096,7124.3
512,16,128,8192,14182
512,16,128,16384,28298.2
512,32,0,0,44.0323
512,32,1,16,42.9653
512,32,1,32,42.9553
512,32,1,64,43.2223
512,32,1,128,44.1707
512,32,1,256,44.7257
512,32,1,512,45.2483
512,32,1,1024,59.3283
512,32,1,2048,86.8483
512,32,1,4096,142.059
512,32,1,8192,252.919
512,32,1,16384,475.544
512,32,2,16,45.152
512,32,2,32,45.3013
512,32,2,64,45.1847
512,32,2,128,46.177
512,32,2,256,46.5067
512,32,2,512,48.929
512,32,2,1024,65.6963
512,32,2,2048,92.982
512,32,2,4096,148.833
512,32,2,8192,260.279
512,32,2,16384,483.119
512,32,4,16,48.6083
512,32,4,32,48.6393
512,32,4,64,48.544
512,32,4,128,50.8373
512,32,4,256,53.4933
512,32,4,512,58.379
512,32,4,1024,78.059
512,32,4,2048,115.265
512,32,4,4096,171.82
512,32,4,8192,283.522
512,32,4,16384,511.652
512,32,8,16,55.638
512,32,8,32,56.0537
512,32,8,64,56.2457
512,32,8,128,60.2887
512,32,8,256,64.7047
512,32,8,512,75.0083
512,32,8,1024,107.478
512,32,8,2048,162.305
512,32,8,4096,275.628
512,32,8,8192,504.226
512,32,8,16384,970.266
512,32,16,16,69.1637
512,32,16,32,69.3447
512,32,16,64,69.601
512,32,16,128,78.496
512,32,16,256,88.2143
512,32,16,512,111.436
512,32,16,1024,179.98
512,32,16,2048,335.223
512,32,16,4096,614.041
512,32,16,8192,1197.34
512,32,16,16384,2216.87
512,32,32,16,95.1797
512,32,32,32,95.9793
512,32,32,64,96.598
512,32,32,128,114.614
512,32,32,256,134.923
512,32,32,512,218.946
512,32,32,1024,411.565
512,32,32,2048,751.076
512,32,32,4096,1400.47
512,32,32,8192,2780.64
512,32,32,16384,5921.54
512,32,64,16,145.75
512,32,64,32,147.67
512,32,64,64,149.409
512,32,64,128,186.198
512,32,64,256,255.351
512,32,64,512,484.973
512,32,64,1024,929.084
512,32,64,2048,1822.23
512,32,64,4096,3580.51
512,32,64,8192,7116.08
512,32,64,16384,14167.3
512,32,128,16,247.799
512,32,128,32,250.774
512,32,128,64,255.17
512,32,128,128,354.104
512,32,128,256,495.247
512,32,128,512,929.446
512,32,128,1024,1810.53
512,32,128,2048,3587.3
512,32,128,4096,7118.76
512,32,128,8192,14182.7
512,32,128,16384,28305.5
512,64,0,0,44.0967
512,64,1,16,43.37
512,64,1,32,43.4243
512,64,1,64,43.296
512,64,1,128,44.864
512,64,1,256,45.0133
512,64,1,512,45.9413
512,64,1,1024,59.2107
512,64,1,2048,87.126
512,64,1,4096,142.294
512,64,1,8192,253.069
512,64,1,16384,476.152
512,64,2,16,45.323
512,64,2,32,45.3657
512,64,2,64,45.547
512,64,2,128,46.2937
512,64,2,256,46.4533
512,64,2,512,49.2483
512,64,2,1024,65.6857
512,64,2,2048,92.9713
512,64,2,4096,148.609
512,64,2,8192,259.884
512,64,2,16384,483.833
512,64,4,16,48.5653
512,64,4,32,48.736
512,64,4,64,48.8217
512,64,4,128,50.9863
512,64,4,256,53.7173
512,64,4,512,58.5923
512,64,4,1024,78.379
512,64,4,2048,114.977
512,64,4,4096,172.013
512,64,4,8192,284.13
512,64,4,16384,510.201
512,64,8,16,55.9473
512,64,8,32,56.0217
512,64,8,64,56.3957
512,64,8,128,60.1817
512,64,8,256,64.8643
512,64,8,512,75.1583
512,64,8,1024,107.425
512,64,8,2048,161.43
512,64,8,4096,275.318
512,64,8,8192,505.667
512,64,8,16384,969.404
512,64,16,16,69.1843
512,64,16,32,69.1627
512,64,16,64,69.6113
512,64,16,128,78.581
512,64,16,256,88.2993
512,64,16,512,111.616
512,64,16,1024,178.625
512,64,16,2048,337.495
512,64,16,4096,614.266
512,64,16,8192,1164.43
512,64,16,16384,2202.23
512,64,32,16,94.902
512,64,32,32,95.446
512,64,32,64,96.758
512,64,32,128,114.86
512,64,32,256,134.763
512,64,32,512,221.11
512,64,32,1024,410.659
512,64,32,2048,756.357
512,64,32,4096,1412.31
512,64,32,8192,2853.46
512,64,32,16384,5846.3
512,64,64,16,145.974
512,64,64,32,147.894
512,64,64,64,149.281
512,64,64,128,186.262
512,64,64,256,256.589
512,64,64,512,485.945
512,64,64,1024,928.102
512,64,64,2048,1814.76
512,64,64,4096,3585.99
512,64,64,8192,7139.52
512,64,64,16384,14165.8
512,64,128,16,248.108
512,64,128,32,251.543
512,64,128,64,255.074
512,64,128,128,353.848
512,64,128,256,494.403
512,64,128,512,932.924
512,64,128,1024,1811.46
512,64,128,2048,3581.89
512,64,128,4096,7125.62
512,64,128,8192,14183.2
512,64,128,16384,28303.8
512,128,0,0,44.8437
512,128,1,16,45.7923
512,128,1,32,45.8887
512,128,1,64,46.0803
512,128,1,128,46.208
512,128,1,256,46.048
512,128,1,512,48.4053
512,128,1,1024,61.8993
512,128,1,2048,89.579
512,128,1,4096,144.641
512,128,1,8192,255.073
512,128,1,16384,479.801
512,128,2,16,47.4243
512,128,2,32,47.68
512,128,2,64,47.659
512,128,2,128,49.003
512,128,2,256,49.323
512,128,2,512,50.8163
512,128,2,1024,69.387
512,128,2,2048,97.451
512,128,2,4096,152.332
512,128,2,8192,263.629
512,128,2,16384,489.187
512,128,4,16,51.3177
512,128,4,32,51.0827
512,128,4,64,51.2433
512,128,4,128,53.1093
512,128,4,256,56.278
512,128,4,512,61.7603
512,128,4,1024,79.8837
512,128,4,2048,120.939
512,128,4,4096,176.684
512,128,4,8192,290.892
512,128,4,16384,515.012
512,128,8,16,58.24
512,128,8,32,58.5497
512,128,8,64,58.454
512,128,8,128,62.9013
512,128,8,256,67.8083
512,128,8,512,78.475
512,128,8,1024,111.553
512,128,8,2048,165.281
512,128,8,4096,278.647
512,128,8,8192,508.559
512,128,8,16384,971.558
512,128,16,16,71.4243
512,128,16,32,72.3413
512,128,16,64,72.2033
512,128,16,128,81.483
512,128,16,256,91.1047
512,128,16,512,113.963
512,128,16,1024,180.631
512,128,16,2048,343.575
512,128,16,4096,626.329
512,128,16,8192,1210.37
512,128,16,16384,2387.25
512,128,32,16,97.7927
512,128,32,32,98.5073
512,128,32,64,99.4143
512,128,32,128,117.579
512,128,32,256,137.825
512,128,32,512,217.419
512,128,32,1024,422.958
512,128,32,2048,775.771
512,128,32,4096,1451.78
512,128,32,8192,3098.61
512,128,32,16384,5949.03
512,128,64,16,148.822
512,128,64,32,150.636
512,128,64,64,152.033
512,128,64,128,189.985
512,128,64,256,260.631
512,128,64,512,487.576
512,128,64,1024,931.238
512,128,64,2048,1814.11
512,128,64,4096,3590.76
512,128,64,8192,7148.99
512,128,64,16384,14249
512,128,128,16,251.415
512,128,128,32,254.263
512,128,128,64,258.22
512,128,128,128,357.037
512,128,128,256,497.859
512,128,128,512,932.24
512,128,128,1024,1813.72
512,128,128,2048,3582.88
512,128,128,4096,7118.77
512,128,128,8192,14186.7
512,128,128,16384,28307.8
512,256,0,0,52.2667
512,256,1,16,52.95
512,256,1,32,53.024
512,256,1,64,52.9497
512,256,1,128,53.3337
512,256,1,256,53.3977
512,256,1,512,53.7603
512,256,1,1024,66.155
512,256,1,2048,93.558
512,256,1,4096,149.313
512,256,1,8192,258.69
512,256,1,16384,480.707
512,256,2,16,54.6347
512,256,2,32,54.6243
512,256,2,64,54.5073
512,256,2,128,55.8297
512,256,2,256,56.1713
512,256,2,512,56.6297
512,256,2,1024,75.6373
512,256,2,2048,104.065
512,256,2,4096,159.649
512,256,2,8192,270.893
512,256,2,16384,493.859
512,256,4,16,58.0267
512,256,4,32,58.4323
512,256,4,64,58.4327
512,256,4,128,60.4273
512,256,4,256,63.499
512,256,4,512,69.515
512,256,4,1024,85.3767
512,256,4,2048,131.457
512,256,4,4096,187.201
512,256,4,8192,300.087
512,256,4,16384,526.381
512,256,8,16,65.28
512,256,8,32,65.7173
512,256,8,64,65.6537
512,256,8,128,70.998
512,256,8,256,75.329
512,256,8,512,84.992
512,256,8,1024,115.084
512,256,8,2048,172.758
512,256,8,4096,285.879
512,256,8,8192,518.211
512,256,8,16384,982.791
512,256,16,16,79.328
512,256,16,32,79.4457
512,256,16,64,79.9047
512,256,16,128,89.5257
512,256,16,256,99.6377
512,256,16,512,118.903
512,256,16,1024,184.609
512,256,16,2048,356.12
512,256,16,4096,636.398
512,256,16,8192,1220.33
512,256,16,16384,2424.52
512,256,32,16,105.548
512,256,32,32,106.422
512,256,32,64,107.019
512,256,32,128,125.526
512,256,32,256,146.582
512,256,32,512,218.636
512,256,32,1024,438.787
512,256,32,2048,810.544
512,256,32,4096,1547.49
512,256,32,8192,3277.14
512,256,32,16384,6223.92
512,256,64,16,157.078
512,256,64,32,158.977
512,256,64,64,160.47
512,256,64,128,197.996
512,256,64,256,264.951
512,256,64,512,488.271
512,256,64,1024,931.035
512,256,64,2048,1817.84
512,256,64,4096,3596.46
512,256,64,8192,7167.41
512,256,64,16384,14285.6
512,256,128,16,258.509
512,256,128,32,263.084
512,256,128,64,265.954
512,256,128,128,362.232
512,256,128,256,500.58
512,256,128,512,934.576
512,256,128,1024,1816.28
512,256,128,2048,3582.06
512,256,128,4096,7129.75
512,256,128,8192,14193.5
512,256,128,16384,28320.7
512,512,0,0,66.763
512,512,1,16,66.6667
512,512,1,32,66.6993
512,512,1,64,66.8057
512,512,1,128,66.688
512,512,1,256,66.8483
512,512,1,512,67.0833
512,512,1,1024,72.9497
512,512,1,2048,101.429
512,512,1,4096,155.841
512,512,1,8192,266.7
512,512,1,16384,487.022
512,512,2,16,68.331
512,512,2,32,68.1387
512,512,2,64,68.4907
512,512,2,128,68.9927
512,512,2,256,69.7177
512,512,2,512,70.1233
512,512,2,1024,77.12
512,512,2,2048,117.985
512,512,2,4096,173.804
512,512,2,8192,284.077
512,512,2,16384,510.136
512,512,4,16,71.6163
512,512,4,32,71.6703
512,512,4,64,71.6487
512,512,4,128,73.9313
512,512,4,256,77.462
512,512,4,512,84.395
512,512,4,1024,98.593
512,512,4,2048,135.35
512,512,4,4096,208.46
512,512,4,8192,320.088
512,512,4,16384,545.208
512,512,8,16,79.3067
512,512,8,32,79.4247
512,512,8,64,79.4667
512,512,8,128,84.7153
512,512,8,256,90.422
512,512,8,512,99.083
512,512,8,1024,125.633
512,512,8,2048,189.217
512,512,8,4096,306.562
512,512,8,8192,534.137
512,512,8,16384,1014.32
512,512,16,16,93.5047
512,512,16,32,94.2833
512,512,16,64,94.678
512,512,16,128,104.118
512,512,16,256,114.998
512,512,16,512,133.836
512,512,16,1024,186.657
512,512,16,2048,378.414
512,512,16,4096,701.093
512,512,16,8192,1361.46
512,512,16,16384,2588.94
512,512,32,16,120.47
512,512,32,32,121.345
512,512,32,64,121.985
512,512,32,128,141.825
512,512,32,256,162.529
512,512,32,512,235.81
512,512,32,1024,392.984
512,512,32,2048,855.461
512,512,32,4096,1673.46
512,512,32,8192,3346.67
512,512,32,16384,6624.44
512,512,64,16,173.164
512,512,64,32,174.518
512,512,64,64,176.3
512,512,64,128,214.433
512,512,64,256,275.414
512,512,64,512,496.473
512,512,64,1024,934.49
512,512,64,2048,1824.55
512,512,64,4096,3607.94
512,512,64,8192,7174.12
512,512,64,16384,14293.9
512,512,128,16,275.244
512,512,128,32,279.063
512,512,128,64,282.743
512,512,128,128,371.928
512,512,128,256,505.337
512,512,128,512,937.509
512,512,128,1024,1817.52
512,512,128,2048,3586.25
512,512,128,4096,7130.25
512,512,128,8192,14203.4
512,512,128,16384,28339.8
512,1024,0,0,95.2647
512,1024,1,16,94.3683
512,1024,1,32,94.4537
512,1024,1,64,94.2833
512,1024,1,128,94.667
512,1024,1,256,94.6673
512,1024,1,512,94.582
512,1024,1,1024,94.4113
512,1024,1,2048,116.012
512,1024,1,4096,171.393
512,1024,1,8192,282.029
512,1024,1,16384,509.657
512,1024,2,16,95.9047
512,1024,2,32,96.1503
512,1024,2,64,96.0223
512,1024,2,128,96.7467
512,1024,2,256,97.4513
512,1024,2,512,97.1417
512,1024,2,1024,97.7173
512,1024,2,2048,134.401
512,1024,2,4096,201.548
512,1024,2,8192,312.002
512,1024,2,16384,535.428
512,1024,4,16,99.5747
512,1024,4,32,99.7227
512,1024,4,64,99.2967
512,1024,4,128,101.281
512,1024,4,256,104.577
512,1024,4,512,112.694
512,1024,4,1024,126.732
512,1024,4,2048,154.358
512,1024,4,4096,250.658
512,1024,4,8192,372.429
512,1024,4,16384,608.878
512,1024,8,16,106.731
512,1024,8,32,106.838
512,1024,8,64,106.998
512,1024,8,128,112.001
512,1024,8,256,118.358
512,1024,8,512,130.849
512,1024,8,1024,150.102
512,1024,8,2048,204.225
512,1024,8,4096,334.935
512,1024,8,8192,544.729
512,1024,8,16384,1034.14
512,1024,16,16,121.355
512,1024,16,32,121.836
512,1024,16,64,122.081
512,1024,16,128,134.006
512,1024,16,256,144.481
512,1024,16,512,164.118
512,1024,16,1024,208.023
512,1024,16,2048,388.408
512,1024,16,4096,718.896
512,1024,16,8192,1413.33
512,1024,16,16384,2912.28
512,1024,32,16,150.369
512,1024,32,32,151.137
512,1024,32,64,151.82
512,1024,32,128,171.574
512,1024,32,256,193.644
512,1024,32,512,255.085
512,1024,32,1024,348.173
512,1024,32,2048,856.155
512,1024,32,4096,1664.94
512,1024,32,8192,3360.64
512,1024,32,16384,6743.55
512,1024,64,16,203.809
512,1024,64,32,205.804
512,1024,64,64,206.817
512,1024,64,128,246.466
512,1024,64,256,301.869
512,1024,64,512,499.225
512,1024,64,1024,942.502
512,1024,64,2048,1826.57
512,1024,64,4096,3610.3
512,1024,64,8192,7176.46
512,1024,64,16384,14309.4
512,1024,128,16,307.383
512,1024,128,32,311.213
512,1024,128,64,315.095
512,1024,128,128,404.227
512,1024,128,256,518.798
512,1024,128,512,943.645
512,1024,128,1024,1825.01
512,1024,128,2048,3594.78
512,1024,128,4096,7143.92
512,1024,128,8192,14233.8
512,1024,128,16384,28354.3
512,2048,0,0,152.406
512,2048,1,16,150.23
512,2048,1,32,150.508
512,2048,1,64,150.443
512,2048,1,128,150.273
512,2048,1,256,150.252
512,2048,1,512,150.102
512,2048,1,1024,149.932
512,2048,1,2048,150.348
512,2048,1,4096,199.905
512,2048,1,8192,310.551
512,2048,1,16384,532.889
512,2048,2,16,151.564
512,2048,2,32,151.638
512,2048,2,64,152.15
512,2048,2,128,151.884
512,2048,2,256,152.438
512,2048,2,512,152.406
512,2048,2,1024,152.758
512,2048,2,2048,153.355
512,2048,2,4096,247.884
512,2048,2,8192,371.693
512,2048,2,16384,594.959
512,2048,4,16,155.084
512,2048,4,32,154.956
512,2048,4,64,155.265
512,2048,4,128,156.705
512,2048,4,256,160.332
512,2048,4,512,166.486
512,2048,4,1024,183.467
512,2048,4,2048,211.49
512,2048,4,4096,266.86
512,2048,4,8192,454.968
512,2048,4,16384,692.228
512,2048,8,16,162.454
512,2048,8,32,162.028
512,2048,8,64,162.604
512,2048,8,128,166.785
512,2048,8,256,171.927
512,2048,8,512,187.499
512,2048,8,1024,214.775
512,2048,8,2048,267.405
512,2048,8,4096,384.781
512,2048,8,8192,638.394
512,2048,8,16384,1088.72
512,2048,16,16,175.648
512,2048,16,32,175.83
512,2048,16,64,176.076
512,2048,16,128,187.18
512,2048,16,256,200.524
512,2048,16,512,224.172
512,2048,16,1024,264.29
512,2048,16,2048,355.405
512,2048,16,4096,680.729
512,2048,16,8192,1420.98
512,2048,16,16384,2923.03
512,2048,32,16,205.943
512,2048,32,32,207.127
512,2048,32,64,208.267
512,2048,32,128,230.785
512,2048,32,256,252.822
512,2048,32,512,305.431
512,2048,32,1024,450.552
512,2048,32,2048,602.467
512,2048,32,4096,1682.59
512,2048,32,8192,3330.02
512,2048,32,16384,6701.26
512,2048,64,16,263.916
512,2048,64,32,264.428
512,2048,64,64,266.615
512,2048,64,128,307.32
512,2048,64,256,363.074
512,2048,64,512,540.91
512,2048,64,1024,954.319
512,2048,64,2048,1827.15
512,2048,64,4096,3618.59
512,2048,64,8192,7182.31
512,2048,64,16384,14314.6
512,2048,128,16,370.403
512,2048,128,32,372.717
512,2048,128,64,379.299
512,2048,128,128,468.632
512,2048,128,256,575.94
512,2048,128,512,969.243
512,2048,128,1024,1842.15
512,2048,128,2048,3615.32
512,2048,128,4096,7156.36
512,2048,128,8192,14262.6
512,2048,128,16384,28392.4
512,4096,0,0,263.894
512,4096,1,16,261.314
512,4096,1,32,261.346
512,4096,1,64,261.175
512,4096,1,128,261.218
512,4096,1,256,261.569
512,4096,1,512,261.143
512,4096,1,1024,261.42
512,4096,1,2048,261.783
512,4096,1,4096,263.34
512,4096,1,8192,371.234
512,4096,1,16384,596.153
512,4096,2,16,262.989
512,4096,2,32,262.7
512,4096,2,64,263.169
512,4096,2,128,263.799
512,4096,2,256,263.564
512,4096,2,512,263.841
512,4096,2,1024,263.841
512,4096,2,2048,266.583
512,4096,2,4096,266.081
512,4096,2,8192,477.123
512,4096,2,16384,720.986
512,4096,4,16,266.455
512,4096,4,32,266.583
512,4096,4,64,266.807
512,4096,4,128,268.268
512,4096,4,256,270.934
512,4096,4,512,278.807
512,4096,4,1024,292.546
512,4096,4,2048,325.516
512,4096,4,4096,380.013
512,4096,4,8192,492.855
512,4096,4,16384,854.777
512,4096,8,16,273.473
512,4096,8,32,274.412
512,4096,8,64,273.527
512,4096,8,128,278.412
512,4096,8,256,283.521
512,4096,8,512,290.892
512,4096,8,1024,327.884
512,4096,8,2048,380.162
512,4096,8,4096,495.736
512,4096,8,8192,736.377
512,4096,8,16384,1235.59
512,4096,16,16,286.604
512,4096,16,32,287.34
512,4096,16,64,287.596
512,4096,16,128,297.026
512,4096,16,256,308.845
512,4096,16,512,335.287
512,4096,16,1024,385.741
512,4096,16,2048,464.536
512,4096,16,4096,644.707
512,4096,16,8192,1380.54
512,4096,16,16384,2758.56
512,4096,32,16,313.889
512,4096,32,32,314.604
512,4096,32,64,315.49
512,4096,32,128,337.901
512,4096,32,256,368.258
512,4096,32,512,421.741
512,4096,32,1024,557.304
512,4096,32,2048,848.603
512,4096,32,4096,1283.67
512,4096,32,8192,3346.7
512,4096,32,16384,6732.75
512,4096,64,16,375.308
512,4096,64,32,378.434
512,4096,64,64,379.128
512,4096,64,128,427.789
512,4096,64,256,484.685
512,4096,64,512,629.229
512,4096,64,1024,1025.26
512,4096,64,2048,1861.08
512,4096,64,4096,3621.07
512,4096,64,8192,7228.64
512,4096,64,16384,14301.6
512,4096,128,16,489.997
512,4096,128,32,493.987
512,4096,128,64,500.174
512,4096,128,128,591.299
512,4096,128,256,698.5
512,4096,128,512,1036.87
512,4096,128,1024,1878.68
512,4096,128,2048,3650.33
512,4096,128,4096,7203.25
512,4096,128,8192,14303.9
512,4096,128,16384,28497.7
512,8192,0,0,485.368
512,8192,1,16,482.306
512,8192,1,32,482.509
512,8192,1,64,483.118
512,8192,1,128,482.232
512,8192,1,256,483.086
512,8192,1,512,482.275
512,8192,1,1024,483.565
512,8192,1,2048,483.149
512,8192,1,4096,490.35
512,8192,1,8192,494.605
512,8192,1,16384,716.089
512,8192,2,16,484.515
512,8192,2,32,484.301
512,8192,2,64,484.28
512,8192,2,128,485.209
512,8192,2,256,484.845
512,8192,2,512,484.707
512,8192,2,1024,485.379
512,8192,2,2048,485.475
512,8192,2,4096,490.861
512,8192,2,8192,498.957
512,8192,2,16384,945.754
512,8192,4,16,487.789
512,8192,4,32,487.49
512,8192,4,64,488.002
512,8192,4,128,489.282
512,8192,4,256,492.173
512,8192,4,512,500.706
512,8192,4,1024,514.647
512,8192,4,2048,546.317
512,8192,4,4096,606.082
512,8192,4,8192,718.586
512,8192,4,16384,950.725
512,8192,8,16,494.861
512,8192,8,32,494.658
512,8192,8,64,495.235
512,8192,8,128,499.767
512,8192,8,256,503.309
512,8192,8,512,511.341
512,8192,8,1024,526.029
512,8192,8,2048,587.715
512,8192,8,4096,711.385
512,8192,8,8192,951.599
512,8192,8,16384,1436.28
512,8192,16,16,508.941
512,8192,16,32,508.408
512,8192,16,64,508.771
512,8192,16,128,519.875
512,8192,16,256,529.784
512,8192,16,512,552.44
512,8192,16,1024,600.216
512,8192,16,2048,702.67
512,8192,16,4096,875.536
512,8192,16,8192,1264.61
512,8192,16,16384,3045.01
512,8192,32,16,535.458
512,8192,32,32,536.205
512,8192,32,64,537.709
512,8192,32,128,558.018
512,8192,32,256,584.142
512,8192,32,512,648.867
512,8192,32,1024,778.265
512,8192,32,2048,1079.15
512,8192,32,4096,1670.47
512,8192,32,8192,3079.69
512,8192,32,16384,6816.16
512,8192,64,16,593.699
512,8192,64,32,596.622
512,8192,64,64,596.462
512,8192,64,128,651.171
512,8192,64,256,713.519
512,8192,64,512,844.858
512,8192,64,1024,1199.94
512,8192,64,2048,2043.67
512,8192,64,4096,3710.75
512,8192,64,8192,7212.28
512,8192,64,16384,14381.8
512,8192,128,16,719.631
512,8192,128,32,726.02
512,8192,128,64,731.876
512,8192,128,128,829.37
512,8192,128,256,935.249
512,8192,128,512,1225.43
512,8192,128,1024,2044.93
512,8192,128,2048,3753.79
512,8192,128,4096,7266.9
512,8192,128,8192,14355.3
512,8192,128,16384,28573.1
512,16384,0,0,935.824
512,16384,1,16,929.124
512,16384,1,32,930.139
512,16384,1,64,929.978
512,16384,1,128,930.234
512,16384,1,256,931.353
512,16384,1,512,928.749
512,16384,1,1024,929.66
512,16384,1,2048,929.936
512,16384,1,4096,931.44
512,16384,1,8192,958.982
512,16384,1,16384,962.074
512,16384,2,16,929.818
512,16384,2,32,930.799
512,16384,2,64,931.27
512,16384,2,128,931.237
512,16384,2,256,929.647
512,16384,2,512,930.458
512,16384,2,1024,930.384
512,16384,2,2048,931.153
512,16384,2,4096,931.29
512,16384,2,8192,954.458
512,16384,2,16384,969.254
512,16384,4,16,934.712
512,16384,4,32,934.446
512,16384,4,64,935.79
512,16384,4,128,936.207
512,16384,4,256,940.378
512,16384,4,512,947.908
512,16384,4,1024,964.058
512,16384,4,2048,992.984
512,16384,4,4096,1056.96
512,16384,4,8192,1176.74
512,16384,4,16384,1401
512,16384,8,16,941.007
512,16384,8,32,942.469
512,16384,8,64,939.923
512,16384,8,128,945.839
512,16384,8,256,949.594
512,16384,8,512,957.722
512,16384,8,1024,972.581
512,16384,8,2048,1004.55
512,16384,8,4096,1111.41
512,16384,8,8192,1382.11
512,16384,8,16384,1861.37
512,16384,16,16,956.762
512,16384,16,32,956.528
512,16384,16,64,956.902
512,16384,16,128,965.562
512,16384,16,256,977.104
512,16384,16,512,999.173
512,16384,16,1024,1047.01
512,16384,16,2048,1147.56
512,16384,16,4096,1349.97
512,16384,16,8192,1708.42
512,16384,16,16384,2640.16
512,16384,32,16,983.336
512,16384,32,32,984.177
512,16384,32,64,985.52
512,16384,32,128,1008.83
512,16384,32,256,1032.28
512,16384,32,512,1084.6
512,16384,32,1024,1215.67
512,16384,32,2048,1502.06
512,16384,32,4096,2120.62
512,16384,32,8192,3416.94
512,16384,32,16384,6126.41
512,16384,64,16,1045.58
512,16384,64,32,1048.59
512,16384,64,64,1049.18
512,16384,64,128,1096.34
512,16384,64,256,1153.4
512,16384,64,512,1299.93
512,16384,64,1024,1583.04
512,16384,64,2048,2359.99
512,16384,64,4096,4033.41
512,16384,64,8192,7444.94
512,16384,64,16384,14458.5
512,16384,128,16,1162.52
512,16384,128,32,1168.07
512,16384,128,64,1174.18
512,16384,128,128,1277.86
512,16384,128,256,1403.43
512,16384,128,512,1652.1
512,16384,128,1024,2351.04
512,16384,128,2048,4065.72
512,16384,128,4096,7474.77
512,16384,128,8192,14516.6
512,16384,128,16384,28700.9
1024,0,0,0,90.518
1024,0,1,16,91.894
1024,0,1,32,92.4063
1024,0,1,64,91.68
1024,0,1,128,92.0327
1024,0,1,256,92.9397
1024,0,1,512,94.6667
1024,0,1,1024,99.0937
1024,0,1,2048,129.739
1024,0,1,4096,184.31
1024,0,1,8192,294.583
1024,0,1,16384,520.462
1024,0,2,16,95.0087
1024,0,2,32,94.987
1024,0,2,64,94.8483
1024,0,2,128,96.6727
1024,0,2,256,96.3633
1024,0,2,512,99.0087
1024,0,2,1024,108.353
1024,0,2,2048,141.334
1024,0,2,4096,200.14
1024,0,2,8192,309.826
1024,0,2,16384,532.578
1024,0,4,16,98.048
1024,0,4,32,98.4107
1024,0,4,64,98.454
1024,0,4,128,102.273
1024,0,4,256,104.16
1024,0,4,512,109.185
1024,0,4,1024,123.212
1024,0,4,2048,165.803
1024,0,4,4096,252.428
1024,0,4,8192,365.58
1024,0,4,16384,597.389
1024,0,8,16,108.897
1024,0,8,32,109.025
1024,0,8,64,108.491
1024,0,8,128,114.315
1024,0,8,256,119.19
1024,0,8,512,128.641
1024,0,8,1024,154.902
1024,0,8,2048,244.865
1024,0,8,4096,406.583
1024,0,8,8192,663.055
1024,0,8,16384,1152.35
1024,0,16,16,128.246
1024,0,16,32,128.65
1024,0,16,64,130.198
1024,0,16,128,138.475
1024,0,16,256,149.537
1024,0,16,512,169.089
1024,0,16,1024,249.132
1024,0,16,2048,452.43
1024,0,16,4096,828.506
1024,0,16,8192,1610.69
1024,0,16,16384,3047.29
1024,0,32,16,166.209
1024,0,32,32,168.535
1024,0,32,64,166.988
1024,0,32,128,186.369
1024,0,32,256,207.052
1024,0,32,512,270.433
1024,0,32,1024,490.178
1024,0,32,2048,925.113
1024,0,32,4096,1761.3
1024,0,32,8192,3476.48
1024,0,32,16384,6900.91
1024,0,64,16,239.894
1024,0,64,32,241.804
1024,0,64,64,242.38
1024,0,64,128,281.015
1024,0,64,256,331.789
1024,0,64,512,503.352
1024,0,64,1024,953.413
1024,0,64,2048,1842.55
1024,0,64,4096,3626.35
1024,0,64,8192,7217.03
1024,0,64,16384,14364.1
1024,0,128,16,389.111
1024,0,128,32,391.629
1024,0,128,64,396.375
1024,0,128,128,491.992
1024,0,128,256,602.265
1024,0,128,512,951.611
1024,0,128,1024,1832.99
1024,0,128,2048,3611.1
1024,0,128,4096,7147
1024,0,128,8192,14232.6
1024,0,128,16384,28365.4
1024,16,0,0,97.462
1024,16,1,16,98.422
1024,16,1,32,98.8163
1024,16,1,64,99.0197
1024,16,1,128,100.086
1024,16,1,256,101.409
1024,16,1,512,102.038
1024,16,1,1024,104.874
1024,16,1,2048,134.709
1024,16,1,4096,189.441
1024,16,1,8192,300.077
1024,16,1,16384,521.112
1024,16,2,16,101.132
1024,16,2,32,100.565
1024,16,2,64,100.822
1024,16,2,128,102.795
1024,16,2,256,104.566
1024,16,2,512,106.219
1024,16,2,1024,112.896
1024,16,2,2048,147.168
1024,16,2,4096,205.964
1024,16,2,8192,316.364
1024,16,2,16384,539.608
1024,16,4,16,106.315
1024,16,4,32,106.475
1024,16,4,64,106.401
1024,16,4,128,109.558
1024,16,4,256,110.753
1024,16,4,512,115.339
1024,16,4,1024,127.958
1024,16,4,2048,170.422
1024,16,4,4096,262.199
1024,16,4,8192,374.69
1024,16,4,16384,602.788
1024,16,8,16,116.534
1024,16,8,32,117.291
1024,16,8,64,116.779
1024,16,8,128,121.27
1024,16,8,256,126.657
1024,16,8,512,135.67
1024,16,8,1024,161.025
1024,16,8,2048,249.014
1024,16,8,4096,418.916
1024,16,8,8192,670.841
1024,16,8,16384,1182.5
1024,16,16,16,135.19
1024,16,16,32,136.054
1024,16,16,64,137.078
1024,16,16,128,145.59
1024,16,16,256,156.535
1024,16,16,512,177.142
1024,16,16,1024,245.932
1024,16,16,2048,446.893
1024,16,16,4096,845.468
1024,16,16,8192,1619.56
1024,16,16,16384,3130.07
1024,16,32,16,173.473
1024,16,32,32,173.963
1024,16,32,64,174.305
1024,16,32,128,195.148
1024,16,32,256,215.894
1024,16,32,512,270.604
1024,16,32,1024,490.456
1024,16,32,2048,926.949
1024,16,32,4096,1761.82
1024,16,32,8192,3498.28
1024,16,32,16384,6946.68
1024,16,64,16,247.928
1024,16,64,32,249.238
1024,16,64,64,250.711
1024,16,64,128,288.374
1024,16,64,256,338.114
1024,16,64,512,502.456
1024,16,64,1024,951.846
1024,16,64,2048,1846.92
1024,16,64,4096,3627.11
1024,16,64,8192,7218.78
1024,16,64,16384,14362.9
1024,16,128,16,396.077
1024,16,128,32,399.479
1024,16,128,64,403.447
1024,16,128,128,496.867
1024,16,128,256,605.955
1024,16,128,512,954.032
1024,16,128,1024,1833.35
1024,16,128,2048,3605.57
1024,16,128,4096,7152.7
1024,16,128,8192,14230.4
1024,16,128,16384,28362.6
1024,32,0,0,97.899
1024,32,1,16,98.5603
1024,32,1,32,99.0833
1024,32,1,64,99.2423
1024,32,1,128,99.136
1024,32,1,256,100.513
1024,32,1,512,101.771
1024,32,1,1024,104.225
1024,32,1,2048,135.713
1024,32,1,4096,189.559
1024,32,1,8192,299.959
1024,32,1,16384,520.312
1024,32,2,16,101.483
1024,32,2,32,101.195
1024,32,2,64,101.216
1024,32,2,128,104.021
1024,32,2,256,104.619
1024,32,2,512,105.452
1024,32,2,1024,111.851
1024,32,2,2048,146.091
1024,32,2,4096,204.043
1024,32,2,8192,314.817
1024,32,2,16384,541.112
1024,32,4,16,105.825
1024,32,4,32,106.838
1024,32,4,64,107.147
1024,32,4,128,109.579
1024,32,4,256,111.467
1024,32,4,512,116.256
1024,32,4,1024,128.054
1024,32,4,2048,170.177
1024,32,4,4096,260.182
1024,32,4,8192,380.481
1024,32,4,16384,608.526
1024,32,8,16,116.662
1024,32,8,32,116.203
1024,32,8,64,117.11
1024,32,8,128,122.4
1024,32,8,256,127.553
1024,32,8,512,135.958
1024,32,8,1024,160.876
1024,32,8,2048,250.529
1024,32,8,4096,418.274
1024,32,8,8192,664.505
1024,32,8,16384,1171.22
1024,32,16,16,135.2
1024,32,16,32,136.011
1024,32,16,64,136.033
1024,32,16,128,146.401
1024,32,16,256,157.313
1024,32,16,512,176.15
1024,32,16,1024,244.215
1024,32,16,2048,454.317
1024,32,16,4096,838.639
1024,32,16,8192,1635.66
1024,32,16,16384,3085.62
1024,32,32,16,173.622
1024,32,32,32,174.657
1024,32,32,64,175.318
1024,32,32,128,194.626
1024,32,32,256,214.402
1024,32,32,512,270.284
1024,32,32,1024,492.034
1024,32,32,2048,926.063
1024,32,32,4096,1768.51
1024,32,32,8192,3475.35
1024,32,32,16384,6896.4
1024,32,64,16,247.692
1024,32,64,32,249.686
1024,32,64,64,250.167
1024,32,64,128,288.641
1024,32,64,256,338.69
1024,32,64,512,504.088
1024,32,64,1024,954.171
1024,32,64,2048,1843.44
1024,32,64,4096,3632.77
1024,32,64,8192,7214.4
1024,32,64,16384,14369.2
1024,32,128,16,396.792
1024,32,128,32,400.44
1024,32,128,64,404.087
1024,32,128,128,496.376
1024,32,128,256,606.126
1024,32,128,512,953.819
1024,32,128,1024,1836.22
1024,32,128,2048,3607.98
1024,32,128,4096,7154.69
1024,32,128,8192,14247.9
1024,32,128,16384,28376.2
1024,64,0,0,98.0907
1024,64,1,16,98.55
1024,64,1,32,98.5923
1024,64,1,64,98.987
1024,64,1,128,99.0193
1024,64,1,256,100.79
1024,64,1,512,101.59
1024,64,1,1024,104.16
1024,64,1,2048,134.582
1024,64,1,4096,191.777
1024,64,1,8192,301.665
1024,64,1,16384,525.102
1024,64,2,16,101.633
1024,64,2,32,100.95
1024,64,2,64,101.526
1024,64,2,128,102.337
1024,64,2,256,104.662
1024,64,2,512,105.644
1024,64,2,1024,112.278
1024,64,2,2048,145.814
1024,64,2,4096,204.822
1024,64,2,8192,318.295
1024,64,2,16384,542.552
1024,64,4,16,106.869
1024,64,4,32,106.283
1024,64,4,64,105.493
1024,64,4,128,108.043
1024,64,4,256,111.819
1024,64,4,512,115.969
1024,64,4,1024,129.121
1024,64,4,2048,171.19
1024,64,4,4096,261.761
1024,64,4,8192,381.089
1024,64,4,16384,601.892
1024,64,8,16,116.555
1024,64,8,32,117.324
1024,64,8,64,116.171
1024,64,8,128,121.408
1024,64,8,256,128.267
1024,64,8,512,136.704
1024,64,8,1024,160.737
1024,64,8,2048,249.346
1024,64,8,4096,416.14
1024,64,8,8192,671.119
1024,64,8,16384,1174.8
1024,64,16,16,136.897
1024,64,16,32,136.182
1024,64,16,64,138.092
1024,64,16,128,145.91
1024,64,16,256,157.217
1024,64,16,512,176.246
1024,64,16,1024,245.943
1024,64,16,2048,458.573
1024,64,16,4096,840.548
1024,64,16,8192,1648.8
1024,64,16,16384,3167.19
1024,64,32,16,173.921
1024,64,32,32,173.846
1024,64,32,64,174.892
1024,64,32,128,194.369
1024,64,32,256,214.135
1024,64,32,512,272.044
1024,64,32,1024,490.968
1024,64,32,2048,931.642
1024,64,32,4096,1765.55
1024,64,32,8192,3485.52
1024,64,32,16384,6913.97
1024,64,64,16,247.543
1024,64,64,32,248.833
1024,64,64,64,250.529
1024,64,64,128,288.876
1024,64,64,256,338.572
1024,64,64,512,502.947
1024,64,64,1024,954.459
1024,64,64,2048,1846.88
1024,64,64,4096,3631.87
1024,64,64,8192,7221.89
1024,64,64,16384,14375.3
1024,64,128,16,396.194
1024,64,128,32,399.383
1024,64,128,64,403.928
1024,64,128,128,497.112
1024,64,128,256,606.073
1024,64,128,512,956.699
1024,64,128,1024,1834.88
1024,64,128,2048,3606.64
1024,64,128,4096,7162.78
1024,64,128,8192,14235.3
1024,64,128,16384,28368
1024,128,0,0,102.88
1024,128,1,16,103.456
1024,128,1,32,103.862
1024,128,1,64,104.854
1024,128,1,128,104.289
1024,128,1,256,104.705
1024,128,1,512,106.635
1024,128,1,1024,110.23
1024,128,1,2048,139.799
1024,128,1,4096,195.158
1024,128,1,8192,305.868
1024,128,1,16384,530.243
1024,128,2,16,106.731
1024,128,2,32,106.71
1024,128,2,64,105.952
1024,128,2,128,107.073
1024,128,2,256,108.843
1024,128,2,512,112.865
1024,128,2,1024,118.635
1024,128,2,2048,151.211
1024,128,2,4096,213.132
1024,128,2,8192,324.045
1024,128,2,16384,549.325
1024,128,4,16,111.702
1024,128,4,32,112.396
1024,128,4,64,112.619
1024,128,4,128,113.632
1024,128,4,256,116.523
1024,128,4,512,122.316
1024,128,4,1024,133.473
1024,128,4,2048,175.403
1024,128,4,4096,263.874
1024,128,4,8192,391.618
1024,128,4,16384,628.963
1024,128,8,16,122.23
1024,128,8,32,121.205
1024,128,8,64,121.217
1024,128,8,128,126.646
1024,128,8,256,132.791
1024,128,8,512,142.23
1024,128,8,1024,166.337
1024,128,8,2048,254.156
1024,128,8,4096,419.789
1024,128,8,8192,687.79
1024,128,8,16384,1193.79
1024,128,16,16,140.503
1024,128,16,32,140.694
1024,128,16,64,141.334
1024,128,16,128,152.705
1024,128,16,256,161.58
1024,128,16,512,182.646
1024,128,16,1024,249.569
1024,128,16,2048,446.456
1024,128,16,4096,858.265
1024,128,16,8192,1658.35
1024,128,16,16384,3168.52
1024,128,32,16,178.913
1024,128,32,32,180.62
1024,128,32,64,180.236
1024,128,32,128,199.052
1024,128,32,256,222.177
1024,128,32,512,273.346
1024,128,32,1024,495.106
1024,128,32,2048,935.002
1024,128,32,4096,1767.42
1024,128,32,8192,3509.14
1024,128,32,16384,6957.23
1024,128,64,16,253.046
1024,128,64,32,254.22
1024,128,64,64,255.959
1024,128,64,128,294.392
1024,128,64,256,342.957
1024,128,64,512,504.152
1024,128,64,1024,955.035
1024,128,64,2048,1843.71
1024,128,64,4096,3627.95
1024,128,64,8192,7218.29
1024,128,64,16384,14376
1024,128,128,16,402.381
1024,128,128,32,405.08
1024,128,128,64,409.838
1024,128,128,128,502.222
1024,128,128,256,611.396
1024,128,128,512,956.069
1024,128,128,1024,1835
1024,128,128,2048,3609.58
1024,128,128,4096,7155.5
1024,128,128,8192,14244.1
1024,128,128,16384,28375.3
1024,256,0,0,115.329
1024,256,1,16,116.107
1024,256,1,32,116.256
1024,256,1,64,115.766
1024,256,1,128,117.932
1024,256,1,256,117.739
1024,256,1,512,119.19
1024,256,1,1024,121.612
1024,256,1,2048,149.42
1024,256,1,4096,207.383
1024,256,1,8192,316.641
1024,256,1,16384,536.142
1024,256,2,16,118.827
1024,256,2,32,119.542
1024,256,2,64,119.116
1024,256,2,128,121.601
1024,256,2,256,123.041
1024,256,2,512,125.131
1024,256,2,1024,128.438
1024,256,2,2048,161.675
1024,256,2,4096,225.931
1024,256,2,8192,333.528
1024,256,2,16384,555.725
1024,256,4,16,122.496
1024,256,4,32,123.339
1024,256,4,64,124.224
1024,256,4,128,127.488
1024,256,4,256,129.281
1024,256,4,512,134.828
1024,256,4,1024,145.216
1024,256,4,2048,187.264
1024,256,4,4096,274.615
1024,256,4,8192,412.578
1024,256,4,16384,651.502
1024,256,8,16,133.334
1024,256,8,32,134.699
1024,256,8,64,134.869
1024,256,8,128,140.928
1024,256,8,256,145.056
1024,256,8,512,153.996
1024,256,8,1024,175.978
1024,256,8,2048,249.164
1024,256,8,4096,426.605
1024,256,8,8192,695.353
1024,256,8,16384,1195.97
1024,256,16,16,154.184
1024,256,16,32,154.48
1024,256,16,64,154.076
1024,256,16,128,163.536
1024,256,16,256,175.931
1024,256,16,512,193.744
1024,256,16,1024,254.693
1024,256,16,2048,420.298
1024,256,16,4096,875.806
1024,256,16,8192,1694.06
1024,256,16,16384,3344.18
1024,256,32,16,191.92
1024,256,32,32,194.278
1024,256,32,64,192.624
1024,256,32,128,213.882
1024,256,32,256,233.828
1024,256,32,512,281.389
1024,256,32,1024,496.786
1024,256,32,2048,942.322
1024,256,32,4096,1816.39
1024,256,32,8192,3545.67
1024,256,32,16384,7047.35
1024,256,64,16,265.494
1024,256,64,32,267.972
1024,256,64,64,268.675
1024,256,64,128,308.343
1024,256,64,256,357.003
1024,256,64,512,506.771
1024,256,64,1024,956.699
1024,256,64,2048,1849.7
1024,256,64,4096,3630.35
1024,256,64,8192,7213.32
1024,256,64,16384,14377.5
1024,256,128,16,415.062
1024,256,128,32,418.251
1024,256,128,64,422.741
1024,256,128,128,512.851
1024,256,128,256,620.698
1024,256,128,512,959.835
1024,256,128,1024,1839.04
1024,256,128,2048,3610.54
1024,256,128,4096,7155.83
1024,256,128,8192,14252.2
1024,256,128,16384,28379.8
1024,512,0,0,140.061
1024,512,1,16,140.796
1024,512,1,32,141.223
1024,512,1,64,141.842
1024,512,1,128,142.685
1024,512,1,256,143.709
1024,512,1,512,144.86
1024,512,1,1024,146.567
1024,512,1,2048,168.305
1024,512,1,4096,226.81
1024,512,1,8192,337.015
1024,512,1,16384,561.116
1024,512,2,16,143.452
1024,512,2,32,144.561
1024,512,2,64,144.284
1024,512,2,128,144.284
1024,512,2,256,146.545
1024,512,2,512,150.225
1024,512,2,1024,154.791
1024,512,2,2048,181.393
1024,512,2,4096,247.961
1024,512,2,8192,358.667
1024,512,2,16384,579.889
1024,512,4,16,148.561
1024,512,4,32,148.657
1024,512,4,64,149.074
1024,512,4,128,151.825
1024,512,4,256,154.844
1024,512,4,512,160.241
1024,512,4,1024,169.339
1024,512,4,2048,208.646
1024,512,4,4096,290.18
1024,512,4,8192,468.841
1024,512,4,16384,705.997
1024,512,8,16,159.377
1024,512,8,32,157.767
1024,512,8,64,158.545
1024,512,8,128,164.465
1024,512,8,256,169.02
1024,512,8,512,180.091
1024,512,8,1024,201.093
1024,512,8,2048,260.825
1024,512,8,4096,413.301
1024,512,8,8192,755.947
1024,512,8,16384,1355.45
1024,512,16,16,177.841
1024,512,16,32,177.979
1024,512,16,64,178.79
1024,512,16,128,189.691
1024,512,16,256,201.51
1024,512,16,512,219.386
1024,512,16,1024,264.377
1024,512,16,2048,462.153
1024,512,16,4096,891.273
1024,512,16,8192,1736.43
1024,512,16,16384,3446.86
1024,512,32,16,216.122
1024,512,32,32,219.61
1024,512,32,64,219.034
1024,512,32,128,239.365
1024,512,32,256,258.617
1024,512,32,512,305.411
1024,512,32,1024,491.73
1024,512,32,2048,940.871
1024,512,32,4096,1825.05
1024,512,32,8192,3582.24
1024,512,32,16384,7125.88
1024,512,64,16,291.193
1024,512,64,32,292.345
1024,512,64,64,294.126
1024,512,64,128,333.987
1024,512,64,256,382.582
1024,512,64,512,514.952
1024,512,64,1024,958.301
1024,512,64,2048,1850.13
1024,512,64,4096,3647.4
1024,512,64,8192,7230.64
1024,512,64,16384,14385.6
1024,512,128,16,441.332
1024,512,128,32,444.597
1024,512,128,64,448.97
1024,512,128,128,537.138
1024,512,128,256,639.056
1024,512,128,512,965.256
1024,512,128,1024,1839.41
1024,512,128,2048,3624.33
1024,512,128,4096,7171.55
1024,512,128,8192,14279.9
1024,512,128,16384,28379.3
1024,1024,0,0,189.723
1024,1024,1,16,192.71
1024,1024,1,32,191.462
1024,1024,1,64,192.838
1024,1024,1,128,192.592
1024,1024,1,256,191.601
1024,1024,1,512,194.854
1024,1024,1,1024,197.094
1024,1024,1,2048,207.195
1024,1024,1,4096,266.351
1024,1024,1,8192,379.148
1024,1024,1,16384,598.823
1024,1024,2,16,194.097
1024,1024,2,32,194.576
1024,1024,2,64,193.521
1024,1024,2,128,195.024
1024,1024,2,256,197.915
1024,1024,2,512,199.664
1024,1024,2,1024,204.496
1024,1024,2,2048,220.283
1024,1024,2,4096,288.612
1024,1024,2,8192,406.614
1024,1024,2,16384,634.47
1024,1024,4,16,197.957
1024,1024,4,32,197.552
1024,1024,4,64,198.267
1024,1024,4,128,202.31
1024,1024,4,256,205.713
1024,1024,4,512,208.997
1024,1024,4,1024,217.126
1024,1024,4,2048,246.788
1024,1024,4,4096,339.416
1024,1024,4,8192,500.744
1024,1024,4,16384,778.53
1024,1024,8,16,208.08
1024,1024,8,32,207.515
1024,1024,8,64,207.686
1024,1024,8,128,214.043
1024,1024,8,256,219.835
1024,1024,8,512,231.61
1024,1024,8,1024,249.082
1024,1024,8,2048,307.022
1024,1024,8,4096,466.827
1024,1024,8,8192,795.777
1024,1024,8,16384,1490.05
1024,1024,16,16,226.938
1024,1024,16,32,229.956
1024,1024,16,64,228.506
1024,1024,16,128,237.732
1024,1024,16,256,248.239
1024,1024,16,512,269.753
1024,1024,16,1024,314.254
1024,1024,16,2048,481.353
1024,1024,16,4096,891.48
1024,1024,16,8192,1712.5
1024,1024,16,16384,3394.1
1024,1024,32,16,265.753
1024,1024,32,32,267.908
1024,1024,32,64,269.966
1024,1024,32,128,287.683
1024,1024,32,256,309.145
1024,1024,32,512,355.799
1024,1024,32,1024,512.136
1024,1024,32,2048,953.16
1024,1024,32,4096,1831.56
1024,1024,32,8192,3596.15
1024,1024,32,16384,7119.42
1024,1024,64,16,342.285
1024,1024,64,32,343.181
1024,1024,64,64,345.005
1024,1024,64,128,384.844
1024,1024,64,256,437.259
1024,1024,64,512,548.638
1024,1024,64,1024,968.884
1024,1024,64,2048,1855.12
1024,1024,64,4096,3657.08
1024,1024,64,8192,7257.64
1024,1024,64,16384,14407.6
1024,1024,128,16,492.564
1024,1024,128,32,496.148
1024,1024,128,64,501.471
1024,1024,128,128,589.437
1024,1024,128,256,684.24
1024,1024,128,512,970.302
1024,1024,128,1024,1851.83
1024,1024,128,2048,3626.85
1024,1024,128,4096,7185.74
1024,1024,128,8192,14301.8
1024,1024,128,16384,28443.4
1024,2048,0,0,300.889
1024,2048,1,16,300.643
1024,2048,1,32,300.622
1024,2048,1,64,301.422
1024,2048,1,128,304.526
1024,2048,1,256,303.203
1024,2048,1,512,303.107
1024,2048,1,1024,304.057
1024,2048,1,2048,311.332
1024,2048,1,4096,347.363
1024,2048,1,8192,465.984
1024,2048,1,16384,688.038
1024,2048,2,16,304.761
1024,2048,2,32,305.475
1024,2048,2,64,305.155
1024,2048,2,128,303.641
1024,2048,2,256,307.673
1024,2048,2,512,307.022
1024,2048,2,1024,309.678
1024,2048,2,2048,317.348
1024,2048,2,4096,363.875
1024,2048,2,8192,487.829
1024,2048,2,16384,724.464
1024,2048,4,16,307.267
1024,2048,4,32,306.222
1024,2048,4,64,305.071
1024,2048,4,128,306.862
1024,2048,4,256,306.884
1024,2048,4,512,315.427
1024,2048,4,1024,322.691
1024,2048,4,2048,330.338
1024,2048,4,4096,413.75
1024,2048,4,8192,573.031
1024,2048,4,16384,935.637
1024,2048,8,16,316.43
1024,2048,8,32,312.825
1024,2048,8,64,312.474
1024,2048,8,128,312.974
1024,2048,8,256,322.36
1024,2048,8,512,329.571
1024,2048,8,1024,353.869
1024,2048,8,2048,393.217
1024,2048,8,4096,523.125
1024,2048,8,8192,869.58
1024,2048,8,16384,1541.56
1024,2048,16,16,329.976
1024,2048,16,32,326.648
1024,2048,16,64,328.43
1024,2048,16,128,343.565
1024,2048,16,256,347.853
1024,2048,16,512,371.437
1024,2048,16,1024,411.414
1024,2048,16,2048,516.531
1024,2048,16,4096,919.082
1024,2048,16,8192,1761.64
1024,2048,16,16384,3416.92
1024,2048,32,16,366.072
1024,2048,32,32,369.591
1024,2048,32,64,370.125
1024,2048,32,128,389.548
1024,2048,32,256,408.343
1024,2048,32,512,456.501
1024,2048,32,1024,559.881
1024,2048,32,2048,898.613
1024,2048,32,4096,1764.42
1024,2048,32,8192,3624.78
1024,2048,32,16384,7140.33
1024,2048,64,16,440.705
1024,2048,64,32,442.849
1024,2048,64,64,445.526
1024,2048,64,128,485.642
1024,2048,64,256,535.752
1024,2048,64,512,637.16
1024,2048,64,1024,1006.61
1024,2048,64,2048,1876.53
1024,2048,64,4096,3703.54
1024,2048,64,8192,7306.56
1024,2048,64,16384,14469.7
1024,2048,128,16,595.293
1024,2048,128,32,598.131
1024,2048,128,64,604.221
1024,2048,128,128,692.166
1024,2048,128,256,787.065
1024,2048,128,512,1015.65
1024,2048,128,1024,1871.11
1024,2048,128,2048,3666.38
1024,2048,128,4096,7231.16
1024,2048,128,8192,14372
1024,2048,128,16384,28542.4
1024,4096,0,0,520.916
1024,4096,1,16,520.543
1024,4096,1,32,519.679
1024,4096,1,64,525.759
1024,4096,1,128,524.809
1024,4096,1,256,524.128
1024,4096,1,512,521.588
1024,4096,1,1024,520.809
1024,4096,1,2048,527.967
1024,4096,1,4096,534.004
1024,4096,1,8192,628.871
1024,4096,1,16384,850.914
1024,4096,2,16,523.583
1024,4096,2,32,523.006
1024,4096,2,64,523.337
1024,4096,2,128,525.066
1024,4096,2,256,527.604
1024,4096,2,512,527.156
1024,4096,2,1024,522.912
1024,4096,2,2048,528.158
1024,4096,2,4096,536.852
1024,4096,2,8192,639.111
1024,4096,2,16384,893.518
1024,4096,4,16,529.321
1024,4096,4,32,530.419
1024,4096,4,64,530.964
1024,4096,4,128,526.655
1024,4096,4,256,530.249
1024,4096,4,512,532.148
1024,4096,4,1024,532.138
1024,4096,4,2048,545.546
1024,4096,4,4096,549.257
1024,4096,4,8192,761.529
1024,4096,4,16384,1114.26
1024,4096,8,16,532.073
1024,4096,8,32,536.222
1024,4096,8,64,534.068
1024,4096,8,128,537.983
1024,4096,8,256,532.738
1024,4096,8,512,537.331
1024,4096,8,1024,552.936
1024,4096,8,2048,587.891
1024,4096,8,4096,670.193
1024,4096,8,8192,922.496
1024,4096,8,16384,1654.25
1024,4096,16,16,537.492
1024,4096,16,32,543.358
1024,4096,16,64,537.854
1024,4096,16,128,537.876
1024,4096,16,256,551.742
1024,4096,16,512,569.15
1024,4096,16,1024,616.093
1024,4096,16,2048,705.67
1024,4096,16,4096,921.004
1024,4096,16,8192,1739.6
1024,4096,16,16384,3424.59
1024,4096,32,16,567.06
1024,4096,32,32,573.907
1024,4096,32,64,568.67
1024,4096,32,128,586.664
1024,4096,32,256,613.97
1024,4096,32,512,657.063
1024,4096,32,1024,761.061
1024,4096,32,2048,1055.94
1024,4096,32,4096,1726.24
1024,4096,32,8192,3564.18
1024,4096,32,16384,7207.04
1024,4096,64,16,637.918
1024,4096,64,32,640.583
1024,4096,64,64,640.252
1024,4096,64,128,684.167
1024,4096,64,256,733.37
1024,4096,64,512,832.825
1024,4096,64,1024,1088.67
1024,4096,64,2048,2004.5
1024,4096,64,4096,3736.1
1024,4096,64,8192,7345.03
1024,4096,64,16384,14569.8
1024,4096,128,16,793.828
1024,4096,128,32,799.77
1024,4096,128,64,806.916
1024,4096,128,128,893.389
1024,4096,128,256,987.339
1024,4096,128,512,1191.99
1024,4096,128,1024,1928.63
1024,4096,128,2048,3714.56
1024,4096,128,4096,7318.69
1024,4096,128,8192,14442.5
1024,4096,128,16384,28814
1024,8192,0,0,964.941
1024,8192,1,16,961.824
1024,8192,1,32,960.877
1024,8192,1,64,961.248
1024,8192,1,128,962.86
1024,8192,1,256,971.543
1024,8192,1,512,969.196
1024,8192,1,1024,963.094
1024,8192,1,2048,971.841
1024,8192,1,4096,964.525
1024,8192,1,8192,971.095
1024,8192,1,16384,1190.73
1024,8192,2,16,962.593
1024,8192,2,32,964.066
1024,8192,2,64,969.996
1024,8192,2,128,970.358
1024,8192,2,256,973.164
1024,8192,2,512,968.844
1024,8192,2,1024,965.825
1024,8192,2,2048,974.881
1024,8192,2,4096,976.896
1024,8192,2,8192,989.056
1024,8192,2,16384,1212.23
1024,8192,4,16,976.747
1024,8192,4,32,975.222
1024,8192,4,64,973.111
1024,8192,4,128,967.765
1024,8192,4,256,976.181
1024,8192,4,512,968.268
1024,8192,4,1024,967.382
1024,8192,4,2048,976.428
1024,8192,4,4096,991.477
1024,8192,4,8192,1005.05
1024,8192,4,16384,1437.23
1024,8192,8,16,983.702
1024,8192,8,32,975.575
1024,8192,8,64,975.509
1024,8192,8,128,973.868
1024,8192,8,256,978.678
1024,8192,8,512,975.297
1024,8192,8,1024,980.834
1024,8192,8,2048,991.573
1024,8192,8,4096,1039.68
1024,8192,8,8192,1245.31
1024,8192,8,16384,1705.51
1024,8192,16,16,984.182
1024,8192,16,32,983.628
1024,8192,16,64,993.558
1024,8192,16,128,982.294
1024,8192,16,256,984.758
1024,8192,16,512,984.726
1024,8192,16,1024,1021.49
1024,8192,16,2048,1095.3
1024,8192,16,4096,1284.61
1024,8192,16,8192,1725.06
1024,8192,16,16384,3486.86
1024,8192,32,16,986.753
1024,8192,32,32,993.473
1024,8192,32,64,994.348
1024,8192,32,128,986.177
1024,8192,32,256,1017.09
1024,8192,32,512,1056.49
1024,8192,32,1024,1155.76
1024,8192,32,2048,1408.59
1024,8192,32,4096,2106.65
1024,8192,32,8192,3627.31
1024,8192,32,16384,7274.75
1024,8192,64,16,1044.39
1024,8192,64,32,1046.52
1024,8192,64,64,1046.21
1024,8192,64,128,1085.72
1024,8192,64,256,1129.18
1024,8192,64,512,1226.39
1024,8192,64,1024,1440.59
1024,8192,64,2048,2139.05
1024,8192,64,4096,3990.93
1024,8192,64,8192,7426.03
1024,8192,64,16384,14664.2
1024,8192,128,16,1194.44
1024,8192,128,32,1200.57
1024,8192,128,64,1204.05
1024,8192,128,128,1291.43
1024,8192,128,256,1387.67
1024,8192,128,512,1582.98
1024,8192,128,1024,2092.15
1024,8192,128,2048,3869.03
1024,8192,128,4096,7367.34
1024,8192,128,8192,14578.6
1024,8192,128,16384,28895.8
1024,16384,0,0,1863.23
1024,16384,1,16,1851.16
1024,16384,1,32,1849.64
1024,16384,1,64,1867.01
1024,16384,1,128,1862.45
1024,16384,1,256,1850.11
1024,16384,1,512,1868.71
1024,16384,1,1024,1866.93
1024,16384,1,2048,1869.16
1024,16384,1,4096,1852.74
1024,16384,1,8192,1848.96
1024,16384,1,16384,1873.58
1024,16384,2,16,1873.09
1024,16384,2,32,1871.33
1024,16384,2,64,1870.96
1024,16384,2,128,1866.03
1024,16384,2,256,1861.25
1024,16384,2,512,1868.9
1024,16384,2,1024,1870.93
1024,16384,2,2048,1870.89
1024,16384,2,4096,1855.49
1024,16384,2,8192,1873.05
1024,16384,2,16384,1889.57
1024,16384,4,16,1871.09
1024,16384,4,32,1873.15
1024,16384,4,64,1858.41
1024,16384,4,128,1871.82
1024,16384,4,256,1862.71
1024,16384,4,512,1873.51
1024,16384,4,1024,1861.07
1024,16384,4,2048,1873.25
1024,16384,4,4096,1879.33
1024,16384,4,8192,1869.15
1024,16384,4,16384,1899.5
1024,16384,8,16,1881.63
1024,16384,8,32,1868.24
1024,16384,8,64,1885.16
1024,16384,8,128,1883.41
1024,16384,8,256,1884.37
1024,16384,8,512,1885.21
1024,16384,8,1024,1883.88
1024,16384,8,2048,1886.38
1024,16384,8,4096,1901.58
1024,16384,8,8192,1965.7
1024,16384,8,16384,2375.61
1024,16384,16,16,1890.45
1024,16384,16,32,1892.42
1024,16384,16,64,1893.04
1024,16384,16,128,1900.23
1024,16384,16,256,1898.85
1024,16384,16,512,1877.66
1024,16384,16,1024,1899.93
1024,16384,16,2048,1954.34
1024,16384,16,4096,2057.46
1024,16384,16,8192,2554.32
1024,16384,16,16384,3672.55
1024,16384,32,16,1881.87
1024,16384,32,32,1881.06
1024,16384,32,64,1900.23
1024,16384,32,128,1885.89
1024,16384,32,256,1883.98
1024,16384,32,512,1889.52
1024,16384,32,1024,1992.98
1024,16384,32,2048,2138.41
1024,16384,32,4096,2721.33
1024,16384,32,8192,4137.82
1024,16384,32,16384,7320.88
1024,16384,64,16,1877.88
1024,16384,64,32,1881.72
1024,16384,64,64,1881.75
1024,16384,64,128,1881.55
1024,16384,64,256,1944.04
1024,16384,64,512,2042.56
1024,16384,64,1024,2238.89
1024,16384,64,2048,2723.98
1024,16384,64,4096,4162.56
1024,16384,64,8192,7947.52
1024,16384,64,16384,14824.9
1024,16384,128,16,2021.33
1024,16384,128,32,2019.58
1024,16384,128,64,2025.73
1024,16384,128,128,2106.36
1024,16384,128,256,2185.28
1024,16384,128,512,2382.9
1024,16384,128,1024,2805.4
1024,16384,128,2048,4167.24
1024,16384,128,4096,7619.68
1024,16384,128,8192,14731.6
1024,16384,128,16384,29081.4
2048,0,0,0,259.601
2048,0,1,16,264.017
2048,0,1,32,264.476
2048,0,1,64,263.985
2048,0,1,128,264.87
2048,0,1,256,265.584
2048,0,1,512,266.15
2048,0,1,1024,268.326
2048,0,1,2048,277.883
2048,0,1,4096,339.908
2048,0,1,8192,461.634
2048,0,1,16384,686.739
2048,0,2,16,269.862
2048,0,2,32,268.326
2048,0,2,64,267.099
2048,0,2,128,267.697
2048,0,2,256,270.47
2048,0,2,512,273.99
2048,0,2,1024,278.363
2048,0,2,2048,293.989
2048,0,2,4096,366.083
2048,0,2,8192,491.021
2048,0,2,16384,728.851
2048,0,4,16,274.854
2048,0,4,32,278.225
2048,0,4,64,277.488
2048,0,4,128,277.67
2048,0,4,256,283.462
2048,0,4,512,285.83
2048,0,4,1024,295.888
2048,0,4,2048,323.162
2048,0,4,4096,415.79
2048,0,4,8192,604.225
2048,0,4,16384,955.887
2048,0,8,16,292.101
2048,0,8,32,290.513
2048,0,8,64,293.99
2048,0,8,128,296.603
2048,0,8,256,301.723
2048,0,8,512,312.486
2048,0,8,1024,337.359
2048,0,8,2048,386.446
2048,0,8,4096,558.956
2048,0,8,8192,1017.36
2048,0,8,16384,1819.78
2048,0,16,16,320.603
2048,0,16,32,320.559
2048,0,16,64,319.833
2048,0,16,128,329.37
2048,0,16,256,342.916
2048,0,16,512,364.153
2048,0,16,1024,412.569
2048,0,16,2048,548.855
2048,0,16,4096,1018.76
2048,0,16,8192,1929.09
2048,0,16,16384,3706.81
2048,0,32,16,380.686
2048,0,32,32,386.681
2048,0,32,64,384.313
2048,0,32,128,402.201
2048,0,32,256,428.014
2048,0,32,512,472.311
2048,0,32,1024,580.908
2048,0,32,2048,1003.53
2048,0,32,4096,1941.34
2048,0,32,8192,3762.17
2048,0,32,16384,7424.17
2048,0,64,16,498.551
2048,0,64,32,499.501
2048,0,64,64,502.552
2048,0,64,128,542.69
2048,0,64,256,599.852
2048,0,64,512,697.78
2048,0,64,1024,1013.74
2048,0,64,2048,1935.22
2048,0,64,4096,3721.38
2048,0,64,8192,7305.4
2048,0,64,16384,14459.4
2048,0,128,16,738.036
2048,0,128,32,753.171
2048,0,128,64,748.925
2048,0,128,128,846.513
2048,0,128,256,937.061
2048,0,128,512,1166.83
2048,0,128,1024,1909.65
2048,0,128,2048,3669.98
2048,0,128,4096,7236.29
2048,0,128,8192,14349.9
2048,0,128,16384,28506.2
2048,16,0,0,272.337
2048,16,1,16,276.187
2048,16,1,32,277.094
2048,16,1,64,281.35
2048,16,1,128,279.825
2048,16,1,256,278.342
2048,16,1,512,279.878
2048,16,1,1024,285.905
2048,16,1,2048,289.595
2048,16,1,4096,350.565
2048,16,1,8192,468.559
2048,16,1,16384,691.562
2048,16,2,16,280.336
2048,16,2,32,281.383
2048,16,2,64,282.672
2048,16,2,128,281.488
2048,16,2,256,284.006
2048,16,2,512,286.716
2048,16,2,1024,291.142
2048,16,2,2048,306.288
2048,16,2,4096,379.919
2048,16,2,8192,507.437
2048,16,2,16384,755.286
2048,16,4,16,287.195
2048,16,4,32,287.099
2048,16,4,64,287.526
2048,16,4,128,289.414
2048,16,4,256,293.926
2048,16,4,512,296.955
2048,16,4,1024,310.992
2048,16,4,2048,336.73
2048,16,4,4096,430.479
2048,16,4,8192,621.281
2048,16,4,16384,992.208
2048,16,8,16,301.403
2048,16,8,32,302.64
2048,16,8,64,302.844
2048,16,8,128,311.707
2048,16,8,256,318.501
2048,16,8,512,324.71
2048,16,8,1024,347.056
2048,16,8,2048,399.684
2048,16,8,4096,569.591
2048,16,8,8192,1019.83
2048,16,8,16384,1852.63
2048,16,16,16,337.68
2048,16,16,32,337.263
2048,16,16,64,333.765
2048,16,16,128,343.632
2048,16,16,256,360.4
2048,16,16,512,375.791
2048,16,16,1024,420.494
2048,16,16,2048,552.385
2048,16,16,4096,1020.66
2048,16,16,8192,1947.82
2048,16,16,16384,3761.18
2048,16,32,16,398.607
2048,16,32,32,398.544
2048,16,32,64,395.567
2048,16,32,128,414.67
2048,16,32,256,442.937
2048,16,32,512,491.918
2048,16,32,1024,591.767
2048,16,32,2048,1004.36
2048,16,32,4096,1948.01
2048,16,32,8192,3767.7
2048,16,32,16384,7409.48
2048,16,64,16,511.085
2048,16,64,32,512.269
2048,16,64,64,513.997
2048,16,64,128,558.498
2048,16,64,256,608.81
2048,16,64,512,704.544
2048,16,64,1024,1015.32
2048,16,64,2048,1941.27
2048,16,64,4096,3731.98
2048,16,64,8192,7303.54
2048,16,64,16384,14473
2048,16,128,16,755.412
2048,16,128,32,764.212
2048,16,128,64,763.604
2048,16,128,128,850.194
2048,16,128,256,959.954
2048,16,128,512,1173.61
2048,16,128,1024,1914.76
2048,16,128,2048,3679.51
2048,16,128,4096,7247.45
2048,16,128,8192,14342
2048,16,128,16384,28502.3
2048,32,0,0,274.62
2048,32,1,16,277.436
2048,32,1,32,277.639
2048,32,1,64,279.377
2048,32,1,128,277.287
2048,32,1,256,278.428
2048,32,1,512,278.45
2048,32,1,1024,279.761
2048,32,1,2048,287.537
2048,32,1,4096,350.191
2048,32,1,8192,469.038
2048,32,1,16384,692.064
2048,32,2,16,281.286
2048,32,2,32,280.005
2048,32,2,64,280.902
2048,32,2,128,280.773
2048,32,2,256,283.111
2048,32,2,512,286.779
2048,32,2,1024,292.23
2048,32,2,2048,307.271
2048,32,2,4096,376.762
2048,32,2,8192,511.117
2048,32,2,16384,739.262
2048,32,4,16,287.11
2048,32,4,32,287.697
2048,32,4,64,286.3
2048,32,4,128,289.105
2048,32,4,256,292.668
2048,32,4,512,297.894
2048,32,4,1024,308.133
2048,32,4,2048,333.552
2048,32,4,4096,431.396
2048,32,4,8192,615.575
2048,32,4,16384,987.515
2048,32,8,16,304.38
2048,32,8,32,303.141
2048,32,8,64,304.251
2048,32,8,128,308.198
2048,32,8,256,318.064
2048,32,8,512,325.125
2048,32,8,1024,344.976
2048,32,8,2048,398.789
2048,32,8,4096,566.498
2048,32,8,8192,1020.26
2048,32,8,16384,1853.24
2048,32,16,16,332.741
2048,32,16,32,334.97
2048,32,16,64,334.875
2048,32,16,128,344.827
2048,32,16,256,355.099
2048,32,16,512,379.28
2048,32,16,1024,420.868
2048,32,16,2048,552.674
2048,32,16,4096,1022.99
2048,32,16,8192,1949.43
2048,32,16,16384,3767.65
2048,32,32,16,394.308
2048,32,32,32,395.183
2048,32,32,64,395.332
2048,32,32,128,415.418
2048,32,32,256,437.551
2048,32,32,512,491.151
2048,32,32,1024,580.942
2048,32,32,2048,1004.94
2048,32,32,4096,1947.03
2048,32,32,8192,3773.28
2048,32,32,16384,7423.12
2048,32,64,16,511.821
2048,32,64,32,516.195
2048,32,64,64,513.582
2048,32,64,128,554.69
2048,32,64,256,612.033
2048,32,64,512,700.628
2048,32,64,1024,1017.82
2048,32,64,2048,1941.93
2048,32,64,4096,3730.15
2048,32,64,8192,7306.14
2048,32,64,16384,14475.4
2048,32,128,16,754.943
2048,32,128,32,754.452
2048,32,128,64,761.247
2048,32,128,128,856.947
2048,32,128,256,949.746
2048,32,128,512,1176.37
2048,32,128,1024,1912.33
2048,32,128,2048,3683.1
2048,32,128,4096,7237.71
2048,32,128,8192,14347.4
2048,32,128,16384,28507.2
2048,64,0,0,271.57
2048,64,1,16,276.039
2048,64,1,32,277.254
2048,64,1,64,280.412
2048,64,1,128,276.423
2048,64,1,256,277.041
2048,64,1,512,278.876
2048,64,1,1024,281.874
2048,64,1,2048,287.419
2048,64,1,4096,350.332
2048,64,1,8192,474.286
2048,64,1,16384,700.064
2048,64,2,16,280.892
2048,64,2,32,279.729
2048,64,2,64,279.463
2048,64,2,128,283.036
2048,64,2,256,284.348
2048,64,2,512,289.478
2048,64,2,1024,296.156
2048,64,2,2048,304.369
2048,64,2,4096,375.482
2048,64,2,8192,507.395
2048,64,2,16384,742.9
2048,64,4,16,288.284
2048,64,4,32,289.542
2048,64,4,64,287.196
2048,64,4,128,292.028
2048,64,4,256,289.852
2048,64,4,512,298.736
2048,64,4,1024,310.075
2048,64,4,2048,334.854
2048,64,4,4096,424.356
2048,64,4,8192,613.996
2048,64,4,16384,976.572
2048,64,8,16,304.166
2048,64,8,32,305.691
2048,64,8,64,305.36
2048,64,8,128,308.433
2048,64,8,256,315.697
2048,64,8,512,325.073
2048,64,8,1024,347.984
2048,64,8,2048,399.397
2048,64,8,4096,567.991
2048,64,8,8192,1023.36
2048,64,8,16384,1836.36
2048,64,16,16,335.163
2048,64,16,32,337.967
2048,64,16,64,335.589
2048,64,16,128,349.648
2048,64,16,256,357.167
2048,64,16,512,376.464
2048,64,16,1024,421.029
2048,64,16,2048,552.674
2048,64,16,4096,1023.64
2048,64,16,8192,1943.78
2048,64,16,16384,3762.68
2048,64,32,16,398.266
2048,64,32,32,396.922
2048,64,32,64,396.442
2048,64,32,128,414.863
2048,64,32,256,437.412
2048,64,32,512,488.516
2048,64,32,1024,585.943
2048,64,32,2048,1006.19
2048,64,32,4096,1945.51
2048,64,32,8192,3770.2
2048,64,32,16384,7420.8
2048,64,64,16,511
2048,64,64,32,519.545
2048,64,64,64,519.075
2048,64,64,128,554.808
2048,64,64,256,611.254
2048,64,64,512,701.025
2048,64,64,1024,1019.98
2048,64,64,2048,1941.37
2048,64,64,4096,3749.13
2048,64,64,8192,7313.57
2048,64,64,16384,14468.4
2048,64,128,16,751.402
2048,64,128,32,763.647
2048,64,128,64,761.771
2048,64,128,128,853.129
2048,64,128,256,960.52
2048,64,128,512,1180.4
2048,64,128,1024,1913.7
2048,64,128,2048,3685.81
2048,64,128,4096,7246.96
2048,64,128,8192,14346.7
2048,64,128,16384,28503.8
2048,128,0,0,282.972
2048,128,1,16,287.175
2048,128,1,32,287.313
2048,128,1,64,287.526
2048,128,1,128,286.727
2048,128,1,256,287.676
2048,128,1,512,291.719
2048,128,1,1024,294.001
2048,128,1,2048,297.531
2048,128,1,4096,361.797
2048,128,1,8192,480.516
2048,128,1,16384,702.134
2048,128,2,16,290.567
2048,128,2,32,293.095
2048,128,2,64,295.313
2048,128,2,128,292.487
2048,128,2,256,296.903
2048,128,2,512,300.657
2048,128,2,1024,301.468
2048,128,2,2048,310.534
2048,128,2,4096,386.149
2048,128,2,8192,518.926
2048,128,2,16384,753.11
2048,128,4,16,297.777
2048,128,4,32,300.381
2048,128,4,64,296.667
2048,128,4,128,300.006
2048,128,4,256,306.844
2048,128,4,512,307.248
2048,128,4,1024,323.537
2048,128,4,2048,345.104
2048,128,4,4096,440.144
2048,128,4,8192,627.798
2048,128,4,16384,1016.03
2048,128,8,16,310.63
2048,128,8,32,314.097
2048,128,8,64,318.417
2048,128,8,128,319.28
2048,128,8,256,324.998
2048,128,8,512,336.07
2048,128,8,1024,356.379
2048,128,8,2048,410.543
2048,128,8,4096,576.237
2048,128,8,8192,1028.43
2048,128,8,16384,1859.57
2048,128,16,16,346.661
2048,128,16,32,341.083
2048,128,16,64,349.68
2048,128,16,128,356.977
2048,128,16,256,366.032
2048,128,16,512,391.429
2048,128,16,1024,431.257
2048,128,16,2048,558.168
2048,128,16,4096,1020.9
2048,128,16,8192,1954.58
2048,128,16,16384,3773.83
2048,128,32,16,406.287
2048,128,32,32,405.178
2048,128,32,64,411.504
2048,128,32,128,431.769
2048,128,32,256,453.785
2048,128,32,512,501.582
2048,128,32,1024,596.418
2048,128,32,2048,1007.47
2048,128,32,4096,1948.81
2048,128,32,8192,3773.43
2048,128,32,16384,7428.2
2048,128,64,16,521.827
2048,128,64,32,524.612
2048,128,64,64,530.478
2048,128,64,128,574.189
2048,128,64,256,616.098
2048,128,64,512,716.833
2048,128,64,1024,1021.64
2048,128,64,2048,1932.28
2048,128,64,4096,3730.39
2048,128,64,8192,7315.63
2048,128,64,16384,14470.4
2048,128,128,16,767.574
2048,128,128,32,771.552
2048,128,128,64,782.56
2048,128,128,128,857.589
2048,128,128,256,958.195
2048,128,128,512,1187.58
2048,128,128,1024,1920.66
2048,128,128,2048,3681.8
2048,128,128,4096,7241.06
2048,128,128,8192,14347.9
2048,128,128,16384,28508.8
2048,256,0,0,307.591
2048,256,1,16,311.015
2048,256,1,32,310.876
2048,256,1,64,311.687
2048,256,1,128,313.681
2048,256,1,256,314.961
2048,256,1,512,317.552
2048,256,1,1024,320.092
2048,256,1,2048,321.436
2048,256,1,4096,380.987
2048,256,1,8192,507.982
2048,256,1,16384,725.793
2048,256,2,16,311.996
2048,256,2,32,316.305
2048,256,2,64,317.831
2048,256,2,128,318.759
2048,256,2,256,320.636
2048,256,2,512,321.542
2048,256,2,1024,325.649
2048,256,2,2048,335.494
2048,256,2,4096,407.195
2048,256,2,8192,542.606
2048,256,2,16384,784.501
2048,256,4,16,320.849
2048,256,4,32,320.209
2048,256,4,64,322.353
2048,256,4,128,325.991
2048,256,4,256,329.969
2048,256,4,512,331.739
2048,256,4,1024,341.041
2048,256,4,2048,366.661
2048,256,4,4096,463.396
2048,256,4,8192,643.703
2048,256,4,16384,1070.77
2048,256,8,16,336.657
2048,256,8,32,340.188
2048,256,8,64,337.969
2048,256,8,128,345.574
2048,256,8,256,353.456
2048,256,8,512,356.549
2048,256,8,1024,379.953
2048,256,8,2048,429.712
2048,256,8,4096,589.901
2048,256,8,8192,1035.49
2048,256,8,16384,1874.84
2048,256,16,16,367.803
2048,256,16,32,366.117
2048,256,16,64,368.72
2048,256,16,128,377.882
2048,256,16,256,389.147
2048,256,16,512,408.293
2048,256,16,1024,459.61
2048,256,16,2048,571.875
2048,256,16,4096,1033.67
2048,256,16,8192,1966.23
2048,256,16,16384,3822.97
2048,256,32,16,427.013
2048,256,32,32,432.975
2048,256,32,64,429.062
2048,256,32,128,449.082
2048,256,32,256,470.703
2048,256,32,512,523.481
2048,256,32,1024,617.614
2048,256,32,2048,1008.61
2048,256,32,4096,1956.73
2048,256,32,8192,3779.44
2048,256,32,16384,7412.82
2048,256,64,16,551.15
2048,256,64,32,545.999
2048,256,64,64,551.109
2048,256,64,128,588.846
2048,256,64,256,644.557
2048,256,64,512,741.761
2048,256,64,1024,1033.27
2048,256,64,2048,1932.21
2048,256,64,4096,3734.97
2048,256,64,8192,7313.35
2048,256,64,16384,14475.9
2048,256,128,16,784.278
2048,256,128,32,800.406
2048,256,128,64,794.753
2048,256,128,128,892.703
2048,256,128,256,981.321
2048,256,128,512,1214.49
2048,256,128,1024,1938.96
2048,256,128,2048,3688.02
2048,256,128,4096,7241.33
2048,256,128,8192,14362.7
2048,256,128,16384,28533.7
2048,512,0,0,353.671
2048,512,1,16,356.923
2048,512,1,32,356.689
2048,512,1,64,357.585
2048,512,1,128,357.372
2048,512,1,256,356.156
2048,512,1,512,363.867
2048,512,1,1024,362.756
2048,512,1,2048,373.274
2048,512,1,4096,421.689
2048,512,1,8192,544.462
2048,512,1,16384,772.406
2048,512,2,16,362.725
2048,512,2,32,362.439
2048,512,2,64,362.694
2048,512,2,128,368.145
2048,512,2,256,369.415
2048,512,2,512,364.603
2048,512,2,1024,370.747
2048,512,2,2048,380.07
2048,512,2,4096,451.493
2048,512,2,8192,594.2
2048,512,2,16384,839.531
2048,512,4,16,366.384
2048,512,4,32,370.908
2048,512,4,64,366.821
2048,512,4,128,370.364
2048,512,4,256,372.731
2048,512,4,512,382.523
2048,512,4,1024,389.382
2048,512,4,2048,408.667
2048,512,4,4096,506.628
2048,512,4,8192,683.415
2048,512,4,16384,1133.52
2048,512,8,16,381.798
2048,512,8,32,383.376
2048,512,8,64,384.156
2048,512,8,128,386.704
2048,512,8,256,393.904
2048,512,8,512,406.768
2048,512,8,1024,429.328
2048,512,8,2048,471.524
2048,512,8,4096,615.565
2048,512,8,8192,1061.02
2048,512,8,16384,1917.06
2048,512,16,16,418.832
2048,512,16,32,416.283
2048,512,16,64,415.163
2048,512,16,128,424.357
2048,512,16,256,440.378
2048,512,16,512,462.202
2048,512,16,1024,500.89
2048,512,16,2048,607.673
2048,512,16,4096,1053.36
2048,512,16,8192,1978.25
2048,512,16,16384,3845.2
2048,512,32,16,477.573
2048,512,32,32,473.807
2048,512,32,64,474.095
2048,512,32,128,490.693
2048,512,32,256,521.871
2048,512,32,512,570.372
2048,512,32,1024,658.03
2048,512,32,2048,1013.23
2048,512,32,4096,1957.33
2048,512,32,8192,3804.34
2048,512,32,16384,7429.14
2048,512,64,16,596.388
2048,512,64,32,591.832
2048,512,64,64,599.31
2048,512,64,128,636.494
2048,512,64,256,690.766
2048,512,64,512,783.243
2048,512,64,1024,1057.64
2048,512,64,2048,1946.54
2048,512,64,4096,3743.07
2048,512,64,8192,7338.73
2048,512,64,16384,14503.7
2048,512,128,16,830.198
2048,512,128,32,834.39
2048,512,128,64,847.595
2048,512,128,128,927.114
2048,512,128,256,1035.57
2048,512,128,512,1251.14
2048,512,128,1024,1960.92
2048,512,128,2048,3702.02
2048,512,128,4096,7253.98
2048,512,128,8192,14376.4
2048,512,128,16384,28564.4
2048,1024,0,0,451.194
2048,1024,1,16,450.843
2048,1024,1,32,450.501
2048,1024,1,64,450.738
2048,1024,1,128,450.48
2048,1024,1,256,451.248
2048,1024,1,512,457.531
2048,1024,1,1024,454.992
2048,1024,1,2048,466.064
2048,1024,1,4096,502.404
2048,1024,1,8192,634.2
2048,1024,1,16384,866.582
2048,1024,2,16,457.808
2048,1024,2,32,454.918
2048,1024,2,64,453.936
2048,1024,2,128,455.877
2048,1024,2,256,455.952
2048,1024,2,512,458.65
2048,1024,2,1024,463.781
2048,1024,2,2048,475.087
2048,1024,2,4096,528.719
2048,1024,2,8192,674.264
2048,1024,2,16384,946.41
2048,1024,4,16,461.137
2048,1024,4,32,463.589
2048,1024,4,64,464.635
2048,1024,4,128,463.397
2048,1024,4,256,465.606
2048,1024,4,512,471.162
2048,1024,4,1024,484.88
2048,1024,4,2048,503.012
2048,1024,4,4096,583.151
2048,1024,4,8192,781.622
2048,1024,4,16384,1217.6
2048,1024,8,16,475.877
2048,1024,8,32,476.539
2048,1024,8,64,475.45
2048,1024,8,128,486.789
2048,1024,8,256,485.979
2048,1024,8,512,498.938
2048,1024,8,1024,518.17
2048,1024,8,2048,569.146
2048,1024,8,4096,696.205
2048,1024,8,8192,1099.62
2048,1024,8,16384,1985.93
2048,1024,16,16,504.932
2048,1024,16,32,505.561
2048,1024,16,64,504.303
2048,1024,16,128,517.284
2048,1024,16,256,527.322
2048,1024,16,512,549.626
2048,1024,16,1024,594.435
2048,1024,16,2048,689.016
2048,1024,16,4096,1070.37
2048,1024,16,8192,2004.67
2048,1024,16,16384,3865.06
2048,1024,32,16,565.935
2048,1024,32,32,573.945
2048,1024,32,64,566.638
2048,1024,32,128,586.959
2048,1024,32,256,610.138
2048,1024,32,512,656.035
2048,1024,32,1024,749.495
2048,1024,32,2048,1023.63
2048,1024,32,4096,1989.88
2048,1024,32,8192,3822.38
2048,1024,32,16384,7486.97
2048,1024,64,16,689.422
2048,1024,64,32,684.099
2048,1024,64,64,687.214
2048,1024,64,128,738.563
2048,1024,64,256,786.114
2048,1024,64,512,868.278
2048,1024,64,1024,1110.75
2048,1024,64,2048,1981.74
2048,1024,64,4096,3781.92
2048,1024,64,8192,7399.22
2048,1024,64,16384,14573.4
2048,1024,128,16,922.603
2048,1024,128,32,925.312
2048,1024,128,64,940.853
2048,1024,128,128,1031.03
2048,1024,128,256,1115.95
2048,1024,128,512,1318.65
2048,1024,128,1024,1990.85
2048,1024,128,2048,3731.36
2048,1024,128,4096,7307.71
2048,1024,128,8192,14441.8
2048,1024,128,16384,28633.4
2048,2048,0,0,632.303
2048,2048,1,16,640.527
2048,2048,1,32,638.073
2048,2048,1,64,637.561
2048,2048,1,128,639.62
2048,2048,1,256,638.105
2048,2048,1,512,640.174
2048,2048,1,1024,653.368
2048,2048,1,2048,646.542
2048,2048,1,4096,662.029
2048,2048,1,8192,797.792
2048,2048,1,16384,1047.43
2048,2048,2,16,646.98
2048,2048,2,32,639.769
2048,2048,2,64,642.436
2048,2048,2,128,641.475
2048,2048,2,256,641.269
2048,2048,2,512,636.772
2048,2048,2,1024,652.004
2048,2048,2,2048,668.407
2048,2048,2,4096,693.112
2048,2048,2,8192,850.358
2048,2048,2,16384,1130.04
2048,2048,4,16,655.513
2048,2048,4,32,651.577
2048,2048,4,64,646.67
2048,2048,4,128,657.156
2048,2048,4,256,653.24
2048,2048,4,512,664.644
2048,2048,4,1024,678.681
2048,2048,4,2048,689.443
2048,2048,4,4096,759.223
2048,2048,4,8192,939.231
2048,2048,4,16384,1326.08
2048,2048,8,16,661.454
2048,2048,8,32,666.691
2048,2048,8,64,665.529
2048,2048,8,128,662.787
2048,2048,8,256,667.917
2048,2048,8,512,680.654
2048,2048,8,1024,713.923
2048,2048,8,2048,747.393
2048,2048,8,4096,860.161
2048,2048,8,8192,1167.93
2048,2048,8,16384,2097.54
2048,2048,16,16,692.761
2048,2048,16,32,686.147
2048,2048,16,64,695.459
2048,2048,16,128,696.27
2048,2048,16,256,721.677
2048,2048,16,512,735.064
2048,2048,16,1024,783.724
2048,2048,16,2048,866.049
2048,2048,16,4096,1120.84
2048,2048,16,8192,2100.83
2048,2048,16,16384,3932.74
2048,2048,32,16,746.776
2048,2048,32,32,750.424
2048,2048,32,64,747.202
2048,2048,32,128,776.962
2048,2048,32,256,794.381
2048,2048,32,512,840.151
2048,2048,32,1024,931.158
2048,2048,32,2048,1128.01
2048,2048,32,4096,2047.96
2048,2048,32,8192,3869.72
2048,2048,32,16384,7536.19
2048,2048,64,16,872.972
2048,2048,64,32,875.276
2048,2048,64,64,872.641
2048,2048,64,128,908.692
2048,2048,64,256,964.053
2048,2048,64,512,1058.05
2048,2048,64,1024,1246.45
2048,2048,64,2048,2029.66
2048,2048,64,4096,3828.02
2048,2048,64,8192,7481.45
2048,2048,64,16384,14700.8
2048,2048,128,16,1103.44
2048,2048,128,32,1109.77
2048,2048,128,64,1120.71
2048,2048,128,128,1209.09
2048,2048,128,256,1309.36
2048,2048,128,512,1481.95
2048,2048,128,1024,2042.36
2048,2048,128,2048,3814.93
2048,2048,128,4096,7348.34
2048,2048,128,8192,14583.4
2048,2048,128,16384,28788.5
2048,4096,0,0,998.037
2048,4096,1,16,1022.43
2048,4096,1,32,1013.83
2048,4096,1,64,1013.84
2048,4096,1,128,1011.32
2048,4096,1,256,1012.6
2048,4096,1,512,1013.43
2048,4096,1,1024,1033.01
2048,4096,1,2048,1017.51
2048,4096,1,4096,1036.32
2048,4096,1,8192,1120.26
2048,4096,1,16384,1385.47
2048,4096,2,16,1026.75
2048,4096,2,32,1031.44
2048,4096,2,64,1031.5
2048,4096,2,128,1024.98
2048,4096,2,256,1020.82
2048,4096,2,512,1017.66
2048,4096,2,1024,1021.59
2048,4096,2,2048,1038.06
2048,4096,2,4096,1071.87
2048,4096,2,8192,1186.38
2048,4096,2,16384,1487.95
2048,4096,4,16,1024.46
2048,4096,4,32,1034.51
2048,4096,4,64,1022.56
2048,4096,4,128,1043.07
2048,4096,4,256,1028.82
2048,4096,4,512,1029.32
2048,4096,4,1024,1050.43
2048,4096,4,2048,1074.87
2048,4096,4,4096,1098.88
2048,4096,4,8192,1282
2048,4096,4,16384,1637.83
2048,4096,8,16,1053.72
2048,4096,8,32,1042.07
2048,4096,8,64,1051.93
2048,4096,8,128,1051.86
2048,4096,8,256,1061.24
2048,4096,8,512,1065.77
2048,4096,8,1024,1071.73
2048,4096,8,2048,1129.51
2048,4096,8,4096,1211.05
2048,4096,8,8192,1473.27
2048,4096,8,16384,2302.34
2048,4096,16,16,1079.98
2048,4096,16,32,1066.89
2048,4096,16,64,1065.71
2048,4096,16,128,1072.29
2048,4096,16,256,1089.9
2048,4096,16,512,1112.8
2048,4096,16,1024,1164.8
2048,4096,16,2048,1249.74
2048,4096,16,4096,1426.18
2048,4096,16,8192,2217.44
2048,4096,16,16384,4132.59
2048,4096,32,16,1119.3
2048,4096,32,32,1130.03
2048,4096,32,64,1122.88
2048,4096,32,128,1147.32
2048,4096,32,256,1158.95
2048,4096,32,512,1216.69
2048,4096,32,1024,1317.77
2048,4096,32,2048,1490.11
2048,4096,32,4096,2124.51
2048,4096,32,8192,4023.37
2048,4096,32,16384,7658.24
2048,4096,64,16,1242.77
2048,4096,64,32,1233.61
2048,4096,64,64,1233.64
2048,4096,64,128,1270.29
2048,4096,64,256,1341.29
2048,4096,64,512,1432.94
2048,4096,64,1024,1616.66
2048,4096,64,2048,2097.35
2048,4096,64,4096,4004.64
2048,4096,64,8192,7595.35
2048,4096,64,16384,14915
2048,4096,128,16,1495.89
2048,4096,128,32,1491.46
2048,4096,128,64,1479.89
2048,4096,128,128,1575.8
2048,4096,128,256,1679.44
2048,4096,128,512,1870.53
2048,4096,128,1024,2240.82
2048,4096,128,2048,3928.45
2048,4096,128,4096,7595.33
2048,4096,128,8192,14702.3
2048,4096,128,16384,29105.4
2048,8192,0,0,1802.84
2048,8192,1,16,1806.07
2048,8192,1,32,1816.96
2048,8192,1,64,1783.03
2048,8192,1,128,1803.32
2048,8192,1,256,1819.92
2048,8192,1,512,1799.5
2048,8192,1,1024,1804.47
2048,8192,1,2048,1817.39
2048,8192,1,4096,1820.4
2048,8192,1,8192,1834.87
2048,8192,1,16384,2042.58
2048,8192,2,16,1798.73
2048,8192,2,32,1826.23
2048,8192,2,64,1803.84
2048,8192,2,128,1803.87
2048,8192,2,256,1803.75
2048,8192,2,512,1801.82
2048,8192,2,1024,1828.9
2048,8192,2,2048,1819.45
2048,8192,2,4096,1808.9
2048,8192,2,8192,1861.83
2048,8192,2,16384,2112.08
2048,8192,4,16,1842.98
2048,8192,4,32,1819.93
2048,8192,4,64,1829.29
2048,8192,4,128,1819.13
2048,8192,4,256,1842.32
2048,8192,4,512,1833.08
2048,8192,4,1024,1836.47
2048,8192,4,2048,1811.78
2048,8192,4,4096,1867.36
2048,8192,4,8192,1921.06
2048,8192,4,16384,2324.08
2048,8192,8,16,1827.37
2048,8192,8,32,1851.54
2048,8192,8,64,1833.26
2048,8192,8,128,1837.24
2048,8192,8,256,1838.7
2048,8192,8,512,1839.27
2048,8192,8,1024,1847.58
2048,8192,8,2048,1878.38
2048,8192,8,4096,1966.22
2048,8192,8,8192,2140.59
2048,8192,8,16384,2681.78
2048,8192,16,16,1848.95
2048,8192,16,32,1866.89
2048,8192,16,64,1846.94
2048,8192,16,128,1866.4
2048,8192,16,256,1877.01
2048,8192,16,512,1901.59
2048,8192,16,1024,1898.04
2048,8192,16,2048,1972.63
2048,8192,16,4096,2192.45
2048,8192,16,8192,2630.72
2048,8192,16,16384,4429.03
2048,8192,32,16,1909.28
2048,8192,32,32,1878
2048,8192,32,64,1893.89
2048,8192,32,128,1902.39
2048,8192,32,256,1943.41
2048,8192,32,512,1983.87
2048,8192,32,1024,2058.97
2048,8192,32,2048,2218.98
2048,8192,32,4096,2740.37
2048,8192,32,8192,4211.8
2048,8192,32,16384,7982.57
2048,8192,64,16,1981.56
2048,8192,64,32,1996.97
2048,8192,64,64,1989.6
2048,8192,64,128,2039
2048,8192,64,256,2043.24
2048,8192,64,512,2170.98
2048,8192,64,1024,2316.64
2048,8192,64,2048,2813.86
2048,8192,64,4096,4180.05
2048,8192,64,8192,7927.15
2048,8192,64,16384,14977.8
2048,8192,128,16,2247.1
2048,8192,128,32,2202.24
2048,8192,128,64,2223.57
2048,8192,128,128,2323.49
2048,8192,128,256,2394.24
2048,8192,128,512,2584.83
2048,8192,128,1024,2955.16
2048,8192,128,2048,3981.73
2048,8192,128,4096,7871.79
2048,8192,128,8192,15047.4
2048,8192,128,16384,29331.8
2048,16384,0,0,3393.77
2048,16384,1,16,3415.05
2048,16384,1,32,3407.17
2048,16384,1,64,3428.82
2048,16384,1,128,3429.78
2048,16384,1,256,3395.18
2048,16384,1,512,3419.95
2048,16384,1,1024,3426.26
2048,16384,1,2048,3394.22
2048,16384,1,4096,3384.86
2048,16384,1,8192,3395.13
2048,16384,1,16384,3423.51
2048,16384,2,16,3412.38
2048,16384,2,32,3427.5
2048,16384,2,64,3415.43
2048,16384,2,128,3395.62
2048,16384,2,256,3398.25
2048,16384,2,512,3388.48
2048,16384,2,1024,3393.87
2048,16384,2,2048,3408.81
2048,16384,2,4096,3410.61
2048,16384,2,8192,3444.56
2048,16384,2,16384,3470.37
2048,16384,4,16,3402.27
2048,16384,4,32,3407.04
2048,16384,4,64,3413.4
2048,16384,4,128,3390.9
2048,16384,4,256,3428.27
2048,16384,4,512,3462.93
2048,16384,4,1024,3436.51
2048,16384,4,2048,3453.93
2048,16384,4,4096,3462.32
2048,16384,4,8192,3473.03
2048,16384,4,16384,3512.06
2048,16384,8,16,3432.47
2048,16384,8,32,3414.47
2048,16384,8,64,3428.01
2048,16384,8,128,3420.47
2048,16384,8,256,3425.58
2048,16384,8,512,3428.31
2048,16384,8,1024,3435.62
2048,16384,8,2048,3458.06
2048,16384,8,4096,3494.78
2048,16384,8,8192,3661.15
2048,16384,8,16384,3971.28
2048,16384,16,16,3477.46
2048,16384,16,32,3430.31
2048,16384,16,64,3428.46
2048,16384,16,128,3457.06
2048,16384,16,256,3449.34
2048,16384,16,512,3439.33
2048,16384,16,1024,3465.55
2048,16384,16,2048,3563.21
2048,16384,16,4096,3696.95
2048,16384,16,8192,4086.31
2048,16384,16,16384,5021.85
2048,16384,32,16,3486.95
2048,16384,32,32,3468.3
2048,16384,32,64,3484.86
2048,16384,32,128,3497.71
2048,16384,32,256,3482.91
2048,16384,32,512,3525.28
2048,16384,32,1024,3656.75
2048,16384,32,2048,3758.28
2048,16384,32,4096,4087.05
2048,16384,32,8192,5232.97
2048,16384,32,16384,8427.48
2048,16384,64,16,3551.19
2048,16384,64,32,3504.5
2048,16384,64,64,3498.42
2048,16384,64,128,3561.42
2048,16384,64,256,3581.43
2048,16384,64,512,3692.56
2048,16384,64,1024,3810.3
2048,16384,64,2048,4274.79
2048,16384,64,4096,5544.07
2048,16384,64,8192,8353.05
2048,16384,64,16384,15624.9
2048,16384,128,16,3740.29
2048,16384,128,32,3742.54
2048,16384,128,64,3774.79
2048,16384,128,128,3821.31
2048,16384,128,256,3850.07
2048,16384,128,512,4085.14
2048,16384,128,1024,4495.17
2048,16384,128,2048,5441.12
2048,16384,128,4096,8186.71
2048,16384,128,8192,15668.2
2048,16384,128,16384,29984.6
